author;author_type;url;location;deal_type;accommodation_type;floor;floors_count;rooms_count;total_meters;price;district;street;house_number;underground;residential_complex
Петербургская Недвижимость;representative_developer;https://spb.cian.ru/sale/flat/298769328/;Санкт-Петербург;sale;flat;3;12;2;52.91;15950301;Невский;Невская застава;;Елизаровская;Астра Континенталь ЖК
МетрУМ;real_estate_agent;https://spb.cian.ru/sale/flat/289871014/;Санкт-Петербург;sale;flat;1;6;2;76.0;54999000;Петроградский;Петровский проспект;2с2;Спортивная;"Элитный комплекс ""ROYAL PARK"""
ЛСР Санкт-Петербург;developer;https://spb.cian.ru/sale/flat/294545152/;Санкт-Петербург;sale;flat;6;8;2;57.47;20143235;Петроградский;Петровский;;Чкаловская;Нева Резиденс ЖК
ЦН КВАДРАТ;real_estate_agent;https://spb.cian.ru/sale/flat/295652549/;Санкт-Петербург;sale;flat;7;10;2;60.0;27000000;Петроградский;Аптекарский проспект;18;Петроградская;Skandi Klubb
RBI;developer;https://spb.cian.ru/sale/flat/295855498/;Санкт-Петербург;sale;flat;5;16;2;57.5;14564624;Выборгский;Шувалово-Озерки;;Проспект Просвещения;Струны
NF GROUP  St Petersburg;real_estate_agent;https://spb.cian.ru/sale/flat/299243368/;Санкт-Петербург;sale;flat;5;6;2;86.1;50004000;Центральный;Захарьевская ;41;Чернышевская;
GloraX;developer;https://spb.cian.ru/sale/flat/292590423/;Санкт-Петербург;sale;flat;4;15;2;43.1;13129999;Красногвардейский;переулок Уткин;;;Апарт-отель GloraX Заневский
House Estate;real_estate_agent;https://spb.cian.ru/sale/flat/298588030/;Санкт-Петербург;sale;flat;4;8;2;65.77;26000000;Петроградский;Ремесленная ;17;Василеостровская;
Sun Development;developer;https://spb.cian.ru/sale/flat/293435884/;Санкт-Петербург;sale;flat;2;7;2;65.36;21061933;Василеостровский;11-я Васильевского острова линия;56;Василеостровская;Клубный дом Monodom Line
ID 101178389;homeowner;https://spb.cian.ru/sale/flat/285396474/;Санкт-Петербург;sale;flat;23;23;2;51.3;11400000;Невский; Славянская;8;Рыбацкое;Живи! в Рыбацком
LEGENDA Intelligent Development;developer;https://spb.cian.ru/sale/flat/299465505/;Санкт-Петербург;sale;flat;2;12;2;59.2;19269600;Выборгский;Сампсониевское;;Выборгская;Сампсониевский 32
ЦН КВАДРАТ;real_estate_agent;https://spb.cian.ru/sale/flat/297470518/;Санкт-Петербург;sale;flat;7;7;2;94.5;39500000;Петроградский;Малая Разночинная ;10;;Биография
Лидер Групп;developer;https://spb.cian.ru/sale/flat/297419301/;Санкт-Петербург;sale;flat;14;23;2;77.18;21533220;Московский;Гагаринское;;;Дефанс ЖК
ЦН КВАДРАТ;real_estate_agent;https://spb.cian.ru/sale/flat/298974299/;Санкт-Петербург;sale;flat;12;13;2;52.0;10990000;Приморский;проспект Авиаконструкторов;61;Комендантский проспект;Полис Приморский
Лидер Групп;developer;https://spb.cian.ru/sale/flat/297419298/;Санкт-Петербург;sale;flat;14;23;2;75.62;21097980;Московский;Гагаринское;;;Дефанс ЖК
ЦН КВАДРАТ;real_estate_agent;https://spb.cian.ru/sale/flat/299283976/;Санкт-Петербург;sale;flat;7;14;2;58.0;21000000;Приморский;Белоостровская ;10к1;Лесная;ЦДС Черная речка
Лидер Групп;developer;https://spb.cian.ru/sale/flat/297419295/;Санкт-Петербург;sale;flat;16;23;2;74.84;20543580;Московский;Гагаринское;;;Дефанс ЖК
NF GROUP  St Petersburg;real_estate_agent;https://spb.cian.ru/sale/flat/299568156/;Санкт-Петербург;sale;flat;7;8;2;107.7;53000000;Приморский;Приморский проспект;78к4;Беговая;
Лидер Групп;developer;https://spb.cian.ru/sale/flat/297419303/;Санкт-Петербург;sale;flat;15;23;2;83.15;23947200;Московский;Гагаринское;;;Дефанс ЖК
ЦН КВАДРАТ;real_estate_agent;https://spb.cian.ru/sale/flat/295684966/;Санкт-Петербург;sale;flat;3;5;2;48.4;9690000;Выборгский;Дрезденская ;4;Удельная;
GloraX;developer;https://spb.cian.ru/sale/flat/279351684/;Санкт-Петербург;sale;flat;10;14;2;58.17;19019999;Красногвардейский;проспект Энергетиков;2;;GloraX Заневский
Престиж;real_estate_agent;https://spb.cian.ru/sale/flat/293338134/;Санкт-Петербург;sale;flat;12;12;2;79.9;24000000;Приморский;проспект Авиаконструкторов;54;Комендантский проспект;Modum
LEGENDA Intelligent Development;developer;https://spb.cian.ru/sale/flat/299636365/;Санкт-Петербург;sale;flat;2;11;2;71.87;24359720;Красногвардейский; Стахановцев;1;Новочеркасская;Малоохтинский, 68
BE HOME;real_estate_agent;https://spb.cian.ru/sale/flat/294216272/;Санкт-Петербург;sale;flat;3;8;2;79.6;42500000;Центральный;Кирочная ;31к2;Чернышевская;Радищева 39
LEGENDA Intelligent Development;developer;https://spb.cian.ru/sale/flat/299451114/;Санкт-Петербург;sale;flat;3;23;2;124.4;40193640;Выборгский;аллея Академика Лихачева;7;Площадь Мужества;Институтский, 16
Огни Города;real_estate_agent;https://spb.cian.ru/sale/flat/297860705/;Санкт-Петербург;sale;flat;4;5;2;51.5;15500000;Василеостровский;Гаванская ;7;Василеостровская;
РСТИ;developer;https://spb.cian.ru/sale/flat/293496486/;Санкт-Петербург;sale;flat;6;8;2;68.9;29137942;Петроградский;Петровский проспект;22к2;Крестовский остров;Familia
Павел Пресняков;realtor;https://spb.cian.ru/sale/flat/298710770/;Санкт-Петербург;sale;flat;7;11;2;76.5;22500000;Василеостровский;набережная Реки Смоленки;3к2;Спортивная;Самоцветы
GloraX;developer;https://spb.cian.ru/sale/flat/299481464/;Санкт-Петербург;sale;flat;2;9;2;59.87;17009999;Адмиралтейский; Шкапина;43-45;Балтийская;GloraX Балтийская
Престиж;real_estate_agent;https://spb.cian.ru/sale/flat/297411594/;Санкт-Петербург;sale;flat;11;18;2;65.5;16600000;Василеостровский;Морская набережная;37к1Б;Приморская;
Сенатор;developer;https://spb.cian.ru/sale/flat/289388356/;Санкт-Петербург;sale;flat;5;12;2;46.0;16826400;Курортный;Приморское шоссе;570Л;;МФК Морская ривьера
Гранит Инвест;real_estate_agent;https://spb.cian.ru/sale/flat/299178610/;Санкт-Петербург;sale;flat;3;11;2;45.9;14458500;Приморский;Фермское шоссе;12Б;Удельная;
РСТИ;developer;https://spb.cian.ru/sale/flat/295858733/;Санкт-Петербург;sale;flat;2;9;2;49.64;11676359;Красносельский; Тамбасова;5;Проспект Ветеранов;Кинопарк
Барокко;real_estate_agent;https://spb.cian.ru/sale/flat/291444345/;Санкт-Петербург;sale;flat;4;13;2;43.0;16200000;Василеостровский; Беринга;27к6;Приморская;Дом на Васильевском
Рикэл;developer;https://spb.cian.ru/sale/flat/292061881/;Санкт-Петербург;sale;flat;5;25;2;78.7;14402100;Калининский;Светлановский проспект;121к1;Гражданский проспект;Эврика
ID 113421366;homeowner;https://spb.cian.ru/sale/flat/298701825/;Санкт-Петербург;sale;flat;7;17;2;74.5;17890000;Василеостровский; Нахимова;20;Приморская;
ГлавстройСПб;developer;https://spb.cian.ru/sale/flat/297361093/;Санкт-Петербург;sale;flat;17;24;2;53.8;9221320;Приморский; Ивинская;19к1;Комендантский проспект;Юнтолово
House Estate;real_estate_agent;https://spb.cian.ru/sale/flat/298654211/;Санкт-Петербург;sale;flat;3;5;2;42.6;7990000;Московский;Благодатная ;29;Электросила;
Балтийская коммерция;developer;https://spb.cian.ru/sale/flat/273852684/;Санкт-Петербург;sale;flat;2;9;2;87.9;32399940;Петроградский; Малая Зеленина;;Чкаловская;Квадрия
NF GROUP  St Petersburg;real_estate_agent;https://spb.cian.ru/sale/flat/299243370/;Санкт-Петербург;sale;flat;2;7;2;69.9;20131000;Адмиралтейский;Галерная ;40;Адмиралтейская;Голландия
GloraX;developer;https://spb.cian.ru/sale/flat/286919314/;Санкт-Петербург;sale;flat;4;19;2;59.95;15599999;Василеостровский;Морской;;;Глоракс Премиум Василеостровский ЖК
NF GROUP  St Petersburg;real_estate_agent;https://spb.cian.ru/sale/flat/299568164/;Санкт-Петербург;sale;flat;3;3;2;81.9;45000000;Центральный;набережная Реки Фонтанки;47;;
AAG;developer;https://spb.cian.ru/sale/flat/298529997/;Санкт-Петербург;sale;flat;3;8;2;68.34;30076946;Петроградский;Пионерская ;53;Чкаловская;Avant
ID 34997390;unknown;https://spb.cian.ru/sale/flat/298484165/;Санкт-Петербург;sale;flat;3;11;2;77.0;43900000;Петроградский;Петровский проспект;11к3;Спортивная;Neva Haus
Петербургская Недвижимость;representative_developer;https://spb.cian.ru/sale/flat/296753925/;Санкт-Петербург;sale;flat;5;8;2;64.9;27160650;Петроградский;Петровский проспект;28к2;Крестовский остров;Grand View
NF GROUP  St Petersburg;real_estate_agent;https://spb.cian.ru/sale/flat/299243373/;Санкт-Петербург;sale;flat;4;8;2;70.0;32000000;Петроградский;Петровский проспект;22к2;Крестовский остров;Familia
AAG;developer;https://spb.cian.ru/sale/flat/298322119/;Санкт-Петербург;sale;flat;2;9;2;76.98;25522693;Красногвардейский; Помяловского;;Новочеркасская;Akzent
BE HOME;real_estate_agent;https://spb.cian.ru/sale/flat/294764537/;Санкт-Петербург;sale;flat;5;15;2;57.3;24500000;Красногвардейский;Магнитогорская ;3к2;Новочеркасская;Magnifika Lifestyle
AAG;developer;https://spb.cian.ru/sale/flat/298267682/;Санкт-Петербург;sale;flat;3;7;2;52.13;29338861;Василеостровский;Васильевский;;Василеостровская;Amo
Анна Константинова;realtor;https://spb.cian.ru/sale/flat/298759184/;Санкт-Петербург;sale;flat;3;17;2;65.7;15300000;Московский;Варшавская ;19к2;Электросила;
Унистрой;developer;https://spb.cian.ru/sale/flat/277296427/;Санкт-Петербург;sale;flat;5;10;2;67.6;20720000;Красногвардейский;Большая Охта;;Площадь Ленина;Юпоинт ЖК
ID 22527112;homeowner;https://spb.cian.ru/sale/flat/295371498/;Санкт-Петербург;sale;flat;4;14;2;73.5;16900000;Московский;Черниговская ;17;Фрунзенская;Квартал Che
Петербургская Недвижимость;representative_developer;https://spb.cian.ru/sale/flat/296753885/;Санкт-Петербург;sale;flat;2;8;2;70.0;22400000;Петроградский;Петровский проспект;24к2;;Петровский квартал на воде
Престиж;real_estate_agent;https://spb.cian.ru/sale/flat/277111225/;Санкт-Петербург;sale;flat;13;19;2;65.0;12590000;Василеостровский; Вадима Шефнера;10к1;Приморская;"Светлый мир ""Я-романтик"""
Петербургская Недвижимость;representative_developer;https://spb.cian.ru/sale/flat/296753480/;Санкт-Петербург;sale;flat;3;6;2;72.3;40343400;Московский; Гастелло;7;Московская;Victory Plaza
BEYOND. ex-Engel  Volkers;real_estate_agent;https://spb.cian.ru/sale/flat/285457456/;Санкт-Петербург;sale;flat;3;10;2;78.8;37400000;Центральный;Кирочная ;70;Чернышевская;Монополист
Красная стрела;developer;https://spb.cian.ru/sale/flat/268560182/;Санкт-Петербург;sale;flat;7;7;2;54.7;27000000;Адмиралтейский;Звенигородская ;7к2;Звенигородская;Артхаус
BEYOND. ex-Engel  Volkers;real_estate_agent;https://spb.cian.ru/sale/flat/295476817/;Санкт-Петербург;sale;flat;4;4;2;89.0;84500000;Центральный;Гагаринская ;1/24;;
RBI;developer;https://spb.cian.ru/sale/flat/299131882/;Санкт-Петербург;sale;flat;3;14;2;48.7;16000000;Фрунзенский;Волковское;;Волковская;Аэронавт ЖК
BEYOND. ex-Engel  Volkers;real_estate_agent;https://spb.cian.ru/sale/flat/297371569/;Санкт-Петербург;sale;flat;4;6;2;76.6;37103093;Петроградский;Петровский проспект;2с2;;"Элитный комплекс ""ROYAL PARK"""
RBI;developer;https://spb.cian.ru/sale/flat/299131450/;Санкт-Петербург;sale;flat;4;9;2;70.6;28595965;Центральный;Лиговка-Ямская;;Площадь Восстания;Миръ
BEYOND. ex-Engel  Volkers;real_estate_agent;https://spb.cian.ru/sale/flat/287440982/;Санкт-Петербург;sale;flat;1;4;2;111.3;127666888;Петроградский;1-я Березовая аллея;7;;Резиденция на Каменном
GloraX;developer;https://spb.cian.ru/sale/flat/279506976/;Санкт-Петербург;sale;flat;3;20;2;86.4;22339999;Василеостровский; Челюскина;8;;Golden City
BEYOND. ex-Engel  Volkers;real_estate_agent;https://spb.cian.ru/sale/flat/297720134/;Санкт-Петербург;sale;flat;4;6;2;77.0;38134021;Петроградский;Петровский проспект;2с2;;"Элитный комплекс ""ROYAL PARK"""
ГлавстройСПб;developer;https://spb.cian.ru/sale/flat/298977566/;Санкт-Петербург;sale;flat;3;23;2;50.14;8772153;Приморский; Ивинская;1к2;Зенит;ПАРК-КВАРТАЛ Юнтолово
House Estate;real_estate_agent;https://spb.cian.ru/sale/flat/293810985/;Санкт-Петербург;sale;flat;23;25;2;59.2;7210000;Выборгский; Тихоокеанская;1к2;Проспект Просвещения;в Парголово
Петербургская Строительная Компания;developer;https://spb.cian.ru/sale/flat/284740254/;Санкт-Петербург;sale;flat;3;7;2;59.2;23680000;Петроградский;набережная Реки Карповки;31к2;Петроградская;Северная Корона
BEYOND. ex-Engel  Volkers;real_estate_agent;https://spb.cian.ru/sale/flat/292047743/;Санкт-Петербург;sale;flat;1;5;2;101.6;84858453;Петроградский;набережная Гребного канала;1;Крестовский остров;"Комплекс резиденций ""Императорский Яхтъ-клуб"""
ГлавстройСПб;developer;https://spb.cian.ru/sale/flat/297361356/;Санкт-Петербург;sale;flat;25;27;2;44.0;9760212;Выборгский;проезд Толубеевский;34к2;;Северная долина
Ринкон;real_estate_agent;https://spb.cian.ru/sale/flat/294840766/;Санкт-Петербург;sale;flat;2;13;2;53.7;6200000;Пушкинский;Московское шоссе;286;Шушары;
LEGENDA Development;developer;https://spb.cian.ru/sale/flat/297998111/;Санкт-Петербург;sale;flat;6;9;2;58.76;23766070;Приморский;Чёрная речка;;Черная речка;Черная речка, 41
BR Group;real_estate_agent;https://spb.cian.ru/sale/flat/293609105/;Санкт-Петербург;sale;flat;4;9;2;45.9;9700000;Калининский; Черкасова;4К1;Гражданский проспект;
GloraX;developer;https://spb.cian.ru/sale/flat/299606501/;Санкт-Петербург;sale;flat;8;18;2;48.97;14209999;Василеостровский;Морской;;;Глоракс Василеостровский ЖК
BR Group;real_estate_agent;https://spb.cian.ru/sale/flat/292459289/;Санкт-Петербург;sale;flat;4;5;2;37.0;7295000;Фрунзенский;Будапештская ;40к1;Проспект Славы;
Красная Стрела;developer;https://spb.cian.ru/sale/flat/298270928/;Санкт-Петербург;sale;flat;4;9;2;64.6;20546283;Василеостровский;7-я Васильевского острова линия;84;Василеостровская;Регенбоген
DealEstate;real_estate_agent;https://spb.cian.ru/sale/flat/296307739/;Санкт-Петербург;sale;flat;8;25;2;70.0;27900000;Выборгский;Большой Сампсониевский проспект;4-6;Площадь Ленина;
Балтийская коммерция;developer;https://spb.cian.ru/sale/flat/296517684/;Санкт-Петербург;sale;flat;4;9;2;58.16;22100800;Петроградский;Петроградская набережная;38;Горьковская;Мануфактура James Beck
МетрУМ;real_estate_agent;https://spb.cian.ru/sale/flat/297228540/;Санкт-Петербург;sale;flat;3;5;2;71.3;39950000;Курортный; Максима Горького;2Ас3;;Russian seasons
Базис;developer;https://spb.cian.ru/sale/flat/295734467/;Санкт-Петербург;sale;flat;11;12;2;58.6;20510000;Приморский;Белоостровская ;7;Лесная;Белый остров
BR Group;real_estate_agent;https://spb.cian.ru/sale/flat/293974978/;Санкт-Петербург;sale;flat;5;5;2;57.14;8650000;Петродворцовый; Парковая;14к2;Проспект Ветеранов;Новый Петергоф
Петербургская Недвижимость;representative_developer;https://spb.cian.ru/sale/flat/295123205/;Санкт-Петербург;sale;flat;2;6;2;56.31;18000026;Василеостровский;Уральская ;;Василеостровская;Amber Club
ID 28311522;realtor;https://spb.cian.ru/sale/flat/295993227/;Санкт-Петербург;sale;flat;13;13;2;55.0;24000000;Красногвардейский;Пискаревский проспект;1;Площадь Ленина;Четыре горизонта
Петербургская Строительная Компания;developer;https://spb.cian.ru/sale/flat/293263988/;Санкт-Петербург;sale;flat;2;9;2;62.59;23608848;Центральный;проспект Бакунина;;Площадь Александра Невского;Bakunina 33
Адвекс;real_estate_agent;https://spb.cian.ru/sale/flat/299165441/;Санкт-Петербург;sale;flat;6;10;2;60.1;12500000;Фрунзенский;Бухарестская ;156к1;Дунайская;
AAG;developer;https://spb.cian.ru/sale/flat/298267765/;Санкт-Петербург;sale;flat;1;7;2;63.0;29275793;Василеостровский;20-я Васильевского острова линия;5;Горный институт;Маленькая Франция
BEYOND. ex-Engel  Volkers;real_estate_agent;https://spb.cian.ru/sale/flat/293981424/;Санкт-Петербург;sale;flat;6;7;2;67.6;54900000;Адмиралтейский;Конногвардейский бульвар;5;;Монферран
LEGENDA Development;developer;https://spb.cian.ru/sale/flat/297998693/;Санкт-Петербург;sale;flat;4;9;2;82.31;36669105;Василеостровский;20-я Васильевского острова линия;19;Василеостровская;Большой, 67
Районный Агент;real_estate_agent;https://spb.cian.ru/sale/flat/296405733/;Санкт-Петербург;sale;flat;5;12;2;48.0;9300000;Выборгский;проспект Просвещения;35;Проспект Просвещения;
Петербургская Недвижимость;representative_developer;https://spb.cian.ru/sale/flat/292788614/;Санкт-Петербург;sale;flat;3;9;2;56.33;18900348;Невский;Невская застава;;Елизаровская;Астра Марин ЖК
ID 96935847;homeowner;https://spb.cian.ru/sale/flat/292550784/;Санкт-Петербург;sale;flat;8;17;2;55.0;9990000;Невский;Народная ;53к2;Ломоносовская;Каролина
Петербургская Недвижимость;representative_developer;https://spb.cian.ru/sale/flat/296753449/;Санкт-Петербург;sale;flat;3;8;2;72.9;30618000;Петроградский;Петровский проспект;26к2;Чкаловская;The One
ТЕРРАСА Загородная Недвижимость;real_estate_agent;https://spb.cian.ru/sale/flat/298924530/;Санкт-Петербург;sale;flat;8;25;2;56.5;12250000;Приморский;шоссе Суздальское;26к2;Проспект Просвещения;Новоорловский
LEGENDA Development;developer;https://spb.cian.ru/sale/flat/297998518/;Санкт-Петербург;sale;flat;3;10;2;53.98;20345062;Приморский;Лисичанская ;22;Черная речка;Лисичанская, 22
Петербургская Недвижимость;real_estate_agent;https://spb.cian.ru/sale/flat/286119678/;Санкт-Петербург;sale;flat;5;8;2;73.0;31900000;Петроградский;Петровский проспект;26к2;Крестовский остров;The One
ПИК;developer;https://spb.cian.ru/sale/flat/292390935/;Санкт-Петербург;sale;flat;6;13;2;55.9;15634340;Выборгский;Сампсониевское;;Лесная;Кантемировская 11 ЖК
PRO.Flat;real_estate_agent;https://spb.cian.ru/sale/flat/299463854/;Санкт-Петербург;sale;flat;5;5;2;98.0;48900000;Петроградский;Константиновский проспект;26;Крестовский остров;
Петербургская Недвижимость;representative_developer;https://spb.cian.ru/sale/flat/296753784/;Санкт-Петербург;sale;flat;2;10;2;62.3;16821000;Выборгский;Манчестерская ;3к1;Удельная;Svetlana Park
Active Group - Арендафон. Штаб Квартир;real_estate_agent;https://spb.cian.ru/sale/flat/296905182/;Санкт-Петербург;sale;flat;5;15;2;64.2;17990000;Приморский; Савушкина;36;Черная речка;
Euroinvest Development;developer;https://spb.cian.ru/sale/flat/267475792/;Санкт-Петербург;sale;flat;2;11;2;56.13;17694982;Московский;Благодатная ;50;Электросила;iD Park Pobedy
РЕНТАВЕД;real_estate_agent;https://spb.cian.ru/sale/flat/290982257/;Санкт-Петербург;sale;flat;4;4;2;76.0;17500000;Центральный; Печатника Григорьева;14;Лиговский проспект;
ЛСР Санкт-Петербург;developer;https://spb.cian.ru/sale/flat/298366966/;Санкт-Петербург;sale;flat;5;9;2;73.2;23292240;Петроградский;Петровский проспект;9к2;Спортивная;Neva Haus
ID 66175945;homeowner;https://spb.cian.ru/sale/flat/299637754/;Санкт-Петербург;sale;flat;6;19;2;54.0;13000000;Выборгский;проспект Энгельса;126К2;Озерки;
ЛСР Санкт-Петербург;developer;https://spb.cian.ru/sale/flat/294545149/;Санкт-Петербург;sale;flat;5;8;2;57.5;19866250;Петроградский;Петровский;;Чкаловская;Нева Резиденс ЖК
NEDmax;real_estate_agent;https://spb.cian.ru/sale/flat/298751505/;Санкт-Петербург;sale;flat;3;14;2;71.3;30500000;Калининский; Жукова;1;Площадь Ленина;Пять Звезд
Петербургская Недвижимость;representative_developer;https://spb.cian.ru/sale/flat/296754047/;Санкт-Петербург;sale;flat;4;8;2;41.16;20188980;Василеостровский;;;Горный институт;Империал Клаб ЖК
ID 9156904;realtor;https://spb.cian.ru/sale/flat/297486726/;Санкт-Петербург;sale;flat;5;5;2;45.0;5600000;Красносельский;проспект Народного ополчения;231;Проспект Ветеранов;
Петербургская Недвижимость;representative_developer;https://spb.cian.ru/sale/flat/294487242/;Санкт-Петербург;sale;flat;2;7;2;64.39;18700111;Выборгский;Светлановское;;Удельная;Панорама парк Сосновка
Торговый Дом Невский;real_estate_agent;https://spb.cian.ru/sale/flat/296594096/;Санкт-Петербург;sale;flat;8;12;2;68.8;19800000;Приморский;Белоостровская ;28;Черная речка;Domino
Euroinvest Development;developer;https://spb.cian.ru/sale/flat/267475925/;Санкт-Петербург;sale;flat;2;10;2;61.65;24660000;Московский;Московский проспект;72к2;Фрунзенская;ID Moskovskiy
Время Инвест;real_estate_agent;https://spb.cian.ru/sale/flat/298109201/;Санкт-Петербург;sale;flat;3;5;2;45.7;7700000;Красногвардейский;шоссе Революции;33К5;Новочеркасская;
Арсенал-Недвижимость;developer;https://spb.cian.ru/sale/flat/266867765/;Санкт-Петербург;sale;flat;2;12;2;65.08;14643000;Приморский;проспект Авиаконструкторов;54;Комендантский проспект;Modum
BEYOND. ex-Engel  Volkers;real_estate_agent;https://spb.cian.ru/sale/flat/299145153/;Санкт-Петербург;sale;flat;3;9;2;76.1;33300000;Петроградский;Петровский проспект;9к2;Василеостровская;Neva Haus
ПИК;developer;https://spb.cian.ru/sale/flat/295906217/;Санкт-Петербург;sale;flat;3;14;2;51.5;14447552;Фрунзенский;Волковское;1;Обводный канал;Аэронавт ЖК
ID 67807632;homeowner;https://spb.cian.ru/sale/flat/298639567/;Санкт-Петербург;sale;flat;2;5;2;43.1;10100000;Выборгский;Дрезденская ;22;Удельная;
ЛСР Санкт-Петербург;developer;https://spb.cian.ru/sale/flat/294538554/;Санкт-Петербург;sale;flat;10;12;2;54.2;11441620;Московский;Московское шоссе;3к5;Звездная;NEOPARK
КВС;real_estate_agent;https://spb.cian.ru/sale/flat/297416495/;Санкт-Петербург;sale;flat;8;8;2;58.0;8000000;Невский;Народная ;81;Ломоносовская;
ПИК;developer;https://spb.cian.ru/sale/flat/290735524/;Санкт-Петербург;sale;flat;2;12;2;47.8;12949593;Фрунзенский;Волковское;5;Обводный канал;Витебский Парк ЖК
КВС;real_estate_agent;https://spb.cian.ru/sale/flat/292244955/;Санкт-Петербург;sale;flat;2;4;2;54.08;9000000;Выборгский;Нейшлотский переулок;6;Выборгская;
Интеском;developer;https://spb.cian.ru/sale/flat/291961828/;Санкт-Петербург;sale;flat;3;5;2;66.2;15557000;Выборгский; Береговая;12;Проспект Просвещения;Loft у Озера
ID 2166514;realtor;https://spb.cian.ru/sale/flat/297571570/;Санкт-Петербург;sale;flat;3;9;2;45.9;10200000;Выборгский;проспект Энгельса;143К1;Проспект Просвещения;
Master-Group Real Estate;representative_developer;https://spb.cian.ru/sale/flat/299648236/;Санкт-Петербург;sale;flat;2;10;2;66.86;26680015;Адмиралтейский;Малодетскосельский проспект;40;Технологический институт;Идеалист
Экотон;real_estate_agent;https://spb.cian.ru/sale/flat/292003709/;Санкт-Петербург;sale;flat;5;5;2;43.0;6300000;Невский; Шелгунова;12;Пролетарская;
Петербургская Недвижимость;representative_developer;https://spb.cian.ru/sale/flat/294799843/;Санкт-Петербург;sale;flat;1;4;2;55.32;11500499;Красносельский;проспект Буденного;13;Ленинский проспект;Солнечный город. Резиденции
Экотон;real_estate_agent;https://spb.cian.ru/sale/flat/290837931/;Санкт-Петербург;sale;flat;11;11;2;52.1;11000000;Выборгский;проспект Луначарского;1К1;Озерки;
ЛСР Санкт-Петербург;developer;https://spb.cian.ru/sale/flat/294545597/;Санкт-Петербург;sale;flat;9;17;2;61.39;14426650;Василеостровский;Гавань;12;Горный институт;Морская Набережная ЖК
КВС;real_estate_agent;https://spb.cian.ru/sale/flat/291600690/;Санкт-Петербург;sale;flat;3;4;2;52.2;8895000;Выборгский;Лесной проспект;8Б;Выборгская;
Euroinvest Development;developer;https://spb.cian.ru/sale/flat/299648266/;Санкт-Петербург;sale;flat;10;12;2;48.87;12893861;Выборгский;Светлановское;;Удельная;ID Svetlanovskiy
QASABO;real_estate_agent;https://spb.cian.ru/sale/flat/298662692/;Санкт-Петербург;sale;flat;4;13;2;62.5;17000000;Василеостровский;набережная Реки Смоленки;35к1;Приморская;Айно
Мегалит–Охта Групп;developer;https://spb.cian.ru/sale/flat/297023885/;Санкт-Петербург;sale;flat;2;16;2;56.74;14756890;Приморский;Коломяжский проспект;13к3;Пионерская;Приморский квартал
4ROOMS;real_estate_agent;https://spb.cian.ru/sale/flat/299463371/;Санкт-Петербург;sale;flat;2;6;2;75.8;19999000;Центральный;Невский проспект;23;Гостиный двор;
PLEADA;representative_developer;https://spb.cian.ru/sale/flat/298137317/;Санкт-Петербург;sale;flat;4;8;2;59.8;34671651;Петроградский;Петровский;;Чкаловская;17/33 Петровский остров
Невский простор;real_estate_agent;https://spb.cian.ru/sale/flat/295276074/;Санкт-Петербург;sale;flat;8;9;2;44.1;6400000;Невский;проспект Солидарности;8К1;Проспект Большевиков;
Петербургская Недвижимость;representative_developer;https://spb.cian.ru/sale/flat/299582586/;Санкт-Петербург;sale;flat;2;12;2;52.7;14300355;Московский;м. Ленинский проспект;;Ленинский проспект;Сенат
ПетербургНедвижимость;real_estate_agent;https://spb.cian.ru/sale/flat/286725714/;Санкт-Петербург;sale;flat;7;8;2;60.4;11800000;Московский; Типанова;36к3;Московская;
Петербургская Строительная Компания;developer;https://spb.cian.ru/sale/flat/298056563/;Санкт-Петербург;sale;flat;7;25;2;52.06;10419907;Приморский;Коломяги;;Проспект Просвещения;Френдс ЖК
Active Group - Арендафон. Штаб Квартир;real_estate_agent;https://spb.cian.ru/sale/flat/298065790/;Санкт-Петербург;sale;flat;3;7;2;75.0;26000000;Центральный;9-я Советская ;5;Площадь Восстания;
ЛСР Санкт-Петербург;developer;https://spb.cian.ru/sale/flat/294660570/;Санкт-Петербург;sale;flat;2;14;2;58.68;13314492;Василеостровский;Гавань;;Приморская;Морская Набережная ЖК
Экотон;real_estate_agent;https://spb.cian.ru/sale/flat/299479582/;Санкт-Петербург;sale;flat;2;5;2;42.0;7200000;Московский;Звездная ;18;Звездная;
Арсенал-Недвижимость;developer;https://spb.cian.ru/sale/flat/275720462/;Санкт-Петербург;sale;flat;2;12;2;68.56;16882215;Приморский; Плесецкая;2;Комендантский проспект;Ariosto!
Невский простор;real_estate_agent;https://spb.cian.ru/sale/flat/292370655/;Санкт-Петербург;sale;flat;4;5;2;54.8;26000000;Петроградский;набережная Мартынова;12;Крестовский остров;
Полис;developer;https://spb.cian.ru/sale/flat/298845828/;Санкт-Петербург;sale;flat;2;13;2;51.53;12348888;Приморский;аллея Арцеуловская;9;Пионерская;Полис Приморский 2
Невский простор;real_estate_agent;https://spb.cian.ru/sale/flat/284105381/;Санкт-Петербург;sale;flat;12;12;2;54.1;8000000;Фрунзенский;Малая Карпатская ;23К1;Дунайская;
ЛСР Санкт-Петербург;developer;https://spb.cian.ru/sale/flat/294544586/;Санкт-Петербург;sale;flat;2;15;2;71.1;16928910;Невский;Октябрьская набережная;57к3;Елизаровская;Цивилизация на Неве
ПетербургНедвижимость;real_estate_agent;https://spb.cian.ru/sale/flat/292937959/;Санкт-Петербург;sale;flat;7;16;2;57.8;10800000;Василеостровский;Морская набережная;15Б;Приморская;
ЛСР Санкт-Петербург;developer;https://spb.cian.ru/sale/flat/299364723/;Санкт-Петербург;sale;flat;3;25;2;39.8;6567000;Красногвардейский;Полюстрово;;Академическая;Цветной Город
ТВОЁ ПРОСТРАНСТВО;real_estate_agent;https://spb.cian.ru/sale/flat/299032311/;Санкт-Петербург;sale;flat;14;17;2;75.1;17500000;Василеостровский; Нахимова;20;Приморская;
Петербургская Недвижимость;representative_developer;https://spb.cian.ru/sale/flat/299044084/;Санкт-Петербург;sale;flat;2;4;2;50.95;11500306;Петродворцовый;;;Автово;Дворцовый фасад ЖК
4ROOMS;real_estate_agent;https://spb.cian.ru/sale/flat/298437263/;Санкт-Петербург;sale;flat;4;4;2;40.0;11500000;Петроградский;Резная ;15/4;Чкаловская;
Альфа Фаберже;developer;https://spb.cian.ru/sale/flat/280459404/;Санкт-Петербург;sale;flat;3;8;2;70.7;31108000;Петроградский;набережная Реки Карповки;27;Петроградская;Клубный дом MELTZER HALL
Golden Home;real_estate_agent;https://spb.cian.ru/sale/flat/294693733/;Санкт-Петербург;sale;flat;6;16;2;56.0;11290000;Красносельский;Ленинский проспект;92К3;Проспект Ветеранов;
Терминал-Ресурс;developer;https://spb.cian.ru/sale/flat/297580461/;Санкт-Петербург;sale;flat;2;4;2;50.52;8891520;Пушкинский;;;Купчино;Образцовый квартал 14 ЖК
ПетербургНедвижимость;real_estate_agent;https://spb.cian.ru/sale/flat/295535186/;Санкт-Петербург;sale;flat;2;9;2;43.8;6300000;Кировский; Генерала Симоняка;7;Проспект Ветеранов;
ФСК;developer;https://spb.cian.ru/sale/flat/295182750/;Санкт-Петербург;sale;flat;2;14;2;54.78;7445741;Невский;Невский;;;Зум на Неве ЖК
Северо-Западный Региональный Центр Недвижимости;real_estate_agent;https://spb.cian.ru/sale/flat/296593315/;Санкт-Петербург;sale;flat;6;6;2;41.8;7200000;Кировский;Автовская ;19;Автово;
Петербургская Недвижимость;representative_developer;https://spb.cian.ru/sale/flat/299394189/;Санкт-Петербург;sale;flat;5;21;2;50.81;12650343;Невский;Невский;;Проспект Большевиков;Пульс Премьер ЖК
Городской департамент недвижимости;real_estate_agent;https://spb.cian.ru/sale/flat/297731190/;Санкт-Петербург;sale;flat;14;25;2;53.0;8200000;Пушкинский;переулок Вилеровский;6;Звездная;Юнион
Петербургская Недвижимость;representative_developer;https://spb.cian.ru/sale/flat/298861166/;Санкт-Петербург;sale;flat;5;12;2;49.2;10750249;Приморский;Коломяги;;Проспект Просвещения;Бионика Заповедная
Garnet;real_estate_agent;https://spb.cian.ru/sale/flat/297325182/;Санкт-Петербург;sale;flat;2;7;2;81.5;15950000;Курортный; Воскова;12;Беговая;Водолей 2
ЛСР Санкт-Петербург;developer;https://spb.cian.ru/sale/flat/299403393/;Санкт-Петербург;sale;flat;2;12;2;54.3;13575000;Красногвардейский;Партизанская ;5Б;Ладожская;ЛСР. Большая Охта
Экотон;real_estate_agent;https://spb.cian.ru/sale/flat/298806104/;Санкт-Петербург;sale;flat;11;17;2;65.8;9790000;Красносельский;Ленинский проспект;53к1;Ленинский проспект;
ЛСР Санкт-Петербург;developer;https://spb.cian.ru/sale/flat/296181329/;Санкт-Петербург;sale;flat;2;23;2;47.43;11383200;Красносельский;Юго-Запад;;Автово;Морская миля ЖК
Active Group - Арендафон. Штаб Квартир;real_estate_agent;https://spb.cian.ru/sale/flat/297949275/;Санкт-Петербург;sale;flat;3;4;2;71.0;26900000;Адмиралтейский; Декабристов;17;Спасская;
Группа Аквилон;developer;https://spb.cian.ru/sale/flat/298641844/;Санкт-Петербург;sale;flat;3;12;2;54.38;12776978;Московский;Звёздное;;Звездная;Аквилон Ливз 2 ЖК
ID 82651987;realtor;https://spb.cian.ru/sale/flat/297235392/;Санкт-Петербург;sale;flat;4;5;2;83.2;22600000;Центральный;Малая Морская ;7;Адмиралтейская;
Группа Аквилон;developer;https://spb.cian.ru/sale/flat/294872661/;Санкт-Петербург;sale;flat;6;13;2;48.35;8306849;Пушкинский;;;Купчино;Аквилон All In 3.0
Северо-Западный Региональный Центр Недвижимости;real_estate_agent;https://spb.cian.ru/sale/flat/295972798/;Санкт-Петербург;sale;flat;1;9;2;45.1;6490000;Кировский; Генерала Симоняка;17;Проспект Ветеранов;
Петербургская Недвижимость;representative_developer;https://spb.cian.ru/sale/flat/295347897/;Санкт-Петербург;sale;flat;2;12;2;53.62;12700031;Приморский;Коломяги;;Озерки;Прайм Приморский ЖК
Экотон;real_estate_agent;https://spb.cian.ru/sale/flat/292879702/;Санкт-Петербург;sale;flat;7;10;2;57.8;8997000;Кировский; Стойкости;13К2;Проспект Ветеранов;
Euroinvest Development;developer;https://spb.cian.ru/sale/flat/298511448/;Санкт-Петербург;sale;flat;4;10;2;34.75;10425000;Выборгский; Курчатова;;Политехническая;iD Polytech
Экотон;real_estate_agent;https://spb.cian.ru/sale/flat/298273587/;Санкт-Петербург;sale;flat;4;10;2;73.3;15800000;Невский; Подвойского;13к2;Улица Дыбенко;
Петербургская Недвижимость;representative_developer;https://spb.cian.ru/sale/flat/296780056/;Санкт-Петербург;sale;flat;4;12;2;50.14;13700303;Московский;Новоизмайловское;;;Титул в Московском
Экотон;real_estate_agent;https://spb.cian.ru/sale/flat/293276247/;Санкт-Петербург;sale;flat;1;5;2;55.4;10990000;Приморский;Торжковская ;2К3;Черная речка;
Унистрой;developer;https://spb.cian.ru/sale/flat/296825895/;Санкт-Петербург;sale;flat;2;5;2;47.19;10339000;Курортный;;;Беговая;Лисино
Невский простор;real_estate_agent;https://spb.cian.ru/sale/flat/298041399/;Санкт-Петербург;sale;flat;6;9;2;50.8;8150000;Красногвардейский; Петра Смородина;20;Ладожская;
Ленстройтрест;developer;https://spb.cian.ru/sale/flat/298651126/;Санкт-Петербург;sale;flat;2;7;2;62.26;12790410;Приморский;шоссе Суздальское;18к3;Проспект Просвещения;Окла
Экотон;real_estate_agent;https://spb.cian.ru/sale/flat/291396724/;Санкт-Петербург;sale;flat;2;15;2;73.5;25000000;Московский;Заозерная ;3к2;Фрунзенская;Time Дом у Московского
К-25;developer;https://spb.cian.ru/sale/flat/294913946/;Санкт-Петербург;sale;flat;6;12;2;38.51;9627500;Приморский;м. Комендантский проспект;;Комендантский проспект;YE'S Primorsky Комплекс Апартаментов
Экотон;real_estate_agent;https://spb.cian.ru/sale/flat/297115564/;Санкт-Петербург;sale;flat;20;25;2;65.3;14200000;Калининский; Богословская;4к3;Лесная;Калейдоскоп
ЛСР Санкт-Петербург;developer;https://spb.cian.ru/sale/flat/299550795/;Санкт-Петербург;sale;flat;11;21;2;44.26;8688238;Красногвардейский;м. Гражданский проспект;;Гражданский проспект;Ручьи ЖК
Экотон;real_estate_agent;https://spb.cian.ru/sale/flat/298743940/;Санкт-Петербург;sale;flat;9;9;2;44.6;7100000;Фрунзенский;Загребский бульвар;5К3;Проспект Славы;
Петербургская Строительная Компания;developer;https://spb.cian.ru/sale/flat/294033343/;Санкт-Петербург;sale;flat;2;5;2;45.13;8156669;Московский;Пулковский меридиан;;Звездная;Плюс Пулковский ЖК
Невский простор;real_estate_agent;https://spb.cian.ru/sale/flat/296437668/;Санкт-Петербург;sale;flat;9;9;2;45.1;7900000;Калининский;проспект Луначарского;106;Гражданский проспект;
Петербургская Недвижимость;representative_developer;https://spb.cian.ru/sale/flat/296336632/;Санкт-Петербург;sale;flat;4;5;2;51.22;10300418;Московский;Пулковское шоссе;103В;Звездная;Парадный ансамбль
Экотон;real_estate_agent;https://spb.cian.ru/sale/flat/297514992/;Санкт-Петербург;sale;flat;3;17;2;75.0;19900000;Фрунзенский;Бухарестская ;118к1;Дунайская;
Монолит;developer;https://spb.cian.ru/sale/flat/296835112/;Санкт-Петербург;sale;flat;2;15;2;52.6;9703130;Невский; Евдокима Огнева;3;Улица Дыбенко;WINGS апартаменты на Крыленко
Городская Недвижимость;real_estate_agent;https://spb.cian.ru/sale/flat/291868184/;Санкт-Петербург;sale;flat;10;26;2;76.6;16100000;Приморский;Коломяжский проспект;20;Пионерская;Богатырский 2
Ленстройтрест;developer;https://spb.cian.ru/sale/flat/298649486/;Санкт-Петербург;sale;flat;4;5;2;56.14;10415600;Колпинский;шоссе Рубежное;14;Рыбацкое;Юттери
ЦН КВАДРАТ;real_estate_agent;https://spb.cian.ru/sale/flat/297617236/;Санкт-Петербург;sale;flat;4;9;2;50.4;8500000;Колпинский;Загородная ;43к4;;Новое Колпино
Петербургская Недвижимость;representative_developer;https://spb.cian.ru/sale/flat/296659655/;Санкт-Петербург;sale;flat;2;4;2;59.39;11550167;Пушкинский;;;Шушары;Универ Сити ЖК
АРИСТА;real_estate_agent;https://spb.cian.ru/sale/flat/293753119/;Санкт-Петербург;sale;flat;4;12;2;50.7;10900000;Красносельский; Чекистов;22;Ленинский проспект;
Стоун;developer;https://spb.cian.ru/sale/flat/294086667/;Санкт-Петербург;sale;flat;6;11;2;63.62;7414920;Пушкинский;;;Шушары;Полет ЖК
Семейный Риэлтор;real_estate_agent;https://spb.cian.ru/sale/flat/298393519/;Санкт-Петербург;sale;flat;3;3;2;58.0;25000000;Центральный; Черняховского;9;Обводный канал;
Стоун;developer;https://spb.cian.ru/sale/flat/297264895/;Санкт-Петербург;sale;flat;2;6;2;46.47;7470200;Московский;Пулковский меридиан;;Звездная;Перспектива ЖК
Городская Недвижимость;real_estate_agent;https://spb.cian.ru/sale/flat/299601900/;Санкт-Петербург;sale;flat;4;5;2;45.1;6700000;Кировский; Солдата Корзуна;44;Проспект Ветеранов;
ГлавстройСПб;developer;https://spb.cian.ru/sale/flat/297361785/;Санкт-Петербург;sale;flat;18;23;2;54.54;9809028;Приморский; Ивинская;1к1;Зенит;ПАРК-КВАРТАЛ Юнтолово
ПетербургНедвижимость;real_estate_agent;https://spb.cian.ru/sale/flat/293976317/;Санкт-Петербург;sale;flat;8;12;2;47.3;8000000;Красносельский; Доблести;18к1В;Ленинский проспект;
КВС;developer;https://spb.cian.ru/sale/flat/298150721/;Санкт-Петербург;sale;flat;4;17;2;62.0;15810600;Калининский;Финляндский;;;Квартал бизнес-класса Б15
ПетербургНедвижимость;real_estate_agent;https://spb.cian.ru/sale/flat/295657969/;Санкт-Петербург;sale;flat;11;25;2;48.88;9300000;Приморский;шоссе Суздальское;;Озерки;Friends
ГлавстройСПб;developer;https://spb.cian.ru/sale/flat/297362011/;Санкт-Петербург;sale;flat;7;23;2;54.51;9432038;Приморский; Ивинская;5к1;Зенит;ПАРК-КВАРТАЛ Юнтолово
Невский простор;real_estate_agent;https://spb.cian.ru/sale/flat/279017624/;Санкт-Петербург;sale;flat;3;6;2;62.0;13990000;Московский;Московский проспект;138;Московские ворота;
РСТИ;developer;https://spb.cian.ru/sale/flat/298331379/;Санкт-Петербург;sale;flat;3;9;2;65.33;15154350;Красносельский; Тамбасова;5;Проспект Ветеранов;Кинопарк
BEYOND. ex-Engel  Volkers;real_estate_agent;https://spb.cian.ru/sale/flat/298229654/;Санкт-Петербург;sale;flat;7;7;2;116.6;52470000;Центральный;Стремянная ;15/1;;Дворцовая слобода
РСТИ;developer;https://spb.cian.ru/sale/flat/295858886/;Санкт-Петербург;sale;flat;9;9;2;64.17;16106458;Красносельский; Тамбасова;5;Проспект Ветеранов;Кинопарк
Невский простор;real_estate_agent;https://spb.cian.ru/sale/flat/295048535/;Санкт-Петербург;sale;flat;2;4;2;79.1;22900000;Василеостровский;проспект Малый Васильевского острова;14;Спортивная;
РСТИ;developer;https://spb.cian.ru/sale/flat/295859099/;Санкт-Петербург;sale;flat;3;9;2;58.01;14050012;Красносельский; Тамбасова;5;Проспект Ветеранов;Кинопарк
Весь Петербург;real_estate_agent;https://spb.cian.ru/sale/flat/285711049/;Санкт-Петербург;sale;flat;4;5;2;43.7;14000000;Петроградский;Большая Пушкарская ;21Б;Горьковская;
ГлавстройСПб;developer;https://spb.cian.ru/sale/flat/297885187/;Санкт-Петербург;sale;flat;11;23;2;53.94;9393984;Приморский; Ивинская;5к2;Зенит;ПАРК-КВАРТАЛ Юнтолово
ПИА Недвижимость;real_estate_agent;https://spb.cian.ru/sale/flat/299230397/;Санкт-Петербург;sale;flat;1;9;2;44.1;6840000;Выборгский; Есенина;8К1;Озерки;
GloraX;developer;https://spb.cian.ru/sale/flat/279508009/;Санкт-Петербург;sale;flat;5;19;2;80.43;23069999;Василеостровский;Морской;;;Глоракс Премиум Василеостровский ЖК
М16;real_estate_agent;https://spb.cian.ru/sale/flat/298724576/;Санкт-Петербург;sale;flat;3;4;2;67.6;15000000;Адмиралтейский;Казанская ;41В;Спасская;
КВС;developer;https://spb.cian.ru/sale/flat/292309990/;Санкт-Петербург;sale;flat;4;5;2;56.08;9855072;Пушкинский;;;Звездная;ЮгТаун ЖК
АН Петро-риэлт;real_estate_agent;https://spb.cian.ru/sale/flat/296648769/;Санкт-Петербург;sale;flat;3;5;2;52.8;7800000;Выборгский;Лесной проспект;39к3;Лесная;
КВС;developer;https://spb.cian.ru/sale/flat/292309073/;Санкт-Петербург;sale;flat;3;5;2;61.3;10642453;Пушкинский;;;Звездная;ЮгТаун ЖК
Вам к нам;real_estate_agent;https://spb.cian.ru/sale/flat/293176699/;Санкт-Петербург;sale;flat;4;5;2;53.1;7450000;Адмиралтейский;набережная Обводного Канала;156К3;Нарвская;
GloraX;developer;https://spb.cian.ru/sale/flat/279507779/;Санкт-Петербург;sale;flat;16;19;2;53.93;19619999;Василеостровский;Морской;;;Глоракс Премиум Василеостровский ЖК
АРИСТА;real_estate_agent;https://spb.cian.ru/sale/flat/299498233/;Санкт-Петербург;sale;flat;12;12;2;52.5;8900000;Калининский;проспект Луначарского;108К1;Гражданский проспект;
GloraX;developer;https://spb.cian.ru/sale/flat/279507776/;Санкт-Петербург;sale;flat;16;19;2;62.3;22689999;Василеостровский;Морской;;;Глоракс Премиум Василеостровский ЖК
Петербургская Недвижимость;real_estate_agent;https://spb.cian.ru/sale/flat/295726773/;Санкт-Петербург;sale;flat;1;5;2;43.9;8000000;Адмиралтейский;13-я Красноармейская ;20;Технологический институт;
РСТИ;developer;https://spb.cian.ru/sale/flat/293496569/;Санкт-Петербург;sale;flat;7;8;2;70.6;31076907;Петроградский;Петровский проспект;22к2;Крестовский остров;Familia
Петербургская Недвижимость;real_estate_agent;https://spb.cian.ru/sale/flat/299049038/;Санкт-Петербург;sale;flat;8;9;2;44.1;7500000;Невский;Октябрьская набережная;70К1;Ломоносовская;
LEGENDA Intelligent Development;developer;https://spb.cian.ru/sale/flat/299465310/;Санкт-Петербург;sale;flat;6;12;2;58.14;20511792;Выборгский;Сампсониевское;;Выборгская;Сампсониевский 32
СЕЗАН;real_estate_agent;https://spb.cian.ru/sale/flat/298428917/;Санкт-Петербург;sale;flat;2;9;2;45.7;5600000;Колпинский;Раумская ;7;Купчино;
Терминал-Ресурс;developer;https://spb.cian.ru/sale/flat/296121234/;Санкт-Петербург;sale;flat;2;4;2;63.89;11116860;Пушкинский;;;Купчино;Образцовый квартал 14 ЖК
Петербургская Недвижимость;real_estate_agent;https://spb.cian.ru/sale/flat/298211567/;Санкт-Петербург;sale;flat;9;9;2;45.5;5900000;Красносельский; Партизана Германа;33;Проспект Ветеранов;
КВС;developer;https://spb.cian.ru/sale/flat/295838066/;Санкт-Петербург;sale;flat;4;5;2;52.58;9382590;Пушкинский;;;Звездная;ЮгТаун ЖК
ПИА Недвижимость;real_estate_agent;https://spb.cian.ru/sale/flat/295684227/;Санкт-Петербург;sale;flat;11;12;2;52.2;10510000;Приморский;Планерная ;21К1;Комендантский проспект;
RBI;developer;https://spb.cian.ru/sale/flat/299131997/;Санкт-Петербург;sale;flat;14;14;2;71.0;25199157;Фрунзенский;Волковское;;Волковская;Аэронавт ЖК
Просто недвижимость;real_estate_agent;https://spb.cian.ru/sale/flat/294303330/;Санкт-Петербург;sale;flat;7;12;2;53.5;9990000;Московский;проспект Юрия Гагарина;28К4;Московская;
Терминал-Ресурс;developer;https://spb.cian.ru/sale/flat/296122327/;Санкт-Петербург;sale;flat;3;4;2;61.73;11173130;Пушкинский;;;Купчино;Образцовый квартал 14 ЖК
ПИА Недвижимость;real_estate_agent;https://spb.cian.ru/sale/flat/299061370/;Санкт-Петербург;sale;flat;3;4;2;49.3;10190000;Красносельский; Ивана Куликова;4к2;Проспект Ветеранов;Солнечный город. Резиденции
LEGENDA Intelligent Development;developer;https://spb.cian.ru/sale/flat/299465429/;Санкт-Петербург;sale;flat;10;12;2;69.2;24974280;Выборгский;Сампсониевское;;Выборгская;Сампсониевский 32
Петербургская Недвижимость;real_estate_agent;https://spb.cian.ru/sale/flat/295176570/;Санкт-Петербург;sale;flat;14;17;2;55.18;14200000;Красногвардейский;Пискаревский проспект;25к2;Ладожская;ЦДС Полюстрово
SENATOR;developer;https://spb.cian.ru/sale/flat/293297402/;Санкт-Петербург;sale;flat;7;11;2;60.9;15518210;Невский;Октябрьская набережная;86К2;Пролетарская;Панорама Невы
Мир квартир элит Крестовский;real_estate_agent;https://spb.cian.ru/sale/flat/293912097/;Санкт-Петербург;sale;flat;3;4;2;70.1;20790000;Адмиралтейский;Садовая ;49;Садовая;
Element Development;developer;https://spb.cian.ru/sale/flat/287028853/;Санкт-Петербург;sale;flat;5;11;2;53.7;23789623;Московский; Коли Томчака;;Московские ворота;Коллекционный Дом 1919
Гранит Инвест;real_estate_agent;https://spb.cian.ru/sale/flat/295885392/;Санкт-Петербург;sale;flat;2;6;2;53.2;17392600;Василеостровский;11-я Васильевского острова линия;26;Василеостровская;
GloraX;developer;https://spb.cian.ru/sale/flat/279351843/;Санкт-Петербург;sale;flat;12;14;2;61.06;19719999;Красногвардейский;проспект Энергетиков;2;;GloraX Заневский
МИР КВАРТИР;real_estate_agent;https://spb.cian.ru/sale/flat/298016418/;Санкт-Петербург;sale;flat;3;5;2;90.9;17300000;Центральный;Невский проспект;164;Площадь Александра Невского;
SENATOR;developer;https://spb.cian.ru/sale/flat/293297393/;Санкт-Петербург;sale;flat;7;11;2;55.9;14248242;Невский;Октябрьская набережная;86К2;Пролетарская;Панорама Невы
Century 21 Гарант;real_estate_agent;https://spb.cian.ru/sale/flat/291953907/;Санкт-Петербург;sale;flat;3;25;2;62.0;16700000;Московский;проспект Космонавтов;102к1;Купчино;BauHaus
AAG;developer;https://spb.cian.ru/sale/flat/298267704/;Санкт-Петербург;sale;flat;2;7;2;62.4;30460215;Василеостровский;Васильевский;;Василеостровская;Amo
Ваш Дом;real_estate_agent;https://spb.cian.ru/sale/flat/299380139/;Санкт-Петербург;sale;flat;14;26;2;52.5;14300000;Фрунзенский;Южное шоссе;55к3;Проспект Славы;София
GloraX;developer;https://spb.cian.ru/sale/flat/279351846/;Санкт-Петербург;sale;flat;12;14;2;69.95;21409999;Красногвардейский;проспект Энергетиков;2;;GloraX Заневский
Century 21 Гарант;real_estate_agent;https://spb.cian.ru/sale/flat/298905487/;Санкт-Петербург;sale;flat;2;5;2;76.9;17700000;Василеостровский; Опочинина;11;Приморская;
РСТИ;developer;https://spb.cian.ru/sale/flat/293496526/;Санкт-Петербург;sale;flat;5;8;2;96.8;37674665;Петроградский;Петровский проспект;22к2;Крестовский остров;Familia
Active Group - Арендафон. Штаб Квартир;real_estate_agent;https://spb.cian.ru/sale/flat/296941532/;Санкт-Петербург;sale;flat;7;19;2;60.5;15890000;Невский;Общественный переулок;5;Елизаровская;Дом на набережной
РСТИ;developer;https://spb.cian.ru/sale/flat/293496467/;Санкт-Петербург;sale;flat;7;8;2;78.1;32749038;Петроградский;Петровский проспект;22к2;Крестовский остров;Familia
Lighthome Real Estate;real_estate_agent;https://spb.cian.ru/sale/flat/293860329/;Санкт-Петербург;sale;flat;3;8;2;89.1;45000000;Петроградский;Морской проспект;15;Крестовский остров;Кристаллы Крестовского
GloraX;developer;https://spb.cian.ru/sale/flat/299481544/;Санкт-Петербург;sale;flat;6;9;2;58.74;19629999;Адмиралтейский; Шкапина;43-45;Балтийская;GloraX Балтийская
Мир Квартир Элит;real_estate_agent;https://spb.cian.ru/sale/flat/296481010/;Санкт-Петербург;sale;flat;5;6;2;91.0;23500000;Центральный;Караванная ;8;Гостиный двор;
Sun Development;developer;https://spb.cian.ru/sale/flat/293435882/;Санкт-Петербург;sale;flat;2;7;2;80.51;25367907;Василеостровский;11-я Васильевского острова линия;56;Василеостровская;Клубный дом Monodom Line
Владис Центральный;real_estate_agent;https://spb.cian.ru/sale/flat/299017524/;Санкт-Петербург;sale;flat;1;9;2;49.1;7250000;Фрунзенский;Будапештская ;42К5;Проспект Славы;
GloraX;developer;https://spb.cian.ru/sale/flat/299481379/;Санкт-Петербург;sale;flat;7;9;2;60.72;17849999;Адмиралтейский; Шкапина;43-45;Балтийская;GloraX Балтийская
РУСЛЕКС;real_estate_agent;https://spb.cian.ru/sale/flat/282604777/;Санкт-Петербург;sale;flat;2;9;2;47.0;6500000;Красносельский; Тамбасова;36к1;;
RBI;developer;https://spb.cian.ru/sale/flat/299132010/;Санкт-Петербург;sale;flat;13;14;2;77.7;26186897;Фрунзенский;Волковское;;Волковская;Аэронавт ЖК
Century 21 Гарант;real_estate_agent;https://spb.cian.ru/sale/flat/296200382/;Санкт-Петербург;sale;flat;9;9;2;52.1;12250000;Фрунзенский; Турку;17К2;Проспект Славы;
Sun Development;developer;https://spb.cian.ru/sale/flat/293435819/;Санкт-Петербург;sale;flat;5;7;2;101.16;33633171;Василеостровский;11-я Васильевского острова линия;56;Василеостровская;Клубный дом Monodom Line
МИР КВАРТИР;real_estate_agent;https://spb.cian.ru/sale/flat/297362136/;Санкт-Петербург;sale;flat;4;6;2;61.7;13800000;Василеостровский;проспект Средний Васильевского острова;61;Василеостровская;
Sun Development;developer;https://spb.cian.ru/sale/flat/293435898/;Санкт-Петербург;sale;flat;6;7;2;90.96;29218260;Василеостровский;11-я Васильевского острова линия;56;Василеостровская;Клубный дом Monodom Line
Владис Аврора;real_estate_agent;https://spb.cian.ru/sale/flat/295371225/;Санкт-Петербург;sale;flat;8;14;2;58.8;13490000;Фрунзенский;Загребский бульвар;9;Дунайская;Радуга
RBI;developer;https://spb.cian.ru/sale/flat/299131937/;Санкт-Петербург;sale;flat;4;14;2;55.6;18473917;Фрунзенский;Волковское;;Волковская;Аэронавт ЖК
Первое Агентство Недвижимости;real_estate_agent;https://spb.cian.ru/sale/flat/298961570/;Санкт-Петербург;sale;flat;14;14;2;50.7;9200000;Выборгский; Ивана Фомина;13К1;Проспект Просвещения;
RBI;developer;https://spb.cian.ru/sale/flat/299131464/;Санкт-Петербург;sale;flat;4;9;2;80.3;31076543;Центральный;Лиговка-Ямская;;Площадь Восстания;Миръ
Владис Центральный;real_estate_agent;https://spb.cian.ru/sale/flat/297010298/;Санкт-Петербург;sale;flat;24;25;2;53.0;10200000;Приморский; Лидии Зверевой;3к1;Комендантский проспект;Шуваловский
ГлавстройСПб;developer;https://spb.cian.ru/sale/flat/297361204/;Санкт-Петербург;sale;flat;1;24;2;52.7;9338440;Приморский; Ивинская;19к3;Комендантский проспект;Юнтолово
Петербургская Недвижимость;real_estate_agent;https://spb.cian.ru/sale/flat/297039548/;Санкт-Петербург;sale;flat;3;5;2;44.3;6100000;Невский; Тельмана;32К5;Улица Дыбенко;
GloraX;developer;https://spb.cian.ru/sale/flat/279351709/;Санкт-Петербург;sale;flat;4;14;2;71.36;20309999;Красногвардейский;проспект Энергетиков;2;;GloraX Заневский
RBG Недвижимость  Realty Broker Group;real_estate_agent;https://spb.cian.ru/sale/flat/298541362/;Санкт-Петербург;sale;flat;3;5;2;49.0;14700000;Центральный; Белинского;3;Гостиный двор;
RBI;developer;https://spb.cian.ru/sale/flat/299131618/;Санкт-Петербург;sale;flat;8;9;2;92.0;58395962;Центральный;Лиговка-Ямская;;Площадь Восстания;Миръ
Петербургская Недвижимость;real_estate_agent;https://spb.cian.ru/sale/flat/290834282/;Санкт-Петербург;sale;flat;5;6;2;54.9;9900000;Адмиралтейский;набережная Обводного Канала;183;Балтийская;
AAG;developer;https://spb.cian.ru/sale/flat/298267686/;Санкт-Петербург;sale;flat;4;7;2;79.62;37494320;Василеостровский;Васильевский;;Василеостровская;Amo
Century 21 Гарант;real_estate_agent;https://spb.cian.ru/sale/flat/299558905/;Санкт-Петербург;sale;flat;2;5;2;45.0;8000000;Московский;проспект Юрия Гагарина;14К3;Парк Победы;
GloraX;developer;https://spb.cian.ru/sale/flat/299481531/;Санкт-Петербург;sale;flat;4;9;2;61.8;19409999;Адмиралтейский; Шкапина;43-45;Балтийская;GloraX Балтийская
Мир Квартир PREMIUM;real_estate_agent;https://spb.cian.ru/sale/flat/295910389/;Санкт-Петербург;sale;flat;2;3;2;106.3;110000000;Адмиралтейский;Английская набережная;26;Адмиралтейская;
Element Development;developer;https://spb.cian.ru/sale/flat/295136747/;Санкт-Петербург;sale;flat;5;25;2;71.72;28063918;Московский;Алтайская ;39;Московская;Шепилевский
Колвэй;real_estate_agent;https://spb.cian.ru/sale/flat/292988692/;Санкт-Петербург;sale;flat;5;9;2;57.4;7490000;Колпинский; Красных Партизан;5;Купчино;
ГлавстройСПб;developer;https://spb.cian.ru/sale/flat/297361395/;Санкт-Петербург;sale;flat;1;17;2;54.9;9854550;Приморский; Ивинская;15;Комендантский проспект;Юнтолово
Мир Квартир Элит;real_estate_agent;https://spb.cian.ru/sale/flat/293184731/;Санкт-Петербург;sale;flat;19;19;2;80.5;26900000;Московский;Киевская ;3к2В;Фрунзенская;
SENATOR;developer;https://spb.cian.ru/sale/flat/294042872/;Санкт-Петербург;sale;flat;10;11;2;53.2;15379261;Невский;Октябрьская набережная;86К2;Пролетарская;Панорама Невы
Владис Центральный;real_estate_agent;https://spb.cian.ru/sale/flat/298294112/;Санкт-Петербург;sale;flat;7;12;2;54.0;12250000;Приморский;Озеро Долгое;17к6;Старая Деревня;ArtLine
Рикэл;developer;https://spb.cian.ru/sale/flat/292061875/;Санкт-Петербург;sale;flat;11;25;2;77.6;15698480;Калининский;Светлановский проспект;121к1;Гражданский проспект;Эврика
Мир Квартир Элит;real_estate_agent;https://spb.cian.ru/sale/flat/298848119/;Санкт-Петербург;sale;flat;2;8;2;52.0;18850000;Адмиралтейский;набережная Обводного Канала;106;Фрунзенская;Московский, 65
GloraX;developer;https://spb.cian.ru/sale/flat/290624336/;Санкт-Петербург;sale;flat;3;15;2;79.85;19839999;Красногвардейский;Малая Охта;;;Глоракс Заневский ЖК
ХэштегриэлТ;real_estate_agent;https://spb.cian.ru/sale/flat/299508453/;Санкт-Петербург;sale;flat;6;9;2;50.6;8280000;Колпинский; Ремизова;21;Шушары;
ГлавстройСПб;developer;https://spb.cian.ru/sale/flat/297361411/;Санкт-Петербург;sale;flat;1;17;2;52.2;9197640;Приморский; Ивинская;15;Комендантский проспект;Юнтолово
Владис Аврора;real_estate_agent;https://spb.cian.ru/sale/flat/295694942/;Санкт-Петербург;sale;flat;4;5;2;64.4;13524000;Выборгский; Смолячкова;15-17;Выборгская;
LEGENDA Intelligent Development;developer;https://spb.cian.ru/sale/flat/299464060/;Санкт-Петербург;sale;flat;4;11;2;77.58;25896204;Красногвардейский; Стахановцев;1;Новочеркасская;Малоохтинский, 68
Владис Центральный;real_estate_agent;https://spb.cian.ru/sale/flat/299211639/;Санкт-Петербург;sale;flat;2;5;2;49.9;11500000;Петроградский;проспект Малый Петроградской стороны;55Д;Чкаловская;
AAG;developer;https://spb.cian.ru/sale/flat/298529962/;Санкт-Петербург;sale;flat;2;8;2;73.31;31838533;Петроградский;Пионерская ;53;Чкаловская;Avant
IVA;real_estate_agent;https://spb.cian.ru/sale/flat/299505455/;Санкт-Петербург;sale;flat;3;15;2;73.6;27850000;Московский;Заозерная ;3к2;Фрунзенская;Time Дом у Московского
Сенатор;developer;https://spb.cian.ru/sale/flat/289388531/;Санкт-Петербург;sale;flat;8;12;2;70.7;34842333;Курортный;Приморское шоссе;570Л;;МФК Морская ривьера
КАПИТАЛ;real_estate_agent;https://spb.cian.ru/sale/flat/287257974/;Санкт-Петербург;sale;flat;2;5;2;66.5;13950000;Василеостровский;2-я Васильевского острова линия;27Б;Василеостровская;
AAG;developer;https://spb.cian.ru/sale/flat/298322120/;Санкт-Петербург;sale;flat;3;9;2;81.1;28701513;Красногвардейский; Помяловского;;Новочеркасская;Akzent
Петербургская Недвижимость;real_estate_agent;https://spb.cian.ru/sale/flat/298726720/;Санкт-Петербург;sale;flat;4;5;2;43.6;6200000;Кировский; Козлова;27К1;Проспект Ветеранов;
AAG;developer;https://spb.cian.ru/sale/flat/298530005/;Санкт-Петербург;sale;flat;8;8;2;94.93;106905419;Петроградский;Пионерская ;53;Чкаловская;Avant
ХочуКвартиру;real_estate_agent;https://spb.cian.ru/sale/flat/299464020/;Санкт-Петербург;sale;flat;6;25;2;47.8;9600000;Приморский;набережная Реки Каменки;19к3;Озерки;
AAG;developer;https://spb.cian.ru/sale/flat/298529976/;Санкт-Петербург;sale;flat;3;8;2;73.8;32479933;Петроградский;Пионерская ;53;Чкаловская;Avant
Вам к нам;real_estate_agent;https://spb.cian.ru/sale/flat/298250206/;Санкт-Петербург;sale;flat;7;14;2;46.3;9500000;Калининский;проспект Просвещения;76К1;Гражданский проспект;
Инвестторг;developer;https://spb.cian.ru/sale/flat/296917198/;Санкт-Петербург;sale;flat;2;10;2;67.0;15580000;Фрунзенский;Днепропетровская ;65;Обводный канал;Дом у Каретного
4ROOMS;real_estate_agent;https://spb.cian.ru/sale/flat/299372594/;Санкт-Петербург;sale;flat;6;6;2;52.2;10500000;Кировский; Новостроек;3;Кировский завод;
Балтийская коммерция;developer;https://spb.cian.ru/sale/flat/273852676/;Санкт-Петербург;sale;flat;7;9;2;81.62;32856131;Петроградский; Малая Зеленина;;Чкаловская;Квадрия
АН РЕШЕНИЕ;real_estate_agent;https://spb.cian.ru/sale/flat/294514908/;Санкт-Петербург;sale;flat;2;12;2;50.6;9590000;Московский;Варшавская ;71;Московская;
Element Development;developer;https://spb.cian.ru/sale/flat/299236004/;Санкт-Петербург;sale;flat;3;11;2;58.9;24492645;Московский; Коли Томчака;;Московские ворота;Коллекционный Дом 1919
Мир Квартир Элит;real_estate_agent;https://spb.cian.ru/sale/flat/299371381/;Санкт-Петербург;sale;flat;4;12;2;81.5;35900000;Центральный;Новгородская ;23;Чернышевская;Александрия
Сенатор;developer;https://spb.cian.ru/sale/flat/290545812/;Санкт-Петербург;sale;flat;9;12;2;70.2;36288480;Курортный;Приморское шоссе;570Л;;МФК Морская ривьера
Vysotsky Estate;real_estate_agent;https://spb.cian.ru/sale/flat/298595254/;Санкт-Петербург;sale;flat;7;9;2;47.2;8200000;Московский; Орджоникидзе;63К2;Звездная;
Балтийская коммерция;developer;https://spb.cian.ru/sale/flat/291933627/;Санкт-Петербург;sale;flat;5;9;2;89.26;37230346;Петроградский; Малая Зеленина;;Чкаловская;Квадрия
Сити-Недвижимость;real_estate_agent;https://spb.cian.ru/sale/flat/299649250/;Санкт-Петербург;sale;flat;1;5;2;53.0;11200000;Выборгский;Дрезденская ;5;Удельная;
AAG;developer;https://spb.cian.ru/sale/flat/298322125/;Санкт-Петербург;sale;flat;4;9;2;83.32;31887797;Красногвардейский; Помяловского;;Новочеркасская;Akzent
ПИА Недвижимость;real_estate_agent;https://spb.cian.ru/sale/flat/298225015/;Санкт-Петербург;sale;flat;17;23;2;59.1;9500000;Невский; Русановская;19к3;Ломоносовская;Ласточкино гнездо
LEGENDA Intelligent Development;developer;https://spb.cian.ru/sale/flat/299464040/;Санкт-Петербург;sale;flat;3;11;2;92.18;30778902;Красногвардейский; Стахановцев;1;Новочеркасская;Малоохтинский, 68
АРИН;real_estate_agent;https://spb.cian.ru/sale/flat/299564232/;Санкт-Петербург;sale;flat;4;5;2;44.1;6990000;Фрунзенский;проспект Славы;11;Проспект Славы;
LEGENDA Intelligent Development;developer;https://spb.cian.ru/sale/flat/299464130/;Санкт-Петербург;sale;flat;7;11;2;83.91;32817201;Красногвардейский; Стахановцев;1;Новочеркасская;Малоохтинский, 68
ТРЕНД;real_estate_agent;https://spb.cian.ru/sale/flat/297749767/;Санкт-Петербург;sale;flat;2;4;2;76.4;10500000;Фрунзенский;Боровая ;110;Обводный канал;
LEGENDA Intelligent Development;developer;https://spb.cian.ru/sale/flat/299451084/;Санкт-Петербург;sale;flat;20;23;2;169.7;67964850;Выборгский;аллея Академика Лихачева;7;Площадь Мужества;Институтский, 16
Первое Агентство Недвижимости;real_estate_agent;https://spb.cian.ru/sale/flat/299644458/;Санкт-Петербург;sale;flat;6;16;2;48.0;11000000;Василеостровский; Кораблестроителей;42К1;Приморская;
Element Development;developer;https://spb.cian.ru/sale/flat/287028864/;Санкт-Петербург;sale;flat;9;11;2;81.0;44283096;Московский; Коли Томчака;;Московские ворота;Коллекционный Дом 1919
АН Петро-риэлт;real_estate_agent;https://spb.cian.ru/sale/flat/292417244/;Санкт-Петербург;sale;flat;5;9;2;46.76;8100000;Квартира  в Выборгском е СПб2-комн. квартира;76 м²;5/9 этаж;;
LEGENDA Intelligent Development;developer;https://spb.cian.ru/sale/flat/299451122/;Санкт-Петербург;sale;flat;4;23;2;124.6;40544840;Выборгский;аллея Академика Лихачева;7;Площадь Мужества;Институтский, 16
MG Мегаполис;real_estate_agent;https://spb.cian.ru/sale/flat/297903321/;Санкт-Петербург;sale;flat;23;26;2;76.5;14500000;Выборгский;проспект Луначарского;15к1;Озерки;Поэма у трёх озёр
GloraX;developer;https://spb.cian.ru/sale/flat/299606408/;Санкт-Петербург;sale;flat;3;18;2;60.47;15119999;Василеостровский;Морской;;;Глоракс Василеостровский ЖК
Владис Центральный;real_estate_agent;https://spb.cian.ru/sale/flat/287589708/;Санкт-Петербург;sale;flat;3;18;2;59.3;8700000;Красногвардейский;проспект Маршака;12к2;Парнас;Новая Охта
К-25;developer;https://spb.cian.ru/sale/flat/294910452/;Санкт-Петербург;sale;flat;7;12;2;52.14;13035000;Приморский;м. Комендантский проспект;;Комендантский проспект;YE'S Primorsky Комплекс Апартаментов
Петербургская Недвижимость;real_estate_agent;https://spb.cian.ru/sale/flat/296028368/;Санкт-Петербург;sale;flat;3;6;2;66.2;13175000;Приморский; Щербакова;27к1;Удельная;
Арсенал-Недвижимость;developer;https://spb.cian.ru/sale/flat/266867635/;Санкт-Петербург;sale;flat;4;12;2;90.66;25049358;Приморский;проспект Авиаконструкторов;54;Комендантский проспект;Modum
ПИА Недвижимость;real_estate_agent;https://spb.cian.ru/sale/flat/298226814/;Санкт-Петербург;sale;flat;6;16;2;68.9;15500000;Красносельский;Петергофское шоссе;53;Ленинский проспект;
ГлавстройСПб;developer;https://spb.cian.ru/sale/flat/297361052/;Санкт-Петербург;sale;flat;23;27;2;53.76;10592098;Выборгский;Заречная ;54;Проспект Просвещения;Северная долина
VSN (Весь Спектр Недвижимости);real_estate_agent;https://spb.cian.ru/sale/flat/297910415/;Санкт-Петербург;sale;flat;4;17;2;56.5;11700000;Приморский;Мебельная ;25к1;Беговая;
Эталон СПБ;developer;https://spb.cian.ru/sale/flat/298655378/;Санкт-Петербург;sale;flat;3;12;2;58.7;9279516;Пушкинский;;;Звездная;Монография ЖК
ТРЕНД;real_estate_agent;https://spb.cian.ru/sale/flat/298558559/;Санкт-Петербург;sale;flat;32;36;2;51.4;10250000;Невский;проспект Обуховской обороны;138к2;Обухово;Князь Александр Невский
RBI;developer;https://spb.cian.ru/sale/flat/296079493/;Санкт-Петербург;sale;flat;3;15;2;62.6;16348910;Выборгский;Шувалово-Озерки;;Проспект Просвещения;Струны
Агентство недвижимости Марии Тарасовой;real_estate_agent;https://spb.cian.ru/sale/flat/298697368/;Санкт-Петербург;sale;flat;9;12;2;47.3;8300000;Невский;Товарищеский проспект;28К1;Улица Дыбенко;
К-25;developer;https://spb.cian.ru/sale/flat/294909963/;Санкт-Петербург;sale;flat;12;12;2;48.9;15648000;Приморский;м. Комендантский проспект;;Комендантский проспект;YE'S Primorsky Комплекс Апартаментов
PRILSgroup;real_estate_agent;https://spb.cian.ru/sale/flat/294968146/;Санкт-Петербург;sale;flat;2;14;2;55.0;16450000;Московский;Заозерная ;3к2;Фрунзенская;Time Дом у Московского
Красная Стрела;developer;https://spb.cian.ru/sale/flat/294263402/;Санкт-Петербург;sale;flat;6;9;2;67.37;22112297;Василеостровский;7-я Васильевского острова линия;84;Василеостровская;Регенбоген
RBG Недвижимость  Realty Broker Group;real_estate_agent;https://spb.cian.ru/sale/flat/298732055/;Санкт-Петербург;sale;flat;7;12;2;48.3;9490000;Приморский; Маршала Новикова;8К1;Комендантский проспект;
ГлавстройСПб;developer;https://spb.cian.ru/sale/flat/297361110/;Санкт-Петербург;sale;flat;17;27;2;52.94;10843797;Выборгский;проезд Толубеевский;32;Проспект Просвещения;Северная долина
RBG Недвижимость  Realty Broker Group;real_estate_agent;https://spb.cian.ru/sale/flat/299640591/;Санкт-Петербург;sale;flat;8;29;2;65.0;13800000;Выборгский; Федора Абрамова;21к1;Парнас;Северная долина
ФСК;developer;https://spb.cian.ru/sale/flat/295183320/;Санкт-Петербург;sale;flat;10;14;2;54.43;7940291;Невский;Невский;;;Зум на Неве ЖК
NEXT;real_estate_agent;https://spb.cian.ru/sale/flat/299638667/;Санкт-Петербург;sale;flat;3;8;2;65.96;29540000;Петроградский;набережная Реки Карповки;31к1;Петроградская;
Мегалит–Охта Групп;developer;https://spb.cian.ru/sale/flat/297024410/;Санкт-Петербург;sale;flat;10;25;2;67.48;16432206;Приморский;Коломяжский проспект;13к2;Пионерская;Приморский квартал
Первое Агентство Недвижимости;real_estate_agent;https://spb.cian.ru/sale/flat/288752933/;Санкт-Петербург;sale;flat;22;25;2;64.6;11899000;Приморский; Лидии Зверевой;9к1;;Шуваловский
Мегалит–Охта Групп;developer;https://spb.cian.ru/sale/flat/297024601/;Санкт-Петербург;sale;flat;6;25;2;68.64;15961708;Приморский;Коломяжский проспект;13к2;Пионерская;Приморский квартал
Петербургская Недвижимость;real_estate_agent;https://spb.cian.ru/sale/flat/297530819/;Санкт-Петербург;sale;flat;5;8;2;68.2;11600000;Красносельский; Маршала Захарова;12к2;Ленинский проспект;
Эталон СПБ;developer;https://spb.cian.ru/sale/flat/298656558/;Санкт-Петербург;sale;flat;10;18;2;67.1;17332793;Адмиралтейский;бульвар Измайловский;11;Московские ворота;Квартал Галактика
Петербургская Недвижимость;real_estate_agent;https://spb.cian.ru/sale/flat/298014888/;Санкт-Петербург;sale;flat;5;5;2;59.4;11980000;Пушкинский; Архитектора Данини;15к2;Купчино;UP-квартал Пушкинский
Эталон СПБ;developer;https://spb.cian.ru/sale/flat/298657269/;Санкт-Петербург;sale;flat;2;10;2;77.5;25171590;Приморский;Белоостровская ;28;Черная речка;Domino
ТРЕНД;real_estate_agent;https://spb.cian.ru/sale/flat/298006014/;Санкт-Петербург;sale;flat;15;24;2;50.0;8450000;Приморский; Ивинская;17;Беговая;Юнтолово
Эталон СПБ;developer;https://spb.cian.ru/sale/flat/298655864/;Санкт-Петербург;sale;flat;10;18;2;64.8;17680315;Адмиралтейский;бульвар Измайловский;9;Фрунзенская;Квартал Галактика
Первое Агентство Недвижимости;real_estate_agent;https://spb.cian.ru/sale/flat/295806862/;Санкт-Петербург;sale;flat;5;5;2;41.3;6700000;Калининский;Тихорецкий проспект;9К10;Политехническая;
Эталон СПБ;developer;https://spb.cian.ru/sale/flat/298657227/;Санкт-Петербург;sale;flat;4;10;2;79.9;25267437;Приморский;Белоостровская ;28;Черная речка;Domino
Мир Квартир Элит;real_estate_agent;https://spb.cian.ru/sale/flat/295135007/;Санкт-Петербург;sale;flat;1;8;2;69.0;18950000;Петроградский;Петровский проспект;26к2;Крестовский остров;The One
Балтийская коммерция;developer;https://spb.cian.ru/sale/flat/258156470/;Санкт-Петербург;sale;flat;4;9;2;69.94;24762257;Петроградский;Петроградская набережная;38;Горьковская;Мануфактура James Beck
Гранит Инвест;real_estate_agent;https://spb.cian.ru/sale/flat/299188695/;Санкт-Петербург;sale;flat;4;10;2;74.0;22200000;Василеостровский;Детская ;18;Василеостровская;Дом на Детской
LEGENDA Development;developer;https://spb.cian.ru/sale/flat/297998417/;Санкт-Петербург;sale;flat;8;9;2;75.67;33998531;Приморский;Чёрная речка;;Черная речка;Черная речка, 41
Петербургская Недвижимость;real_estate_agent;https://spb.cian.ru/sale/flat/295666069/;Санкт-Петербург;sale;flat;1;5;2;46.0;6000000;Невский; Шелгунова;37;Ломоносовская;
ФСК;developer;https://spb.cian.ru/sale/flat/295183754/;Санкт-Петербург;sale;flat;6;17;2;58.76;8548545;Невский;Невский;;;Зум на Неве ЖК
Гранит Инвест;real_estate_agent;https://spb.cian.ru/sale/flat/298888216/;Санкт-Петербург;sale;flat;5;13;2;76.6;30257000;Петроградский;Барочная ;12;Чкаловская;
Унистрой;developer;https://spb.cian.ru/sale/flat/277296417/;Санкт-Петербург;sale;flat;6;10;2;74.4;23650000;Красногвардейский;Большая Охта;;Площадь Ленина;Юпоинт ЖК
Елена Шабанова;realtor;https://spb.cian.ru/sale/flat/298138926/;Санкт-Петербург;sale;flat;3;5;2;69.0;13300000;Красногвардейский;проспект Наставников;36к1;Ладожская;
Отделстрой;developer;https://spb.cian.ru/sale/flat/265779340/;Санкт-Петербург;sale;flat;9;12;2;57.64;17000000;Выборгский;Большой Сампсониевский проспект;70К2;Выборгская;Новый Лесснер
Будь первым;real_estate_agent;https://spb.cian.ru/sale/flat/299546612/;Санкт-Петербург;sale;flat;5;5;2;41.5;7800000;Красногвардейский; Буренина;3;Ладожская;
Красная Стрела;developer;https://spb.cian.ru/sale/flat/293425100/;Санкт-Петербург;sale;flat;5;9;2;69.06;26532082;Василеостровский;7-я Васильевского острова линия;84;Василеостровская;Регенбоген
Петербургская Недвижимость;real_estate_agent;https://spb.cian.ru/sale/flat/296836497/;Санкт-Петербург;sale;flat;8;12;2;52.3;9300000;Приморский;проспект Королева;44К1;Комендантский проспект;
Отделстрой;developer;https://spb.cian.ru/sale/flat/293125454/;Санкт-Петербург;sale;flat;8;12;2;57.44;16900000;Выборгский;Большой Сампсониевский проспект;70К2;Выборгская;Новый Лесснер
Омега;real_estate_agent;https://spb.cian.ru/sale/flat/298678066/;Санкт-Петербург;sale;flat;4;4;2;48.5;6950000;Колпинский;Центральная ;10;;
Петербургская Строительная Компания;developer;https://spb.cian.ru/sale/flat/297863413/;Санкт-Петербург;sale;flat;7;8;2;95.5;48691256;Петроградский;набережная Реки Карповки;31к1;Петроградская;Северная Корона
Первое Агентство Недвижимости;real_estate_agent;https://spb.cian.ru/sale/flat/294025655/;Санкт-Петербург;sale;flat;2;5;2;44.0;5900000;Колпинский;Пролетарская ;131;;
Балтийская коммерция;developer;https://spb.cian.ru/sale/flat/258156147/;Санкт-Петербург;sale;flat;5;9;2;66.86;23671783;Петроградский;Петроградская набережная;38;Горьковская;Мануфактура James Beck
МИР КВАРТИР;real_estate_agent;https://spb.cian.ru/sale/flat/275327082/;Санкт-Петербург;sale;flat;9;9;2;65.5;25900000;Василеостровский;проспект Малый Васильевского острова;64к1;Приморская;The RESIDENCE
Петербургская Строительная Компания;developer;https://spb.cian.ru/sale/flat/293263859/;Санкт-Петербург;sale;flat;7;9;2;64.54;27761814;Центральный;проспект Бакунина;;Площадь Александра Невского;Bakunina 33
Петербургская Недвижимость;real_estate_agent;https://spb.cian.ru/sale/flat/298133501/;Санкт-Петербург;sale;flat;4;5;2;75.6;16500000;Супер локация в Петроградском 2-комн. квартира;4/5 этаж;4/5 этаж;;
Эталон СПБ;developer;https://spb.cian.ru/sale/flat/298658174/;Санкт-Петербург;sale;flat;8;9;2;85.2;36306692;Петроградский;проезд Петровская коса;6к1;Крестовский остров;Петровская Доминанта
АРИН;real_estate_agent;https://spb.cian.ru/sale/flat/298109872/;Санкт-Петербург;sale;flat;6;9;2;45.5;7950000;Выборгский;проспект Просвещения;32К2;Проспект Просвещения;
Шельф;developer;https://spb.cian.ru/sale/flat/281157634/;Санкт-Петербург;sale;flat;9;26;2;62.2;10387400;Пушкинский;проспект Новгородский;2к3;Звездная;Simple
Мир Квартир Элит;real_estate_agent;https://spb.cian.ru/sale/flat/299094159/;Санкт-Петербург;sale;flat;5;11;2;63.5;21900000;Василеостровский;набережная Макарова;60;Приморская;Docklands
LEGENDA Development;developer;https://spb.cian.ru/sale/flat/297998620/;Санкт-Петербург;sale;flat;2;9;2;95.64;38935044;Василеостровский;20-я Васильевского острова линия;19;Василеостровская;Большой, 67
СЕЗАН;real_estate_agent;https://spb.cian.ru/sale/flat/299609121/;Санкт-Петербург;sale;flat;6;14;2;50.5;6500000;Красносельский;Нарвская ;2;Проспект Ветеранов;
Петербургская Недвижимость;representative_developer;https://spb.cian.ru/sale/flat/296753779/;Санкт-Петербург;sale;flat;8;10;2;61.3;17930250;Выборгский;Манчестерская ;3к1;Удельная;Svetlana Park
Галина Прокопьева;realtor;https://spb.cian.ru/sale/flat/290384678/;Санкт-Петербург;sale;flat;10;12;2;55.6;10850000;Приморский;Вербная ;20/2;Удельная;
Euroinvest Development;developer;https://spb.cian.ru/sale/flat/293271462/;Санкт-Петербург;sale;flat;2;12;2;70.91;17883502;Выборгский;Светлановское;;Удельная;ID Svetlanovskiy
Свой Мир;real_estate_agent;https://spb.cian.ru/sale/flat/299483060/;Санкт-Петербург;sale;flat;3;15;2;74.6;19800000;Калининский;Гжатская ;5к3;Площадь Мужества;
Петербургская Строительная Компания;developer;https://spb.cian.ru/sale/flat/297863386/;Санкт-Петербург;sale;flat;4;7;2;93.5;45036429;Петроградский;набережная Реки Карповки;31к1;Петроградская;Северная Корона
Мир Квартир Элит;real_estate_agent;https://spb.cian.ru/sale/flat/298769858/;Санкт-Петербург;sale;flat;6;7;2;74.3;36550000;Петроградский; Рентгена;25;Выборгская;White House
Эталон СПБ;developer;https://spb.cian.ru/sale/flat/298655345/;Санкт-Петербург;sale;flat;3;12;2;58.3;9200119;Пушкинский;;;Звездная;Монография ЖК
АН Петро-риэлт;real_estate_agent;https://spb.cian.ru/sale/flat/296649065/;Санкт-Петербург;sale;flat;4;5;2;43.8;6700000;Невский;Ново-Александровская ;15;Пролетарская;
Петербургская Недвижимость;representative_developer;https://spb.cian.ru/sale/flat/286460756/;Санкт-Петербург;sale;flat;4;12;2;65.84;17200535;Московский;м. Ленинский проспект;;Ленинский проспект;Сенат
Владис Центральный;real_estate_agent;https://spb.cian.ru/sale/flat/297999294/;Санкт-Петербург;sale;flat;1;5;2;33.2;9000000;Петроградский;Петрозаводская ;3Е;Чкаловская;
Петербургская Недвижимость;representative_developer;https://spb.cian.ru/sale/flat/296753704/;Санкт-Петербург;sale;flat;5;10;2;61.8;17520300;Выборгский;Светлановское;;Удельная;Svetlana Park
BR Group;real_estate_agent;https://spb.cian.ru/sale/flat/299344732/;Санкт-Петербург;sale;flat;11;13;2;52.4;10799000;Приморский;Комендантский проспект;31К1;Комендантский проспект;
Euroinvest Development;developer;https://spb.cian.ru/sale/flat/293384155/;Санкт-Петербург;sale;flat;3;12;2;63.98;15062108;Выборгский;Светлановское;;Удельная;ID Svetlanovskiy
Акрополь СПб РК БагИра;real_estate_agent;https://spb.cian.ru/sale/flat/291278086/;Санкт-Петербург;sale;flat;3;5;2;45.0;6950000;Калининский;Тимуровская ;18;Гражданский проспект;
Петербургская Недвижимость;representative_developer;https://spb.cian.ru/sale/flat/298405639/;Санкт-Петербург;sale;flat;12;12;2;54.36;16050116;Московский;м. Ленинский проспект;;Ленинский проспект;Сенат
Владис Центральный;real_estate_agent;https://spb.cian.ru/sale/flat/296518584/;Санкт-Петербург;sale;flat;18;25;2;55.0;10000000;Кировский;проспект Маршала Жукова;48к1;Ленинский проспект;Полежаевские дома
LEGENDA Development;developer;https://spb.cian.ru/sale/flat/297998523/;Санкт-Петербург;sale;flat;3;10;2;62.14;22749454;Приморский;Лисичанская ;22;Черная речка;Лисичанская, 22
Sever Group;real_estate_agent;https://spb.cian.ru/sale/flat/298835361/;Санкт-Петербург;sale;flat;3;9;2;45.0;8800000;Невский; Крыленко;21К2;Улица Дыбенко;
LEGENDA Development;developer;https://spb.cian.ru/sale/flat/297998314/;Санкт-Петербург;sale;flat;9;9;2;71.61;33520641;Приморский;Чёрная речка;;Черная речка;Черная речка, 41
NF GROUP  St Petersburg;real_estate_agent;https://spb.cian.ru/sale/flat/299243380/;Санкт-Петербург;sale;flat;6;8;2;110.2;26000000;Василеостровский;17-я Васильевского острова линия;14;Василеостровская;
RBI;developer;https://spb.cian.ru/sale/flat/295748139/;Санкт-Петербург;sale;flat;7;23;2;68.2;16417370;Выборгский; Шостаковича;8к2Б2;Проспект Просвещения;Струны
Мир квартир элит Крестовский;real_estate_agent;https://spb.cian.ru/sale/flat/296115449/;Санкт-Петербург;sale;flat;6;6;2;80.0;29400000;Центральный;2-я Советская ;12;Площадь Восстания;
Петербургская Строительная Компания;developer;https://spb.cian.ru/sale/flat/293263807/;Санкт-Петербург;sale;flat;6;9;2;68.86;28374295;Центральный;проспект Бакунина;;Площадь Восстания;Bakunina 33
АТЛАНТ;real_estate_agent;https://spb.cian.ru/sale/flat/298071185/;Санкт-Петербург;sale;flat;6;12;2;50.0;8500000;Красногвардейский;проспект Маршала Блюхера;42;Лесная;
LEGENDA Development;developer;https://spb.cian.ru/sale/flat/297998511/;Санкт-Петербург;sale;flat;2;10;2;64.26;23152878;Приморский;Лисичанская ;22;Черная речка;Лисичанская, 22
Сити-Недвижимость;real_estate_agent;https://spb.cian.ru/sale/flat/299435000/;Санкт-Петербург;sale;flat;3;7;2;45.0;18800000;Адмиралтейский;Галерная ;40;Василеостровская;Голландия
Петербургская Недвижимость;representative_developer;https://spb.cian.ru/sale/flat/296754050/;Санкт-Петербург;sale;flat;5;8;2;44.99;29153520;Василеостровский;;;Горный институт;Империал Клаб ЖК
Мир квартир элит Крестовский;real_estate_agent;https://spb.cian.ru/sale/flat/286808660/;Санкт-Петербург;sale;flat;8;12;2;93.1;32900000;Петроградский;Корпусная ;9;Чкаловская;Lumiere
Стоун;developer;https://spb.cian.ru/sale/flat/297264894/;Санкт-Петербург;sale;flat;2;6;2;52.3;8559900;Московский;Пулковский меридиан;;Звездная;Перспектива ЖК
Загородный стиль;real_estate_agent;https://spb.cian.ru/sale/flat/297424191/;Санкт-Петербург;sale;flat;7;12;2;54.7;9990000;Приморский;проспект Королева;49;Комендантский проспект;
Петербургская Недвижимость;representative_developer;https://spb.cian.ru/sale/flat/296492923/;Санкт-Петербург;sale;flat;4;12;2;68.82;20850085;Василеостровский;Уральская ;;Василеостровская;Amber Club
АРИН;real_estate_agent;https://spb.cian.ru/sale/flat/298483799/;Санкт-Петербург;sale;flat;1;5;2;51.3;9979000;Центральный; Моисеенко;8/1А;Площадь Восстания;
Петербургская Недвижимость;representative_developer;https://spb.cian.ru/sale/flat/299266585/;Санкт-Петербург;sale;flat;1;9;2;56.78;16450443;Невский;Невская застава;;Елизаровская;Астра Марин ЖК
АРИН;real_estate_agent;https://spb.cian.ru/sale/flat/288654816/;Санкт-Петербург;sale;flat;5;5;2;42.7;7200000;Кировский; Маршала Говорова;24;Кировский завод;
Петербургская Недвижимость;representative_developer;https://spb.cian.ru/sale/flat/294487321/;Санкт-Петербург;sale;flat;4;12;2;63.9;19750020;Василеостровский;Уральская ;;Василеостровская;Amber Club
Петербургская Недвижимость;real_estate_agent;https://spb.cian.ru/sale/flat/289712319/;Санкт-Петербург;sale;flat;5;8;2;65.7;22000000;Московский; Севастьянова;14;Парк Победы;
Стоун;developer;https://spb.cian.ru/sale/flat/294086834/;Санкт-Петербург;sale;flat;6;10;2;70.69;8235040;Пушкинский;;;Шушары;Полет ЖК
Петербургская Недвижимость;real_estate_agent;https://spb.cian.ru/sale/flat/297756919/;Санкт-Петербург;sale;flat;5;15;2;55.1;13100000;Невский;Союзный проспект;4;Проспект Большевиков;RIO
AAG;developer;https://spb.cian.ru/sale/flat/298267769/;Санкт-Петербург;sale;flat;1;7;2;89.8;39654333;Василеостровский;20-я Васильевского острова линия;5;Горный институт;Маленькая Франция
ТРЕНД;real_estate_agent;https://spb.cian.ru/sale/flat/298963201/;Санкт-Петербург;sale;flat;5;9;2;74.0;32350000;Василеостровский;18-я Васильевского острова линия;49;Василеостровская;
Красная стрела;developer;https://spb.cian.ru/sale/flat/292053293/;Санкт-Петербург;sale;flat;7;7;2;55.8;27220000;Адмиралтейский;Звенигородская ;7к2;Звенигородская;Артхаус
Первое Агентство Недвижимости;real_estate_agent;https://spb.cian.ru/sale/flat/298225441/;Санкт-Петербург;sale;flat;18;24;2;67.1;16997000;Невский; Архивная;11к1;Улица Дыбенко;Цивилизация
ХочуКвартиру;real_estate_agent;https://spb.cian.ru/sale/flat/293261128/;Санкт-Петербург;sale;flat;6;19;2;68.4;23800000;Адмиралтейский;Московский проспект;73к5;Фрунзенская;Времена года
SaFri;real_estate_agent;https://spb.cian.ru/sale/flat/295916812/;Санкт-Петербург;sale;flat;1;4;2;69.0;24150000;Адмиралтейский; Якубовича;14;Адмиралтейская;
Lange and Smith;real_estate_agent;https://spb.cian.ru/sale/flat/296747692/;Санкт-Петербург;sale;flat;8;8;2;61.72;24520280;Петроградский;Ремесленная ;;Спортивная;Neva Residence
ТРЕНД;real_estate_agent;https://spb.cian.ru/sale/flat/298156829/;Санкт-Петербург;sale;flat;5;15;2;59.64;24500000;Красногвардейский;Магнитогорская ;3к2;;Magnifika Lifestyle
ИП Шутикова Е. С.;real_estate_agent;https://spb.cian.ru/sale/flat/299575711/;Санкт-Петербург;sale;flat;4;4;2;81.8;24900000;Петроградский; Чапаева;11/4;Горьковская;
Алина Петлёваная;realtor;https://spb.cian.ru/sale/flat/299021839/;Санкт-Петербург;sale;flat;5;9;2;58.8;25000000;Московский;Черниговская ;17;Московские ворота;Квартал Che
Lange and Smith;real_estate_agent;https://spb.cian.ru/sale/flat/297119542/;Санкт-Петербург;sale;flat;3;5;2;84.45;25625442;Курортный; Инструментальщиков;;Беговая;BEREG.Курортный
PLEADA;representative_developer;https://spb.cian.ru/sale/flat/299315514/;Санкт-Петербург;sale;flat;5;9;2;53.8;25850733;Петроградский;Лодейнопольская ;7;Чкаловская;Авторский дом Tesoro by Akvilon
Ваш Дом;real_estate_agent;https://spb.cian.ru/sale/flat/298509406/;Санкт-Петербург;sale;flat;3;7;2;74.4;26000000;Центральный;9-я Советская ;5;Площадь Восстания;
Мир Квартир Элит;real_estate_agent;https://spb.cian.ru/sale/flat/297844203/;Санкт-Петербург;sale;flat;8;20;2;70.8;27500000;Приморский;Ушаковская набережная;3к4;Черная речка;Riverside
МИР КВАРТИР;real_estate_agent;https://spb.cian.ru/sale/flat/286478517/;Санкт-Петербург;sale;flat;2;8;2;83.0;27990000;Петроградский;Малая Разночинная ;10;Чкаловская;Биография
М16;real_estate_agent;https://spb.cian.ru/sale/flat/295874599/;Санкт-Петербург;sale;flat;19;24;2;104.0;28990000;Московский; Типанова;27/39;;
МИР КВАРТИР;real_estate_agent;https://spb.cian.ru/sale/flat/299336896/;Санкт-Петербург;sale;flat;7;8;2;75.0;29490000;Адмиралтейский;12-я Красноармейская ;24;;Созидатели
М16;real_estate_agent;https://spb.cian.ru/sale/flat/287402990/;Санкт-Петербург;sale;flat;2;3;2;93.7;29500000;Василеостровский;8-я Васильевского острова линия;19;;
Мир Квартир Элит;real_estate_agent;https://spb.cian.ru/sale/flat/297246870/;Санкт-Петербург;sale;flat;7;8;2;75.5;29900000;Петроградский;Петровский проспект;22к2;Чкаловская;Familia
МИР КВАРТИР;real_estate_agent;https://spb.cian.ru/sale/flat/296569745/;Санкт-Петербург;sale;flat;1;5;2;60.0;29990000;Центральный;Невский проспект;109;Площадь Восстания;
Илья Мерчук;realtor;https://spb.cian.ru/sale/flat/295995431/;Санкт-Петербург;sale;flat;4;7;2;70.0;30000000;Василеостровский;канал Масляный;;Василеостровская;Imperial Club
Петербургская Недвижимость;real_estate_agent;https://spb.cian.ru/sale/flat/298260786/;Санкт-Петербург;sale;flat;9;14;2;73.5;30400000;Московский;Заозерная ;3к2;Фрунзенская;Time Дом у Московского
ХочуКвартиру;real_estate_agent;https://spb.cian.ru/sale/flat/297426812/;Санкт-Петербург;sale;flat;5;10;2;80.8;30990000;Красногвардейский;Пискаревский проспект;1;Площадь Ленина;Четыре горизонта
МИР КВАРТИР;real_estate_agent;https://spb.cian.ru/sale/flat/292596205/;Санкт-Петербург;sale;flat;2;9;2;65.3;31800000;Петроградский;Петровский проспект;24к3;Крестовский остров;Петровская ривьера
Мир Квартир Элит;real_estate_agent;https://spb.cian.ru/sale/flat/288901989/;Санкт-Петербург;sale;flat;23;23;2;92.0;31900000;Невский;проспект Обуховской обороны;195;Пролетарская;Дом-Мегалит на Неве
Мир Квартир Элит;real_estate_agent;https://spb.cian.ru/sale/flat/293021766/;Санкт-Петербург;sale;flat;8;10;2;70.1;31900000;Петроградский;Ждановская ;45;Спортивная;Леонтьевский мыс
Мир квартир элит Крестовский;real_estate_agent;https://spb.cian.ru/sale/flat/286808734/;Санкт-Петербург;sale;flat;7;8;2;68.0;32000000;Приморский;Приморский проспект;78к2;Беговая;Лахта Плаза
Мир Квартир Элит;real_estate_agent;https://spb.cian.ru/sale/flat/284015152/;Санкт-Петербург;sale;flat;2;4;2;81.3;32650000;Курортный; Первого Мая;3;Беговая;
Мир Квартир Элит;real_estate_agent;https://spb.cian.ru/sale/flat/296560059/;Санкт-Петербург;sale;flat;4;14;2;76.2;33490000;Петроградский;Дивенская ;5;Горьковская;Серебряные зеркала
МИР КВАРТИР;real_estate_agent;https://spb.cian.ru/sale/flat/298944202/;Санкт-Петербург;sale;flat;5;5;2;86.9;35000000;Петроградский;Каменноостровский проспект;19/13;Петроградская;
Мир Квартир Элит;real_estate_agent;https://spb.cian.ru/sale/flat/297809474/;Санкт-Петербург;sale;flat;4;5;2;75.4;35500000;Центральный;Миллионная ;12;Адмиралтейская;
Недвижимость Двух Столиц;real_estate_agent;https://spb.cian.ru/sale/flat/299604120/;Санкт-Петербург;sale;flat;2;14;2;62.0;35800000;Петроградский;Петрозаводская ;13;Чкаловская;Петроградский эталон
Мир Квартир Элит;real_estate_agent;https://spb.cian.ru/sale/flat/298751122/;Санкт-Петербург;sale;flat;4;8;2;70.0;35900000;Петроградский;Петровский проспект;24к2;Крестовский остров;Петровский квартал на воде
Петербургская Недвижимость;real_estate_agent;https://spb.cian.ru/sale/flat/294853703/;Санкт-Петербург;sale;flat;3;5;2;66.1;36999000;Курортный; Максима Горького;2Ас2;Беговая;Russian seasons
Мир Квартир Элит;real_estate_agent;https://spb.cian.ru/sale/flat/296250144/;Санкт-Петербург;sale;flat;3;10;2;79.0;37400000;Центральный;Кирочная ;70;Чернышевская;Монополист
Мир Квартир Элит;real_estate_agent;https://spb.cian.ru/sale/flat/298613089/;Санкт-Петербург;sale;flat;8;12;2;70.0;38000000;Петроградский;Пионерская ;50;Чкаловская;Премьер Палас
МИР КВАРТИР;real_estate_agent;https://spb.cian.ru/sale/flat/299604796/;Санкт-Петербург;sale;flat;2;3;2;93.5;39000000;Василеостровский;1-я Васильевского острова линия;8;Василеостровская;
Винтеко;developer;https://spb.cian.ru/sale/flat/291458158/;Санкт-Петербург;sale;flat;2;7;2;119.7;40231768;Василеостровский;13-я Васильевского острова линия;50;Василеостровская;Клубный дом Манхэттен
М16;real_estate_agent;https://spb.cian.ru/sale/flat/280464382/;Санкт-Петербург;sale;flat;2;6;2;99.3;40000000;Московский;Московский проспект;200;Парк Победы;
Мир квартир элит Крестовский;real_estate_agent;https://spb.cian.ru/sale/flat/287406880/;Санкт-Петербург;sale;flat;2;4;2;92.9;41900000;Центральный; Рубинштейна;11;Владимирская;
МИР КВАРТИР;real_estate_agent;https://spb.cian.ru/sale/flat/295800988/;Санкт-Петербург;sale;flat;5;8;2;75.6;45300000;Петроградский;Ремесленная ;17литЗ;Спортивная;17/33 Петровский остров
МИР КВАРТИР;real_estate_agent;https://spb.cian.ru/sale/flat/299336690/;Санкт-Петербург;sale;flat;7;7;2;91.9;46239000;Петроградский; Рентгена;25;Петроградская;White House
Yard Group;developer;https://spb.cian.ru/sale/flat/299107649/;Санкт-Петербург;sale;flat;7;9;2;67.59;47313000;Петроградский;проспект Добролюбова;18а;Спортивная;Zen Garden
Мир Квартир PREMIUM;real_estate_agent;https://spb.cian.ru/sale/flat/299336128/;Санкт-Петербург;sale;flat;5;6;2;84.2;50000000;Центральный;Захарьевская ;41;Чернышевская;
Мир Квартир PREMIUM;real_estate_agent;https://spb.cian.ru/sale/flat/299336281/;Санкт-Петербург;sale;flat;6;6;2;81.98;53280000;Центральный;Захарьевская ;41;Чернышевская;
Мир Квартир PREMIUM;real_estate_agent;https://spb.cian.ru/sale/flat/299126204/;Санкт-Петербург;sale;flat;7;11;2;101.7;55000000;Центральный; Восстания;6а;Площадь Восстания;
SaFri;real_estate_agent;https://spb.cian.ru/sale/flat/298086502/;Санкт-Петербург;sale;flat;5;8;2;82.3;59000000;Центральный;Дегтярный переулок;26;Площадь Александра Невского;Дом у ратуши
Мир Квартир PREMIUM;real_estate_agent;https://spb.cian.ru/sale/flat/298673862/;Санкт-Петербург;sale;flat;5;5;2;88.0;62400000;Петроградский;проспект Добролюбова;21а;Спортивная;
Мир Квартир Элит;real_estate_agent;https://spb.cian.ru/sale/flat/292011737/;Санкт-Петербург;sale;flat;4;8;2;150.0;79900000;Петроградский;Морской проспект;33;Крестовский остров;Морской 33
Мир Квартир PREMIUM;real_estate_agent;https://spb.cian.ru/sale/flat/299336151/;Санкт-Петербург;sale;flat;6;9;2;107.14;80410106;Петроградский;набережная Адмирала Лазарева;22;Чкаловская;One Trinity Place
Yard Group;developer;https://spb.cian.ru/sale/flat/297046767/;Санкт-Петербург;sale;flat;1;6;2;126.91;95182500;Петроградский; Эсперова;8;Крестовский остров;ASTRVM
Колвэй;real_estate_agent;https://spb.cian.ru/sale/flat/298617681/;Санкт-Петербург;sale;flat;5;5;2;42.0;4600000;Колпинский;Павловская ;54;Шушары;
Колвэй;real_estate_agent;https://spb.cian.ru/sale/flat/299005772/;Санкт-Петербург;sale;flat;5;5;2;43.0;5190000;Колпинский;Пролетарская ;5;Шушары;
ТРЕНД;real_estate_agent;https://spb.cian.ru/sale/flat/290914274/;Санкт-Петербург;sale;flat;1;2;2;35.0;5200000;Петродворцовый; Юты Бондаровской;20;Ленинский проспект;
ТРЕНД;real_estate_agent;https://spb.cian.ru/sale/flat/297311184/;Санкт-Петербург;sale;flat;5;5;2;51.5;5325000;Пушкинский;шоссе Колпинское;53;Купчино;
ЦАН - Центральное Агентство Недвижимости;real_estate_agent;https://spb.cian.ru/sale/flat/298726797/;Санкт-Петербург;sale;flat;3;5;2;45.4;5500000;Невский; Новоселов;27;Ломоносовская;
Лидер Групп;developer;https://spb.cian.ru/sale/flat/286951200/;Санкт-Петербург;sale;flat;2;12;2;39.02;5657900;Пушкинский;Аэросити 4 жилой квартал;;;Аэросити 4
Технополис;developer;https://spb.cian.ru/sale/flat/299599944/;Санкт-Петербург;sale;flat;2;8;2;35.92;5819040;Красносельский; Лермонтова;15к2Б;Проспект Ветеранов;Новикола
Технополис;developer;https://spb.cian.ru/sale/flat/299599937/;Санкт-Петербург;sale;flat;1;8;2;37.22;5899370;Красносельский; Лермонтова;15к2Б;Проспект Ветеранов;Новикола
Лидер Групп;developer;https://spb.cian.ru/sale/flat/296280454/;Санкт-Петербург;sale;flat;4;12;2;39.94;5991000;Пушкинский;;;;Аэросити Клаб ЖК
Лидер Групп;developer;https://spb.cian.ru/sale/flat/296280410/;Санкт-Петербург;sale;flat;2;12;2;40.87;5926150;Пушкинский;;;;Аэросити Клаб ЖК
Лидер Групп;developer;https://spb.cian.ru/sale/flat/296280415/;Санкт-Петербург;sale;flat;2;12;2;42.4;6148000;Пушкинский;;;;Аэросити Клаб ЖК
Технополис;developer;https://spb.cian.ru/sale/flat/299600126/;Санкт-Петербург;sale;flat;5;8;2;36.75;6192375;Красносельский; Лермонтова;15к2Ж;Проспект Ветеранов;Новикола
Лидер Групп;developer;https://spb.cian.ru/sale/flat/286951246/;Санкт-Петербург;sale;flat;2;12;2;42.47;6158150;Пушкинский;Аэросити 4 жилой квартал;;;Аэросити 4
Самолет;developer;https://spb.cian.ru/sale/flat/298629865/;Санкт-Петербург;sale;flat;1;8;2;32.01;6286981;Курортный;;581;Проспект Просвещения;Курортный квартал ЖК
Первое Агентство Недвижимости;real_estate_agent;https://spb.cian.ru/sale/flat/296118537/;Санкт-Петербург;sale;flat;4;5;2;42.0;6200000;Красносельский;Авангардная ;23;Проспект Ветеранов;
Лидер Групп;developer;https://spb.cian.ru/sale/flat/296280656/;Санкт-Петербург;sale;flat;2;12;2;41.85;6277500;Пушкинский;;;;Аэросити 5 ЖК
Лидер Групп;developer;https://spb.cian.ru/sale/flat/286951285/;Санкт-Петербург;sale;flat;2;12;2;42.78;6203100;Пушкинский;Аэросити 4 жилой квартал;;;Аэросити 4
;;https://spb.cian.ru/sale/flat/298961718/;Санкт-Петербург;sale;flat;11;11;2;45.98;6207300;Пушкинский;Ленсоветовский тер.;;Шушары;Смарт
ID 114045118;homeowner;https://spb.cian.ru/sale/flat/299372478/;Санкт-Петербург;sale;flat;1;5;2;44.2;6200000;Калининский;проспект Культуры;29К3;Гражданский проспект;
Лидер Групп;developer;https://spb.cian.ru/sale/flat/296280706/;Санкт-Петербург;sale;flat;5;12;2;40.93;6344150;Пушкинский;;;;Аэросити 5 ЖК
ТРЕНД;real_estate_agent;https://spb.cian.ru/sale/flat/294737864/;Санкт-Петербург;sale;flat;1;5;2;43.0;6300000;Калининский; Верности;46К2;;
Самолет;developer;https://spb.cian.ru/sale/flat/284756126/;Санкт-Петербург;sale;flat;1;9;2;32.01;6398952;Курортный;;582;Парнас;Курортный квартал ЖК
ФСК;developer;https://spb.cian.ru/sale/flat/295183524/;Санкт-Петербург;sale;flat;6;10;2;50.58;6368578;Пушкинский;;;;Ап-квартал Новый Московский ЖК
ID 111347613;homeowner;https://spb.cian.ru/sale/flat/299434758/;Санкт-Петербург;sale;flat;21;23;2;36.6;6400000;Красногвардейский; Чарушинская;24к1;Девяткино;Цветной Город
ID 51348645;homeowner;https://spb.cian.ru/sale/flat/296485716/;Санкт-Петербург;sale;flat;3;5;2;43.4;6400000;Петродворцовый;бульвар Разведчика;12к1;;
ID 81185522;realtor;https://spb.cian.ru/sale/flat/299255191/;Санкт-Петербург;sale;flat;2;12;2;42.6;6490000;Красногвардейский;Пискаревский проспект;9к1;Выборгская;
Самолет;developer;https://spb.cian.ru/sale/flat/296760111/;Санкт-Петербург;sale;flat;1;10;2;37.8;6547040;Курортный;;;Парнас;Курортный квартал ЖК
Колвэй;real_estate_agent;https://spb.cian.ru/sale/flat/290407202/;Санкт-Петербург;sale;flat;8;9;2;50.0;6500000;Колпинский;бульвар Трудящихся;4;Шушары;
ЛСР Санкт-Петербург;developer;https://spb.cian.ru/sale/flat/299364767/;Санкт-Петербург;sale;flat;5;25;2;39.8;6567000;Красногвардейский;Полюстрово;;Академическая;Цветной Город
Самолет;developer;https://spb.cian.ru/sale/flat/284756076/;Санкт-Петербург;sale;flat;1;9;2;35.81;6594468;Курортный;;582;Парнас;Курортный квартал ЖК
Самолет;developer;https://spb.cian.ru/sale/flat/299577854/;Санкт-Петербург;sale;flat;7;9;2;33.21;6622374;Курортный;;582;Парнас;Курортный квартал ЖК
ЛСР Санкт-Петербург;developer;https://spb.cian.ru/sale/flat/299364764/;Санкт-Петербург;sale;flat;5;25;2;40.6;6678700;Красногвардейский;Полюстрово;;Академическая;Цветной Город
Лидер Групп;developer;https://spb.cian.ru/sale/flat/296280766/;Санкт-Петербург;sale;flat;4;12;2;43.27;6706850;Пушкинский;;;;Аэросити 5 ЖК
Технополис;developer;https://spb.cian.ru/sale/flat/299600082/;Санкт-Петербург;sale;flat;4;8;2;41.21;6676020;Красносельский; Лермонтова;15к2Б;Проспект Ветеранов;Новикола
Самолет;developer;https://spb.cian.ru/sale/flat/299577836/;Санкт-Петербург;sale;flat;3;9;2;32.71;6763603;Курортный;;581;Проспект Просвещения;Курортный квартал ЖК
Самолет;developer;https://spb.cian.ru/sale/flat/296290985/;Санкт-Петербург;sale;flat;5;8;2;36.1;6794775;Курортный;;6;Проспект Просвещения;Курортный квартал ЖК
ТРЕНД;real_estate_agent;https://spb.cian.ru/sale/flat/295296988/;Санкт-Петербург;sale;flat;5;9;2;44.0;6750000;Невский;проспект Солидарности;10к1Б1;Проспект Большевиков;
Первое Агентство Недвижимости;real_estate_agent;https://spb.cian.ru/sale/flat/294522924/;Санкт-Петербург;sale;flat;2;9;2;45.5;6800000;Красногвардейский;проспект Маршала Блюхера;65;;
ПетербургНедвижимость;real_estate_agent;https://spb.cian.ru/sale/flat/280811824/;Санкт-Петербург;sale;flat;1;5;2;45.5;6850000;Красногвардейский;Гранитная ;46;Ладожская;
Самолет;developer;https://spb.cian.ru/sale/flat/296291013/;Санкт-Петербург;sale;flat;3;8;2;38.0;6858079;Курортный;;5;Парнас;Курортный квартал ЖК
Самолет;developer;https://spb.cian.ru/sale/flat/296759862/;Санкт-Петербург;sale;flat;1;9;2;40.4;6898430;Курортный;;;Беговая;Курортный квартал ЖК
ФСК;developer;https://spb.cian.ru/sale/flat/295796097/;Санкт-Петербург;sale;flat;8;10;2;54.36;6889640;Пушкинский;;;;Ап-квартал Новый Московский ЖК
Лидер Групп;developer;https://spb.cian.ru/sale/flat/299502655/;Санкт-Петербург;sale;flat;7;10;2;40.37;6903270;Пушкинский;;;;Аэросити Фемили ЖК
ЛСР Санкт-Петербург;developer;https://spb.cian.ru/sale/flat/296627185/;Санкт-Петербург;sale;flat;22;25;2;42.1;6967550;Красногвардейский;Полюстрово;;Академическая;Цветной Город
ЛСР Санкт-Петербург;developer;https://spb.cian.ru/sale/flat/299364660/;Санкт-Петербург;sale;flat;4;25;2;42.5;6991250;Красногвардейский;Полюстрово;;Академическая;Цветной Город
Самолет;developer;https://spb.cian.ru/sale/flat/299577826/;Санкт-Петербург;sale;flat;3;8;2;39.9;6956828;Курортный;;5;Парнас;Курортный квартал ЖК
Самолет;developer;https://spb.cian.ru/sale/flat/299173185/;Санкт-Петербург;sale;flat;5;8;2;36.41;7042965;Курортный;;581;Проспект Просвещения;Курортный квартал ЖК
Самолет;developer;https://spb.cian.ru/sale/flat/299577832/;Санкт-Петербург;sale;flat;2;8;2;36.93;7099946;Курортный;;581;Проспект Просвещения;Курортный квартал ЖК
Самолет;developer;https://spb.cian.ru/sale/flat/299577852/;Санкт-Петербург;sale;flat;7;9;2;36.81;7025666;Курортный;;582;Парнас;Курортный квартал ЖК
ФСК;developer;https://spb.cian.ru/sale/flat/295183451/;Санкт-Петербург;sale;flat;3;10;2;55.34;7059779;Пушкинский;;;;Ап-квартал Новый Московский ЖК
Лидер Групп;developer;https://spb.cian.ru/sale/flat/295100619/;Санкт-Петербург;sale;flat;6;12;2;39.45;7101000;Пушкинский;;;;Аэросити 6 ЖК
Лидер Групп;developer;https://spb.cian.ru/sale/flat/295100550/;Санкт-Петербург;sale;flat;2;12;2;40.6;7105000;Пушкинский;;;;Аэросити 6 ЖК
ФСК;developer;https://spb.cian.ru/sale/flat/295183012/;Санкт-Петербург;sale;flat;5;10;2;56.27;7131716;Пушкинский;;;;Ап-квартал Новый Московский ЖК
Самолет;developer;https://spb.cian.ru/sale/flat/284754904/;Санкт-Петербург;sale;flat;1;8;2;37.65;7145399;Курортный;;581;Проспект Просвещения;Курортный квартал ЖК
Самолет;developer;https://spb.cian.ru/sale/flat/289257037/;Санкт-Петербург;sale;flat;8;9;2;34.89;7117941;Курортный;;582;Парнас;Курортный квартал ЖК
ФСК;developer;https://spb.cian.ru/sale/flat/295183437/;Санкт-Петербург;sale;flat;2;10;2;56.98;7127115;Пушкинский;;;;Ап-квартал Новый Московский ЖК
ФСК;developer;https://spb.cian.ru/sale/flat/295182931/;Санкт-Петербург;sale;flat;2;10;2;57.67;7165555;Пушкинский;;;;Ап-квартал Новый Московский ЖК
Лидер Групп;developer;https://spb.cian.ru/sale/flat/295100588/;Санкт-Петербург;sale;flat;11;12;2;40.2;7236000;Пушкинский;;;;Аэросити 6 ЖК
ЛСР Санкт-Петербург;developer;https://spb.cian.ru/sale/flat/299364665/;Санкт-Петербург;sale;flat;4;25;2;45.5;7161700;Красногвардейский;Полюстрово;;Академическая;Цветной Город
ЛСР Санкт-Петербург;developer;https://spb.cian.ru/sale/flat/299364632/;Санкт-Петербург;sale;flat;2;25;2;43.8;7161300;Красногвардейский;Полюстрово;;Академическая;Цветной Город
Альдога;real_estate_agent;https://spb.cian.ru/sale/flat/299059243/;Санкт-Петербург;sale;flat;6;9;2;44.3;7200000;Фрунзенский;Бухарестская ;33К5;Международная;
Лидер Групп;developer;https://spb.cian.ru/sale/flat/297023674/;Санкт-Петербург;sale;flat;2;25;2;48.15;7222500;Красногвардейский;Полюстрово;69;;Старлайт
Колвэй;real_estate_agent;https://spb.cian.ru/sale/flat/282388326/;Санкт-Петербург;sale;flat;3;9;2;63.5;7150000;Пушкинский; Центральная;12;Шушары;
Самолет;developer;https://spb.cian.ru/sale/flat/296789039/;Санкт-Петербург;sale;flat;2;9;2;41.7;7257575;Курортный;;;Проспект Просвещения;Курортный квартал ЖК
Самолет;developer;https://spb.cian.ru/sale/flat/284755120/;Санкт-Петербург;sale;flat;1;8;2;37.72;7276793;Курортный;;582;Парнас;Курортный квартал ЖК
Владис Центральный;real_estate_agent;https://spb.cian.ru/sale/flat/295876655/;Санкт-Петербург;sale;flat;9;10;2;51.3;7300000;Красногвардейский;Рябовское шоссе;119К4;Ладожская;
ТРЕНД;real_estate_agent;https://spb.cian.ru/sale/flat/296717074/;Санкт-Петербург;sale;flat;11;25;2;46.0;7300000;Красногвардейский;Полюстрово;25к3;Гражданский проспект;Цветной Город
ID 10552097;unknown;https://spb.cian.ru/sale/flat/298806253/;Санкт-Петербург;sale;flat;5;5;2;44.0;7300000;Калининский;Меншиковский проспект;5К1;Площадь Мужества;
Самолет;developer;https://spb.cian.ru/sale/flat/299577831/;Санкт-Петербург;sale;flat;2;9;2;43.01;7400472;Курортный;;581;Проспект Просвещения;Курортный квартал ЖК
Самолет;developer;https://spb.cian.ru/sale/flat/298629857/;Санкт-Петербург;sale;flat;1;8;2;41.08;7404089;Курортный;;581;Проспект Просвещения;Курортный квартал ЖК
Самолет;developer;https://spb.cian.ru/sale/flat/284755110/;Санкт-Петербург;sale;flat;1;8;2;40.12;7420277;Курортный;;582;Парнас;Курортный квартал ЖК
Самолет;developer;https://spb.cian.ru/sale/flat/288563561/;Санкт-Петербург;sale;flat;1;8;2;42.4;7415234;Курортный;;5;Парнас;Курортный квартал ЖК
Стоун;developer;https://spb.cian.ru/sale/flat/294086703/;Санкт-Петербург;sale;flat;11;11;2;63.62;7414920;Пушкинский;;;Шушары;Полет ЖК
;;https://spb.cian.ru/sale/flat/298961700/;Санкт-Петербург;sale;flat;8;11;2;59.39;7423750;Пушкинский;Ленсоветовский тер.;;Шушары;Смарт
ИМПЕРИЯ;real_estate_agent;https://spb.cian.ru/sale/flat/294502624/;Санкт-Петербург;sale;flat;2;5;2;45.0;7400000;Калининский;проспект Культуры;11К2;Политехническая;
ТРЕНД;real_estate_agent;https://spb.cian.ru/sale/flat/297883482/;Санкт-Петербург;sale;flat;16;23;2;71.0;7490000;Выборгский; Тихоокеанская;1к2;Проспект Просвещения;в Парголово
;;https://spb.cian.ru/sale/flat/298961609/;Санкт-Петербург;sale;flat;2;11;2;59.74;7467500;Пушкинский;Ленсоветовский тер.;;Шушары;Смарт
ФСК;developer;https://spb.cian.ru/sale/flat/295183387/;Санкт-Петербург;sale;flat;9;10;2;58.9;7465044;Пушкинский;;;;Ап-квартал Новый Московский ЖК
Технополис;developer;https://spb.cian.ru/sale/flat/293979011/;Санкт-Петербург;sale;flat;3;8;2;46.58;7545960;Красносельский; Лермонтова;15к2Ж;Проспект Ветеранов;Новикола
Технополис;developer;https://spb.cian.ru/sale/flat/299600119/;Санкт-Петербург;sale;flat;3;8;2;46.85;7589700;Красносельский; Лермонтова;15к2Б;Проспект Ветеранов;Новикола
Самолет;developer;https://spb.cian.ru/sale/flat/296760014/;Санкт-Петербург;sale;flat;1;10;2;44.8;7576559;Курортный;;;Парнас;Курортный квартал ЖК
Самолет;developer;https://spb.cian.ru/sale/flat/288563563/;Санкт-Петербург;sale;flat;1;8;2;40.5;7502786;Курортный;;5;Парнас;Курортный квартал ЖК
Самолет;developer;https://spb.cian.ru/sale/flat/296157724/;Санкт-Петербург;sale;flat;7;8;2;42.2;7512117;Курортный;;6;Проспект Просвещения;Курортный квартал ЖК
Самолет;developer;https://spb.cian.ru/sale/flat/296654319/;Санкт-Петербург;sale;flat;5;11;2;43.65;7570282;Колпинский;;к39;Рыбацкое;Новое Колпино ЖК
Стоун;developer;https://spb.cian.ru/sale/flat/294086639/;Санкт-Петербург;sale;flat;11;11;2;64.87;7559920;Пушкинский;;;Шушары;Полет ЖК
Лидер Групп;developer;https://spb.cian.ru/sale/flat/286951293/;Санкт-Петербург;sale;flat;3;12;2;52.07;7550150;Пушкинский;Аэросити 4 жилой квартал;;;Аэросити 4
ID 61208907;homeowner;https://spb.cian.ru/sale/flat/297138152/;Санкт-Петербург;sale;flat;3;3;2;46.2;7500000;Пушкинский;Павловское шоссе;95;Купчино;
ID 111246464;homeowner;https://spb.cian.ru/sale/flat/296278611/;Санкт-Петербург;sale;flat;1;9;2;50.3;7505000;Выборгский; Хошимина;7к3;Проспект Просвещения;
Самолет;developer;https://spb.cian.ru/sale/flat/288563560/;Санкт-Петербург;sale;flat;1;8;2;45.1;7640977;Курортный;;5;Парнас;Курортный квартал ЖК
Лидер Групп;developer;https://spb.cian.ru/sale/flat/286951042/;Санкт-Петербург;sale;flat;2;12;2;54.37;7611800;Пушкинский;Аэросити 4 жилой квартал;;;Аэросити 4
Самолет;developer;https://spb.cian.ru/sale/flat/295486590/;Санкт-Петербург;sale;flat;2;11;2;46.14;7730988;Колпинский;;к39;Рыбацкое;Новое Колпино ЖК
ФСК;developer;https://spb.cian.ru/sale/flat/295182874/;Санкт-Петербург;sale;flat;4;14;2;54.43;7714407;Невский;Невский;;;Зум на Неве ЖК
ЛСР Санкт-Петербург;developer;https://spb.cian.ru/sale/flat/296213829/;Санкт-Петербург;sale;flat;1;22;2;52.1;7684750;Красногвардейский;м. Гражданский проспект;;Гражданский проспект;Цветной Город
ЛСР Санкт-Петербург;developer;https://spb.cian.ru/sale/flat/296626664/;Санкт-Петербург;sale;flat;8;25;2;46.9;7710360;Красногвардейский;Полюстрово;;Академическая;Цветной Город
Самолет;developer;https://spb.cian.ru/sale/flat/299577829/;Санкт-Петербург;sale;flat;2;8;2;41.99;7662378;Курортный;;581;Проспект Просвещения;Курортный квартал ЖК
Лидер Групп;developer;https://spb.cian.ru/sale/flat/286950826/;Санкт-Петербург;sale;flat;3;12;2;53.23;7718350;Пушкинский;Аэросити 4 жилой квартал;;;Аэросити 4
Лидер Групп;developer;https://spb.cian.ru/sale/flat/297024608/;Санкт-Петербург;sale;flat;2;25;2;51.22;7683000;Красногвардейский;Полюстрово;69;;Старлайт
Лидер Групп;developer;https://spb.cian.ru/sale/flat/297023692/;Санкт-Петербург;sale;flat;8;25;2;49.12;7736400;Красногвардейский;Полюстрово;69;;Старлайт
ТРЕНД;real_estate_agent;https://spb.cian.ru/sale/flat/298054621/;Санкт-Петербург;sale;flat;2;5;2;45.5;7700000;Невский; Шотмана;8К1;Улица Дыбенко;
ФСК;developer;https://spb.cian.ru/sale/flat/295183045/;Санкт-Петербург;sale;flat;6;10;2;60.26;7737444;Пушкинский;;;;Ап-квартал Новый Московский ЖК
;;https://spb.cian.ru/sale/flat/298961695/;Санкт-Петербург;sale;flat;6;11;2;61.59;7698750;Пушкинский;Ленсоветовский тер.;;Шушары;Смарт
;;https://spb.cian.ru/sale/flat/285297812/;Санкт-Петербург;sale;flat;9;11;2;59.5;7735000;Пушкинский;проспект Старорусский;11;Звездная;Аэросити
Самолет;developer;https://spb.cian.ru/sale/flat/298583462/;Санкт-Петербург;sale;flat;9;9;2;39.57;7794862;Курортный;;581;Проспект Просвещения;Курортный квартал ЖК
Самолет;developer;https://spb.cian.ru/sale/flat/296759857/;Санкт-Петербург;sale;flat;1;9;2;43.6;7830672;Курортный;;;Беговая;Курортный квартал ЖК
ТРЕНД;real_estate_agent;https://spb.cian.ru/sale/flat/295936660/;Санкт-Петербург;sale;flat;1;14;2;45.1;7750000;Приморский;Мартыновская ;14к1;Комендантский проспект;
Лидер Групп;developer;https://spb.cian.ru/sale/flat/296282493/;Санкт-Петербург;sale;flat;2;12;2;55.53;7774200;Пушкинский;;;;Аэросити Клаб ЖК
ID 23796159;unknown;https://spb.cian.ru/sale/flat/299328819/;Санкт-Петербург;sale;flat;5;5;2;42.2;7800000;Московский; Пилотов;19;Звездная;
Лидер Групп;developer;https://spb.cian.ru/sale/flat/296282497/;Санкт-Петербург;sale;flat;8;12;2;54.36;7882200;Пушкинский;;;;Аэросити Клаб ЖК
Стоун;developer;https://spb.cian.ru/sale/flat/297536361/;Санкт-Петербург;sale;flat;6;11;2;67.44;7858040;Пушкинский;;;Шушары;Полет ЖК
Самолет;developer;https://spb.cian.ru/sale/flat/289283427/;Санкт-Петербург;sale;flat;4;9;2;44.0;7855769;Курортный;;10;Проспект Просвещения;Курортный квартал ЖК
Самолет;developer;https://spb.cian.ru/sale/flat/293448282/;Санкт-Петербург;sale;flat;2;8;2;42.28;7888371;Курортный;;582;Парнас;Курортный квартал ЖК
Самолет;developer;https://spb.cian.ru/sale/flat/293100925/;Санкт-Петербург;sale;flat;2;9;2;38.87;7866454;Курортный;;582;Парнас;Курортный квартал ЖК
;;https://spb.cian.ru/sale/flat/285297796/;Санкт-Петербург;sale;flat;11;11;2;60.6;7878000;Пушкинский;проспект Старорусский;11;Звездная;Аэросити
ФСК;developer;https://spb.cian.ru/sale/flat/295796099/;Санкт-Петербург;sale;flat;2;10;2;61.94;7953157;Пушкинский;;;;Ап-квартал Новый Московский ЖК
ЛСР Санкт-Петербург;developer;https://spb.cian.ru/sale/flat/299236392/;Санкт-Петербург;sale;flat;2;22;2;50.98;7901900;Красногвардейский;Полюстрово;;Девяткино;Цветной Город
ФСК;developer;https://spb.cian.ru/sale/flat/295182770/;Санкт-Петербург;sale;flat;2;14;2;58.24;7997237;Невский;Невский;;;Зум на Неве ЖК
Лидер Групп;developer;https://spb.cian.ru/sale/flat/296280763/;Санкт-Петербург;sale;flat;2;12;2;54.79;7944550;Пушкинский;;;;Аэросити 5 ЖК
ЛСР Санкт-Петербург;developer;https://spb.cian.ru/sale/flat/299237084/;Санкт-Петербург;sale;flat;2;22;2;52.2;7986600;Красногвардейский; Пейзажная;6;Девяткино;Цветной Город
Самолет;developer;https://spb.cian.ru/sale/flat/295486595/;Санкт-Петербург;sale;flat;4;8;2;42.69;7955731;Курортный;;582;Парнас;Курортный квартал ЖК
Самолет;developer;https://spb.cian.ru/sale/flat/299577824/;Санкт-Петербург;sale;flat;7;8;2;43.1;7915813;Курортный;;5;Парнас;Курортный квартал ЖК
Стоун;developer;https://spb.cian.ru/sale/flat/294086698/;Санкт-Петербург;sale;flat;10;11;2;68.09;7933440;Пушкинский;;;Шушары;Полет ЖК
Лидер Групп;developer;https://spb.cian.ru/sale/flat/286951267/;Санкт-Петербург;sale;flat;2;12;2;57.14;7999600;Пушкинский;Аэросити 4 жилой квартал;;;Аэросити 4
;;https://spb.cian.ru/sale/flat/298961736/;Санкт-Петербург;sale;flat;3;11;2;63.4;7925000;Пушкинский;Ленсоветовский тер.;;Шушары;Смарт
Константин Михайловер;realtor;https://spb.cian.ru/sale/flat/297761471/;Санкт-Петербург;sale;flat;9;10;2;57.1;7990000;Приморский;Камышовая ;28К2;Комендантский проспект;
ФСК;developer;https://spb.cian.ru/sale/flat/295796107/;Санкт-Петербург;sale;flat;5;10;2;60.68;7942465;Пушкинский;;;;Ап-квартал Новый Московский ЖК
ФСК;developer;https://spb.cian.ru/sale/flat/295183248/;Санкт-Петербург;sale;flat;2;10;2;65.79;7901444;Пушкинский;;;;Ап-квартал Новый Московский ЖК
ЛСР Санкт-Петербург;developer;https://spb.cian.ru/sale/flat/299364622/;Санкт-Петербург;sale;flat;5;25;2;53.2;8033200;Красногвардейский;Полюстрово;;Академическая;Цветной Город
Лидер Групп;developer;https://spb.cian.ru/sale/flat/296280269/;Санкт-Петербург;sale;flat;2;12;2;57.37;8031800;Пушкинский;;;;Аэросити Клаб ЖК
Лидер Групп;developer;https://spb.cian.ru/sale/flat/296280744/;Санкт-Петербург;sale;flat;5;12;2;53.55;8032500;Пушкинский;;;;Аэросити 5 ЖК
Альдога;real_estate_agent;https://spb.cian.ru/sale/flat/293053165/;Санкт-Петербург;sale;flat;3;9;2;44.2;8000000;Фрунзенский; Димитрова;4К1;Проспект Славы;
ФСК;developer;https://spb.cian.ru/sale/flat/295183266/;Санкт-Петербург;sale;flat;3;10;2;65.3;8005192;Пушкинский;;;;Ап-квартал Новый Московский ЖК
ID 113742650;homeowner;https://spb.cian.ru/sale/flat/299531822/;Санкт-Петербург;sale;flat;8;12;2;52.2;8000000;Приморский;проспект Авиаконструкторов;18К1;Комендантский проспект;
Самолет;developer;https://spb.cian.ru/sale/flat/296862464/;Санкт-Петербург;sale;flat;3;11;2;47.72;8051192;Колпинский;;к39;Рыбацкое;Новое Колпино ЖК
Самолет;developer;https://spb.cian.ru/sale/flat/298891312/;Санкт-Петербург;sale;flat;5;11;2;48.66;8129055;Колпинский;;к39;Рыбацкое;Новое Колпино ЖК
Петербургская Строительная Компания;developer;https://spb.cian.ru/sale/flat/294033169/;Санкт-Петербург;sale;flat;1;5;2;45.54;8121574;Московский;Пулковский меридиан;;Звездная;Плюс Пулковский ЖК
Лидер Групп;developer;https://spb.cian.ru/sale/flat/296280508/;Санкт-Петербург;sale;flat;6;12;2;51.65;8134875;Пушкинский;;;;Аэросити Клаб ЖК
Лидер Групп;developer;https://spb.cian.ru/sale/flat/296280822/;Санкт-Петербург;sale;flat;9;12;2;50.0;8100000;Пушкинский;;;;Аэросити 5 ЖК
ЛСР Санкт-Петербург;developer;https://spb.cian.ru/sale/flat/299237162/;Санкт-Петербург;sale;flat;13;22;2;50.7;8137350;Красногвардейский; Пейзажная;6;Девяткино;Цветной Город
Самолет;developer;https://spb.cian.ru/sale/flat/293448305/;Санкт-Петербург;sale;flat;5;11;2;46.62;8086653;Колпинский;;к39;Рыбацкое;Новое Колпино ЖК
Лидер Групп;developer;https://spb.cian.ru/sale/flat/286950585/;Санкт-Петербург;sale;flat;2;12;2;58.15;8141000;Пушкинский;Аэросити 4 жилой квартал;;;Аэросити 4
Лидер Групп;developer;https://spb.cian.ru/sale/flat/296280232/;Санкт-Петербург;sale;flat;2;12;2;58.2;8148000;Пушкинский;;;;Аэросити Клаб ЖК
;;https://spb.cian.ru/sale/flat/298961732/;Санкт-Петербург;sale;flat;2;11;2;64.82;8102500;Пушкинский;Ленсоветовский тер.;;Шушары;Смарт
ТРЕНД;real_estate_agent;https://spb.cian.ru/sale/flat/297326444/;Санкт-Петербург;sale;flat;4;10;2;43.3;8100000;Приморский;Аэродромная ;9;Пионерская;
ID 65494859;realtor;https://spb.cian.ru/sale/flat/294696681/;Санкт-Петербург;sale;flat;3;10;2;50.1;8050000;Фрунзенский;Купчинская ;24;Купчино;
Самолет;developer;https://spb.cian.ru/sale/flat/296654411/;Санкт-Петербург;sale;flat;3;11;2;48.14;8173346;Колпинский;;к38;Рыбацкое;Новое Колпино ЖК
Петербургская Строительная Компания;developer;https://spb.cian.ru/sale/flat/294033174/;Санкт-Петербург;sale;flat;4;5;2;45.21;8229848;Московский;Пулковский меридиан;;Международная;Плюс Пулковский ЖК
Лидер Групп;developer;https://spb.cian.ru/sale/flat/296280780/;Санкт-Петербург;sale;flat;9;12;2;51.9;8174250;Пушкинский;;;;Аэросити 5 ЖК
Технополис;developer;https://spb.cian.ru/sale/flat/299599953/;Санкт-Петербург;sale;flat;3;8;2;50.43;8169660;Красносельский; Лермонтова;15к2Б;Проспект Ветеранов;Новикола
Самолет;developer;https://spb.cian.ru/sale/flat/296759854/;Санкт-Петербург;sale;flat;2;7;2;46.2;8195649;Курортный;;;Беговая;Курортный квартал ЖК
Самолет;developer;https://spb.cian.ru/sale/flat/298891307/;Санкт-Петербург;sale;flat;3;11;2;49.05;8185598;Колпинский;;к38;Рыбацкое;Новое Колпино ЖК
Стоун;developer;https://spb.cian.ru/sale/flat/294086945/;Санкт-Петербург;sale;flat;10;10;2;70.69;8235040;Пушкинский;;;Шушары;Полет ЖК
Стоун;developer;https://spb.cian.ru/sale/flat/294087714/;Санкт-Петербург;sale;flat;11;11;2;70.17;8174720;Пушкинский;;;Шушары;Полет ЖК
Лидер Групп;developer;https://spb.cian.ru/sale/flat/297023891/;Санкт-Петербург;sale;flat;2;25;2;46.91;8209250;Красногвардейский;Полюстрово;69;;Старлайт
Лидер Групп;developer;https://spb.cian.ru/sale/flat/286951294/;Санкт-Петербург;sale;flat;3;12;2;56.35;8170750;Пушкинский;Аэросити 4 жилой квартал;;;Аэросити 4
Лидер Групп;developer;https://spb.cian.ru/sale/flat/286950728/;Санкт-Петербург;sale;flat;2;12;2;58.67;8213800;Пушкинский;Аэросити 4 жилой квартал;;;Аэросити 4
Лидер Групп;developer;https://spb.cian.ru/sale/flat/297023702/;Санкт-Петербург;sale;flat;10;25;2;51.91;8175825;Красногвардейский;Полюстрово;69;;Старлайт
ФСК;developer;https://spb.cian.ru/sale/flat/295183609/;Санкт-Петербург;sale;flat;2;17;2;59.12;8159293;Невский;Невский;;;Зум на Неве ЖК
ТРЕНД;real_estate_agent;https://spb.cian.ru/sale/flat/299372535/;Санкт-Петербург;sale;flat;4;5;2;45.0;8200000;Выборгский;Светлановский проспект;59К2;Политехническая;
Квартирная тема;real_estate_agent;https://spb.cian.ru/sale/flat/293835139/;Санкт-Петербург;sale;flat;2;12;2;42.7;8200000;Московский; Ленсовета;43;Московская;
Петербургская Строительная Компания;developer;https://spb.cian.ru/sale/flat/294033178/;Санкт-Петербург;sale;flat;1;5;2;47.03;8269830;Московский;Пулковский меридиан;;Звездная;Плюс Пулковский ЖК
Самолет;developer;https://spb.cian.ru/sale/flat/296759948/;Санкт-Петербург;sale;flat;2;8;2;49.2;8269093;Курортный;;;Проспект Просвещения;Курортный квартал ЖК
ID 47361186;realtor;https://spb.cian.ru/sale/flat/299203572/;Санкт-Петербург;sale;flat;14;14;2;52.0;8280000;Выборгский; Композиторов;11К1;Проспект Просвещения;
Самолет;developer;https://spb.cian.ru/sale/flat/294402044/;Санкт-Петербург;sale;flat;7;11;2;50.39;8273794;Колпинский;;к38;Рыбацкое;Новое Колпино ЖК
Петербургская Строительная Компания;developer;https://spb.cian.ru/sale/flat/294049786/;Санкт-Петербург;sale;flat;1;5;2;47.8;8357471;Московский;Пулковский меридиан;;Звездная;Плюс Пулковский ЖК
Лидер Групп;developer;https://spb.cian.ru/sale/flat/296280565/;Санкт-Петербург;sale;flat;2;12;2;59.41;8317400;Пушкинский;;;;Аэросити Клаб ЖК
Самолет;developer;https://spb.cian.ru/sale/flat/290584338/;Санкт-Петербург;sale;flat;6;8;2;45.8;8396485;Курортный;;5;Парнас;Курортный квартал ЖК
Самолет;developer;https://spb.cian.ru/sale/flat/296290983/;Санкт-Петербург;sale;flat;7;8;2;45.5;8392335;Курортный;;6;Проспект Просвещения;Курортный квартал ЖК
Самолет;developer;https://spb.cian.ru/sale/flat/296759949/;Санкт-Петербург;sale;flat;2;8;2;51.1;8390657;Курортный;;;Проспект Просвещения;Курортный квартал ЖК
Самолет;developer;https://spb.cian.ru/sale/flat/296759988/;Санкт-Петербург;sale;flat;2;10;2;47.7;8388399;Курортный;;;Парнас;Курортный квартал ЖК
Самолет;developer;https://spb.cian.ru/sale/flat/293529887/;Санкт-Петербург;sale;flat;1;23;2;37.54;8389357;Невский;Рыбацкое;4;Рыбацкое;Живи в Рыбацком ЖК
Лидер Групп;developer;https://spb.cian.ru/sale/flat/286950832/;Санкт-Петербург;sale;flat;2;12;2;59.85;8379000;Пушкинский;Аэросити 4 жилой квартал;;;Аэросити 4
ФСК;developer;https://spb.cian.ru/sale/flat/295182784/;Санкт-Петербург;sale;flat;2;14;2;60.73;8381493;Невский;Невский;;;Зум на Неве ЖК
ТРЕНД;real_estate_agent;https://spb.cian.ru/sale/flat/299099232/;Санкт-Петербург;sale;flat;8;9;2;50.7;8360000;Выборгский; Руднева;13;Проспект Просвещения;
Реал;real_estate_agent;https://spb.cian.ru/sale/flat/297495206/;Санкт-Петербург;sale;flat;3;5;2;50.7;8350000;Невский;Караваевская ;41/3;Рыбацкое;
;;https://spb.cian.ru/sale/flat/292413351/;Санкт-Петербург;sale;flat;1;6;2;56.5;8305500;Курортный; Строителей;3к2;;Granholm Village
Самолет;developer;https://spb.cian.ru/sale/flat/290255623/;Санкт-Петербург;sale;flat;1;11;2;51.97;8480705;Колпинский;;к36;Рыбацкое;Новое Колпино ЖК
Лидер Групп;developer;https://spb.cian.ru/sale/flat/296280442/;Санкт-Петербург;sale;flat;2;12;2;60.08;8411200;Пушкинский;;;;Аэросити Клаб ЖК
ЛСР Санкт-Петербург;developer;https://spb.cian.ru/sale/flat/294542434/;Санкт-Петербург;sale;flat;1;21;2;43.33;8423352;Красногвардейский;м. Гражданский проспект;;Гражданский проспект;Ручьи ЖК
Самолет;developer;https://spb.cian.ru/sale/flat/296862462/;Санкт-Петербург;sale;flat;7;11;2;50.57;8454672;Колпинский;;к39;Рыбацкое;Новое Колпино ЖК
Стоун;developer;https://spb.cian.ru/sale/flat/297264991/;Санкт-Петербург;sale;flat;6;6;2;51.36;8406680;Московский;Пулковский меридиан;;Звездная;Перспектива ЖК
Стоун;developer;https://spb.cian.ru/sale/flat/297264900/;Санкт-Петербург;sale;flat;2;6;2;55.98;8432000;Московский;Пулковский меридиан;;Звездная;Перспектива ЖК
;;https://spb.cian.ru/sale/flat/298269820/;Санкт-Петербург;sale;flat;9;9;2;53.11;8497600;Колпинский;Заречье тер.;;Рыбацкое;Квартал Заречье
;;https://spb.cian.ru/sale/flat/298269713/;Санкт-Петербург;sale;flat;2;9;2;53.63;8473540;Колпинский;Заречье тер.;;Рыбацкое;Квартал Заречье
Лидер Групп;developer;https://spb.cian.ru/sale/flat/286945389/;Санкт-Петербург;sale;flat;3;12;2;48.82;8543500;Пушкинский;;;;Аэросити 3 ЖК
Лидер Групп;developer;https://spb.cian.ru/sale/flat/286945432/;Санкт-Петербург;sale;flat;2;12;2;50.03;8505100;Пушкинский;;;;Аэросити 3 ЖК
ТРЕНД;real_estate_agent;https://spb.cian.ru/sale/flat/296745283/;Санкт-Петербург;sale;flat;8;16;2;51.2;8500000;Красногвардейский;проспект Наставников;21;Проспект Большевиков;
ID 112999821;homeowner;https://spb.cian.ru/sale/flat/298335675/;Санкт-Петербург;sale;flat;2;9;2;50.5;8500000;Красногвардейский;проспект Энергетиков;68;Лесная;
Лидер Групп;developer;https://spb.cian.ru/sale/flat/296280582/;Санкт-Петербург;sale;flat;2;12;2;61.18;8565200;Пушкинский;;;;Аэросити Клаб ЖК
Технополис;developer;https://spb.cian.ru/sale/flat/299600084/;Санкт-Петербург;sale;flat;5;8;2;53.01;8587620;Красносельский; Лермонтова;15к2Б;Проспект Ветеранов;Новикола
Стоун;developer;https://spb.cian.ru/sale/flat/297264925/;Санкт-Петербург;sale;flat;6;6;2;52.3;8559900;Московский;Пулковский меридиан;;Звездная;Перспектива ЖК
IN HOME-НЕДВИЖИМОСТЬ;real_estate_agent;https://spb.cian.ru/sale/flat/298210491/;Санкт-Петербург;sale;flat;8;10;2;62.6;8600000;Пушкинский;Красносельское шоссе;55;Купчино;Идеал
Самолет;developer;https://spb.cian.ru/sale/flat/295474785/;Санкт-Петербург;sale;flat;3;11;2;49.05;8745812;Колпинский;;к32;Рыбацкое;Новое Колпино ЖК
Петербургская Строительная Компания;developer;https://spb.cian.ru/sale/flat/294033186/;Санкт-Петербург;sale;flat;2;5;2;51.31;8704596;Московский;Пулковский меридиан;;Звездная;Плюс Пулковский ЖК
Лидер Групп;developer;https://spb.cian.ru/sale/flat/296280652/;Санкт-Петербург;sale;flat;8;12;2;57.67;8650500;Пушкинский;;;;Аэросити 5 ЖК
Эталон СПБ;developer;https://spb.cian.ru/sale/flat/298655323/;Санкт-Петербург;sale;flat;2;12;2;56.5;8740954;Пушкинский;;;Звездная;Монография ЖК
Лидер Групп;developer;https://spb.cian.ru/sale/flat/286950935/;Санкт-Петербург;sale;flat;2;12;2;62.2;8708000;Пушкинский;Аэросити 4 жилой квартал;;;Аэросити 4
Лидер Групп;developer;https://spb.cian.ru/sale/flat/297023711/;Санкт-Петербург;sale;flat;2;25;2;49.96;8743000;Красногвардейский;Полюстрово;69;;Старлайт
;;https://spb.cian.ru/sale/flat/298270294/;Санкт-Петербург;sale;flat;1;9;2;54.67;8692530;Колпинский;Заречье тер.;;Рыбацкое;Квартал Заречье
;;https://spb.cian.ru/sale/flat/292413239/;Санкт-Петербург;sale;flat;1;6;2;59.5;8746500;Курортный; Строителей;3к1;;Granholm Village
Самолет;developer;https://spb.cian.ru/sale/flat/295688423/;Санкт-Петербург;sale;flat;1;11;2;51.97;8778130;Колпинский;;к34;Рыбацкое;Новое Колпино ЖК
Эталон СПБ;developer;https://spb.cian.ru/sale/flat/299132619/;Санкт-Петербург;sale;flat;2;12;2;57.5;8758927;Пушкинский;;;Звездная;Монография ЖК
;;https://spb.cian.ru/sale/flat/298269748/;Санкт-Петербург;sale;flat;5;9;2;56.31;8784360;Колпинский;Заречье тер.;;Рыбацкое;Квартал Заречье
ГлавстройСПб;developer;https://spb.cian.ru/sale/flat/297361015/;Санкт-Петербург;sale;flat;1;24;2;52.5;8762250;Приморский; Ивинская;19к1;Комендантский проспект;Юнтолово
Самолет;developer;https://spb.cian.ru/sale/flat/299406000/;Санкт-Петербург;sale;flat;3;11;2;49.05;8886684;Колпинский;;к36;Рыбацкое;Новое Колпино ЖК
Петербургская Строительная Компания;developer;https://spb.cian.ru/sale/flat/294049919/;Санкт-Петербург;sale;flat;2;5;2;53.19;8890678;Московский;Пулковский меридиан;;Звездная;Плюс Пулковский ЖК
Петербургская Строительная Компания;developer;https://spb.cian.ru/sale/flat/294049827/;Санкт-Петербург;sale;flat;4;5;2;52.48;8892597;Московский;Пулковский меридиан;;Проспект Славы;Плюс Пулковский ЖК
ГлавстройСПб;developer;https://spb.cian.ru/sale/flat/297362077/;Санкт-Петербург;sale;flat;4;23;2;48.97;8899638;Приморский; Ивинская;5к1;Зенит;ПАРК-КВАРТАЛ Юнтолово
VEREN GROUP;developer;https://spb.cian.ru/sale/flat/295329496/;Санкт-Петербург;sale;flat;4;10;2;39.0;8803883;Приморский;Парашютная ;79к1;Комендантский проспект;Veren Next Шуваловский
;;https://spb.cian.ru/sale/flat/298270698/;Санкт-Петербург;sale;flat;9;9;2;56.52;8873640;Колпинский;Заречье тер.;;Рыбацкое;Квартал Заречье
;;https://spb.cian.ru/sale/flat/298270202/;Санкт-Петербург;sale;flat;2;9;2;57.54;8861160;Колпинский;Заречье тер.;;Рыбацкое;Квартал Заречье
ТРЕНД;real_estate_agent;https://spb.cian.ru/sale/flat/297360429/;Санкт-Петербург;sale;flat;4;9;2;44.0;8800000;Калининский;Гражданский проспект;90К1;;
ГлавстройСПб;developer;https://spb.cian.ru/sale/flat/297361399/;Санкт-Петербург;sale;flat;1;17;2;49.4;8892000;Приморский; Ивинская;15;Комендантский проспект;Юнтолово
Самолет;developer;https://spb.cian.ru/sale/flat/299406005/;Санкт-Петербург;sale;flat;7;11;2;53.59;8907969;Колпинский;;к38;Рыбацкое;Новое Колпино ЖК
Самолет;developer;https://spb.cian.ru/sale/flat/296862456/;Санкт-Петербург;sale;flat;3;11;2;49.05;8994839;Колпинский;;к34;Рыбацкое;Новое Колпино ЖК
Луч;real_estate_agent;https://spb.cian.ru/sale/flat/298528192/;Санкт-Петербург;sale;flat;6;9;2;46.0;8949000;Выборгский; Асафьева;2К1;Проспект Просвещения;
Самолет;developer;https://spb.cian.ru/sale/flat/299260924/;Санкт-Петербург;sale;flat;17;23;2;36.5;8986249;Невский;Рыбацкое;5;Рыбацкое;Живи в Рыбацком ЖК
АЛЕКСАНДР-НЕДВИЖИМОСТЬ;real_estate_agent;https://spb.cian.ru/sale/flat/295434840/;Санкт-Петербург;sale;flat;9;14;2;55.8;8900000;Фрунзенский;Софийская ;30К2;Международная;
Лидер Групп;developer;https://spb.cian.ru/sale/flat/299172855/;Санкт-Петербург;sale;flat;12;12;2;55.8;8928000;Пушкинский;проспект Старорусский;9;;Аэросити 2
VoolfEstate;real_estate_agent;https://spb.cian.ru/sale/flat/298735007/;Санкт-Петербург;sale;flat;3;5;2;41.2;8900000;Курортный; Воскова;11;Беговая;
Группа Аквилон;developer;https://spb.cian.ru/sale/flat/294664679/;Санкт-Петербург;sale;flat;11;11;2;57.6;8974080;Пушкинский;проспект Старорусский;13к1;Звездная;All Inclusive
;;https://spb.cian.ru/sale/flat/298269922/;Санкт-Петербург;sale;flat;2;9;2;58.83;8942160;Колпинский;Заречье тер.;;Рыбацкое;Квартал Заречье
ГлавстройСПб;developer;https://spb.cian.ru/sale/flat/297361391/;Санкт-Петербург;sale;flat;1;17;2;52.0;8970000;Приморский; Ивинская;15;Комендантский проспект;Юнтолово
;;https://spb.cian.ru/sale/flat/292413318/;Санкт-Петербург;sale;flat;1;6;2;60.9;8952300;Курортный; Строителей;3к2;;Granholm Village
Виолетта Оборина;realtor;https://spb.cian.ru/sale/flat/296015483/;Санкт-Петербург;sale;flat;3;5;2;44.4;8999000;Калининский; Руставели;64К2;Гражданский проспект;
Самолет;developer;https://spb.cian.ru/sale/flat/295474744/;Санкт-Петербург;sale;flat;3;11;2;49.56;9068986;Колпинский;;к34;Рыбацкое;Новое Колпино ЖК
Петербургская Строительная Компания;developer;https://spb.cian.ru/sale/flat/298626590/;Санкт-Петербург;sale;flat;1;5;2;55.5;9071628;Московский;Пулковский меридиан;;Звездная;Плюс Пулковский ЖК
Петербургская Строительная Компания;developer;https://spb.cian.ru/sale/flat/295852623/;Санкт-Петербург;sale;flat;4;5;2;54.02;9083383;Московский;Пулковский меридиан;;Звездная;Плюс Пулковский ЖК
Петербургская Строительная Компания;developer;https://spb.cian.ru/sale/flat/295852620/;Санкт-Петербург;sale;flat;1;5;2;55.36;9043213;Московский;Пулковский меридиан;;Купчино;Плюс Пулковский ЖК
ГлавстройСПб;developer;https://spb.cian.ru/sale/flat/298977453/;Санкт-Петербург;sale;flat;10;23;2;53.94;9088624;Приморский; Ивинская;1к2;Зенит;ПАРК-КВАРТАЛ Юнтолово
Эталон СПБ;developer;https://spb.cian.ru/sale/flat/298655332/;Санкт-Петербург;sale;flat;2;12;2;58.6;9058002;Пушкинский;;;Звездная;Монография ЖК
ЛСР Санкт-Петербург;developer;https://spb.cian.ru/sale/flat/296626645/;Санкт-Петербург;sale;flat;22;25;2;57.7;9058900;Красногвардейский;Полюстрово;;Академическая;Цветной Город
Лидер Групп;developer;https://spb.cian.ru/sale/flat/296280981/;Санкт-Петербург;sale;flat;12;12;2;56.5;9040000;Пушкинский;проспект Старорусский;9;;Аэросити 2
Лидер Групп;developer;https://spb.cian.ru/sale/flat/286945376/;Санкт-Петербург;sale;flat;12;12;2;51.73;9052750;Пушкинский;;;;Аэросити 3 ЖК
Лидер Групп;developer;https://spb.cian.ru/sale/flat/286947694/;Санкт-Петербург;sale;flat;2;12;2;53.1;9027000;Пушкинский;;;;Аэросити 3 ЖК
Лидер Групп;developer;https://spb.cian.ru/sale/flat/286945643/;Санкт-Петербург;sale;flat;12;12;2;46.6;9017100;Пушкинский;;;;Аэросити 3 ЖК
ГлавстройСПб;developer;https://spb.cian.ru/sale/flat/297884774/;Санкт-Петербург;sale;flat;19;23;2;48.24;9097039;Приморский; Ивинская;5к1;Зенит;ПАРК-КВАРТАЛ Юнтолово
ГлавстройСПб;developer;https://spb.cian.ru/sale/flat/297885273/;Санкт-Петербург;sale;flat;4;23;2;50.14;9068475;Приморский; Ивинская;5к2;Зенит;ПАРК-КВАРТАЛ Юнтолово
Терминал-Ресурс;developer;https://spb.cian.ru/sale/flat/296120236/;Санкт-Петербург;sale;flat;1;4;2;55.16;9046240;Пушкинский;;;Звездная;Образцовый квартал 15 ЖК
ГлавстройСПб;developer;https://spb.cian.ru/sale/flat/297361007/;Санкт-Петербург;sale;flat;1;24;2;52.0;9001200;Приморский; Ивинская;19к1;Комендантский проспект;Юнтолово
ГлавстройСПб;developer;https://spb.cian.ru/sale/flat/297361151/;Санкт-Петербург;sale;flat;1;17;2;51.4;9097800;Приморский; Ивинская;9;Комендантский проспект;Юнтолово
Петербургская Строительная Компания;developer;https://spb.cian.ru/sale/flat/295852758/;Санкт-Петербург;sale;flat;1;5;2;56.73;9159317;Московский;Пулковский меридиан;;Международная;Плюс Пулковский ЖК
ГлавстройСПб;developer;https://spb.cian.ru/sale/flat/297361185/;Санкт-Петербург;sale;flat;1;24;2;52.1;9117500;Приморский; Ивинская;19к2;Комендантский проспект;Юнтолово
ГлавстройСПб;developer;https://spb.cian.ru/sale/flat/298977572/;Санкт-Петербург;sale;flat;4;23;2;55.01;9162720;Приморский; Ивинская;1к2;Зенит;ПАРК-КВАРТАЛ Юнтолово
;;https://spb.cian.ru/sale/flat/298270568/;Санкт-Петербург;sale;flat;9;9;2;59.73;9198420;Колпинский;Заречье тер.;;Рыбацкое;Квартал Заречье
Лидер Групп;developer;https://spb.cian.ru/sale/flat/296280983/;Санкт-Петербург;sale;flat;4;12;2;53.8;9146000;Пушкинский;проспект Старорусский;9;;Аэросити 2
ГлавстройСПб;developer;https://spb.cian.ru/sale/flat/297885263/;Санкт-Петербург;sale;flat;2;23;2;50.69;9145444;Приморский; Ивинская;5к2;Зенит;ПАРК-КВАРТАЛ Юнтолово
ГлавстройСПб;developer;https://spb.cian.ru/sale/flat/297361124/;Санкт-Петербург;sale;flat;1;17;2;48.9;9124740;Приморский; Ивинская;9;Комендантский проспект;Юнтолово
ГлавстройСПб;developer;https://spb.cian.ru/sale/flat/297361226/;Санкт-Петербург;sale;flat;1;24;2;51.2;9113600;Приморский; Ивинская;19к3;Комендантский проспект;Юнтолово
;;https://spb.cian.ru/sale/flat/292413403/;Санкт-Петербург;sale;flat;1;6;2;62.5;9187500;Курортный; Строителей;3к2;;Granholm Village
;;https://spb.cian.ru/sale/flat/292413381/;Санкт-Петербург;sale;flat;2;6;2;62.02;9116940;Курортный; Строителей;3к2;;Granholm Village
ID 100726340;homeowner;https://spb.cian.ru/sale/flat/293865252/;Санкт-Петербург;sale;flat;24;24;2;56.4;9190000;Невский; Русановская;16к1;Ломоносовская;ЦДС Приневский
ID 15505151;realtor;https://spb.cian.ru/sale/flat/294512510/;Санкт-Петербург;sale;flat;15;15;2;54.6;9100000;Кировский;Ленинский проспект;127;Ленинский проспект;
Петербургская Недвижимость;representative_developer;https://spb.cian.ru/sale/flat/297392349/;Санкт-Петербург;sale;flat;1;4;2;51.7;9200325;Пушкинский;;;Купчино;Универ Сити ЖК
Петербургская Недвижимость;representative_developer;https://spb.cian.ru/sale/flat/299043944/;Санкт-Петербург;sale;flat;1;5;2;50.88;9200147;Московский;Пулковский меридиан;;Звездная;Парадный ансамбль
Лидер Групп;developer;https://spb.cian.ru/sale/flat/296280899/;Санкт-Петербург;sale;flat;2;12;2;59.4;9207000;Пушкинский;проспект Старорусский;9;;Аэросити 2
Лидер Групп;developer;https://spb.cian.ru/sale/flat/296280893/;Санкт-Петербург;sale;flat;2;12;2;59.5;9222500;Пушкинский;проспект Старорусский;9;;Аэросити 2
Эталон СПБ;developer;https://spb.cian.ru/sale/flat/298655354/;Санкт-Петербург;sale;flat;2;12;2;59.7;9233814;Пушкинский;;;Звездная;Монография ЖК
Эталон СПБ;developer;https://spb.cian.ru/sale/flat/298655349/;Санкт-Петербург;sale;flat;6;12;2;56.4;9212401;Пушкинский;;;Звездная;Монография ЖК
ГлавстройСПб;developer;https://spb.cian.ru/sale/flat/297361195/;Санкт-Петербург;sale;flat;1;24;2;53.0;9237900;Приморский; Ивинская;19к3;Комендантский проспект;Юнтолово
ГлавстройСПб;developer;https://spb.cian.ru/sale/flat/297361122/;Санкт-Петербург;sale;flat;1;17;2;53.3;9204910;Приморский; Ивинская;9;Комендантский проспект;Юнтолово
VEREN GROUP;developer;https://spb.cian.ru/sale/flat/298402678/;Санкт-Петербург;sale;flat;6;10;2;40.1;9316435;Приморский;Парашютная ;79к1;Комендантский проспект;Veren Next Шуваловский
Лидер Групп;developer;https://spb.cian.ru/sale/flat/286946368/;Санкт-Петербург;sale;flat;2;12;2;54.53;9270100;Пушкинский;;;;Аэросити 3 ЖК
ГлавстройСПб;developer;https://spb.cian.ru/sale/flat/297361888/;Санкт-Петербург;sale;flat;4;23;2;53.78;9339232;Приморский; Ивинская;5к2;Зенит;ПАРК-КВАРТАЛ Юнтолово
ГлавстройСПб;developer;https://spb.cian.ru/sale/flat/297361207/;Санкт-Петербург;sale;flat;2;24;2;51.8;9334360;Приморский; Ивинская;19к3;Комендантский проспект;Юнтолово
Лидер Групп;developer;https://spb.cian.ru/sale/flat/296280914/;Санкт-Петербург;sale;flat;10;12;2;58.2;9312000;Пушкинский;проспект Старорусский;9;;Аэросити 2
GloraX;developer;https://spb.cian.ru/sale/flat/294179107/;Санкт-Петербург;sale;flat;3;15;2;53.8;9319999;Выборгский;;;;Глоракс Парголово ЖК
КВС;developer;https://spb.cian.ru/sale/flat/279688588/;Санкт-Петербург;sale;flat;1;5;2;51.55;9304960;Пушкинский;Пулковское тер.;;Звездная;ЮгТаун. Олимпийские кварталы
ГлавстройСПб;developer;https://spb.cian.ru/sale/flat/297885367/;Санкт-Петербург;sale;flat;1;23;2;52.39;9293986;Приморский; Ивинская;1к4;Зенит;ПАРК-КВАРТАЛ Юнтолово
Терминал-Ресурс;developer;https://spb.cian.ru/sale/flat/296120255/;Санкт-Петербург;sale;flat;2;4;2;53.1;9292500;Пушкинский;;;Звездная;Образцовый квартал 15 ЖК
Терминал-Ресурс;developer;https://spb.cian.ru/sale/flat/296120241/;Санкт-Петербург;sale;flat;1;4;2;56.86;9325040;Пушкинский;;;Звездная;Образцовый квартал 15 ЖК
КВС;developer;https://spb.cian.ru/sale/flat/292309681/;Санкт-Петербург;sale;flat;4;5;2;52.42;9302490;Пушкинский;;;Звездная;ЮгТаун ЖК
ГлавстройСПб;developer;https://spb.cian.ru/sale/flat/298977561/;Санкт-Петербург;sale;flat;2;23;2;55.6;9258064;Приморский; Ивинская;1к2;Зенит;ПАРК-КВАРТАЛ Юнтолово
ГлавстройСПб;developer;https://spb.cian.ru/sale/flat/297361397/;Санкт-Петербург;sale;flat;1;17;2;53.6;9267440;Приморский; Ивинская;15;Комендантский проспект;Юнтолово
;;https://spb.cian.ru/sale/flat/292413410/;Санкт-Петербург;sale;flat;5;6;2;63.6;9349200;Курортный; Строителей;3к2;;Granholm Village
ID 29118717;homeowner;https://spb.cian.ru/sale/flat/295661935/;Санкт-Петербург;sale;flat;4;5;2;46.2;9300000;Курортный; Первого Мая;5;Беговая;
ID 85802301;unknown;https://spb.cian.ru/sale/flat/297472378/;Санкт-Петербург;sale;flat;12;25;2;60.0;9300000;Пушкинский;переулок Вилеровский;8;Купчино;Шушары
VEREN GROUP;developer;https://spb.cian.ru/sale/flat/285685237/;Санкт-Петербург;sale;flat;2;3;2;48.9;9446975;Петродворцовый;Красносельское шоссе;22;Ленинский проспект;Veren Village Стрельна
ГлавстройСПб;developer;https://spb.cian.ru/sale/flat/297884712/;Санкт-Петербург;sale;flat;3;23;2;54.69;9448675;Приморский; Ивинская;5к1;Зенит;ПАРК-КВАРТАЛ Юнтолово
;;https://spb.cian.ru/sale/flat/298270162/;Санкт-Петербург;sale;flat;5;9;2;61.18;9421720;Колпинский;Заречье тер.;;Рыбацкое;Квартал Заречье
Самолет;developer;https://spb.cian.ru/sale/flat/288563589/;Санкт-Петербург;sale;flat;1;8;2;52.1;9436358;Курортный;;3;Проспект Просвещения;Курортный квартал ЖК
Лидер Групп;developer;https://spb.cian.ru/sale/flat/295100657/;Санкт-Петербург;sale;flat;4;12;2;53.65;9388750;Пушкинский;;;;Аэросити 6 ЖК
Технополис;developer;https://spb.cian.ru/sale/flat/299600065/;Санкт-Петербург;sale;flat;2;8;2;57.31;9427495;Красносельский; Лермонтова;15к2Б;Проспект Ветеранов;Новикола
Лидер Групп;developer;https://spb.cian.ru/sale/flat/286947508/;Санкт-Петербург;sale;flat;3;12;2;53.79;9413250;Пушкинский;;;;Аэросити 3 ЖК
КВС;developer;https://spb.cian.ru/sale/flat/292309740/;Санкт-Петербург;sale;flat;1;5;2;55.0;9388788;Пушкинский;;;Звездная;ЮгТаун ЖК
ID 65796098;homeowner;https://spb.cian.ru/sale/flat/298736830/;Санкт-Петербург;sale;flat;9;12;2;47.8;9395000;Московский;Пулковское шоссе;9К2;Московская;
Петербургская Недвижимость;representative_developer;https://spb.cian.ru/sale/flat/294338015/;Санкт-Петербург;sale;flat;1;4;2;49.26;9450284;Пушкинский;;;Шушары;Универ Сити ЖК
Петербургская Недвижимость;representative_developer;https://spb.cian.ru/sale/flat/294799871/;Санкт-Петербург;sale;flat;1;4;2;50.03;9450016;Пушкинский;;;Купчино;Универ Сити ЖК
ГлавстройСПб;developer;https://spb.cian.ru/sale/flat/297361959/;Санкт-Петербург;sale;flat;10;23;2;55.21;9542130;Приморский; Ивинская;5к2;Зенит;ПАРК-КВАРТАЛ Юнтолово
ЦАН - Центральное Агентство Недвижимости;real_estate_agent;https://spb.cian.ru/sale/flat/297299916/;Санкт-Петербург;sale;flat;17;24;2;63.2;9500000;Пушкинский;проспект Новгородский;10;Купчино;Шушары
Satanovskiy Group;real_estate_agent;https://spb.cian.ru/sale/flat/296580984/;Санкт-Петербург;sale;flat;13;13;2;54.95;9500000;Красногвардейский;Северный проспект;123к3;Академическая;Ручьи
Самолет;developer;https://spb.cian.ru/sale/flat/288563591/;Санкт-Петербург;sale;flat;8;8;2;52.5;9485885;Курортный;;6;Проспект Просвещения;Курортный квартал ЖК
Лидер Групп;developer;https://spb.cian.ru/sale/flat/295100608/;Санкт-Петербург;sale;flat;5;12;2;52.7;9486000;Пушкинский;;;;Аэросити 6 ЖК
Лидер Групп;developer;https://spb.cian.ru/sale/flat/299502615/;Санкт-Петербург;sale;flat;7;10;2;57.3;9540450;Пушкинский;;;;Аэросити Фемили ЖК
Агентство недвижимости Романа Чиковани;real_estate_agent;https://spb.cian.ru/sale/flat/286278702/;Санкт-Петербург;sale;flat;7;10;2;57.28;9500000;Московский;Витебский проспект;99к1;Купчино;IN2IT
КВС;developer;https://spb.cian.ru/sale/flat/295838047/;Санкт-Петербург;sale;flat;2;5;2;53.71;9546246;Пушкинский;;;Звездная;ЮгТаун ЖК
ГлавстройСПб;developer;https://spb.cian.ru/sale/flat/297361146/;Санкт-Петербург;sale;flat;1;17;2;54.7;9523270;Приморский; Ивинская;9;Комендантский проспект;Юнтолово
;;https://spb.cian.ru/sale/flat/298270132/;Санкт-Петербург;sale;flat;1;9;2;61.77;9450810;Колпинский;Заречье тер.;;Рыбацкое;Квартал Заречье
City Solutions;developer;https://spb.cian.ru/sale/flat/295855434/;Санкт-Петербург;sale;flat;6;6;2;34.9;9458633;Адмиралтейский;набережная Обводного Канала;118бБ;Балтийская;Обводный, 118
ID 67887098;homeowner;https://spb.cian.ru/sale/flat/285686689/;Санкт-Петербург;sale;flat;1;10;2;56.9;9500000;Приморский;Камышовая ;20;Комендантский проспект;
VEREN GROUP;developer;https://spb.cian.ru/sale/flat/285685240/;Санкт-Петербург;sale;flat;2;3;2;49.9;9640165;Петродворцовый;Красносельское шоссе;22;Ленинский проспект;Veren Village Стрельна
Петербургская Недвижимость;representative_developer;https://spb.cian.ru/sale/flat/299043879/;Санкт-Петербург;sale;flat;1;5;2;53.35;9600065;Московский;Пулковский меридиан;;Звездная;Парадный ансамбль
ГлавстройСПб;developer;https://spb.cian.ru/sale/flat/297884783/;Санкт-Петербург;sale;flat;2;23;2;55.7;9581916;Приморский; Ивинская;5к1;Зенит;ПАРК-КВАРТАЛ Юнтолово
Самолет;developer;https://spb.cian.ru/sale/flat/295253867/;Санкт-Петербург;sale;flat;2;23;2;36.41;9639107;Невский;Рыбацкое;4;Рыбацкое;Живи в Рыбацком ЖК
Технополис;developer;https://spb.cian.ru/sale/flat/299599954/;Санкт-Петербург;sale;flat;3;8;2;58.41;9608445;Красносельский; Лермонтова;15к2Б;Проспект Ветеранов;Новикола
Лидер Групп;developer;https://spb.cian.ru/sale/flat/286947455/;Санкт-Петербург;sale;flat;2;12;2;56.53;9610100;Пушкинский;;;;Аэросити 3 ЖК
Лидер Групп;developer;https://spb.cian.ru/sale/flat/295100685/;Санкт-Петербург;sale;flat;3;12;2;54.58;9551500;Пушкинский;;;;Аэросити 6 ЖК
ФСК;developer;https://spb.cian.ru/sale/flat/295183522/;Санкт-Петербург;sale;flat;13;14;2;66.23;9569883;Невский;Невский;;;Зум на Неве ЖК
GloraX;developer;https://spb.cian.ru/sale/flat/289898988/;Санкт-Петербург;sale;flat;2;15;2;53.14;9579999;Выборгский;;;;Глоракс Парголово ЖК
Терминал-Ресурс;developer;https://spb.cian.ru/sale/flat/296121267/;Санкт-Петербург;sale;flat;1;4;2;58.34;9567760;Пушкинский;;;Купчино;Образцовый квартал 14 ЖК
КВС;developer;https://spb.cian.ru/sale/flat/292310005/;Санкт-Петербург;sale;flat;1;5;2;56.84;9582771;Пушкинский;;;Звездная;ЮгТаун ЖК
К-25;developer;https://spb.cian.ru/sale/flat/294909893/;Санкт-Петербург;sale;flat;12;12;2;30.13;9641600;Приморский;м. Комендантский проспект;;Комендантский проспект;YE'S Primorsky Комплекс Апартаментов
ГлавстройСПб;developer;https://spb.cian.ru/sale/flat/297361941/;Санкт-Петербург;sale;flat;2;23;2;55.6;9555972;Приморский; Ивинская;5к2;Зенит;ПАРК-КВАРТАЛ Юнтолово
ГлавстройСПб;developer;https://spb.cian.ru/sale/flat/297361726/;Санкт-Петербург;sale;flat;2;23;2;54.55;9715251;Приморский; Ивинская;1к1;Зенит;ПАРК-КВАРТАЛ Юнтолово
VEREN GROUP;developer;https://spb.cian.ru/sale/flat/293828728/;Санкт-Петербург;sale;flat;3;3;2;47.1;9708388;Петродворцовый;Красносельское шоссе;22;Автово;Veren Village Стрельна
VEREN GROUP;developer;https://spb.cian.ru/sale/flat/298402715/;Санкт-Петербург;sale;flat;2;3;2;50.8;9720178;Петродворцовый;Красносельское шоссе;22;Проспект Ветеранов;Veren Village Стрельна
ФСК;developer;https://spb.cian.ru/sale/flat/297552906/;Санкт-Петербург;sale;flat;4;13;2;47.43;9743307;Приморский;Коломяжский проспект;4;Черная речка;Апартаменты Zoom Черная Речка
;;https://spb.cian.ru/sale/flat/298270795/;Санкт-Петербург;sale;flat;8;9;2;63.98;9724960;Колпинский;Заречье тер.;;Рыбацкое;Квартал Заречье
A-estate;real_estate_agent;https://spb.cian.ru/sale/flat/296384603/;Санкт-Петербург;sale;flat;5;12;2;49.2;9690000;Московский;Московское шоссе;3к5;Звездная;NEOPARK
Эталон СПБ;developer;https://spb.cian.ru/sale/flat/298655408/;Санкт-Петербург;sale;flat;5;12;2;60.8;9685466;Пушкинский;;;Звездная;Монография ЖК
Эталон СПБ;developer;https://spb.cian.ru/sale/flat/298655410/;Санкт-Петербург;sale;flat;2;12;2;63.0;9696742;Пушкинский;;;Звездная;Монография ЖК
Аквилон;developer;https://spb.cian.ru/sale/flat/292031207/;Санкт-Петербург;sale;flat;24;24;2;50.3;9674169;Невский; Русановская;24;Пролетарская;Аквилон SKY
ФСК;developer;https://spb.cian.ru/sale/flat/295182789/;Санкт-Петербург;sale;flat;2;14;2;73.52;9686568;Невский;Невский;;;Зум на Неве ЖК
К-25;developer;https://spb.cian.ru/sale/flat/294911274/;Санкт-Петербург;sale;flat;4;12;2;42.07;9676100;Приморский;м. Комендантский проспект;;Комендантский проспект;YE'S Primorsky Комплекс Апартаментов
ГлавстройСПб;developer;https://spb.cian.ru/sale/flat/297361265/;Санкт-Петербург;sale;flat;1;27;2;45.38;9652326;Выборгский;проезд Толубеевский;34к2;;Северная долина
ГлавстройСПб;developer;https://spb.cian.ru/sale/flat/297361368/;Санкт-Петербург;sale;flat;1;27;2;50.81;9745358;Выборгский;проезд Толубеевский;34к2;;Северная долина
ГлавстройСПб;developer;https://spb.cian.ru/sale/flat/297361737/;Санкт-Петербург;sale;flat;4;23;2;54.34;9706932;Приморский; Ивинская;1к1;Зенит;ПАРК-КВАРТАЛ Юнтолово
;;https://spb.cian.ru/sale/flat/298270721/;Санкт-Петербург;sale;flat;2;9;2;64.58;9687000;Колпинский;Заречье тер.;;Рыбацкое;Квартал Заречье
;;https://spb.cian.ru/sale/flat/292781676/;Санкт-Петербург;sale;flat;8;13;2;52.5;9722790;Невский;Варфоломеевская ;6;Ломоносовская;Апарт-отель Начало
ID 106507753;homeowner;https://spb.cian.ru/sale/flat/298298148/;Санкт-Петербург;sale;flat;3;25;2;51.81;9700000;Приморский;шоссе Суздальское;;Проспект Просвещения;Friends
ГлавстройСПб;developer;https://spb.cian.ru/sale/flat/297361417/;Санкт-Петербург;sale;flat;1;17;2;54.7;9785830;Приморский; Ивинская;15;Комендантский проспект;Юнтолово
Технополис;developer;https://spb.cian.ru/sale/flat/293979119/;Санкт-Петербург;sale;flat;2;8;2;59.3;9754850;Красносельский; Лермонтова;15к2Ж;Проспект Ветеранов;Новикола
Терминал-Ресурс;developer;https://spb.cian.ru/sale/flat/296122155/;Санкт-Петербург;sale;flat;1;4;2;59.32;9787800;Пушкинский;;;Купчино;Образцовый квартал 14 ЖК
Лидер Групп;developer;https://spb.cian.ru/sale/flat/286947599/;Санкт-Петербург;sale;flat;6;12;2;56.13;9822750;Пушкинский;;;;Аэросити 3 ЖК
;;https://spb.cian.ru/sale/flat/299252998/;Санкт-Петербург;sale;flat;1;9;2;36.6;9790500;Выборгский;Светлановский проспект;45;Политехническая;Дом-бутик Светлановский, 45
К-25;developer;https://spb.cian.ru/sale/flat/295861925/;Санкт-Петербург;sale;flat;9;12;2;37.5;9750000;Приморский;м. Комендантский проспект;;Комендантский проспект;YE'S Primorsky Комплекс Апартаментов
Терминал-Ресурс;developer;https://spb.cian.ru/sale/flat/296120254/;Санкт-Петербург;sale;flat;2;4;2;56.16;9771840;Пушкинский;;;Звездная;Образцовый квартал 15 ЖК
Терминал-Ресурс;developer;https://spb.cian.ru/sale/flat/296120271/;Санкт-Петербург;sale;flat;4;4;2;54.38;9842780;Пушкинский;;;Звездная;Образцовый квартал 15 ЖК
ГлавстройСПб;developer;https://spb.cian.ru/sale/flat/297360958/;Санкт-Петербург;sale;flat;1;27;2;55.1;9791270;Выборгский;проезд Толубеевский;36к1;;Северная долина
КВС;developer;https://spb.cian.ru/sale/flat/292309997/;Санкт-Петербург;sale;flat;2;5;2;56.08;9795639;Пушкинский;;;Звездная;ЮгТаун ЖК
;;https://spb.cian.ru/sale/flat/292781688/;Санкт-Петербург;sale;flat;9;13;2;52.4;9757299;Невский;Варфоломеевская ;6;Ломоносовская;Апарт-отель Начало
;;https://spb.cian.ru/sale/flat/292413437/;Санкт-Петербург;sale;flat;1;6;2;66.7;9804900;Курортный; Строителей;3к2;;Granholm Village
Петербургская Недвижимость;representative_developer;https://spb.cian.ru/sale/flat/295920886/;Санкт-Петербург;sale;flat;1;5;2;51.82;9900003;Московский;Пулковское шоссе;103В;Звездная;Парадный ансамбль
ГлавстройСПб;developer;https://spb.cian.ru/sale/flat/297885388/;Санкт-Петербург;sale;flat;3;23;2;55.09;9910475;Приморский; Ивинская;1к4;Зенит;ПАРК-КВАРТАЛ Юнтолово
;;https://spb.cian.ru/sale/flat/292413494/;Санкт-Петербург;sale;flat;6;6;2;67.6;9937200;Курортный; Строителей;3к2;;Granholm Village
ГлавстройСПб;developer;https://spb.cian.ru/sale/flat/297361365/;Санкт-Петербург;sale;flat;25;27;2;48.79;9925068;Выборгский;проезд Толубеевский;34к2;;Северная долина
Лидер Групп;developer;https://spb.cian.ru/sale/flat/296280894/;Санкт-Петербург;sale;flat;10;12;2;62.0;9920000;Пушкинский;проспект Старорусский;9;;Аэросити 2
Лидер Групп;developer;https://spb.cian.ru/sale/flat/297419306/;Санкт-Петербург;sale;flat;2;20;2;50.83;9911850;Красносельский; Маршала Казакова;64к1;;Южный Форт
Лидер Групп;developer;https://spb.cian.ru/sale/flat/294606055/;Санкт-Петербург;sale;flat;3;25;2;48.17;9874850;Красносельский; Маршала Казакова;64к1;;Южный Форт
Монолит;developer;https://spb.cian.ru/sale/flat/296835119/;Санкт-Петербург;sale;flat;10;15;2;52.3;9938162;Невский; Евдокима Огнева;3;Улица Дыбенко;WINGS апартаменты на Крыленко
Шельф;developer;https://spb.cian.ru/sale/flat/293279864/;Санкт-Петербург;sale;flat;13;26;2;58.5;9945000;Пушкинский;проспект Новгородский;2к3;Шушары;Simple
ГлавстройСПб;developer;https://spb.cian.ru/sale/flat/297361464/;Санкт-Петербург;sale;flat;18;27;2;54.31;10033485;Выборгский;Заречная ;48к2;Парнас;Северная долина
VEREN GROUP;developer;https://spb.cian.ru/sale/flat/292425307/;Санкт-Петербург;sale;flat;2;10;2;45.0;10036827;Приморский;Парашютная ;79к1;Комендантский проспект;Veren Next Шуваловский
VEREN GROUP;developer;https://spb.cian.ru/sale/flat/292425358/;Санкт-Петербург;sale;flat;9;10;2;42.0;10034620;Приморский;Парашютная ;79к1;Комендантский проспект;Veren Next Шуваловский
Петербургская Недвижимость;representative_developer;https://spb.cian.ru/sale/flat/295505290/;Санкт-Петербург;sale;flat;4;4;2;47.65;10000067;Пушкинский;шоссе Колпинское;127;Купчино;Univer City. Город возможностей
Технополис;developer;https://spb.cian.ru/sale/flat/299600010/;Санкт-Петербург;sale;flat;1;8;2;63.71;10002470;Красносельский; Лермонтова;15к2Б;Проспект Ветеранов;Новикола
Ленстройтрест;developer;https://spb.cian.ru/sale/flat/298649430/;Санкт-Петербург;sale;flat;1;5;2;54.4;10033200;Колпинский;шоссе Рубежное;14;Рыбацкое;Юттери
Лидер Групп;developer;https://spb.cian.ru/sale/flat/294606123/;Санкт-Петербург;sale;flat;4;25;2;48.71;9985550;Красносельский; Маршала Казакова;64к1;;Южный Форт
ГлавстройСПб;developer;https://spb.cian.ru/sale/flat/297884971/;Санкт-Петербург;sale;flat;2;23;2;55.92;10046652;Приморский; Ивинская;1к1;Зенит;ПАРК-КВАРТАЛ Юнтолово
ТРЕНД;real_estate_agent;https://spb.cian.ru/sale/flat/297042818/;Санкт-Петербург;sale;flat;1;5;2;55.0;10000000;Василеостровский;13-я Васильевского острова линия;62;Василеостровская;
Терминал-Ресурс;developer;https://spb.cian.ru/sale/flat/296121154/;Санкт-Петербург;sale;flat;1;4;2;60.32;9952800;Пушкинский;;;Купчино;Образцовый квартал 14 ЖК
ГлавстройСПб;developer;https://spb.cian.ru/sale/flat/298603018/;Санкт-Петербург;sale;flat;20;27;2;52.51;10032048;Выборгский;проезд Толубеевский;34к2;;Северная долина
Терминал-Ресурс;developer;https://spb.cian.ru/sale/flat/296122214/;Санкт-Петербург;sale;flat;1;4;2;61.0;10004000;Пушкинский;;;Купчино;Образцовый квартал 14 ЖК
КВС;developer;https://spb.cian.ru/sale/flat/292309984/;Санкт-Петербург;sale;flat;1;5;2;60.01;10005894;Пушкинский;;;Звездная;ЮгТаун ЖК
ID 80819862;realtor;https://spb.cian.ru/sale/flat/298939767/;Санкт-Петербург;sale;flat;9;9;2;51.7;9990000;Василеостровский; Кораблестроителей;35Г;Приморская;
VEREN GROUP;developer;https://spb.cian.ru/sale/flat/298402720/;Санкт-Петербург;sale;flat;3;3;2;51.5;10139571;Петродворцовый;Красносельское шоссе;22;Ленинский проспект;Veren Village Стрельна
Ленстройтрест;developer;https://spb.cian.ru/sale/flat/298649333/;Санкт-Петербург;sale;flat;1;5;2;63.04;10125360;Колпинский;проезд Понтонный;6;Рыбацкое;Юттери
;;https://spb.cian.ru/sale/flat/292413491/;Санкт-Петербург;sale;flat;5;6;2;68.7;10098900;Курортный; Строителей;3к2;;Granholm Village
КВС;developer;https://spb.cian.ru/sale/flat/292309614/;Санкт-Петербург;sale;flat;1;5;2;60.67;10119480;Пушкинский;;;Звездная;ЮгТаун ЖК
ФСК;developer;https://spb.cian.ru/sale/flat/295182928/;Санкт-Петербург;sale;flat;4;14;2;73.16;10064196;Невский;Невский;;;Зум на Неве ЖК
ГлавстройСПб;developer;https://spb.cian.ru/sale/flat/297361578/;Санкт-Петербург;sale;flat;12;17;2;48.8;10115315;Выборгский;Заречная ;48к1;Парнас;Северная долина
Технополис;developer;https://spb.cian.ru/sale/flat/299600000/;Санкт-Петербург;sale;flat;6;8;2;61.33;10088785;Красносельский; Лермонтова;15к2Б;Проспект Ветеранов;Новикола
ФСК;developer;https://spb.cian.ru/sale/flat/297553104/;Санкт-Петербург;sale;flat;10;13;2;47.7;10115500;Приморский;Коломяжский проспект;4;Черная речка;Апартаменты Zoom Черная Речка
Эталон СПБ;developer;https://spb.cian.ru/sale/flat/298655424/;Санкт-Петербург;sale;flat;3;12;2;64.1;10065447;Пушкинский;;;Звездная;Монография ЖК
Монолит;developer;https://spb.cian.ru/sale/flat/296210611/;Санкт-Петербург;sale;flat;3;15;2;55.0;10137820;Невский; Евдокима Огнева;3;Улица Дыбенко;WINGS апартаменты на Крыленко
К-25;developer;https://spb.cian.ru/sale/flat/294914013/;Санкт-Петербург;sale;flat;3;12;2;43.89;10094700;Приморский;м. Комендантский проспект;;Комендантский проспект;YE'S Primorsky Комплекс Апартаментов
ГлавстройСПб;developer;https://spb.cian.ru/sale/flat/297361287/;Санкт-Петербург;sale;flat;8;27;2;49.77;10113130;Выборгский;проезд Толубеевский;34к2;;Северная долина
Терминал-Ресурс;developer;https://spb.cian.ru/sale/flat/296120403/;Санкт-Петербург;sale;flat;1;4;2;61.47;10142550;Пушкинский;;;Купчино;Образцовый квартал 15 ЖК
Терминал-Ресурс;developer;https://spb.cian.ru/sale/flat/296122343/;Санкт-Петербург;sale;flat;1;4;2;64.01;10113580;Пушкинский;;;Купчино;Образцовый квартал 14 ЖК
;;https://spb.cian.ru/sale/flat/298270045/;Санкт-Петербург;sale;flat;1;9;2;65.7;10052100;Колпинский;Заречье тер.;;Рыбацкое;Квартал Заречье
Технополис;developer;https://spb.cian.ru/sale/flat/299599947/;Санкт-Петербург;sale;flat;2;8;2;61.72;10152940;Красносельский; Лермонтова;15к2Б;Проспект Ветеранов;Новикола
Унистрой;developer;https://spb.cian.ru/sale/flat/296825901/;Санкт-Петербург;sale;flat;1;5;2;47.51;10202000;Курортный;;;Беговая;Лисино
Группа Аквилон;developer;https://spb.cian.ru/sale/flat/294664664/;Санкт-Петербург;sale;flat;2;11;2;69.1;10240620;Пушкинский;проспект Старорусский;13к1;Звездная;All Inclusive
Монолит;developer;https://spb.cian.ru/sale/flat/296210568/;Санкт-Петербург;sale;flat;4;15;2;52.4;10200000;Невский; Крыленко;14с2;Улица Дыбенко;WINGS апартаменты на Крыленко
Терминал-Ресурс;developer;https://spb.cian.ru/sale/flat/296122294/;Санкт-Петербург;sale;flat;1;4;2;62.84;10242920;Пушкинский;;;Купчино;Образцовый квартал 14 ЖК
ГлавстройСПб;developer;https://spb.cian.ru/sale/flat/297361253/;Санкт-Петербург;sale;flat;24;27;2;54.2;10221420;Выборгский;проезд Толубеевский;34к3;;Северная долина
ГлавстройСПб;developer;https://spb.cian.ru/sale/flat/297360956/;Санкт-Петербург;sale;flat;1;27;2;56.2;10217160;Выборгский;проезд Толубеевский;36к1;;Северная долина
КВС;developer;https://spb.cian.ru/sale/flat/294622503/;Санкт-Петербург;sale;flat;1;4;2;54.33;10228040;Петродворцовый;;;Проспект Ветеранов;Любоград ЖК
КВС;developer;https://spb.cian.ru/sale/flat/279689349/;Санкт-Петербург;sale;flat;1;5;2;57.7;10169240;Пушкинский;Пулковское тер.;;Звездная;ЮгТаун. Олимпийские кварталы
ГлавстройСПб;developer;https://spb.cian.ru/sale/flat/297885365/;Санкт-Петербург;sale;flat;1;23;2;59.44;10223680;Приморский; Ивинская;1к4;Зенит;ПАРК-КВАРТАЛ Юнтолово
Терминал-Ресурс;developer;https://spb.cian.ru/sale/flat/296120078/;Санкт-Петербург;sale;flat;1;4;2;62.09;10306940;Пушкинский;;;Звездная;Образцовый квартал 15 ЖК
ГлавстройСПб;developer;https://spb.cian.ru/sale/flat/297361246/;Санкт-Петербург;sale;flat;21;27;2;52.72;10324046;Выборгский;проезд Толубеевский;34к3;;Северная долина
ГлавстройСПб;developer;https://spb.cian.ru/sale/flat/297361131/;Санкт-Петербург;sale;flat;22;27;2;54.31;10286430;Выборгский;проезд Толубеевский;32;Проспект Просвещения;Северная долина
МЕЗОН;real_estate_agent;https://spb.cian.ru/sale/flat/298147508/;Санкт-Петербург;sale;flat;8;16;2;52.0;10300000;Василеостровский; Нахимова;5к4;Приморская;
ГлавстройСПб;developer;https://spb.cian.ru/sale/flat/297361429/;Санкт-Петербург;sale;flat;1;23;2;59.75;10259075;Приморский; Ивинская;1к4;Зенит;ПАРК-КВАРТАЛ Юнтолово
Лидер Групп;developer;https://spb.cian.ru/sale/flat/299502617/;Санкт-Петербург;sale;flat;7;10;2;61.82;10293030;Пушкинский;;;;Аэросити Фемили ЖК
Терминал-Ресурс;developer;https://spb.cian.ru/sale/flat/296121221/;Санкт-Петербург;sale;flat;1;4;2;62.16;10256400;Пушкинский;;;Купчино;Образцовый квартал 14 ЖК
КВС;developer;https://spb.cian.ru/sale/flat/292309808/;Санкт-Петербург;sale;flat;5;5;2;59.39;10311530;Пушкинский;;;Звездная;ЮгТаун ЖК
КВС;developer;https://spb.cian.ru/sale/flat/294622442/;Санкт-Петербург;sale;flat;1;4;2;54.98;10283492;Петродворцовый;;;Проспект Ветеранов;Любоград ЖК
Петербургская Недвижимость;representative_developer;https://spb.cian.ru/sale/flat/297062212/;Санкт-Петербург;sale;flat;1;4;2;58.1;10350108;Пушкинский;;;Купчино;Универ Сити ЖК
Терминал-Ресурс;developer;https://spb.cian.ru/sale/flat/296120240/;Санкт-Петербург;sale;flat;1;4;2;63.93;10420590;Пушкинский;;;Звездная;Образцовый квартал 15 ЖК
BR Group;real_estate_agent;https://spb.cian.ru/sale/flat/294563598/;Санкт-Петербург;sale;flat;4;5;2;52.3;10400000;Пушкинский; Образцовая;5к1с2;Звездная;СолнцеPark
Шельф;developer;https://spb.cian.ru/sale/flat/297261162/;Санкт-Петербург;sale;flat;14;26;2;62.2;10387400;Пушкинский;проспект Новгородский;2к3;Звездная;Simple
Терминал-Ресурс;developer;https://spb.cian.ru/sale/flat/296120290/;Санкт-Петербург;sale;flat;1;4;2;62.51;10376660;Пушкинский;;;Звездная;Образцовый квартал 15 ЖК
ГлавстройСПб;developer;https://spb.cian.ru/sale/flat/297905340/;Санкт-Петербург;sale;flat;25;27;2;54.04;10443998;Выборгский;Заречная ;52к1;;Северная долина
КВС;developer;https://spb.cian.ru/sale/flat/279689359/;Санкт-Петербург;sale;flat;4;5;2;57.1;10439000;Пушкинский;Пулковское тер.;;Звездная;ЮгТаун. Олимпийские кварталы
ID 97068974;realtor;https://spb.cian.ru/sale/flat/295131720/;Санкт-Петербург;sale;flat;12;21;2;66.0;10400000;Приморский;Парашютная ;58;Комендантский проспект;Каменка
Терминал-Ресурс;developer;https://spb.cian.ru/sale/flat/296120040/;Санкт-Петербург;sale;flat;2;4;2;60.04;10507000;Пушкинский;;;Звездная;Образцовый квартал 15 ЖК
ГлавстройСПб;developer;https://spb.cian.ru/sale/flat/297905265/;Санкт-Петербург;sale;flat;21;27;2;52.94;10482901;Выборгский;Заречная ;52к1;;Северная долина
ГлавстройСПб;developer;https://spb.cian.ru/sale/flat/297905269/;Санкт-Петербург;sale;flat;21;27;2;54.52;10488478;Выборгский;Заречная ;52к1;;Северная долина
Лидер Групп;developer;https://spb.cian.ru/sale/flat/286945127/;Санкт-Петербург;sale;flat;2;12;2;61.89;10521300;Пушкинский;;;;Аэросити 3 ЖК
Лидер Групп;developer;https://spb.cian.ru/sale/flat/297419316/;Санкт-Петербург;sale;flat;4;20;2;52.51;10502000;Красносельский; Маршала Казакова;64к1;;Южный Форт
Первое Агентство Недвижимости;real_estate_agent;https://spb.cian.ru/sale/flat/290292225/;Санкт-Петербург;sale;flat;1;24;2;55.9;10500000;Приморский; Верхне-Каменская;5;;Чистое небо
Терминал-Ресурс;developer;https://spb.cian.ru/sale/flat/296120210/;Санкт-Петербург;sale;flat;1;4;2;64.57;10524910;Пушкинский;;;Звездная;Образцовый квартал 15 ЖК
КВС;developer;https://spb.cian.ru/sale/flat/294622846/;Санкт-Петербург;sale;flat;2;4;2;51.45;10461654;Петродворцовый;;;Проспект Ветеранов;Любоград ЖК
КВС;developer;https://spb.cian.ru/sale/flat/294622437/;Санкт-Петербург;sale;flat;1;4;2;55.71;10462896;Петродворцовый;;;Проспект Ветеранов;Любоград ЖК
КВС;developer;https://spb.cian.ru/sale/flat/284294450/;Санкт-Петербург;sale;flat;1;5;2;59.4;10456160;Пушкинский;Пулковское тер.;;Звездная;ЮгТаун. Олимпийские кварталы
К-25;developer;https://spb.cian.ru/sale/flat/294909895/;Санкт-Петербург;sale;flat;12;12;2;36.34;10538600;Приморский;м. Комендантский проспект;;Комендантский проспект;YE'S Primorsky Комплекс Апартаментов
;;https://spb.cian.ru/sale/flat/292413374/;Санкт-Петербург;sale;flat;1;6;2;71.1;10451700;Курортный; Строителей;3к2;;Granholm Village
Виктор Москвин;realtor;https://spb.cian.ru/sale/flat/297360578/;Санкт-Петербург;sale;flat;14;17;2;60.5;10500000;Приморский;Парашютная ;61к4;Комендантский проспект;Шуваловский
VEREN GROUP;developer;https://spb.cian.ru/sale/flat/298402727/;Санкт-Петербург;sale;flat;2;3;2;53.8;10592407;Петродворцовый;Красносельское шоссе;22;Ленинский проспект;Veren Village Стрельна
;;https://spb.cian.ru/sale/flat/292413390/;Санкт-Петербург;sale;flat;6;6;2;72.0;10584000;Курортный; Строителей;3к2;;Granholm Village
ГлавстройСПб;developer;https://spb.cian.ru/sale/flat/297361041/;Санкт-Петербург;sale;flat;18;27;2;53.76;10619928;Выборгский;Заречная ;54;Проспект Просвещения;Северная долина
ГлавстройСПб;developer;https://spb.cian.ru/sale/flat/297361141/;Санкт-Петербург;sale;flat;23;27;2;52.94;10612598;Выборгский;проезд Толубеевский;32;Проспект Просвещения;Северная долина
Лидер Групп;developer;https://spb.cian.ru/sale/flat/291013066/;Санкт-Петербург;sale;flat;12;12;2;60.5;10587500;Пушкинский;;;;Аэросити 3 ЖК
Лидер Групп;developer;https://spb.cian.ru/sale/flat/297419360/;Санкт-Петербург;sale;flat;2;20;2;54.17;10563150;Красносельский; Маршала Казакова;64к1;;Южный Форт
Группа Аквилон;developer;https://spb.cian.ru/sale/flat/294664641/;Санкт-Петербург;sale;flat;1;11;2;71.4;10581480;Пушкинский;проспект Старорусский;13к1;Звездная;All Inclusive
Терминал-Ресурс;developer;https://spb.cian.ru/sale/flat/296121223/;Санкт-Петербург;sale;flat;1;4;2;64.66;10604240;Пушкинский;;;Купчино;Образцовый квартал 14 ЖК
КВС;developer;https://spb.cian.ru/sale/flat/294622389/;Санкт-Петербург;sale;flat;1;4;2;58.52;10580409;Петродворцовый;;;Проспект Ветеранов;Любоград ЖК
КВС;developer;https://spb.cian.ru/sale/flat/294623043/;Санкт-Петербург;sale;flat;2;4;2;52.9;10648227;Петродворцовый;;;Проспект Ветеранов;Любоград ЖК
КВС;developer;https://spb.cian.ru/sale/flat/279689194/;Санкт-Петербург;sale;flat;1;5;2;59.95;10565840;Пушкинский;Пулковское тер.;;Звездная;ЮгТаун. Олимпийские кварталы
КВС;developer;https://spb.cian.ru/sale/flat/279689068/;Санкт-Петербург;sale;flat;1;5;2;57.9;10553920;Пушкинский; Нины Петровой;8к1;Купчино;ЮгТаун. Олимпийские кварталы
КВС;developer;https://spb.cian.ru/sale/flat/279690487/;Санкт-Петербург;sale;flat;1;5;2;57.9;10553920;Пушкинский; Нины Петровой;10к1;Купчино;ЮгТаун. Олимпийские кварталы
КВС;developer;https://spb.cian.ru/sale/flat/279690849/;Санкт-Петербург;sale;flat;1;5;2;58.0;10572800;Пушкинский; Нины Петровой;6к1;Купчино;ЮгТаун. Олимпийские кварталы
ГлавстройСПб;developer;https://spb.cian.ru/sale/flat/297885002/;Санкт-Петербург;sale;flat;7;23;2;52.43;10637648;Приморский; Ивинская;1к1;Зенит;ПАРК-КВАРТАЛ Юнтолово
ID 98952078;homeowner;https://spb.cian.ru/sale/flat/295859400/;Санкт-Петербург;sale;flat;2;5;2;56.0;10550000;Кировский;Краснопутиловская ;26;Автово;
ГлавстройСПб;developer;https://spb.cian.ru/sale/flat/297884996/;Санкт-Петербург;sale;flat;6;23;2;60.65;10700195;Приморский; Ивинская;1к1;Зенит;ПАРК-КВАРТАЛ Юнтолово
ГлавстройСПб;developer;https://spb.cian.ru/sale/flat/298604534/;Санкт-Петербург;sale;flat;18;23;2;52.55;10744481;Приморский; Ивинская;1к1;Зенит;ПАРК-КВАРТАЛ Юнтолово
Самолет;developer;https://spb.cian.ru/sale/flat/299260921/;Санкт-Петербург;sale;flat;2;23;2;51.83;10725302;Невский;Рыбацкое;5;Рыбацкое;Живи в Рыбацком ЖК
Унистрой;developer;https://spb.cian.ru/sale/flat/296825977/;Санкт-Петербург;sale;flat;1;5;2;49.68;10724000;Курортный;;;Беговая;Лисино
НАШ ГОРОД;real_estate_agent;https://spb.cian.ru/sale/flat/279649607/;Санкт-Петербург;sale;flat;5;25;2;49.79;10700000;Приморский; Лидии Зверевой;5к1;;Шуваловский
Ставръ-недвижимость;real_estate_agent;https://spb.cian.ru/sale/flat/298561367/;Санкт-Петербург;sale;flat;7;9;2;55.0;10650000;Приморский;Комендантский проспект;40К3;;
Ленстройтрест;developer;https://spb.cian.ru/sale/flat/298685981/;Санкт-Петербург;sale;flat;1;5;2;58.65;10714700;Колпинский;шоссе Рубежное;14;Рыбацкое;Юттери
ФСК;developer;https://spb.cian.ru/sale/flat/297552968/;Санкт-Петербург;sale;flat;7;13;2;48.65;10692491;Приморский;Коломяжский проспект;4;Черная речка;Апартаменты Zoom Черная Речка
КВС;developer;https://spb.cian.ru/sale/flat/294623075/;Санкт-Петербург;sale;flat;4;4;2;51.54;10735200;Петродворцовый;;;Проспект Ветеранов;Любоград ЖК
ID 112185479;homeowner;https://spb.cian.ru/sale/flat/297523313/;Санкт-Петербург;sale;flat;6;20;2;64.0;10700000;Приморский;проспект Королева;73;Комендантский проспект;Каменка
VEREN GROUP;developer;https://spb.cian.ru/sale/flat/298402702/;Санкт-Петербург;sale;flat;3;3;2;55.1;10848357;Петродворцовый;Красносельское шоссе;22;Ленинский проспект;Veren Village Стрельна
Шельф;developer;https://spb.cian.ru/sale/flat/268907131/;Санкт-Петербург;sale;flat;13;26;2;60.5;10890000;Пушкинский;проспект Новгородский;2к3;Купчино;Simple
Шельф;developer;https://spb.cian.ru/sale/flat/268906512/;Санкт-Петербург;sale;flat;10;26;2;63.0;10836000;Пушкинский;проспект Новгородский;2к3;Шушары;Simple
Лидер Групп;developer;https://spb.cian.ru/sale/flat/295100394/;Санкт-Петербург;sale;flat;2;12;2;63.28;10757600;Пушкинский;;;;Аэросити 6 ЖК
РСТИ;developer;https://spb.cian.ru/sale/flat/295858980/;Санкт-Петербург;sale;flat;1;9;2;48.77;10774481;Красносельский; Тамбасова;5;Проспект Ветеранов;Кинопарк
ГлавстройСПб;developer;https://spb.cian.ru/sale/flat/297361062/;Санкт-Петербург;sale;flat;1;27;2;57.1;10809030;Выборгский;проезд Толубеевский;32;Проспект Просвещения;Северная долина
КВС;developer;https://spb.cian.ru/sale/flat/294621225/;Санкт-Петербург;sale;flat;1;4;2;52.0;10780000;Пушкинский;;;Купчино;Дубровский ЖК
КВС;developer;https://spb.cian.ru/sale/flat/284294332/;Санкт-Петербург;sale;flat;1;5;2;62.6;10878040;Пушкинский;Пулковское тер.;;Звездная;ЮгТаун. Олимпийские кварталы
КВС;developer;https://spb.cian.ru/sale/flat/279689010/;Санкт-Петербург;sale;flat;1;5;2;59.7;10771200;Пушкинский; Нины Петровой;8к1;Купчино;ЮгТаун. Олимпийские кварталы
КВС;developer;https://spb.cian.ru/sale/flat/279690348/;Санкт-Петербург;sale;flat;1;5;2;59.7;10771200;Пушкинский; Нины Петровой;10к1;Купчино;ЮгТаун. Олимпийские кварталы
КВС;developer;https://spb.cian.ru/sale/flat/279690648/;Санкт-Петербург;sale;flat;1;5;2;59.7;10771200;Пушкинский; Нины Петровой;6к1;Купчино;ЮгТаун. Олимпийские кварталы
Петербургская Недвижимость;representative_developer;https://spb.cian.ru/sale/flat/279212798/;Санкт-Петербург;sale;flat;1;4;2;58.9;10900301;Пушкинский;шоссе Колпинское;129;Купчино;Univer City. Город возможностей
Петербургская Недвижимость;representative_developer;https://spb.cian.ru/sale/flat/299312165/;Санкт-Петербург;sale;flat;2;5;2;51.51;10950253;Московский;Пулковское шоссе;95к3;Звездная;Парадный ансамбль
ГлавстройСПб;developer;https://spb.cian.ru/sale/flat/297361558/;Санкт-Петербург;sale;flat;7;23;2;61.28;10992960;Приморский; Ивинская;1к4;Зенит;ПАРК-КВАРТАЛ Юнтолово
Лидер Групп;developer;https://spb.cian.ru/sale/flat/295100438/;Санкт-Петербург;sale;flat;3;12;2;62.38;10916500;Пушкинский;;;;Аэросити 6 ЖК
ТРЕНД;real_estate_agent;https://spb.cian.ru/sale/flat/295993996/;Санкт-Петербург;sale;flat;4;18;2;54.0;10990000;Василеостровский; Вадима Шефнера;4;;Магеллан (Гавань Капитанов)
Ленстройтрест;developer;https://spb.cian.ru/sale/flat/298649478/;Санкт-Петербург;sale;flat;3;5;2;58.0;10957870;Колпинский;шоссе Рубежное;14;Рыбацкое;Юттери
Ленстройтрест;developer;https://spb.cian.ru/sale/flat/298649359/;Санкт-Петербург;sale;flat;2;5;2;64.37;10931750;Колпинский;проезд Понтонный;6;Рыбацкое;Юттери
ФСК;developer;https://spb.cian.ru/sale/flat/297552886/;Санкт-Петербург;sale;flat;4;13;2;51.07;10948846;Приморский;Коломяжский проспект;4;Черная речка;Апартаменты Zoom Черная Речка
ГлавстройСПб;developer;https://spb.cian.ru/sale/flat/297361584/;Санкт-Петербург;sale;flat;16;17;2;53.18;10935054;Выборгский;Заречная ;48к1;Парнас;Северная долина
ГлавстройСПб;developer;https://spb.cian.ru/sale/flat/297360960/;Санкт-Петербург;sale;flat;1;27;2;61.2;10918080;Выборгский;проезд Толубеевский;36к1;;Северная долина
КВС;developer;https://spb.cian.ru/sale/flat/284294976/;Санкт-Петербург;sale;flat;1;5;2;63.75;10934000;Пушкинский;Пулковское тер.;;Звездная;ЮгТаун. Олимпийские кварталы
Петербургская Недвижимость;representative_developer;https://spb.cian.ru/sale/flat/297904354/;Санкт-Петербург;sale;flat;3;5;2;55.08;11000357;Московский;Пулковский меридиан;;Звездная;Парадный ансамбль
Петербургская Недвижимость;representative_developer;https://spb.cian.ru/sale/flat/295920792/;Санкт-Петербург;sale;flat;1;5;2;57.3;11000024;Московский;Пулковский меридиан;;Звездная;Парадный ансамбль
КВС;developer;https://spb.cian.ru/sale/flat/299153357/;Санкт-Петербург;sale;flat;1;4;2;54.35;11087840;Пушкинский;;;Купчино;Дубровский ЖК
Технополис;developer;https://spb.cian.ru/sale/flat/293979152/;Санкт-Петербург;sale;flat;4;8;2;68.86;11086460;Красносельский; Лермонтова;15к2Ж;Проспект Ветеранов;Новикола
Росстройинвест;developer;https://spb.cian.ru/sale/flat/294544987/;Санкт-Петербург;sale;flat;1;12;2;54.34;11096283;Красногвардейский;Полюстрово;;Академическая;Академик
Самолет;developer;https://spb.cian.ru/sale/flat/296410635/;Санкт-Петербург;sale;flat;8;23;2;40.25;11042622;Невский;Рыбацкое;4;Рыбацкое;Живи в Рыбацком ЖК
;;https://spb.cian.ru/sale/flat/299252957/;Санкт-Петербург;sale;flat;4;9;2;38.7;11010150;Выборгский;Светлановский проспект;45;Политехническая;Дом-бутик Светлановский, 45
ID 11017077;realtor;https://spb.cian.ru/sale/flat/298753935/;Санкт-Петербург;sale;flat;2;7;2;57.0;11000000;Василеостровский; Опочинина;9;Василеостровская;
КВС;developer;https://spb.cian.ru/sale/flat/294621211/;Санкт-Петербург;sale;flat;2;4;2;51.3;11038270;Пушкинский;;;Купчино;Дубровский ЖК
;;https://spb.cian.ru/sale/flat/293752173/;Санкт-Петербург;sale;flat;8;12;2;57.0;11072592;Пушкинский;проспект Старорусский;5к1;Шушары;Chkalov
КВС;developer;https://spb.cian.ru/sale/flat/294623115/;Санкт-Петербург;sale;flat;1;4;2;57.22;11196792;Петродворцовый;;;Проспект Ветеранов;Любоград ЖК
Технополис;developer;https://spb.cian.ru/sale/flat/299600074/;Санкт-Петербург;sale;flat;3;8;2;69.55;11197550;Красносельский; Лермонтова;15к2Б;Проспект Ветеранов;Новикола
Самолет;developer;https://spb.cian.ru/sale/flat/299260903/;Санкт-Петербург;sale;flat;23;23;2;51.28;11137296;Невский;Рыбацкое;5;Рыбацкое;Живи в Рыбацком ЖК
Ленстройтрест;developer;https://spb.cian.ru/sale/flat/299031046/;Санкт-Петербург;sale;flat;1;5;2;62.42;11174640;Колпинский;шоссе Рубежное;14;Рыбацкое;Юттери
КВС;developer;https://spb.cian.ru/sale/flat/279689467/;Санкт-Петербург;sale;flat;2;5;2;61.8;11163080;Пушкинский;Пулковское тер.;;Звездная;ЮгТаун. Олимпийские кварталы
Петербургская Недвижимость;representative_developer;https://spb.cian.ru/sale/flat/295920901/;Санкт-Петербург;sale;flat;1;5;2;58.64;11200445;Московский;Пулковское шоссе;103В;Звездная;Парадный ансамбль
ГлавстройСПб;developer;https://spb.cian.ru/sale/flat/297884797/;Санкт-Петербург;sale;flat;6;23;2;60.73;11244894;Приморский; Ивинская;5к1;Зенит;ПАРК-КВАРТАЛ Юнтолово
КВС;developer;https://spb.cian.ru/sale/flat/299153153/;Санкт-Петербург;sale;flat;2;4;2;53.15;11282300;Пушкинский;;;Купчино;Дубровский ЖК
Терминал-Ресурс;developer;https://spb.cian.ru/sale/flat/296120238/;Санкт-Петербург;sale;flat;1;4;2;67.96;11281360;Пушкинский;;;Звездная;Образцовый квартал 15 ЖК
Росстройинвест;developer;https://spb.cian.ru/sale/flat/280432376/;Санкт-Петербург;sale;flat;6;12;2;52.69;11243757;Красногвардейский;Полюстрово;;Академическая;Академик
Ленстройтрест;developer;https://spb.cian.ru/sale/flat/298649512/;Санкт-Петербург;sale;flat;5;5;2;56.63;11234160;Колпинский;шоссе Рубежное;14;Рыбацкое;Юттери
КВС;developer;https://spb.cian.ru/sale/flat/299153112/;Санкт-Петербург;sale;flat;1;4;2;55.0;11225380;Пушкинский;;;Купчино;Дубровский ЖК
МАКРОМИР НЕДВИЖИМОСТЬ;real_estate_agent;https://spb.cian.ru/sale/flat/297461307/;Санкт-Петербург;sale;flat;3;17;2;60.4;11350000;Приморский; Оптиков;52к1;Беговая;
Петербургская Недвижимость;representative_developer;https://spb.cian.ru/sale/flat/287425813/;Санкт-Петербург;sale;flat;1;4;2;58.4;11350186;Пушкинский;шоссе Колпинское;127;Купчино;Univer City. Город возможностей
Петербургская Недвижимость;representative_developer;https://spb.cian.ru/sale/flat/292788666/;Санкт-Петербург;sale;flat;1;4;2;58.9;11350236;Пушкинский;шоссе Колпинское;127;Купчино;Univer City. Город возможностей
Петербургская Недвижимость;representative_developer;https://spb.cian.ru/sale/flat/295505130/;Санкт-Петербург;sale;flat;1;4;2;59.48;11300218;Пушкинский;;;Шушары;Универ Сити ЖК
Петербургская Недвижимость;representative_developer;https://spb.cian.ru/sale/flat/295505526/;Санкт-Петербург;sale;flat;1;4;2;60.34;11400006;Пушкинский;;;Купчино;Универ Сити ЖК
Петербургская Недвижимость;representative_developer;https://spb.cian.ru/sale/flat/297868734/;Санкт-Петербург;sale;flat;4;5;2;56.51;11400270;Московский;Пулковское шоссе;103В;Звездная;Парадный ансамбль
Самолет;developer;https://spb.cian.ru/sale/flat/299389586/;Санкт-Петербург;sale;flat;15;23;2;41.17;11437695;Невский;Рыбацкое;4;Рыбацкое;Живи в Рыбацком ЖК
Euroinvest Development;developer;https://spb.cian.ru/sale/flat/298511470/;Санкт-Петербург;sale;flat;4;10;2;37.73;11319000;Выборгский; Курчатова;;Политехническая;iD Polytech
Росстройинвест;developer;https://spb.cian.ru/sale/flat/294544938/;Санкт-Петербург;sale;flat;1;12;2;55.83;11400543;Красногвардейский;Полюстрово;;Академическая;Академик
Унистрой;developer;https://spb.cian.ru/sale/flat/293736576/;Санкт-Петербург;sale;flat;1;5;2;50.65;11348000;Курортный;;;Беговая;Лисино
Лидер Групп;developer;https://spb.cian.ru/sale/flat/294606869/;Санкт-Петербург;sale;flat;4;20;2;50.25;11306250;Красносельский; Маршала Казакова;64к1;;Южный Форт
Эталон СПБ;developer;https://spb.cian.ru/sale/flat/299336606/;Санкт-Петербург;sale;flat;2;4;2;57.4;11360806;Пушкинский;;;Купчино;Пулковский дом ЖК
ГлавстройСПб;developer;https://spb.cian.ru/sale/flat/297361468/;Санкт-Петербург;sale;flat;2;27;2;61.34;11407542;Выборгский;Заречная ;50;Парнас;Северная долина
ГлавстройСПб;developer;https://spb.cian.ru/sale/flat/297360964/;Санкт-Петербург;sale;flat;2;17;2;56.92;11425038;Выборгский;Заречная ;56;Проспект Просвещения;Северная долина
Агентство недвижимости Романа Чиковани;real_estate_agent;https://spb.cian.ru/sale/flat/289750580/;Санкт-Петербург;sale;flat;14;14;2;55.8;11300000;Невский;Октябрьская набережная;118к1Б;Ломоносовская;
ГлавстройСПб;developer;https://spb.cian.ru/sale/flat/297360967/;Санкт-Петербург;sale;flat;2;27;2;61.34;11332410;Выборгский;Заречная ;46к1;Парнас;Северная долина
КВС;developer;https://spb.cian.ru/sale/flat/294623123/;Санкт-Петербург;sale;flat;1;4;2;57.61;11313840;Петродворцовый;;;Проспект Ветеранов;Любоград ЖК
КВС;developer;https://spb.cian.ru/sale/flat/279688542/;Санкт-Петербург;sale;flat;1;5;2;64.6;11385640;Пушкинский;Пулковское тер.;;Звездная;ЮгТаун. Олимпийские кварталы
Петербургская Недвижимость;representative_developer;https://spb.cian.ru/sale/flat/295923135/;Санкт-Петербург;sale;flat;1;4;2;51.44;11500199;Петродворцовый;;;Автово;Дворцовый фасад ЖК
Петербургская Недвижимость;representative_developer;https://spb.cian.ru/sale/flat/295923304/;Санкт-Петербург;sale;flat;2;4;2;50.25;11500340;Петродворцовый;;;Автово;Дворцовый фасад ЖК
Самолет;developer;https://spb.cian.ru/sale/flat/296760154/;Санкт-Петербург;sale;flat;4;23;2;51.55;11534558;Невский;Рыбацкое;4;Рыбацкое;Живи в Рыбацком ЖК
;;https://spb.cian.ru/sale/flat/298855172/;Санкт-Петербург;sale;flat;6;13;2;42.5;11518024;Калининский;Полюстровский проспект;;Лесная;Respect
Росстройинвест;developer;https://spb.cian.ru/sale/flat/280432263/;Санкт-Петербург;sale;flat;2;12;2;55.47;11472370;Красногвардейский;Полюстрово;;Академическая;Академик
Петербургская Недвижимость;representative_developer;https://spb.cian.ru/sale/flat/297694621/;Санкт-Петербург;sale;flat;1;4;2;53.7;11500257;Петродворцовый;;;Автово;Дворцовый фасад ЖК
Шельф;developer;https://spb.cian.ru/sale/flat/291304601/;Санкт-Петербург;sale;flat;17;26;2;72.0;11520000;Пушкинский;проспект Новгородский;2к3;Шушары;Simple
;;https://spb.cian.ru/sale/flat/294504960/;Санкт-Петербург;sale;flat;10;13;2;51.4;11464106;Приморский;Планерная ;97к2;Беговая;New Time
;;https://spb.cian.ru/sale/flat/299252984/;Санкт-Петербург;sale;flat;9;9;2;36.0;11502000;Выборгский;Светлановский проспект;45;Политехническая;Дом-бутик Светлановский, 45
Ленстройтрест;developer;https://spb.cian.ru/sale/flat/298649466/;Санкт-Петербург;sale;flat;5;5;2;59.63;11545360;Колпинский;шоссе Рубежное;14;Рыбацкое;Юттери
ГлавстройСПб;developer;https://spb.cian.ru/sale/flat/297361045/;Санкт-Петербург;sale;flat;21;27;2;60.52;11511477;Выборгский;Заречная ;54;Проспект Просвещения;Северная долина
Терминал-Ресурс;developer;https://spb.cian.ru/sale/flat/296122097/;Санкт-Петербург;sale;flat;1;4;2;70.38;11471940;Пушкинский;;;Купчино;Образцовый квартал 14 ЖК
Шельф;developer;https://spb.cian.ru/sale/flat/268905843/;Санкт-Петербург;sale;flat;5;26;2;72.5;11600000;Пушкинский;проспект Новгородский;2к3;Шушары;Simple
Петербургская Недвижимость;representative_developer;https://spb.cian.ru/sale/flat/295920889/;Санкт-Петербург;sale;flat;5;5;2;56.49;11550369;Московский;Пулковское шоссе;103В;Звездная;Парадный ансамбль
Ленстройтрест;developer;https://spb.cian.ru/sale/flat/298649312/;Санкт-Петербург;sale;flat;5;5;2;53.81;11566700;Колпинский;шоссе Рубежное;12;Рыбацкое;Юттери
Лидер Групп;developer;https://spb.cian.ru/sale/flat/299556088/;Санкт-Петербург;sale;flat;3;18;2;56.18;11797800;Невский; Тельмана;37;Ломоносовская;ИСКРА-Сити
Росстройинвест;developer;https://spb.cian.ru/sale/flat/294545500/;Санкт-Петербург;sale;flat;12;12;2;49.19;11788330;Красногвардейский;Полюстрово;;Академическая;Академик
Росстройинвест;developer;https://spb.cian.ru/sale/flat/294544952/;Санкт-Петербург;sale;flat;1;12;2;58.95;11755528;Красногвардейский;Полюстрово;;Академическая;Академик
ЛСР Санкт-Петербург;developer;https://spb.cian.ru/sale/flat/294538574/;Санкт-Петербург;sale;flat;12;12;2;49.5;11731500;Московский;Московское шоссе;3к5;Звездная;NEOPARK
Петербургская Недвижимость;representative_developer;https://spb.cian.ru/sale/flat/295922961/;Санкт-Петербург;sale;flat;1;4;2;53.24;11750201;Петродворцовый;;;Автово;Дворцовый фасад ЖК
ФСК;developer;https://spb.cian.ru/sale/flat/297552966/;Санкт-Петербург;sale;flat;7;13;2;63.37;11744932;Приморский;Коломяжский проспект;4;Черная речка;Апартаменты Zoom Черная Речка
ГлавстройСПб;developer;https://spb.cian.ru/sale/flat/297361562/;Санкт-Петербург;sale;flat;1;16;2;65.9;11690660;Выборгский; Федора Абрамова;29;Проспект Просвещения;Северная долина
КВС;developer;https://spb.cian.ru/sale/flat/294623088/;Санкт-Петербург;sale;flat;2;4;2;59.56;11786424;Петродворцовый;;;Проспект Ветеранов;Любоград ЖК
БФА-Девелопмент;developer;https://spb.cian.ru/sale/flat/298609679/;Санкт-Петербург;sale;flat;1;7;2;52.48;11693000;Выборгский;Шувалово-Озерки;;;БФА в Озерках
Петербургская Недвижимость;representative_developer;https://spb.cian.ru/sale/flat/295505178/;Санкт-Петербург;sale;flat;1;4;2;61.8;11800339;Пушкинский;шоссе Колпинское;127;Купчино;Univer City. Город возможностей
ЛСР Санкт-Петербург;developer;https://spb.cian.ru/sale/flat/299096865/;Санкт-Петербург;sale;flat;10;23;2;47.51;11877500;Красносельский;Юго-Запад;;Автово;Морская миля ЖК
Росстройинвест;developer;https://spb.cian.ru/sale/flat/294545432/;Санкт-Петербург;sale;flat;10;12;2;49.5;11862622;Красногвардейский;Полюстрово;;Академическая;Академик
Росстройинвест;developer;https://spb.cian.ru/sale/flat/280432144/;Санкт-Петербург;sale;flat;3;12;2;52.16;11890899;Красногвардейский;Полюстрово;;Академическая;Академик
Самолет;developer;https://spb.cian.ru/sale/flat/295776611/;Санкт-Петербург;sale;flat;22;23;2;51.28;11854447;Невский;Рыбацкое;4;Рыбацкое;Живи в Рыбацком ЖК
Самолет;developer;https://spb.cian.ru/sale/flat/293437750/;Санкт-Петербург;sale;flat;3;16;2;48.84;11858217;Невский; Гудиловская;9;Рыбацкое;Живи! в Рыбацком
Самолет;developer;https://spb.cian.ru/sale/flat/295114176/;Санкт-Петербург;sale;flat;1;16;2;51.15;11866902;Невский;проспект Советский;43к2;Рыбацкое;Живи! в Рыбацком
Лидер Групп;developer;https://spb.cian.ru/sale/flat/299556095/;Санкт-Петербург;sale;flat;2;18;2;57.67;11822350;Невский; Тельмана;37;Ломоносовская;ИСКРА-Сити
РосСтройИнвест;developer;https://spb.cian.ru/sale/flat/297359510/;Санкт-Петербург;sale;flat;2;17;2;59.51;11818853;Невский;Октябрьская набережная;11Б;Пролетарская;Лайнеръ
КВС;developer;https://spb.cian.ru/sale/flat/294622531/;Санкт-Петербург;sale;flat;1;4;2;64.24;11892612;Петродворцовый;;;Проспект Ветеранов;Любоград ЖК
КВС;developer;https://spb.cian.ru/sale/flat/294622860/;Санкт-Петербург;sale;flat;1;4;2;61.83;11818456;Петродворцовый;;;Проспект Ветеранов;Любоград ЖК
Самолет;developer;https://spb.cian.ru/sale/flat/297298477/;Санкт-Петербург;sale;flat;13;17;2;49.56;11932797;Красносельский;Константиновское;;Проспект Ветеранов;Сандэй ЖК
К-25;developer;https://spb.cian.ru/sale/flat/294911417/;Санкт-Петербург;sale;flat;3;12;2;52.14;11992200;Приморский;м. Комендантский проспект;;Комендантский проспект;YE'S Primorsky Комплекс Апартаментов
Euroinvest Development;developer;https://spb.cian.ru/sale/flat/298511699/;Санкт-Петербург;sale;flat;6;10;2;38.7;11997000;Выборгский; Курчатова;;Политехническая;iD Polytech
Эталон СПБ;developer;https://spb.cian.ru/sale/flat/298658263/;Санкт-Петербург;sale;flat;1;4;2;64.0;11980585;Пушкинский;;;Купчино;Пулковский дом ЖК
Эталон СПБ;developer;https://spb.cian.ru/sale/flat/298658229/;Санкт-Петербург;sale;flat;1;4;2;64.2;11932675;Пушкинский; Соколиная;;Купчино;Пулковский дом
РосСтройИнвест;developer;https://spb.cian.ru/sale/flat/297292862/;Санкт-Петербург;sale;flat;3;13;2;54.1;11997496;Приморский;Юнтолово;;Беговая;Тайм Сквер ЖК
Ленстройтрест;developer;https://spb.cian.ru/sale/flat/298697654/;Санкт-Петербург;sale;flat;1;5;2;64.93;11957440;Колпинский;шоссе Рубежное;14;Рыбацкое;Юттери
КВС;developer;https://spb.cian.ru/sale/flat/294621076/;Санкт-Петербург;sale;flat;1;4;2;58.2;11955400;Пушкинский;;;Купчино;Дубровский ЖК
ТРЕНД;real_estate_agent;https://spb.cian.ru/sale/flat/296855173/;Санкт-Петербург;sale;flat;12;25;2;68.0;11999000;Приморский;Парашютная ;54;Комендантский проспект;Юбилейный квартал
Ленстройтрест;developer;https://spb.cian.ru/sale/flat/298649266/;Санкт-Петербург;sale;flat;1;5;2;76.84;11912642;Колпинский;шоссе Рубежное;12;Рыбацкое;Юттери
Галина Прокопьева;realtor;https://spb.cian.ru/sale/flat/291285573/;Санкт-Петербург;sale;flat;3;24;2;45.12;11999000;Московский; Среднерогатская;13к2;Звездная;Крылья
Самолет;developer;https://spb.cian.ru/sale/flat/296529439/;Санкт-Петербург;sale;flat;8;17;2;51.34;12110872;Красносельский;Константиновское;;Проспект Ветеранов;Сандэй ЖК
Самолет;developer;https://spb.cian.ru/sale/flat/299389547/;Санкт-Петербург;sale;flat;3;8;2;60.42;12044699;Колпинский;;10;Шушары;Астрид ЖК
Петербургская Строительная Компания;developer;https://spb.cian.ru/sale/flat/298056519/;Санкт-Петербург;sale;flat;3;25;2;51.81;12002306;Приморский;набережная Реки Каменки;15к1;Проспект Просвещения;Friends
VEREN GROUP;developer;https://spb.cian.ru/sale/flat/292425342/;Санкт-Петербург;sale;flat;9;10;2;49.2;12098495;Приморский;Парашютная ;79к1;Комендантский проспект;Veren Next Шуваловский
Петербургская Недвижимость;representative_developer;https://spb.cian.ru/sale/flat/298861119/;Санкт-Петербург;sale;flat;5;12;2;55.25;12050107;Приморский;Коломяги;;Проспект Просвещения;Бионика Заповедная
Master-Group Real Estate;representative_developer;https://spb.cian.ru/sale/flat/298863988/;Санкт-Петербург;sale;flat;6;23;2;61.5;12030358;Выборгский;дорога Ольгинская;;Парнас;Прагма city
Master-Group Real Estate;representative_developer;https://spb.cian.ru/sale/flat/298863789/;Санкт-Петербург;sale;flat;15;23;2;56.3;12104937;Выборгский;дорога Ольгинская;;Парнас;Прагма city
Унистрой;developer;https://spb.cian.ru/sale/flat/296825771/;Санкт-Петербург;sale;flat;2;5;2;55.87;12123000;Курортный;;;Беговая;Лисино
Самолет;developer;https://spb.cian.ru/sale/flat/295114179/;Санкт-Петербург;sale;flat;1;16;2;50.4;12007800;Невский;проспект Советский;43к2;Рыбацкое;Живи! в Рыбацком
ФСК;developer;https://spb.cian.ru/sale/flat/297553003/;Санкт-Петербург;sale;flat;8;13;2;63.68;12013805;Приморский;Коломяжский проспект;4;Черная речка;Апартаменты Zoom Черная Речка
;;https://spb.cian.ru/sale/flat/294504970/;Санкт-Петербург;sale;flat;9;13;2;52.6;12135233;Приморский;Планерная ;91к2;Старая Деревня;New Time
Лидер Групп;developer;https://spb.cian.ru/sale/flat/294606539/;Санкт-Петербург;sale;flat;2;20;2;55.14;12130800;Красносельский; Маршала Казакова;64к1;;Южный Форт
Эталон СПБ;developer;https://spb.cian.ru/sale/flat/298658203/;Санкт-Петербург;sale;flat;2;4;2;65.3;12029268;Пушкинский; Соколиная;;Купчино;Пулковский дом
КВС;developer;https://spb.cian.ru/sale/flat/294622515/;Санкт-Петербург;sale;flat;1;4;2;65.65;12047699;Петродворцовый;;;Проспект Ветеранов;Любоград ЖК
Петербургская Недвижимость;representative_developer;https://spb.cian.ru/sale/flat/297694610/;Санкт-Петербург;sale;flat;1;4;2;56.11;12150396;Петродворцовый;;;Автово;Дворцовый фасад ЖК
Петербургская Недвижимость;representative_developer;https://spb.cian.ru/sale/flat/291717484/;Санкт-Петербург;sale;flat;1;5;2;58.86;12200059;Московский;Пулковское шоссе;99к4;Звездная;Парадный ансамбль
Лидер Групп;developer;https://spb.cian.ru/sale/flat/299556067/;Санкт-Петербург;sale;flat;2;18;2;59.4;12177000;Невский; Тельмана;37;Ломоносовская;ИСКРА-Сити
КВС;developer;https://spb.cian.ru/sale/flat/299153214/;Санкт-Петербург;sale;flat;3;4;2;57.45;12204200;Пушкинский;;;Купчино;Дубровский ЖК
Master-Group Real Estate;representative_developer;https://spb.cian.ru/sale/flat/298864087/;Санкт-Петербург;sale;flat;17;23;2;56.5;12180124;Выборгский;дорога Ольгинская;;Парнас;Прагма city
Master-Group Real Estate;representative_developer;https://spb.cian.ru/sale/flat/298863462/;Санкт-Петербург;sale;flat;9;23;2;62.5;12225974;Выборгский;дорога Ольгинская;;Парнас;Прагма city
Euroinvest Development;developer;https://spb.cian.ru/sale/flat/298511495/;Санкт-Петербург;sale;flat;3;10;2;42.17;12229300;Выборгский; Курчатова;;Политехническая;iD Polytech
Самолет;developer;https://spb.cian.ru/sale/flat/295961905/;Санкт-Петербург;sale;flat;4;7;2;52.57;12206691;Красносельский;Константиновское;;Проспект Ветеранов;Сандэй
Эталон СПБ;developer;https://spb.cian.ru/sale/flat/298658266/;Санкт-Петербург;sale;flat;1;4;2;64.5;12208584;Пушкинский;;;Купчино;Пулковский дом ЖК
РСТИ;developer;https://spb.cian.ru/sale/flat/295859157/;Санкт-Петербург;sale;flat;2;9;2;52.52;12233913;Красносельский; Тамбасова;5;Проспект Ветеранов;Кинопарк
Первое Агентство Недвижимости;real_estate_agent;https://spb.cian.ru/sale/flat/289808305/;Санкт-Петербург;sale;flat;17;17;2;58.1;12199999;Приморский;Мебельная ;45к1В;Беговая;
Ленстройтрест;developer;https://spb.cian.ru/sale/flat/298649284/;Санкт-Петербург;sale;flat;5;5;2;57.98;12173720;Колпинский;шоссе Рубежное;12;Рыбацкое;Юттери
К-25;developer;https://spb.cian.ru/sale/flat/295861987/;Санкт-Петербург;sale;flat;4;12;2;53.06;12203800;Приморский;м. Комендантский проспект;;Комендантский проспект;YE'S Primorsky Комплекс Апартаментов
Альдога;real_estate_agent;https://spb.cian.ru/sale/flat/295371904/;Санкт-Петербург;sale;flat;7;15;2;58.0;12300000;Приморский;Мебельная ;21к1;Беговая;
Самолет;developer;https://spb.cian.ru/sale/flat/296529445/;Санкт-Петербург;sale;flat;1;7;2;54.04;12343473;Красносельский;Константиновское;;Проспект Ветеранов;Сандэй
Самолет;developer;https://spb.cian.ru/sale/flat/296091936/;Санкт-Петербург;sale;flat;22;23;2;56.87;12368147;Невский;Рыбацкое;4;Рыбацкое;Живи в Рыбацком ЖК
Самолет;developer;https://spb.cian.ru/sale/flat/292292178/;Санкт-Петербург;sale;flat;10;16;2;47.85;12372890;Невский; Гудиловская;9;Рыбацкое;Живи! в Рыбацком
Yard Group;developer;https://spb.cian.ru/sale/flat/299357417/;Санкт-Петербург;sale;flat;8;8;2;35.0;12250000;Центральный;Херсонская ;43/12;Площадь Александра Невского;Апарт-отель Yard Residence
Лидер Групп;developer;https://spb.cian.ru/sale/flat/294605876/;Санкт-Петербург;sale;flat;3;25;2;57.55;12373250;Красносельский; Маршала Казакова;64к1;;Южный Форт
Эталон СПБ;developer;https://spb.cian.ru/sale/flat/298658215/;Санкт-Петербург;sale;flat;1;4;2;67.0;12259789;Пушкинский; Соколиная;;Купчино;Пулковский дом
ВАРИАНТ;real_estate_agent;https://spb.cian.ru/sale/flat/298778371/;Санкт-Петербург;sale;flat;8;15;2;54.5;12300000;Приморский; Савушкина;121К2;Крестовский остров;
GloraX;developer;https://spb.cian.ru/sale/flat/298840950/;Санкт-Петербург;sale;flat;15;15;2;61.84;12289999;Выборгский;;;;Глоракс Парголово ЖК
Терминал-Ресурс;developer;https://spb.cian.ru/sale/flat/296120279/;Санкт-Петербург;sale;flat;4;4;2;67.39;12399760;Пушкинский;;;Звездная;Образцовый квартал 15 ЖК
КВС;developer;https://spb.cian.ru/sale/flat/294622575/;Санкт-Петербург;sale;flat;2;4;2;65.24;12349675;Петродворцовый;;;Проспект Ветеранов;Любоград ЖК
Петербургская Строительная Компания;developer;https://spb.cian.ru/sale/flat/298056547/;Санкт-Петербург;sale;flat;2;25;2;63.29;12474282;Приморский;Коломяги;;Проспект Просвещения;Френдс ЖК
VEREN GROUP;developer;https://spb.cian.ru/sale/flat/293828755/;Санкт-Петербург;sale;flat;7;10;2;55.0;12438415;Приморский;Парашютная ;79к1;Комендантский проспект;Veren Next Шуваловский
Петербургская Недвижимость;representative_developer;https://spb.cian.ru/sale/flat/299312167/;Санкт-Петербург;sale;flat;5;5;2;56.73;12400383;Московский;Пулковское шоссе;95к3;Звездная;Парадный ансамбль
КВС;developer;https://spb.cian.ru/sale/flat/299153096/;Санкт-Петербург;sale;flat;2;4;2;58.55;12450560;Пушкинский;;;Купчино;Дубровский ЖК
Master-Group Real Estate;representative_developer;https://spb.cian.ru/sale/flat/298864029/;Санкт-Петербург;sale;flat;12;23;2;64.5;12498835;Выборгский;дорога Ольгинская;;Парнас;Прагма city
Адвекс;real_estate_agent;https://spb.cian.ru/sale/flat/299316703/;Санкт-Петербург;sale;flat;17;24;2;54.0;12400000;Калининский;Лабораторный проспект;20к3;Лесная;Иван-да-Марья
Лидер Групп;developer;https://spb.cian.ru/sale/flat/296280861/;Санкт-Петербург;sale;flat;7;12;2;63.7;12421500;Пушкинский;проспект Старорусский;9;;Аэросити 2
РосСтройИнвест;developer;https://spb.cian.ru/sale/flat/297292290/;Санкт-Петербург;sale;flat;3;13;2;61.1;12497982;Приморский;Юнтолово;;Беговая;Тайм Сквер
КВС;developer;https://spb.cian.ru/sale/flat/299153161/;Санкт-Петербург;sale;flat;1;4;2;61.65;12431130;Пушкинский;;;Купчино;Дубровский ЖК
ID 108863723;homeowner;https://spb.cian.ru/sale/flat/298983647/;Санкт-Петербург;sale;flat;3;5;2;42.0;12450000;Фрунзенский;Лиговский проспект;257;Обводный канал;
ID 77117728;homeowner;https://spb.cian.ru/sale/flat/295011449/;Санкт-Петербург;sale;flat;5;16;2;64.9;12400000;Невский; Латышских Стрелков;15к1;Проспект Большевиков;Ладожский парк
VEREN GROUP;developer;https://spb.cian.ru/sale/flat/295329498/;Санкт-Петербург;sale;flat;8;10;2;55.5;12551491;Приморский;Парашютная ;79к1;Комендантский проспект;Veren Next Шуваловский
Росстройинвест;developer;https://spb.cian.ru/sale/flat/294545128/;Санкт-Петербург;sale;flat;4;12;2;56.72;12569585;Красногвардейский;Полюстрово;;Академическая;Академик
Полис;developer;https://spb.cian.ru/sale/flat/299028859/;Санкт-Петербург;sale;flat;7;13;2;52.71;12543888;Приморский;аллея Арцеуловская;9;Старая Деревня;Полис Приморский 2
Самолет;developer;https://spb.cian.ru/sale/flat/295426173/;Санкт-Петербург;sale;flat;1;11;2;50.94;12631612;Невский; Гудиловская;5к1;Рыбацкое;Живи! в Рыбацком
Самолет;developer;https://spb.cian.ru/sale/flat/292207779/;Санкт-Петербург;sale;flat;1;11;2;57.46;12546219;Невский; Гудиловская;6к1;Обухово;Живи! в Рыбацком
КВС;developer;https://spb.cian.ru/sale/flat/299153244/;Санкт-Петербург;sale;flat;2;4;2;60.4;12563840;Пушкинский;;;Купчино;Дубровский ЖК
Master-Group Real Estate;representative_developer;https://spb.cian.ru/sale/flat/298863939/;Санкт-Петербург;sale;flat;14;23;2;64.4;12729045;Выборгский;дорога Ольгинская;;Парнас;Прагма city
Петербургская Недвижимость;representative_developer;https://spb.cian.ru/sale/flat/295923140/;Санкт-Петербург;sale;flat;2;4;2;57.04;12700383;Петродворцовый;;;Автово;Дворцовый фасад ЖК
Эталон СПБ;developer;https://spb.cian.ru/sale/flat/299336603/;Санкт-Петербург;sale;flat;2;4;2;68.3;12693772;Пушкинский;;;Купчино;Пулковский дом ЖК
Эталон СПБ;developer;https://spb.cian.ru/sale/flat/298658225/;Санкт-Петербург;sale;flat;1;4;2;69.4;12728774;Пушкинский; Соколиная;;Купчино;Пулковский дом
РосСтройИнвест;developer;https://spb.cian.ru/sale/flat/297293474/;Санкт-Петербург;sale;flat;2;13;2;62.1;12710454;Приморский;Юнтолово;;Беговая;Тайм Сквер ЖК
ФСК;developer;https://spb.cian.ru/sale/flat/297552925/;Санкт-Петербург;sale;flat;5;13;2;64.59;12684055;Приморский;Коломяжский проспект;4;Черная речка;Апартаменты Zoom Черная Речка
Ленстройтрест;developer;https://spb.cian.ru/sale/flat/298651116/;Санкт-Петербург;sale;flat;1;7;2;57.51;12676950;Приморский;шоссе Суздальское;18к3;Проспект Просвещения;Окла
КВС;developer;https://spb.cian.ru/sale/flat/294621059/;Санкт-Петербург;sale;flat;1;4;2;62.5;12653800;Пушкинский;;;Купчино;Дубровский ЖК
БФА-Девелопмент;developer;https://spb.cian.ru/sale/flat/298609150/;Санкт-Петербург;sale;flat;2;7;2;57.93;12720000;Выборгский;Шувалово-Озерки;;;БФА в Озерках
Самолет;developer;https://spb.cian.ru/sale/flat/294520822/;Санкт-Петербург;sale;flat;5;8;2;60.8;12869094;Колпинский;;10;Шушары;Астрид ЖК
ЛСР Санкт-Петербург;developer;https://spb.cian.ru/sale/flat/294538565/;Санкт-Петербург;sale;flat;11;12;2;60.4;12786680;Московский;Московское шоссе;3к5;Звездная;NEOPARK
КВС;developer;https://spb.cian.ru/sale/flat/299153163/;Санкт-Петербург;sale;flat;1;4;2;64.2;12804480;Пушкинский;;;Купчино;Дубровский ЖК
Петербургская Недвижимость;representative_developer;https://spb.cian.ru/sale/flat/295921594/;Санкт-Петербург;sale;flat;3;12;2;56.43;12850437;Приморский;Коломяги;;Озерки;Прайм Приморский ЖК
КВС;developer;https://spb.cian.ru/sale/flat/299153207/;Санкт-Петербург;sale;flat;1;4;2;64.55;12890130;Пушкинский;;;Купчино;Дубровский ЖК
Самолет;developer;https://spb.cian.ru/sale/flat/295114189/;Санкт-Петербург;sale;flat;1;16;2;58.7;12756097;Невский;проспект Советский;43к2;Рыбацкое;Живи! в Рыбацком
Эталон СПБ;developer;https://spb.cian.ru/sale/flat/298658264/;Санкт-Петербург;sale;flat;2;4;2;69.4;12815924;Пушкинский;;;Купчино;Пулковский дом ЖК
РосСтройИнвест;developer;https://spb.cian.ru/sale/flat/297292871/;Санкт-Петербург;sale;flat;3;13;2;58.4;12840121;Приморский;Юнтолово;;Беговая;Тайм Сквер ЖК
РосСтройИнвест;developer;https://spb.cian.ru/sale/flat/297292370/;Санкт-Петербург;sale;flat;4;13;2;61.9;12851546;Приморский;Юнтолово;;Беговая;Тайм Сквер
РосСтройИнвест;developer;https://spb.cian.ru/sale/flat/297291656/;Санкт-Петербург;sale;flat;2;13;2;66.5;12897412;Приморский;Юнтолово;;Беговая;Тайм Сквер
К-25;developer;https://spb.cian.ru/sale/flat/294914017/;Санкт-Петербург;sale;flat;3;12;2;55.77;12827100;Приморский;м. Комендантский проспект;;Комендантский проспект;YE'S Primorsky Комплекс Апартаментов
Ленстройтрест;developer;https://spb.cian.ru/sale/flat/298651124/;Санкт-Петербург;sale;flat;1;7;2;59.66;12871440;Приморский;шоссе Суздальское;18к3;Проспект Просвещения;Окла
Ленстройтрест;developer;https://spb.cian.ru/sale/flat/298728494/;Санкт-Петербург;sale;flat;1;7;2;58.72;12841470;Приморский;набережная Реки Каменки;3к3;Озерки;Окла
Ленстройтрест;developer;https://spb.cian.ru/sale/flat/298649346/;Санкт-Петербург;sale;flat;5;5;2;60.76;12886620;Колпинский;проезд Понтонный;6;Рыбацкое;Юттери
Петербургская Недвижимость;representative_developer;https://spb.cian.ru/sale/flat/294338103/;Санкт-Петербург;sale;flat;1;5;2;62.51;12950227;Московский;Пулковское шоссе;95к3;Звездная;Парадный ансамбль
Лидер Групп;developer;https://spb.cian.ru/sale/flat/299555740/;Санкт-Петербург;sale;flat;5;18;2;54.45;12986325;Невский; Тельмана;37;Ломоносовская;ИСКРА-Сити
РосСтройИнвест;developer;https://spb.cian.ru/sale/flat/297359528/;Санкт-Петербург;sale;flat;4;17;2;58.96;12934160;Невский;Октябрьская набережная;11Б;Пролетарская;Лайнеръ
Владис Центральный;real_estate_agent;https://spb.cian.ru/sale/flat/299247049/;Санкт-Петербург;sale;flat;7;7;2;49.9;12900000;Московский; Фрунзе;23;Парк Победы;
Euroinvest Development;developer;https://spb.cian.ru/sale/flat/298511467/;Санкт-Петербург;sale;flat;4;10;2;46.17;12927600;Выборгский; Курчатова;;Политехническая;iD Polytech
Унистрой;developer;https://spb.cian.ru/sale/flat/296825942/;Санкт-Петербург;sale;flat;1;5;2;60.67;12935000;Курортный;;;Беговая;Лисино
Петербургская Недвижимость;representative_developer;https://spb.cian.ru/sale/flat/299354070/;Санкт-Петербург;sale;flat;12;21;2;50.32;12900035;Невский;Невский;;Проспект Большевиков;Пульс Премьер ЖК
Петербургская Недвижимость;representative_developer;https://spb.cian.ru/sale/flat/298861170/;Санкт-Петербург;sale;flat;5;12;2;59.25;12950213;Приморский;Коломяги;;Проспект Просвещения;Бионика Заповедная
ID 73038306;real_estate_agent;https://spb.cian.ru/sale/flat/296995439/;Санкт-Петербург;sale;flat;3;14;2;49.7;12900000;Приморский;Планерная ;91к2;Комендантский проспект;New Time
Петербургская Недвижимость;representative_developer;https://spb.cian.ru/sale/flat/299394199/;Санкт-Петербург;sale;flat;6;21;2;52.3;13100443;Невский;Невский;;Проспект Большевиков;Пульс Премьер ЖК
ЛСР Санкт-Петербург;developer;https://spb.cian.ru/sale/flat/296662595/;Санкт-Петербург;sale;flat;17;17;2;47.71;13053456;Василеостровский;Гавань;12;Горный институт;Морская Набережная ЖК
Росстройинвест;developer;https://spb.cian.ru/sale/flat/280432142/;Санкт-Петербург;sale;flat;3;12;2;61.06;13142197;Красногвардейский;Полюстрово;;Академическая;Академик
Петербургская Недвижимость;representative_developer;https://spb.cian.ru/sale/flat/295347896/;Санкт-Петербург;sale;flat;10;12;2;52.35;13050226;Приморский;Коломяги;;Озерки;Прайм Приморский ЖК
Самолет;developer;https://spb.cian.ru/sale/flat/296862506/;Санкт-Петербург;sale;flat;6;8;2;55.55;13062258;Красносельский;Константиновское;;Проспект Ветеранов;Сандэй ЖК
Самолет;developer;https://spb.cian.ru/sale/flat/286877774/;Санкт-Петербург;sale;flat;1;11;2;63.32;13119018;Невский; Гудиловская;6к1;Обухово;Живи! в Рыбацком
РСТИ;developer;https://spb.cian.ru/sale/flat/298331320/;Санкт-Петербург;sale;flat;4;9;2;54.0;13015617;Красносельский; Тамбасова;5;Проспект Ветеранов;Кинопарк
Полис;developer;https://spb.cian.ru/sale/flat/293380292/;Санкт-Петербург;sale;flat;10;12;2;52.63;13078888;Приморский;аллея Арцеуловская;7к2;Пионерская;Полис Приморский 2
РосСтройИнвест;developer;https://spb.cian.ru/sale/flat/293304089/;Санкт-Петербург;sale;flat;13;18;2;51.56;13001395;Московский;м. Ленинский проспект;;Ленинский проспект;Cube
РосСтройИнвест;developer;https://spb.cian.ru/sale/flat/299516741/;Санкт-Петербург;sale;flat;4;16;2;53.51;13010972;Московский;м. Ленинский проспект;;Ленинский проспект;Cube
РосСтройИнвест;developer;https://spb.cian.ru/sale/flat/297293383/;Санкт-Петербург;sale;flat;9;13;2;60.5;13045133;Приморский;Юнтолово;;Беговая;Тайм Сквер ЖК
РосСтройИнвест;developer;https://spb.cian.ru/sale/flat/297292793/;Санкт-Петербург;sale;flat;11;13;2;52.0;13144111;Приморский;Юнтолово;;Беговая;Тайм Сквер
Петербургская Недвижимость;real_estate_agent;https://spb.cian.ru/sale/flat/297123852/;Санкт-Петербург;sale;flat;5;23;2;52.68;13000000;Калининский;Полюстровский проспект;;;БелАрт
КВС;developer;https://spb.cian.ru/sale/flat/299153169/;Санкт-Петербург;sale;flat;1;4;2;65.7;13105890;Пушкинский;;;Купчино;Дубровский ЖК
РСТИ;developer;https://spb.cian.ru/sale/flat/280115687/;Санкт-Петербург;sale;flat;2;7;2;48.32;13033798;Калининский;Финляндский;;Выборгская;Master Place
БФА-Девелопмент;developer;https://spb.cian.ru/sale/flat/298609342/;Санкт-Петербург;sale;flat;7;7;2;56.42;13075000;Выборгский;Шувалово-Озерки;;;БФА в Озерках
БФА-Девелопмент;developer;https://spb.cian.ru/sale/flat/298609166/;Санкт-Петербург;sale;flat;1;7;2;57.23;13135000;Выборгский;Шувалово-Озерки;;;БФА в Озерках
Самолет;developer;https://spb.cian.ru/sale/flat/298690311/;Санкт-Петербург;sale;flat;4;7;2;54.63;13223097;Красносельский;Константиновское;;Проспект Ветеранов;Сандэй
VEREN GROUP;developer;https://spb.cian.ru/sale/flat/293828768/;Санкт-Петербург;sale;flat;10;10;2;50.4;13259278;Приморский;Парашютная ;79к1;Озерки;Veren Next Шуваловский
Петербургская Недвижимость;representative_developer;https://spb.cian.ru/sale/flat/297904416/;Санкт-Петербург;sale;flat;2;12;2;58.68;13200212;Приморский;Коломяги;;Озерки;Прайм Приморский ЖК
РосСтройИнвест;developer;https://spb.cian.ru/sale/flat/274433562/;Санкт-Петербург;sale;flat;9;16;2;53.59;13293803;Московский;Кубинская ;82к1;Ленинский проспект;Cube
РСТИ;developer;https://spb.cian.ru/sale/flat/298331036/;Санкт-Петербург;sale;flat;2;9;2;57.22;13271774;Красносельский; Тамбасова;5;Проспект Ветеранов;Кинопарк
ПИК;developer;https://spb.cian.ru/sale/flat/288385655/;Санкт-Петербург;sale;flat;12;14;2;46.7;13203024;Фрунзенский;Волковское;5;Обводный канал;Витебский Парк ЖК
Ленстройтрест;developer;https://spb.cian.ru/sale/flat/298651768/;Санкт-Петербург;sale;flat;4;7;2;62.06;13275090;Приморский;набережная Реки Каменки;3к3;Озерки;Окла
Петербургская Недвижимость;representative_developer;https://spb.cian.ru/sale/flat/295347898/;Санкт-Петербург;sale;flat;10;12;2;54.82;13250322;Приморский;Коломяги;;Озерки;Прайм Приморский ЖК
Ленстройтрест;developer;https://spb.cian.ru/sale/flat/298649280/;Санкт-Петербург;sale;flat;5;5;2;62.33;13236130;Колпинский;шоссе Рубежное;12;Рыбацкое;Юттери
Euroinvest Development;developer;https://spb.cian.ru/sale/flat/298567719/;Санкт-Петербург;sale;flat;10;10;2;36.89;13280400;Выборгский; Курчатова;;Политехническая;iD Polytech
Петербургская Строительная Компания;developer;https://spb.cian.ru/sale/flat/298056570/;Санкт-Петербург;sale;flat;22;25;2;63.88;13361083;Приморский;Коломяги;;Проспект Просвещения;Френдс ЖК
Ленстройтрест;developer;https://spb.cian.ru/sale/flat/298651813/;Санкт-Петербург;sale;flat;4;7;2;61.37;13316050;Приморский;набережная Реки Каменки;3к3;Озерки;Окла
Полис;developer;https://spb.cian.ru/sale/flat/297252074/;Санкт-Петербург;sale;flat;3;12;2;51.59;13385888;Приморский;аллея Арцеуловская;7к2;Пионерская;Полис Приморский 2
Полис;developer;https://spb.cian.ru/sale/flat/287076882/;Санкт-Петербург;sale;flat;2;12;2;56.77;13333888;Приморский;аллея Арцеуловская;7к2;Пионерская;Полис Приморский 2
РосСтройИнвест;developer;https://spb.cian.ru/sale/flat/297293770/;Санкт-Петербург;sale;flat;5;13;2;59.5;13311209;Приморский;Юнтолово;;Беговая;Тайм Сквер ЖК
Татьяна Богданова;realtor;https://spb.cian.ru/sale/flat/299434460/;Санкт-Петербург;sale;flat;5;9;2;57.3;13300000;Выборгский;Костромской проспект;24;Удельная;
ПИК;developer;https://spb.cian.ru/sale/flat/299174622/;Санкт-Петербург;sale;flat;6;14;2;50.5;13525920;Фрунзенский;Волковское;5;Обводный канал;Витебский Парк ЖК
VEREN GROUP;developer;https://spb.cian.ru/sale/flat/295329500/;Санкт-Петербург;sale;flat;9;10;2;59.4;13433488;Приморский;Парашютная ;79к1;Комендантский проспект;Veren Next Шуваловский
Петербургская Недвижимость;representative_developer;https://spb.cian.ru/sale/flat/296659928/;Санкт-Петербург;sale;flat;1;12;2;54.67;13400409;Московский;м. Ленинский проспект;;Ленинский проспект;Сенат
Петербургская Недвижимость;representative_developer;https://spb.cian.ru/sale/flat/296659908/;Санкт-Петербург;sale;flat;1;9;2;54.7;13400323;Московский;Новоизмайловское;;;Титул в Московском
Ленстройтрест;developer;https://spb.cian.ru/sale/flat/298650937/;Санкт-Петербург;sale;flat;3;8;2;61.59;13537482;Приморский;Коломяги;;Проспект Просвещения;Окла ЖК
ЛСР Санкт-Петербург;developer;https://spb.cian.ru/sale/flat/298050419/;Санкт-Петербург;sale;flat;15;15;2;51.72;13498920;Василеостровский;Гавань;12;Горный институт;Морская Набережная ЖК
ЛСР Санкт-Петербург;developer;https://spb.cian.ru/sale/flat/294660466/;Санкт-Петербург;sale;flat;2;14;2;60.78;13535706;Василеостровский;Гавань;;Приморская;Морская Набережная ЖК
ЛСР Санкт-Петербург;developer;https://spb.cian.ru/sale/flat/294660896/;Санкт-Петербург;sale;flat;2;16;2;59.76;13535640;Василеостровский;Гавань;;Приморская;Морская Набережная ЖК
RBI;developer;https://spb.cian.ru/sale/flat/299139300/;Санкт-Петербург;sale;flat;8;16;2;51.5;13427688;Выборгский;Шувалово-Озерки;;Проспект Просвещения;Струны
ТРЕНД;real_estate_agent;https://spb.cian.ru/sale/flat/294999423/;Санкт-Петербург;sale;flat;4;12;2;44.0;13500000;Приморский; Плесецкая;6;Комендантский проспект;Ariosto!
ТРЕНД;real_estate_agent;https://spb.cian.ru/sale/flat/298977124/;Санкт-Петербург;sale;flat;4;19;2;63.3;13500000;Василеостровский;бульвар Александра Грина;3;Приморская;"Светлый мир ""Я-романтик"""
ПИК;developer;https://spb.cian.ru/sale/flat/299174623/;Санкт-Петербург;sale;flat;13;14;2;49.5;13471920;Фрунзенский;Волковское;5;Обводный канал;Витебский Парк ЖК
РСТИ;developer;https://spb.cian.ru/sale/flat/295859104/;Санкт-Петербург;sale;flat;3;9;2;56.43;13537233;Красносельский; Тамбасова;5;Проспект Ветеранов;Кинопарк
РСТИ;developer;https://spb.cian.ru/sale/flat/286343962/;Санкт-Петербург;sale;flat;1;19;2;58.09;13430434;Калининский;Финляндский;;Выборгская;Master Place
Екатерина Белей;realtor;https://spb.cian.ru/sale/flat/299550299/;Санкт-Петербург;sale;flat;5;5;2;68.4;13500000;Центральный;Невский проспект;146;Площадь Восстания;
ID 113446128;realtor;https://spb.cian.ru/sale/flat/299206748/;Санкт-Петербург;sale;flat;4;6;2;49.7;13500000;Петроградский;Зверинская ;17б;Спортивная;
БФА-Девелопмент;developer;https://spb.cian.ru/sale/flat/298609149/;Санкт-Петербург;sale;flat;2;7;2;59.57;13670000;Выборгский;Шувалово-Озерки;;;БФА в Озерках
Лидер Групп;developer;https://spb.cian.ru/sale/flat/296306165/;Санкт-Петербург;sale;flat;17;18;2;55.9;13695500;Василеостровский; Вадима Шефнера;4;Василеостровская;Магеллан (Гавань Капитанов)
ЛСР Санкт-Петербург;developer;https://spb.cian.ru/sale/flat/294660454/;Санкт-Петербург;sale;flat;2;14;2;61.76;13630432;Василеостровский;Гавань;;Приморская;Морская Набережная ЖК
ЛСР Санкт-Петербург;developer;https://spb.cian.ru/sale/flat/299403252/;Санкт-Петербург;sale;flat;2;12;2;55.1;13637250;Красногвардейский;Партизанская ;5Б;Ладожская;ЛСР. Большая Охта
Унистрой;developer;https://spb.cian.ru/sale/flat/296825900/;Санкт-Петербург;sale;flat;1;5;2;63.97;13687000;Курортный;;;Беговая;Лисино
Самолет;developer;https://spb.cian.ru/sale/flat/295426186/;Санкт-Петербург;sale;flat;4;11;2;52.67;13689159;Невский; Гудиловская;5к1;Рыбацкое;Живи! в Рыбацком
Самолет;developer;https://spb.cian.ru/sale/flat/295426160/;Санкт-Петербург;sale;flat;1;11;2;56.93;13602225;Невский; Гудиловская;5к1;Рыбацкое;Живи! в Рыбацком
Петербургская Недвижимость;representative_developer;https://spb.cian.ru/sale/flat/298355584/;Санкт-Петербург;sale;flat;3;18;2;56.64;13600198;Невский;Невский;;Проспект Большевиков;Пульс Премьер ЖК
Полис;developer;https://spb.cian.ru/sale/flat/291398795/;Санкт-Петербург;sale;flat;3;12;2;56.37;13582888;Приморский;аллея Арцеуловская;7к2;Пионерская;Полис Приморский 2
РосСтройИнвест;developer;https://spb.cian.ru/sale/flat/274433465/;Санкт-Петербург;sale;flat;2;16;2;58.8;13699297;Московский;Кубинская ;82к1;Ленинский проспект;Cube
РосСтройИнвест;developer;https://spb.cian.ru/sale/flat/293303958/;Санкт-Петербург;sale;flat;4;18;2;59.13;13685689;Московский;м. Ленинский проспект;;Ленинский проспект;Cube
РосСтройИнвест;developer;https://spb.cian.ru/sale/flat/293304591/;Санкт-Петербург;sale;flat;12;18;2;55.99;13574375;Московский;м. Ленинский проспект;;Ленинский проспект;Cube
Satanovskiy Group;real_estate_agent;https://spb.cian.ru/sale/flat/288684272/;Санкт-Петербург;sale;flat;4;8;2;60.12;13550000;Кировский;Двинская ;6;Нарвская;Принцип
РСТИ;developer;https://spb.cian.ru/sale/flat/298331253/;Санкт-Петербург;sale;flat;2;9;2;58.53;13575619;Красносельский; Тамбасова;5;Проспект Ветеранов;Кинопарк
Ленстройтрест;developer;https://spb.cian.ru/sale/flat/298649300/;Санкт-Петербург;sale;flat;5;5;2;63.31;13598680;Колпинский;шоссе Рубежное;12;Рыбацкое;Юттери
РСТИ;developer;https://spb.cian.ru/sale/flat/292590566/;Санкт-Петербург;sale;flat;13;19;2;49.68;13651114;Калининский;Финляндский;;Выборгская;Master Place
;;https://spb.cian.ru/sale/flat/268140015/;Санкт-Петербург;sale;flat;5;10;2;52.7;13649000;Василеостровский;проспект Малый Васильевского острова;54к2;Горный институт;Авеню на Малом
Ленстройтрест;developer;https://spb.cian.ru/sale/flat/298651053/;Санкт-Петербург;sale;flat;2;8;2;66.86;13793472;Приморский;Коломяги;;Проспект Просвещения;Окла ЖК
К-25;developer;https://spb.cian.ru/sale/flat/294928410/;Санкт-Петербург;sale;flat;8;12;2;55.14;13785000;Приморский;м. Комендантский проспект;;Комендантский проспект;YE'S Primorsky Комплекс Апартаментов
Master-Group Real Estate;representative_developer;https://spb.cian.ru/sale/flat/298863467/;Санкт-Петербург;sale;flat;9;23;2;66.0;13769387;Выборгский;дорога Ольгинская;;Парнас;Прагма city
ЛСР Санкт-Петербург;developer;https://spb.cian.ru/sale/flat/294660859/;Санкт-Петербург;sale;flat;2;16;2;64.09;13779350;Василеостровский;Гавань;;Приморская;Морская Набережная ЖК
Росстройинвест;developer;https://spb.cian.ru/sale/flat/280432436/;Санкт-Петербург;sale;flat;11;12;2;62.77;13775900;Красногвардейский;Полюстрово;;Академическая;Академик
ЛСР Санкт-Петербург;developer;https://spb.cian.ru/sale/flat/299403411/;Санкт-Петербург;sale;flat;4;12;2;52.9;13754000;Красногвардейский;Партизанская ;5Б;Ладожская;ЛСР. Большая Охта
Петербургская Недвижимость;representative_developer;https://spb.cian.ru/sale/flat/298861130/;Санкт-Петербург;sale;flat;4;12;2;59.75;13750207;Приморский;Коломяги;;Проспект Просвещения;Бионика Заповедная
Группа Аквилон;developer;https://spb.cian.ru/sale/flat/298641778/;Санкт-Петербург;sale;flat;4;12;2;56.56;13797529;Московский;Звёздное;;Звездная;Аквилон Ливз 2 ЖК
РосСтройИнвест;developer;https://spb.cian.ru/sale/flat/274433479/;Санкт-Петербург;sale;flat;3;16;2;58.13;13735562;Московский;Кубинская ;82к1;Ленинский проспект;Cube
РосСтройИнвест;developer;https://spb.cian.ru/sale/flat/297359653/;Санкт-Петербург;sale;flat;15;17;2;57.54;13766213;Невский;Октябрьская набережная;11Б;Пролетарская;Лайнеръ
ИП Шутикова Е. С.;real_estate_agent;https://spb.cian.ru/sale/flat/291977980/;Санкт-Петербург;sale;flat;4;26;2;63.75;13750000;Приморский;проспект Авиаконструкторов;67к1;Комендантский проспект;Чистое небо
ПИА Недвижимость;representative_developer;https://spb.cian.ru/sale/flat/298740104/;Санкт-Петербург;sale;flat;8;18;2;53.55;13705650;Василеостровский;Морской;;Приморская;Глоракс Василеостровский ЖК
Петербургская Недвижимость;representative_developer;https://spb.cian.ru/sale/flat/296659925/;Санкт-Петербург;sale;flat;1;12;2;56.46;13850202;Московский;м. Ленинский проспект;;Ленинский проспект;Сенат
РосСтройИнвест;developer;https://spb.cian.ru/sale/flat/297359514/;Санкт-Петербург;sale;flat;2;17;2;63.94;13881991;Невский;Октябрьская набережная;11Б;Пролетарская;Лайнеръ
РосСтройИнвест;developer;https://spb.cian.ru/sale/flat/297294532/;Санкт-Петербург;sale;flat;2;13;2;68.5;13879017;Приморский;Юнтолово;;Беговая;Тайм Сквер
Master-Group Real Estate;representative_developer;https://spb.cian.ru/sale/flat/298864107/;Санкт-Петербург;sale;flat;2;23;2;77.0;13876305;Выборгский;дорога Ольгинская;;Парнас;Прагма city
Росстройинвест;developer;https://spb.cian.ru/sale/flat/299508125/;Санкт-Петербург;sale;flat;12;23;2;48.58;13899820;Калининский;Финляндский;;Выборгская;Беларт ЖК
Самолет;developer;https://spb.cian.ru/sale/flat/291969165/;Санкт-Петербург;sale;flat;2;24;2;54.77;13859494;Невский; Славянская;8;Рыбацкое;Живи! в Рыбацком
Полис;developer;https://spb.cian.ru/sale/flat/299028853/;Санкт-Петербург;sale;flat;7;13;2;58.94;13920888;Приморский;аллея Арцеуловская;9;Старая Деревня;Полис Приморский 2
РосСтройИнвест;developer;https://spb.cian.ru/sale/flat/293303941/;Санкт-Петербург;sale;flat;3;18;2;59.77;13833817;Московский;м. Ленинский проспект;;Ленинский проспект;Cube
РосСтройИнвест;developer;https://spb.cian.ru/sale/flat/297294319/;Санкт-Петербург;sale;flat;10;13;2;66.7;13881171;Приморский;Юнтолово;;Беговая;Тайм Сквер ЖК
РосСтройИнвест;developer;https://spb.cian.ru/sale/flat/297293859/;Санкт-Петербург;sale;flat;9;13;2;70.3;13913382;Приморский;Юнтолово;;Беговая;Тайм Сквер ЖК
РосСтройИнвест;developer;https://spb.cian.ru/sale/flat/297290940/;Санкт-Петербург;sale;flat;2;13;2;68.0;13839801;Приморский;Юнтолово;;Беговая;Тайм Сквер ЖК
ПРИОРИТЕТ;real_estate_agent;https://spb.cian.ru/sale/flat/297759062/;Санкт-Петербург;sale;flat;13;19;2;67.9;13800000;Приморский;проспект Королева;65;Комендантский проспект;Юбилейный квартал
ТРЕНД;real_estate_agent;https://spb.cian.ru/sale/flat/299052802/;Санкт-Петербург;sale;flat;7;16;2;65.0;13900000;Приморский;проспект Сизова;22;;
Ленстройтрест;developer;https://spb.cian.ru/sale/flat/298651749/;Санкт-Петербург;sale;flat;1;7;2;64.57;13804840;Приморский;набережная Реки Каменки;3к3;Озерки;Окла
КВС;developer;https://spb.cian.ru/sale/flat/294622075/;Санкт-Петербург;sale;flat;3;17;2;55.77;13880307;Калининский;Финляндский;;;Квартал бизнес-класса Б15
VEREN GROUP;developer;https://spb.cian.ru/sale/flat/285685218/;Санкт-Петербург;sale;flat;1;3;2;68.0;13962371;Петродворцовый;Красносельское шоссе;22;Ленинский проспект;Veren Village Стрельна
Ленстройтрест;developer;https://spb.cian.ru/sale/flat/298651059/;Санкт-Петербург;sale;flat;5;8;2;64.13;14088995;Приморский;Коломяги;;Проспект Просвещения;Окла ЖК
Ленстройтрест;developer;https://spb.cian.ru/sale/flat/298650947/;Санкт-Петербург;sale;flat;3;8;2;64.67;14073700;Приморский;Коломяги;;Проспект Просвещения;Окла ЖК
АМ;developer;https://spb.cian.ru/sale/flat/296920330/;Санкт-Петербург;sale;flat;2;10;2;35.0;14000000;Центральный;Херсонский проезд;6;Площадь Александра Невского;Апартаменты VIDI
БФА-Девелопмент;developer;https://spb.cian.ru/sale/flat/298609309/;Санкт-Петербург;sale;flat;1;7;2;62.22;13998000;Выборгский;Шувалово-Озерки;;;БФА в Озерках
ЛСР Санкт-Петербург;developer;https://spb.cian.ru/sale/flat/297578745/;Санкт-Петербург;sale;flat;15;15;2;56.35;14081865;Василеостровский;Гавань;12;Горный институт;Морская Набережная ЖК
Унистрой;developer;https://spb.cian.ru/sale/flat/296825933/;Санкт-Петербург;sale;flat;2;5;2;66.02;14086000;Курортный;;;Беговая;Лисино
Унистрой;developer;https://spb.cian.ru/sale/flat/296825943/;Санкт-Петербург;sale;flat;1;5;2;66.65;14063000;Курортный;;;Беговая;Лисино
Лидер Групп;developer;https://spb.cian.ru/sale/flat/296306187/;Санкт-Петербург;sale;flat;17;18;2;57.0;13965000;Василеостровский; Вадима Шефнера;4;Василеостровская;Магеллан (Гавань Капитанов)
РосСтройИнвест;developer;https://spb.cian.ru/sale/flat/293303908/;Санкт-Петербург;sale;flat;1;18;2;61.58;14064291;Московский;м. Ленинский проспект;;Ленинский проспект;Cube
РосСтройИнвест;developer;https://spb.cian.ru/sale/flat/293303917/;Санкт-Петербург;sale;flat;2;18;2;60.77;14006402;Московский;м. Ленинский проспект;;Ленинский проспект;Cube
РосСтройИнвест;developer;https://spb.cian.ru/sale/flat/297291054/;Санкт-Петербург;sale;flat;4;13;2;64.7;14019942;Приморский;Юнтолово;;Беговая;Тайм Сквер ЖК
РосСтройИнвест;developer;https://spb.cian.ru/sale/flat/297294545/;Санкт-Петербург;sale;flat;3;13;2;64.7;14083869;Приморский;Юнтолово;;Беговая;Тайм Сквер
ПИК;developer;https://spb.cian.ru/sale/flat/292960599/;Санкт-Петербург;sale;flat;9;13;2;49.8;13988620;Фрунзенский;Волковское;3;Обводный канал;Витебский Парк ЖК
Константин Михайловер;realtor;https://spb.cian.ru/sale/flat/296073719/;Санкт-Петербург;sale;flat;10;15;2;73.0;13950000;Фрунзенский;Софийская ;48к4;Ломоносовская;Единство
Группа Аквилон;developer;https://spb.cian.ru/sale/flat/298641808/;Санкт-Петербург;sale;flat;3;12;2;59.79;13978122;Московский;Звёздное;;Звездная;Аквилон Ливз 2 ЖК
РСТИ;developer;https://spb.cian.ru/sale/flat/295859161/;Санкт-Петербург;sale;flat;3;9;2;57.95;14035480;Красносельский; Тамбасова;5;Проспект Ветеранов;Кинопарк
Роман Корякин;realtor;https://spb.cian.ru/sale/flat/291058944/;Санкт-Петербург;sale;flat;15;18;2;51.03;13990000;Фрунзенский; Салова;61;Бухарестская;Комплекс апартаментов Valo City
Петербургская Недвижимость;representative_developer;https://spb.cian.ru/sale/flat/296417651/;Санкт-Петербург;sale;flat;3;12;2;51.63;14100411;Московский;Новоизмайловское;;;Титул в Московском
ЛСР Санкт-Петербург;developer;https://spb.cian.ru/sale/flat/299403258/;Санкт-Петербург;sale;flat;2;12;2;59.2;14237600;Красногвардейский;Партизанская ;5Б;Ладожская;ЛСР. Большая Охта
Панорама;real_estate_agent;https://spb.cian.ru/sale/flat/297940795/;Санкт-Петербург;sale;flat;2;4;2;80.0;14150000;Петроградский;Стрельнинская ;12;Чкаловская;
Самолет;developer;https://spb.cian.ru/sale/flat/292014917/;Санкт-Петербург;sale;flat;3;11;2;59.28;14190565;Невский; Гудиловская;6к1;Обухово;Живи! в Рыбацком
РосСтройИнвест;developer;https://spb.cian.ru/sale/flat/293303904/;Санкт-Петербург;sale;flat;1;18;2;63.18;14215769;Московский;м. Ленинский проспект;;Ленинский проспект;Cube
РосСтройИнвест;developer;https://spb.cian.ru/sale/flat/297359487/;Санкт-Петербург;sale;flat;15;17;2;54.57;14174542;Невский;Октябрьская набережная;11Б;Пролетарская;Лайнеръ
РосСтройИнвест;developer;https://spb.cian.ru/sale/flat/297294005/;Санкт-Петербург;sale;flat;4;13;2;69.3;14117797;Приморский;Юнтолово;;Беговая;Тайм Сквер ЖК
Ленстройтрест;developer;https://spb.cian.ru/sale/flat/298649455/;Санкт-Петербург;sale;flat;1;5;2;79.7;14171350;Колпинский;шоссе Рубежное;14;Рыбацкое;Юттери
ФСК;developer;https://spb.cian.ru/sale/flat/297552965/;Санкт-Петербург;sale;flat;7;13;2;70.93;14170466;Приморский;Коломяжский проспект;4;Черная речка;Апартаменты Zoom Черная Речка
БФА-Девелопмент;developer;https://spb.cian.ru/sale/flat/298609230/;Санкт-Петербург;sale;flat;1;7;2;60.73;14141000;Выборгский;Шувалово-Озерки;;;БФА в Озерках
Петербургская Строительная Компания;developer;https://spb.cian.ru/sale/flat/298056548/;Санкт-Петербург;sale;flat;24;25;2;75.67;14397791;Приморский;Коломяги;;Проспект Просвещения;Френдс ЖК
БФА-Девелопмент;developer;https://spb.cian.ru/sale/flat/298609167/;Санкт-Петербург;sale;flat;1;7;2;65.39;14359000;Выборгский;Шувалово-Озерки;;;БФА в Озерках
ЛСР Санкт-Петербург;developer;https://spb.cian.ru/sale/flat/299403351/;Санкт-Петербург;sale;flat;2;12;2;59.5;14309750;Красногвардейский;Партизанская ;5Б;Ладожская;ЛСР. Большая Охта
Самолет;developer;https://spb.cian.ru/sale/flat/295426178/;Санкт-Петербург;sale;flat;4;11;2;59.0;14383305;Невский; Гудиловская;5к1;Рыбацкое;Живи! в Рыбацком
РосСтройИнвест;developer;https://spb.cian.ru/sale/flat/274433568/;Санкт-Петербург;sale;flat;9;16;2;59.64;14293104;Московский;Кубинская ;82к1;Ленинский проспект;Cube
РосСтройИнвест;developer;https://spb.cian.ru/sale/flat/293303923/;Санкт-Петербург;sale;flat;2;18;2;63.57;14303521;Московский;м. Ленинский проспект;;Ленинский проспект;Cube
Ленстройтрест;developer;https://spb.cian.ru/sale/flat/298649541/;Санкт-Петербург;sale;flat;4;5;2;79.28;14325600;Колпинский;шоссе Рубежное;14;Рыбацкое;Юттери
РСТИ;developer;https://spb.cian.ru/sale/flat/286344227/;Санкт-Петербург;sale;flat;19;19;2;57.29;14398651;Калининский;Финляндский;;Выборгская;Master Place
РСТИ;developer;https://spb.cian.ru/sale/flat/297081455/;Санкт-Петербург;sale;flat;5;7;2;53.53;14397557;Калининский;Финляндский;;Выборгская;Master Place
РСТИ;developer;https://spb.cian.ru/sale/flat/280115509/;Санкт-Петербург;sale;flat;1;7;2;60.21;14286629;Калининский;Финляндский;;Выборгская;Master Place
КВС;developer;https://spb.cian.ru/sale/flat/294622041/;Санкт-Петербург;sale;flat;5;17;2;57.01;14337455;Калининский;Финляндский;;;Квартал бизнес-класса Б15
БФА-Девелопмент;developer;https://spb.cian.ru/sale/flat/298609310/;Санкт-Петербург;sale;flat;1;7;2;63.78;14349000;Выборгский;Шувалово-Озерки;;;БФА в Озерках
Петербургская Недвижимость;representative_developer;https://spb.cian.ru/sale/flat/296055003/;Санкт-Петербург;sale;flat;2;12;2;53.67;14400251;Московский;Новоизмайловское;;;Титул в Московском
Петербургская Недвижимость;representative_developer;https://spb.cian.ru/sale/flat/296659930/;Санкт-Петербург;sale;flat;1;10;2;59.15;14500031;Московский;м. Ленинский проспект;;Ленинский проспект;Сенат
Петербургская Недвижимость;representative_developer;https://spb.cian.ru/sale/flat/295505775/;Санкт-Петербург;sale;flat;4;12;2;53.25;14500294;Московский;Новоизмайловское;;;Титул в Московском
Лидер Групп;developer;https://spb.cian.ru/sale/flat/299555849/;Санкт-Петербург;sale;flat;2;13;2;66.01;14522200;Невский; Тельмана;37;Ломоносовская;ИСКРА-Сити
ЛСР Санкт-Петербург;developer;https://spb.cian.ru/sale/flat/294545603/;Санкт-Петербург;sale;flat;10;17;2;61.39;14549430;Василеостровский;Гавань;12;Горный институт;Морская Набережная ЖК
Эталон СПБ;developer;https://spb.cian.ru/sale/flat/298656893/;Санкт-Петербург;sale;flat;24;25;2;67.4;14542031;Приморский;Коломяги;;Проспект Просвещения;Новоорловский ЖК
РосСтройИнвест;developer;https://spb.cian.ru/sale/flat/297359504/;Санкт-Петербург;sale;flat;16;17;2;54.47;14480303;Невский;Октябрьская набережная;11Б;Пролетарская;Лайнеръ
РосСтройИнвест;developer;https://spb.cian.ru/sale/flat/297293884/;Санкт-Петербург;sale;flat;10;13;2;70.7;14423827;Приморский;Юнтолово;;Беговая;Тайм Сквер ЖК
;;https://spb.cian.ru/sale/flat/299252982/;Санкт-Петербург;sale;flat;5;9;2;53.6;14525600;Выборгский;Светлановский проспект;45;Политехническая;Дом-бутик Светлановский, 45
ПИК;developer;https://spb.cian.ru/sale/flat/295643034/;Санкт-Петербург;sale;flat;4;14;2;56.0;14488320;Фрунзенский;Волковское;5;Обводный канал;Витебский Парк ЖК
ПИК;developer;https://spb.cian.ru/sale/flat/293227156/;Санкт-Петербург;sale;flat;8;14;2;53.2;14459494;Фрунзенский;Волковское;1;Обводный канал;Аэронавт ЖК
ПИК;developer;https://spb.cian.ru/sale/flat/290849907/;Санкт-Петербург;sale;flat;2;12;2;55.2;14466816;Фрунзенский;Волковское;5;Обводный канал;Витебский Парк ЖК
АМ;developer;https://spb.cian.ru/sale/flat/296920339/;Санкт-Петербург;sale;flat;2;10;2;36.2;14480000;Центральный;Херсонский проезд;6;Площадь Александра Невского;Апартаменты VIDI
КВС;developer;https://spb.cian.ru/sale/flat/294622059/;Санкт-Петербург;sale;flat;3;17;2;57.69;14411749;Калининский;Финляндский;;;Квартал бизнес-класса Б15
ЛСР Санкт-Петербург;developer;https://spb.cian.ru/sale/flat/298049970/;Санкт-Петербург;sale;flat;8;16;2;64.89;14665140;Василеостровский;Гавань;;Приморская;Морская Набережная ЖК
ПИК;developer;https://spb.cian.ru/sale/flat/289171928/;Санкт-Петербург;sale;flat;2;13;2;55.6;14636422;Фрунзенский;Волковское;1;Обводный канал;Аэронавт ЖК
БФА-Девелопмент;developer;https://spb.cian.ru/sale/flat/298609200/;Санкт-Петербург;sale;flat;2;7;2;63.09;14625000;Выборгский;Шувалово-Озерки;;;БФА в Озерках
ЛСР Санкт-Петербург;developer;https://spb.cian.ru/sale/flat/299403357/;Санкт-Петербург;sale;flat;3;12;2;58.1;14699300;Красногвардейский;Партизанская ;5Б;Ладожская;ЛСР. Большая Охта
Master-Group Real Estate;representative_developer;https://spb.cian.ru/sale/flat/298863738/;Санкт-Петербург;sale;flat;11;23;2;77.6;14567116;Выборгский;дорога Ольгинская;;Парнас;Прагма city
ПИК;developer;https://spb.cian.ru/sale/flat/294724095/;Санкт-Петербург;sale;flat;5;14;2;51.6;14558940;Фрунзенский;Волковское;1;Обводный канал;Аэронавт ЖК
ЛСР Санкт-Петербург;developer;https://spb.cian.ru/sale/flat/296662607/;Санкт-Петербург;sale;flat;17;17;2;56.76;14610024;Василеостровский;Гавань;12;Горный институт;Морская Набережная ЖК
ЛСР Санкт-Петербург;developer;https://spb.cian.ru/sale/flat/298050398/;Санкт-Петербург;sale;flat;15;17;2;64.3;14602530;Василеостровский;Гавань;12;Горный институт;Морская Набережная ЖК
Росстройинвест;developer;https://spb.cian.ru/sale/flat/280432123/;Санкт-Петербург;sale;flat;12;12;2;61.6;14690948;Красногвардейский;Полюстрово;;Академическая;Академик
Росстройинвест;developer;https://spb.cian.ru/sale/flat/299508086/;Санкт-Петербург;sale;flat;9;23;2;53.85;14619127;Калининский;Финляндский;;Выборгская;Беларт ЖК
Унистрой;developer;https://spb.cian.ru/sale/flat/292533791/;Санкт-Петербург;sale;flat;2;5;2;70.8;14690000;Курортный;;;Беговая;Лисино
РосСтройИнвест;developer;https://spb.cian.ru/sale/flat/297293871/;Санкт-Петербург;sale;flat;9;13;2;74.0;14645665;Приморский;Юнтолово;;Беговая;Тайм Сквер ЖК
;;https://spb.cian.ru/sale/flat/299252981/;Санкт-Петербург;sale;flat;5;9;2;59.3;14587800;Выборгский;Светлановский проспект;45;Политехническая;Дом-бутик Светлановский, 45
;;https://spb.cian.ru/sale/flat/299252935/;Санкт-Петербург;sale;flat;1;9;2;54.5;14578750;Выборгский;Светлановский проспект;45;Политехническая;Дом-бутик Светлановский, 45
РосСтройИнвест;developer;https://spb.cian.ru/sale/flat/297292330/;Санкт-Петербург;sale;flat;4;13;2;72.1;14619473;Приморский;Юнтолово;;Беговая;Тайм Сквер
АМ;developer;https://spb.cian.ru/sale/flat/296920319/;Санкт-Петербург;sale;flat;2;10;2;36.5;14600000;Центральный;Херсонский проезд;6;Площадь Александра Невского;Апартаменты VIDI
Терминал-Ресурс;developer;https://spb.cian.ru/sale/flat/296121265/;Санкт-Петербург;sale;flat;4;4;2;81.38;14648400;Пушкинский;;;Купчино;Образцовый квартал 14 ЖК
Ленстройтрест;developer;https://spb.cian.ru/sale/flat/298651791/;Санкт-Петербург;sale;flat;1;7;2;59.65;14662320;Приморский;набережная Реки Каменки;3к3;Озерки;Окла
БФА-Девелопмент;developer;https://spb.cian.ru/sale/flat/298609297/;Санкт-Петербург;sale;flat;2;7;2;65.81;14741000;Выборгский;Шувалово-Озерки;;;БФА в Озерках
ЛСР Санкт-Петербург;developer;https://spb.cian.ru/sale/flat/296662629/;Санкт-Петербург;sale;flat;15;15;2;58.24;14705600;Василеостровский;Гавань;12;Горный институт;Морская Набережная ЖК
Унистрой;developer;https://spb.cian.ru/sale/flat/292533937/;Санкт-Петербург;sale;flat;2;5;2;71.5;14724000;Курортный;;;Беговая;Лисино
Петербургская Недвижимость;representative_developer;https://spb.cian.ru/sale/flat/298355571/;Санкт-Петербург;sale;flat;1;12;2;62.64;14750185;Невский;Невский;;Проспект Большевиков;Пульс Премьер ЖК
Лидер Групп;developer;https://spb.cian.ru/sale/flat/299555944/;Санкт-Петербург;sale;flat;2;18;2;67.18;14779600;Невский; Тельмана;37;Ломоносовская;ИСКРА-Сити
SENATOR;developer;https://spb.cian.ru/sale/flat/293297284/;Санкт-Петербург;sale;flat;2;11;2;61.4;14793368;Невский;Октябрьская набережная;86К2;Пролетарская;Панорама Невы
РосСтройИнвест;developer;https://spb.cian.ru/sale/flat/297294536/;Санкт-Петербург;sale;flat;3;13;2;68.0;14735023;Приморский;Юнтолово;;Беговая;Тайм Сквер
ТРЕНД;real_estate_agent;https://spb.cian.ru/sale/flat/298773326/;Санкт-Петербург;sale;flat;22;25;2;73.0;14700000;Выборгский; Есенина;1к1;Озерки;
ПИК;developer;https://spb.cian.ru/sale/flat/298768040/;Санкт-Петербург;sale;flat;9;11;2;56.7;14745628;Фрунзенский;Волковское;3;Обводный канал;Витебский Парк ЖК
РСТИ;developer;https://spb.cian.ru/sale/flat/295858811/;Санкт-Петербург;sale;flat;2;9;2;64.68;14786725;Красносельский; Тамбасова;5;Проспект Ветеранов;Кинопарк
КВС;developer;https://spb.cian.ru/sale/flat/294622080/;Санкт-Петербург;sale;flat;11;17;2;59.87;14784678;Калининский;Финляндский;;;Квартал бизнес-класса Б15
Петербургская Недвижимость;representative_developer;https://spb.cian.ru/sale/flat/297438000/;Санкт-Петербург;sale;flat;2;12;2;54.36;14850146;Московский;м. Ленинский проспект;;Ленинский проспект;Сенат
Ленстройтрест;developer;https://spb.cian.ru/sale/flat/298770166/;Санкт-Петербург;sale;flat;2;8;2;74.93;14928870;Приморский;Коломяги;;Проспект Просвещения;Окла ЖК
GloraX;developer;https://spb.cian.ru/sale/flat/299606337/;Санкт-Петербург;sale;flat;6;18;2;52.34;14929999;Василеостровский;Морской;;;Глоракс Василеостровский ЖК
Группа Аквилон;developer;https://spb.cian.ru/sale/flat/295358725/;Санкт-Петербург;sale;flat;4;12;2;60.78;14845029;Московский;Звёздное;;Звездная;Аквилон Ливз 2 ЖК
Master-Group Real Estate;representative_developer;https://spb.cian.ru/sale/flat/298863961/;Санкт-Петербург;sale;flat;2;23;2;83.2;14861628;Выборгский;дорога Ольгинская;;Парнас;Прагма city
Строительный трест;developer;https://spb.cian.ru/sale/flat/299482195/;Санкт-Петербург;sale;flat;2;13;2;59.23;14867000;Калининский;Академическое;;Академическая;Наука ЖК
Master-Group Real Estate;representative_developer;https://spb.cian.ru/sale/flat/298864019/;Санкт-Петербург;sale;flat;21;23;2;66.8;14866893;Выборгский;дорога Ольгинская;;Парнас;Прагма city
Росстройинвест;developer;https://spb.cian.ru/sale/flat/299508182/;Санкт-Петербург;sale;flat;2;22;2;61.49;14934064;Калининский;Финляндский;;Лесная;БелАрт
ЛСР Санкт-Петербург;developer;https://spb.cian.ru/sale/flat/294545577/;Санкт-Петербург;sale;flat;2;17;2;67.29;14938380;Василеостровский;Гавань;12;Горный институт;Морская Набережная ЖК
Унистрой;developer;https://spb.cian.ru/sale/flat/292533843/;Санкт-Петербург;sale;flat;1;5;2;72.5;14901000;Курортный;;;Беговая;Лисино
Петербургская Недвижимость;representative_developer;https://spb.cian.ru/sale/flat/295920972/;Санкт-Петербург;sale;flat;18;23;2;55.81;14900432;Невский;Невский;;Проспект Большевиков;Пульс Премьер ЖК
Лидер Групп;developer;https://spb.cian.ru/sale/flat/296306200/;Санкт-Петербург;sale;flat;17;18;2;61.8;14832000;Василеостровский; Вадима Шефнера;4;Василеостровская;Магеллан (Гавань Капитанов)
PLEADA;representative_developer;https://spb.cian.ru/sale/flat/299338092/;Санкт-Петербург;sale;flat;9;10;2;33.1;14910491;Центральный;Херсонский проезд;6;Площадь Александра Невского;Апартаменты VIDI
Лидер Групп;developer;https://spb.cian.ru/sale/flat/294573207/;Санкт-Петербург;sale;flat;5;18;2;70.5;14805000;Василеостровский;бульвар Головнина;3к1;Горный институт;Колумб (Гавань Капитанов)
Лидер Групп;developer;https://spb.cian.ru/sale/flat/294573103/;Санкт-Петербург;sale;flat;11;18;2;61.0;14945000;Василеостровский;бульвар Головнина;3к1;Горный институт;Колумб (Гавань Капитанов)
;;https://spb.cian.ru/sale/flat/299252967/;Санкт-Петербург;sale;flat;4;9;2;61.6;14845600;Выборгский;Светлановский проспект;45;Политехническая;Дом-бутик Светлановский, 45
РСТИ;developer;https://spb.cian.ru/sale/flat/280115599/;Санкт-Петербург;sale;flat;5;7;2;55.39;14876908;Калининский;Финляндский;;Выборгская;Master Place
ПИК;developer;https://spb.cian.ru/sale/flat/299174537/;Санкт-Петербург;sale;flat;4;14;2;59.8;14901263;Фрунзенский;Волковское;1;Обводный канал;Аэронавт ЖК
Группа Аквилон;developer;https://spb.cian.ru/sale/flat/298641847/;Санкт-Петербург;sale;flat;5;12;2;63.54;14831603;Московский;Звёздное;;Звездная;Аквилон Ливз 2 ЖК
Ленстройтрест;developer;https://spb.cian.ru/sale/flat/298651697/;Санкт-Петербург;sale;flat;1;7;2;63.12;14928870;Приморский;набережная Реки Каменки;3к3;Озерки;Окла
КВС;developer;https://spb.cian.ru/sale/flat/294621820/;Санкт-Петербург;sale;flat;3;17;2;60.65;14845293;Калининский;Финляндский;;;Квартал бизнес-класса Б15
Колвэй;real_estate_agent;https://spb.cian.ru/sale/flat/297757618/;Санкт-Петербург;sale;flat;9;19;2;67.2;14800000;Василеостровский;бульвар Вилькицкий;7;Приморская;"Светлый мир ""Тихая гавань"""
;;https://spb.cian.ru/sale/flat/297034998/;Санкт-Петербург;sale;flat;1;17;2;76.5;14929117;Московский;Московское шоссе;13ВГ;Звездная;Звезды Столиц
ID 96287119;unknown;https://spb.cian.ru/sale/flat/298552754/;Санкт-Петербург;sale;flat;3;14;2;57.4;14924000;Василеостровский;набережная Реки Смоленки;35к1;Приморская;Айно
Ленстройтрест;developer;https://spb.cian.ru/sale/flat/298651548/;Санкт-Петербург;sale;flat;3;25;2;67.85;15001635;Приморский;Коломяги;;Проспект Просвещения;Окла ЖК
Лидер Групп;developer;https://spb.cian.ru/sale/flat/299555889/;Санкт-Петербург;sale;flat;6;13;2;65.38;15004710;Невский; Тельмана;37;Ломоносовская;ИСКРА-Сити
РосСтройИнвест;developer;https://spb.cian.ru/sale/flat/274433490/;Санкт-Петербург;sale;flat;4;16;2;64.46;15017970;Московский;Кубинская ;82к1;Ленинский проспект;Cube
Эталон СПБ;developer;https://spb.cian.ru/sale/flat/298657644/;Санкт-Петербург;sale;flat;2;12;2;61.0;15090056;Московский;Черниговская ;17;Московские ворота;Квартал Che
Эталон СПБ;developer;https://spb.cian.ru/sale/flat/298657841/;Санкт-Петербург;sale;flat;1;12;2;68.1;15072285;Московский;Черниговская ;17;Московские ворота;Квартал Che
РосСтройИнвест;developer;https://spb.cian.ru/sale/flat/297359345/;Санкт-Петербург;sale;flat;2;17;2;62.41;15010936;Невский;Октябрьская набережная;11Б;Пролетарская;Лайнеръ
ПетербургНедвижимость;real_estate_agent;https://spb.cian.ru/sale/flat/275616756/;Санкт-Петербург;sale;flat;10;16;2;82.3;15000000;Калининский;Кондратьевский проспект;62к6;Выборгская;
Строительный трест;developer;https://spb.cian.ru/sale/flat/299482214/;Санкт-Петербург;sale;flat;2;11;2;59.85;15023000;Калининский;Академическое;;Академическая;Наука ЖК
Росстройинвест;developer;https://spb.cian.ru/sale/flat/299507650/;Санкт-Петербург;sale;flat;6;22;2;61.02;15034905;Калининский;Финляндский;;Лесная;Беларт ЖК
Росстройинвест;developer;https://spb.cian.ru/sale/flat/299508120/;Санкт-Петербург;sale;flat;11;23;2;53.07;15019624;Калининский;Финляндский;;Выборгская;Беларт ЖК
Росстройинвест;developer;https://spb.cian.ru/sale/flat/299507792/;Санкт-Петербург;sale;flat;10;22;2;60.48;14962340;Калининский;Финляндский;;Лесная;Беларт ЖК
Лидер Групп;developer;https://spb.cian.ru/sale/flat/296306204/;Санкт-Петербург;sale;flat;17;18;2;62.8;15072000;Василеостровский; Вадима Шефнера;4;Василеостровская;Магеллан (Гавань Капитанов)
ЛСР Санкт-Петербург;developer;https://spb.cian.ru/sale/flat/294545578/;Санкт-Петербург;sale;flat;3;17;2;68.02;15032420;Василеостровский;Гавань;12;Горный институт;Морская Набережная ЖК
Росстройинвест;developer;https://spb.cian.ru/sale/flat/299508165/;Санкт-Петербург;sale;flat;2;22;2;60.13;15026524;Калининский;Финляндский;;Лесная;БелАрт
BR Group;real_estate_agent;https://spb.cian.ru/sale/flat/295659299/;Санкт-Петербург;sale;flat;1;11;2;48.0;15000000;Выборгский;проспект Энгельса;2;Пионерская;Усадьба на Ланском
Владис Центральный;real_estate_agent;https://spb.cian.ru/sale/flat/298847281/;Санкт-Петербург;sale;flat;9;21;2;77.5;15098000;Красносельский;Ленинский проспект;82к1;Ленинский проспект;Адмирал
Ленстройтрест;developer;https://spb.cian.ru/sale/flat/298651130/;Санкт-Петербург;sale;flat;2;7;2;64.86;14950000;Приморский;шоссе Суздальское;18к3;Проспект Просвещения;Окла
;;https://spb.cian.ru/sale/flat/299252996/;Санкт-Петербург;sale;flat;6;9;2;59.8;15069600;Выборгский;Светлановский проспект;45;Политехническая;Дом-бутик Светлановский, 45
Мегалит–Охта Групп;developer;https://spb.cian.ru/sale/flat/296705446/;Санкт-Петербург;sale;flat;4;16;2;53.06;15092439;Приморский;Коломяжский проспект;13к3;Пионерская;Приморский квартал
Мир квартир элит Крестовский;real_estate_agent;https://spb.cian.ru/sale/flat/286808822/;Санкт-Петербург;sale;flat;2;5;2;64.3;14990000;Центральный;Поварской переулок;12;Маяковская;
ПИК;developer;https://spb.cian.ru/sale/flat/299174616/;Санкт-Петербург;sale;flat;12;13;2;53.6;15056025;Фрунзенский;Волковское;3;Обводный канал;Витебский Парк ЖК
Группа Аквилон;developer;https://spb.cian.ru/sale/flat/298641855/;Санкт-Петербург;sale;flat;8;12;2;62.25;15047887;Московский;Звёздное;;Звездная;Аквилон Ливз 2 ЖК
Euroinvest Development;developer;https://spb.cian.ru/sale/flat/293271559/;Санкт-Петербург;sale;flat;2;12;2;57.01;15041518;Выборгский;Светлановское;;Удельная;ID Svetlanovskiy
;;https://spb.cian.ru/sale/flat/294929836/;Санкт-Петербург;sale;flat;13;13;2;53.7;15000000;Невский;Варфоломеевская ;6;Ломоносовская;Апарт-отель Начало
ID 111279569;homeowner;https://spb.cian.ru/sale/flat/297031674/;Санкт-Петербург;sale;flat;18;24;2;63.4;14990000;Московский; Федора Котанова;13к1;Звездная;"Светлый мир ""Жизнь"""
Euroinvest Development;developer;https://spb.cian.ru/sale/flat/293271878/;Санкт-Петербург;sale;flat;3;12;2;64.7;15231609;Выборгский;Светлановское;;Удельная;ID Svetlanovskiy
Петербургская Недвижимость;representative_developer;https://spb.cian.ru/sale/flat/299394260/;Санкт-Петербург;sale;flat;1;10;2;61.57;15100073;Московский;м. Ленинский проспект;;Ленинский проспект;Сенат
Master-Group Real Estate;representative_developer;https://spb.cian.ru/sale/flat/298863821/;Санкт-Петербург;sale;flat;2;23;2;84.3;15113341;Выборгский;дорога Ольгинская;;Парнас;Прагма city
Полис;developer;https://spb.cian.ru/sale/flat/299604003/;Санкт-Петербург;sale;flat;2;13;2;70.38;15225888;Приморский;аллея Арцеуловская;9;Старая Деревня;Полис Приморский 2
Лидер Групп;developer;https://spb.cian.ru/sale/flat/297667971/;Санкт-Петербург;sale;flat;9;18;2;72.4;15204000;Василеостровский;бульвар Головнина;3к1;Горный институт;Колумб (Гавань Капитанов)
RBI;developer;https://spb.cian.ru/sale/flat/295748346/;Санкт-Петербург;sale;flat;3;16;2;58.6;15155947;Выборгский;Шувалово-Озерки;;Проспект Просвещения;Струны
RBI;developer;https://spb.cian.ru/sale/flat/295748523/;Санкт-Петербург;sale;flat;5;23;2;63.2;15207323;Выборгский;Шувалово-Озерки;;Проспект Просвещения;Струны
Группа Аквилон;developer;https://spb.cian.ru/sale/flat/298641937/;Санкт-Петербург;sale;flat;3;12;2;64.91;15126840;Московский;Звёздное;;Звездная;Аквилон Ливз 2 ЖК
Мир Квартир Элит;real_estate_agent;https://spb.cian.ru/sale/flat/296086772/;Санкт-Петербург;sale;flat;5;9;2;48.8;15190000;Центральный;Кременчугская ;9К1;Площадь Александра Невского;Царская столица
Лидер Групп;developer;https://spb.cian.ru/sale/flat/296306188/;Санкт-Петербург;sale;flat;17;18;2;63.5;15240000;Василеостровский; Вадима Шефнера;4;Василеостровская;Магеллан (Гавань Капитанов)
Лидер Групп;developer;https://spb.cian.ru/sale/flat/294573271/;Санкт-Петербург;sale;flat;5;18;2;72.5;15225000;Василеостровский;бульвар Головнина;3к1;Горный институт;Колумб (Гавань Капитанов)
Лидер Групп;developer;https://spb.cian.ru/sale/flat/294573165/;Санкт-Петербург;sale;flat;2;18;2;74.2;15211000;Василеостровский;бульвар Головнина;3к1;Горный институт;Колумб (Гавань Капитанов)
РосСтройИнвест;developer;https://spb.cian.ru/sale/flat/297359387/;Санкт-Петербург;sale;flat;7;17;2;56.51;15197993;Невский;Октябрьская набережная;11Б;Пролетарская;Лайнеръ
Gurskiy Estate;real_estate_agent;https://spb.cian.ru/sale/flat/297562583/;Санкт-Петербург;sale;flat;2;16;2;72.1;15200000;Московский; Среднерогатская;16к5;;"Светлый мир ""Жизнь"""
SENATOR;developer;https://spb.cian.ru/sale/flat/294042865/;Санкт-Петербург;sale;flat;8;11;2;53.4;15151947;Невский;Октябрьская набережная;86К2;Пролетарская;Панорама Невы
ФСК;developer;https://spb.cian.ru/sale/flat/297552944/;Санкт-Петербург;sale;flat;6;13;2;71.87;15151633;Приморский;Коломяжский проспект;4;Черная речка;Апартаменты Zoom Черная Речка
РСТИ;developer;https://spb.cian.ru/sale/flat/295858821/;Санкт-Петербург;sale;flat;3;9;2;64.17;15244661;Красносельский; Тамбасова;5;Проспект Ветеранов;Кинопарк
Эталон СПБ;developer;https://spb.cian.ru/sale/flat/299132637/;Санкт-Петербург;sale;flat;1;12;2;72.6;15340809;Московский;Черниговская ;17;Московские ворота;Квартал Che
Группа Аквилон;developer;https://spb.cian.ru/sale/flat/277319630/;Санкт-Петербург;sale;flat;3;12;2;57.05;15259677;Московский;Звёздное;;Звездная;Аквилон Leaves
;;https://spb.cian.ru/sale/flat/298022203/;Санкт-Петербург;sale;flat;7;13;2;56.76;15423085;Калининский;Полюстровский проспект;;Лесная;Respect
Строительный трест;developer;https://spb.cian.ru/sale/flat/298016472/;Санкт-Петербург;sale;flat;2;13;2;61.9;15352000;Калининский;Академическое;;Политехническая;Наука ЖК
Строительный трест;developer;https://spb.cian.ru/sale/flat/294618074/;Санкт-Петербург;sale;flat;2;13;2;63.35;15395000;Калининский;Академическое;;Политехническая;Наука ЖК
Арсенал-Недвижимость;developer;https://spb.cian.ru/sale/flat/295158777/;Санкт-Петербург;sale;flat;2;12;2;67.87;15270751;Приморский;проспект Авиаконструкторов;54;Комендантский проспект;Modum
Росстройинвест;developer;https://spb.cian.ru/sale/flat/299507388/;Санкт-Петербург;sale;flat;7;23;2;53.9;15424621;Калининский;Полюстровский проспект;75;Лесная;БелАрт
Унистрой;developer;https://spb.cian.ru/sale/flat/292533600/;Санкт-Петербург;sale;flat;2;5;2;74.52;15409000;Курортный;;;Беговая;Лисино
Унистрой;developer;https://spb.cian.ru/sale/flat/292533571/;Санкт-Петербург;sale;flat;4;5;2;73.91;15342000;Курортный;;;Беговая;Лисино
;;https://spb.cian.ru/sale/flat/299252985/;Санкт-Петербург;sale;flat;1;9;2;58.1;15396500;Выборгский;Светлановский проспект;45;Политехническая;Дом-бутик Светлановский, 45
Петербургская Недвижимость;representative_developer;https://spb.cian.ru/sale/flat/298355587/;Санкт-Петербург;sale;flat;3;18;2;63.92;15400405;Невский;Невский;;Проспект Большевиков;Пульс Премьер ЖК
;;https://spb.cian.ru/sale/flat/299252997/;Санкт-Петербург;sale;flat;6;9;2;55.7;15428900;Выборгский;Светлановский проспект;45;Политехническая;Дом-бутик Светлановский, 45
РосСтройИнвест;developer;https://spb.cian.ru/sale/flat/297292392/;Санкт-Петербург;sale;flat;4;13;2;75.7;15273066;Приморский;Юнтолово;;Беговая;Тайм Сквер
ПИК;developer;https://spb.cian.ru/sale/flat/296296114/;Санкт-Петербург;sale;flat;8;11;2;58.5;15354144;Фрунзенский;Волковское;3;Обводный канал;Витебский Парк ЖК
Мегалит–Охта Групп;developer;https://spb.cian.ru/sale/flat/297050487/;Санкт-Петербург;sale;flat;7;17;2;61.2;15257472;Приморский;переулок Ипподромный;1к2;Пионерская;Приморский квартал
БФА-Девелопмент;developer;https://spb.cian.ru/sale/flat/298609062/;Санкт-Петербург;sale;flat;2;7;2;67.05;15387000;Выборгский;Шувалово-Озерки;;;БФА в Озерках
Euroinvest Development;developer;https://spb.cian.ru/sale/flat/293271422/;Санкт-Петербург;sale;flat;3;12;2;58.22;15360765;Выборгский;Светлановское;;Удельная;ID Svetlanovskiy
Петербургская Недвижимость;representative_developer;https://spb.cian.ru/sale/flat/295388061/;Санкт-Петербург;sale;flat;2;12;2;58.18;15500053;Московский;Новоизмайловское;;;Титул в Московском
Лидер Групп;developer;https://spb.cian.ru/sale/flat/299555936/;Санкт-Петербург;sale;flat;2;13;2;70.49;15507800;Невский; Тельмана;37;Ломоносовская;ИСКРА-Сити
Ленстройтрест;developer;https://spb.cian.ru/sale/flat/298650920/;Санкт-Петербург;sale;flat;2;8;2;65.72;15598554;Приморский;Коломяги;;Проспект Просвещения;Окла ЖК
Ленстройтрест;developer;https://spb.cian.ru/sale/flat/298651809/;Санкт-Петербург;sale;flat;4;7;2;75.24;15589420;Приморский;набережная Реки Каменки;3к3;Озерки;Окла
ЦН КВАДРАТ;real_estate_agent;https://spb.cian.ru/sale/flat/299477816/;Санкт-Петербург;sale;flat;2;4;2;69.0;15500000;Центральный;Гороховая ;44;Сенная площадь;
Строительный трест;developer;https://spb.cian.ru/sale/flat/286211629/;Санкт-Петербург;sale;flat;2;13;2;61.4;15473000;Калининский;Академическое;;Политехническая;Наука ЖК
Строительный трест;developer;https://spb.cian.ru/sale/flat/294617970/;Санкт-Петербург;sale;flat;2;13;2;61.85;15494000;Калининский; Академика Константинова;1к1;Академическая;Наука
Строительный трест;developer;https://spb.cian.ru/sale/flat/298534365/;Санкт-Петербург;sale;flat;3;11;2;59.65;15569000;Калининский; Академика Константинова;1к1;Академическая;Наука
Росстройинвест;developer;https://spb.cian.ru/sale/flat/299508235/;Санкт-Петербург;sale;flat;5;22;2;57.16;15473536;Калининский;Финляндский;;Лесная;БелАрт
Отделстрой;developer;https://spb.cian.ru/sale/flat/265730391/;Санкт-Петербург;sale;flat;2;12;2;57.18;15500000;Выборгский;Большой Сампсониевский проспект;70К2;Выборгская;Новый Лесснер
Эталон СПБ;developer;https://spb.cian.ru/sale/flat/298657946/;Санкт-Петербург;sale;flat;1;8;2;67.8;15541277;Московский;Черниговская ;13к2;Московские ворота;Квартал Che
GloraX;developer;https://spb.cian.ru/sale/flat/299606389/;Санкт-Петербург;sale;flat;12;18;2;53.55;15509999;Василеостровский;Морской;;;Глоракс Василеостровский ЖК
Мегалит–Охта Групп;developer;https://spb.cian.ru/sale/flat/297024619/;Санкт-Петербург;sale;flat;2;25;2;64.41;15555643;Приморский;Коломяжский проспект;13к2;Пионерская;Приморский квартал
Ленстройтрест;developer;https://spb.cian.ru/sale/flat/298651734/;Санкт-Петербург;sale;flat;6;7;2;66.77;15531600;Приморский;набережная Реки Каменки;3к3;Озерки;Окла
КВС;developer;https://spb.cian.ru/sale/flat/294621894/;Санкт-Петербург;sale;flat;14;17;2;62.4;15517820;Калининский;Финляндский;;;Квартал бизнес-класса Б15
PLEADA;representative_developer;https://spb.cian.ru/sale/flat/299338081/;Санкт-Петербург;sale;flat;9;10;2;34.5;15477059;Центральный;Херсонский проезд;6;Площадь Александра Невского;Апартаменты VIDI
РосСтройИнвест;developer;https://spb.cian.ru/sale/flat/297293284/;Санкт-Петербург;sale;flat;3;13;2;72.9;15558645;Приморский;Юнтолово;;Беговая;Тайм Сквер ЖК
;;https://spb.cian.ru/sale/flat/299252966/;Санкт-Петербург;sale;flat;1;9;2;57.0;15475500;Выборгский;Светлановский проспект;45;Политехническая;Дом-бутик Светлановский, 45
РосСтройИнвест;developer;https://spb.cian.ru/sale/flat/297291664/;Санкт-Петербург;sale;flat;3;13;2;76.6;15454650;Приморский;Юнтолово;;Беговая;Тайм Сквер
Мегалит–Охта Групп;developer;https://spb.cian.ru/sale/flat/297024265/;Санкт-Петербург;sale;flat;9;16;2;65.19;15571449;Приморский;Коломяжский проспект;13к3;Пионерская;Приморский квартал
Мегалит–Охта Групп;developer;https://spb.cian.ru/sale/flat/288158016/;Санкт-Петербург;sale;flat;8;16;2;66.36;15569017;Приморский;Коломяжский проспект;13к3;Пионерская;Приморский квартал
Мегалит–Охта Групп;developer;https://spb.cian.ru/sale/flat/297024583/;Санкт-Петербург;sale;flat;2;25;2;68.64;15519171;Приморский;Коломяжский проспект;13к2;Пионерская;Приморский квартал
Мегалит–Охта Групп;developer;https://spb.cian.ru/sale/flat/297024552/;Санкт-Петербург;sale;flat;2;25;2;64.54;15573881;Приморский;Коломяжский проспект;13к2;Пионерская;Приморский квартал
Euroinvest Development;developer;https://spb.cian.ru/sale/flat/293271840/;Санкт-Петербург;sale;flat;2;12;2;65.7;15467028;Выборгский;Светлановское;;Удельная;ID Svetlanovskiy
ПИА Недвижимость;representative_developer;https://spb.cian.ru/sale/flat/298740100/;Санкт-Петербург;sale;flat;8;18;2;60.47;15475950;Василеостровский;Морской;;Приморская;Глоракс Василеостровский ЖК
ПИА Недвижимость;representative_developer;https://spb.cian.ru/sale/flat/298740180/;Санкт-Петербург;sale;flat;2;18;2;60.47;15475950;Василеостровский;Морской;;Приморская;Глоракс Премиум Василеостровский ЖК
Группа Аквилон;developer;https://spb.cian.ru/sale/flat/298641728/;Санкт-Петербург;sale;flat;3;12;2;62.69;15529692;Московский;Звёздное;;Звездная;Аквилон Ливз 2 ЖК
РСТИ;developer;https://spb.cian.ru/sale/flat/284358899/;Санкт-Петербург;sale;flat;5;7;2;53.4;15597096;Калининский;Финляндский;;Выборгская;Master Place
КВС;developer;https://spb.cian.ru/sale/flat/294621947/;Санкт-Петербург;sale;flat;6;17;2;62.73;15578854;Калининский;Финляндский;;;Квартал бизнес-класса Б15
КВС;developer;https://spb.cian.ru/sale/flat/294621764/;Санкт-Петербург;sale;flat;2;17;2;63.7;15509640;Калининский;Финляндский;;;Квартал бизнес-класса Б15
Петербургская Недвижимость;representative_developer;https://spb.cian.ru/sale/flat/297571110/;Санкт-Петербург;sale;flat;3;12;2;57.93;15700333;Московский;м. Ленинский проспект;;Ленинский проспект;Сенат
Петербургская Недвижимость;representative_developer;https://spb.cian.ru/sale/flat/299266574/;Санкт-Петербург;sale;flat;5;7;2;57.43;15650249;Московский;Новоизмайловское;;;Титул в Московском
Группа Аквилон;developer;https://spb.cian.ru/sale/flat/285507354/;Санкт-Петербург;sale;flat;2;12;2;60.65;15678995;Московский;Звёздное;;Звездная;Аквилон Leaves
;;https://spb.cian.ru/sale/flat/298022256/;Санкт-Петербург;sale;flat;4;13;2;59.36;15676191;Калининский;Полюстровский проспект;;Лесная;Respect
Мегалит–Охта Групп;developer;https://spb.cian.ru/sale/flat/297024179/;Санкт-Петербург;sale;flat;2;16;2;67.13;15604274;Приморский;Коломяжский проспект;13к3;Пионерская;Приморский квартал
RBI;developer;https://spb.cian.ru/sale/flat/295748088/;Санкт-Петербург;sale;flat;3;23;2;68.2;15623665;Выборгский; Шостаковича;8к2Б2;Проспект Просвещения;Струны
Петербургская Недвижимость;representative_developer;https://spb.cian.ru/sale/flat/298589062/;Санкт-Петербург;sale;flat;1;12;2;66.48;15650455;Невский;Невский;;Проспект Большевиков;Пульс Премьер ЖК
Лидер Групп;developer;https://spb.cian.ru/sale/flat/297709791/;Санкт-Петербург;sale;flat;7;18;2;64.0;15680000;Василеостровский;бульвар Головнина;3к1;Горный институт;Колумб (Гавань Капитанов)
Эталон СПБ;developer;https://spb.cian.ru/sale/flat/298657610/;Санкт-Петербург;sale;flat;1;8;2;67.5;15741764;Московский;Черниговская ;11к1;Московские ворота;Квартал Che
Мегалит–Охта Групп;developer;https://spb.cian.ru/sale/flat/297024416/;Санкт-Петербург;sale;flat;11;25;2;67.65;15665062;Приморский;Коломяжский проспект;13к2;Пионерская;Приморский квартал
Мегалит–Охта Групп;developer;https://spb.cian.ru/sale/flat/288159537/;Санкт-Петербург;sale;flat;8;25;2;60.11;15614000;Приморский;Коломяжский проспект;13к2;Пионерская;Приморский квартал
ПИК;developer;https://spb.cian.ru/sale/flat/290849902/;Санкт-Петербург;sale;flat;2;12;2;53.8;15610608;Василеостровский;Гавань;1;Приморская;Шкиперский 19 ЖК
Отделстрой;developer;https://spb.cian.ru/sale/flat/280852955/;Санкт-Петербург;sale;flat;2;12;2;58.17;15600000;Выборгский; Александра Матросова;8к3;Выборгская;Новый Лесснер
Euroinvest Development;developer;https://spb.cian.ru/sale/flat/293271666/;Санкт-Петербург;sale;flat;2;12;2;59.31;15648350;Выборгский;Светлановское;;Удельная;ID Svetlanovskiy
Анжелика Забелина;realtor;https://spb.cian.ru/sale/flat/295988037/;Санкт-Петербург;sale;flat;7;22;2;46.0;15600000;Приморский; Оптиков;34К1;Старая Деревня;LEGENDA на Оптиков, 34
ПИК;developer;https://spb.cian.ru/sale/flat/299174602/;Санкт-Петербург;sale;flat;1;13;2;60.3;15775950;Выборгский;Сампсониевское;;Лесная;Кантемировская 11 ЖК
GloraX;developer;https://spb.cian.ru/sale/flat/286919327/;Санкт-Петербург;sale;flat;5;19;2;59.95;15759999;Василеостровский;Морской;;;Глоракс Премиум Василеостровский ЖК
GloraX;developer;https://spb.cian.ru/sale/flat/279507988/;Санкт-Петербург;sale;flat;3;19;2;53.57;15869999;Василеостровский;Морской;;;Глоракс Премиум Василеостровский ЖК
GloraX;developer;https://spb.cian.ru/sale/flat/299606484/;Санкт-Петербург;sale;flat;3;18;2;57.69;15789999;Василеостровский;Морской;;;Глоракс Василеостровский ЖК
Группа Аквилон;developer;https://spb.cian.ru/sale/flat/298642032/;Санкт-Петербург;sale;flat;2;12;2;61.9;15789576;Московский;Звёздное;;Звездная;Аквилон Leaves
Строительный трест;developer;https://spb.cian.ru/sale/flat/298016466/;Санкт-Петербург;sale;flat;2;13;2;65.2;15844000;Калининский;Академическое;;Политехническая;Наука ЖК
Euroinvest Development;developer;https://spb.cian.ru/sale/flat/284799269/;Санкт-Петербург;sale;flat;4;12;2;60.06;15846230;Выборгский;Светлановское;;Удельная;ID Svetlanovskiy
Росстройинвест;developer;https://spb.cian.ru/sale/flat/299508241/;Санкт-Петербург;sale;flat;6;22;2;56.35;15802992;Калининский;Финляндский;;Лесная;БелАрт
Отделстрой;developer;https://spb.cian.ru/sale/flat/265730202/;Санкт-Петербург;sale;flat;2;12;2;61.08;15860000;Выборгский;Большой Сампсониевский проспект;70К2;Выборгская;Новый Лесснер
ПИК;developer;https://spb.cian.ru/sale/flat/279628300/;Санкт-Петербург;sale;flat;1;12;2;66.6;15757027;Василеостровский;Гавань;1;Приморская;Шкиперский 19 ЖК
Отделстрой;developer;https://spb.cian.ru/sale/flat/296636129/;Санкт-Петербург;sale;flat;8;12;2;56.16;15800000;Выборгский; Александра Матросова;8к3;Выборгская;Новый Лесснер
Интеском;developer;https://spb.cian.ru/sale/flat/281600996/;Санкт-Петербург;sale;flat;1;4;2;69.55;15857400;Выборгский; Береговая;8;Проспект Просвещения;Loft у Озера
ПИК;developer;https://spb.cian.ru/sale/flat/295643028/;Санкт-Петербург;sale;flat;11;14;2;65.5;15795456;Фрунзенский;Волковское;5;Обводный канал;Витебский Парк ЖК
Ленстройтрест;developer;https://spb.cian.ru/sale/flat/298651730/;Санкт-Петербург;sale;flat;2;7;2;67.64;15768000;Приморский;набережная Реки Каменки;3к3;Озерки;Окла
БФА-Девелопмент;developer;https://spb.cian.ru/sale/flat/298609148/;Санкт-Петербург;sale;flat;1;7;2;73.19;15756000;Выборгский;Шувалово-Озерки;;;БФА в Озерках
Петербургская Недвижимость;representative_developer;https://spb.cian.ru/sale/flat/295347919/;Санкт-Петербург;sale;flat;2;11;2;60.69;16000068;Московский;Новоизмайловское;;;Титул в Московском
RBI;developer;https://spb.cian.ru/sale/flat/295748099/;Санкт-Петербург;sale;flat;7;23;2;63.3;16006633;Выборгский; Шостаковича;8к2Б2;Проспект Просвещения;Струны
GloraX;developer;https://spb.cian.ru/sale/flat/286919463/;Санкт-Петербург;sale;flat;2;19;2;61.81;15939999;Василеостровский;Морской;;;Глоракс Премиум Василеостровский ЖК
Ленстройтрест;developer;https://spb.cian.ru/sale/flat/298651067/;Санкт-Петербург;sale;flat;7;8;2;75.55;16021161;Приморский;Коломяги;;Проспект Просвещения;Окла ЖК
Ленстройтрест;developer;https://spb.cian.ru/sale/flat/298651016/;Санкт-Петербург;sale;flat;2;8;2;68.56;16017060;Приморский;Коломяги;;Проспект Просвещения;Окла ЖК
GloraX;developer;https://spb.cian.ru/sale/flat/286919448/;Санкт-Петербург;sale;flat;2;19;2;58.27;16039999;Василеостровский;Морской;;;Глоракс Премиум Василеостровский ЖК
GloraX;developer;https://spb.cian.ru/sale/flat/286919308/;Санкт-Петербург;sale;flat;5;19;2;60.84;16039999;Василеостровский;Морской;;;Глоракс Премиум Василеостровский ЖК
;;https://spb.cian.ru/sale/flat/298855180/;Санкт-Петербург;sale;flat;3;13;2;60.13;15985347;Калининский;Полюстровский проспект;;Лесная;Respect
Строительный трест;developer;https://spb.cian.ru/sale/flat/298016468/;Санкт-Петербург;sale;flat;2;13;2;64.37;15964000;Калининский;Академическое;;Политехническая;Наука ЖК
Master-Group Real Estate;representative_developer;https://spb.cian.ru/sale/flat/298863869/;Санкт-Петербург;sale;flat;11;23;2;85.5;15967162;Выборгский;дорога Ольгинская;;Парнас;Прагма city
Master-Group Real Estate;representative_developer;https://spb.cian.ru/sale/flat/298864036/;Санкт-Петербург;sale;flat;10;23;2;85.2;15911140;Выборгский;дорога Ольгинская;;Парнас;Прагма city
АЛЕКСАНДР-НЕДВИЖИМОСТЬ;real_estate_agent;https://spb.cian.ru/sale/flat/294853092/;Санкт-Петербург;sale;flat;3;5;2;79.7;15900000;Центральный;8-я Советская ;25;Площадь Восстания;
Эталон СПБ;developer;https://spb.cian.ru/sale/flat/298658282/;Санкт-Петербург;sale;flat;4;9;2;49.76;15985115;Калининский;Лесной проспект;;Выборгская;iLona
Эталон СПБ;developer;https://spb.cian.ru/sale/flat/298658305/;Санкт-Петербург;sale;flat;8;10;2;55.0;16026636;Калининский;Нейшлотский переулок;19к2;;iLona
Эталон СПБ;developer;https://spb.cian.ru/sale/flat/298657580/;Санкт-Петербург;sale;flat;6;8;2;62.3;16000000;Московский;Черниговская ;11к1;Московские ворота;Квартал Che
Эталон СПБ;developer;https://spb.cian.ru/sale/flat/298655754/;Санкт-Петербург;sale;flat;8;18;2;53.7;16021362;Адмиралтейский;бульвар Измайловский;9;Фрунзенская;Квартал Галактика
РосСтройИнвест;developer;https://spb.cian.ru/sale/flat/298879876/;Санкт-Петербург;sale;flat;5;13;2;76.6;15954308;Приморский;Юнтолово;;Беговая;Тайм Сквер ЖК
Мегалит–Охта Групп;developer;https://spb.cian.ru/sale/flat/297024752/;Санкт-Петербург;sale;flat;23;25;2;60.57;15984807;Приморский;Коломяжский проспект;13к2;Пионерская;Приморский квартал
Мегалит–Охта Групп;developer;https://spb.cian.ru/sale/flat/297024391/;Санкт-Петербург;sale;flat;2;25;2;67.48;15947118;Приморский;Коломяжский проспект;13к2;Пионерская;Приморский квартал
ПИА Недвижимость;representative_developer;https://spb.cian.ru/sale/flat/298740176/;Санкт-Петербург;sale;flat;7;7;2;66.46;15978900;Василеостровский;Морской;;Приморская;Глоракс Премиум Василеостровский ЖК
Отделстрой;developer;https://spb.cian.ru/sale/flat/265730347/;Санкт-Петербург;sale;flat;4;12;2;54.8;15945000;Выборгский;Большой Сампсониевский проспект;70К2;Выборгская;Новый Лесснер
Отделстрой;developer;https://spb.cian.ru/sale/flat/265732761/;Санкт-Петербург;sale;flat;9;12;2;55.87;16000000;Выборгский;Большой Сампсониевский проспект;70к3;Выборгская;Новый Лесснер
Отделстрой;developer;https://spb.cian.ru/sale/flat/291414212/;Санкт-Петербург;sale;flat;2;12;2;60.5;15930000;Выборгский;Большой Сампсониевский проспект;70к3;Выборгская;Новый Лесснер
Euroinvest Development;developer;https://spb.cian.ru/sale/flat/293271691/;Санкт-Петербург;sale;flat;4;12;2;60.5;15962320;Выборгский;Светлановское;;Удельная;ID Svetlanovskiy
Первое Агентство Недвижимости;real_estate_agent;https://spb.cian.ru/sale/flat/292632843/;Санкт-Петербург;sale;flat;11;25;2;78.4;15990000;Выборгский;проспект Луначарского;15к1;Озерки;Поэма у трёх озёр
Ленстройтрест;developer;https://spb.cian.ru/sale/flat/298650838/;Санкт-Петербург;sale;flat;1;8;2;72.15;15909075;Приморский;Коломяги;;Проспект Просвещения;Окла ЖК
Euroinvest Development;developer;https://spb.cian.ru/sale/flat/298567715/;Санкт-Петербург;sale;flat;10;10;2;44.27;15937200;Выборгский; Курчатова;;Политехническая;iD Polytech
ID 73326703;homeowner;https://spb.cian.ru/sale/flat/299018574/;Санкт-Петербург;sale;flat;9;25;2;61.9;15950000;Приморский;проспект Сизова;25;Комендантский проспект;
Петербургская Недвижимость;representative_developer;https://spb.cian.ru/sale/flat/299394253/;Санкт-Петербург;sale;flat;2;10;2;60.51;16050338;Московский;м. Ленинский проспект;;Ленинский проспект;Сенат
Эталон СПБ;developer;https://spb.cian.ru/sale/flat/298655758/;Санкт-Петербург;sale;flat;2;18;2;66.7;16185939;Адмиралтейский;бульвар Измайловский;9;Фрунзенская;Квартал Галактика
Строительный трест;developer;https://spb.cian.ru/sale/flat/298534367/;Санкт-Петербург;sale;flat;3;11;2;62.72;16057000;Калининский; Академика Константинова;1к1;Академическая;Наука
Строительный трест;developer;https://spb.cian.ru/sale/flat/292207490/;Санкт-Петербург;sale;flat;2;11;2;66.2;16087000;Калининский;Академическое;;Политехническая;Наука ЖК
Петербургская Строительная Компания;developer;https://spb.cian.ru/sale/flat/298056549/;Санкт-Петербург;sale;flat;-1;-1;-1;202.0;16048801;Приморский;Коломяги;;Проспект Просвещения;Френдс ЖК
Горжилобмен;real_estate_agent;https://spb.cian.ru/sale/flat/298984095/;Санкт-Петербург;sale;flat;17;26;2;54.5;15900000;Выборгский; Орбели;17;Площадь Мужества;ЦДС Парковый
Магазин Квартир;real_estate_agent;https://spb.cian.ru/sale/flat/286016480/;Санкт-Петербург;sale;flat;23;25;2;62.77;15950000;Приморский;Коломяжский проспект;13;Пионерская;Приморский квартал
Мегалит–Охта Групп;developer;https://spb.cian.ru/sale/flat/297024621/;Санкт-Петербург;sale;flat;3;25;2;64.41;15999396;Приморский;Коломяжский проспект;13к2;Пионерская;Приморский квартал
