floor,floors_count,rooms_count,total_meters,price,distance_to_subway,distance_to_center,district_rank
7,9,1,42.3,16835400,0.0005839236475528783,3372.3078697533624,1
4,25,1,37.0,10500000,0.0007462524528435942,8368.926394051688,9
10,16,1,44.0,10000000,0.0033216458770290434,8389.206552634869,9
4,8,1,38.5,17500000,0.0005772743873212993,3023.4265685710643,1
6,7,1,65.36,22733515,0.001873124201333252,2427.235424631879,4
9,13,1,30.8,8000000,0.00023807546229222617,11951.860919378407,9
2,17,1,48.0,14500000,0.0006700946640673417,6772.914947849459,6
11,14,1,34.16,13079999,0.0,6908.371857739092,10
6,11,1,40.46,16960832,0.002691499980391655,5337.23626028407,10
9,16,1,46.6,11350000,0.0006843135662997012,7729.2347182125595,6
12,25,1,40.0,6890000,0.0,11957.448964928235,13
3,23,1,62.1,20989800,0.0008606429687940384,7074.693753651223,6
11,12,1,32.59,5800000,0.0,15664.476922351456,13
3,8,1,39.3,19118473,0.0007796067408117638,3531.0111824615014,1
1,14,1,37.7,5950000,0.00024798281572122,11709.002197101581,13
2,9,1,35.99,11849999,0.00024131935475818608,4386.753252758496,3
8,10,1,40.7,13850000,0.001809267428977409,5113.850529863661,9
3,12,1,47.4,16225848,0.0,45698.99600438173,5
1,13,1,36.3,6100000,0.0,15929.967683458499,13
2,9,1,29.11,7535060,0.0,14219.929287195602,13
3,4,1,29.6,4913600,0.0,22243.61134449418,13
15,16,1,46.0,14150000,0.0033362017085776813,5661.396611433766,7
7,12,1,32.2,7600000,0.0,27725.03866469646,9
5,25,1,51.4,9406200,0.0006845045686329397,12774.579788042094,8
3,4,1,45.0,7999999,0.0,20631.09824345016,11
19,24,1,34.5,6234150,0.0,14467.660341501061,9
2,4,1,31.0,5487000,0.0,22243.61134449418,13
9,19,1,39.7,6790000,0.0004677290840572663,6085.950014741629,4
2,8,1,21.88,11933352,0.0027167605928378087,2612.434051709723,1
4,20,1,36.0,9890000,0.0,13361.081670282136,13
2,8,1,39.5,17241750,0.000797014911166779,4033.544608364312,1
4,25,1,50.4,10600000,0.003018842993614396,12664.203788008075,7
5,9,1,29.0,8500000,0.0062919562907893635,6790.119561550809,9
5,11,1,41.7,9690000,0.00508351860295716,5305.729883300576,7
1,8,1,76.5,22950000,0.0,3740.56702629315,1
7,16,1,40.6,19500000,0.005171888598262028,6907.855774663187,7
7,7,1,58.7,28500000,0.0017169848161366443,3074.1055689845875,3
4,19,1,42.0,16700000,0.003721539352521512,4141.1852445752775,3
3,20,1,70.35,19000000,0.0010181606224547533,4602.714183081267,9
5,5,1,42.0,8450000,0.0,21298.747774048392,18
9,20,1,34.59,10189999,0.0,6973.704459245435,4
4,10,1,41.3,16000000,0.005233786065658821,3896.0540483730765,7
4,23,1,32.62,6207564,0.0,13805.204170430852,9
4,4,1,40.3,5964400,0.0,22243.61134449418,13
3,8,1,40.5,20456954,0.00041271741759290497,3259.869239767524,1
6,23,1,38.7,6990000,0.0,5413.5533403997,18
22,27,1,33.77,7799904,0.0,16176.821458851662,6
6,9,1,36.6,9000000,0.0008376418098023872,5349.559677474297,4
2,20,1,33.5,10990000,0.00029487628744789764,11463.78174720624,9
6,6,1,37.2,10000000,0.001523980986249966,2405.390166010839,4
3,9,1,26.91,10497494,0.0012671506381348664,2431.4119256350064,4
6,13,1,34.56,8100000,0.0004009465101520896,6316.559801741852,4
7,9,1,43.77,16990000,0.0008667257292285963,2749.465268207675,1
4,7,1,36.0,9999000,0.0014314446856505561,3135.9411793928834,3
11,12,1,39.6,15444000,0.0011961205477479906,5006.838569585699,9
4,8,1,37.6,12100000,0.00027879954943364245,6253.132617913079,10
2,10,1,33.18,6400000,0.0,15577.340142860785,13
11,24,1,36.2,5980000,0.00024609071631469405,13791.994911995893,15
3,9,1,64.44,29809944,0.00046737261030091064,2750.7766748482773,4
11,29,1,47.7,11300000,0.0008501093587263661,12434.760083044303,6
3,13,1,36.2,7550000,0.0002481429031067954,11911.15771542143,9
6,10,1,37.12,15122688,0.0023737459827687245,5037.781360137036,9
5,8,1,46.9,17300000,0.0007796067408117638,3531.0111824615014,1
1,5,1,36.4,6150000,0.0,13564.511800426237,9
2,15,1,37.42,8085854,0.002088270244195842,6835.296791873763,10
2,26,1,38.6,8600000,0.001554168172659602,12398.013009537184,14
3,11,1,38.07,13478684,0.0008598427095825661,7328.485835206947,7
3,9,1,39.1,16200000,0.0011254875375892395,4304.738370012683,6
7,9,1,42.7,16789640,0.0005839236475528783,3372.3078697533624,1
5,16,1,36.8,12320000,0.0012482916273173217,7553.411450717155,9
6,10,1,33.3,5550000,0.00042182653481261437,9519.239859600222,9
4,10,1,41.1,8490000,0.000786367794848603,5663.78924403207,15
9,11,1,37.7,8750000,0.0008904352708223,10870.54286151478,17
6,9,1,30.2,8700000,0.003753105396237033,11705.1684329487,17
3,10,1,41.98,20150400,0.005233786065658821,3896.0540483730765,7
6,7,1,39.9,16799000,0.0005192487310450389,6331.38029142412,6
8,12,1,38.06,10995534,0.0002443202332049146,11930.967202371161,9
9,10,1,33.5,9100000,0.0033417787143351736,7915.780196655785,9
10,24,1,41.5,14550232,0.001232919597549855,9403.275120985547,15
1,9,1,31.7,5600000,0.0,15598.926391714918,13
1,5,1,51.5,13400000,0.0,26306.948337262696,5
2,13,1,33.7,9886232,0.0003710789876812801,6270.818078420478,14
6,9,1,32.3,5800000,0.00046483052861142526,12704.449625708348,8
2,12,1,63.5,10960100,0.0009755093336249015,12031.044755589239,7
4,7,1,47.4,14900000,0.0012376025448930334,3558.1361196457965,2
2,12,1,32.4,9150796,0.0003710789876812801,6270.818078420478,14
6,16,1,38.8,6150000,0.00034411448784171664,11675.836942782886,13
2,5,1,41.29,9207670,0.0004040844495318558,13073.080330525087,6
12,29,1,39.4,8360000,0.0008501093587263661,12434.760083044303,6
5,5,1,31.0,5900000,0.0016607282011580466,6283.552488268961,10
15,15,1,32.03,10025390,0.0002374534952760344,4178.483754247512,4
7,13,1,45.3,7790000,0.0010499880107018857,10961.438377411841,15
11,17,1,38.6,7590000,0.0010312473873042957,7989.304695674037,15
3,9,1,43.0,16600000,0.00029617947730836583,3296.8224665466396,4
3,25,1,39.04,10090307,0.0022092997571388586,6516.88336096182,9
12,14,1,39.8,15950000,0.0007964301837182361,4959.245931056914,9
3,13,1,37.6,9317922,0.0002545638473059476,11649.043416710198,9
16,25,1,35.2,7600000,0.0003853215289736214,6399.4385385500045,8
18,24,1,35.5,6800000,0.0,20433.736543442858,6
23,25,1,37.07,7531446,0.00029589848733084566,12914.3343796289,9
2,5,1,30.4,3790000,0.0,17936.801930769005,16
9,14,1,45.77,9500000,0.00036045523331633547,6320.613088896074,4
11,12,1,45.51,13147839,0.00026808539679687833,11481.157584312961,9
6,24,1,33.8,6100000,0.00025259662274253295,13755.860814684214,15
10,13,1,34.55,7578888,0.0,12436.029890540683,9
4,4,1,33.9,16500000,0.0014365886077653098,2451.560723144385,2
2,15,1,36.9,10837530,0.0007119083617079709,8999.34609272824,15
12,22,1,37.9,9480000,0.0012293269111225491,8820.760432427494,8
18,26,1,39.98,7200000,0.0007713818775976856,14216.189822755665,6
3,9,1,32.7,6000000,0.0,15137.158379680386,13
6,8,1,54.4,29376000,0.0021384483396120297,3220.8379309852594,1
1,10,1,40.5,5100000,0.0,18105.935936579637,18
7,10,1,38.4,6600000,0.00042182653481261437,9519.239859600222,9
2,18,1,41.6,6250000,0.0,11803.088386018626,13
17,17,1,39.4,7299000,0.0008739890648217033,12586.436465201716,7
14,14,1,41.0,7450000,0.00037407069931236675,13243.258696182744,6
2,12,1,34.7,8241250,0.0006998423123496174,6344.425921978766,10
5,12,1,34.5,6300000,0.00020478291838683146,10436.841440518883,10
10,10,1,45.6,14000000,0.0007886877524659664,6315.784711731547,9
14,23,1,31.3,4590000,0.00042440798726862034,14800.918746849322,18
12,14,1,40.41,14900000,0.0008488710754344038,4959.245931056914,9
1,18,1,42.2,12600000,0.0007406124178147204,9472.614698630448,14
2,19,1,32.0,8000000,0.0008065649769145697,13292.558192721694,7
24,24,1,41.0,6425000,0.000392240360789206,14739.642872447726,18
6,19,1,33.54,8300000,0.0003164567475881188,8458.800578056811,15
9,17,1,42.0,6800000,0.0,12137.663714909688,13
2,10,1,41.0,10050043,0.0002237706583249908,12341.274823653108,9
15,17,1,33.7,7500000,0.00036277906661836526,8922.810337315967,9
12,14,1,37.0,7900000,0.0002915653654644408,12728.406442440662,9
16,24,1,34.7,6300000,0.000727970597477248,15414.70798678371,6
2,5,1,33.4,6950155,0.0,19482.833647741056,7
3,12,1,49.0,13900000,0.0009119611786322062,6919.6106214731335,7
2,7,1,29.1,7750000,0.001572143287837642,3336.70172644121,1
5,5,1,30.2,5500000,0.0007764479457998447,7821.263023768808,8
2,15,1,39.5,8164532,0.0006096129153284364,9953.492171183058,15
5,5,1,31.1,5200000,0.0005452529151752277,9576.738955962732,7
3,4,1,26.22,5332010,0.0,21616.979981219512,18
10,10,1,33.8,6480000,0.0027943502091749726,8623.211050595319,15
1,5,1,42.86,7434350,0.0,27351.023161351302,16
10,24,1,33.2,5000000,0.00023624053360519893,14076.095534303193,15
7,9,1,33.4,5500000,0.0006023655220276426,10688.534918358384,14
4,9,1,30.0,6300000,0.0014142734198356727,6569.466103889466,6
1,12,1,33.6,4800000,0.0,11057.407449642975,8
7,12,1,43.4,5300000,0.0005087080722025813,13835.751466223226,6
2,5,1,30.2,4500000,0.000317636680770187,10336.010550207255,10
10,12,1,38.3,7300000,0.0004934662575661738,10006.52487572006,9
4,7,1,42.9,24980000,0.0009276132935055327,3749.575306993095,2
9,23,1,37.3,5850000,0.00023370585949167842,14212.907583298076,15
9,12,1,38.1,7200000,0.0005243695068583054,8953.208229292197,9
2,16,1,38.0,9990000,0.0008075056051920299,5622.735184762103,4
13,19,1,44.8,8600000,0.0002381508009345773,12280.167457418776,9
14,23,1,39.68,7691513,0.0,13776.493199782368,9
1,4,1,28.3,3500000,0.0,25516.177444219054,16
15,23,1,39.8,7200000,0.0,20552.804056702964,6
15,24,1,36.95,6000000,0.0,14467.660341501061,9
14,23,1,34.37,6893604,0.0,13776.493199782368,9
8,24,1,32.4,7500000,0.0013317872400340676,12397.563951607131,7
8,23,1,33.92,6718950,0.0,13945.265531297353,9
10,16,1,44.0,8800000,0.0008064453119736821,9657.435322752508,7
11,14,1,36.0,8888888,0.0025192082600784924,7651.891268807015,9
3,4,1,41.1,20990000,0.0015262241060223472,2509.1597832331126,2
8,9,1,41.7,13950000,0.0018694573166237389,7932.389674218336,9
20,23,1,28.2,4950000,0.00025259662274253295,13755.860814684214,15
1,5,1,30.7,5400000,0.0013024044988636488,9236.486401188396,8
4,9,1,33.72,9200731,0.0,14219.929287195602,13
8,12,1,36.2,5800000,0.00034408657314403555,9835.756051545424,10
3,5,1,30.0,5500000,0.0006639866538077951,7457.580675028996,6
1,9,1,36.81,8578900,0.0,14219.929287195602,13
8,16,1,38.7,7650000,0.00040064109402371246,9049.101696869799,9
5,10,1,47.0,18000000,0.0013412754457496276,2614.547741798823,1
7,8,1,48.8,22210541,0.0007796067408117638,3531.0111824615014,1
16,25,1,34.5,7500000,0.0008349652033311149,8309.57120527384,15
5,25,1,37.95,5290000,0.00023624053360519893,14076.095534303193,15
5,9,1,44.0,16500000,0.000726616254438938,3603.386068909526,1
5,8,1,39.7,19740518,0.0007796067408117638,3531.0111824615014,1
2,5,1,31.2,5000000,0.0,24761.63239726984,11
6,7,1,54.5,13790000,0.0033081283141426087,1536.142327249029,2
10,25,1,36.94,18688685,0.0014625032939982365,10341.328270571776,7
13,14,1,37.0,6900000,0.0003254784698294154,6648.391913855315,10
2,9,1,49.19,15679999,0.00024131935475818608,4386.753252758496,3
10,10,1,35.0,6000000,0.0,15577.340142860785,13
7,7,1,63.86,24311275,0.001873124201333252,2427.235424631879,4
2,10,1,43.0,13700000,0.001163138091081412,4708.399401280517,3
6,17,1,44.8,8900000,0.0007015610074207118,7226.101809298409,8
6,9,1,41.6,15949999,0.00024131935475818608,4386.753252758496,3
5,21,1,34.9,8700000,0.00036792410631883763,6973.704459245435,4
6,12,1,48.2,17877708,0.0,45698.99600438173,5
5,5,1,31.1,6100000,0.0008704473315809608,8990.231930021899,14
6,7,1,74.62,28626097,0.001873124201333252,2427.235424631879,4
9,9,1,34.4,5490000,0.00035834489114064166,12269.625259717139,6
3,6,1,48.1,21607555,0.0013308960995756572,3715.2002526419874,2
12,16,1,33.6,11600000,0.002805233878863488,6842.077092281142,10
13,14,1,43.2,15089999,0.0,6908.371857739092,10
6,12,1,37.38,8200000,0.0002443202332049146,11930.967202371161,9
3,16,1,41.2,11290000,0.0011729700035659504,10505.16476906526,7
3,12,1,71.8,25998780,0.0,45698.99600438173,5
5,12,1,31.0,11500000,0.0005990974046406302,7856.074279607253,7
8,13,1,30.8,5970000,0.0003482485126033715,8896.64406673925,8
13,14,1,42.17,14989999,0.0,6908.371857739092,10
22,24,1,54.2,13990000,0.0012476833255042983,8821.931572579952,9
8,24,1,42.1,6912820,0.0,14467.660341501061,9
3,10,1,35.5,11600000,0.0015141672056468887,4285.214150520525,14
4,14,1,36.88,13119999,0.0,6908.371857739092,10
6,7,1,40.0,9990000,0.003823677388212512,12040.249678602542,6
2,9,1,46.26,14709999,0.00024131935475818608,4386.753252758496,3
20,23,1,35.3,5600000,0.0003975443887189362,12697.220984096206,10
2,5,1,29.7,5599000,0.00110895060384652,12744.314176600055,8
3,4,1,31.5,5500000,0.0,29296.128553839997,18
1,9,1,47.5,12700000,0.0011794464227753462,4033.4804383076175,2
4,12,1,34.5,7290000,0.0002732663109398954,13112.663437514677,9
4,8,1,25.52,15132619,0.0027167605928378087,2612.434051709723,1
4,11,1,28.2,5500000,0.0003562467308190572,15274.675709375642,18
7,11,1,44.89,18404900,0.002691499980391655,5337.23626028407,10
6,26,1,46.9,13990000,0.0012543115437903941,11463.865737588883,15
10,11,1,35.2,10610000,0.0012618841324962757,11691.385622017355,15
9,25,1,31.4,6780000,0.0002487397775629381,12003.10279007954,9
2,8,1,45.33,20277423,0.0027167605928378087,2612.434051709723,1
10,11,1,35.37,10990000,0.002593286833756486,3684.5654870590233,2
1,17,1,38.4,7107840,0.0,14138.511883214756,9
6,8,1,40.55,23660000,0.0017169116406143784,3259.869239767524,1
1,6,1,30.3,8500000,0.0015536346999410005,2326.83240354289,1
2,11,1,55.77,22386078,0.002691499980391655,5337.23626028407,10
11,18,1,33.4,7700000,0.0008065649769145697,13292.558192721694,7
2,24,1,40.6,6540660,0.0,14467.660341501061,9
15,15,1,38.6,15940000,0.001140434331557724,5895.844544992677,10
7,25,1,34.56,19688676,0.0014625032939982365,10341.328270571776,7
2,5,1,31.1,5500000,0.0005410462036838524,12787.124318048083,17
6,23,1,66.5,21147000,0.0008606429687940384,7074.693753651223,6
13,15,1,45.4,7700000,0.00022142538833299854,14389.964101486657,13
11,15,1,34.3,6800000,0.000702547817185808,11397.983828840694,17
5,25,1,51.7,9461100,0.0006845045686329397,12774.579788042094,8
2,4,1,40.9,15000000,0.0031350814996500315,1596.6473811427409,2
9,11,1,46.37,10766000,0.0012618841324962757,11691.385622017355,15
14,18,1,31.0,7500000,0.0005062764828895831,6093.749143663351,4
9,23,1,40.1,6500000,0.0004987553220574718,17643.02802106215,15
10,11,1,28.9,10809500,0.0012618841324962757,11691.385622017355,15
5,9,1,58.33,41000000,0.0010960334586016364,3229.846786518408,1
10,11,1,41.0,5800000,0.0,15100.171342856785,6
5,10,1,39.5,9500000,0.0,1764.241065946079,5
17,25,1,43.1,24880294,0.0014625032939982365,10341.328270571776,7
14,25,1,33.5,5899000,0.0005357065206022592,17527.584747987392,15
7,15,1,39.0,7200000,0.00021486544224358435,14728.850631531192,6
2,5,1,29.3,5690000,0.0006639866538077951,7457.580675028996,6
1,4,1,34.3,6150247,0.0,24513.100936791954,18
13,13,1,33.7,15800000,0.0003595947170311076,5505.659556532029,10
8,25,1,41.31,11218263,0.0022092997571388586,6516.88336096182,9
9,10,1,46.7,9600000,0.0007212329094881078,9383.02899255692,9
3,4,1,38.2,7050211,0.0,24513.100936791954,18
6,9,1,32.5,6300000,0.0017275713282309466,9713.251141597559,15
15,18,1,36.1,11335405,0.0011680118701997276,4958.649701377589,3
19,24,1,33.9,8500000,0.0016229118324963202,6934.905623735339,10
2,21,1,32.0,9300000,0.002074992745448374,9231.789194787447,14
2,12,1,35.1,6750000,0.0007785024637674033,8101.081608543035,6
12,25,1,42.59,11086743,0.0022092997571388586,6516.88336096182,9
2,12,1,36.73,10500000,0.0007964301837182361,4959.245931056914,9
7,18,1,36.8,12016058,0.0011127270923814955,4568.991465194513,3
4,4,1,31.1,12927000,0.005538320737912244,2515.2812866574013,2
2,10,1,41.1,17482036,0.001809267428977409,5113.850529863661,9
5,5,1,31.6,5300000,0.000777840367879057,8915.804291808949,15
5,9,1,50.35,20006294,0.0012671506381348664,2431.4119256350064,4
2,9,1,36.0,6150000,0.0,12497.258255255454,13
2,16,1,46.0,8499999,0.0019409895667998754,10602.46480266586,15
3,5,1,31.0,6490000,0.0012023753851849782,9208.877495409564,6
18,26,1,32.2,7084000,0.00028215610000601805,14765.691186827775,18
5,15,1,46.3,13200000,0.0008380670463248181,4597.824163655737,14
1,12,1,35.9,8750000,0.0008857523073903568,7623.953019021157,6
13,24,1,36.8,6100000,0.0004229339210593603,14212.907583298076,15
8,9,1,30.5,5200000,0.0,14566.101969879694,13
8,12,1,34.99,12407000,0.0007171105828576463,4511.638648020734,6
6,18,1,40.3,9200000,0.0008924581090276274,6571.200157855845,9
7,10,1,36.8,14664779,0.001809267428977409,5113.850529863661,9
5,9,1,60.15,42000000,0.0010960334586016364,3229.846786518408,1
4,23,1,45.4,13687242,0.0010317245879766614,13235.02215092884,6
4,25,1,40.01,8199000,0.00021340357108143535,12541.880350432613,9
18,27,1,38.9,7580000,0.0003105085770495327,18748.272323678662,15
1,27,1,41.29,8493353,0.0,16035.092089458927,6
13,26,1,39.5,10900000,0.0014608921394951026,8454.84200673418,9
7,12,1,45.75,12970125,0.0002443202332049146,11930.967202371161,9
7,24,1,34.78,5170000,0.0,14076.095534303193,15
9,27,1,37.65,8116032,0.0,16035.092089458927,6
7,16,1,35.1,8500000,0.00040296531627092766,6706.953697416524,8
4,9,1,29.0,5850000,0.0007395238260117155,10155.005208917863,15
3,9,1,49.6,19875522,0.0008001889571493832,4451.82331868231,1
9,17,1,50.5,20950000,0.0011497423066221203,4614.727033263814,9
6,9,1,51.04,18813344,0.0008667257292285963,2749.465268207675,1
7,10,1,38.6,11199000,0.0008932332437097803,4345.346709194138,14
8,24,1,32.6,4900000,0.0,6146.635440363442,10
5,12,1,48.34,12138175,0.0002443202332049146,11930.967202371161,9
2,7,1,38.1,8900000,0.0,13663.939392961578,13
5,9,1,53.88,19337532,0.0008667257292285963,2749.465268207675,1
1,6,1,37.9,6490000,0.00048577277273604565,6522.69978175102,6
1,14,1,37.8,7500000,0.0,7124.993828071442,8
16,26,1,34.6,7093000,0.00028215610000601805,14765.691186827775,18
9,24,1,45.0,17500000,0.0007977499774960309,9970.464208804753,7
21,25,1,30.8,4970000,0.0,6146.635440363442,10
1,18,1,41.9,8500000,0.0007371733561702027,8536.53728882809,15
4,10,1,58.2,23500000,0.0003595947170311076,5505.659556532029,10
5,8,1,59.9,31762275,0.0007960440990986843,3259.869239767524,1
6,8,1,42.0,15850000,0.00031815345624930705,3407.1894516425405,3
2,3,1,50.3,17605000,0.001917220397415499,1768.825751239452,4
7,25,1,33.6,6150000,0.000414071524500249,14076.095534303193,15
3,8,1,44.5,24900000,0.0015613433106347705,3484.129883085302,2
2,4,1,32.9,7600000,0.0,16222.477610990647,13
5,14,1,40.7,11990000,0.0008874706958954048,4827.377917188126,9
10,12,1,38.9,12500000,0.002025309886324784,8456.960457313324,9
12,27,1,37.4,7300000,0.0009343937253855024,15112.206006767625,6
1,6,1,38.4,17280000,0.0004300683236918158,2498.285912032635,3
1,8,1,47.5,18037434,0.0007796067408117638,3531.0111824615014,1
3,8,1,42.8,18000000,0.0008515989764494362,3946.980416098691,1
3,4,1,49.0,18900000,0.0006869968732101214,3282.842517590927,4
12,26,1,45.3,19000000,0.0008565814162657923,9523.65456796444,6
2,9,1,50.1,19818493,0.0008001889571493832,4451.82331868231,1
1,3,1,53.6,19990000,0.0,1768.825751239452,4
2,9,1,56.4,21500000,0.0013308960995756572,3715.2002526419874,2
3,8,1,74.58,22177350,0.0021384483396120297,3220.8379309852594,1
7,8,1,48.8,22210000,0.0005369793266227002,3531.0111824615014,1
3,8,1,44.0,22900000,0.0007647119970591961,3918.5140509483917,1
3,8,1,53.2,25900000,0.0009559728376964422,4174.581413699067,1
6,8,1,58.3,25650000,0.0030090220849231385,2724.3619468037755,1
2,7,1,81.6,27426168,0.0017629605680533039,2480.8356667947337,4
5,20,1,73.5,27900000,0.0008606429687940384,7074.693753651223,6
8,9,1,60.0,48000000,0.0010960334586016364,3229.846786518408,1
2,7,1,93.8,79700000,0.001445500708667435,2366.369357880554,2
1,4,1,17.25,2890000,0.000795607331575815,3619.350306784193,2
5,9,1,30.2,3850000,0.0,21021.000829402044,11
1,3,1,19.3,4050000,0.0015252757516248626,5011.112897450391,17
4,5,1,34.5,4390000,0.0,25919.66117722062,16
3,7,1,27.86,4875500,0.0,6146.635440363442,10
2,7,1,28.72,4882400,0.0,6146.635440363442,10
4,9,1,33.8,4900000,0.0,27443.036163115143,16
2,24,1,34.38,4949999,0.00023624053360519893,14076.095534303193,15
4,12,1,38.9,4950000,0.0,21184.06511196002,16
9,18,1,32.4,5040000,0.0012588537774790166,11072.605433336845,15
14,15,1,36.2,5040000,0.00022643209473604165,14251.829087741482,15
9,13,1,32.5,5037500,0.0007687356993046883,9125.507997916624,15
2,22,1,32.8,5051200,0.00021535083109416693,12489.10985970657,10
5,24,1,31.0,5100000,0.00024609071631469405,13791.994911995893,15
13,22,1,32.0,5136000,0.00021535083109416693,12489.10985970657,10
10,17,1,33.37,5100000,0.0,6146.635440363442,10
5,9,1,26.0,5240000,0.0008381778783572384,11552.491847961177,17
6,26,1,30.0,5290000,0.0,6146.635440363442,10
2,4,1,26.6,5346119,0.0,21616.979981219512,18
6,25,1,33.5,5350000,0.00021779672528193092,12645.640334307906,10
5,5,1,32.0,5400000,0.0016147139149212805,9861.873455397195,7
2,7,1,34.96,5593600,0.0,6146.635440363442,10
2,4,1,30.2,5500000,0.0,24618.910402156653,18
22,25,1,34.0,5500000,0.00021492017948025163,11952.619815663995,10
3,7,1,34.22,5646300,0.0,6146.635440363442,10
2,25,1,36.43,5646650,0.0,6146.635440363442,10
7,9,1,31.1,5600000,0.00035437548697764374,7288.585721821075,10
1,5,1,31.08,5650017,0.0,21185.275457156422,7
3,13,1,34.2,5699000,0.0,10712.474423827074,10
1,8,1,35.2,5667200,0.0,26382.5299740703,13
11,11,1,32.1,5664202,0.00031623926857754725,15374.23822019453,18
2,9,1,36.8,5700000,0.0,24632.880977340064,16
2,25,1,26.71,5742650,0.0,11149.610709218312,13
3,9,1,30.0,5700000,0.0011940670453333916,11952.535577646055,17
4,12,1,31.6,5700000,0.0,15718.84301528967,13
10,12,1,32.9,5757500,0.0,15129.081635349468,18
3,4,1,28.65,5800034,0.0,24513.100936791954,18
10,12,1,34.2,5814000,0.0,15129.081635349468,18
3,9,1,32.1,5850000,0.0002331683099602316,12465.611314796868,13
2,7,1,36.75,5880000,0.0,6146.635440363442,10
1,8,1,37.74,5981790,0.0,26382.5299740703,13
15,19,1,36.1,5900000,0.0003869789220649585,12423.514218437636,10
6,9,1,32.0,5990000,0.0006133475294986842,13343.14546516266,6
1,4,1,30.71,5936027,0.0,21616.979981219512,18
2,10,1,40.4,5970000,0.0,22325.313137325917,18
4,11,1,34.3,6000000,0.0004987553220574718,17643.02802106215,15
1,4,1,32.25,6000048,0.0,24513.100936791954,18
3,8,1,37.05,6002100,0.0,26382.5299740703,13
3,8,1,37.26,6036120,0.0,26396.73922550963,13
14,24,1,37.1,6000000,0.00023567480466798435,14004.043634060608,15
1,11,1,36.3,6034875,0.00031290301982135583,15411.872673248976,18
5,13,1,40.1,6015000,0.0007687356993046883,9125.507997916624,15
2,13,1,35.3,6001000,0.0007687356993046883,9125.507997916624,15
21,25,1,35.3,6000000,0.0003869743162224031,15321.37765220292,18
1,5,1,20.0,6000000,0.001374593962408917,2640.534889470383,4
1,4,1,32.7,6050137,0.0,24513.100936791954,18
10,12,1,35.8,6086000,0.0,15129.081635349468,18
11,25,1,37.94,6129999,0.0,20433.736543442858,6
4,5,1,41.0,6100000,0.0,24173.965159743046,18
1,4,1,34.3,6100100,0.0,24513.100936791954,18
6,13,1,40.7,6105000,0.0007687356993046883,9125.507997916624,15
5,8,1,37.92,6143040,0.0,26396.73922550963,13
1,5,1,34.77,6250185,0.0,21185.275457156422,7
1,5,1,34.37,6250150,0.0,21185.275457156422,7
5,5,1,31.76,6200171,0.0,21185.275457156422,7
8,23,1,32.7,6263384,0.0,13805.204170430852,9
12,12,1,38.0,6270000,0.0,15129.081635349468,18
4,10,1,31.8,6250000,0.0006353700094553764,7841.65993471427,6
10,12,1,36.7,6239000,0.0,15129.081635349468,18
1,11,1,35.6,6251762,0.00031623926857754725,15374.23822019453,18
1,11,1,35.1,6250021,0.00031623926857754725,15374.23822019453,18
5,16,1,37.21,6200000,0.0,14653.340626538356,6
7,15,1,36.97,6200000,0.0002378048684217157,14728.850631531192,6
4,5,1,30.8,6250000,0.0009102963123006427,6125.690771979676,9
3,4,1,31.0,6200000,0.0,24826.58519622048,18
2,5,1,30.95,6300120,0.0,20859.281613282412,7
1,4,1,34.9,6300252,0.0,24513.100936791954,18
1,4,1,35.8,6300227,0.0,24513.100936791954,18
6,8,1,39.32,6369840,0.0,26382.5299740703,13
8,12,1,33.24,6382402,0.0002260399891812572,14868.378247345438,18
11,11,1,37.2,6361200,0.00031290301982135583,15411.872673248976,18
10,11,1,34.3,6382065,0.00031623926857754725,15374.23822019453,18
1,11,1,37.8,6356070,0.00031623926857754725,15374.23822019453,18
2,12,1,33.54,6363092,0.0002260399891812572,14868.378247345438,18
5,23,1,34.61,6474301,0.0,13805.204170430852,9
2,20,1,28.11,6465300,0.0,11149.610709218312,13
3,4,1,36.5,6467106,0.0,21616.979981219512,18
1,11,1,37.3,6404238,0.00031623926857754725,15374.23822019453,18
2,4,1,28.53,6409296,0.0,21616.979981219512,18
1,23,1,34.69,6441933,0.0,13776.493199782368,9
1,17,1,32.8,6464880,0.0,14138.511883214756,9
26,27,1,33.7,6400000,0.0011683226038772725,14876.338770040236,6
2,9,1,33.6,6500000,0.0009419411788592148,9373.911183377597,15
3,9,1,33.0,6500000,0.0005045532544442188,5316.73831826531,17
4,4,1,35.0,6535837,0.0,21616.979981219512,18
1,4,1,40.09,6520652,0.0,21616.979981219512,18
23,23,1,37.1,6500000,0.0,6146.635440363442,10
7,9,1,34.42,6590000,0.00044007666014521515,13233.946875692292,17
1,23,1,35.85,6582060,0.0,13776.493199782368,9
2,20,1,28.63,6584900,0.0,11149.610709218312,13
4,23,1,32.92,6560816,0.0,13945.265531297353,9
18,19,1,32.9,6550000,0.0002381508009345773,12280.167457418776,9
6,11,1,38.6,6562000,0.00032693710312849974,15274.675709375642,18
1,4,1,34.9,6600106,0.0,24440.799027700927,18
5,5,1,31.71,6600103,0.0,20859.281613282412,7
1,5,1,36.51,6600204,0.0,21185.275457156422,7
1,11,1,39.7,6600125,0.00031290301982135583,15411.872673248976,18
1,5,1,34.0,6638760,0.0,21038.99469248553,18
7,29,1,35.7,6745000,0.0,12723.184657350492,7
1,4,1,35.8,6700259,0.0,24440.799027700927,18
4,4,1,32.6,6650122,0.0,24440.799027700927,18
3,18,1,29.69,6680250,0.00037775752067052915,10907.98021799464,15
1,23,1,39.0,6650000,0.0,18483.67242398829,15
3,8,1,41.1,6658200,0.0,26396.73922550963,13
5,23,1,32.11,6716421,0.0,13695.060398941205,9
1,5,1,34.1,6650028,0.0,19636.04401128735,7
1,5,1,36.8,6650128,0.0,19768.37958027964,7
1,5,1,35.1,6650221,0.0,19768.37958027964,7
3,20,1,32.92,6748600,0.0,11149.610709218312,13
13,24,1,38.0,6739220,0.00038651388364834824,14251.829087741482,15
1,5,1,36.11,6700000,0.0,20092.041455185292,7
14,23,1,33.92,6740280,0.0,13945.265531297353,9
11,11,1,38.6,6657951,0.00031623926857754725,15374.23822019453,18
1,11,1,39.5,6690557,0.00031623926857754725,15374.23822019453,18
6,23,1,32.43,6717822,0.0,13945.265531297353,9
1,6,1,41.8,6688000,0.0,45979.087033098025,5
1,5,1,34.9,6750270,0.0,20896.022947741138,7
5,5,1,31.5,6750245,0.0,20896.022947741138,7
1,5,1,34.9,6750270,0.0,20859.281613282412,7
1,5,1,34.8,6750156,0.0,20640.005498273917,7
3,23,1,34.33,6792138,0.0,13776.493199782368,9
2,20,1,32.19,6759900,0.0,11149.610709218312,13
5,5,1,31.7,6750261,0.0,19636.04401128735,7
24,24,1,39.93,6780000,0.0005821705533793283,13352.027818102164,10
4,23,1,34.61,6793125,0.0,14009.961604137785,9
1,4,1,38.7,6850054,0.0,24513.100936791954,18
2,4,1,37.9,6850197,0.0,24513.100936791954,18
3,4,1,34.45,6850055,0.0,24440.799027700927,18
3,5,1,32.85,6850226,0.0,20859.281613282412,7
16,24,1,33.8,6847880,0.0,14255.969541915892,9
14,24,1,34.8,6890400,0.0,14255.969541915892,9
5,5,1,33.3,6850093,0.0,19876.876628267553,7
5,5,1,33.6,6850116,0.0,19846.65434323081,7
1,5,1,35.8,6850097,0.0,19846.65434323081,7
8,12,1,41.8,6897000,0.0,15129.081635349468,18
2,20,1,30.91,6800200,0.0,11149.610709218312,13
24,25,1,34.7,6887377,0.00038651388364834824,14251.829087741482,15
5,5,1,38.4,6800000,0.001569780896807362,10317.332016902097,15
6,24,1,42.0,6896400,0.0,14467.660341501061,9
12,19,1,35.6,6800000,0.0004677290840572663,6085.950014741629,4
1,12,1,35.0,6800000,0.00032064462799675104,6626.386428349697,8
6,24,1,34.9,6910200,0.0,14362.465765447467,9
2,20,1,34.59,6918000,0.0,11149.610709218312,13
2,7,1,43.28,6924800,0.0,6146.635440363442,10
8,8,1,42.72,6920640,0.0,26382.5299740703,13
6,23,1,33.51,6936370,0.0,13695.060398941205,9
1,6,1,43.2,6912000,0.0,45979.087033098025,5
10,21,1,44.4,6900000,0.00029704015052837626,11437.876198524329,9
7,8,1,43.14,6988680,0.0,26396.73922550963,13
2,18,1,36.3,6950000,0.00031270770323409814,11164.497608032372,9
2,18,1,31.6,6952000,0.00037775752067052915,10907.98021799464,15
25,25,1,37.5,6950000,0.0,18748.272323678662,15
3,9,1,30.0,6999999,0.003400834400755035,10750.470849784957,14
5,6,1,30.0,6990000,0.0,24599.594188788884,18
2,4,1,40.62,6952050,0.0,21616.979981219512,18
2,4,1,38.61,6970477,0.0,21616.979981219512,18
9,24,1,42.5,6978500,0.0,14467.660341501061,9
7,29,1,37.54,7035000,0.0,12723.184657350492,7
17,26,1,34.6,7093000,0.00028215610000601805,14765.691186827775,18
20,26,1,32.2,7084000,0.00028215610000601805,14765.691186827775,18
4,23,1,36.78,7099068,0.0,13776.493199782368,9
7,8,1,43.8,7095600,0.0,26382.5299740703,13
5,25,1,38.0,7050000,0.0015236334451173385,14509.90323175151,6
6,24,1,37.4,7023720,0.0,14362.465765447467,9
6,18,1,32.0,7000000,0.0004740114023914787,5846.467099980962,4
14,15,1,28.1,7000000,0.0037118628884748096,10761.824733464193,6
4,17,1,37.9,7053190,0.0,14138.511883214756,9
2,4,1,37.75,7015860,0.0,21616.979981219512,18
2,12,1,36.91,7096561,0.0002260399891812572,14868.378247345438,18
2,13,1,38.3,7000000,0.0,15265.465532084103,6
1,5,1,37.6,7100233,0.0,19636.04401128735,7
1,5,1,39.1,7100325,0.0,19846.65434323081,7
1,5,1,37.4,7100296,0.0,19876.876628267553,7
10,13,1,44.5,7120000,0.0007687356993046883,9125.507997916624,15
1,6,1,44.4,7104000,0.0,45979.087033098025,5
5,5,1,34.38,7200254,0.0,20859.281613282412,7
1,23,1,39.74,7220758,0.0,13776.493199782368,9
3,18,1,29.49,7225050,0.00037775752067052915,10907.98021799464,15
3,16,1,30.15,7196240,0.0009040788026774912,13305.568374140676,7
3,8,1,44.47,7204140,0.0,26396.73922550963,13
1,11,1,28.39,7150220,0.00021049929259648887,17592.016998390987,15
24,27,1,39.3,7200000,0.00032680433545172075,18666.342618609306,15
1,5,1,37.7,7209000,0.0,21038.99469248553,18
2,13,1,46.2,7161000,0.0007687356993046883,9125.507997916624,15
2,10,1,30.0,7199000,0.0016286484097223271,8545.58738008755,14
4,13,1,34.42,7287849,0.0015524351315613749,5573.570370915869,9
3,6,1,45.4,7264000,0.0,45979.087033098025,5
7,14,1,35.3,7290000,0.0002545638473059476,11649.043416710198,9
1,5,1,37.02,7300029,0.0,20859.281613282412,7
8,17,1,32.3,7300000,0.0,10610.9474719732,15
9,23,1,38.19,7314687,0.0,13805.204170430852,9
2,6,1,45.8,7328000,0.0,45979.087033098025,5
19,27,1,44.0,7300000,0.0010943881199380347,14463.58123889753,6
13,20,1,35.5,7300000,0.00034416588994331664,10980.771780655668,9
7,13,1,35.3,7445000,0.0,11649.043416710198,9
10,12,1,38.0,7389000,0.0009774420679813107,16935.951499824823,15
1,23,1,31.61,7353524,0.0,11775.989545988597,15
9,24,1,37.5,7361250,0.0,14362.465765447467,9
1,13,1,34.03,7447888,0.0,12436.029890540683,9
24,24,1,39.8,7440365,0.00038651388364834824,14251.829087741482,15
8,13,1,34.72,7417650,0.0015524351315613749,5573.570370915869,9
3,5,1,31.2,7350000,0.0012977451497022832,4135.514778593039,14
6,25,1,37.0,7430000,0.0002256597473337446,12415.559347039145,9
2,5,1,37.85,7417760,0.0,20972.066379965756,18
1,5,1,38.9,7396800,0.0,20972.066379965756,18
1,5,1,38.9,7396800,0.0,21038.99469248553,18
2,5,1,37.85,7417760,0.0,20856.209958138086,18
1,5,1,38.7,7380370,0.0,20856.209958138086,18
3,5,1,39.4,7400000,0.0002996202478695734,9618.894788385387,10
2,4,1,39.1,7450057,0.0,24440.799027700927,18
1,5,1,38.68,7450154,0.0,20896.022947741138,7
11,26,1,37.1,7457100,0.00028215610000601805,14765.691186827775,18
9,16,1,31.4,7494589,0.0009040788026774912,13305.568374140676,7
1,5,1,42.86,7457360,0.0,27351.023161351302,16
1,11,1,31.6,7473684,0.00021049929259648887,17592.016998390987,15
3,16,1,42.0,7450000,0.00020731420206677198,11610.626834109175,13
2,25,1,37.36,7472000,0.0,11149.610709218312,13
5,9,1,57.4,7490000,0.0,10507.602442858639,16
2,23,1,38.93,7495098,0.0,13776.493199782368,9
2,9,1,37.1,7450000,0.0010497013493804648,8450.808627142571,15
18,19,1,44.0,7450000,0.00032328381128272075,11174.192245848932,9
1,10,1,37.5,7450000,0.000599212546297754,10371.12620109849,15
1,11,1,32.92,7589805,0.00021049929259648887,17592.016998390987,15
13,17,1,35.5,7550000,0.0007137618040187619,12684.055476653477,7
4,8,1,46.63,7554060,0.0,26382.5299740703,13
4,17,1,39.0,7550000,0.0,9384.089556879335,10
18,20,1,37.2,7530000,0.0,10980.771780655668,9
3,17,1,45.3,7500000,0.0,14236.924256466316,13
7,13,1,33.4,7584739,0.0015524351315613749,5573.570370915869,9
1,5,1,44.06,7567560,0.0,27351.023161351302,16
12,13,1,33.3,7500000,0.0002481429031067954,11911.15771542143,9
10,13,1,31.42,7554970,0.0015524351315613749,5573.570370915869,9
1,5,1,39.85,7536230,0.0,20972.066379965756,18
1,5,1,39.85,7536230,0.0,21038.99469248553,18
1,5,1,39.85,7536230,0.0,20856.209958138086,18
1,6,1,46.9,7504000,0.0,45979.087033098025,5
12,13,1,35.6,7529685,0.0007687356993046883,9125.507997916624,15
5,23,1,39.79,7625862,0.0,13695.060398941205,9
6,13,1,31.79,7628105,0.0015524351315613749,5573.570370915869,9
1,13,1,36.02,7620888,0.0,12436.029890540683,9
1,11,1,33.92,7634408,0.00021049929259648887,17592.016998390987,15
1,27,1,41.16,7622832,0.0004619511990235787,16102.25315573018,6
2,24,1,40.0,7632000,0.0,14182.785397582347,9
14,18,1,33.61,7730000,0.0004740114023914787,5846.467099980962,4
9,13,1,30.75,7749000,0.00037775752067052915,10907.98021799464,15
7,23,1,41.18,7747707,0.0,13695.060398941205,9
9,23,1,42.4,7723718,0.0,13805.204170430852,9
2,13,1,34.4,7728272,0.00023031041436554075,12052.13755725659,9
1,16,1,31.35,7717022,0.00046437700958973675,17824.719967889057,15
1,5,1,41.7,7650094,0.0,19636.04401128735,7
9,13,1,38.92,7672105,0.0015524351315613749,5573.570370915869,9
5,5,1,43.69,7667430,0.0,27462.05287734603,16
1,9,1,32.69,7687294,0.0,14219.929287195602,13
10,17,1,40.0,7700000,0.00047160735371478703,10156.988953719561,9
1,4,1,53.0,7650000,0.0,28795.42719983979,18
5,5,1,38.15,7800110,0.0,20896.022947741138,7
5,5,1,38.46,7800072,0.0,20640.005498273917,7
1,27,1,37.4,7790420,0.0,16176.821458851662,6
1,5,1,42.8,7750031,0.0,19991.67797961531,7
5,5,1,40.32,7777500,0.0,27351.023161351302,16
20,27,1,35.23,7803235,0.0,16176.821458851662,6
1,16,1,34.9,7754780,0.0002680845863611103,16017.486498839911,6
1,16,1,34.3,7765520,0.0002680845863611103,16017.486498839911,6
4,23,1,38.13,7838556,0.0,14009.961604137785,9
1,6,1,48.9,7824000,0.0,45979.087033098025,5
1,5,1,39.72,7850137,0.0,20896.022947741138,7
10,13,1,33.76,7890000,0.0004009465101520896,6316.559801741852,4
2,9,1,26.6,7886900,0.0008824509967031884,8105.376344101968,6
1,13,1,39.2,7874807,0.0002545638473059476,11649.043416710198,9
11,19,1,36.4,7999999,0.0002256597473337446,12415.559347039145,9
2,5,1,39.37,7900299,0.0,20859.281613282412,7
1,11,1,31.1,7954945,0.00021049929259648887,17592.016998390987,15
5,23,1,45.05,7969170,0.0,13805.204170430852,9
2,23,1,36.3,7950454,0.0,11795.765473225289,15
1,11,1,30.56,7975344,0.0005689793907627884,17516.926398682623,15
2,13,1,36.3,7984514,0.00023031041436554075,12052.13755725659,9
3,5,1,40.9,7900346,0.0,19876.876628267553,7
3,13,1,36.83,7915888,0.0,12436.029890540683,9
24,27,1,40.29,7993536,0.00046179507912531495,16076.523441576157,6
19,24,1,42.28,7950000,0.0002102812720501199,12640.862380190754,9
1,13,1,34.5,7901739,0.0002545638473059476,11649.043416710198,9
11,18,1,46.5,7900000,0.0,9537.339874973055,10
4,27,1,35.91,7936938,0.0,16176.821458851662,6
1,9,1,34.22,7975277,0.0,14219.929287195602,13
1,5,1,41.85,7919750,0.0,21038.99469248553,18
1,5,1,41.85,7919750,0.0,20856.209958138086,18
2,23,1,38.77,7938609,0.0,14009.961604137785,9
6,13,1,41.5,7937622,0.0007687356993046883,9125.507997916624,15
2,12,1,40.0,7900000,0.001396657513864573,9066.039051570697,14
3,18,1,36.57,8045400,0.00037775752067052915,10907.98021799464,15
17,27,1,37.19,8040630,0.0,16035.092089458927,6
11,26,1,34.3,8000000,0.0004087066227528754,11003.993891639857,8
9,26,1,39.6,8000000,0.0012499762212827476,14824.249842439736,6
22,24,1,41.4,8023320,0.0,14255.969541915892,9
20,24,1,41.5,8001200,0.0,14255.969541915892,9
1,5,1,41.5,8100198,0.0,20896.022947741138,7
3,27,1,37.65,8116032,0.0,16035.092089458927,6
2,18,1,37.83,8133450,0.00037775752067052915,10907.98021799464,15
2,13,1,39.01,8098888,0.0,12436.029890540683,9
2,13,1,36.6,8050502,0.00023031041436554075,12052.13755725659,9
6,9,1,26.3,8139850,0.0008824509967031884,8105.376344101968,6
2,9,1,31.47,8106852,0.0,14219.929287195602,13
1,6,1,50.5,8080000,0.0,45979.087033098025,5
1,5,1,39.4,8249999,0.0,27464.345099532395,18
6,27,1,37.43,8246798,0.0,16203.143525645313,6
3,13,1,38.09,8238888,0.0,12436.029890540683,9
1,15,1,33.24,8200158,0.0004662450017485733,8354.54618603997,15
1,5,1,43.7,8150000,0.0,27896.650851127004,18
5,13,1,44.4,8200000,0.0007687356993046883,9125.507997916624,15
12,13,1,38.7,8185360,0.0007687356993046883,9125.507997916624,15
11,23,1,36.04,8282320,0.0,11775.989545988597,15
3,16,1,35.28,8261474,0.000527795398343087,17761.53937559638,15
12,12,1,32.8,8268880,0.0009755093336249015,12031.044755589239,7
2,25,1,38.59,8296850,0.0,11149.610709218312,13
8,13,1,36.02,8251461,0.0015524351315613749,5573.570370915869,9
1,27,1,41.06,8277696,0.0,16035.092089458927,6
1,13,1,36.2,8279633,0.0002545638473059476,11649.043416710198,9
4,5,1,40.01,8300114,0.0,20859.281613282412,7
5,26,1,39.5,8383875,0.0005066091722320064,14765.691186827775,18
3,12,1,33.6,8332800,0.0006998423123496174,6344.425921978766,10
1,23,1,34.93,8338611,0.0,11775.989545988597,15
3,16,1,36.48,8313497,0.000527795398343087,17761.53937559638,15
17,17,1,50.0,8375000,0.0007291278027569861,9555.517082313125,7
5,5,1,41.32,8375900,0.0,27239.260984798948,16
7,9,1,29.63,8387872,0.0,14219.929287195602,13
4,26,1,39.4,8362650,0.0005066091722320064,14765.691186827775,18
2,6,1,52.2,8352000,0.0,45979.087033098025,5
2,12,1,36.0,8442000,0.0006998423123496174,6344.425921978766,10
3,15,1,37.0,8400000,0.0003786443978162134,6223.576487337736,4
3,12,1,35.89,8491888,0.0,12443.018922283938,9
1,15,1,34.07,8400282,0.0004662450017485733,8354.54618603997,15
9,9,1,38.2,8450000,0.0011207876979204554,10127.663643395492,6
3,15,1,41.1,8466600,0.0006096129153284364,9953.492171183058,15
1,9,1,36.59,8446113,0.0,14219.929287195602,13
4,12,1,35.8,8400000,0.0002443202332049146,11930.967202371161,9
5,23,1,45.05,8530050,0.0,14009.961604137785,9
6,17,1,35.82,8545506,0.0006486698056531499,13618.954530985544,15
2,12,1,37.7,8539050,0.0006998423123496174,6344.425921978766,10
18,24,1,40.5,8500000,0.0004622373070146954,8880.369322336426,15
12,17,1,35.45,8638656,0.0006486698056531499,13618.954530985544,15
2,12,1,39.31,8575888,0.0,12443.018922283938,9
3,16,1,32.1,8616064,0.000527795398343087,17761.53937559638,15
6,6,1,27.2,8627296,0.0002852506392091888,3786.1972706058737,3
2,23,1,45.76,8635900,0.0,14009.961604137785,9
11,12,1,36.05,8715000,0.0,11930.967202371161,9
4,18,1,32.06,8685054,0.00573409307627456,7004.55980333839,14
4,10,1,37.8,8653324,0.00022319627489168087,11806.833771985788,9
8,10,1,34.7,8653483,0.0002674137506171582,11806.833771985788,9
14,23,1,42.4,8741504,0.0,14009.961604137785,9
3,17,1,37.66,8713598,0.0006486698056531499,13618.954530985544,15
8,12,1,39.2,8697000,0.0010752193062236607,12339.525205790414,6
3,27,1,37.97,8699671,0.0002601289583126559,16052.536518364846,6
1,11,1,36.79,8670226,0.00021049929259648887,17592.016998390987,15
1,26,1,42.0,8700000,0.001100335066430451,12243.369432305199,7
4,13,1,36.83,8715193,0.0015524351315613749,5573.570370915869,9
3,18,1,32.67,8791497,0.00573409307627456,7004.55980333839,14
1,9,1,39.08,8767263,0.0,14219.929287195602,13
2,23,1,42.82,8758112,0.0,14009.961604137785,9
17,17,1,38.0,8790000,0.00024025612000818083,8057.476630819977,8
6,23,1,50.26,8881673,0.0,13805.204170430852,9
2,12,1,38.7,8862300,0.0006998423123496174,6344.425921978766,10
4,15,1,39.47,8898496,0.002088270244195842,6835.296791873763,10
12,17,1,37.17,8879975,0.0006486698056531499,13618.954530985544,15
7,17,1,37.8,8850000,0.0016680155707033614,9191.650294622705,8
2,9,1,34.55,8820625,0.0,14219.929287195602,13
3,9,1,34.4,8850000,0.001021267799253973,9608.896725146162,14
5,18,1,35.21,8904609,0.00573409307627456,7004.55980333839,14
1,11,1,36.95,8952320,0.0005689793907627884,17516.926398682623,15
11,18,1,33.0,8910000,0.00025084837888368053,5846.467099980962,4
5,13,1,33.55,8999999,0.00022607882212796697,12125.948098145518,9
2,23,1,50.67,8925552,0.0,13805.204170430852,9
6,13,1,36.1,8900000,0.00026714932171682066,11593.562182676531,9
2,5,1,45.19,9050133,0.0,20896.022947741138,7
2,5,1,44.71,9050153,0.0,20859.281613282412,7
2,16,1,38.1,9000000,0.001678284797110221,8685.965574314416,9
16,18,1,33.7,9099000,0.00025084837888368053,5846.467099980962,4
12,13,1,37.45,9064888,0.00026305481733129296,11696.858650169766,9
11,16,1,32.2,9045648,0.0004686530498028614,11221.888632838467,7
2,13,1,39.5,9047888,0.0,12436.029890540683,9
2,23,1,36.66,9007891,0.0,11775.989545988597,15
1,11,1,36.28,9023715,0.0005689793907627884,17516.926398682623,15
1,11,1,39.16,9093073,0.0005689793907627884,17516.926398682623,15
2,13,1,40.61,9098888,0.0,12436.029890540683,9
13,13,1,43.71,9069825,0.0015524351315613749,5573.570370915869,9
7,9,1,40.8,9050000,0.0047240439081403535,12704.85263991739,14
2,15,1,47.6,9030896,0.0006096129153284364,9953.492171183058,15
1,9,1,40.1,9082859,0.0,14219.929287195602,13
2,14,1,32.4,9194342,0.0003710789876812801,6270.818078420478,14
15,16,1,38.85,9190714,0.0009040788026774912,13305.568374140676,7
7,13,1,37.48,9199000,0.000931535985444678,5504.60139833392,8
9,12,1,38.6,9100000,0.003271857705661903,7735.675952369882,9
5,24,1,35.94,9155212,0.000677930479723316,16979.104847775117,15
8,9,1,43.6,9100000,0.0,27647.42208442622,18
2,18,1,39.1,9188500,0.00037775752067052915,10907.98021799464,15
17,18,1,35.7,9103500,0.00025084837888368053,5846.467099980962,4
2,9,1,36.07,9120337,0.0,14219.929287195602,13
6,8,1,34.42,9235000,0.0,4911.141740806739,17
4,10,1,40.3,9225633,0.0002674137506171582,11806.833771985788,9
11,12,1,40.54,9213888,0.0,12443.018922283938,9
9,9,1,44.0,9200000,0.0013768688777127606,11087.547442163874,14
5,18,1,35.58,9318402,0.00573409307627456,7004.55980333839,14
5,13,1,46.0,9277740,0.0015524351315613749,5573.570370915869,9
14,16,1,33.29,9325888,0.0004686530498028614,11221.888632838467,7
2,17,1,38.97,9269708,0.0006486698056531499,13618.954530985544,15
13,18,1,31.5,9258768,0.0011680118701997276,4958.649701377589,3
17,18,1,36.5,9307500,0.00025084837888368053,5846.467099980962,4
11,16,1,33.55,9251313,0.0004686530498028614,11221.888632838467,7
1,4,1,38.94,9345600,0.00039638395998703826,13168.393880635933,6
1,15,1,39.03,9350182,0.0004662450017485733,8354.54618603997,15
1,5,1,42.63,9378600,0.0004040844495318558,13073.080330525087,6
2,12,1,35.7,9406950,0.0,6310.062249285818,10
2,12,1,36.5,9398750,0.0,6310.062249285818,10
3,16,1,39.33,9394795,0.000527795398343087,17761.53937559638,15
12,12,1,40.44,9438888,0.0,12443.018922283938,9
12,15,1,37.7,9400080,0.0004662450017485733,8354.54618603997,15
2,3,1,35.8,9400000,0.0006189378092708532,1769.564053324871,3
3,14,1,32.5,9416160,0.0003710789876812801,6270.818078420478,14
11,23,1,50.32,9401821,0.0,14009.961604137785,9
2,23,1,50.67,9412686,0.0,14009.961604137785,9
9,25,1,36.46,9350000,0.0022092997571388586,6516.88336096182,9
5,25,1,47.0,9390000,0.0009667479678438086,9810.43287371186,6
1,5,1,41.0,9500000,0.006537482495270383,2834.960635992602,8
2,24,1,45.4,9525380,0.0003306581076057683,11100.63998759331,9
6,17,1,48.4,9499000,0.0003607265102119681,13480.821768218162,17
13,15,1,36.68,9580000,0.000555595154706774,8458.800578056811,15
9,14,1,38.9,9600000,0.0006181881099273269,5886.598549745063,4
14,24,1,36.54,9624490,0.000677930479723316,16979.104847775117,15
2,24,1,46.6,9603435,0.0003306581076057683,11100.63998759331,9
17,25,1,45.5,9555000,0.0005241168982920676,11837.648570305875,15
2,12,1,34.1,9608016,0.0003710789876812801,6270.818078420478,14
2,14,1,36.0,9635328,0.0003710789876812801,6270.818078420478,14
11,13,1,34.3,9572169,0.0003710789876812801,6270.818078420478,14
12,13,1,32.5,9634560,0.0003710789876812801,6270.818078420478,14
1,16,1,44.9,9700000,0.0005761207156213969,7279.860260749138,15
19,24,1,43.0,9650000,0.0018474936122371993,9221.984810697668,8
13,15,1,35.08,9700000,0.0,8458.800578056811,15
8,13,1,38.36,9691730,0.0015524351315613749,5573.570370915869,9
12,19,1,40.5,9650000,0.0008436785323387238,10369.838824195516,8
4,9,1,38.33,9692757,0.0,14219.929287195602,13
14,15,1,38.67,9755000,0.0003786443978162134,6223.576487337736,4
6,18,1,39.49,9844857,0.00573409307627456,7004.55980333839,14
3,17,1,39.94,9800658,0.0006486698056531499,13618.954530985544,15
1,15,1,40.49,9750194,0.0004662450017485733,8354.54618603997,15
11,18,1,39.3,9825000,0.00025084837888368053,5846.467099980962,4
5,18,1,39.91,9913644,0.00573409307627456,7004.55980333839,14
2,16,1,47.2,9890000,0.0013935802839009483,12380.580080240086,14
1,12,1,40.2,9944849,0.001054454208145571,4968.431631777675,7
3,17,1,33.57,9866659,0.0006486698056531499,13618.954530985544,15
16,35,1,37.0,9850000,0.00043991020746740026,14356.517722025641,15
2,11,1,36.2,9900844,0.0003710789876812801,6270.818078420478,14
4,6,1,37.1,9935380,0.0012977451497022832,4135.514778593039,14
16,25,1,40.5,9900000,0.0007462524528435942,8368.926394051688,9
2,17,1,47.4,9900000,0.0006327398989821665,9635.605240885485,8
7,19,1,38.5,9900000,0.0010532361187623168,10104.954769167618,7
15,15,1,32.06,10034780,0.0002374534952760344,4178.483754247512,4
12,12,1,45.1,10025730,0.0009755093336249015,12031.044755589239,7
14,25,1,37.7,9950000,0.0007002380274801048,11211.91476148315,7
3,10,1,34.5,9990000,0.0008111979058960016,7911.875279368751,6
4,16,1,36.82,10032384,0.0004686530498028614,11221.888632838467,7
5,17,1,42.0,9950000,0.0013345287077224748,7594.765418480114,7
1,12,1,40.5,10052573,0.001054454208145571,4968.431631777675,7
2,14,1,34.3,10065506,0.0003710789876812801,6270.818078420478,14
12,12,1,46.8,10164960,0.0009755093336249015,12031.044755589239,7
4,11,1,42.85,10188059,0.00021049929259648887,17592.016998390987,15
10,16,1,38.35,10235845,0.0004686530498028614,11221.888632838467,7
15,17,1,41.22,10183640,0.0006486698056531499,13618.954530985544,15
2,13,1,38.0,10243584,0.0003710789876812801,6270.818078420478,14
4,15,1,44.0,10199000,0.00036045523331633547,6320.613088896074,4
1,5,1,48.7,10300000,0.0004045385154339709,2694.390639794,3
5,13,1,35.5,10326595,0.0003710789876812801,6270.818078420478,14
15,15,1,33.42,10276650,0.0002374534952760344,4178.483754247512,4
2,19,1,42.98,10299848,0.0017993629905311522,6347.713167246244,9
2,18,1,43.76,10283600,0.00037775752067052915,10907.98021799464,15
4,18,1,32.8,10292240,0.0011680118701997276,4958.649701377589,3
2,16,1,39.1,10283963,0.0019210881944039999,6484.865344790792,9
2,6,1,43.9,10316500,0.0012977451497022832,4135.514778593039,14
8,26,1,36.46,10300000,0.0022092997571388586,6516.88336096182,9
22,23,1,33.0,10424065,0.00078990446148012,5408.447398582295,8
1,8,1,40.5,10415769,0.0012979185985750512,5134.208936751541,7
1,8,1,38.0,10424382,0.0015699562426688873,5180.273757095257,7
4,19,1,41.36,10400160,0.0017993629905311522,6347.713167246244,9
4,18,1,42.55,10531125,0.00037775752067052915,10907.98021799464,15
20,20,1,43.6,10500000,0.0013173958821558992,7532.1329390969195,7
1,12,1,43.1,10541000,0.001054454208145571,4968.431631777675,7
2,16,1,42.0,10499999,0.007024851838670217,8181.647095517121,9
6,7,1,36.35,10495440,0.00031048007108572175,13063.820367023884,9
7,13,1,34.6,10531548,0.0003710789876812801,6270.818078420478,14
6,14,1,36.6,10463500,0.0003710789876812801,6270.818078420478,14
3,9,1,41.89,10493456,0.0,14219.929287195602,13
7,19,1,41.97,10543942,0.0017993629905311522,6347.713167246244,9
7,12,1,36.03,10600000,0.0007171105828576463,4511.638648020734,6
2,11,1,38.8,10554000,0.0009271099381053776,9313.397367168938,8
2,19,1,37.0,10570000,0.0008065649769145697,13292.558192721694,7
2,10,1,30.5,10590000,0.0009110784384702303,7802.482307922911,6
1,12,1,42.3,10614858,0.001054454208145571,4968.431631777675,7
2,16,1,39.92,10622557,0.0019210881944039999,6484.865344790792,9
2,16,1,42.66,10579381,0.0019210881944039999,6484.865344790792,9
1,7,1,40.03,10614660,0.00032355470739914993,13234.458174633584,9
3,9,1,40.58,10705000,0.0,5581.220399357273,9
1,10,1,36.7,10734750,0.0009110784384702303,7802.482307922911,6
15,15,1,36.01,10712975,0.0002374534952760344,4178.483754247512,4
1,12,1,38.6,10701959,0.001054454208145571,4968.431631777675,7
1,8,1,39.3,10748787,0.0015699562426688873,5180.273757095257,7
9,17,1,41.64,10707909,0.0006486698056531499,13618.954530985544,15
1,10,1,29.7,10558350,0.0009920364536725808,7753.977042357422,6
1,10,1,29.7,10558350,0.0009920364536725808,7753.977042357422,6
2,14,1,33.6,10500000,0.0008162279429048473,4499.175209642214,9
6,14,1,35.9,10500000,0.0009115182781984511,5519.663628569155,9
3,14,1,40.58,10650000,0.0008176959952880961,5581.220399357273,9
2,13,1,39.7,11772803,0.0008034746392808801,5681.23696710578,9
1,6,2,76.0,54999000,0.0015915688720442552,2296.56219874578,1
7,10,2,60.0,27000000,0.0010040986056686395,3703.048388699178,1
5,6,2,86.1,50004000,0.0020065891815042396,3113.0007382620515,2
4,8,2,65.77,26000000,0.0005772743873212993,3023.4265685710643,1
2,7,2,65.36,21061933,0.001873124201333252,2427.235424631879,4
23,23,2,51.3,11400000,0.000677930479723316,16979.104847775117,15
7,7,2,94.5,39500000,0.0,2296.393256610111,1
12,13,2,52.0,10990000,0.00026305481733129296,11696.858650169766,9
7,14,2,58.0,21000000,0.0009891148173214244,4931.510485133889,9
7,8,2,107.7,53000000,0.0012640354990281959,8604.38618320962,9
3,5,2,48.4,9690000,0.0014320981025790452,8041.994305564369,6
10,14,2,58.17,19019999,0.0,6908.371857739092,10
12,12,2,79.9,24000000,0.0002443202332049146,11930.967202371161,9
2,11,2,71.87,24359720,0.002691499980391655,5337.23626028407,10
3,8,2,79.6,42500000,0.0028317422250699956,2973.3094365081565,2
3,23,2,124.4,40193640,0.0008606429687940384,7074.693753651223,6
4,5,2,51.5,15500000,0.00039600083776572564,4171.657927604676,4
6,8,2,68.9,29137942,0.0007796067408117638,3531.0111824615014,1
7,11,2,76.5,22500000,0.000700371942215788,2925.3745474317566,4
2,9,2,59.87,17009999,0.00024131935475818608,4386.753252758496,3
11,18,2,65.5,16600000,0.0007157045201062072,5378.2070430660315,4
5,12,2,46.0,16826400,0.0,45698.99600438173,5
3,11,2,45.9,14458500,0.0021087170959393367,7984.230239493426,9
2,9,2,49.64,11676359,0.0,14219.929287195602,13
4,13,2,43.0,16200000,0.002943842839054113,4144.240016860106,4
5,25,2,78.7,14402100,0.0006845045686329397,12774.579788042094,8
7,17,2,74.5,17890000,0.0009125379602749768,4974.065515998596,4
17,24,2,53.8,9221320,0.0,14467.660341501061,9
3,5,2,42.6,7990000,0.0014665708114033023,7399.902701495692,7
2,7,2,69.9,20131000,0.0006293340826788704,1751.5097914296496,3
3,3,2,81.9,45000000,0.0,1921.0795364649518,2
3,8,2,68.34,30076946,0.0027167605928378087,2612.434051709723,1
3,11,2,77.0,43900000,0.0004969811736658589,3673.0205801863285,1
5,8,2,64.9,27160650,0.000797014911166779,4033.544608364312,1
4,8,2,70.0,32000000,0.0007796067408117638,3531.0111824615014,1
5,15,2,57.3,24500000,0.001140434331557724,5895.844544992677,10
3,17,2,65.7,15300000,0.0013345287077224748,7594.765418480114,7
4,14,2,73.5,16900000,0.0008341954132490306,4968.431631777675,7
2,8,2,70.0,22400000,0.0,3740.56702629315,1
13,19,2,65.0,12590000,0.0005114451508966401,5979.765977627226,4
3,6,2,72.3,40343400,0.0014486231604305111,9303.52686532759,7
3,10,2,78.8,37400000,0.0005480700515330452,4409.175466634668,2
7,7,2,54.7,27000000,0.0017169848161366443,3074.1055689845875,3
4,4,2,89.0,84500000,0.0,1786.3094131979217,2
4,6,2,76.6,37103093,0.0,2296.56219874578,1
1,4,2,111.3,127666888,0.0,4280.103420965616,1
3,20,2,86.4,22339999,0.0,6973.704459245435,4
4,6,2,77.0,38134021,0.0,2296.56219874578,1
3,23,2,50.14,8772153,0.0,13805.204170430852,9
23,25,2,59.2,7210000,0.0,15265.465532084103,6
3,7,2,59.2,23680000,0.0019217993387368993,3236.420320870265,1
1,5,2,101.6,84858453,0.0009325712040608985,5530.706153118401,1
25,27,2,44.0,9760212,0.0,16176.821458851662,6
2,13,2,53.7,6200000,0.0,22703.42501535377,18
4,9,2,45.9,9700000,0.000998288690025924,11149.21237090014,8
4,5,2,37.0,7295000,0.0009513406046783566,9811.5514243349,14
4,9,2,64.6,20546283,0.0012671506381348664,2431.4119256350064,4
8,25,2,70.0,27900000,0.0014940620127188336,2530.686457934261,6
4,9,2,58.16,22100800,0.0008667257292285963,2749.465268207675,1
3,5,2,71.3,39950000,0.0,21966.707780148186,5
11,12,2,58.6,20510000,0.0011961205477479906,5006.838569585699,9
5,5,2,57.14,8650000,0.0,5460.956095504698,11
13,13,2,55.0,24000000,0.0003595947170311076,5505.659556532029,10
6,10,2,60.1,12500000,0.0007883428656203066,13838.689530384034,14
1,7,2,63.0,29275793,0.00037291542754247633,2673.156932450627,4
6,7,2,67.6,54900000,0.0,1008.6626341835452,3
4,9,2,82.31,36669105,0.0008907437739749439,2750.7766748482773,4
5,12,2,48.0,9300000,0.0009733780077364872,12185.036569399417,6
8,17,2,55.0,9990000,0.00048634222566223024,11435.766836129958,15
3,8,2,72.9,30618000,0.00046367804768863627,3918.5140509483917,1
8,25,2,56.5,12250000,0.00028897842735369904,13227.739696276865,9
3,10,2,53.98,20345062,0.0023737459827687245,5037.781360137036,9
5,8,2,73.0,31900000,0.0007647119970591961,3918.5140509483917,1
5,5,2,98.0,48900000,0.002031079535577519,4288.032411529416,1
2,10,2,62.3,16821000,0.0009920364536725808,7753.977042357422,6
5,15,2,64.2,17990000,0.001220058594400915,5060.447434061308,9
2,11,2,56.13,17694982,0.0008598427095825661,7328.485835206947,7
4,4,2,76.0,17500000,0.002946836247553119,3264.1514857484194,2
5,9,2,73.2,23292240,0.0005839236475528783,3372.3078697533624,1
6,19,2,54.0,13000000,0.0018770184332539254,11219.248874345627,6
3,14,2,71.3,30500000,0.0003532830623538281,5685.024503214493,8
5,5,2,45.0,5600000,0.0,15464.864423178038,13
8,12,2,68.8,19800000,0.001809267428977409,5113.850529863661,9
2,10,2,61.65,24660000,0.005233786065658821,3896.0540483730765,7
3,5,2,45.7,7700000,0.00028837292712913985,6853.284608162089,10
2,12,2,65.08,14643000,0.0002443202332049146,11930.967202371161,9
3,9,2,76.1,33300000,0.0004629074112514332,3372.3078697533624,1
3,14,2,51.5,14447552,0.0003710789876812801,6270.818078420478,14
2,5,2,43.1,10100000,0.0009640384149752993,8339.832637293342,6
10,12,2,54.2,11441620,0.0009755093336249015,12031.044755589239,7
8,8,2,58.0,8000000,0.0004049388038029331,11521.75069326163,15
2,12,2,47.8,12949593,0.0003710789876812801,6270.818078420478,14
2,4,2,54.08,9000000,0.0023844030838900366,3444.1116471393993,6
3,5,2,66.2,15557000,0.0004040844495318558,13073.080330525087,6
3,9,2,45.9,10200000,0.0021071234144854592,12706.06613675592,6
2,10,2,66.86,26680015,0.0017087955528046644,3391.171221789887,3
5,5,2,43.0,6300000,0.0012524401112392661,11636.198729751663,15
1,4,2,55.32,11500499,0.0,16877.695165155063,13
11,11,2,52.1,11000000,0.0013268743208607442,11407.631360834575,6
9,17,2,61.39,14426650,0.0002374534952760344,4178.483754247512,4
3,4,2,52.2,8895000,0.0011472131137237494,3247.3380811399284,6
4,13,2,62.5,17000000,0.0010103654064908573,3457.7773385025757,4
2,16,2,56.74,14756890,0.0019210881944039999,6484.865344790792,9
2,6,2,75.8,19999000,0.0017023057023417452,863.366912187708,2
8,9,2,44.1,6400000,0.0006905786456071298,10243.088632438721,15
7,8,2,60.4,11800000,0.0004558229113842299,10300.252871383827,7
3,7,2,75.0,26000000,0.0010260155889564478,3328.877821306872,2
2,5,2,42.0,7200000,0.0010213947425861075,12030.734294937934,7
2,12,2,68.56,16882215,0.00026808539679687833,11481.157584312961,9
4,5,2,54.8,26000000,0.0034019602054653963,4616.054328171365,1
2,13,2,51.53,12348888,0.0,12436.029890540683,9
12,12,2,54.1,8000000,0.0007123682098296126,13835.408357698598,14
2,15,2,71.1,16928910,0.0007119083617079709,8999.34609272824,15
7,16,2,57.8,10800000,0.0006083827293231791,5688.366794678347,4
14,17,2,75.1,17500000,0.0009125379602749768,4974.065515998596,4
4,4,2,40.0,11500000,0.0012947991449165125,3196.592204612951,1
3,8,2,70.7,31108000,0.0021384483396120297,3220.8379309852594,1
6,16,2,56.0,11290000,0.00037555376009442256,10869.734014975986,13
2,9,2,43.8,6300000,0.000318357620012898,13872.108224160243,17
6,6,2,41.8,7200000,0.001684170584460313,8377.29233883499,17
14,25,2,53.0,8200000,0.000392240360789206,14739.642872447726,18
2,7,2,81.5,15950000,0.0,1891.4070623637738,5
2,12,2,54.3,13575000,0.0006998423123496174,6344.425921978766,10
11,17,2,65.8,9790000,0.0,11822.800873199276,13
3,4,2,71.0,26900000,0.0010201560664103095,1601.7682923355167,3
4,5,2,83.2,22600000,0.010934071189270799,590.0197940884191,2
1,9,2,45.1,6490000,0.0003238962057452146,13962.365593053877,17
7,10,2,57.8,8997000,0.00039285080293879063,13595.26739764355,17
4,10,2,73.3,15800000,0.0011717919471977648,9432.767035771254,15
1,5,2,55.4,10990000,0.0024581194846994324,5278.768712560279,9
6,9,2,50.8,8150000,0.0003298826200464146,7632.755951135834,10
2,7,2,62.26,12790410,0.00032355470739914993,13234.458174633584,9
2,15,2,73.5,25000000,0.002701519719898527,3982.7172180962602,7
20,25,2,65.3,14200000,0.0005220527876831483,6121.230174999869,8
9,9,2,44.6,7100000,0.0010230460687638175,11381.274238726164,14
9,9,2,45.1,7900000,0.0008946358900275081,10921.90787846801,8
4,5,2,51.22,10300418,0.0,21185.275457156422,7
3,17,2,75.0,19900000,0.0012164841233936374,11763.563767973805,14
2,15,2,52.6,9703130,0.0006096129153284364,9953.492171183058,15
10,26,2,76.6,16100000,0.002341400696249683,6447.126714797336,9
4,5,2,56.14,10415600,0.0,27351.023161351302,16
4,9,2,50.4,8500000,0.0,24632.880977340064,16
4,12,2,50.7,10900000,0.0,13536.449593551342,13
3,3,2,58.0,25000000,0.002402215018664328,3742.8422000767205,2
4,5,2,45.1,6700000,0.0004718631418014895,13349.449141031417,17
18,23,2,54.54,9809028,0.0,13695.060398941205,9
8,12,2,47.3,8000000,0.0,11754.775851389657,13
7,23,2,54.51,9432038,0.0,13945.265531297353,9
3,6,2,62.0,13990000,0.0016337159703566828,6098.897221822705,7
3,9,2,65.33,15154350,0.0,14219.929287195602,13
7,7,2,116.6,52470000,0.0,2511.1923625889776,2
9,9,2,64.17,16106458,0.0,14219.929287195602,13
2,4,2,79.1,22900000,0.0012477430743151172,2167.992891611918,4
3,9,2,58.01,14050012,0.0,14219.929287195602,13
4,5,2,43.7,14000000,0.0011995173815408618,2009.7928964033897,1
11,23,2,53.94,9393984,0.0,14009.961604137785,9
1,9,2,44.1,6840000,0.002714364484647211,10855.006337007562,6
3,4,2,67.6,15000000,0.0016464623353544226,1376.3987967972403,3
3,5,2,52.8,7800000,0.0032005554384048414,4871.885698573055,6
4,5,2,53.1,7450000,0.0010358516162949382,4500.314541897341,3
12,12,2,52.5,8900000,0.0008808835187328127,11032.41075096329,8
1,5,2,43.9,8000000,0.0009947574847835956,3009.408218924143,3
7,8,2,70.6,31076907,0.0007796067408117638,3531.0111824615014,1
8,9,2,44.1,7500000,0.0010455057645490297,10931.906555928885,15
2,9,2,45.7,5600000,0.0,27394.326575948682,16
9,9,2,45.5,5900000,0.00022110400722923987,14534.974276457107,13
11,12,2,52.2,10510000,0.0007083910108136672,8043.443191264563,9
7,12,2,53.5,9990000,0.0007773021961285232,9835.16857388974,7
3,4,2,49.3,10190000,0.0,16509.69339546468,13
14,17,2,55.18,14200000,0.0002229350492838241,6536.995932693274,10
7,11,2,60.9,15518210,0.0012618841324962757,11691.385622017355,15
3,4,2,70.1,20790000,0.002648387503529397,1846.869319134535,3
2,6,2,53.2,17392600,0.003090998157781269,2118.369317823293,4
12,14,2,61.06,19719999,0.0,6908.371857739092,10
3,5,2,90.9,17300000,0.0019681479046627557,3960.828158577543,2
7,11,2,55.9,14248242,0.0012618841324962757,11691.385622017355,15
3,25,2,62.0,16700000,0.0014261539354678248,12636.838188921112,7
14,26,2,52.5,14300000,0.0024308328653715266,10666.840085345038,14
12,14,2,69.95,21409999,0.0,6908.371857739092,10
2,5,2,76.9,17700000,0.0004503821252421053,4264.497641776217,4
5,8,2,96.8,37674665,0.0007796067408117638,3531.0111824615014,1
7,19,2,60.5,15890000,0.001412957398388488,7697.386411679254,15
7,8,2,78.1,32749038,0.0007796067408117638,3531.0111824615014,1
3,8,2,89.1,45000000,0.001604443193188144,4065.2892642214083,1
6,9,2,58.74,19629999,0.00024131935475818608,4386.753252758496,3
5,6,2,91.0,23500000,0.0016844965885728952,1723.2894882970807,2
2,7,2,80.51,25367907,0.001873124201333252,2427.235424631879,4
1,9,2,49.1,7250000,0.0011350760153610523,9819.46430247575,14
7,9,2,60.72,17849999,0.00024131935475818608,4386.753252758496,3
2,9,2,47.0,6500000,0.0,15442.79514004875,13
9,9,2,52.1,12250000,0.001070956673646747,9612.942086372523,14
5,7,2,101.16,33633171,0.001873124201333252,2427.235424631879,4
4,6,2,61.7,13800000,0.0014422838584014443,2546.046318322283,4
6,7,2,90.96,29218260,0.001873124201333252,2427.235424631879,4
8,14,2,58.8,13490000,0.0011299032997595132,11774.01433540708,14
14,14,2,50.7,9200000,0.0010495770938494793,12553.09805638248,6
24,25,2,53.0,10200000,0.0002859613721544279,11488.675004050427,9
1,24,2,52.7,9338440,0.0,14362.465765447467,9
3,5,2,44.3,6100000,0.0005533436336820724,10402.02252836376,15
4,14,2,71.36,20309999,0.0,6908.371857739092,10
3,5,2,49.0,14700000,0.0012341831024038278,1873.733581602344,2
5,6,2,54.9,9900000,0.0002889271158573846,3706.956578511292,3
2,5,2,45.0,8000000,0.0008562451849318587,9026.066794440425,7
4,9,2,61.8,19409999,0.00024131935475818608,4386.753252758496,3
2,3,2,106.3,110000000,0.000847712945965506,1293.1074527464245,3
5,25,2,71.72,28063918,0.0014625032939982365,10341.328270571776,7
5,9,2,57.4,7490000,0.0,10507.602442858639,16
1,17,2,54.9,9854550,0.0,14290.641545382729,9
19,19,2,80.5,26900000,0.0017783539788990262,4471.629454397635,7
10,11,2,53.2,15379261,0.0012618841324962757,11691.385622017355,15
7,12,2,54.0,12250000,0.0,27725.03866469646,9
11,25,2,77.6,15698480,0.0006845045686329397,12774.579788042094,8
2,8,2,52.0,18850000,0.005291079940110172,3763.9339869255887,3
6,9,2,50.6,8280000,0.0,28048.15160955004,16
1,17,2,52.2,9197640,0.0,14290.641545382729,9
4,5,2,64.4,13524000,0.006509208288705872,3749.5737080363087,6
4,11,2,77.58,25896204,0.002691499980391655,5337.23626028407,10
2,5,2,49.9,11500000,0.002161130188916421,2394.19343781774,1
2,8,2,73.31,31838533,0.0027167605928378087,2612.434051709723,1
3,15,2,73.6,27850000,0.002701519719898527,3982.7172180962602,7
8,12,2,70.7,34842333,0.0,45698.99600438173,5
2,5,2,66.5,13950000,0.00207594303654311,1442.71535513756,4
4,5,2,43.6,6200000,0.0005410462036838524,12787.124318048083,17
8,8,2,94.93,106905419,0.0027167605928378087,2612.434051709723,1
6,25,2,47.8,9600000,0.0002965068124446171,12639.05261274503,9
3,8,2,73.8,32479933,0.0027167605928378087,2612.434051709723,1
7,14,2,46.3,9500000,0.0006850150793402811,12032.194305250989,8
2,10,2,67.0,15580000,0.0015141672056468887,4285.214150520525,14
6,6,2,52.2,10500000,0.002774376650275064,7773.91667788433,17
2,12,2,50.6,9590000,0.0010613451070071618,10741.06505389429,7
4,12,2,81.5,35900000,0.0005687146449109781,4364.069659013193,2
9,12,2,70.2,36288480,0.0,45698.99600438173,5
7,9,2,47.2,8200000,0.0007395247765931604,11407.397994530587,7
1,5,2,53.0,11200000,0.0013660628616852242,8008.19812980864,6
17,23,2,59.1,9500000,0.00022821642913304206,14260.439572187806,15
3,11,2,92.18,30778902,0.002691499980391655,5337.23626028407,10
4,5,2,44.1,6990000,0.0008016132904634431,10375.066989094254,14
7,11,2,83.91,32817201,0.002691499980391655,5337.23626028407,10
2,4,2,76.4,10500000,0.0011461917494054146,3972.4241752953108,14
20,23,2,169.7,67964850,0.0008606429687940384,7074.693753651223,6
6,16,2,48.0,11000000,0.0008907691596907035,5117.321803631587,4
4,23,2,124.6,40544840,0.0008606429687940384,7074.693753651223,6
23,26,2,76.5,14500000,0.0011760098739673542,11288.578152193719,6
3,18,2,59.3,8700000,0.0,12719.49801561057,10
3,6,2,66.2,13175000,0.0004950749683922909,9746.718302353407,9
4,12,2,90.66,25049358,0.0002443202332049146,11930.967202371161,9
6,16,2,68.9,15500000,0.0,14094.442949146545,13
23,27,2,53.76,10592098,0.00026152698674096806,16044.327746041614,6
4,17,2,56.5,11700000,0.0010283297552140165,8268.967203940705,9
32,36,2,51.4,10250000,0.0006377464478682051,14356.517722025641,15
9,12,2,47.3,8300000,0.001578038904980345,10446.294633813315,15
2,14,2,55.0,16450000,0.002701519719898527,3982.7172180962602,7
6,9,2,67.37,22112297,0.0012671506381348664,2431.4119256350064,4
7,12,2,48.3,9490000,0.0016281584604611935,8261.02609357067,9
17,27,2,52.94,10843797,0.0002601289583126559,16052.536518364846,6
8,29,2,65.0,13800000,0.0006316874976618744,15566.768166250828,6
3,8,2,65.96,29540000,0.0017169116406143784,3259.869239767524,1
10,25,2,67.48,16432206,0.0022092997571388586,6516.88336096182,9
22,25,2,64.6,11899000,0.0,11486.392020136496,9
6,25,2,68.64,15961708,0.0022092997571388586,6516.88336096182,9
5,8,2,68.2,11600000,0.0,12533.382600189801,13
10,18,2,67.1,17332793,0.0011680118701997276,4958.649701377589,3
5,5,2,59.4,11980000,0.0,27887.045778372627,18
2,10,2,77.5,25171590,0.001809267428977409,5113.850529863661,9
15,24,2,50.0,8450000,0.0,14339.856690542538,9
10,18,2,64.8,17680315,0.0011127270923814955,4568.991465194513,3
5,5,2,41.3,6700000,0.0015768289621093162,8830.216166086248,8
4,10,2,79.9,25267437,0.001809267428977409,5113.850529863661,9
1,8,2,69.0,18950000,0.0007647119970591961,3918.5140509483917,1
4,9,2,69.94,24762257,0.0008667257292285963,2749.465268207675,1
4,10,2,74.0,22200000,0.0004686506157848395,3762.615198787548,4
1,5,2,46.0,6000000,0.000665365647078173,11284.399259029362,15
5,13,2,76.6,30257000,0.0010429654096151472,3401.5421004811155,1
3,5,2,69.0,13300000,0.0002996202478695734,9618.894788385387,10
9,12,2,57.64,17000000,0.0007061490931202307,4604.30782464311,6
5,5,2,41.5,7800000,0.00022377072256199668,7344.826294747956,10
5,9,2,69.06,26532082,0.0012671506381348664,2431.4119256350064,4
8,12,2,52.3,9300000,0.000658992048730251,9597.418406737626,9
8,12,2,57.44,16900000,0.0007061490931202307,4604.30782464311,6
4,4,2,48.5,6950000,0.0,20220.95924648944,16
7,8,2,95.5,48691256,0.0017169116406143784,3259.869239767524,1
2,5,2,44.0,5900000,0.0,26205.69857173459,16
5,9,2,66.86,23671783,0.0008667257292285963,2749.465268207675,1
9,9,2,65.5,25900000,0.000762691189240529,3447.8042238579596,4
8,9,2,85.2,36306692,0.0008001889571493832,4451.82331868231,1
6,9,2,45.5,7950000,0.002541116857940322,12680.020991308782,6
9,26,2,62.2,10387400,0.0003760631047384305,14765.691186827775,18
5,11,2,63.5,21900000,0.0009125843124325973,4297.0016657801725,4
2,9,2,95.64,38935044,0.0008907437739749439,2750.7766748482773,4
6,14,2,50.5,6500000,0.0,28058.41817247743,13
8,10,2,61.3,17930250,0.0009920364536725808,7753.977042357422,6
10,12,2,55.6,10850000,0.0007787287052136041,9352.773319766527,9
3,15,2,74.6,19800000,0.0014181408499657165,7356.713718430801,8
4,7,2,93.5,45036429,0.0017169116406143784,3259.869239767524,1
6,7,2,74.3,36550000,0.0008866513553726553,2899.001829799266,1
4,5,2,43.8,6700000,0.00235287234527743,11893.8537878919,15
1,5,2,33.2,9000000,0.003349567379136988,2697.3539210297317,1
11,13,2,52.4,10799000,0.0006790920990284593,9556.176110666938,9
3,5,2,45.0,6950000,0.0007524082898704528,12634.193804330327,8
18,25,2,55.0,10000000,0.00031023599675714233,12193.497339250905,17
3,10,2,62.14,22749454,0.0023737459827687245,5037.781360137036,9
3,9,2,45.0,8800000,0.000771070944323104,10559.686636283584,15
6,8,2,110.2,26000000,0.0011511927748178155,2481.6711294339166,4
7,23,2,68.2,16417370,0.0010317245879766614,13235.02215092884,6
6,6,2,80.0,29400000,0.0019233577575218752,3390.758215513045,2
6,12,2,50.0,8500000,0.00022123027868217976,7299.1263982048395,10
2,10,2,64.26,23152878,0.0023737459827687245,5037.781360137036,9
3,7,2,45.0,18800000,0.0007351632110259422,1751.5097914296496,3
8,12,2,93.1,32900000,0.0031254157044045493,2756.5880768986144,1
7,12,2,54.7,9990000,0.0005678672195023965,9831.992193836897,9
1,5,2,51.3,9979000,0.0008245820823139772,3703.0104599782435,2
5,5,2,42.7,7200000,0.0008858027546301089,6370.243707542641,17
5,8,2,65.7,22000000,0.0011565359618616994,7581.709996212342,7
5,15,2,55.1,13100000,0.000636758317053478,7637.302897299916,15
1,7,2,89.8,39654333,0.00037291542754247633,2673.156932450627,4
5,9,2,74.0,32350000,0.0010166997811603537,2882.389207441023,4
7,7,2,55.8,27220000,0.0017169848161366443,3074.1055689845875,3
18,24,2,67.1,16997000,0.000532459897014828,8773.21393021201,15
6,19,2,68.4,23800000,0.003721539352521512,4141.1852445752775,3
1,4,2,69.0,24150000,0.001051262551194305,1217.4601198315363,3
5,15,2,59.64,24500000,0.0,5895.844544992677,10
4,4,2,81.8,24900000,0.0011693140298161553,2364.5909359888724,1
5,9,2,58.8,25000000,0.001054454208145571,4968.431631777675,7
5,9,2,53.8,25850733,0.0024977195314226856,2853.7814454790096,1
3,7,2,74.4,26000000,0.0010260155889564478,3328.877821306872,2
8,20,2,70.8,27500000,0.0013043732019337045,4683.216833441361,9
2,8,2,83.0,27990000,0.0032710510780146005,2296.393256610111,1
19,24,2,104.0,28990000,0.0,9972.29550953488,7
7,8,2,75.0,29490000,0.0,3393.5788639382645,3
2,3,2,93.7,29500000,0.0,1768.825751239452,4
7,8,2,75.5,29900000,0.0005906417832052892,3531.0111824615014,1
1,5,2,60.0,29990000,0.0017364470095408112,3477.525218138675,2
9,14,2,73.5,30400000,0.002701519719898527,3982.7172180962602,7
5,10,2,80.8,30990000,0.0003595947170311076,5505.659556532029,10
2,9,2,65.3,31800000,0.000726616254438938,3603.386068909526,1
23,23,2,92.0,31900000,0.0012543115437903941,11463.865737588883,15
8,10,2,70.1,31900000,0.0005499837701337888,3461.327499486661,1
7,8,2,68.0,32000000,0.001227252932227685,8643.95796943597,9
2,4,2,81.3,32650000,0.0,15634.20093863683,5
4,14,2,76.2,33490000,0.002317880170664982,2118.7191927206495,1
5,5,2,86.9,35000000,0.0015358181201569946,2216.180025555933,1
4,5,2,75.4,35500000,0.0010736374968917774,654.3287713370096,2
2,14,2,62.0,35800000,0.0017942068675029907,3014.0802698725065,1
4,8,2,70.0,35900000,0.0007588919730156744,3740.56702629315,1
3,5,2,66.1,36999000,0.0,21966.707780148186,5
3,10,2,79.0,37400000,0.0005480700515330452,4409.175466634668,2
8,12,2,70.0,38000000,0.0009089629074740783,3305.9163734200265,1
2,3,2,93.5,39000000,0.0012200139437480982,1151.289695083872,4
2,7,2,119.7,40231768,0.0017629605680533039,2480.8356667947337,4
2,6,2,99.3,40000000,0.0014857421617179166,9030.056314736203,7
2,4,2,92.9,41900000,0.002827595735694962,2187.7568744766304,2
5,8,2,75.6,45300000,0.00099309169547566,2673.7942247286455,1
7,7,2,91.9,46239000,0.0009688857226748248,2899.001829799266,1
7,9,2,67.59,47313000,0.003556913949613382,1432.9172232560145,1
5,6,2,84.2,50000000,0.0020065891815042396,3113.0007382620515,2
6,6,2,81.98,53280000,0.0020065891815042396,3113.0007382620515,2
7,11,2,101.7,55000000,0.004091631140662996,2722.2409946701628,2
5,8,2,82.3,59000000,0.0005349521078156566,3936.967246828763,2
5,5,2,88.0,62400000,0.001791134462664525,1269.8679551367736,1
4,8,2,150.0,79900000,0.012322870052150468,4439.673837499486,1
6,9,2,107.14,80410106,0.0010960334586016364,3229.846786518408,1
1,6,2,126.91,95182500,0.00139507676919895,4268.531003264097,1
5,5,2,42.0,4600000,0.0,26189.442350609246,16
5,5,2,43.0,5190000,0.0,17570.38416430844,16
1,2,2,35.0,5200000,0.0,23203.88688537752,11
5,5,2,51.5,5325000,0.0,25178.85546119922,18
3,5,2,45.4,5500000,0.0006861372913625187,10691.12061271452,15
2,8,2,35.92,5819040,0.0,26382.5299740703,13
1,8,2,37.22,5899370,0.0,26382.5299740703,13
5,8,2,36.75,6192375,0.0,26396.73922550963,13
4,5,2,42.0,6200000,0.0002451803505197079,13934.760420635681,13
1,5,2,44.2,6200000,0.0003955775223725288,12527.42966716449,8
1,5,2,43.0,6300000,0.0,9465.590947327995,8
21,23,2,36.6,6400000,0.0,11455.946108397104,10
3,5,2,43.4,6400000,0.0,24451.76897397471,11
2,12,2,42.6,6490000,0.0002775553788389638,6001.934911803295,10
8,9,2,50.0,6500000,0.0,26827.21855818568,16
4,8,2,41.21,6676020,0.0,26382.5299740703,13
5,9,2,44.0,6750000,0.000618823648824059,10483.001418333477,15
2,9,2,45.5,6800000,0.0,7529.997124657356,10
1,5,2,45.5,6850000,0.001145720454597917,6722.54210697801,10
6,9,2,44.3,7200000,0.0015101014809577983,9405.696013354003,14
2,25,2,48.15,7222500,0.0,6146.635440363442,10
3,9,2,63.5,7150000,0.0,20231.331042036807,18
9,10,2,51.3,7300000,0.0,12692.477801050605,10
11,25,2,46.0,7300000,0.0,6146.635440363442,10
5,5,2,44.0,7300000,0.0002937320652480302,8366.999999924687,8
2,5,2,45.0,7400000,0.0003070988486568658,11288.52352775938,8
16,23,2,71.0,7490000,0.0,15265.465532084103,6
3,8,2,46.58,7545960,0.0,26396.73922550963,13
3,8,2,46.85,7589700,0.0,26382.5299740703,13
3,3,2,46.2,7500000,0.0,28177.544063307036,18
1,9,2,50.3,7505000,0.0014967884527712309,12128.578694556949,6
2,25,2,51.22,7683000,0.0,6146.635440363442,10
8,25,2,49.12,7736400,0.0,6146.635440363442,10
2,5,2,45.5,7700000,0.001349575292011593,10223.114555603457,15
9,11,2,59.5,7735000,0.00032693710312849974,15274.675709375642,18
1,14,2,45.1,7750000,0.000612030404787943,9652.362479436219,9
5,5,2,42.2,7800000,0.0002783349864062867,14292.370945353214,7
11,11,2,60.6,7878000,0.00032693710312849974,15274.675709375642,18
2,22,2,52.2,7986600,0.00021535083109416693,12489.10985970657,10
9,10,2,57.1,7990000,0.000639500161733373,8650.56280865903,9
3,9,2,44.2,8000000,0.0005928209938788637,11178.510251840591,14
8,12,2,52.2,8000000,0.0005794307905298133,9658.519319243465,9
13,22,2,50.7,8137350,0.00021535083109416693,12489.10985970657,10
4,10,2,43.3,8100000,0.0016048504294291467,6338.5655295049355,9
3,10,2,50.1,8050000,0.0009311119266748503,12979.130602821637,14
3,8,2,50.43,8169660,0.0,26382.5299740703,13
2,25,2,46.91,8209250,0.0,6146.635440363442,10
10,25,2,51.91,8175825,0.0,6146.635440363442,10
4,5,2,45.0,8200000,0.0011671701015395703,8779.36320637356,6
2,12,2,42.7,8200000,0.0008947591251768844,11031.790957955138,7
14,14,2,52.0,8280000,0.0010860228591744918,12531.461622663774,6
1,23,2,37.54,8389357,0.0,11775.989545988597,15
8,9,2,50.7,8360000,0.0005083100477629862,11788.74936179954,6
3,5,2,50.7,8350000,0.0011626220864161122,16921.253067998787,15
1,6,2,56.5,8305500,0.0,45979.087033098025,5
8,16,2,51.2,8500000,0.00030728809165151446,10061.34817980766,10
2,9,2,50.5,8500000,0.0,7651.385940109074,10
5,8,2,53.01,8587620,0.0,26382.5299740703,13
8,10,2,62.6,8600000,0.0,19910.266412043853,18
2,25,2,49.96,8743000,0.0,6146.635440363442,10
1,6,2,59.5,8746500,0.0,45890.75875621721,5
1,24,2,52.5,8762250,0.0,14467.660341501061,9
4,23,2,48.97,8899638,0.0,13945.265531297353,9
4,10,2,39.0,8803883,0.0002674137506171582,11806.833771985788,9
4,9,2,44.0,8800000,0.0,9900.614000632902,8
1,17,2,49.4,8892000,0.0,14290.641545382729,9
6,9,2,46.0,8949000,0.0015195617000032396,11955.050606574032,6
17,23,2,36.5,8986249,0.0,11795.765473225289,15
9,14,2,55.8,8900000,0.0005962636111969915,8944.086093365528,14
12,12,2,55.8,8928000,0.0,15129.081635349468,18
3,5,2,41.2,8900000,0.0,1860.7668440761272,5
11,11,2,57.6,8974080,0.00031290301982135583,15411.872673248976,18
1,17,2,52.0,8970000,0.0,14290.641545382729,9
1,6,2,60.9,8952300,0.0,45979.087033098025,5
3,5,2,44.4,8999000,0.0015931254567588028,12498.502577314279,8
10,23,2,53.94,9088624,0.0,13805.204170430852,9
12,12,2,56.5,9040000,0.0,15129.081635349468,18
19,23,2,48.24,9097039,0.0,13945.265531297353,9
4,23,2,50.14,9068475,0.0,14009.961604137785,9
1,24,2,52.0,9001200,0.0,14467.660341501061,9
1,17,2,51.4,9097800,0.0,14138.511883214756,9
1,24,2,52.1,9117500,0.0,14416.960207343393,9
4,23,2,55.01,9162720,0.0,13805.204170430852,9
4,12,2,53.8,9146000,0.0,15129.081635349468,18
2,23,2,50.69,9145444,0.0,14009.961604137785,9
1,17,2,48.9,9124740,0.0,14138.511883214756,9
1,24,2,51.2,9113600,0.0,14362.465765447467,9
1,6,2,62.5,9187500,0.0,45979.087033098025,5
2,6,2,62.02,9116940,0.0,45979.087033098025,5
24,24,2,56.4,9190000,0.0002488111346343041,13881.69672375681,15
15,15,2,54.6,9100000,0.008738131243103122,10347.284295218738,17
2,12,2,59.4,9207000,0.0,15129.081635349468,18
2,12,2,59.5,9222500,0.0,15129.081635349468,18
1,24,2,53.0,9237900,0.0,14362.465765447467,9
1,17,2,53.3,9204910,0.0,14138.511883214756,9
6,10,2,40.1,9316435,0.0002674137506171582,11806.833771985788,9
4,23,2,53.78,9339232,0.0,14009.961604137785,9
2,24,2,51.8,9334360,0.0,14362.465765447467,9
10,12,2,58.2,9312000,0.0,15129.081635349468,18
1,23,2,52.39,9293986,0.0,13776.493199782368,9
2,23,2,55.6,9258064,0.0,13805.204170430852,9
1,17,2,53.6,9267440,0.0,14290.641545382729,9
5,6,2,63.6,9349200,0.0,45979.087033098025,5
4,5,2,46.2,9300000,0.0,15618.619279109571,5
12,25,2,60.0,9300000,0.0004421498925441868,14771.843576849345,18
2,3,2,48.9,9446975,0.0,20631.09824345016,11
3,23,2,54.69,9448675,0.0,13945.265531297353,9
2,8,2,57.31,9427495,0.0,26382.5299740703,13
9,12,2,47.8,9395000,0.0005927851518935836,11616.928433269733,7
10,23,2,55.21,9542130,0.0,14009.961604137785,9
17,24,2,63.2,9500000,0.0003869743162224031,15321.37765220292,18
13,13,2,54.95,9500000,0.000303170996668746,10290.581366257016,10
7,10,2,57.28,9500000,0.004279200147627092,12723.184657350492,7
1,17,2,54.7,9523270,0.0,14138.511883214756,9
6,6,2,34.9,9458633,0.0002852506392091888,3786.1972706058737,3
1,10,2,56.9,9500000,0.0009466074189506172,8284.366488237116,9
2,3,2,49.9,9640165,0.0,20631.09824345016,11
2,23,2,55.7,9581916,0.0,13945.265531297353,9
2,23,2,36.41,9639107,0.0,11775.989545988597,15
3,8,2,58.41,9608445,0.0,26382.5299740703,13
2,23,2,55.6,9555972,0.0,14009.961604137785,9
2,23,2,54.55,9715251,0.0,13695.060398941205,9
3,3,2,47.1,9708388,0.0,20631.09824345016,11
2,3,2,50.8,9720178,0.0,20631.09824345016,11
4,13,2,47.43,9743307,0.0015524351315613749,5573.570370915869,9
5,12,2,49.2,9690000,0.0009755093336249015,12031.044755589239,7
24,24,2,50.3,9674169,0.00038651388364834824,14251.829087741482,15
1,27,2,45.38,9652326,0.0,16176.821458851662,6
1,27,2,50.81,9745358,0.0,16176.821458851662,6
4,23,2,54.34,9706932,0.0,13695.060398941205,9
8,13,2,52.5,9722790,0.0007687356993046883,9125.507997916624,15
1,17,2,54.7,9785830,0.0,14290.641545382729,9
2,8,2,59.3,9754850,0.0,26396.73922550963,13
1,9,2,36.6,9790500,0.0008824509967031884,8105.376344101968,6
1,27,2,55.1,9791270,0.0,16221.450978069868,6
9,13,2,52.4,9757299,0.0007687356993046883,9125.507997916624,15
1,6,2,66.7,9804900,0.0,45979.087033098025,5
1,5,2,51.82,9900003,0.0,21185.275457156422,7
3,23,2,55.09,9910475,0.0,13776.493199782368,9
6,6,2,67.6,9937200,0.0,45979.087033098025,5
25,27,2,48.79,9925068,0.0,16176.821458851662,6
10,12,2,62.0,9920000,0.0,15129.081635349468,18
2,20,2,50.83,9911850,0.0,11149.610709218312,13
3,25,2,48.17,9874850,0.0,11149.610709218312,13
10,15,2,52.3,9938162,0.0006096129153284364,9953.492171183058,15
13,26,2,58.5,9945000,0.00028215610000601805,14765.691186827775,18
18,27,2,54.31,10033485,0.0004619511990235787,16102.25315573018,6
2,10,2,45.0,10036827,0.0002674137506171582,11806.833771985788,9
9,10,2,42.0,10034620,0.0002674137506171582,11806.833771985788,9
4,4,2,47.65,10000067,0.0,24513.100936791954,18
1,8,2,63.71,10002470,0.0,26382.5299740703,13
1,5,2,54.4,10033200,0.0,27351.023161351302,16
4,25,2,48.71,9985550,0.0,11149.610709218312,13
2,23,2,55.92,10046652,0.0,13695.060398941205,9
1,5,2,55.0,10000000,0.0014695164277984973,2581.1066408904426,4
20,27,2,52.51,10032048,0.0,16176.821458851662,6
9,9,2,51.7,9990000,0.0011213602037190055,5107.071790278922,4
3,3,2,51.5,10139571,0.0,20631.09824345016,11
1,5,2,63.04,10125360,0.0,27462.05287734603,16
5,6,2,68.7,10098900,0.0,45979.087033098025,5
12,17,2,48.8,10115315,0.0004719765108218911,16052.835656287974,6
6,8,2,61.33,10088785,0.0,26382.5299740703,13
10,13,2,47.7,10115500,0.0015524351315613749,5573.570370915869,9
3,15,2,55.0,10137820,0.0006096129153284364,9953.492171183058,15
8,27,2,49.77,10113130,0.0,16176.821458851662,6
2,8,2,61.72,10152940,0.0,26382.5299740703,13
2,11,2,69.1,10240620,0.00031290301982135583,15411.872673248976,18
4,15,2,52.4,10200000,0.0005778493955201712,9869.103154983173,15
24,27,2,54.2,10221420,0.0,16203.143525645313,6
1,27,2,56.2,10217160,0.0,16221.450978069868,6
1,23,2,59.44,10223680,0.0,13776.493199782368,9
21,27,2,52.72,10324046,0.0,16203.143525645313,6
22,27,2,54.31,10286430,0.0002601289583126559,16052.536518364846,6
8,16,2,52.0,10300000,0.0011500378425254923,4948.167458946371,4
1,23,2,59.75,10259075,0.0,13776.493199782368,9
4,5,2,52.3,10400000,0.0,21293.59491819234,18
14,26,2,62.2,10387400,0.0003760631047384305,14765.691186827775,18
25,27,2,54.04,10443998,0.0,16035.092089458927,6
12,21,2,66.0,10400000,0.00029704015052837626,11437.876198524329,9
21,27,2,52.94,10482901,0.0,16035.092089458927,6
21,27,2,54.52,10488478,0.0,16035.092089458927,6
4,20,2,52.51,10502000,0.0,11149.610709218312,13
1,24,2,55.9,10500000,0.0,11948.58715155841,9
1,6,2,71.1,10451700,0.0,45979.087033098025,5
14,17,2,60.5,10500000,0.00031270770323409814,11164.497608032372,9
2,3,2,53.8,10592407,0.0,20631.09824345016,11
6,6,2,72.0,10584000,0.0,45979.087033098025,5
18,27,2,53.76,10619928,0.00026152698674096806,16044.327746041614,6
23,27,2,52.94,10612598,0.0002601289583126559,16052.536518364846,6
2,20,2,54.17,10563150,0.0,11149.610709218312,13
1,11,2,71.4,10581480,0.00031290301982135583,15411.872673248976,18
1,5,2,57.9,10553920,0.0,20972.066379965756,18
1,5,2,57.9,10553920,0.0,21038.99469248553,18
1,5,2,58.0,10572800,0.0,20856.209958138086,18
7,23,2,52.43,10637648,0.0,13695.060398941205,9
2,5,2,56.0,10550000,0.001615475060106985,8224.35671256687,17
6,23,2,60.65,10700195,0.0,13695.060398941205,9
18,23,2,52.55,10744481,0.0,13695.060398941205,9
2,23,2,51.83,10725302,0.0,11795.765473225289,15
5,25,2,49.79,10700000,0.0,11549.643187854677,9
7,9,2,55.0,10650000,0.0,10015.067960517745,9
1,5,2,58.65,10714700,0.0,27351.023161351302,16
7,13,2,48.65,10692491,0.0015524351315613749,5573.570370915869,9
6,20,2,64.0,10700000,0.000304219902665503,11377.046726054798,9
3,3,2,55.1,10848357,0.0,20631.09824345016,11
13,26,2,60.5,10890000,0.0005066091722320064,14765.691186827775,18
10,26,2,63.0,10836000,0.00028215610000601805,14765.691186827775,18
1,9,2,48.77,10774481,0.0,14219.929287195602,13
1,27,2,57.1,10809030,0.0002601289583126559,16052.536518364846,6
1,5,2,59.7,10771200,0.0,20972.066379965756,18
1,5,2,59.7,10771200,0.0,21038.99469248553,18
1,5,2,59.7,10771200,0.0,20856.209958138086,18
1,4,2,58.9,10900301,0.0,24440.799027700927,18
2,5,2,51.51,10950253,0.0,20859.281613282412,7
7,23,2,61.28,10992960,0.0,13776.493199782368,9
4,18,2,54.0,10990000,0.0,5846.467099980962,4
3,5,2,58.0,10957870,0.0,27351.023161351302,16
2,5,2,64.37,10931750,0.0,27462.05287734603,16
4,13,2,51.07,10948846,0.0015524351315613749,5573.570370915869,9
16,17,2,53.18,10935054,0.0004719765108218911,16052.835656287974,6
1,27,2,61.2,10918080,0.0,16221.450978069868,6
4,8,2,68.86,11086460,0.0,26396.73922550963,13
8,23,2,40.25,11042622,0.0,11775.989545988597,15
4,9,2,38.7,11010150,0.0008824509967031884,8105.376344101968,6
2,7,2,57.0,11000000,0.0003808305160310093,4266.351151897519,4
8,12,2,57.0,11072592,0.0002260399891812572,14868.378247345438,18
3,8,2,69.55,11197550,0.0,26382.5299740703,13
23,23,2,51.28,11137296,0.0,11795.765473225289,15
1,5,2,62.42,11174640,0.0,27351.023161351302,16
1,5,2,58.64,11200445,0.0,21185.275457156422,7
6,23,2,60.73,11244894,0.0,13945.265531297353,9
5,5,2,56.63,11234160,0.0,27351.023161351302,16
3,17,2,60.4,11350000,0.0006836546528552182,9075.981209941157,9
1,4,2,58.4,11350186,0.0,24513.100936791954,18
1,4,2,58.9,11350236,0.0,24513.100936791954,18
4,5,2,56.51,11400270,0.0,21185.275457156422,7
15,23,2,41.17,11437695,0.0,11775.989545988597,15
4,20,2,50.25,11306250,0.0,11149.610709218312,13
2,27,2,61.34,11407542,0.00046179507912531495,16076.523441576157,6
2,17,2,56.92,11425038,0.00026368951444767945,16002.645566630552,6
14,14,2,55.8,11300000,0.0002875601030300589,13529.07890069163,15
2,27,2,61.34,11332410,0.00047442608836133687,16064.736873314181,6
4,23,2,51.55,11534558,0.0,11775.989545988597,15
17,26,2,72.0,11520000,0.00028215610000601805,14765.691186827775,18
10,13,2,51.4,11464106,0.0,12202.86845421734,9
9,9,2,36.0,11502000,0.0008824509967031884,8105.376344101968,6
5,5,2,59.63,11545360,0.0,27351.023161351302,16
21,27,2,60.52,11511477,0.00026152698674096806,16044.327746041614,6
5,26,2,72.5,11600000,0.00028215610000601805,14765.691186827775,18
5,5,2,56.49,11550369,0.0,21185.275457156422,7
5,5,2,53.81,11566700,0.0,27239.260984798948,16
3,18,2,56.18,11797800,0.00037775752067052915,10907.98021799464,15
12,12,2,49.5,11731500,0.0009755093336249015,12031.044755589239,7
7,13,2,63.37,11744932,0.0015524351315613749,5573.570370915869,9
1,16,2,65.9,11690660,0.0002680845863611103,16017.486498839911,6
1,4,2,61.8,11800339,0.0,24513.100936791954,18
22,23,2,51.28,11854447,0.0,11775.989545988597,15
3,16,2,48.84,11858217,0.000527795398343087,17761.53937559638,15
1,16,2,51.15,11866902,0.00046437700958973675,17824.719967889057,15
2,18,2,57.67,11822350,0.00037775752067052915,10907.98021799464,15
2,17,2,59.51,11818853,0.0006486698056531499,13618.954530985544,15
1,5,2,64.93,11957440,0.0,27351.023161351302,16
12,25,2,68.0,11999000,0.0003306581076057683,11100.63998759331,9
1,5,2,76.84,11912642,0.0,27239.260984798948,16
3,24,2,45.12,11999000,0.0005921689279104707,13353.175100711976,7
3,25,2,51.81,12002306,0.00030135179979130225,12790.006187895227,9
9,10,2,49.2,12098495,0.0002674137506171582,11806.833771985788,9
1,16,2,50.4,12007800,0.00046437700958973675,17824.719967889057,15
8,13,2,63.68,12013805,0.0015524351315613749,5573.570370915869,9
9,13,2,52.6,12135233,0.0,11951.860919378407,9
2,20,2,55.14,12130800,0.0,11149.610709218312,13
1,5,2,58.86,12200059,0.0,20974.916248211106,7
2,18,2,59.4,12177000,0.00037775752067052915,10907.98021799464,15
2,9,2,52.52,12233913,0.0,14219.929287195602,13
17,17,2,58.1,12199999,0.0010294927472428834,8908.850771460182,9
5,5,2,57.98,12173720,0.0,27239.260984798948,16
7,15,2,58.0,12300000,0.0009670730855874037,8114.139799487425,9
22,23,2,56.87,12368147,0.0,11775.989545988597,15
10,16,2,47.85,12372890,0.000527795398343087,17761.53937559638,15
8,8,2,35.0,12250000,0.002690140768944667,4346.676308551857,2
3,25,2,57.55,12373250,0.0,11149.610709218312,13
8,15,2,54.5,12300000,0.0003921025736910889,7037.078343742052,9
7,10,2,55.0,12438415,0.0002674137506171582,11806.833771985788,9
5,5,2,56.73,12400383,0.0,20859.281613282412,7
17,24,2,54.0,12400000,0.00043757670881632233,6231.884872121011,8
7,12,2,63.7,12421500,0.0,15129.081635349468,18
3,5,2,42.0,12450000,0.0011583202070019449,4194.80806446703,14
5,16,2,64.9,12400000,0.000860080408003701,8323.174971148124,15
8,10,2,55.5,12551491,0.0002674137506171582,11806.833771985788,9
7,13,2,52.71,12543888,0.0,12436.029890540683,9
1,11,2,50.94,12631612,0.0005689793907627884,17516.926398682623,15
1,11,2,57.46,12546219,0.00021049929259648887,17592.016998390987,15
5,13,2,64.59,12684055,0.0015524351315613749,5573.570370915869,9
1,7,2,57.51,12676950,0.00032355470739914993,13234.458174633584,9
11,12,2,60.4,12786680,0.0009755093336249015,12031.044755589239,7
1,16,2,58.7,12756097,0.00046437700958973675,17824.719967889057,15
1,7,2,59.66,12871440,0.00032355470739914993,13234.458174633584,9
1,7,2,58.72,12841470,0.00031048007108572175,13063.820367023884,9
5,5,2,60.76,12886620,0.0,27462.05287734603,16
1,5,2,62.51,12950227,0.0,20859.281613282412,7
5,18,2,54.45,12986325,0.00037775752067052915,10907.98021799464,15
4,17,2,58.96,12934160,0.0006486698056531499,13618.954530985544,15
7,7,2,49.9,12900000,0.0013830635213104975,8943.086314259077,7
3,14,2,49.7,12900000,0.00023807546229222617,11951.860919378407,9
17,17,2,47.71,13053456,0.0002374534952760344,4178.483754247512,4
1,11,2,63.32,13119018,0.00021049929259648887,17592.016998390987,15
4,9,2,54.0,13015617,0.0,14219.929287195602,13
10,12,2,52.63,13078888,0.0,12443.018922283938,9
10,10,2,50.4,13259278,0.00022319627489168087,11806.833771985788,9
9,16,2,53.59,13293803,0.0004686530498028614,11221.888632838467,7
2,9,2,57.22,13271774,0.0,14219.929287195602,13
12,14,2,46.7,13203024,0.0003710789876812801,6270.818078420478,14
4,7,2,62.06,13275090,0.00031048007108572175,13063.820367023884,9
5,5,2,62.33,13236130,0.0,27239.260984798948,16
4,7,2,61.37,13316050,0.00031048007108572175,13063.820367023884,9
3,12,2,51.59,13385888,0.0,12443.018922283938,9
2,12,2,56.77,13333888,0.0,12443.018922283938,9
5,9,2,57.3,13300000,0.008943608636536812,8297.324581165494,6
6,14,2,50.5,13525920,0.0003710789876812801,6270.818078420478,14
9,10,2,59.4,13433488,0.0002674137506171582,11806.833771985788,9
15,15,2,51.72,13498920,0.0002374534952760344,4178.483754247512,4
4,12,2,44.0,13500000,0.00026714932171682066,11593.562182676531,9
4,19,2,63.3,13500000,0.0004243053834441092,6283.947923630841,4
13,14,2,49.5,13471920,0.0003710789876812801,6270.818078420478,14
3,9,2,56.43,13537233,0.0,14219.929287195602,13
5,5,2,68.4,13500000,0.001570309821363935,3541.1703792347244,2
4,6,2,49.7,13500000,0.001467914476208195,1474.7406410024323,1
17,18,2,55.9,13695500,0.00025084837888368053,5846.467099980962,4
2,12,2,55.1,13637250,0.0006998423123496174,6344.425921978766,10
4,11,2,52.67,13689159,0.0005689793907627884,17516.926398682623,15
1,11,2,56.93,13602225,0.0005689793907627884,17516.926398682623,15
3,12,2,56.37,13582888,0.0,12443.018922283938,9
2,16,2,58.8,13699297,0.0004686530498028614,11221.888632838467,7
4,8,2,60.12,13550000,0.00066554959006603,4911.141740806739,17
2,9,2,58.53,13575619,0.0,14219.929287195602,13
5,5,2,63.31,13598680,0.0,27239.260984798948,16
5,10,2,52.7,13649000,0.000312255794540409,3068.5437847284616,4
4,12,2,52.9,13754000,0.0006998423123496174,6344.425921978766,10
3,16,2,58.13,13735562,0.0004686530498028614,11221.888632838467,7
15,17,2,57.54,13766213,0.0006486698056531499,13618.954530985544,15
4,26,2,63.75,13750000,0.0002237706583249908,12341.274823653108,9
2,17,2,63.94,13881991,0.0006486698056531499,13618.954530985544,15
2,24,2,54.77,13859494,0.000677930479723316,16979.104847775117,15
7,13,2,58.94,13920888,0.0,12436.029890540683,9
13,19,2,67.9,13800000,0.0003420485299033857,11008.80463856358,9
7,16,2,65.0,13900000,0.0,7983.185751117263,9
1,7,2,64.57,13804840,0.00031048007108572175,13063.820367023884,9
1,3,2,68.0,13962371,0.0,20631.09824345016,11
2,10,2,35.0,14000000,0.0014908919152484604,4332.358760917846,2
15,15,2,56.35,14081865,0.0002374534952760344,4178.483754247512,4
17,18,2,57.0,13965000,0.00025084837888368053,5846.467099980962,4
9,13,2,49.8,13988620,0.0003710789876812801,6270.818078420478,14
10,15,2,73.0,13950000,0.0006045602816619205,9892.691487782451,14
3,9,2,57.95,14035480,0.0,14219.929287195602,13
15,18,2,51.03,13990000,0.00573409307627456,7004.55980333839,14
2,12,2,59.2,14237600,0.0006998423123496174,6344.425921978766,10
2,4,2,80.0,14150000,0.0028069442091551346,2221.5048984389323,1
3,11,2,59.28,14190565,0.00021049929259648887,17592.016998390987,15
15,17,2,54.57,14174542,0.0006486698056531499,13618.954530985544,15
1,5,2,79.7,14171350,0.0,27351.023161351302,16
7,13,2,70.93,14170466,0.0015524351315613749,5573.570370915869,9
2,12,2,59.5,14309750,0.0006998423123496174,6344.425921978766,10
4,11,2,59.0,14383305,0.0005689793907627884,17516.926398682623,15
9,16,2,59.64,14293104,0.0004686530498028614,11221.888632838467,7
4,5,2,79.28,14325600,0.0,27351.023161351302,16
2,13,2,66.01,14522200,0.00037775752067052915,10907.98021799464,15
10,17,2,61.39,14549430,0.0002374534952760344,4178.483754247512,4
16,17,2,54.47,14480303,0.0006486698056531499,13618.954530985544,15
5,9,2,53.6,14525600,0.0008824509967031884,8105.376344101968,6
4,14,2,56.0,14488320,0.0003710789876812801,6270.818078420478,14
8,14,2,53.2,14459494,0.0003710789876812801,6270.818078420478,14
2,12,2,55.2,14466816,0.0003710789876812801,6270.818078420478,14
2,10,2,36.2,14480000,0.0014908919152484604,4332.358760917846,2
2,13,2,55.6,14636422,0.0003710789876812801,6270.818078420478,14
3,12,2,58.1,14699300,0.0006998423123496174,6344.425921978766,10
5,14,2,51.6,14558940,0.0003710789876812801,6270.818078420478,14
17,17,2,56.76,14610024,0.0002374534952760344,4178.483754247512,4
15,17,2,64.3,14602530,0.0002374534952760344,4178.483754247512,4
5,9,2,59.3,14587800,0.0008824509967031884,8105.376344101968,6
1,9,2,54.5,14578750,0.0008824509967031884,8105.376344101968,6
2,10,2,36.5,14600000,0.0014908919152484604,4332.358760917846,2
1,7,2,59.65,14662320,0.00031048007108572175,13063.820367023884,9
15,15,2,58.24,14705600,0.0002374534952760344,4178.483754247512,4
2,18,2,67.18,14779600,0.00037775752067052915,10907.98021799464,15
2,11,2,61.4,14793368,0.0012618841324962757,11691.385622017355,15
22,25,2,73.0,14700000,0.0009667479678438086,9810.43287371186,6
9,11,2,56.7,14745628,0.0003710789876812801,6270.818078420478,14
2,9,2,64.68,14786725,0.0,14219.929287195602,13
2,17,2,67.29,14938380,0.0002374534952760344,4178.483754247512,4
17,18,2,61.8,14832000,0.00025084837888368053,5846.467099980962,4
9,10,2,33.1,14910491,0.0014908919152484604,4332.358760917846,2
5,18,2,70.5,14805000,0.0,6049.536638927263,4
11,18,2,61.0,14945000,0.0,6049.536638927263,4
4,9,2,61.6,14845600,0.0008824509967031884,8105.376344101968,6
4,14,2,59.8,14901263,0.0003710789876812801,6270.818078420478,14
1,7,2,63.12,14928870,0.00031048007108572175,13063.820367023884,9
9,19,2,67.2,14800000,0.00041567156475835385,6492.296659847901,4
1,17,2,76.5,14929117,0.0011246790285302623,12814.88768196763,7
3,14,2,57.4,14924000,0.0010103654064908573,3457.7773385025757,4
6,13,2,65.38,15004710,0.00037775752067052915,10907.98021799464,15
4,16,2,64.46,15017970,0.0004686530498028614,11221.888632838467,7
2,12,2,61.0,15090056,0.001054454208145571,4968.431631777675,7
1,12,2,68.1,15072285,0.001054454208145571,4968.431631777675,7
2,17,2,62.41,15010936,0.0006486698056531499,13618.954530985544,15
10,16,2,82.3,15000000,0.00039315708301518234,6110.428792856644,8
17,18,2,62.8,15072000,0.00025084837888368053,5846.467099980962,4
3,17,2,68.02,15032420,0.0002374534952760344,4178.483754247512,4
1,11,2,48.0,15000000,0.0005192487310450389,6331.38029142412,6
9,21,2,77.5,15098000,0.0002422810070255376,11299.766157022454,13
2,7,2,64.86,14950000,0.00032355470739914993,13234.458174633584,9
6,9,2,59.8,15069600,0.0008824509967031884,8105.376344101968,6
4,16,2,53.06,15092439,0.0019210881944039999,6484.865344790792,9
2,5,2,64.3,14990000,0.0033552408294106003,2592.7925970667893,2
12,13,2,53.6,15056025,0.0003710789876812801,6270.818078420478,14
13,13,2,53.7,15000000,0.0007687356993046883,9125.507997916624,15
18,24,2,63.4,14990000,0.0009414322279374018,13244.59867603836,7
2,13,2,70.38,15225888,0.0,12436.029890540683,9
9,18,2,72.4,15204000,0.0,6049.536638927263,4
5,9,2,48.8,15190000,0.0015392003264433664,3860.7833128088487,2
17,18,2,63.5,15240000,0.00025084837888368053,5846.467099980962,4
5,18,2,72.5,15225000,0.0,6049.536638927263,4
2,18,2,74.2,15211000,0.0,6049.536638927263,4
7,17,2,56.51,15197993,0.0006486698056531499,13618.954530985544,15
2,16,2,72.1,15200000,0.0,13096.008581471646,7
8,11,2,53.4,15151947,0.0012618841324962757,11691.385622017355,15
6,13,2,71.87,15151633,0.0015524351315613749,5573.570370915869,9
3,9,2,64.17,15244661,0.0,14219.929287195602,13
1,12,2,72.6,15340809,0.001054454208145571,4968.431631777675,7
2,12,2,67.87,15270751,0.0002443202332049146,11930.967202371161,9
7,23,2,53.9,15424621,0.00078990446148012,5408.447398582295,8
1,9,2,58.1,15396500,0.0008824509967031884,8105.376344101968,6
6,9,2,55.7,15428900,0.0008824509967031884,8105.376344101968,6
8,11,2,58.5,15354144,0.0003710789876812801,6270.818078420478,14
7,17,2,61.2,15257472,0.0015561615366635922,6574.416520169278,9
2,13,2,70.49,15507800,0.00037775752067052915,10907.98021799464,15
4,7,2,75.24,15589420,0.00031048007108572175,13063.820367023884,9
2,4,2,69.0,15500000,0.004360646239124576,1741.1253658728624,2
2,13,2,61.85,15494000,0.0009271099381053776,9313.397367168938,8
3,11,2,59.65,15569000,0.0009271099381053776,9313.397367168938,8
2,12,2,57.18,15500000,0.0007061490931202307,4604.30782464311,6
1,8,2,67.8,15541277,0.0012979185985750512,5134.208936751541,7
2,25,2,64.41,15555643,0.0022092997571388586,6516.88336096182,9
6,7,2,66.77,15531600,0.00031048007108572175,13063.820367023884,9
9,10,2,34.5,15477059,0.0014908919152484604,4332.358760917846,2
1,9,2,57.0,15475500,0.0008824509967031884,8105.376344101968,6
9,16,2,65.19,15571449,0.0019210881944039999,6484.865344790792,9
8,16,2,66.36,15569017,0.0019210881944039999,6484.865344790792,9
2,25,2,68.64,15519171,0.0022092997571388586,6516.88336096182,9
2,25,2,64.54,15573881,0.0022092997571388586,6516.88336096182,9
2,16,2,67.13,15604274,0.0019210881944039999,6484.865344790792,9
3,23,2,68.2,15623665,0.0010317245879766614,13235.02215092884,6
7,18,2,64.0,15680000,0.0,6049.536638927263,4
1,8,2,67.5,15741764,0.0015699562426688873,5180.273757095257,7
11,25,2,67.65,15665062,0.0022092997571388586,6516.88336096182,9
8,25,2,60.11,15614000,0.0022092997571388586,6516.88336096182,9
2,12,2,53.8,15610608,0.0004796408593601411,4178.483754247512,4
2,12,2,58.17,15600000,0.0007638416509853799,4403.8221652324455,6
7,22,2,46.0,15600000,0.00040640521958291433,8439.790826503302,9
2,12,2,61.08,15860000,0.0007061490931202307,4604.30782464311,6
1,12,2,66.6,15757027,0.0004796408593601411,4178.483754247512,4
8,12,2,56.16,15800000,0.0007638416509853799,4403.8221652324455,6
1,4,2,69.55,15857400,0.00039638395998703826,13168.393880635933,6
11,14,2,65.5,15795456,0.0003710789876812801,6270.818078420478,14
2,7,2,67.64,15768000,0.00031048007108572175,13063.820367023884,9
7,23,2,63.3,16006633,0.0010317245879766614,13235.02215092884,6
3,5,2,79.7,15900000,0.0010490956514376492,3544.5530865974197,2
8,10,2,55.0,16026636,0.0,3605.4900231840356,8
6,8,2,62.3,16000000,0.0015699562426688873,5180.273757095257,7
8,18,2,53.7,16021362,0.0011127270923814955,4568.991465194513,3
23,25,2,60.57,15984807,0.0022092997571388586,6516.88336096182,9
2,25,2,67.48,15947118,0.0022092997571388586,6516.88336096182,9
4,12,2,54.8,15945000,0.0007061490931202307,4604.30782464311,6
9,12,2,55.87,16000000,0.0007171105828576463,4511.638648020734,6
2,12,2,60.5,15930000,0.0007171105828576463,4511.638648020734,6
11,25,2,78.4,15990000,0.0011760098739673542,11288.578152193719,6
9,25,2,61.9,15950000,0.0006938748949020001,8569.951593254063,9
2,18,2,66.7,16185939,0.0011127270923814955,4568.991465194513,3
3,11,2,62.72,16057000,0.0009271099381053776,9313.397367168938,8
17,26,2,54.5,15900000,0.0007137905264656559,6990.281577345395,6
23,25,2,62.77,15950000,0.0017993629905311522,6347.713167246244,9
3,25,2,64.41,15999396,0.0022092997571388586,6516.88336096182,9
3,8,3,96.0,54000000,0.0020205996219657793,3072.4086932167406,2
2,7,3,107.2,80000000,0.0042791139346944,538.4197838081402,2
3,3,3,125.0,160000000,0.0,4565.899292846608,1
4,7,3,90.96,28660412,0.001873124201333252,2427.235424631879,4
6,9,3,142.6,39000000,0.0013250613643255595,3076.5460441279506,1
6,6,3,153.6,43900000,0.0011934919349798402,1583.0036498976854,1
6,9,3,95.0,34500000,0.0020567902291903435,2111.2178203237477,1
3,4,3,93.2,19880000,0.0006704149470746204,8755.583892732422,9
7,14,3,91.14,21919999,0.0,6908.371857739092,10
1,6,3,201.8,58320000,0.0015984735487700311,5102.213842566818,1
2,11,3,91.75,29635250,0.002691499980391655,5337.23626028407,10
3,6,3,120.0,56000000,0.0030090220849231385,2724.3619468037755,1
15,23,3,157.0,54431900,0.0008606429687940384,7074.693753651223,6
3,10,3,150.0,105000000,0.0009622054747303848,3564.606901672357,1
6,9,3,62.8,19729999,0.00024131935475818608,4386.753252758496,3
2,9,3,73.04,15585144,0.0,14219.929287195602,13
3,11,3,64.0,19520000,0.0021087170959393367,7984.230239493426,9
24,25,3,108.5,22900000,0.0006845045686329397,12774.579788042094,8
3,5,3,132.0,34000000,0.004144901028444481,8257.974154065805,6
5,24,3,54.9,9195750,0.0,14467.660341501061,9
3,3,3,125.0,160000000,0.0005210845438749699,4572.872694929944,1
3,5,3,64.0,14750000,0.0012224420764158825,2622.2951010860943,4
2,5,3,56.0,13200000,0.0008938353769363651,3969.3661712796365,4
2,8,3,92.32,37081235,0.0027167605928378087,2612.434051709723,1
3,5,3,55.0,12900000,0.002427813108849864,5829.192264390461,9
2,7,3,129.6,61819200,0.000797014911166779,4033.544608364312,1
20,25,3,80.0,17700000,0.0010305748007457599,7824.5342234917325,9
3,9,3,83.1,33500000,0.0010656399662450657,3710.662353264709,1
5,5,3,92.5,21000000,0.0009861289867529913,2933.1396957550633,3
3,9,3,65.7,11999999,0.0009895995096540387,10176.608332565995,15
6,6,3,140.0,79380000,0.0014486231604305111,9303.52686532759,7
1,6,3,192.7,58800000,0.0,5102.213842566818,1
2,9,3,126.7,36900000,0.0,3693.05383697214,1
2,6,3,97.7,36067792,0.0013308960995756572,3715.2002526419874,2
8,11,3,108.5,32500000,0.0007431405362565629,3976.961943658586,2
2,20,3,80.3,20679999,0.0,6973.704459245435,4
3,5,3,138.0,150000000,0.0,5215.1248481145785,1
2,23,3,62.57,11910212,0.0,13776.493199782368,9
5,6,3,86.8,89000000,0.0003451713373519353,1668.9757503066862,1
3,9,3,107.9,43299445,0.0024977195314226856,2853.7814454790096,1
6,21,3,77.6,21000000,0.0005681230017126506,7075.128807314501,10
17,27,3,65.99,12729480,0.0,16176.821458851662,6
5,9,3,103.95,38900000,0.001744416315288738,3876.0941764526733,2
2,7,3,101.4,34476000,0.0019217993387368993,3236.420320870265,1
2,5,3,216.4,207531061,0.0009325712040608985,5530.706153118401,1
9,9,3,108.04,64824000,0.004268622705045566,2559.896809408433,1
2,9,3,82.91,27081759,0.0012671506381348664,2431.4119256350064,4
4,5,3,60.7,7300000,0.001470508905582511,13167.129754468313,15
3,9,3,87.73,28082373,0.0008667257292285963,2749.465268207675,1
24,28,3,94.5,13000000,0.0,20407.835771846836,6
6,12,3,98.1,28449000,0.0011961205477479906,5006.838569585699,9
16,18,3,102.9,21900000,0.0004583585452763669,5990.41003231455,4
2,11,3,97.8,45000000,0.0,5505.659556532029,10
3,9,3,137.0,65000000,0.006388272754761097,4619.6920389545385,1
6,9,3,92.49,42554649,0.0008907437739749439,2750.7766748482773,4
4,4,3,134.0,145000000,0.0012066860393311841,4605.4861024518505,1
5,5,3,79.4,20247000,0.0,27804.626630077706,18
8,16,3,81.4,13850000,0.0,18602.80400523797,13
8,16,3,87.6,15000000,0.0,12603.221057428484,13
2,8,3,122.9,38099000,0.00046367804768863627,3918.5140509483917,1
7,10,3,72.9,9850000,0.0,19494.947498571113,13
3,11,3,128.5,24499000,0.0011072761495428546,7869.055508427589,6
6,6,3,380.0,300000000,0.002371551625486409,1565.0081921104704,2
2,11,3,75.95,23206522,0.0008598427095825661,7328.485835206947,7
7,14,3,141.0,123500000,0.00119437420552889,3298.419048676071,1
5,9,3,93.4,32540560,0.0004969811736658589,3673.0205801863285,1
5,10,3,67.3,14100000,0.002479883452239224,8077.3541964015985,9
7,25,3,92.4,22500000,0.0016430910651802468,12114.690010269025,8
4,7,3,133.8,134000000,0.0014802570944730258,4388.497159005616,1
4,10,3,159.1,59000000,0.0009038990131467546,3461.327499486661,1
2,10,3,86.26,22000699,0.0005857890412959522,7742.194844551407,6
3,10,3,150.0,96000000,0.0009038990131467546,3461.327499486661,1
4,9,3,99.5,27650353,0.0008967610293599994,4118.140588414935,6
3,3,3,94.0,20000000,0.0002860976040085763,6971.951379785221,8
4,10,3,94.12,34824400,0.005233786065658821,3896.0540483730765,7
9,17,3,107.3,17999999,0.0006700946640673417,6772.914947849459,6
6,12,3,82.84,20599823,0.0002443202332049146,11930.967202371161,9
8,16,3,97.2,18700000,0.00039921635783599617,6110.428792856644,8
2,14,3,69.4,17194544,0.0003710789876812801,6270.818078420478,14
5,8,3,143.0,220000000,0.0009622054747303848,3564.606901672357,1
2,12,3,70.3,16932739,0.0003710789876812801,6270.818078420478,14
15,15,3,78.6,24000000,0.000636758317053478,7637.302897299916,15
2,5,3,85.37,19635100,0.0004040844495318558,13073.080330525087,6
2,7,3,120.0,122800000,0.0012779880766050342,2323.5883499707597,2
2,4,3,106.32,19050417,0.0,16840.845053024983,13
5,6,3,73.2,11870000,0.001109517674690694,2814.6408644122066,4
4,15,3,87.6,17484960,0.0,6223.576487337736,4
14,17,3,90.1,14950000,0.0003262740006155037,10934.118875811002,9
11,12,3,84.7,24990000,0.0018694573166237389,7932.389674218336,9
7,7,3,77.1,17500000,0.0003618306093026915,7782.594219307357,7
2,25,3,85.23,18133963,0.0022092997571388586,6516.88336096182,9
7,12,3,62.4,9500000,0.0,10199.250084573587,10
4,5,3,73.4,18490000,0.0,3389.9672899693624,2
18,19,3,78.7,18000000,0.00033053440737267477,9038.971703980545,9
21,25,3,114.0,42000000,0.0012476833255042983,8821.931572579952,9
2,5,3,57.6,8800000,0.0010720877692190608,7857.767500835043,15
9,23,3,157.0,40000000,0.002328641413325417,11967.262951966453,7
14,14,3,87.0,17200000,0.00020059681691511513,11499.844747397026,13
5,12,3,92.28,22050306,0.00026808539679687833,11481.157584312961,9
12,16,3,108.6,23900000,0.0012421994121109277,11568.696843483845,15
1,13,3,94.61,17866888,0.0,12436.029890540683,9
3,5,3,61.7,7500000,0.0,26666.121802153073,13
3,18,3,76.2,19491960,0.0007119083617079709,8999.34609272824,15
9,9,3,59.5,8150000,0.00046086538916715345,10762.03499150009,17
3,5,3,71.1,8750000,0.0,26884.224908048716,11
6,9,3,58.9,9095000,0.0007804161042357974,12076.830361155744,14
3,8,3,84.1,37004000,0.0021384483396120297,3220.8379309852594,1
1,6,3,78.9,15399000,0.001090068756938004,1108.8828668927342,1
5,6,3,71.8,19900000,0.0011693140298161553,2364.5909359888724,1
2,5,3,58.8,9000000,0.0010600339737374827,3522.0316101688754,2
4,4,3,86.2,16600000,0.0021291151547069027,1812.7573511750845,1
2,5,3,74.0,21900000,0.0013752468397937342,2162.961960205769,1
2,12,3,77.4,17956800,0.0006998423123496174,6344.425921978766,10
8,14,3,109.2,26972440,0.0010103654064908573,3457.7773385025757,4
9,9,3,56.7,11350000,0.0009901044999510622,7564.862492216508,7
4,4,3,101.0,21000000,0.0007933170853794225,1482.3530445585773,3
5,10,3,60.0,11800000,0.0006353700094553764,7841.65993471427,6
4,6,3,83.3,15790000,0.0013938672571260967,3777.1740697260348,2
5,7,3,79.54,16956000,0.00032355470739914993,13234.458174633584,9
4,17,3,69.4,14000000,0.003530123508334097,8155.741125716064,9
3,16,3,87.8,18450028,0.0002102812720501199,12640.862380190754,9
3,4,3,67.6,12099900,0.004634755707175822,3450.029785528547,2
2,5,3,85.5,15400559,0.0,19759.46719877943,7
8,15,3,83.3,19039848,0.00048771941965650975,10262.940991710797,7
2,3,3,79.6,18399000,0.001917220397415499,1768.825751239452,4
2,5,3,109.33,18900205,0.0,20859.281613282412,7
3,4,3,58.8,11500000,0.005391561961334386,1445.5183498810193,3
4,5,3,60.07,10860420,0.0,27462.05287734603,16
8,9,3,81.3,12000000,0.0009479995284833572,4119.394471985488,4
3,6,3,86.2,21500000,0.0014726014472038148,2154.9651052132335,1
1,2,3,73.3,9999000,0.0013630975049714537,5541.706755642106,14
10,14,3,66.3,7600000,0.0,28058.41817247743,13
3,5,3,60.0,8600000,0.0036678790513358186,10126.159723191722,17
2,5,3,73.1,11000000,0.0012996413004800504,8698.971222338427,15
4,6,3,138.0,29000000,0.00047221082895853314,3003.621233959665,3
4,6,3,95.3,27000000,0.0011797485373100773,3751.772628642593,2
11,14,3,78.79,23429999,0.0,6908.371857739092,10
1,4,3,71.1,10799000,0.0039853510415032625,3421.658061981525,14
12,23,3,80.59,14842515,0.0,14009.961604137785,9
3,8,3,119.0,55900000,0.0005361729504587366,4492.585264372031,2
3,4,3,81.0,29000000,0.0020418084454677642,1886.1490380321961,4
6,6,3,70.0,18900000,0.000958397308123097,2900.035386594527,4
2,7,3,82.0,26900000,0.005427601511663143,2281.3405927045965,1
8,13,3,90.3,35217000,0.0010429654096151472,3401.5421004811155,1
10,14,3,113.03,29729999,0.0,6908.371857739092,10
5,6,3,72.5,15990000,0.0011303043779460303,3312.6315004465982,2
16,22,3,93.7,17300000,0.0003105085770495327,18748.272323678662,15
5,11,3,83.6,20124032,0.0012618841324962757,11691.385622017355,15
2,5,3,80.0,16250000,0.00038025252503196786,2592.6741362088114,4
6,8,3,128.8,47702078,0.0007796067408117638,3531.0111824615014,1
7,9,3,70.0,11200000,0.00035834489114064166,12269.625259717139,6
1,9,3,60.2,7500000,0.0004685454625751109,12694.88000087161,6
12,12,3,68.0,11000000,0.0005878028107187464,9802.329246048997,9
1,4,3,71.1,12500000,0.0008725808334668061,3565.0074634587177,2
11,15,3,80.9,14000000,0.00048813150720830784,9380.576742160338,14
7,7,3,124.55,44595127,0.001873124201333252,2427.235424631879,4
3,3,3,115.8,21900000,0.0004002240364291047,13438.67772531241,6
4,9,3,78.17,21649999,0.00024131935475818608,4386.753252758496,3
2,17,3,72.0,23900000,0.00039156366874899037,6797.283097041601,4
4,11,3,132.93,42816753,0.002691499980391655,5337.23626028407,10
4,12,3,69.0,16300000,0.0006729899355832038,10990.21126399392,7
13,25,3,72.3,20900000,0.0025080710736670323,8444.724621423089,9
3,8,3,127.5,43135063,0.0007796067408117638,3531.0111824615014,1
3,4,3,116.3,36900000,0.000526371846423398,11673.365672055339,6
3,9,3,87.46,23459999,0.00024131935475818608,4386.753252758496,3
5,6,3,60.5,15000000,0.002858312652379546,2878.3454943103357,2
8,11,3,102.34,34171326,0.002691499980391655,5337.23626028407,10
1,9,3,69.1,9600000,0.0004509882647724565,12388.159975173321,8
5,11,3,112.68,36981576,0.002691499980391655,5337.23626028407,10
6,8,3,83.0,20489000,0.00036792410631883763,6973.704459245435,4
6,7,3,131.63,41743821,0.001873124201333252,2427.235424631879,4
6,6,3,111.0,49000000,0.010750204767296719,1768.851910136862,1
3,8,3,112.3,46940994,0.0027167605928378087,2612.434051709723,1
3,3,3,82.4,34900000,0.00084780710526326,632.8190925221919,2
1,16,3,79.2,10800000,0.002408617866854514,15992.052068228913,15
2,7,3,101.16,30106344,0.001873124201333252,2427.235424631879,4
2,4,3,74.5,10800000,0.0002948412796789651,3585.2872700126095,3
2,10,3,98.9,20763500,0.0015141672056468887,4285.214150520525,14
1,7,3,90.3,9500000,0.0,21414.157874608496,13
3,9,3,60.8,8000000,0.0006013394968851357,12383.600177649056,6
2,5,3,59.4,7790000,0.0,15431.828886607758,13
3,6,3,71.0,26500000,0.00021070337221551312,6653.975509007873,4
7,9,3,77.57,17613135,0.0,14219.929287195602,13
5,6,3,75.0,12500000,0.0020496036137968333,5850.733120403511,7
6,9,3,82.89,23779999,0.00024131935475818608,4386.753252758496,3
7,7,3,65.7,18500000,0.0009439358445065844,10952.948387091872,7
2,11,3,84.5,18987464,0.0012618841324962757,11691.385622017355,15
2,6,3,83.6,17500000,0.00023585946157980248,4229.624403282629,4
2,8,3,95.8,40561921,0.0027167605928378087,2612.434051709723,1
2,4,3,120.6,39999000,0.0006868907405555204,12681.15170089333,6
3,6,3,87.0,40700000,0.001959837483425242,1384.9426969041965,1
4,9,3,81.81,18078811,0.0,14219.929287195602,13
3,10,3,71.3,26737500,0.0010040986056686395,3703.048388699178,1
7,8,3,117.4,44210364,0.0007796067408117638,3531.0111824615014,1
7,8,3,105.0,35900000,0.005291079940110172,3763.9339869255887,3
10,23,3,173.0,55930900,0.0008606429687940384,7074.693753651223,6
4,9,3,77.6,9500000,0.0,27631.71913914591,13
19,24,3,56.5,9661500,0.0,14467.660341501061,9
1,9,3,62.9,9200000,0.0017103796607979658,13084.346550092085,14
3,8,3,97.76,38507664,0.0027167605928378087,2612.434051709723,1
6,6,3,83.6,21300000,0.003464410955170389,2521.2527890298343,2
5,5,3,88.3,21500000,0.0014276858721830263,4865.2768435163325,9
3,10,3,84.4,19327600,0.0015141672056468887,4285.214150520525,14
4,9,3,91.0,36000000,0.0019755165043739155,3090.261360687526,2
2,14,3,75.67,21900000,0.0008034746392808801,5681.23696710578,9
6,8,3,77.3,39650335,0.0007960440990986843,3259.869239767524,1
3,7,3,74.4,15900000,0.0,6246.4706953578825,17
3,8,3,102.4,32695500,0.003090998157781269,2118.369317823293,4
8,15,3,85.0,34900000,0.001140434331557724,5895.844544992677,10
4,9,3,111.9,42758021,0.0008001889571493832,4451.82331868231,1
5,5,3,68.0,13800000,0.0,25628.077700806472,5
4,9,3,97.2,32056560,0.0008667257292285963,2749.465268207675,1
6,15,3,78.4,19750000,0.0006384325311076533,13033.664938533102,7
6,7,3,118.2,63281510,0.0007960440990986843,3259.869239767524,1
3,5,3,57.2,10500000,0.0009315717556024517,9343.755549179756,7
17,26,3,78.2,12521000,0.0003760631047384305,14765.691186827775,18
10,10,3,63.9,29500000,0.0016157344887152705,3009.7722536419164,2
2,10,3,86.4,26242049,0.001809267428977409,5113.850529863661,9
4,6,3,96.0,43900000,0.0009282323379713127,3811.266143545359,1
1,19,3,104.2,18584593,0.0029613724566974193,5322.117772876521,7
1,5,3,60.7,10490000,0.0012127204172367495,2511.8766429111947,4
2,4,3,140.5,48900000,0.0007264658774731214,1818.2659998317272,3
20,25,3,102.0,28500000,0.0003420485299033857,11008.80463856358,9
4,12,3,106.87,29528181,0.0002443202332049146,11930.967202371161,9
5,14,3,67.8,11700000,0.0,11656.434936329731,6
7,26,3,78.7,12592000,0.0003760631047384305,14765.691186827775,18
14,15,3,61.1,12990000,0.0,6223.576487337736,4
9,9,3,82.07,30479680,0.0012671506381348664,2431.4119256350064,4
16,23,3,83.0,26990000,0.0005260903957297435,9229.716397845588,15
11,28,3,77.5,12350000,0.0,15367.043723226609,6
8,10,3,109.9,31471546,0.001809267428977409,5113.850529863661,9
2,4,3,79.0,24490000,0.00029132945755225363,11470.456210744278,9
6,19,3,91.63,20112959,0.0017993629905311522,6347.713167246244,9
3,6,3,80.9,23000000,0.002243352175518837,2895.9066756582533,2
7,16,3,87.37,20206435,0.0019210881944039999,6484.865344790792,9
2,8,3,91.0,51900000,0.0020205996219657793,3072.4086932167406,2
4,8,3,97.5,41600000,0.0008318189699998524,3742.671186754661,1
4,9,3,67.5,9500000,0.0010218122283027233,9685.389161402041,17
10,19,3,106.1,22825738,0.0029613724566974193,5322.117772876521,7
5,10,3,90.4,21500000,0.0,13001.603069870669,13
2,12,3,98.04,24000000,0.0007171105828576463,4511.638648020734,6
4,13,3,103.3,17500000,0.0002361849338670406,14236.924256466316,13
6,12,3,101.22,27967086,0.0002443202332049146,11930.967202371161,9
5,6,3,135.0,52650000,0.001568800105001953,2751.3937810267385,2
17,27,3,70.85,13728507,0.0,16035.092089458927,6
8,9,3,65.0,7890000,0.0,26644.22561919731,16
4,20,3,86.4,22359999,0.0,6973.704459245435,4
5,5,3,76.2,33500000,0.006563692133223108,575.6430035015575,2
2,11,3,55.0,10500000,0.003744460848625713,12096.101166304363,8
11,13,3,82.6,12400000,0.00025173809800906326,8983.496129211706,10
7,8,3,141.2,54500000,0.0010260155889564478,3328.877821306872,2
4,21,3,104.0,25500000,0.0,13711.056488095719,13
2,10,3,68.4,25650000,0.0010040986056686395,3703.048388699178,1
13,21,3,125.0,45000000,0.00046584379195440995,5552.9829342779885,10
4,8,3,112.8,37224000,0.0011682547634245723,3623.5514997016944,1
9,12,3,84.36,21660000,0.0007171105828576463,4511.638648020734,6
5,9,3,86.51,29101108,0.0012671506381348664,2431.4119256350064,4
12,14,3,81.2,22500000,0.00047554290280575466,10229.49510934868,7
3,3,3,142.2,44990000,0.0014918615415743914,2418.8528649664354,4
5,25,3,82.0,18500000,0.0003659678811696782,10803.688415482686,9
8,9,3,100.26,53458632,0.0008907437739749439,2750.7766748482773,4
1,5,3,58.4,7480000,0.003749053806276255,8499.604983283847,14
1,4,3,325.2,164999999,0.0011463100278875343,3806.8096443883423,1
2,6,3,99.9,39900000,0.0015915688720442552,2296.56219874578,1
4,10,3,60.0,10500000,0.0006908918084208524,8256.339399595574,9
6,9,3,107.9,28900907,0.0011254875375892395,4304.738370012683,6
1,2,3,70.0,7980000,0.0,12121.306792241072,10
8,9,3,99.11,54966406,0.00046737261030091064,2750.7766748482773,4
4,17,3,105.9,29900000,0.0026063656085095893,4038.370530408927,4
5,7,3,116.0,30500000,0.0025282016383654836,2867.5413733827654,2
10,12,3,121.0,39963000,0.0011961205477479906,5006.838569585699,9
11,15,3,64.0,10880000,0.00022309481648579755,12227.229304127795,13
10,11,3,110.5,34476000,0.003107656469896099,3715.941138313752,3
2,20,3,86.6,22259999,0.0,6973.704459245435,4
3,5,3,57.7,10100000,0.0,26901.5779915742,16
4,9,3,107.3,28750820,0.0008967610293599994,4118.140588414935,6
3,5,3,91.9,19800000,0.0019707601431364135,3397.7881159015387,2
1,6,3,126.6,49900000,0.0,29556.185667205697,5
4,4,3,114.0,65000000,0.0006355134150924018,1653.9604940455974,3
14,18,3,89.4,25021948,0.0011680118701997276,4958.649701377589,3
7,7,3,161.0,49000000,0.0,35382.75420168514,5
6,8,3,114.5,52555500,0.00046367804768863627,3918.5140509483917,1
8,22,3,100.0,45000000,0.0011602343376933691,2470.1078259976252,6
2,4,3,100.2,49700000,0.0018979374955311427,2812.7720003400755,2
8,12,3,115.3,35759106,0.0014765197881547365,5898.555774381078,10
15,20,3,83.2,26200000,0.00036792410631883763,6973.704459245435,4
3,8,3,77.46,35600000,0.0017169116406143784,3259.869239767524,1
2,12,3,124.8,36965214,0.0014765197881547365,5898.555774381078,10
4,9,3,105.0,39600000,0.0010544613260160182,3599.2432295105223,1
8,8,3,85.9,50251500,0.0008515989764494362,3946.980416098691,1
2,5,3,55.9,8240000,0.0,9793.171324444813,10
6,26,3,165.8,25499000,0.0009125379602749768,4974.065515998596,4
1,8,3,106.7,40332600,0.00046367804768863627,3918.5140509483917,1
1,12,3,69.0,12150000,0.0010607972679619335,7430.288844315297,9
18,18,3,93.6,27032012,0.0011127270923814955,4568.991465194513,3
1,10,3,57.3,10900000,0.0009035587157174974,9856.594269808811,14
10,10,3,165.0,78000000,0.0009089629074740783,3305.9163734200265,1
5,13,3,90.3,45000000,0.00034123352338825226,5505.659556532029,10
5,11,3,109.24,28403000,0.0009271099381053776,9313.397367168938,8
10,14,3,131.0,35000000,0.0009375931682674642,5034.153897648046,4
17,17,3,91.9,48800000,0.000424539959174981,6564.598067306577,4
9,17,3,102.6,21000000,0.0005676303739801776,11187.184973989984,14
11,12,3,105.6,33500000,0.0014765197881547365,5898.555774381078,10
4,12,3,100.0,32000000,0.0005192487310450389,6331.38029142412,6
6,8,3,129.2,44450000,0.001352701330954137,2553.898640326186,4
6,9,3,79.8,29502219,0.00028644279695535005,3777.4871944371807,3
7,10,3,99.3,33300000,0.0015581376427141864,8030.66369512074,15
6,12,3,76.0,18924000,0.0006998423123496174,6344.425921978766,10
13,23,3,109.6,34000000,0.0016973363663086952,5647.262765118621,9
3,18,3,95.3,20489500,0.0,6049.536638927263,4
6,8,3,107.0,45990000,0.0014447101977247514,1512.0975166737685,1
1,5,3,102.2,17300160,0.0,19636.04401128735,7
9,12,3,80.0,9900000,0.0,28638.523700339134,16
6,6,3,137.7,34000000,0.004347984717797535,2413.398331623656,2
8,8,3,117.9,54575910,0.0008494885513084245,3693.05383697214,1
1,16,3,79.4,9990000,0.0002396788325558993,10337.72353179715,10
9,12,3,94.42,17800000,0.0006968665170447936,13065.83739508461,6
4,5,3,54.8,6600000,0.0,27181.78166705918,16
3,5,3,58.3,6890000,0.00030128478108682784,13971.33440220303,17
4,5,3,55.3,6800000,0.0,29188.05063795777,18
4,4,3,55.1,6900000,0.0,10688.353855011666,18
10,15,3,52.0,7090000,0.0006573115029950236,11593.413767134445,6
6,12,3,52.3,7600000,0.000902182738534731,12893.576793831491,8
1,9,3,60.12,8000000,0.0003187959881851978,13759.876013547804,17
6,9,3,57.3,8000000,0.0007841667422480118,11481.519926472718,6
6,9,3,64.0,8200000,0.0002377770880574583,12350.387733744232,13
1,16,3,65.9,8300000,0.00027072133148148655,10296.782833725469,10
3,9,3,60.1,8450000,0.0006680603395243574,8228.27117365028,9
6,9,3,64.6,8700000,0.0003238962057452146,13962.365593053877,17
2,9,3,58.3,8700000,0.0,15489.9971839531,16
8,9,3,65.5,8650000,0.00046483052861142526,12704.449625708348,8
1,9,3,66.7,8800000,0.00021700530895692657,11822.861333262577,13
8,9,3,61.7,8850000,0.0017728540539598918,9635.66642716659,8
8,9,3,59.0,9000000,0.0007016053386867658,10014.504364907069,15
4,9,3,63.0,9000000,0.0008743474894017214,9252.558769200472,15
3,9,3,58.3,9100000,0.0008554642583011341,8582.005437140084,14
1,24,3,50.9,9167090,0.0,14362.465765447467,9
1,17,3,52.9,9241630,0.0,14290.641545382729,9
1,24,3,56.7,9304470,0.0,14467.660341501061,9
2,25,3,65.0,9425000,0.0,6146.635440363442,10
6,9,3,60.8,9400000,0.0007865581322336966,10457.063809848341,15
3,5,3,54.6,9390000,0.002214785004576025,9726.04794118057,15
3,9,3,60.2,9480000,0.0010062150485837017,6411.872174032519,9
6,9,3,62.4,9500000,0.0006952267300477945,13804.63779197094,14
10,24,3,56.3,9599150,0.0,14467.660341501061,9
1,24,3,51.0,9562500,0.0,14416.960207343393,9
2,22,3,64.7,9672650,0.00021535083109416693,12489.10985970657,10
2,9,3,61.6,9700000,0.0006411362665581454,9788.492324241784,14
1,17,3,52.3,9759180,0.0,14138.511883214756,9
1,3,3,69.0,9899000,0.0010616740265150077,6271.835071596017,14
7,22,3,63.9,9936450,0.00021535083109416693,12489.10985970657,10
17,17,3,78.7,9900000,0.0,18617.50441238023,6
1,24,3,55.7,9881180,0.0,14416.960207343393,9
1,6,3,82.3,9876000,0.0,45979.087033098025,5
6,25,3,65.64,10042920,0.0,6146.635440363442,10
3,6,3,83.0,9960000,0.0,45979.087033098025,5
2,6,3,83.9,10068000,0.0,45979.087033098025,5
20,21,3,58.88,10215680,0.0,6146.635440363442,10
1,24,3,53.9,10195185,0.0,14362.465765447467,9
3,9,3,57.5,10250000,0.0005777891806402501,10122.040208743441,14
2,25,3,63.28,10441200,0.0,6146.635440363442,10
9,12,3,63.0,10500000,0.0018218335107916775,12718.188935199414,6
1,6,3,88.9,10668000,0.0,45979.087033098025,5
2,23,3,53.46,10876316,0.0,11795.765473225289,15
4,8,3,83.4,10800000,0.0,27887.840983384453,13
3,6,3,90.5,10860000,0.0,45979.087033098025,5
3,6,3,89.9,10788000,0.0,45979.087033098025,5
8,25,3,63.93,10932030,0.0,6146.635440363442,10
1,6,3,68.4,11000000,0.0,23530.266039332062,18
1,6,3,91.9,11028000,0.0,45979.087033098025,5
3,6,3,93.1,11172000,0.0,45979.087033098025,5
10,12,3,77.2,11194000,0.0,15129.081635349468,18
4,11,3,76.8,11136000,0.00032693710312849974,15274.675709375642,18
2,6,3,94.1,11292000,0.0,45979.087033098025,5
12,12,3,78.0,11310000,0.0,15129.081635349468,18
3,5,3,79.0,11300000,0.0,11540.151875726957,16
23,23,3,54.32,11518713,0.0,11795.765473225289,15
1,23,3,63.3,11564910,0.0,13776.493199782368,9
3,9,3,57.0,11600000,0.0011433290134543817,11644.947277848814,7
2,8,3,72.17,11619370,0.0,26382.5299740703,13
1,23,3,55.8,11721546,0.0,11775.989545988597,15
7,12,3,62.0,11750000,0.0011526548786165577,10563.090021976319,17
9,12,3,81.1,11759500,0.0,15129.081635349468,18
4,11,3,81.1,11759500,0.00032693710312849974,15274.675709375642,18
2,4,3,64.0,11999000,0.0005466821807529535,9643.484691321763,8
1,5,3,60.64,11966160,0.0,27462.05287734603,16
4,5,3,67.6,11900000,0.00550487584603292,5010.646384692039,6
21,23,3,49.59,12137460,0.0,11775.989545988597,15
2,23,3,50.62,12004119,0.0,11775.989545988597,15
6,23,3,53.43,12026833,0.0,11775.989545988597,15
17,25,3,76.4,12000000,0.0011744780400055124,14893.610793136051,6
5,11,3,75.1,12046032,0.00031623926857754725,15374.23822019453,18
17,23,3,54.46,12225760,0.0,11775.989545988597,15
10,23,3,55.0,12200551,0.0,11775.989545988597,15
11,16,3,65.8,12200000,0.00102497212058765,8072.435285473496,9
1,5,3,72.45,12167840,0.0,27462.05287734603,16
2,8,3,77.32,12371200,0.0,26382.5299740703,13
9,10,3,71.1,12350000,0.0007396769818338014,11967.246298761213,17
7,11,3,75.8,12364117,0.00031623926857754725,15374.23822019453,18
14,26,3,78.7,12592000,0.0003760631047384305,14765.691186827775,18
14,26,3,79.0,12500000,0.0016670230602410876,14572.543483286976,6
9,10,3,69.4,12500000,0.0027037219137598196,8410.779236234452,9
2,8,3,79.9,12704100,0.0,26396.73922550963,13
9,27,3,66.93,12871875,0.0,16176.821458851662,6
4,6,3,70.9,12900000,0.0016826263722366564,2267.365082546999,1
3,6,3,108.1,12972000,0.0,45979.087033098025,5
1,27,3,72.06,13086096,0.0,16035.092089458927,6
13,23,3,51.88,13041067,0.0,11775.989545988597,15
5,6,3,108.8,13056000,0.0,45979.087033098025,5
1,5,3,77.0,13250352,0.0,19636.04401128735,7
13,15,3,75.0,13200000,0.0011254615252968049,7731.560110941581,9
1,5,3,81.89,13181049,0.0,27239.260984798948,16
3,27,3,71.63,13285155,0.0004619511990235787,16102.25315573018,6
2,27,3,71.47,13241893,0.0004619511990235787,16102.25315573018,6
2,5,3,74.9,13248900,0.0,27462.05287734603,16
1,14,3,69.9,13398000,0.0006278805922384357,5906.9935077275995,4
9,10,3,60.3,13440359,0.0002674137506171582,11806.833771985788,9
18,27,3,70.64,13674948,0.0,16035.092089458927,6
2,12,3,79.1,13550000,0.0007787287052136041,9352.773319766527,9
16,27,3,70.85,13780650,0.0,16203.143525645313,6
16,17,3,70.77,13727380,0.0,16112.105965589411,6
10,27,3,71.63,13887315,0.0,16203.143525645313,6
5,5,3,82.8,13800000,0.0017868718684570324,3100.7950579411804,2
1,5,3,85.67,13834651,0.0,27239.260984798948,16
12,27,3,71.63,13827099,0.0002601289583126559,16052.536518364846,6
3,8,3,89.97,14080305,0.0,26396.73922550963,13
2,16,3,76.0,13990000,0.0,13961.93615444353,9
7,23,3,86.1,13990000,0.0,14704.260832678387,13
10,14,3,69.0,13990000,0.0010605326958466014,12975.117724978145,14
3,10,3,64.6,14100175,0.00022319627489168087,11806.833771985788,9
16,23,3,80.59,14184675,0.0,13805.204170430852,9
6,8,3,89.14,14173260,0.0,26382.5299740703,13
3,16,3,63.98,14116203,0.000527795398343087,17761.53937559638,15
1,5,3,79.57,14114880,0.0,27351.023161351302,16
19,27,3,101.6,14100000,0.0006068234515454884,15551.601348108907,6
1,25,3,75.9,14200000,0.0004261559476441614,8623.119852509099,9
5,10,3,64.3,14343761,0.0002674137506171582,11806.833771985788,9
2,8,3,90.51,14391090,0.0,26382.5299740703,13
4,6,3,70.3,14300000,0.0018059388372612638,2133.6967865010647,1
9,10,3,63.2,14497797,0.00022319627489168087,11806.833771985788,9
4,5,3,78.84,14470680,0.0,27351.023161351302,16
1,5,3,81.83,14550315,0.0,20640.005498273917,7
4,6,3,80.9,14550000,0.0,19244.170254262895,18
5,7,3,88.7,14700000,0.002624351784222928,4069.8605446309753,2
1,11,3,65.77,14739223,0.0005689793907627884,17516.926398682623,15
5,23,3,80.38,14763600,0.0,14009.961604137785,9
3,5,3,76.11,14854070,0.0,27239.260984798948,16
8,8,3,95.05,14875325,0.0,26396.73922550963,13
3,16,3,67.54,14845812,0.000527795398343087,17761.53937559638,15
21,23,3,80.59,14924745,0.0,14009.961604137785,9
1,7,3,61.11,14873800,0.00032355470739914993,13234.458174633584,9
1,7,3,64.12,14822770,0.00032355470739914993,13234.458174633584,9
3,10,3,67.3,15000000,0.0,6698.984026589944,8
1,11,3,68.69,15074127,0.0005689793907627884,17516.926398682623,15
17,17,3,73.2,14990000,0.0007853839565271505,8748.049911705828,15
5,5,3,78.0,14999000,0.0,28510.422293843665,16
5,5,3,83.51,14968200,0.0,27239.260984798948,16
9,10,3,66.6,15157862,0.0002674137506171582,11806.833771985788,9
5,5,3,73.47,15126804,0.0,27239.260984798948,16
13,17,3,78.8,15400000,0.00044019896086178157,5669.793016305845,8
5,5,3,75.13,15353840,0.0,27239.260984798948,16
9,10,3,67.5,15484198,0.0002674137506171582,11806.833771985788,9
1,5,3,87.3,15450223,0.0,20896.022947741138,7
2,8,3,80.0,15500000,0.0023412583056127627,3042.714149708305,1
1,5,3,87.95,15593340,0.0,27351.023161351302,16
4,25,3,86.0,15500000,0.00031023599675714233,12193.497339250905,17
1,7,3,76.91,15455990,0.00032355470739914993,13234.458174633584,9
7,7,3,81.5,15500000,0.00040467020909968493,2657.8439002455916,3
5,6,3,80.0,15700000,0.001090068756938004,1108.8828668927342,1
5,5,3,86.53,15687840,0.0,27239.260984798948,16
5,5,3,84.06,15789760,0.0,27351.023161351302,16
1,5,3,74.21,15757000,0.0,27351.023161351302,16
4,4,3,90.0,16000000,0.0021368389344238684,3371.6765083045093,2
3,5,3,86.29,16032000,0.0,27351.023161351302,16
2,5,3,86.92,16044000,0.0,27351.023161351302,16
5,5,3,70.04,16224000,0.0,27351.023161351302,16
26,26,3,71.1,16200000,0.0004970289272843527,9100.85393369627,15
3,16,3,80.0,16200000,0.0005525457255335372,9380.576742160338,14
7,7,3,78.1,16500000,0.0016739279889245037,10470.680871388482,15
5,5,3,92.3,16650504,0.0,19636.04401128735,7
4,5,3,83.43,16596120,0.0,27351.023161351302,16
4,9,3,77.5,16792578,0.0,14219.929287195602,13
8,8,3,105.05,16702950,0.0,26382.5299740703,13
5,5,3,85.03,16762900,0.0,27351.023161351302,16
1,15,3,78.1,17100112,0.000555595154706774,8458.800578056811,15
5,5,3,80.95,17159700,0.0,27351.023161351302,16
3,4,3,126.0,17100000,0.0,20916.348801572065,18
1,4,3,96.82,17250274,0.0,16877.695165155063,13
2,18,3,90.55,17204500,0.00037775752067052915,10907.98021799464,15
1,4,3,95.17,17250752,0.0,16840.845053024983,13
16,26,3,68.5,17290000,0.0005744867431188876,9321.417286864686,15
4,5,3,99.4,17400715,0.0,19846.65434323081,7
4,5,3,97.0,17500000,0.0019831565953513496,2805.153357986232,2
10,10,3,71.9,17643514,0.0002674137506171582,11806.833771985788,9
15,15,3,78.8,17643320,0.0,6223.576487337736,4
2,14,3,83.4,17731674,0.0003710789876812801,6270.818078420478,14
12,12,3,69.2,17690841,0.0003710789876812801,6270.818078420478,14
13,14,3,99.8,17600000,0.0,10977.410331010133,9
1,7,3,85.49,17718910,0.00032355470739914993,13234.458174633584,9
1,16,3,85.3,17550022,0.0010856133450389853,12952.816782063383,7
5,17,3,72.45,17822700,0.0002374534952760344,4178.483754247512,4
3,3,3,81.7,17763033,0.0,20631.09824345016,11
15,15,3,79.6,17822440,0.0,6223.576487337736,4
2,17,3,73.02,17846088,0.0002374534952760344,4178.483754247512,4
12,23,3,68.9,17894035,0.00078990446148012,5408.447398582295,8
9,18,3,88.19,17858475,0.00037775752067052915,10907.98021799464,15
9,14,3,74.4,17820288,0.0003710789876812801,6270.818078420478,14
4,10,3,82.6,17800000,0.00042171277492504333,9579.556031984326,8
3,3,3,79.4,18050908,0.0,20631.09824345016,11
9,18,3,89.29,18081225,0.00037775752067052915,10907.98021799464,15
2,12,3,77.5,17980000,0.0006998423123496174,6344.425921978766,10
14,23,3,74.21,18090621,0.0,11775.989545988597,15
21,26,3,80.1,17940000,0.0010305748007457599,7824.5342234917325,9
14,15,3,87.3,17998000,0.00020658913543390256,12419.465900388763,13
3,23,3,103.0,18000000,0.0,11049.88560936587,6
4,5,3,87.9,18000000,0.0,28510.422293843665,16
2,11,3,74.5,18001584,0.0003710789876812801,6270.818078420478,14
2,14,3,77.2,18195654,0.0003710789876812801,6270.818078420478,14
16,24,3,77.93,18263441,0.000677930479723316,16979.104847775117,15
4,4,3,95.98,18250117,0.0,16877.695165155063,13
2,25,3,84.06,18224076,0.0022092997571388586,6516.88336096182,9
15,24,3,106.2,18263966,0.0003614867792325245,10850.093664829052,9
2,13,3,76.3,18237226,0.0003710789876812801,6270.818078420478,14
10,10,3,72.5,18311221,0.0002674137506171582,11806.833771985788,9
5,17,3,75.18,18434136,0.0002374534952760344,4178.483754247512,4
4,25,3,88.44,18380898,0.0022092997571388586,6516.88336096182,9
5,11,3,74.2,18434841,0.0003710789876812801,6270.818078420478,14
2,19,3,85.72,18452287,0.0017993629905311522,6347.713167246244,9
4,12,3,76.0,18620000,0.0006998423123496174,6344.425921978766,10
3,10,3,95.6,18500000,0.000786845290201339,8961.809172040344,9
2,9,3,79.5,18642750,0.0008824509967031884,8105.376344101968,6
2,6,3,77.2,18500000,0.0004612527531380888,3771.539692529592,4
6,7,3,82.5,18500000,0.0004999602572592487,4207.46005109494,4
12,17,3,80.24,18728738,0.0006486698056531499,13618.954530985544,15
19,23,3,68.4,18830758,0.00078990446148012,5408.447398582295,8
2,11,3,79.58,18760587,0.00021049929259648887,17592.016998390987,15
3,16,3,84.62,18770021,0.0019210881944039999,6484.865344790792,9
1,4,3,106.5,18700654,0.0,16840.845053024983,13
12,17,3,74.5,18754941,0.0006486698056531499,13618.954530985544,15
13,25,3,88.72,18796359,0.0022092997571388586,6516.88336096182,9
2,17,3,94.0,18651908,0.0011732176391828707,12916.395003384234,7
2,5,3,109.33,18900205,0.0,20859.281613282412,7
15,24,3,107.1,18985262,0.0003614867792325245,10850.093664829052,9
5,5,3,77.0,19000000,0.005433660418436456,769.6943753148018,2
6,16,3,83.38,19017185,0.0004686530498028614,11221.888632838467,7
13,17,3,77.17,18923030,0.0006486698056531499,13618.954530985544,15
12,25,3,85.65,18994141,0.0022092997571388586,6516.88336096182,9
6,7,3,87.92,19018200,0.00032355470739914993,13234.458174633584,9
4,25,3,81.36,19028547,0.0021572434903891925,6646.457521838213,9
13,17,3,77.86,19184105,0.0006486698056531499,13618.954530985544,15
1,7,3,82.52,19193700,0.00031048007108572175,13063.820367023884,9
5,17,3,93.2,19160988,0.0011732176391828707,12916.395003384234,7
11,25,3,82.19,19388398,0.0021572434903891925,6646.457521838213,9
4,12,3,81.8,19316589,0.001054454208145571,4968.431631777675,7
3,7,3,85.16,19247250,0.00031048007108572175,13063.820367023884,9
2,16,3,86.37,19283794,0.0004686530498028614,11221.888632838467,7
2,19,3,90.23,19265654,0.0017993629905311522,6347.713167246244,9
1,6,3,120.2,19232000,0.0003789417850240388,13578.58566369205,6
19,25,3,78.61,19540805,0.0021572434903891925,6646.457521838213,9
1,8,3,83.8,19444649,0.0012979185985750512,5134.208936751541,7
9,9,3,101.0,19500000,0.00041202996355970783,5644.556592378622,10
15,15,3,91.0,19419400,0.0,6223.576487337736,4
1,19,3,107.3,19535200,0.0029613724566974193,5322.117772876521,7
1,7,3,85.84,19408500,0.00031048007108572175,13063.820367023884,9
15,17,3,80.55,19751847,0.0006486698056531499,13618.954530985544,15
2,16,3,87.37,19644515,0.0019210881944039999,6484.865344790792,9
2,7,3,88.41,19699680,0.00031048007108572175,13063.820367023884,9
3,19,3,86.1,19966590,0.0007119083617079709,8999.34609272824,15
2,19,3,87.2,19872880,0.0007119083617079709,8999.34609272824,15
3,4,3,68.0,19900000,0.0019196711950777233,1975.7388393375797,4
7,8,3,82.0,19990000,0.0031899189877832488,2809.550847707477,3
9,18,3,90.8,19976000,0.0,6049.536638927263,4
9,13,3,83.6,19967692,0.0003710789876812801,6270.818078420478,14
3,24,3,74.1,19990000,0.0010162149754421837,13096.008581471646,7
7,14,3,83.54,19945000,0.0008176959952880961,5581.220399357273,9
1,3,3,88.4,20096981,0.0,20631.09824345016,11
9,19,3,83.7,20163330,0.0007119083617079709,8999.34609272824,15
3,15,3,95.39,20150374,0.0004662450017485733,8354.54618603997,15
1,12,3,93.1,20143141,0.001054454208145571,4968.431631777675,7
9,13,3,85.4,20061484,0.0003710789876812801,6270.818078420478,14
8,19,3,91.63,20112959,0.0017993629905311522,6347.713167246244,9
15,15,3,96.5,20255350,0.0,6223.576487337736,4
2,19,3,106.1,20348124,0.0029613724566974193,5322.117772876521,7
1,4,3,131.4,20370000,0.0,21326.768997328174,5
12,17,3,79.33,20251042,0.0006486698056531499,13618.954530985544,15
2,24,3,101.6,20221368,0.0003420485299033857,11008.80463856358,9
6,10,3,63.8,20416000,0.0021087170959393367,7984.230239493426,9
7,8,3,128.64,20453760,0.0,26382.5299740703,13
5,18,3,94.9,20403500,0.0,6049.536638927263,4
2,8,3,83.8,20430051,0.0010925489234503817,5161.000748658881,7
3,12,3,88.6,20440891,0.001054454208145571,4968.431631777675,7
2,12,3,89.9,20415120,0.001054454208145571,4968.431631777675,7
15,17,3,86.94,20497882,0.0006486698056531499,13618.954530985544,15
2,16,3,87.59,20464131,0.0019210881944039999,6484.865344790792,9
2,24,3,103.5,20500070,0.0003420485299033857,11008.80463856358,9
6,19,3,90.52,20579912,0.0017993629905311522,6347.713167246244,9
8,11,3,92.25,20690000,0.0025480065984244487,3679.5656420975965,2
8,18,3,96.6,20769000,0.0,6049.536638927263,4
5,18,3,96.3,20704500,0.0,6049.536638927263,4
2,8,3,82.5,20706993,0.0010925489234503817,5161.000748658881,7
16,17,3,83.32,20723622,0.0006486698056531499,13618.954530985544,15
3,5,3,87.1,20650000,0.0027713447413186356,2285.566371655869,2
3,5,3,75.0,20790000,0.0027505971963689255,3094.5370758123336,2
5,13,3,87.53,20833000,0.0009271099381053776,9313.397367168938,8
3,11,3,85.43,20931000,0.0009271099381053776,9313.397367168938,8
6,12,3,83.74,20823626,0.0002443202332049146,11930.967202371161,9
2,19,3,96.05,20898237,0.0017993629905311522,6347.713167246244,9
6,12,3,66.0,20800000,0.0008071183745330478,7245.556460348521,7
5,18,3,97.6,20984000,0.0,6049.536638927263,4
3,3,3,84.0,20900000,0.0028215823880915164,2885.993866569622,3
2,16,3,103.2,21150169,0.0002102812720501199,12640.862380190754,9
9,13,3,75.2,21056000,0.0009271099381053776,9313.397367168938,8
2,13,3,87.06,21156000,0.0009271099381053776,9313.397367168938,8
2,8,3,86.3,21143877,0.0010925489234503817,5161.000748658881,7
17,17,3,85.1,21166349,0.0006486698056531499,13618.954530985544,15
1,12,3,85.9,21241953,0.0004796408593601411,4178.483754247512,4
2,25,3,88.54,21137138,0.0021572434903891925,6646.457521838213,9
2,9,3,78.17,21259999,0.00024131935475818608,4386.753252758496,3
14,15,3,88.4,21366280,0.0007119083617079709,8999.34609272824,15
2,4,3,98.1,21360000,0.0,21326.768997328174,5
1,6,3,76.6,21256500,0.0005349043072034245,6648.747781525431,6
5,11,3,89.5,21340000,0.002593286833756486,3684.5654870590233,2
10,10,3,87.7,21335000,0.000312255794540409,3068.5437847284616,4
2,5,3,93.75,21562500,0.0004040844495318558,13073.080330525087,6
2,12,3,97.7,21648146,0.001054454208145571,4968.431631777675,7
2,12,3,94.1,21464163,0.001054454208145571,4968.431631777675,7
6,16,3,99.9,21500000,0.001070749934832082,7300.410944297269,9
3,10,3,94.0,21500000,0.0,13658.096050770504,13
6,19,3,96.86,21660109,0.0017993629905311522,6347.713167246244,9
4,12,3,96.8,21843291,0.001054454208145571,4968.431631777675,7
5,19,3,105.2,21700000,0.0029613724566974193,5322.117772876521,7
15,15,3,90.4,21876800,0.0007119083617079709,8999.34609272824,15
5,12,3,84.36,21800000,0.0007171105828576463,4511.638648020734,6
3,8,3,78.5,21805716,0.0012979185985750512,5134.208936751541,7
2,19,3,109.3,21883945,0.0029613724566974193,5322.117772876521,7
2,13,3,91.31,21915000,0.0009271099381053776,9313.397367168938,8
11,18,3,105.2,22092000,0.0004583585452763669,5990.41003231455,4
8,10,3,91.8,22000000,0.0015141672056468887,4285.214150520525,14
6,18,3,87.7,22000000,0.0021817435364464423,7964.521638936705,9
6,13,3,89.69,22244000,0.0009271099381053776,9313.397367168938,8
7,18,3,100.5,22110000,0.0004583585452763669,5990.41003231455,4
6,18,3,105.5,22155000,0.0004583585452763669,5990.41003231455,4
13,19,3,103.1,22280618,0.0029613724566974193,5322.117772876521,7
4,20,3,85.8,22379999,0.0,6973.704459245435,4
2,13,3,93.12,22349000,0.0009271099381053776,9313.397367168938,8
5,11,3,89.46,22365000,0.0009271099381053776,9313.397367168938,8
8,14,3,94.02,22309999,0.0,6908.371857739092,10
7,25,3,101.1,22500000,0.0009959454432280001,12356.871375408244,6
9,17,3,88.79,22352653,0.0006486698056531499,13618.954530985544,15
15,17,3,90.56,22531047,0.0006486698056531499,13618.954530985544,15
2,12,3,79.6,22482303,0.0004796408593601411,4178.483754247512,4
10,13,3,77.6,22376368,0.0008034746392808801,5681.23696710578,9
3,4,3,90.3,22700000,0.002629835178117037,2293.1677864650114,2
2,12,3,101.4,22703891,0.001054454208145571,4968.431631777675,7
4,5,3,81.2,22900000,0.0013973115196007058,649.2424819407912,2
4,23,3,105.5,22840750,0.0007119083617079709,8999.34609272824,15
2,23,3,107.0,22769600,0.0007119083617079709,8999.34609272824,15
4,12,3,100.1,22819131,0.001054454208145571,4968.431631777675,7
11,12,3,80.7,22915168,0.0003710789876812801,6270.818078420478,14
7,18,3,103.1,23197500,0.0004583585452763669,5990.41003231455,4
9,18,3,110.1,23121000,0.0004583585452763669,5990.41003231455,4
6,18,3,110.5,23205000,0.0004583585452763669,5990.41003231455,4
3,12,3,92.4,23022995,0.001054454208145571,4968.431631777675,7
1,9,3,96.0,23000000,0.0016866879085061482,8374.484273552891,14
8,12,3,82.4,23170880,0.0003710789876812801,6270.818078420478,14
3,9,3,82.94,23369999,0.00024131935475818608,4386.753252758496,3
6,13,3,95.34,23359000,0.0009271099381053776,9313.397367168938,8
12,23,3,103.4,23358060,0.0007119083617079709,8999.34609272824,15
2,9,3,86.38,23379999,0.00024131935475818608,4386.753252758496,3
1,4,3,148.0,23260000,0.0,21326.768997328174,5
5,6,3,80.1,23389200,0.0005349043072034245,6648.747781525431,6
6,6,3,69.0,23400000,0.003464410955170389,2521.2527890298343,2
11,12,3,93.25,23339543,0.00026808539679687833,11481.157584312961,9
14,14,3,84.1,23556410,0.0,6320.613088896074,4
2,10,3,90.45,23500673,0.0005857890412959522,7742.194844551407,6
7,18,3,104.3,23467500,0.0004583585452763669,5990.41003231455,4
11,18,3,112.6,23646000,0.0004583585452763669,5990.41003231455,4
10,17,3,92.4,23587498,0.0006486698056531499,13618.954530985544,15
11,12,3,73.8,23562052,0.0004796408593601411,4178.483754247512,4
1,9,3,81.7,23538587,0.00028644279695535005,3777.4871944371807,3
4,12,3,98.28,23484006,0.00026808539679687833,11481.157584312961,9
15,24,3,88.5,23500000,0.0012268399031110052,11597.24793528142,7
3,18,3,116.6,23903000,0.0004583585452763669,5990.41003231455,4
16,17,3,94.26,23787523,0.0006486698056531499,13618.954530985544,15
10,12,3,84.1,23700000,0.00110078658087968,4316.527937766029,6
3,6,3,102.0,23900000,0.0011230814433174773,3702.240680797618,2
2,14,3,90.03,23859999,0.0,6908.371857739092,10
2,4,3,95.9,24166800,0.0,12709.398031718927,13
2,18,3,120.6,24120000,0.0,6049.536638927263,4
4,14,3,88.92,24199999,0.0,6908.371857739092,10
8,12,3,88.8,24228192,0.0003710789876812801,6270.818078420478,14
2,4,3,119.8,24200000,0.0,21326.768997328174,5
2,4,3,120.7,24200000,0.0,21326.768997328174,5
5,6,3,86.5,24349750,0.0005349043072034245,6648.747781525431,6
7,18,3,105.3,24219000,0.0,6049.536638927263,4
3,18,3,119.0,24395000,0.0,6049.536638927263,4
9,9,3,81.3,24268050,0.0008824509967031884,8105.376344101968,6
2,14,3,92.71,24289999,0.0,6908.371857739092,10
6,13,3,103.7,24629000,0.0008162079842342783,9880.013777271046,6
11,13,3,103.1,24487000,0.0008162079842342783,9880.013777271046,6
4,12,3,102.64,24608967,0.00026804218010236387,11533.389034449223,9
1,9,3,81.7,24444803,0.00028644279695535005,3777.4871944371807,3
1,7,3,89.1,24632051,0.00028644279695535005,3777.4871944371807,3
4,12,3,102.63,24523439,0.00026808539679687833,11481.157584312961,9
2,11,3,77.67,24636147,0.0008598427095825661,7328.485835206947,7
2,8,3,105.5,24566632,0.0,12867.669865201253,13
8,13,3,96.6,24710000,0.0008162079842342783,9880.013777271046,6
12,13,3,104.5,24819000,0.0008162079842342783,9880.013777271046,6
14,19,3,99.1,24875370,0.0029613724566974193,5322.117772876521,7
2,9,3,80.0,24823520,0.00028644279695535005,3777.4871944371807,3
3,12,3,88.1,24748611,0.0003710789876812801,6270.818078420478,14
3,14,3,101.55,24990000,0.0011127270923814955,4568.991465194513,3
3,9,3,91.24,25039999,0.00024131935475818608,4386.753252758496,3
4,8,3,83.3,24990000,0.002690140768944667,4346.676308551857,2
18,18,3,124.5,24900000,0.005021833089504293,10885.691387275287,6
2,9,3,80.0,24928800,0.00028644279695535005,3777.4871944371807,3
2,8,3,95.8,25108222,0.0,12709.398031718927,13
19,22,3,82.0,24900000,0.0013173958821558992,7532.1329390969195,7
6,6,3,78.5,25316250,0.0005349043072034245,6648.747781525431,6
2,4,3,96.7,25335400,0.0,12709.398031718927,13
18,18,3,87.2,25326705,0.0011127270923814955,4568.991465194513,3
15,17,3,96.76,25181361,0.0006486698056531499,13618.954530985544,15
2,7,3,86.7,25329578,0.00028644279695535005,3777.4871944371807,3
6,14,3,92.37,25279999,0.0,6908.371857739092,10
3,8,3,104.5,25377552,0.0,12867.669865201253,13
2,5,3,94.4,25600000,0.0007113218255301446,10437.915641638785,9
6,6,3,87.9,25491000,0.0005349043072034245,6648.747781525431,6
13,17,3,94.71,25599471,0.0006486698056531499,13618.954530985544,15
3,7,3,86.7,25508874,0.00028644279695535005,3777.4871944371807,3
1,7,3,89.1,25486342,0.00028644279695535005,3777.4871944371807,3
5,7,3,79.7,25500000,0.0017028550285202702,3891.8168502096596,2
14,16,3,93.4,25500000,0.0007147405304960619,13313.453548003701,6
3,13,3,107.1,25919000,0.0008162079842342783,9880.013777271046,6
2,4,3,126.9,25650000,0.0,21326.768997328174,5
1,9,3,81.7,25742689,0.00028644279695535005,3777.4871944371807,3
2,6,3,101.0,25800000,0.0014842589891310143,1274.7595936720468,4
9,16,3,98.9,25800000,0.0,14094.442949146545,13
6,9,3,94.0,25950000,0.0021493982375498768,4770.872508462835,6
6,13,3,95.4,25997000,0.0008162079842342783,9880.013777271046,6
6,6,3,83.8,26145600,0.0005349043072034245,6648.747781525431,6
1,9,3,97.5,25973610,0.00028644279695535005,3777.4871944371807,3
2,10,3,107.09,26250222,0.0005857890412959522,7742.194844551407,6
7,10,3,122.5,26400000,0.003219471855109637,10956.909458694836,6
8,12,3,79.1,26409117,0.0004796408593601411,4178.483754247512,4
2,11,3,84.39,26603948,0.0008598427095825661,7328.485835206947,7
3,11,3,104.59,26671000,0.0009271099381053776,9313.397367168938,8
8,13,3,107.5,26607000,0.0008162079842342783,9880.013777271046,6
7,25,3,85.3,26500000,0.001100335066430451,12243.369432305199,7
4,4,3,145.6,26500000,0.0,21326.768997328174,5
1,4,3,105.9,26686800,0.0,12709.398031718927,13
8,9,3,78.3,26658644,0.00028644279695535005,3777.4871944371807,3
1,9,3,97.5,26468520,0.00028644279695535005,3777.4871944371807,3
6,12,3,95.91,26499933,0.0002443202332049146,11930.967202371161,9
1,8,3,105.9,26695272,0.0,12709.398031718927,13
2,17,3,105.35,26600875,0.0016350647387596547,5263.563942306938,6
8,13,3,99.9,26463809,0.0008176959952880961,5581.220399357273,9
6,11,3,85.2,26838000,0.003107656469896099,3715.941138313752,3
10,18,3,127.7,26817000,0.0004583585452763669,5990.41003231455,4
4,11,3,85.26,26878215,0.0008598427095825661,7328.485835206947,7
1,9,3,99.1,26968083,0.00028644279695535005,3777.4871944371807,3
1,9,3,117.0,26700921,0.0011254875375892395,4304.738370012683,6
12,12,3,90.06,26747820,0.00026714932171682066,11593.562182676531,9
5,8,3,96.2,26936000,0.0031899189877832488,2809.550847707477,3
2,8,3,102.8,26941824,0.0,12709.398031718927,13
2,6,3,80.2,26949800,0.0,29304.35660168583,5
5,7,3,86.7,27130684,0.00028644279695535005,3777.4871944371807,3
3,13,3,109.4,27077000,0.0008162079842342783,9880.013777271046,6
1,4,3,179.3,27050000,0.0,21326.768997328174,5
12,12,3,88.5,27061884,0.0004796408593601411,4178.483754247512,4
6,9,3,80.0,27072000,0.00028644279695535005,3777.4871944371807,3
5,8,3,104.3,27126344,0.0,12867.669865201253,13
4,9,3,82.07,27160110,0.0012671506381348664,2431.4119256350064,4
3,12,3,101.22,27511596,0.0002443202332049146,11930.967202371161,9
1,6,3,106.7,27528600,0.0005349043072034245,6648.747781525431,6
8,9,3,79.0,27461348,0.00028644279695535005,3777.4871944371807,3
12,12,3,92.64,27514080,0.00026714932171682066,11593.562182676531,9
2,8,3,97.4,27475566,0.0,12709.398031718927,13
19,27,3,123.1,27360000,0.00037719769964904173,10457.949108494468,9
23,23,3,93.9,27704829,0.0010317245879766614,13235.02215092884,6
7,8,3,83.5,27555000,0.002690140768944667,4346.676308551857,2
3,9,3,105.4,27700068,0.0008967610293599994,4118.140588414935,6
2,9,3,84.99,27710110,0.0012671506381348664,2431.4119256350064,4
23,23,3,99.9,28034208,0.0010317245879766614,13235.02215092884,6
18,18,3,127.4,28028000,0.0004583585452763669,5990.41003231455,4
3,9,3,86.06,27919376,0.0012671506381348664,2431.4119256350064,4
8,9,3,99.2,28050883,0.0008967610293599994,4118.140588414935,6
12,12,3,94.57,28087290,0.00026714932171682066,11593.562182676531,9
2,8,3,98.9,28052856,0.0,12867.669865201253,13
5,11,3,108.62,28242000,0.0009271099381053776,9313.397367168938,8
8,9,3,99.8,28250186,0.0011254875375892395,4304.738370012683,6
4,9,3,84.2,28343365,0.0012671506381348664,2431.4119256350064,4
14,14,3,103.2,28627680,0.0,6320.613088896074,4
2,10,3,95.0,28364888,0.001809267428977409,5113.850529863661,9
3,9,3,114.4,28600228,0.0008967610293599994,4118.140588414935,6
2,11,3,95.8,28435356,0.0008598427095825661,7328.485835206947,7
3,5,3,96.31,28893000,0.0,26192.15240244402,5
9,13,3,109.5,28744000,0.0008162079842342783,9880.013777271046,6
11,12,3,90.1,28832000,0.0011961205477479906,5006.838569585699,9
2,4,3,101.9,28735800,0.0,12709.398031718927,13
8,12,3,86.8,28795000,0.0011961205477479906,5006.838569585699,9
4,9,3,110.8,28697200,0.0008824509967031884,8105.376344101968,6
12,12,3,93.28,28711584,0.0002443202332049146,11930.967202371161,9
2,8,3,102.1,28800368,0.0,12709.398031718927,13
3,9,3,87.1,28848816,0.0012671506381348664,2431.4119256350064,4
5,6,3,92.8,29139200,0.0005349043072034245,6648.747781525431,6
3,12,3,106.87,29047266,0.0002443202332049146,11930.967202371161,9
11,12,3,83.0,29050000,0.0011961205477479906,5006.838569585699,9
2,9,3,118.7,29437600,0.0008824509967031884,8105.376344101968,6
1,4,3,199.9,29350000,0.0,21326.768997328174,5
1,4,3,200.7,29350000,0.0,21326.768997328174,5
5,10,3,109.6,29301869,0.001809267428977409,5113.850529863661,9
4,10,3,109.4,29428007,0.001809267428977409,5113.850529863661,9
8,9,3,79.0,29317848,0.00028644279695535005,3777.4871944371807,3
10,12,3,94.7,29357000,0.0011961205477479906,5006.838569585699,9
10,11,3,103.03,29363550,0.0008071183745330478,7245.556460348521,7
8,14,3,113.03,29519999,0.0,6908.371857739092,10
2,6,3,87.73,29439170,0.0,29304.35660168583,5
2,11,3,91.68,29722656,0.002691499980391655,5337.23626028407,10
6,6,3,94.5,29607795,0.0005349043072034245,6648.747781525431,6
5,9,3,112.3,29647200,0.0008824509967031884,8105.376344101968,6
12,12,3,101.18,29595151,0.00026808539679687833,11481.157584312961,9
1,9,3,98.46,29606922,0.0008667257292285963,2749.465268207675,1
22,23,3,102.1,30052073,0.0010317245879766614,13235.02215092884,6
12,12,3,90.8,29964000,0.0011961205477479906,5006.838569585699,9
3,9,3,115.7,29850947,0.0008967610293599994,4118.140588414935,6
7,8,3,111.3,30000000,0.0009295203598952378,2946.36344489579,4
1,6,3,117.3,29970150,0.0005349043072034245,6648.747781525431,6
2,10,3,101.9,29839229,0.001809267428977409,5113.850529863661,9
8,9,3,78.3,29911852,0.00028644279695535005,3777.4871944371807,3
4,8,3,97.9,29898820,0.0,12867.669865201253,13
2,9,3,89.63,29994680,0.0008667257292285963,2749.465268207675,1
2,11,3,105.72,30130200,0.0008598427095825661,7328.485835206947,7
2,9,3,92.11,30377878,0.0008667257292285963,2749.465268207675,1
2,9,3,90.63,30329330,0.0008667257292285963,2749.465268207675,1
10,12,3,87.0,30450000,0.0011961205477479906,5006.838569585699,9
10,10,3,98.0,30664872,0.001809267428977409,5113.850529863661,9
1,9,3,97.5,30611100,0.00028644279695535005,3777.4871944371807,3
2,9,3,111.6,30700490,0.0008967610293599994,4118.140588414935,6
7,11,3,107.72,30700200,0.0008598427095825661,7328.485835206947,7
11,11,3,106.96,30483600,0.0008598427095825661,7328.485835206947,7
3,5,3,86.1,30500000,0.006967960043910951,2639.526957808615,2
3,5,3,76.77,31008938,0.0,26192.15240244402,5
6,9,3,114.3,30861000,0.0008824509967031884,8105.376344101968,6
4,10,3,91.8,30915248,0.0008758100456837509,4444.159814164203,9
1,7,3,89.1,31005730,0.00028644279695535005,3777.4871944371807,3
1,9,3,102.29,30758603,0.0008667257292285963,2749.465268207675,1
2,9,3,93.51,30839598,0.0008667257292285963,2749.465268207675,1
6,9,3,86.37,30998193,0.0008667257292285963,2749.465268207675,1
13,13,3,100.3,31344000,0.0008162079842342783,9880.013777271046,6
4,4,3,194.0,31300000,0.0,21326.768997328174,5
8,9,3,115.8,31050264,0.0011254875375892395,4304.738370012683,6
4,9,3,89.43,31228956,0.0008667257292285963,2749.465268207675,1
12,13,3,100.5,31407000,0.0008162079842342783,9880.013777271046,6
19,20,3,96.2,31509999,0.0,6973.704459245435,4
10,11,3,99.43,31538202,0.0008598427095825661,7328.485835206947,7
7,11,3,92.57,31895480,0.002691499980391655,5337.23626028407,10
4,4,3,189.5,31900000,0.0,21326.768997328174,5
1,4,3,108.6,31711200,0.0,12709.398031718927,13
8,16,3,113.8,31896342,0.00992381616594971,3970.4491865509517,3
11,26,3,143.0,31990000,0.0010082161762881604,9337.010424418419,6
12,12,3,103.71,31735260,0.00026808539679687833,11481.157584312961,9
12,12,3,105.21,31720815,0.00026804218010236387,11533.389034449223,9
1,8,3,108.6,31719888,0.0,12709.398031718927,13
2,9,3,96.12,31700376,0.0008667257292285963,2749.465268207675,1
1,9,3,105.55,31738885,0.0008667257292285963,2749.465268207675,1
1,9,3,105.42,31699794,0.0008667257292285963,2749.465268207675,1
10,14,3,92.0,31900000,0.0004852665188459701,3703.327704703221,4
6,10,3,94.9,32247742,0.0008758100456837509,4444.159814164203,9
12,12,3,106.29,32046435,0.00026804218010236387,11533.389034449223,9
2,8,3,112.6,32042992,0.0,12867.669865201253,13
4,4,3,101.3,32618600,0.0,12709.398031718927,13
4,12,3,118.0,32312500,0.0011961205477479906,5006.838569585699,9
12,12,3,106.31,32530860,0.00026808539679687833,11481.157584312961,9
2,11,3,118.97,32478810,0.005560196517484369,5562.690188221356,7
6,11,3,102.34,32902500,0.002691499980391655,5337.23626028407,10
1,5,3,93.73,32732625,0.0,26192.15240244402,5
3,10,3,108.1,32705436,0.001809267428977409,5113.850529863661,9
12,12,3,108.81,32806215,0.00026804218010236387,11533.389034449223,9
1,4,3,130.8,32961600,0.0,12709.398031718927,13
6,10,3,84.1,33486543,0.0008758100456837509,4444.159814164203,9
12,12,3,108.99,33547122,0.0002443202332049146,11930.967202371161,9
1,7,3,99.6,33864000,0.0019217993387368993,3236.420320870265,1
2,9,3,112.8,33727200,0.0004969811736658589,3673.0205801863285,1
4,9,3,74.99,33745500,0.003556913949613382,1432.9172232560145,1
4,16,3,127.1,33733859,0.003450008380711524,3954.0878849097885,3
12,12,3,109.83,33607980,0.00026808539679687833,11481.157584312961,9
1,7,3,100.6,34204000,0.0019217993387368993,3236.420320870265,1
5,16,3,127.5,34110860,0.003450008380711524,3954.0878849097885,3
1,8,3,96.8,34066425,0.0007796067408117638,3531.0111824615014,1
5,7,3,93.6,34631991,0.0005812649649151012,3236.420320870265,1
9,11,3,116.31,34523134,0.0008598427095825661,7328.485835206947,7
4,11,3,126.38,34501740,0.005560196517484369,5562.690188221356,7
2,8,3,77.2,34836036,0.0017169116406143784,3259.869239767524,1
3,10,3,94.12,34824400,0.005233786065658821,3896.0540483730765,7
9,10,3,97.1,34846342,0.001809267428977409,5113.850529863661,9
2,9,3,142.9,34867600,0.0008824509967031884,8105.376344101968,6
2,9,3,113.2,35103320,0.0005839236475528783,3372.3078697533624,1
2,9,3,144.2,35184800,0.0008824509967031884,8105.376344101968,6
12,12,3,117.23,35344845,0.00026804218010236387,11533.389034449223,9
3,7,3,101.5,35525000,0.0007731067265926452,3236.420320870265,1
10,12,3,113.0,36000000,0.0011961205477479906,5006.838569585699,9
8,10,3,89.63,35852000,0.005233786065658821,3896.0540483730765,7
12,12,3,117.26,35881560,0.00026808539679687833,11481.157584312961,9
2,9,3,109.9,36376900,0.0008494885513084245,3693.05383697214,1
2,11,3,113.62,36119798,0.002691499980391655,5337.23626028407,10
7,9,3,118.7,36797000,0.0008494885513084245,3693.05383697214,1
4,11,3,109.63,36638346,0.002691499980391655,5337.23626028407,10
4,8,3,76.1,36900694,0.0017169116406143784,3259.869239767524,1
1,9,3,140.7,37004100,0.0005839236475528783,3372.3078697533624,1
2,5,3,86.03,36921065,0.0,26192.15240244402,5
8,9,3,109.3,37200000,0.0019684453787024154,3340.968492819099,6
1,5,3,104.87,37505445,0.0,26192.15240244402,5
2,8,3,93.21,37545375,0.0027167605928378087,2612.434051709723,1
3,7,3,85.8,37754247,0.0017169116406143784,3259.869239767524,1
2,9,3,108.8,37851520,0.0004969811736658589,3673.0205801863285,1
6,6,3,116.7,38000000,0.002127706718808685,2446.5549135771976,2
2,9,3,108.92,38259999,0.00024131935475818608,4386.753252758496,3
1,8,3,106.3,38268000,0.00046367804768863627,3918.5140509483917,1
9,10,3,88.84,38201200,0.005233786065658821,3896.0540483730765,7
6,9,3,101.1,38377560,0.0005839236475528783,3372.3078697533624,1
2,9,3,147.1,38334260,0.0005839236475528783,3372.3078697533624,1
3,8,3,110.4,38353197,0.0007796067408117638,3531.0111824615014,1
2,9,3,103.6,38435288,0.0010544613260160182,3599.2432295105223,1
3,16,3,144.6,38547396,0.003450008380711524,3954.0878849097885,3
11,12,3,110.0,38430000,0.0011961205477479906,5006.838569585699,9
2,7,3,124.02,38569227,0.001873124201333252,2427.235424631879,4
4,7,3,84.9,38786811,0.0017169116406143784,3259.869239767524,1
8,9,3,105.29,39000000,0.0019684453787024154,3340.968492819099,6
7,11,3,103.88,38937600,0.002691499980391655,5337.23626028407,10
4,8,3,88.04,38787523,0.0027167605928378087,2612.434051709723,1
6,9,3,106.86,38870325,0.0008667257292285963,2749.465268207675,1
7,10,3,97.07,38828000,0.005233786065658821,3896.0540483730765,7
2,9,3,151.0,39229800,0.0005839236475528783,3372.3078697533624,1
2,9,3,121.0,39385500,0.0004969811736658589,3673.0205801863285,1
5,9,3,67.67,39079425,0.003556913949613382,1432.9172232560145,1
4,8,3,88.83,39055320,0.0027167605928378087,2612.434051709723,1
7,8,3,103.7,39342526,0.0007796067408117638,3531.0111824615014,1
2,9,3,116.5,39813749,0.0008001889571493832,4451.82331868231,1
8,9,3,100.3,39839160,0.0005839236475528783,3372.3078697533624,1
6,8,3,107.0,39590000,0.000797014911166779,4033.544608364312,1
7,11,3,108.83,39853546,0.002691499980391655,5337.23626028407,10
4,8,3,121.2,40359600,0.0008494885513084245,3693.05383697214,1
3,9,3,155.9,40705490,0.0005839236475528783,3372.3078697533624,1
2,6,3,132.0,41000000,0.0014871364019534048,3335.402717852028,1
2,10,3,127.56,40819200,0.005233786065658821,3896.0540483730765,7
8,9,3,109.89,40954904,0.0012671506381348664,2431.4119256350064,4
6,9,3,112.5,41062500,0.0008494885513084245,3693.05383697214,1
7,9,3,120.36,43197204,0.0008667257292285963,2749.465268207675,1
5,8,4,120.0,39900000,0.0008494885513084245,3693.05383697214,1
5,8,4,120.0,39900000,0.0008494885513084245,3693.05383697214,1
7,9,4,168.96,60639744,0.0008667257292285963,2749.465268207675,1
7,9,4,168.96,60639744,0.0008667257292285963,2749.465268207675,1
7,9,4,141.0,83500000,0.0020205996219657793,3072.4086932167406,2
3,7,4,131.63,40936415,0.001873124201333252,2427.235424631879,4
4,4,4,135.0,165000000,0.0,1772.9243496356016,2
4,4,4,135.0,165000000,0.0008518089698951117,1772.9243496356016,2
2,4,4,443.0,400000000,0.0,4605.4861024518505,1
5,8,4,212.3,101990000,0.0,3757.2182489329252,1
2,8,4,99.72,50358600,0.0027167605928378087,2612.434051709723,1
4,6,4,127.6,67000000,0.0013032808098129304,2435.2987978062,1
2,7,4,129.7,61866900,0.000797014911166779,4033.544608364312,1
7,7,4,222.0,104900000,0.0,3383.648793290104,1
6,6,4,140.7,78510600,0.0014486231604305111,9303.52686532759,7
6,6,4,200.0,275000000,0.0,1668.9757503066862,1
19,20,4,106.6,31679999,0.0,6973.704459245435,4
3,3,4,122.7,22000000,0.0,2224.308862616537,5
4,5,4,93.2,18700000,0.0022249576296002205,3486.8074783134507,3
3,23,4,108.2,19208081,0.0,13695.060398941205,9
9,11,4,248.0,300000000,0.0005499837701337888,3461.327499486661,1
7,8,4,120.7,88256202,0.0017169116406143784,3259.869239767524,1
5,6,4,170.0,85000000,0.0,3677.7575208208427,2
9,9,4,189.2,87852239,0.0024977195314226856,2853.7814454790096,1
7,7,4,133.7,60200000,0.0,2511.1923625889776,2
3,27,4,112.2,18299820,0.0,16294.364783025174,6
9,9,4,153.0,92500000,0.0,3673.0205801863285,1
2,5,4,190.5,140000000,0.0,4313.2736344603445,1
8,9,4,109.71,40976685,0.0012671506381348664,2431.4119256350064,4
1,5,4,178.5,105000000,0.0,4605.4861024518505,1
7,9,4,168.96,60639744,0.0008667257292285963,2749.465268207675,1
7,9,4,168.96,60639744,0.0008667257292285963,2749.465268207675,1
3,4,4,280.0,392000000,0.0,1772.9243496356016,2
5,12,4,122.0,37149000,0.0011961205477479906,5006.838569585699,9
4,8,4,228.13,200000000,0.0009622054747303848,3564.606901672357,1
4,8,4,204.0,83950000,0.0,3693.05383697214,1
4,8,4,118.1,37792000,0.00046367804768863627,3918.5140509483917,1
16,16,4,260.0,100000000,0.0,3305.9163734200265,1
2,10,4,112.6,26855100,0.0009110784384702303,7802.482307922911,6
4,4,4,310.0,116900000,0.0024111341452982995,4219.593856325788,1
2,11,4,142.64,39939200,0.0008598427095825661,7328.485835206947,7
1,6,4,78.1,18490000,0.002728450431516803,2199.2145866720034,3
2,9,4,146.8,38217912,0.0005839236475528783,3372.3078697533624,1
3,4,4,152.9,38900000,0.001175975720736092,1382.1005721203203,3
4,4,4,129.7,140000000,0.0012066860393311841,4605.4861024518505,1
2,9,4,142.1,142000000,0.0010960334586016364,3229.846786518408,1
2,7,4,100.34,32130000,0.0017541423339332972,3391.171221789887,3
3,6,4,130.0,39990000,0.0012883349715514221,1633.7570685649555,3
7,18,4,93.1,14200000,0.0006000159099681303,12873.016661490987,10
15,25,4,115.31,27489801,0.0022092997571388586,6516.88336096182,9
3,5,4,90.0,17300000,0.0030004322468262417,2072.2368205204225,2
13,14,4,107.7,23780160,0.0,6320.613088896074,4
3,7,4,238.0,118000000,0.0,4451.82331868231,1
7,23,4,160.3,41000000,0.002328641413325417,11967.262951966453,7
3,4,4,102.7,13900000,0.0,21119.172207274765,5
3,8,4,204.67,98241600,0.0021384483396120297,3220.8379309852594,1
3,15,4,106.0,25000000,0.0011286642976248225,7650.268229145627,7
5,20,4,114.7,29700000,0.00036792410631883763,6973.704459245435,4
4,5,4,134.0,20494000,0.0,28103.05730671425,18
6,7,4,145.5,39800000,0.001623739973775394,1209.443565839567,1
2,7,4,138.13,41172864,0.001873124201333252,2427.235424631879,4
1,10,4,90.0,11900000,0.0008238633991424778,11297.336591085666,15
13,14,4,139.0,31800000,0.0007636654406046186,6711.794376955849,9
3,7,4,187.0,89900000,0.001623739973775394,1209.443565839567,1
5,8,4,96.7,51665843,0.0027167605928378087,2612.434051709723,1
3,5,4,88.5,11200000,0.0028068056496199853,4819.961990699325,6
7,9,4,142.5,63012570,0.0008001889571493832,4451.82331868231,1
3,4,4,97.4,18500000,0.0026283880642138943,1722.1251753662798,4
5,7,4,192.1,69710886,0.0008001889571493832,4451.82331868231,1
3,6,4,84.3,16950000,0.0018045864626633355,2040.566910480497,1
3,10,4,111.9,27695250,0.0009920364536725808,7753.977042357422,6
5,5,4,91.6,10900000,0.0032005554384048414,4871.885698573055,6
4,10,4,129.1,41701307,0.001809267428977409,5113.850529863661,9
4,4,4,237.7,55000000,0.00068595586922675,5694.998931695449,4
6,10,4,112.1,28753650,0.0009110784384702303,7802.482307922911,6
4,5,4,133.7,27500000,0.002233397087885773,2084.148264404248,1
3,4,4,182.0,69000000,0.0,13108.90338790202,13
6,27,4,112.5,20175863,0.0,16294.364783025174,6
3,4,4,153.5,70000000,0.0013366012017639632,3326.1564973145237,2
4,4,4,254.7,195000000,0.0011463100278875343,3806.8096443883423,1
7,9,4,75.7,11000000,0.002004792485635211,9158.661830291823,14
7,9,4,112.25,41622300,0.0012671506381348664,2431.4119256350064,4
4,5,4,157.0,59000000,0.002109826621031468,1679.6648239030012,3
17,19,4,135.0,49900000,0.001706535539347832,4477.493214967072,7
8,9,4,112.6,36000000,0.0008967610293599994,4118.140588414935,6
15,25,4,117.87,27874981,0.0022092997571388586,6516.88336096182,9
2,2,4,121.0,34000000,0.0009295203598952378,2946.36344489579,4
3,8,4,163.1,92106484,0.0007960440990986843,3259.869239767524,1
4,4,4,240.5,79990000,0.0011982207214361372,1666.1884679454117,2
7,9,4,154.38,67386870,0.0008667257292285963,2749.465268207675,1
2,7,4,105.9,26500000,0.0010818465082909085,3730.2895603360657,2
4,7,4,141.3,37500000,0.014129554220281185,2854.875055239142,1
6,21,4,112.8,23500000,0.0014953938442555752,12268.078809106364,6
3,7,4,159.3,66289509,0.0017629605680533039,2480.8356667947337,4
7,22,4,91.5,32500000,0.0,12860.458373976677,13
11,11,4,144.75,40530000,0.0008598427095825661,7328.485835206947,7
7,7,4,157.0,46000000,0.0008193502757974854,3744.0062827297556,2
8,17,4,104.4,48450000,0.0011497423066221203,4614.727033263814,9
3,18,4,128.3,25660000,0.0,6049.536638927263,4
2,3,4,81.3,10990000,0.0010585568585860133,6963.531230716736,10
8,10,4,82.9,19580238,0.0002674137506171582,11806.833771985788,9
2,4,4,96.0,31490000,0.0011363528152592167,1770.7763714468579,2
8,10,4,240.0,74000000,0.0007143460929466075,2756.5880768986144,1
1,18,4,132.8,32098800,0.0015581376427141864,8030.66369512074,15
7,14,4,108.0,15500000,0.00036085417847113254,14979.44083142981,18
3,3,4,105.5,22023119,0.0,20631.09824345016,11
16,23,4,98.0,22300000,0.0,11913.320766152678,13
23,23,4,159.4,51000000,0.002328641413325417,11967.262951966453,7
19,20,4,99.8,16000000,0.00021763912965382998,11247.722522119675,13
6,9,4,197.8,83076000,0.0004969811736658589,3673.0205801863285,1
2,8,4,90.0,20650000,0.00066554959006603,4911.141740806739,17
7,8,4,168.62,111289200,0.0021384483396120297,3220.8379309852594,1
16,25,4,120.0,26480000,0.0012828087047868054,11401.95145148139,8
13,13,4,144.3,45094000,0.0008162079842342783,9880.013777271046,6
3,5,4,182.6,79990000,0.002098811869411429,2378.92887306118,1
13,14,4,168.8,53647880,0.0010167035462024957,5836.44503935723,10
14,14,4,147.7,29300000,0.0007062307819611445,10277.538136304805,6
6,8,4,153.0,85000000,0.0020205996219657793,3072.4086932167406,2
3,4,4,142.2,50000080,0.0,12709.398031718927,13
2,9,4,73.8,9500000,0.0,27394.326575948682,16
4,7,4,119.0,22000000,0.001366329663720619,2158.7980985980334,4
3,4,4,137.8,31700000,0.001606267773465668,2568.2560358413734,3
9,15,4,112.0,38200000,0.001469596306167666,8674.658092209736,9
2,4,4,108.5,43500000,0.0007933170853794225,1482.3530445585773,3
3,3,4,166.0,35000000,0.0,28477.432773759156,18
24,24,4,216.0,65000000,0.0013472266157002692,11719.144620524665,7
4,4,4,117.4,20990000,0.0016585658507369122,2062.7957895194813,1
8,9,4,172.6,68633066,0.0008001889571493832,4451.82331868231,1
3,6,4,150.0,48800000,0.0016513590781212144,7541.420482237377,7
17,18,4,141.1,29900000,0.0018780060274468094,8138.651644059545,9
9,12,4,122.0,38398500,0.0011961205477479906,5006.838569585699,9
7,7,4,173.6,96000000,0.0011464578966014802,3570.4667329067024,1
8,9,4,135.9,61138067,0.0008001889571493832,4451.82331868231,1
4,8,4,157.2,75000000,0.0011146908616350999,8749.244220156093,9
7,9,4,135.1,54621680,0.0008001889571493832,4451.82331868231,1
2,3,4,220.0,55000000,0.0,26378.17229423129,5
2,17,4,104.0,22700000,0.004239776687669652,8730.84551401748,15
5,6,4,141.8,58000000,0.002313366751424041,1492.0038334177123,4
18,18,4,156.9,85000000,0.0015581376427141864,8030.66369512074,15
14,23,4,77.1,17968855,0.0,11775.989545988597,15
5,6,4,110.0,75000000,0.0023067114649227356,3212.9092587157047,1
6,6,4,133.0,94000000,0.0017405304951443581,825.3214046695211,2
2,9,4,179.4,110000000,0.006388272754761097,4619.6920389545385,1
4,7,4,125.15,51679240,0.0012135110455428345,3227.854346727955,1
9,14,4,120.6,39000000,0.002431996948750897,4194.952239042572,7
7,9,4,171.4,66897627,0.0008001889571493832,4451.82331868231,1
14,14,4,207.0,64900000,0.002091916776597476,5249.6660487092,10
4,7,4,140.3,55519771,0.0008001889571493832,4451.82331868231,1
1,9,4,110.0,14500000,0.0,12090.802195200155,13
4,5,4,212.0,251600557,0.0009325712040608985,5530.706153118401,1
2,9,4,180.0,125000000,0.006388272754761097,4619.6920389545385,1
3,6,4,88.1,25108500,0.0005349043072034245,6648.747781525431,6
2,4,4,443.0,400000000,0.0012066860393311841,4605.4861024518505,1
5,10,4,170.0,220000000,0.0009622054747303848,3564.606901672357,1
8,9,4,167.9,70598152,0.0008001889571493832,4451.82331868231,1
3,10,4,118.1,37790000,0.00046367804768863627,3918.5140509483917,1
9,9,4,171.7,70375965,0.0008001889571493832,4451.82331868231,1
6,8,4,180.0,89000000,0.012322870052150468,4439.673837499486,1
16,16,4,262.2,100000000,0.0,3305.9163734200265,1
3,4,4,280.0,392000000,0.00088465762655686,1786.3094131979217,2
2,7,4,219.5,70391933,0.0008001889571493832,4451.82331868231,1
4,4,4,254.7,195000000,0.0,3806.8096443883423,1
6,17,4,128.12,32350300,0.0016350647387596547,5263.563942306938,6
5,8,4,264.5,185000000,0.001438078532214325,3854.7636125616514,1
11,11,4,102.7,31323500,0.0008071183745330478,7245.556460348521,7
14,14,4,82.53,24750000,0.0,6320.613088896074,4
6,6,4,91.9,27432150,0.0005349043072034245,6648.747781525431,6
3,6,4,123.9,17700000,0.001743605841270992,3204.913595806397,2
4,9,4,143.5,51980755,0.0008001889571493832,4451.82331868231,1
1,5,4,60.01,7100000,0.0010321248462203997,9692.398934032826,14
3,5,4,114.9,34000000,0.0032177036242513296,2043.5243784251234,4
2,7,4,190.0,80938900,0.0008001889571493832,4451.82331868231,1
1,6,4,78.8,13790000,0.0,27957.191210343335,18
1,4,4,149.4,42130800,0.0,12709.398031718927,13
3,3,4,250.0,55000000,0.0007588219431107562,10457.209121660106,9
7,10,4,88.1,20206445,0.00022319627489168087,11806.833771985788,9
2,4,4,190.0,129500000,0.0014542841284174528,5166.073569124194,1
2,3,4,176.9,45000000,0.0009295203598952378,2946.36344489579,4
3,12,4,83.0,17790000,0.0011200269578341743,5482.883884280096,9
4,6,4,97.3,15900000,0.00284018486000981,3082.1115029507364,3
1,6,4,122.8,32000000,0.0018059740330128656,2696.285403580366,1
6,7,4,180.6,122638526,0.0008001889571493832,4451.82331868231,1
2,5,4,93.4,19400000,0.0007309522002633685,1821.0188115711617,3
4,7,4,190.2,76103775,0.0017629605680533039,2480.8356667947337,4
4,6,4,110.1,17700000,0.0,1697.1041330383612,2
3,4,4,135.4,47660800,0.0,12709.398031718927,13
7,9,4,89.5,14700000,0.0007810503462005864,2820.8880620640157,4
8,18,4,128.6,25720000,0.0,6049.536638927263,4
7,16,4,135.0,23000000,0.0007015610074207118,7226.101809298409,8
1,3,4,116.8,22557811,0.0,20631.09824345016,11
4,6,4,126.5,21505000,0.0014869054074556907,3570.3254193817243,2
16,16,4,111.4,24800000,0.0009263985113036023,10977.326651250305,8
3,5,4,59.0,8700000,0.0008855515269790638,10926.80784116965,7
4,14,4,79.4,9500000,0.00020277596298106035,8400.570673532635,10
3,3,4,105.1,21939619,0.0,20631.09824345016,11
3,8,4,177.7,56000000,0.0010501647739671652,3052.892427903922,2
4,23,4,75.64,16823125,0.0,11775.989545988597,15
2,4,4,125.0,33500000,0.0013609860406749463,3494.5422969165497,2
9,9,4,150.5,66776850,0.0008494885513084245,3693.05383697214,1
16,16,4,132.5,26500000,0.00074352545145373,5121.529396572815,4
1,18,4,151.1,35475660,0.0015581376427141864,8030.66369512074,15
6,7,4,240.0,65000000,0.0015360956338807583,3383.648793290104,1
3,3,4,225.3,157710000,0.0007304038142401565,4051.3253785513693,1
5,5,4,104.3,19000000,0.0012842685372511375,3538.4547766245664,2
2,3,4,257.6,218960000,0.0007304038142401565,4051.3253785513693,1
6,8,4,130.5,41000000,0.001292345982926384,1887.2797292447767,1
3,18,4,134.4,26880000,0.0,6049.536638927263,4
10,15,4,173.4,55000000,0.0016973363663086952,5647.262765118621,9
1,8,4,149.5,42167970,0.0,12709.398031718927,13
1,15,4,124.7,34499000,0.001140434331557724,5895.844544992677,10
2,7,4,138.4,50930000,0.0017541423339332972,3391.171221789887,3
7,9,4,154.6,46843800,0.0008494885513084245,3693.05383697214,1
6,8,4,157.0,69500000,0.0011146908616350999,8749.244220156093,9
2,20,4,113.0,21500000,0.0007371733561702027,8536.53728882809,15
4,7,4,178.0,75000000,0.0008001889571493832,4451.82331868231,1
1,9,4,178.8,60827760,0.0004969811736658589,3673.0205801863285,1
10,16,4,206.8,175000000,0.0014940620127188336,2530.686457934261,6
5,7,4,156.8,72777936,0.0017629605680533039,2480.8356667947337,4
7,7,4,213.4,88117000,0.0009688857226748248,2899.001829799266,1
7,7,4,363.0,350000000,0.004188366994443938,4644.160349750456,1
2,5,4,216.4,207531061,0.0009325712040608985,5530.706153118401,1
7,7,4,212.4,88922000,0.0009688857226748248,2899.001829799266,1
1,4,4,151.6,173893083,0.0011866193000249676,4280.103420965616,1
7,9,4,156.0,160000000,0.0010960334586016364,3229.846786518408,1
4,7,4,211.5,94329000,0.0004969811736658589,3673.0205801863285,1
4,4,4,96.7,13900000,0.006907675717549032,4012.6892939367176,7
7,10,4,85.7,19655985,0.0002674137506171582,11806.833771985788,9
5,12,4,110.0,27000000,0.0015581376427141864,8030.66369512074,15
4,6,4,120.0,30000000,0.004378562953198899,2260.0735404596035,1
2,18,4,137.2,26754000,0.0,6049.536638927263,4
2,5,4,130.0,30000000,0.0020854208710521164,5333.223576673983,9
2,3,4,130.6,19900000,0.00039766181602574383,2724.0760083279315,3
1,3,4,115.7,22345366,0.0,20631.09824345016,11
22,25,4,117.0,20500000,0.0,11957.448964928235,13
7,8,4,175.3,79077830,0.0004969811736658589,3673.0205801863285,1
6,8,4,123.4,61685000,0.00046367804768863627,3918.5140509483917,1
7,9,4,133.3,49135237,0.0008001889571493832,4451.82331868231,1
10,17,4,155.0,42000000,0.002544394616281829,9594.311532568498,7
4,7,4,98.2,12250000,0.0030342753229319216,2034.8641627737366,4
2,9,4,134.3,46156309,0.0008001889571493832,4451.82331868231,1
5,7,4,84.0,14000000,0.00035036046055526745,2820.8880620640157,4
5,8,4,180.7,80339220,0.0004969811736658589,3673.0205801863285,1
11,25,4,120.5,20500000,0.002334855459566069,7299.210804265528,9
1,4,4,251.3,301560000,0.0011866193000249676,4280.103420965616,1
4,4,4,115.3,17500000,0.0016132062792802448,2881.17681889445,3
2,3,4,102.2,20033124,0.0,20631.09824345016,11
5,6,4,100.0,24000000,0.0014128453505136871,9056.01704681076,7
6,7,4,224.9,144682293,0.0008001889571493832,4451.82331868231,1
3,4,4,95.7,20000000,0.000814800388907688,1856.8289133339538,3
1,7,4,155.5,58545750,0.0004969811736658589,3673.0205801863285,1
5,10,4,89.1,16800000,0.0030289100962034173,8038.6420192051555,9
1,18,4,151.9,35663340,0.0015581376427141864,8030.66369512074,15
3,4,4,74.0,11990000,0.0007423919036741991,3717.2073350831624,3
1,4,4,111.3,127666888,0.0011866193000249676,4280.103420965616,1
4,5,4,101.7,16760000,0.0013084214337064444,3894.0252307855835,4
2,4,4,79.4,12300000,0.0005834693733855724,6095.35973790993,15
5,9,4,175.5,71955000,0.0004969811736658589,3673.0205801863285,1
3,6,4,130.6,22900000,0.002332515839379543,2335.3377979688607,4
6,8,4,199.7,80279400,0.0008494885513084245,3693.05383697214,1
5,5,4,175.7,28990000,0.002532910191578013,3074.058359393054,2
21,22,4,85.5,17680000,0.0008534836352793719,9014.062826550784,9
1,18,4,163.0,39392100,0.0015581376427141864,8030.66369512074,15
5,5,4,74.0,18050000,0.010750204767296719,1768.851910136862,1
6,8,4,198.05,122791000,0.0021384483396120297,3220.8379309852594,1
3,5,4,118.9,23700000,0.0016884136724604586,2472.004987364183,1
2,7,4,210.7,83226500,0.0004969811736658589,3673.0205801863285,1
4,4,4,183.5,44500000,0.003651363692121772,1938.3751957031432,1
7,9,4,126.0,45536400,0.0008494885513084245,3693.05383697214,1
4,9,4,73.3,11300000,0.0007146113649920752,10366.218877571393,6
6,18,4,85.0,18800000,0.00021773497422425156,12539.661455100995,9
11,19,4,93.1,15600000,0.0008196637875917472,8335.434881651843,15
2,7,4,227.5,96052947,0.0008001889571493832,4451.82331868231,1
3,6,4,122.0,24900000,0.0015563964046698437,1844.2424146205672,1
5,11,4,108.0,34020000,0.0018036792344307741,7891.957523925804,9
9,9,4,188.5,73326500,0.0008494885513084245,3693.05383697214,1
2,6,4,108.6,19500000,0.000837679444234011,2625.1051351419596,3
3,3,4,99.4,20749744,0.0,20631.09824345016,11
5,9,4,73.9,11350000,0.0009274998245076552,12660.702235103829,14
2,7,4,141.59,55641600,0.0017541423339332972,3391.171221789887,3
5,5,4,75.0,12900000,0.00047270248541685816,2783.489975359721,3
7,7,4,101.99,42269400,0.0017541423339332972,3391.171221789887,3
4,6,4,110.1,17700000,0.0009871325327278553,1697.1041330383612,2
2,7,4,100.69,36382320,0.0017541423339332972,3391.171221789887,3
8,8,4,148.0,57000000,0.0015440265652100801,3082.32546329061,1
1,8,4,183.7,66793320,0.0004969811736658589,3673.0205801863285,1
5,6,4,216.4,45900000,0.001439471053335728,1820.0158949910278,1
2,3,4,107.0,20974014,0.0,20631.09824345016,11
5,5,4,50.0,6390000,0.0007937100033921672,11538.320907948862,17
6,9,4,153.4,63000000,0.00029617947730836583,3296.8224665466396,4
5,5,4,107.5,18900000,0.0013996794544289233,7421.085065447195,7
2,7,4,190.6,68129017,0.0017629605680533039,2480.8356667947337,4
1,3,4,111.7,12295000,0.0012111348237766996,3590.963002986559,8
7,8,4,143.7,61900000,0.0009532689325800367,3757.2182489329252,1
4,17,4,117.0,20000000,0.0002178683180781907,10133.77360713313,10
8,8,4,149.38,134442000,0.0021384483396120297,3220.8379309852594,1
1,3,4,84.7,10200000,0.0,7048.034912723204,8
5,5,4,77.5,14500000,0.0017101026351196331,5229.300703196629,17
3,3,4,100.8,20125353,0.0,20631.09824345016,11
12,14,4,87.0,22000000,0.0003295245004803642,8112.309954428788,15
4,7,4,180.4,102579644,0.0008001889571493832,4451.82331868231,1
9,9,4,73.5,11500000,0.0009069808741208032,11569.717139394843,6
1,3,4,123.1,23774543,0.0,20631.09824345016,11
21,22,4,85.0,17700000,0.0008534836352793719,9014.062826550784,9
3,3,4,230.0,188600000,0.0007304038142401565,4051.3253785513693,1
4,5,4,86.0,14200000,0.0028086247668512123,8383.90973442353,17
7,7,4,201.8,120373700,0.0004969811736658589,3673.0205801863285,1
3,6,4,85.2,17500000,0.001492866363505794,3330.185013575664,3
5,5,4,104.0,18500000,0.004888101715242148,2379.5350890518916,2
1,3,4,113.5,21920476,0.0,20631.09824345016,11
5,7,4,99.5,16000000,0.0005085122201421323,3780.602484063706,2
2,3,4,100.2,18500000,0.0,20631.09824345016,11
14,14,4,107.2,27293120,0.0,6320.613088896074,4
5,9,4,73.0,10100000,0.0004803037389500133,13913.699541646138,6
3,9,4,144.2,44702000,0.0004969811736658589,3673.0205801863285,1
3,3,4,225.0,27000000,0.0,22513.399087101363,5
5,5,4,160.0,48000000,0.0014326445023803151,2069.1247219550246,1
5,7,4,216.7,137459268,0.0008001889571493832,4451.82331868231,1
1,4,4,72.0,16700000,0.001801006009616472,2142.680592114764,2
2,23,4,108.93,19277544,0.0,13695.060398941205,9
4,5,4,49.1,7300000,0.0030348170560017896,8780.742438833802,14
25,25,4,110.0,30000000,0.001232962912107739,12182.64754870822,8
8,8,4,125.43,112887000,0.0021384483396120297,3220.8379309852594,1
4,5,4,121.9,23300000,0.0007928699679734384,3143.1622228653364,4
2,8,4,203.6,69834800,0.0008494885513084245,3693.05383697214,1
5,5,4,102.0,25000000,0.001246873021797671,1562.1687350980599,3
3,9,4,159.0,67734000,0.0004969811736658589,3673.0205801863285,1
5,6,4,83.4,10400000,0.0,24552.130665400102,18
2,8,4,178.4,71360000,0.0004969811736658589,3673.0205801863285,1
6,7,4,115.8,19050000,0.001431454169270088,2501.31447926138,4
4,8,4,204.36,106267200,0.0021384483396120297,3220.8379309852594,1
5,5,4,117.0,23000000,0.002378041564567227,2613.3164060455956,1
7,7,4,203.4,121328100,0.0004969811736658589,3673.0205801863285,1
3,5,4,100.0,18000000,0.0016626939664034245,3350.105622345373,8
7,8,4,174.12,125366400,0.0021384483396120297,3220.8379309852594,1
4,5,4,196.3,31000000,0.0,21119.172207274765,5
8,9,4,173.7,83410740,0.0004969811736658589,3673.0205801863285,1
4,4,4,85.7,17500000,0.0010656438178474898,2770.4801217598124,4
1,8,4,149.4,42139764,0.0,12709.398031718927,13
15,16,4,119.7,21000000,0.004961246106969595,12381.248112690566,7
9,9,4,146.3,60076632,0.0005839236475528783,3372.3078697533624,1
13,16,4,153.09,28600000,0.00026316108050641445,7253.518543700448,10
3,9,4,176.7,73683900,0.0004969811736658589,3673.0205801863285,1
1,9,4,75.7,10800000,0.0,8655.255866562311,10
5,8,4,205.89,115298400,0.0021384483396120297,3220.8379309852594,1
2,3,4,100.9,13499000,0.0,27302.69905339311,16
2,7,4,189.9,28000000,0.001508784174026587,3216.6251215410266,1
1,9,4,159.6,58254000,0.0004969811736658589,3673.0205801863285,1
3,9,4,201.4,77136200,0.0004969811736658589,3673.0205801863285,1
5,9,4,76.0,10700000,0.0007621188056008075,8300.15694143633,14
2,9,4,183.8,69079066,0.0008001889571493832,4451.82331868231,1
3,9,4,94.51,12500000,0.0,24709.777047537842,16
6,7,4,93.0,16300000,0.0010606692298173956,2624.9346274654695,4
12,25,4,116.5,16400000,0.0,11957.448964928235,13
2,6,4,109.4,18700000,0.0038134455653233527,10338.233562186218,15
4,4,4,91.0,18950000,0.0,3618.408425499052,18
4,6,4,117.1,19600000,0.0008858377927406449,4007.2805590758308,2
5,5,4,89.6,20700000,0.0025812920438037248,7280.428582087129,7
1,5,4,82.9,21000000,0.0013737191379940626,1437.0064752959943,4
2,4,4,138.0,21500000,0.0,1850.3804802255206,2
2,6,4,114.0,22000000,0.0017250599380238465,3862.7174840761113,2
2,7,4,113.6,22500000,0.0030665450191476574,3097.192824971847,2
2,5,4,110.0,22490000,0.0012477430743151172,2167.992891611918,4
3,3,4,135.0,22400000,0.0019266189887445209,1951.7208954561436,1
6,7,4,133.1,22400000,0.0030665450191476574,3097.192824971847,2
9,10,4,116.0,22900000,0.01275857433802253,7095.071585118329,8
6,6,4,145.8,23000000,0.0012650223897318264,2143.9345558937744,1
1,6,4,130.0,23500000,0.00036614784646475684,2958.10054858635,3
3,4,4,151.4,23500000,0.0012733319284225918,2149.719066288582,3
4,12,4,129.45,26293815,0.0011961205477479906,5006.838569585699,9
3,5,4,95.6,27400000,0.0014081137612098216,2003.0677098861856,1
5,5,4,100.3,28000000,0.002791669351925567,2197.760775638864,2
23,23,4,101.3,28200000,0.00024025612000818083,8057.476630819977,8
13,24,4,148.9,28800000,0.004407891178527804,8997.494532947185,8
2,5,4,101.5,28900000,0.0005803797768787276,4373.980841297267,2
1,6,4,93.1,29900000,0.00560914524298073,2843.1602224894827,2
2,3,4,126.0,30900000,0.0,15475.320756527595,13
9,11,4,114.0,34900000,0.0009119611786322062,6919.6106214731335,7
15,16,4,220.0,34999999,0.0006968665170447936,13065.83739508461,6
4,6,4,126.0,36800000,0.0026135849654063343,2094.3286992218273,4
5,5,4,148.4,37500000,0.0040902687778817245,2549.684126176048,2
4,4,4,157.9,37850000,0.0030183553952540486,857.810952986356,3
4,4,4,170.9,38850000,0.0030183553952540486,857.810952986356,3
5,8,4,120.0,39900000,0.0008494885513084245,3693.05383697214,1
5,8,4,120.0,39900000,0.0008494885513084245,3693.05383697214,1
8,26,4,145.1,39900000,0.002341400696249683,6447.126714797336,9
10,21,4,120.6,42000000,0.00036792410631883763,6973.704459245435,4
15,21,4,120.5,42000000,0.00036792410631883763,6973.704459245435,4
10,13,4,116.0,44500000,0.0007242418546844324,6724.481748021407,9
2,8,4,122.0,44500000,0.005291079940110172,3763.9339869255887,3
3,4,4,150.0,46000000,0.0017063325201308259,1750.003381418629,4
5,14,4,187.0,49000000,0.0003501312550570469,5527.780181593018,10
3,8,4,137.0,54000000,0.0011682547634245723,3623.5514997016944,1
5,5,4,135.0,55000000,0.0005347403042816414,4537.752742506121,2
6,10,4,162.7,59700000,0.0063441453621920505,2935.833675111105,1
7,7,4,133.7,60200000,0.005127831805842849,2511.1923625889776,2
4,5,4,166.9,67000000,0.002044304379567118,648.1109459918547,2
4,6,4,196.7,71000000,0.0006078558747682094,3669.7616267757203,2
4,6,4,196.9,73000000,0.009604931470134939,959.6723385954335,2
4,8,4,184.2,75900000,0.0009532689325800367,3757.2182489329252,1
1,8,4,255.3,78000000,0.00037291542754247633,2673.156932450627,4
5,7,4,146.0,80385000,0.0009276132935055327,3749.575306993095,2
1,5,4,149.7,85500000,0.001295404014643349,3973.8300714368984,1
2,7,4,241.8,99000000,0.012322870052150468,4439.673837499486,1
2,4,4,170.0,99000000,0.002850347743085562,1526.4476506191056,2
5,5,4,235.4,115000000,0.0012648907144418196,648.1109459918547,2
3,5,4,186.1,120000000,0.004347984717797535,2413.398331623656,2
2,2,4,160.0,150000000,0.0012208434005987472,1163.2172356351123,3
5,5,4,260.0,157500000,0.002044304379567118,648.1109459918547,2
1,6,4,199.8,220000000,0.0003451713373519353,1668.9757503066862,1
5,5,-1,121.4,3200000,0.0027330791771696607,1328.7575069408467,2
1,6,-1,109.1,3300000,0.0012413995996338942,3239.394294587439,3
3,8,-1,84.0,4650000,0.001136475382394874,2725.0778150929004,4
4,5,-1,56.0,5100000,0.0,2358.2445447062287,4
5,5,4,49.5,5790000,0.000407321495863616,11878.264957681704,17
5,5,4,47.3,5800000,0.0,25880.694729482762,16
5,5,4,49.0,5900000,0.0,26090.63353536086,16
5,5,4,49.0,6000000,0.0002591271218680594,13213.280993203647,17
1,5,4,49.1,6100000,0.0,26508.670832485885,16
1,5,4,49.0,6100000,0.0007650047028513921,11692.210926099011,17
3,5,4,48.2,6450000,0.0012934325440147854,9954.63574299016,17
3,5,4,49.1,6400000,0.0015406816329780338,10590.745888796138,17
5,5,4,49.3,6400000,0.0015486454074532755,9977.255922721093,17
3,5,4,48.0,6500000,0.0,9954.63574299016,17
4,5,4,48.6,6500000,0.0002726269080626675,12966.663772881706,17
5,5,4,49.0,6590000,0.004036494753889412,11352.163052065116,17
4,5,4,48.9,6550000,0.0008256765001670343,10767.953450578003,7
3,5,4,48.6,6600000,0.00026385197884190885,13124.731895626306,17
3,5,4,48.2,6670000,0.0012934325440147854,9954.63574299016,17
4,5,4,48.2,6750000,0.0016253901430570506,8773.926935556416,17
5,6,4,47.9,6750000,0.0012552366389792411,8513.539875342074,17
4,5,4,59.4,6800000,0.0,26482.038420730845,16
4,5,4,49.0,6890000,0.0,10527.537376824344,17
5,5,4,48.81,6800000,0.0007642035603598321,10725.63268109643,7
3,5,4,49.6,6850000,0.00038152515568524623,11801.83578802116,17
2,5,4,49.5,6850000,0.0004193481705655109,12823.84909257232,17
2,5,4,63.0,6800000,0.0,7832.613805545562,11
4,5,4,49.3,6900000,0.0002414131020659093,13356.105630556533,17
4,5,4,60.0,6950000,0.0,26419.71007912531,16
1,5,4,49.0,7100000,0.0009673583876499816,11854.96286186723,17
4,5,4,48.7,7200000,0.0015500271346290007,8523.765231091546,17
4,5,4,48.8,7200000,0.00028294386844172204,12721.80733764082,17
3,9,4,68.3,7189000,0.0,27851.172822601613,13
3,5,4,54.0,7300000,0.0,15291.072051071233,13
4,5,4,49.1,7300000,0.0030348170560017896,8780.742438833802,14
4,5,4,48.7,7300000,0.0,13193.026822757687,17
1,5,4,49.0,7500000,0.0008444889516467665,10376.381059790718,7
5,5,4,48.0,7600000,0.0,15634.312550699275,13
5,5,4,60.3,7700000,0.0,8766.271404564692,11
5,5,4,48.4,7700000,0.0011118915136469909,11690.083865790428,17
5,5,4,48.9,7777000,0.0019933713389843786,11493.218658696804,17
4,5,4,59.5,7990000,0.0005915419837347412,11801.83578802116,17
5,5,4,49.0,7900000,0.0008256765001670343,10767.953450578003,7
2,5,4,49.4,8000000,0.0007698324220436952,10950.42426325777,7
4,5,4,59.6,8100000,0.0022140227954350784,11510.253474568413,17
2,7,-1,129.0,8050000,0.0003733228251330224,2611.972350163371,4
1,9,4,72.5,8200000,0.0,28247.623034605975,16
3,5,4,59.4,8300000,0.0002369608213980368,13479.426372576587,17
3,5,4,60.0,8300000,0.0,15546.837599568351,13
4,5,4,59.01,8400000,0.0016462851541060764,11503.277512585202,17
1,9,4,73.4,8500000,0.0,27140.827666504178,16
2,3,4,81.4,8500000,0.0,25963.618905677547,13
1,9,4,74.0,8800000,0.0015369060486024432,8656.213768206679,9
1,9,4,73.8,8900000,0.000864499433781766,10029.376897174927,15
3,4,4,66.5,8900000,0.0019768811256505566,4830.874929429509,17
2,5,4,49.3,9000000,0.0027731331009891525,11218.859466906111,17
1,3,4,64.4,9000000,0.0007711503663672137,6153.986391231992,17
3,9,-1,67.5,9000000,0.0009901044999510622,7564.862492216508,7
1,9,4,74.2,9150000,0.0,9405.696013354003,14
9,9,4,73.3,9300000,0.0003861284384254136,8499.359489407703,10
4,4,4,84.5,9500000,0.0,29738.632799784922,11
1,9,4,76.6,9500000,0.0010981211052387247,13115.373505085088,6
1,9,4,72.9,9500000,0.0,10332.41868092544,10
1,10,4,70.8,9500000,0.00022723558810688413,14464.103525281573,13
1,9,4,77.9,9500000,0.0008377646637925319,9359.27371432727,15
6,9,4,77.7,9700000,0.0,11365.446942948514,16
1,5,4,78.9,9700000,0.0005346551813464052,9528.266827191295,14
1,5,4,90.4,9900000,0.0,26705.488063062756,16
1,10,4,72.5,9900000,0.0006984893656286808,7663.332812694155,9
5,9,4,74.2,9990000,0.0006029559737901909,8627.278095846075,14
4,6,4,69.1,9999999,0.00028593944035845557,3705.734713777389,3
1,5,4,66.6,9999999,0.0008774332470962896,10792.413143295487,7
4,9,4,73.0,10000000,0.0,11657.048174953063,16
1,9,4,72.6,10100000,0.0011663171893676768,9315.160397737744,8
7,9,4,72.2,10200000,0.00035568673834198024,8574.172593621848,10
2,9,4,73.8,10300000,0.00021460843135908214,14608.7906229144,13
2,9,4,75.0,10300000,0.0007888469092357437,11255.06792156401,6
20,26,4,103.6,10300000,0.00037604436329380717,14820.628191315078,18
1,9,4,82.3,10400000,0.0,26387.27989486263,11
4,9,4,73.9,10390000,0.0010243089606969268,9903.572213435995,15
4,5,4,93.0,10400000,0.000233977630758932,9515.392056511871,10
4,10,4,77.7,10490000,0.0,26572.568454018696,16
3,9,4,72.6,10500000,0.0,9037.344212967568,16
7,10,4,88.0,10500000,0.0,4295.9037797657365,16
5,14,4,74.0,10500000,0.0,9037.344212967568,16
1,9,4,84.0,10600000,0.0006680603395243574,8228.27117365028,9
1,10,4,72.5,10600000,0.0018166972829086116,8513.552862659699,9
4,14,4,74.9,10800000,0.0009207940176497438,12753.747523287395,6
5,9,4,73.4,10800000,0.000479552259022916,10171.750171687983,8
4,9,4,73.4,10900000,0.0004719742692566573,10202.045521076472,9
9,12,4,107.1,10900000,0.0,22184.89391794791,18
9,9,4,72.0,10900000,0.00021764703366519182,8729.9863945769,10
1,9,4,78.1,11000000,0.0,13678.343655850747,17
1,5,4,91.1,11050000,0.0002034247017647483,14923.839834651017,13
1,9,4,77.6,11000000,0.000318357620012898,13872.108224160243,17
8,9,4,72.8,11000000,0.0018905259683343917,8159.180024916436,9
1,9,4,78.1,11000000,0.0,13678.343655850747,17
5,10,4,74.0,11200000,0.0004822440566162818,10098.564729610322,9
8,9,4,77.5,11250000,0.0012939559217185143,10809.612580783234,15
4,5,4,104.6,11300000,0.0,11629.584151848148,16
1,10,4,89.2,11500000,0.00034148299333564523,10746.467048133694,13
1,9,4,76.8,11500000,0.00466066666342014,12130.377940889844,6
1,6,4,100.1,11500000,0.0,24702.378637653837,18
1,6,4,96.4,11700000,0.0,24340.749247087882,18
21,26,4,101.0,11800000,0.0,14820.628191315078,18
7,9,4,75.0,11900000,0.0010332825160816715,10123.97343665595,6
1,9,4,86.7,11999000,0.0016174018567078705,11355.483554161206,8
4,4,4,80.1,11900000,0.0,23690.16348364464,18
5,9,4,73.2,12000000,0.0009681174702138276,9227.853073205444,8
4,5,4,72.3,12000000,0.0,20982.55626242419,7
8,9,4,75.1,12000000,0.0008774771236486533,12704.697303715164,6
4,9,4,92.2,12100000,0.0,27704.878207198108,16
1,9,4,89.3,12000000,0.002796218277224126,8313.53202520983,9
1,9,4,86.1,12000000,0.0,12222.786526012056,13
6,11,4,67.2,12000000,0.0007960413534249464,11207.4615467408,7
4,16,4,87.2,12200000,0.0016549651152381198,8308.976358246187,15
2,9,4,64.6,12200000,0.003550726548756248,10180.12003448522,15
1,5,4,85.0,12250000,0.0,24720.644923301254,11
1,5,4,86.2,12300000,0.001167681550712559,12197.747447828275,17
5,9,4,73.5,12300000,0.0026741747813739444,8212.45219071651,9
9,9,4,79.8,12300000,0.0009670422918737295,11636.051783726778,14
2,17,4,92.7,12550000,0.0,6146.635440363442,10
9,14,4,80.4,12500000,0.0,26833.169935821592,11
5,5,4,88.5,12500000,0.0033837490005053034,3086.067944560149,3
4,9,4,64.5,12500000,0.0015805675632183346,9943.800016848782,15
5,9,4,72.9,12500000,0.0009069808741208032,11569.717139394843,6
1,9,4,77.9,12500000,0.0004321030623852075,12883.597289277044,8
1,6,4,115.0,12500000,0.0004061255824304199,2620.7806461601745,3
2,6,4,95.2,12500000,0.0020433549713180614,4590.795149429575,3
10,11,4,101.0,12599000,0.0,18732.25505817231,6
4,9,4,84.0,12750000,0.00466066666342014,12130.377940889844,6
2,4,4,104.5,12800000,0.0,30474.42441198112,18
5,5,4,111.5,12830000,0.003984978840991531,3564.692470079359,2
4,9,4,79.5,12850000,0.0019011132926866278,8597.868435765287,14
4,6,4,85.2,12990000,0.0004000010405489056,4116.596439464793,4
4,16,4,87.2,12900000,0.0016549651152381198,8308.976358246187,15
4,15,4,105.3,12999000,0.0,12529.396734979488,13
1,9,4,73.1,12900000,0.0002858215067809975,10185.148496788623,10
4,10,4,89.2,13100000,0.0,18645.40745642144,6
3,8,4,89.6,13000000,0.0011511853955416171,11639.835158833352,15
5,9,4,77.8,13000000,0.0020653930140936056,9817.462644733343,15
3,19,4,93.7,13200000,0.0006382618660961932,12873.016661490987,10
15,24,4,104.2,13200000,0.0,11912.471435485664,13
6,18,4,93.0,13300000,0.0002647990605421706,12840.796249121604,10
5,6,4,102.0,13500000,0.0015581840899979201,4044.182873523356,2
1,5,4,89.3,13500000,0.0008961388551356947,8819.02242883619,7
13,18,4,92.5,13500000,0.0005549698633198734,12840.796249121604,10
5,5,4,98.6,13500000,0.002195522956306895,4768.13664172392,17
2,9,4,74.5,13500000,0.001198716092857016,8612.948913781775,14
3,4,4,89.7,13500000,0.0,20157.30941749222,18
9,10,4,78.3,13500000,0.0007973494843776755,8798.458476705991,9
3,4,4,91.9,13500000,0.0,20244.4496972367,18
16,18,4,95.7,13500000,0.00043544917142434165,12791.052257032316,10
5,9,4,79.6,13650000,0.0003633781847310111,10140.977255032056,17
3,10,4,87.4,13699000,0.0009343138620035504,8234.844510271008,14
1,3,4,98.1,13899000,0.0015355782050797408,3966.586769843053,2
6,6,4,86.7,13850000,0.0043117039544555815,3427.5520132710753,2
3,25,4,102.0,13900000,0.0,11979.932014471957,13
4,4,4,90.5,13900000,0.002339671891833469,5470.702711468866,6
1,20,4,96.8,13850000,0.00022791451658001424,11280.436096628826,13
2,12,4,95.3,14000000,0.0009237562894858905,16366.513562788246,15
1,4,4,92.0,14000000,0.0023506079553717394,5388.551588060551,14
7,9,4,89.6,13999000,0.0,15347.185795642863,13
14,17,4,93.4,14000000,0.0006000159099681303,12873.016661490987,10
8,25,4,90.3,14000000,0.0,6146.635440363442,10
6,10,4,87.0,13950000,0.0,10948.966175134443,9
1,5,4,99.2,14200000,0.0013154802003575374,3840.180796501739,2
2,4,4,90.2,14300000,0.0004375248239078675,3864.64428597455,4
16,18,4,91.9,14300000,0.0,12840.796249121604,10
3,5,4,112.0,14300000,0.0,24802.99069133654,18
3,7,4,89.5,14500000,0.0016534863791561499,3102.0314174964983,2
5,7,4,87.9,14500000,0.003269507359127102,3029.7188089534425,2
6,6,4,73.7,14499000,0.003906702698348984,1869.9011762534215,3
4,5,4,90.2,14750000,0.0013660628616852242,8008.19812980864,6
1,5,4,153.1,14750000,0.0,27266.222139086793,11
6,7,4,96.0,14700000,0.001535767969661517,3373.2104365161435,8
2,6,4,83.5,14800000,0.0005121090252730214,4105.668354667174,4
1,5,4,79.6,14800000,0.0006470615787861538,4504.624954368535,8
2,7,4,81.0,14800000,0.0016050845074168838,2449.545639240941,4
1,17,4,89.1,14900000,0.0008134162117403564,12695.97590902127,7
5,5,4,100.4,14900000,0.01152756017732882,2900.019516373478,8
4,4,4,95.6,14900000,0.0014997391223400024,3976.166736112955,2
3,5,4,87.2,14900000,0.0014209960198212162,1684.5687482541732,1
4,5,4,100.3,14970000,0.00028610689874685244,3696.447908923722,3
2,4,4,86.0,14999999,0.00048708858301478797,2359.1334533946247,3
6,16,4,81.0,15000000,0.0,14138.511883214756,9
3,7,4,123.8,14950000,0.001212805314718776,3342.8251809148214,6
3,5,4,79.7,14999000,0.0013464957548375183,3551.0393797493557,2
15,18,4,92.5,14990000,0.0005549698633198734,12840.796249121604,10
7,7,4,63.4,14990000,0.00954641122244632,5708.098537877216,10
3,6,4,78.4,15000000,0.003438503289255708,2176.464729289556,1
3,12,4,95.8,15000000,0.0009085005976709125,15206.998939888083,15
2,6,4,95.5,15000000,0.0020496036137968333,5850.733120403511,7
2,5,4,109.3,15200000,0.0005366239577402909,3133.9778523916034,3
2,5,4,109.3,15200000,0.0003388182017740711,3133.9778523916034,3
5,5,4,93.3,15300000,0.0008209719439717173,5618.8852164368045,15
5,5,4,93.0,15300000,0.0008209719439717173,5618.8852164368045,15
6,6,4,99.2,15400000,0.0023786475246156923,2613.8479678829854,2
2,3,4,86.6,15250000,0.0007320688613870301,10434.410454367342,17
1,4,4,90.5,15550000,0.00033405531482765373,5835.282239939567,10
3,16,4,70.8,15500000,0.0008615215702470178,5268.729034072217,4
4,5,4,93.0,15500000,0.0018385011549321884,3519.9005683255687,3
4,6,4,80.9,15500000,0.0017111846957757635,2402.1982767420063,4
3,7,4,108.9,15600000,0.001972435497523116,2995.018525035292,2
5,6,4,95.1,15700000,0.0016354717155570577,3133.439214324991,2
7,8,4,98.6,15800000,0.00022711069927646118,13795.189988612012,13
1,7,-1,138.1,15899000,0.002116478069169843,2329.848134393702,1
1,5,4,105.3,15795000,0.0033597814667625627,4364.317512543131,2
13,14,4,108.2,15800000,0.0004563806333770279,8922.810337315967,9
5,5,4,72.4,15930000,0.00035559308620496165,2962.4790783289095,3
8,23,4,94.8,16026000,0.0005474415060142136,14653.495770928648,6
6,7,4,92.6,16000000,0.0027014378807169804,2605.295449177691,1
6,6,4,84.0,15950000,0.001452870488530436,3767.131914878254,2
4,11,4,108.0,16000000,0.0004971740104115125,11879.252397081249,7
6,7,4,102.7,15900000,0.0007279753353122716,3921.1460505010427,2
1,5,4,124.3,16000000,0.0027171960315030734,1906.0090940071204,1
6,7,4,104.0,15900000,0.0017941011439070293,1860.8112150918587,1
3,4,4,95.9,16000000,0.0,4100.306744120241,14
5,6,4,99.5,16000000,0.0008740503125354738,3780.602484063706,2
3,4,4,79.2,15999000,0.016021835732408278,3265.462972301422,2
3,9,4,106.5,16000000,0.00038046800569475567,12488.66787653465,8
14,14,4,75.4,16000000,0.0017901530191331851,10132.994111728505,14
2,4,4,79.7,15900000,0.001323908366119412,1449.2146811347536,3
2,5,4,89.6,15990000,0.0012713810421631335,7952.991510752971,17
7,7,4,104.1,15900000,0.0018768064459888142,3029.536582648262,2
2,5,4,131.1,15900000,0.002791669351925567,2197.760775638864,2
3,3,4,107.3,15990000,0.0005019644531003536,3074.8514941002923,3
4,5,4,94.6,16100000,0.002845002211059431,2653.428736246915,2
2,8,4,103.3,16190000,0.0003549685088731602,13655.597442313609,17
3,4,4,105.9,16150000,0.001274621091426562,3891.2985180397995,2
4,5,4,64.5,16250000,0.000701765752618326,10603.327313195501,14
4,5,4,110.0,16200000,0.0032350609832046914,2044.2309976026452,4
2,5,4,96.8,16370000,0.0021418102677562677,3465.789887806236,3
3,5,4,70.7,16200000,0.0021470325409126347,2546.730963203699,1
4,6,4,113.3,16400000,0.001366329663720619,2158.7980985980334,4
3,3,4,104.0,16500000,0.0014224637574348175,3326.2763001642347,14
3,6,4,110.0,16499000,0.0020796257797035945,2949.338875189759,2
5,7,4,81.5,16500000,0.0010964612788194222,1145.6185617270598,1
3,4,4,95.0,16500000,0.0,25071.489892896945,18
6,7,4,110.6,16500000,0.002502925075613073,1839.3644719672138,1
4,5,4,107.4,16500000,0.0026712503474933527,2090.184771419726,1
2,16,4,91.6,16500000,0.00028686636817590484,11329.836929458434,13
5,5,4,90.0,16499000,0.0007911219697877394,11258.467908839979,15
2,15,4,104.0,16400000,0.0006568429311925659,7617.318096824889,15
4,5,4,72.9,16500000,0.004245960901428821,639.7249269116315,3
3,15,4,104.0,16480000,0.0006538048192368388,7540.530125245185,15
1,10,4,108.2,16500000,0.0018099206175609445,8454.312736250611,15
1,8,4,100.0,16499999,0.0027915181215848505,1481.3589659577444,3
2,16,4,91.6,16500000,0.0,11329.836929458434,13
2,5,4,100.9,16500000,0.0032974553311018663,3198.7981461737113,2
4,5,4,90.2,16497000,0.0037783800952040764,3151.5838917062247,2
3,4,4,121.3,16500000,0.00164224460660143,3113.4370235109523,3
4,4,4,92.6,16500000,0.001306694731296427,2916.2841564514265,2
4,5,4,74.4,16600000,0.0008671963564120462,3497.631257617956,4
2,6,4,92.2,16647000,0.0,2102.916999284588,3
2,6,4,108.7,16698000,0.0025817506421521906,4012.1326456541447,14
15,25,4,100.1,16590000,0.00021763912965382998,11247.722522119675,13
3,5,4,96.0,16800000,0.003931826808802985,4692.958085412356,3
1,6,4,91.1,16800000,0.0020905563771958214,3243.301377991837,3
4,7,4,111.5,16800000,0.0017433317980601346,3299.929450266574,8
1,5,4,100.3,16750000,0.0024581194846994324,5278.768712560279,9
1,5,4,108.2,16700000,0.0024075831082175586,2770.4703406002805,3
1,5,4,100.0,16750000,0.0,5278.768712560279,9
2,4,4,77.4,16700000,0.0013984211540699935,3581.576270456108,2
4,6,4,85.0,17000000,0.0014335496924158299,1278.6438854973442,1
17,23,4,98.6,16990000,0.0,14704.260832678387,13
3,8,4,105.2,17000000,0.000795477036285412,2322.4216086217216,2
2,6,4,93.3,16960000,0.000958397308123097,2900.035386594527,4
5,5,4,86.7,17000000,0.001570309821363935,3541.1703792347244,2
4,5,4,102.2,17000000,0.0017898070561015464,1843.1684563043943,2
3,5,4,99.3,16900000,0.0,1635.627156803876,1
3,6,4,93.1,16990000,0.0013660717551701811,1609.7650644935168,1
5,5,4,74.8,17000000,0.0013833079055406018,2034.2472762123557,1
1,5,4,105.0,17000000,0.0008426499170489093,5158.844673040659,10
4,5,4,108.5,17100000,0.0003136305971219874,6267.41761849678,10
3,5,4,131.0,17160000,0.01152756017732882,2900.019516373478,8
2,6,4,84.9,17200000,0.002599666060764032,2648.448400845105,2
5,7,4,115.4,17200000,0.0024313328689298213,2460.2945374476817,1
4,5,4,89.2,17499000,0.0017386753676059442,4855.585572234272,9
1,5,4,90.2,17490000,0.0015772321455036521,2815.264339711836,2
2,4,4,91.1,17490000,0.0013269072140060978,1880.9671313556837,1
1,5,4,117.1,17500000,0.00048480863797286956,3693.387978836839,3
1,4,4,94.9,17400000,0.0,3435.4110943907085,2
1,4,4,115.4,17500000,0.001813212929281724,1444.1512002941693,3
1,4,4,106.4,17490000,0.0,15493.473488008118,13
1,7,4,106.7,17600000,0.0018557106188811516,2348.3568251214697,2
4,5,4,123.0,17600000,0.0014077018022735006,3477.018833496835,3
2,5,4,112.9,17650000,0.0002914464607375828,3620.734727467411,3
4,6,4,92.5,17550000,0.0010994385544131876,4890.166432474426,9
5,5,4,108.2,17770000,0.0018157128653913065,1904.8083522880618,2
1,3,4,115.0,17800000,0.001630363065451092,3071.852086834562,3
5,7,4,127.44,18000000,0.0002940038006176137,13624.17245055438,6
25,25,4,150.0,18000000,0.002341400696249683,6447.126714797336,9
3,10,4,114.0,18000000,0.00044169290340931436,11943.239906960387,8
2,4,4,120.0,18000000,0.0014334354917390666,1933.552388075573,3
3,5,4,93.0,18000000,0.0012492985426598745,5517.961919304218,14
1,7,4,85.8,17900000,0.0003257851402188593,3353.57942296926,3
1,6,4,136.6,18100000,0.0015591687665109796,8147.356207508443,17
2,5,4,90.5,18100000,0.0035163479937573034,5081.879707435298,9
7,8,4,120.2,18300000,0.0027505971963689255,3094.5370758123336,2
1,6,4,97.7,18600000,0.0011381110149729517,2585.8741790844783,1
1,6,4,79.7,18500000,0.005475333468991166,3982.2502509337946,6
3,4,4,95.8,18500000,0.00240111952954239,2122.0570766489514,2
2,6,4,95.6,18500000,0.0012209024163986294,1591.1722344152704,1
3,4,4,85.1,18500000,0.0012273534727063713,1126.5196659626504,1
7,7,4,113.0,18550000,0.00031686570601508987,11720.526485584158,13
3,7,4,115.8,18500000,0.0011544638626176124,1853.6583844090812,2
4,5,4,79.3,18700000,0.0033846248174878423,5495.204367414379,10
15,15,4,124.3,18800000,0.0013587263110144653,10110.485661709108,15
1,5,4,86.0,18950000,0.002332515839379543,2335.3377979688607,4
2,5,4,100.0,19000000,0.0016354717155570577,3133.439214324991,2
2,6,4,100.9,19000000,0.002378041564567227,2613.3164060455956,1
2,22,4,98.8,19000000,0.0,11697.226865647075,13
2,5,4,86.0,19000000,0.001808271781935779,4749.925872869292,6
5,5,4,126.4,18970000,0.0,27820.11672672711,18
17,17,4,106.7,19000000,0.0002904404771597559,11371.011176044478,9
9,23,4,110.2,19138000,0.0005474415060142136,14653.495770928648,6
7,7,4,89.3,19199500,0.011380136422376211,8781.617756100623,17
3,5,4,90.0,19200000,0.00813910563160758,5034.440217961399,6
2,6,4,95.8,19200000,0.001560758963388254,5449.493669951162,10
3,7,4,109.0,19200000,0.0026587136709157896,3127.2787929626866,3
2,5,4,89.0,19400000,0.0016900797307862652,4515.014138250411,3
1,7,4,97.0,19400000,0.0010749209921376347,3332.7111674101043,2
8,13,4,87.2,19700000,0.0012053510214533982,8918.071859155509,9
5,6,4,91.5,19900000,0.0005408937931386701,2239.046776751302,3
3,5,4,101.4,19900000,0.0,7968.829997170923,6
13,14,4,83.88,19835000,0.00036045523331633547,6320.613088896074,4
4,5,4,83.1,19800000,0.002886145294600513,3218.212160739271,2
3,4,4,92.0,19800000,0.0007479966063168763,3873.2347550214404,2
5,5,4,106.0,19990000,0.0015284647308821057,2008.6297227909329,1
6,7,4,110.0,19990000,0.0024313328689298213,2460.2945374476817,1
3,5,4,108.8,20000000,0.0006104656122331745,1802.0336948830263,3
1,8,4,87.6,20000000,0.002226401043552359,2979.38417267859,2
2,6,4,101.0,20000000,0.001452572071756174,3325.9365873353213,3
5,7,4,121.1,20000000,0.0018589174383849862,8366.275158639632,17
3,5,4,93.3,20000000,0.0019211359462481474,3349.1385753939767,2
2,20,4,106.5,20150000,0.0029613724566974193,5322.117772876521,7
4,5,4,134.0,20500000,0.0,28103.05730671425,18
1,5,4,84.8,20499000,0.0033846248174878423,5495.204367414379,10
2,7,4,139.7,20500000,0.0038613510172042036,1409.631443656909,2
1,5,4,88.0,20700000,0.001808057572064774,3354.624266085468,3
5,5,4,105.1,20700000,0.008209672282535016,1799.5683625415911,4
5,5,4,116.2,20900000,0.003400667785632084,2876.418272838679,2
13,20,4,115.0,20990000,0.0004122782274127164,9157.868658817439,10
1,4,4,120.0,21000000,0.00037342948896376037,2871.813870939925,3
23,23,4,110.4,21090000,0.0005474415060142136,14653.495770928648,6
3,6,4,109.3,21000000,0.0019074518524395331,1464.9789634278138,4
5,7,4,120.0,21000000,0.002361904046382867,2473.2653431776566,1
7,7,4,98.8,21000000,0.002296447954429335,10580.191603168276,15
5,7,4,140.0,21100000,0.002505709424403027,2056.598036610117,3
3,6,4,96.8,21500000,0.002838864318848188,2291.4980688398123,2
2,5,4,101.1,21500000,0.0,2474.9762656945595,8
4,6,4,136.0,21499000,0.003055995450079561,2199.2145866720034,3
1,5,4,68.0,21500000,0.0,2591.1903350975726,4
2,5,4,113.8,21500000,0.0,28961.381541118408,18
9,23,4,129.4,21893000,0.0005474415060142136,14653.495770928648,6
8,23,4,128.2,21690000,0.0005474415060142136,14653.495770928648,6
3,5,4,129.0,21750000,0.0009730329867068352,2578.745673760851,2
12,14,4,108.5,21790000,0.0029613724566974193,5322.117772876521,7
1,9,4,129.2,21700000,0.0010988482941111572,10913.834295225586,15
1,7,4,95.8,22000000,0.001466364129761438,1450.5487092394735,4
1,2,4,94.4,22000000,0.0,23073.226306477332,11
13,27,4,99.4,22000000,0.0025664956870471082,12898.272608397314,7
4,12,4,83.8,22000000,0.0011961205477479906,5006.838569585699,9
9,15,4,121.0,22000000,0.0013794671494653887,6683.595057329821,6
4,7,4,107.7,22000000,0.005079300615117872,9982.189324108787,7
2,6,4,114.5,21999000,0.0017286372757471002,3859.9386902935275,2
3,7,4,107.7,22000000,0.0021481791383286823,2029.052842169258,3
15,16,4,102.3,22000000,0.0006514150104492449,5821.151051665727,9
2,3,4,95.0,22000000,0.0002828773414866478,6986.161501710904,8
3,4,4,118.9,22000000,0.0012835093459109303,2161.289111493423,3
4,6,4,98.0,22000000,0.00157262699885563,2296.074479694578,2
18,24,4,116.0,22100000,0.0,11913.320766152678,13
12,14,4,110.75,22150000,0.00036045523331633547,6320.613088896074,4
4,4,4,148.0,22250000,0.0018226714272107424,3117.359884607665,2
18,23,4,102.82,22101000,0.00027942033865327275,6869.307104744614,15
13,16,4,142.0,22200000,0.0006869596654223705,5585.822954771498,4
13,14,4,100.0,22300000,0.0003648157759920427,6465.0074256919,8
2,6,4,100.0,22400000,0.0,3801.2403105235794,2
4,7,4,85.0,22450000,0.0018251819227535734,1747.6570249686667,2
19,24,4,107.8,22500000,0.0,11913.320766152678,13
3,6,4,98.3,22300000,0.002313366751424041,1492.0038334177123,4
4,6,4,126.0,22700000,0.000395624965601587,2455.1536708697327,4
12,17,4,113.6,22900000,0.0006505021912058067,9603.732279453225,9
1,15,4,103.6,22999000,0.0009670730855874037,8114.139799487425,9
3,4,4,147.2,22950000,0.0014948657450702387,1503.8877645502375,3
3,6,4,109.4,22890000,0.001082605532003113,11717.364028418106,7
3,4,4,115.2,22777000,0.00111828490256355,1085.9937088495303,3
16,17,4,107.0,22900000,0.0,11164.497608032372,9
2,25,4,105.7,22990000,0.0003614867792325245,10850.093664829052,9
7,9,4,107.0,23000000,0.0020638136992417446,10690.933892937903,14
1,5,4,90.0,23000000,0.0,7121.524035566659,7
4,6,4,107.7,23000000,0.0007357870667245978,2815.421479161041,2
7,12,4,90.5,23500000,0.00041723864307195024,7536.106830010765,6
6,6,4,181.8,23500000,0.0016409296550158698,1618.6764444983803,4
1,15,4,103.7,23500000,0.0009670730855874037,8114.139799487425,9
2,17,4,104.0,23500000,0.004239776687669652,8730.84551401748,15
13,21,4,109.9,23500000,0.0020875023531024416,11997.114321444598,7
2,6,4,127.7,23800000,0.0014498301866184178,3375.4688542553668,3
3,4,4,119.1,23800000,0.0,25771.686993783038,18
2,5,4,106.8,24000000,0.0013483905635129575,2128.1454481731903,4
2,4,4,104.9,24000000,0.003160445171977163,2813.195954903336,2
4,7,4,78.3,23999999,0.0008805723040561091,3628.9229380044976,2
2,7,4,107.7,24000000,0.001990983211985616,3240.679172832052,2
11,15,4,120.0,24000000,0.000822123000171692,8962.298901947583,14
2,6,4,111.5,23950000,0.0029416318351969837,10316.100383537427,15
2,3,4,148.9,24000000,0.001192133738631685,4372.1142936598735,2
4,4,4,111.5,24000000,0.001890079575106753,886.922027271396,2
7,7,4,102.3,24000000,0.0010942742845757073,1507.2809126854377,1
4,6,4,98.6,24200000,0.00039156366874899037,6797.283097041601,4
2,4,4,100.9,24200000,0.000977188386394893,1637.2891689661408,3
2,6,4,107.81,24600000,0.001987112689533217,3348.245193482444,2
8,16,4,106.9,24600000,0.0006083827293231791,5688.366794678347,4
3,5,4,90.0,24500000,0.0013492403873906862,5399.880242844531,9
4,6,4,160.0,24400000,0.004475373632703386,2702.3476738975087,2
20,24,4,100.0,24700000,0.0008455441208736006,12530.881883883609,6
2,7,4,128.0,24700000,0.001972435497523116,2995.018525035292,2
13,19,4,136.0,24900000,0.00028330739830155597,12547.278936446406,17
2,3,4,104.0,25000000,0.004307926772552115,2301.2479704288617,2
3,7,4,120.8,25000000,0.0018896268160214032,7948.3684631536735,17
2,4,4,104.5,24990000,0.00039470800902142815,2741.5364974723525,3
3,6,4,165.1,24990000,0.002925783695712296,2064.704429685433,4
2,5,4,110.0,25000000,0.0011133715330342582,2183.7146913347647,3
5,7,4,150.0,25000000,0.000301029934251953,13578.58566369205,6
4,5,4,104.0,25000000,0.0011920151483597932,1120.3352834836094,3
2,3,4,104.1,25000000,0.004307926772552115,2301.2479704288617,2
2,7,4,156.1,24900000,0.0,13525.388027939807,6
2,10,4,118.1,25000000,0.0006612767643124906,9555.863798734928,9
3,3,4,108.3,24997000,0.00043412353632931144,2446.042898047725,3
4,10,4,112.3,25000000,0.004585424410103146,8956.407991077307,17
1,7,4,101.1,24900000,0.0003257851402188593,3353.57942296926,3
2,14,4,110.0,24900000,0.00099430437844147,4760.086111585443,9
5,6,4,167.5,25000000,0.0005178831244494755,12366.241200692277,6
4,6,4,112.3,25000000,0.004409487350381994,1233.744179467947,2
9,17,4,103.3,24900000,0.0009242128663766795,10131.363208253762,14
3,18,4,128.3,25018500,0.0004583585452763669,5990.41003231455,4
9,25,4,115.3,26199999,0.001232962912107739,12182.64754870822,8
4,5,4,138.0,26000000,0.0,2099.0365495569285,18
6,7,4,172.2,25990000,0.003928737163330148,7270.707736134145,8
4,7,4,131.7,25990000,0.001819054433975489,2884.3577155494872,1
3,6,4,94.6,26000000,0.001778674883263597,1994.592111160589,4
23,24,4,105.0,26400000,0.0,11913.320766152678,13
11,17,4,130.0,26500000,0.002341400696249683,6447.126714797336,9
3,3,4,106.0,26500000,0.0015831509254243716,1436.7180989555209,4
5,25,4,166.1,26500000,0.0009125379602749768,4974.065515998596,4
4,4,4,100.0,26800000,0.0026375505792844392,3582.3222636435485,6
2,10,4,112.6,26856000,0.0009110784384702303,7802.482307922911,6
13,13,4,153.8,26950000,0.0006869596654223705,5585.822954771498,4
3,6,4,106.2,27000000,0.0022063161486976864,2139.7869996399745,2
2,3,4,181.9,27000000,0.00038482923824623334,2600.1836923358032,4
3,3,4,132.3,27000000,0.0008555868365152866,2377.3600186110375,2
3,6,4,103.3,27400000,0.0027969161605314275,10323.806385297112,7
2,6,4,138.9,27300000,0.01347147721915951,1965.4330388954597,4
4,4,4,100.0,27400000,0.001164346913702414,1136.694205237454,4
14,14,4,104.3,27475000,0.00036045523331633547,6320.613088896074,4
3,7,4,95.7,27295000,0.0033969590406414557,3456.5920611081924,2
2,3,4,165.0,27600000,0.0007588219431107562,10457.209121660106,9
4,5,4,135.3,28000000,0.0013520191049342677,3483.952003956185,1
7,9,4,140.0,28000000,0.0021449106101487673,11140.350634210099,6
5,6,4,170.4,27900000,0.0,23965.6254853951,11
1,3,4,90.8,28000000,0.002616124516588395,3867.9610885279594,14
15,25,4,117.87,27850000,0.0017993629905311522,6347.713167246244,9
6,6,4,95.5,28000000,0.0038859908979043314,2553.138304512012,1
4,7,4,129.0,28000000,0.0026732085001859793,8437.190593841515,17
5,6,4,188.6,27900000,0.0,23965.6254853951,11
4,5,4,145.4,28000000,0.005002015478847008,2855.751451688749,2
16,20,4,129.2,28000000,0.0008462676686454447,9247.414164013771,9
7,15,4,108.3,28500000,0.0012382485835388366,5380.889353102502,6
4,6,4,128.9,28400000,0.0031752900942959325,4135.407645863177,2
11,12,4,114.0,28490000,0.0,26279.85550553377,5
3,3,4,115.0,28400000,0.0025358881738283467,2377.3600186110375,2
1,9,4,132.3,28890000,0.0021449106101487673,11140.350634210099,6
4,5,4,115.5,28800000,0.001613088242533001,1126.32967693099,2
3,11,4,106.7,28800000,0.0012122260244920155,3976.961943658586,2
2,5,4,132.5,29500000,0.005433660418436456,769.6943753148018,2
4,5,4,113.2,30000000,0.0018480882829686105,7470.69348283386,7
2,4,4,101.7,30000000,0.002209458745965206,1031.3159902892075,3
3,15,4,141.4,29950000,0.010148383262151645,9205.090592594384,8
1,4,4,104.8,29999000,0.00661429448352098,2228.086236535386,2
2,3,4,170.0,30000000,0.0,23280.235443899295,11
2,16,4,116.0,29995000,0.0011729700035659504,10505.16476906526,7
1,9,4,109.1,29800000,0.0008494885513084245,3693.05383697214,1
2,4,4,100.2,29900000,0.0007784098901501544,3301.2880186576845,2
13,15,4,160.2,30000000,0.0008419968260029532,9274.277008168223,9
11,27,4,114.0,29848000,0.000641247783795973,9798.439894365834,7
12,12,4,141.4,31000000,0.0010648680027101085,9334.848034925119,6
10,12,4,102.9,30900000,0.0008071183745330478,7245.556460348521,7
3,3,4,102.0,31000000,0.0003030705654457012,11325.717767453749,9
3,6,4,120.8,30770000,0.0026135849654063343,2094.3286992218273,4
2,4,4,144.0,31072765,0.002562037789627216,1612.6399304860968,3
2,6,4,112.3,31500000,0.0005227023775216838,2758.882271895627,3
8,14,4,128.0,31700000,0.0008538340575876894,8766.763812913545,7
3,4,4,131.0,32000000,0.00034022509069309316,9810.904434984974,9
3,15,4,160.9,32000000,0.001235906347161793,8201.666106464789,15
2,6,4,112.5,32000000,0.0,12867.669865201253,13
5,5,4,97.7,32000000,0.002233397087885773,2084.148264404248,1
12,19,4,122.0,32000000,0.001815102318700612,5050.66641579493,7
7,15,4,132.1,32000000,0.000885686132906934,5477.637127443246,4
4,4,4,118.8,32900000,0.001738647799836946,1582.6851811771305,4
3,7,4,150.7,32990000,0.000575553716362786,4197.264180119816,4
33,35,4,130.0,33000000,0.0006377464478682051,14356.517722025641,15
3,6,4,133.5,33000000,0.0019157025814383762,1770.3361878104727,1
3,8,4,80.5,33999999,0.0008223677203072393,2884.3120782172614,1
12,16,4,153.0,33999000,0.0007000805217831153,5507.82707271127,4
2,4,4,143.0,33999999,0.0008181710674845669,3598.6892182486686,2
5,5,4,112.6,34000000,0.002340612159809193,1989.7942286793843,1
12,12,4,92.7,34500000,0.001140434331557724,5895.844544992677,10
2,8,4,158.1,34500000,0.0017232108254609422,3952.4479066602303,2
3,15,4,139.7,34500000,0.0013999803782164845,11261.994091802659,6
11,14,4,110.0,34600000,0.00099430437844147,4760.086111585443,9
6,18,4,102.4,34900000,0.0011299032997595132,11774.01433540708,14
3,6,4,123.8,34900000,0.0008798818885662104,3737.961415274613,2
4,6,4,114.6,35000000,0.0007938557332994485,1589.0041581749301,2
3,6,4,160.0,35000000,0.0008876027113645173,3762.3848745762957,2
2,10,4,159.7,35000000,0.0009332330594970431,9297.094733376312,6
16,21,4,120.0,35000000,0.00036792410631883763,6973.704459245435,4
5,6,4,150.0,35000000,0.0,2592.6741362088114,4
7,9,4,123.1,35000000,0.002085519405499236,3160.717190044389,3
5,6,4,101.2,35000000,0.002060556158408588,2625.739679222076,2
19,23,4,106.0,35000000,0.00024025612000818083,8057.476630819977,8
22,25,4,120.0,36000000,0.0006478379792530324,9972.29550953488,7
4,4,4,168.0,36000000,0.002097878696611097,1952.561052986493,4
2,7,4,195.6,36000000,0.0042425182712071815,2838.326549860965,2
2,9,4,110.0,36170000,0.0008001889571493832,4451.82331868231,1
4,9,4,133.8,36795000,0.0004686506157848395,3762.615198787548,4
2,6,4,127.0,36490000,0.0005121926874339337,4569.543021470943,2
5,9,4,134.1,36877000,0.0004616087094608258,3762.615198787548,4
4,8,4,122.0,37700000,0.0007647119970591961,3918.5140509483917,1
4,8,4,118.0,37800000,0.0007647119970591961,3918.5140509483917,1
13,25,4,151.1,38000000,0.0009125379602749768,4974.065515998596,4
3,8,4,145.0,38000000,0.0037341391197851545,10195.335429541472,7
22,23,4,171.1,38000000,0.0010920856320671337,9095.995539723635,6
4,10,4,118.0,39000000,0.001516712111360207,11952.948826589565,7
5,7,4,170.1,38950000,0.0008374102138359112,2471.8194598946493,3
8,20,4,122.0,38800000,0.00036792410631883763,6973.704459245435,4
25,25,4,120.0,39500000,0.0011047304099865982,10383.174740491942,7
14,14,4,159.8,39500000,0.0029839733878668623,4101.633107878968,7
2,3,4,210.0,39500000,0.0003583914337185958,9875.10130937399,9
2,3,4,216.5,39990000,0.00031347786041053085,11131.16459476165,9
3,10,4,104.7,39950000,0.0008637587715402691,6056.430378471683,10
5,8,4,118.4,39900000,0.0008512356112253,3885.9937828254906,1
4,7,4,134.1,40000000,0.00041162889235484224,2619.750732172768,3
3,4,4,156.8,40000000,0.0021554361589690325,1933.0786861374875,4
3,9,4,175.83,39900000,0.0008859862871672889,9517.14883491565,6
3,8,4,125.0,40450000,0.0007647119970591961,3918.5140509483917,1
6,6,4,122.3,40980000,0.0030090220849231385,2724.3619468037755,1
4,11,4,144.6,41800000,0.003107656469896099,3715.941138313752,3
21,23,4,170.0,41500000,0.002328641413325417,11967.262951966453,7
5,5,4,166.7,41800000,0.006034520282325827,4319.5703939475015,2
12,12,4,158.5,43100000,0.00447286469357285,3827.810547114843,14
4,4,4,152.0,42950000,0.0002897858883343461,11476.718128996312,9
7,8,4,137.0,43500000,0.0,22992.791997666063,18
2,7,4,134.4,43800000,0.0017541423339332972,3391.171221789887,3
6,7,4,140.3,44500000,0.001309727615040442,1305.0717459097198,1
2,8,4,130.0,44680000,0.0007796067408117638,3531.0111824615014,1
3,10,4,127.0,45000000,0.0017294430626381009,2048.9277148293127,1
4,4,4,150.0,44950000,0.0002897858883343461,11476.718128996312,9
10,12,4,129.9,45000000,0.0,12876.828790887144,13
7,8,4,101.9,44999999,0.005291079940110172,3763.9339869255887,3
3,4,4,168.3,45700000,0.0009194670279371068,1828.7304892051038,3
1,6,4,158.0,47000000,0.0017915557994799324,533.2313297624225,3
6,7,4,181.3,47000000,0.0010824486073374912,7505.107017751414,7
3,7,4,152.1,48000000,0.004331501065233828,4205.922052343283,2
10,11,4,215.0,48368000,0.0007102254707267162,3211.482607485536,4
4,4,4,205.3,48245500,0.0,26627.789547905737,18
2,8,4,135.75,49105000,0.0075983598120605775,3798.5727225964483,3
10,15,4,184.0,48700000,0.00033060494975249987,5669.4328951454145,10
3,6,4,140.4,50000000,0.001623739973775394,1209.443565839567,1
2,5,4,98.0,49995000,0.0015096813749308241,2433.284330588411,4
2,5,4,216.4,50000000,0.0003407574947879723,5718.037616627806,10
5,5,4,221.0,49900000,0.0017915557994799324,533.2313297624225,3
2,7,4,138.5,50930000,0.0017541423339332972,3391.171221789887,3
12,15,4,150.0,51000000,0.0010458026425740536,11983.995770128491,7
2,9,4,143.0,53000000,0.0008001889571493832,4451.82331868231,1
2,9,4,175.0,53280000,0.0007888320126530738,3372.3078697533624,1
4,5,4,118.7,54000000,0.0008190814807107928,2637.6730346614504,4
3,5,4,136.0,53900000,0.002246213756525413,1688.6642406440178,2
8,10,4,150.34,53900000,0.004268622705045566,2559.896809408433,1
2,7,4,142.0,55640000,0.0017541423339332972,3391.171221789887,3
3,7,4,161.0,56000000,0.0022178944374840544,2831.29229038447,3
7,8,4,132.3,56000000,0.0005369793266227002,3531.0111824615014,1
15,20,4,154.5,57000000,0.0013043732019337045,4683.216833441361,9
2,4,4,126.3,58500000,0.0,13711.056488095719,13
1,6,4,192.7,58800000,0.0015984735487700311,5102.213842566818,1
9,20,4,168.0,58400000,0.0008606429687940384,7074.693753651223,6
9,10,4,170.0,59400000,0.000750303901846428,3695.8820957986236,1
35,36,4,250.0,60000000,0.0005258998371725946,14356.517722025641,15
5,5,4,210.0,59900000,0.00031491343069559106,11208.217505854567,9
4,6,4,147.4,60000000,0.002494719461842784,998.5751217027115,2
4,25,4,148.9,59500000,0.0016973363663086952,5647.262765118621,9
6,6,4,213.3,60000000,0.002116478069169843,2329.848134393702,1
1,7,4,133.0,60990000,0.0,4212.288532801294,1
2,7,4,179.7,61000000,0.0009722915371898438,3673.0205801863285,1
13,26,4,207.0,62100000,0.0009318325834492954,6996.81327187456,9
2,6,4,151.5,63000000,0.0016513590781212144,7541.420482237377,7
3,9,4,190.0,62890000,0.0008001889571493832,4451.82331868231,1
5,5,4,153.0,64000000,0.0017915557994799324,533.2313297624225,3
6,10,4,123.0,65000000,0.000739675710041052,3004.5218526647927,1
4,5,4,135.0,65000000,0.0015807238862413418,3090.1108164893853,1
8,8,4,212.0,64500000,0.002085519405499236,3160.717190044389,3
3,3,4,187.7,65000000,0.0013299307736230742,1108.2601779691622,3
4,4,4,234.1,65000000,0.001795591788127753,3291.4633185512394,1
7,8,4,154.38,67386870,0.0008747445293068499,2661.784330717631,1
9,9,4,177.3,69000000,0.001580664945911931,2063.09464018456,1
9,9,4,128.4,69000000,0.0010544613260160182,3599.2432295105223,1
5,7,4,157.0,69500000,0.0011146908616350999,8749.244220156093,9
12,14,4,124.5,69800000,0.001140434331557724,5895.844544992677,10
7,13,4,157.0,69900000,0.0008206603957062577,3721.5785300542093,1
4,9,4,170.3,70000000,0.0035279837958000584,4244.35409784033,1
2,4,4,238.1,70000000,0.0007249573410145915,1786.4915650545793,2
3,8,4,157.0,72000000,0.0011146908616350999,8749.244220156093,9
8,15,4,140.0,74000000,0.0011497423066221203,4614.727033263814,9
5,6,4,223.0,73900000,0.0022063161486976864,2139.7869996399745,2
4,7,4,143.6,74990000,0.0008001889571493832,4451.82331868231,1
5,6,4,211.0,75000000,0.001182825006111852,1830.008993911949,2
3,9,4,171.0,75000000,0.0010205646463164642,2877.075534851844,1
1,11,4,202.9,77600000,0.0004969811736658589,3673.0205801863285,1
9,9,4,479.0,78000000,0.0007178533602236965,5782.813532374472,4
2,9,4,220.4,78900000,0.0035279837958000584,4244.35409784033,1
5,7,4,146.0,80385000,0.0009276132935055327,3749.575306993095,2
4,7,4,175.0,81900000,0.0025375680889356714,2719.435388551773,2
5,6,4,180.0,84990000,0.000929960688708712,3677.7575208208427,2
2,6,4,138.4,85000000,0.0015294672293613488,2284.959700121106,2
11,12,4,163.4,85000000,0.000750303901846428,3695.8820957986236,1
3,5,4,149.8,85000000,0.0005038989619270249,4651.930177679333,2
3,5,4,149.8,85000000,0.0005038989619270249,4651.930177679333,2
3,5,4,149.0,85000000,0.0005038989619270249,4651.930177679333,2
4,8,4,137.9,89000000,0.0003031159154060083,4771.155201469466,2
7,7,4,212.4,88722774,0.0009688857226748248,2899.001829799266,1
3,6,4,200.0,95000000,0.001295404014643349,3973.8300714368984,1
10,10,4,216.5,95000000,0.0008244564828962379,2872.8615717688986,1
4,9,4,143.9,96000000,0.006388272754761097,4619.6920389545385,1
9,13,4,147.6,96600000,0.0007178598224041067,3461.327499486661,1
10,10,4,176.7,99000000,0.0005480700515330452,4409.175466634668,2
2,7,4,203.0,99000000,0.012322870052150468,4439.673837499486,1
5,8,4,152.0,100000000,0.0004891638774810748,4711.363240172381,2
3,8,4,145.3,105000000,0.0005349521078156566,3936.967246828763,2
4,7,4,172.0,109000000,0.01724827538520999,2737.4649955779128,1
5,6,4,200.0,110000000,0.0015294672293613488,2284.959700121106,2
2,6,4,200.0,113000000,0.0014987729156822214,4300.712229066798,1
3,9,4,181.1,120000000,0.00775788112059562,4394.734129035753,1
9,9,4,450.0,119900000,0.0011864372277225084,2728.6599704227347,1
8,12,4,280.0,125500000,0.0005499837701337888,3461.327499486661,1
2,8,4,187.0,128980000,0.006388272754761097,4619.6920389545385,1
6,6,4,238.0,135900000,0.0013032808098129304,2435.2987978062,1
7,7,4,237.3,139554200,0.0008001889571493832,4451.82331868231,1
7,7,4,237.4,144275400,0.0008001889571493832,4451.82331868231,1
4,7,4,215.2,150000000,0.0004891638774810748,4711.363240172381,2
7,10,4,162.6,160000000,0.0009622054747303848,3564.606901672357,1
8,9,4,156.0,170000000,0.0010960334586016364,3229.846786518408,1
3,7,4,209.1,178000000,0.0009622054747303848,3564.606901672357,1
7,7,4,163.7,180000000,0.0009809401982689178,3913.909111700432,2
2,7,4,244.2,179000000,0.0044200018531996045,4489.311332482548,1
6,10,4,170.6,185000000,0.0010283088340850663,3508.154730292333,2
12,12,4,243.0,190000000,0.0006555002175607424,4114.176818065168,2
4,10,4,228.0,197287399,0.000858927775029865,3564.606901672357,1
4,10,4,228.0,197287399,0.0009622054747303848,3564.606901672357,1
3,7,4,198.0,200000000,0.0008822638315002717,876.7299223861091,1
1,6,4,199.8,220000000,0.0003451713373519353,1668.9757503066862,1
4,9,4,185.0,230000000,0.0012000249922744523,2323.5883499707597,2
4,4,4,254.7,231000000,0.0011463100278875343,3806.8096443883423,1
4,4,4,257.4,231000000,0.0011463100278875343,3806.8096443883423,1
4,6,4,203.0,295000000,0.0042791139346944,538.4197838081402,2
7,7,4,240.7,349000000,0.001445500708667435,2366.369357880554,2
7,7,4,240.7,349000000,0.0012000249922744523,2323.5883499707597,2
3,5,-1,88.6,860000,0.002234421807066292,1966.2850887981474,1
6,7,4,192.7,260000000,0.0020251836259675498,4361.997278608112,1
4,5,-1,89.7,1880000,0.0009582535511958827,12929.475642306592,15
2,6,-1,73.7,2000000,0.0016681216839592027,2483.0221744265086,4
5,9,-1,86.0,2450000,0.0,27559.82918332137,16
5,5,-1,10.76,2500000,0.0009296500033526369,2542.84448601126,4
4,5,-1,73.8,3500000,0.0,21110.791289460998,7
5,5,-1,120.0,3550000,0.0009087943431930744,3585.0043963437506,2
4,4,-1,107.0,3600000,0.002833063366311572,3526.0660486941006,14
8,9,-1,74.0,4800000,0.0007185673235517793,9882.654112824115,14
7,10,-1,86.0,5000000,0.0023314052137575546,8356.113957897851,14
3,3,-1,62.2,5100000,0.004131942502624023,3125.38869935864,2
3,5,4,64.0,5500000,0.0,33576.833906219064,11
2,5,4,59.3,5950000,0.0,26257.7752514478,16
5,5,4,49.0,6400000,0.00172253875138691,10294.627365684306,17
5,5,4,49.8,6400000,0.0014413661518456434,11068.184803480492,17
1,5,4,49.0,6450000,0.0014394520231588816,11442.583259566078,17
4,5,4,49.2,6500000,0.0008242594767576096,10710.407618797426,7
3,5,4,49.0,6500000,0.001324273027938509,10124.753521459736,17
3,5,4,49.5,6500000,0.0016356061590006472,10977.70438724873,17
3,5,4,49.0,6600000,0.0,15747.271153831902,13
5,5,4,51.6,6750000,0.0006791295165553096,9896.64155241942,7
5,6,4,47.9,6750000,0.0012552366389792411,8513.539875342074,17
3,5,4,49.1,6850000,0.001147132159167327,10438.12717594656,7
5,5,4,49.0,6950000,0.00046098579043848053,10288.826265165037,7
1,5,4,49.1,6999000,0.00413651320393235,11435.195494503032,17
4,5,4,49.1,6990000,0.0011239732999124552,11122.567997105343,17
3,5,4,49.0,7000000,0.0011412956934902737,11648.751077084507,17
1,5,4,48.9,7000000,0.001620170100791058,11105.742071517814,17
3,5,4,48.6,7000000,0.00413651320393235,11435.195494503032,17
1,5,4,49.0,7000000,0.0015055118159509402,12206.072135903683,17
3,5,4,49.0,7199000,0.001620170100791058,11105.742071517814,17
2,5,4,49.0,7200000,0.0012981126943041558,11296.32722708897,17
1,5,4,49.0,7350000,0.0008772792620128108,8400.910877072089,14
1,5,4,48.6,7499000,0.0012754258790080443,11167.856427093988,17
3,9,4,68.0,7490000,0.0,27851.172822601613,13
2,5,4,58.7,7500000,0.0013028216875097536,8286.849078537698,17
2,5,4,49.4,7500000,0.00044512250949580855,13548.13622824715,17
4,5,4,60.2,7500000,0.0010763116751051178,12344.674567829868,17
3,5,4,49.1,7500000,0.0016306013760179847,11545.780331909897,17
4,5,4,49.0,7500000,0.0023959789354711,9067.334983519764,14
4,5,4,62.0,7500000,0.0,25807.707873270014,13
5,9,4,74.0,7500000,0.0,27559.82918332137,16
4,10,4,73.0,7600000,0.0,19770.81717950233,13
2,5,4,49.3,7600000,0.0013553885778925946,10231.64964193141,17
5,5,4,48.9,7600000,0.0,15655.629442351606,13
1,5,4,48.5,7650000,0.0,15634.312550699275,13
3,5,4,49.9,7700000,0.0023182312271079314,11573.088588772107,17
5,5,4,60.2,7849999,0.001745294735744115,10587.627816634456,17
4,5,4,49.0,7800000,0.0009170500627342834,11539.216739885871,17
4,5,4,59.5,7850000,0.0005915419837347412,11801.83578802116,17
3,5,4,49.0,7900000,0.0013493726682316475,8586.458007461688,17
3,5,4,49.0,8000000,0.00482866223478691,10354.637297005007,17
9,9,4,79.8,8000000,0.0,27012.08265084478,16
5,5,4,48.1,8000000,0.0,15634.312550699275,13
2,5,4,97.6,8200000,0.0,21202.60297811823,13
2,5,4,59.8,8200000,0.0005068649799701801,13313.185470556158,17
2,5,4,49.2,8290000,0.0009946075958164313,11750.83254813254,17
3,5,4,60.0,8300000,0.0010270902374781025,11691.122214967785,17
1,2,4,54.2,8500000,0.0,10777.382746130494,10
2,5,4,49.4,8500000,0.0017931091056268321,8745.80823748242,14
2,5,4,58.8,8500000,0.0025575585874325745,10003.354999629211,17
2,9,4,62.4,8600000,0.0007445327837300944,10844.9304109918,15
5,5,4,59.1,8599999,0.0,11425.942670489656,17
1,9,4,73.5,8600000,0.0005858712622240953,10637.022914054336,6
7,9,4,71.5,8700000,0.0,26925.23064925352,16
8,9,4,91.9,8800000,0.0,24211.743346030977,16
3,9,4,78.4,8900000,0.0,26572.568454018696,16
4,5,4,59.3,9000000,0.0038430885853579714,10570.627941785877,17
1,9,4,72.7,9000000,0.00032753833231638176,10080.677914553246,10
2,2,4,81.6,9000000,0.0,26048.383605232728,11
1,9,4,76.0,9000000,0.0006115770150476426,10370.344532426694,15
1,9,4,76.0,9000000,0.0002962571676026439,9481.059245149836,10
1,9,4,72.2,9150000,0.00026426510536034303,10300.809957999894,10
1,9,4,74.2,9150000,0.0015101014809577983,9405.696013354003,14
6,6,4,74.8,9400000,0.0,21955.576495381472,18
3,5,4,60.3,9450000,0.0014883255058237086,9937.607184911385,14
1,12,4,84.0,9499999,0.0,15096.284343192792,13
7,9,4,97.4,9500000,0.0,28304.55689247634,13
4,5,4,59.3,9500000,0.0010948414646109637,11588.012890342803,17
2,9,4,73.3,9500000,0.00047497999528281335,10084.839422355988,8
4,14,4,78.0,9500000,0.0,8400.570673532635,10
5,8,-1,107.0,9600000,0.001155465451820089,3610.7024972155764,1
6,9,4,74.5,9700000,0.000864499433781766,10029.376897174927,15
1,4,4,91.3,9700000,0.0,26362.697752087686,16
8,10,4,87.5,9800000,0.0,12684.783481619159,10
9,9,4,64.4,9800000,0.0005741477527136059,9788.492324241784,14
1,10,4,80.8,9800000,0.000315424163145002,12567.557561595715,17
3,5,4,59.5,9800000,0.0032191881873121133,10387.321064929516,14
4,5,4,85.6,9990000,0.0010007899574617579,12929.475642306592,15
1,9,4,73.6,9990000,0.00025460301269159,10222.077704759864,10
4,9,4,73.0,10000000,0.001434242293130375,8061.692119786112,9
1,14,4,75.0,10000000,0.0,10361.703357491668,10
1,5,4,90.0,10200000,0.0005342283332222214,9068.623946659536,7
7,9,4,72.0,10200000,0.0002933096698072386,13976.890807548318,6
1,9,4,75.7,10165000,0.0006750220127001938,12763.463482449513,6
1,9,4,75.7,10250000,0.0006750220127001938,12763.463482449513,6
5,9,4,73.3,10250000,0.0007622331413805795,13913.699541646138,6
7,9,4,73.2,10300000,0.0002491571896820703,10321.638755886863,10
12,14,4,74.6,10299999,0.0009207940176497438,12753.747523287395,6
2,9,4,73.6,10250000,0.0005770913339926463,9922.198780878534,8
1,10,4,86.8,10400000,0.0,19197.152500990596,13
8,10,4,86.4,10399999,0.0,27923.663589812968,13
7,9,4,74.1,10480000,0.0008286796450511072,10200.071066321289,6
7,9,4,75.0,10500000,0.0017696884954661837,11724.912997103613,6
9,9,4,74.2,10450000,0.0009409135939319896,12380.857986101117,6
5,5,4,48.6,10500000,0.0029020254572751417,10527.537376824344,17
6,10,4,73.4,10500000,0.0008435949011226614,9442.794295154019,14
3,6,-1,96.0,10500000,0.006565749842610255,10309.176667150827,15
3,9,4,64.0,10590000,0.0033484676360805194,8710.270565326171,14
1,9,4,78.51,10600000,0.0007621188056008075,8300.15694143633,14
3,9,4,74.0,10700000,0.0008257006700442817,10962.33343883866,6
1,9,4,88.6,10700000,0.0,27535.308815672375,16
9,14,4,75.0,10700000,0.0,14605.076872035155,13
6,14,4,74.0,10800000,0.0009997704155347703,12636.23709022344,6
1,9,4,78.1,10999999,0.000736230864251203,11565.87278803246,6
3,6,4,75.5,10980000,0.003931826808802985,4692.958085412356,3
10,14,4,74.8,10999000,0.0011909264062414553,16621.00655245826,15
5,9,4,73.3,10990000,0.0002167993714415152,10532.099014711654,10
6,9,4,75.1,11000000,0.003407160880205937,9040.724266661255,15
5,11,4,73.1,11000000,0.0018006881618264207,12391.652083251676,7
6,9,4,76.7,11000000,0.0007979976603593453,11904.691169120659,6
4,10,4,72.2,11000000,0.0007872275829581431,12464.739367112192,7
5,9,4,77.2,11090000,0.0007210426821283182,9566.660203267596,15
8,9,4,76.4,11100000,0.0031416550600670847,8688.62072144777,14
8,9,4,77.5,11200000,0.0012939559217185143,10809.612580783234,15
3,9,4,72.9,11300000,0.0007865581322336966,10457.063809848341,15
7,7,4,74.0,11300000,0.001382860698246465,3429.801922708482,3
1,10,4,89.2,11500000,0.00034148299333564523,10746.467048133694,13
8,10,4,73.4,11500000,0.000830522655336839,8228.849383040384,9
6,25,4,108.0,11500000,0.0004730230058844114,14820.628191315078,18
8,9,4,74.0,11500000,0.0008257006700442817,10962.33343883866,6
9,9,4,73.0,11500000,0.0009069808741208032,11569.717139394843,6
5,9,4,79.7,11500000,0.0007611165618260269,10188.322488771963,15
5,7,4,73.0,11500000,0.0,31250.280438378835,12
24,27,4,90.7,11650000,0.0012118628549632822,14428.167988401361,6
9,9,4,73.4,11750000,0.0009845949878291333,12648.371573332153,14
3,14,4,82.7,11890000,0.0,26892.37078726857,11
2,11,4,93.9,11990000,0.0,22757.142736821595,18
12,14,4,74.1,11999998,0.0013551396477662582,16470.794101302447,15
9,10,4,88.0,11900000,0.0,4295.9037797657365,16
2,9,4,73.4,11900000,0.0005523623701821953,10777.658644234136,6
7,18,4,92.9,12000000,0.0006000159099681303,12873.016661490987,10
6,6,4,59.7,12000000,0.0018059388372612638,2133.6967865010647,1
4,7,4,98.4,12000000,0.0030342753229319216,2034.8641627737366,4
1,10,4,90.0,12000000,0.000951459899704268,9026.264672562556,9
2,14,4,74.2,12000000,0.0003719991547069351,10825.843718388523,13
6,14,4,74.6,12000000,0.00025475591390013754,8438.22610605035,10
6,7,4,90.2,12299999,0.0010536574913981194,2611.972350163371,4
5,5,4,69.2,12300000,0.0009707492497321987,3654.0114348488737,2
9,10,4,87.7,12250000,0.0003078722316820356,11023.078793080509,9
2,5,4,108.8,12498000,0.0014724192924668487,7819.481223209119,15
12,14,4,75.0,12500000,0.0011909264062414553,16621.00655245826,15
6,7,4,92.0,12500000,0.0010536574913981194,2611.972350163371,4
14,14,4,71.3,12500000,0.0,15565.713612676038,13
3,4,4,97.8,12500000,0.0,17756.850191479694,16
9,18,4,69.9,12500000,0.0,15498.264331662738,13
1,9,4,80.7,12500000,0.0017103796607979658,13084.346550092085,14
6,10,4,100.9,12699000,0.0,18842.763874870983,6
3,14,4,75.0,12690000,0.0009931418112402565,8907.97298182467,15
5,5,4,83.0,12800000,0.002886145294600513,3218.212160739271,2
2,9,4,74.1,12900000,0.0009340173664469701,13176.769300783408,6
4,4,4,81.5,12900000,0.0,26489.525591041478,18
7,18,4,93.3,12990000,0.0006000159099681303,12873.016661490987,10
3,4,4,80.0,12950000,0.002255903897512653,3892.466265386225,2
10,18,4,95.5,12900000,0.000562982683626816,12923.305993098335,10
9,9,4,82.1,12990000,0.0,13957.320636500148,13
6,9,4,89.3,12900000,0.0,15417.409131138218,13
7,9,4,77.7,13000000,0.0008697005085447916,10218.357960779304,8
1,10,4,73.3,13000000,0.000479552259022916,10171.750171687983,8
2,3,4,110.0,13000000,0.0,24859.915392268715,13
5,5,-1,100.0,13000000,0.0013654254077868195,2446.3283946427964,4
9,10,4,78.2,13200000,0.0006415855164355901,12088.887389551532,6
4,9,4,82.6,13300000,0.00023398620349643004,13957.320636500148,13
5,7,4,76.8,13500000,0.0018236791550767834,2159.6612472471306,3
1,9,4,77.7,13500000,0.0020653930140936056,9817.462644733343,15
1,10,4,88.0,13500000,0.0003603140287059766,10602.169050297745,9
6,6,4,89.0,13500000,0.0024416705991537084,3519.4348025656063,3
6,6,4,86.2,13500000,0.0018072102898172922,3089.3199584597364,1
6,9,4,94.0,13500000,0.00466066666342014,12130.377940889844,6
2,7,4,86.0,13500000,0.0014043016229943498,3099.9038534155366,1
4,6,4,81.4,13600000,0.00030303351524249106,3526.5323365685235,3
4,7,4,104.3,13600000,0.0035158835355740864,8609.85831729279,17
8,9,4,73.0,13650000,0.001434242293130375,8061.692119786112,9
2,9,4,81.1,13760000,0.0014030177156929297,5050.901982756264,4
3,6,4,65.1,13700000,0.001857848237688488,2441.9350319310233,1
1,8,4,83.4,13700000,0.0009232997082554684,9225.890154839368,7
7,8,4,79.8,13700000,0.0033193853053753012,2831.492782671638,2
4,5,4,75.6,13700000,0.0015304489674532681,6147.886552249068,7
5,6,4,73.4,13800000,0.003438928501011145,2450.0143548505325,2
2,10,4,81.0,13900000,0.0014030177156929297,5050.901982756264,4
13,16,4,93.3,13800000,0.0,6146.635440363442,10
4,12,4,95.3,14000000,0.0010026436806447007,16295.760382748625,15
2,4,4,77.3,14000000,0.0,15667.595385551502,5
4,5,4,98.0,13950000,0.002840185829049922,2015.3465742283342,4
2,3,4,85.3,14000000,0.002123223534405355,11874.877772328568,17
2,4,4,77.2,14000000,0.0018116447474394457,3148.769183161439,2
8,9,4,74.8,14000000,0.0008435949011226614,9442.794295154019,14
1,10,4,75.9,13995000,0.0010903384773252693,12577.883988482543,8
3,10,4,86.1,14000000,0.00047073661321565417,10007.148842277667,9
3,6,4,112.0,14000000,0.0,24840.41635264812,18
3,4,4,85.0,14200000,0.0,18595.016075974003,12
5,7,4,89.4,14100000,0.003931826808802985,4692.958085412356,3
5,5,4,93.1,14350000,0.0013693223001916644,2139.802345134126,1
8,18,4,93.7,14290000,0.0,12840.796249121604,10
3,5,4,99.8,14499000,0.0014779976456840414,4069.883696735373,14
2,5,4,75.2,14400000,0.002070383271478221,2890.816333061548,2
1,3,4,84.5,14400000,0.0013317528686060856,1388.4604572824874,4
1,17,4,85.3,14500000,0.0033104800243024114,8212.984887962179,9
2,12,4,95.6,14500000,0.001020980453062857,15385.011379482423,15
5,5,4,119.0,14500000,0.002757440976487716,2823.811268002697,2
1,9,4,78.9,14499000,0.0006013394968851357,12383.600177649056,6
1,10,4,78.9,14499000,0.0006013394968851357,12383.600177649056,6
4,7,4,88.0,14799000,0.0032257402313091705,4212.154298781389,7
9,10,4,87.4,14700000,0.0016237352198423065,8624.062896414467,15
5,12,4,94.0,14700000,0.0017368655221205035,7466.253593604351,9
5,6,4,111.0,14900000,0.0008186198784551549,6037.617078137705,17
2,7,4,94.4,14850000,0.0003063905137877506,3494.8870440542005,3
7,18,4,107.2,14900000,0.0,12062.179015729305,7
2,5,4,80.0,15000000,0.000708843198433369,3162.3094375146916,2
1,5,4,90.5,15000000,0.0005162058054781518,9058.466744688849,7
5,5,4,116.0,15000000,0.0007505597721261032,3666.2268953224034,2
3,5,4,99.8,15000000,0.0014779976456840414,4069.883696735373,14
5,7,4,74.7,15000000,0.0003908434023934365,4250.514112946539,4
5,6,-1,136.3,15000000,0.0017804027713515225,2024.2016938083393,1
1,12,4,93.9,15200000,0.0017368655221205035,7466.253593604351,9
2,16,4,119.8,15100000,0.00020510891311232107,8682.447062602208,10
19,20,4,99.8,15250000,0.0,11247.722522119675,13
6,17,4,95.5,15300000,0.0,11723.606109069337,10
1,9,4,110.0,15499000,0.0,12090.802195200155,13
5,14,4,104.9,15500000,0.0,14850.66382275377,6
3,6,4,79.8,15499999,0.0011674771427641157,1610.82907435339,1
2,5,4,75.9,15560000,0.006263400059153964,1825.7881999150227,1
2,6,4,99.6,15500000,0.0021442351970102098,2889.7771686544875,2
3,12,4,96.2,15500000,0.0014614466585357246,8716.387739486327,9
1,6,4,73.4,15500000,0.0015665248144025642,2124.000929822359,3
3,4,4,74.3,15500000,0.001141919289826131,1306.8436829063105,4
1,5,4,84.2,15500000,0.0008874408522389449,3883.0844656369113,2
3,6,4,85.0,15700000,0.0038768886956942064,2809.371219415612,2
3,3,4,99.1,15690000,0.0003752683255455906,5898.216102810819,10
2,5,4,72.1,15600000,0.0015077111388200667,6157.975201580355,7
5,14,4,91.0,15600000,0.0010556990677869156,4711.80705933001,4
4,5,4,100.6,15700000,0.0014327303499696168,3773.2090435777627,2
4,6,4,101.2,15790000,0.0014498301866184178,3375.4688542553668,3
9,16,4,86.0,15850000,0.0005063906835718182,10330.164076413308,8
1,12,4,88.0,15850000,0.00044024572447915475,9234.446657602162,9
2,5,4,89.1,16000000,0.0,14550.130857519487,5
12,19,4,108.0,15900000,0.0004803692086113785,12062.179015729305,7
4,6,4,95.7,16000000,0.0004711908783109023,5213.328616330487,8
5,5,4,95.0,15990000,0.0012547353412125496,1884.4858568649793,1
3,6,4,111.6,16000000,0.0014967111456519024,2803.407170612371,1
3,4,4,95.9,16000000,0.001388896404569524,4100.306744120241,14
3,4,4,96.0,16000000,0.001388896404569524,4100.306744120241,14
4,7,4,109.5,15970000,0.001828002079307053,3170.3157604802427,3
4,4,4,81.2,16000000,0.0026360353190035355,2091.2954752143237,1
4,12,4,95.8,15990000,0.0010026436806447007,16295.760382748625,15
5,9,4,96.0,16000000,0.0014080111775511496,12401.887305554574,8
3,4,4,74.5,16000000,0.0016150875342225667,2672.2878693981897,1
1,12,4,95.3,16300000,0.0009357408745321965,16233.204851508262,15
5,6,4,85.9,16200000,0.0012930618514561414,2483.8351710093752,1
4,6,4,81.0,16350000,0.000767960442796994,4212.154298781389,7
2,5,4,100.6,16300000,0.0009778725972486482,5957.430051049311,17
15,16,4,105.5,16250000,0.0006568429311925659,7617.318096824889,15
3,5,4,90.1,16320000,0.0030735890693138804,9917.495168057763,15
2,5,4,92.8,16500000,0.0004933185634941931,5704.564051432617,10
7,10,4,74.6,16499999,0.0009736246026862832,9520.956845236296,15
2,4,4,74.0,16500000,0.0009158321842249851,2536.702013525728,4
9,19,4,113.4,16400000,0.0,11803.088386018626,13
5,5,4,98.0,16500000,0.0010871443215423379,6518.533707387722,17
2,6,4,113.0,16500000,0.0015979033293898647,3429.232682769588,3
5,6,4,80.6,16400000,0.0014724610851936132,1867.9129414471577,4
4,8,4,90.0,16480000,0.010361036178271313,5075.252070451515,6
3,7,4,84.3,16500000,0.0015665248144025642,2124.000929822359,3
3,5,4,94.1,16500000,0.0026902921831342477,8628.457227982624,6
2,3,4,100.1,16500000,0.001051262551194305,1217.4601198315363,3
2,4,4,83.0,16700000,0.0013984211540699935,3581.576270456108,2
7,7,4,84.2,16750000,0.0,3750.110461219057,2
1,5,4,100.5,16800000,0.00141622815619521,2759.4248385553606,1
2,6,4,89.9,16700000,0.001138155006400377,5152.395142236984,9
5,10,4,89.1,16700000,0.0030289100962034173,8038.6420192051555,9
2,4,4,76.5,16790000,0.0010180614898651,2918.3697313714574,1
2,4,4,83.0,16700000,0.0013984211540699935,3581.576270456108,2
2,6,4,98.1,16700000,0.003931826808802985,4692.958085412356,3
1,5,4,100.0,16750000,0.0024581194846994324,5278.768712560279,9
2,6,4,89.9,16900000,0.001138155006400377,5152.395142236984,9
6,6,4,109.1,16950000,0.003671741219093097,3141.5386765230824,2
3,5,4,90.6,17000000,0.002886145294600513,3218.212160739271,2
5,6,4,88.6,17000000,0.0029345091622735167,1722.3753541124306,4
4,6,4,90.4,17000000,0.001640572727866348,2157.483424620921,1
2,5,4,121.0,17300000,0.003556681877653113,2536.4922274268056,2
9,12,4,81.7,17300000,0.001142425076156625,5255.1682415418245,4
4,4,4,146.0,17250000,0.0003548193584350737,2987.0730901366474,3
9,25,4,105.1,17343000,0.0005360607951744609,11606.638588724754,6
2,5,4,112.9,17500000,0.0,28358.88045048562,16
4,4,3,78.0,16800000,0.0018703649121198252,5095.318204175805,9
4,5,4,81.4,17950000,0.000933108453872491,2726.947158676419,2
4,8,3,67.9,16300000,0.0012246950712290366,3287.5858422330207,2
2,8,1,32.9,5990000,0.0024590726802812416,2043.5517966694472,4
5,5,1,32.1,6965700,0.0014750942134710988,2031.4599046271317,4
13,14,1,25.85,9939999,0.0,6908.371857739092,10
4,5,-1,20.9,7294933,0.0042242401410705855,2063.3407990339447,4
5,5,1,20.0,5825500,0.0014750942134710988,2031.4599046271317,4
1,5,-1,25.3,7099344,0.0042242401410705855,2063.3407990339447,4
9,18,-1,35.58,9318402,0.00573409307627456,7004.55980333839,14
3,9,1,23.71,8909999,0.00024131935475818608,4386.753252758496,3
9,18,-1,35.38,9234180,0.00573409307627456,7004.55980333839,14
5,12,-1,22.8,8525376,0.0,45698.99600438173,5
2,6,-1,23.7,5273365,0.0013728242297818014,4326.790658366911,14
2,9,1,18.62,4973572,0.0,14219.929287195602,13
2,19,1,25.1,8400000,0.0015561615366635922,6574.416520169278,9
7,16,-1,24.4,8500000,0.0033362017085776813,5661.396611433766,7
8,18,-1,39.49,9880398,0.00573409307627456,7004.55980333839,14
8,18,-1,40.86,10076076,0.00573409307627456,7004.55980333839,14
6,8,1,28.1,10500000,0.0011254875375892395,4304.738370012683,6
3,4,1,28.98,4745000,0.003223893152721998,3004.158237055417,2
3,23,1,25.09,5206765,0.0,13805.204170430852,9
1,5,-1,18.7,3450000,0.001183125076323163,4171.599061522578,3
12,27,1,20.12,5030000,0.00026152698674096806,16044.327746041614,6
3,5,1,26.68,7050000,0.002415837371339145,2056.6873997463344,1
1,7,1,24.8,5250184,0.0,16374.336100202292,13
3,6,1,26.68,7040000,0.002478520400820307,2063.415238595443,1
2,4,1,30.0,7300000,0.0011693140298161553,2364.5909359888724,1
3,5,1,24.2,4994986,0.0,27929.454284763448,18
4,21,1,28.1,6990000,0.00024025612000818083,8057.476630819977,8
1,5,-1,32.0,8334033,0.004118136037232583,2034.2661137223627,4
7,10,1,28.41,13753281,0.0023737459827687245,5037.781360137036,9
6,14,1,26.0,8560000,0.0004852665188459701,3703.327704703221,4
3,11,-1,29.1,6690000,0.00508351860295716,5305.729883300576,7
5,15,-1,21.57,5095891,0.002088270244195842,6835.296791873763,10
2,5,1,20.0,4100000,0.0011776936786617317,2756.4416207485615,4
5,10,1,26.6,9576000,0.0008111979058960016,7911.875279368751,6
2,4,1,26.84,4950000,0.000738821910273551,1900.0262534106516,3
4,9,1,23.0,9177000,0.0005839236475528783,3372.3078697533624,1
2,6,1,29.7,7500000,0.0012820103190892612,1647.8838035629014,1
2,4,1,32.0,7600000,0.0011693140298161553,2364.5909359888724,1
2,4,1,20.0,4999000,0.0022988864419426097,2001.312377792492,3
3,10,1,24.5,8000132,0.0005857890412959522,7742.194844551407,6
2,5,-1,31.9,14838358,0.01086089478595681,1706.666919240915,3
2,17,1,50.5,14150226,0.0012372366690202644,9364.667145349973,15
1,5,1,29.01,4990000,0.0010961513439571443,2566.4413705927827,3
1,5,1,20.81,3720000,0.0008159463935724668,2566.4413705927827,3
2,14,1,22.6,7192450,0.0003710789876812801,6270.818078420478,14
1,5,1,32.61,5390000,0.0008159463935724668,2566.4413705927827,3
2,14,1,20.0,6616320,0.0003710789876812801,6270.818078420478,14
2,5,1,26.33,4685000,0.0004115065445321168,2655.414757972595,3
2,4,1,28.48,5900215,0.0,16840.845053024983,13
2,5,1,18.73,3355000,0.0004115065445321168,2655.414757972595,3
5,6,1,28.8,7290000,0.008920050407860768,2393.018917061455,3
2,2,1,11.0,3690000,0.0022229761402180305,3491.1816831574597,3
14,17,1,19.71,6218505,0.0002374534952760344,4178.483754247512,4
4,5,-1,35.2,9921008,0.004118136037232583,2034.2661137223627,4
4,5,-1,35.9,9618890,0.0042242401410705855,2063.3407990339447,4
13,25,1,24.25,8244091,0.0021572434903891925,6646.457521838213,9
3,5,1,31.0,7150000,0.0,26502.539502352614,18
1,5,-1,34.9,9302020,0.0042242401410705855,2063.3407990339447,4
3,13,1,27.1,6352219,0.0002545638473059476,11649.043416710198,9
4,4,-1,50.0,7295000,0.006943103253152223,2539.8058696116454,2
7,21,1,29.4,6000000,0.0003987030340293596,9567.53489441851,15
8,25,1,22.2,4907670,0.00029210135341679026,12914.3343796289,9
5,5,1,44.42,10950000,0.004158990912945211,1418.7590399904147,3
15,21,1,26.7,5450000,0.0,20433.736543442858,6
12,12,1,47.84,14208481,0.00026714932171682066,11593.562182676531,9
5,5,1,33.65,9590000,0.004158990912945211,1418.7590399904147,3
4,23,1,25.0,5463250,0.0,13945.265531297353,9
5,13,1,20.59,4293361,0.0,12436.029890540683,9
8,25,1,24.5,5100000,0.00026424373574233684,11866.174785561165,9
2,3,1,21.0,4100000,0.0006335306227391749,12141.714975439849,6
6,24,1,22.0,4800000,0.00027057327561463986,11644.812047084919,9
3,10,1,28.7,7690000,0.0005412642490769161,4346.71708911259,7
5,14,-1,24.55,5350000,0.0005923606645215771,6791.298160041463,10
1,8,1,21.3,2850000,0.0,20252.01623844251,6
5,8,1,24.8,4500000,0.0,16346.415669982676,13
10,13,1,23.93,4500000,0.0002545638473059476,11649.043416710198,9
2,12,1,21.1,5422700,0.0006998423123496174,6344.425921978766,10
2,5,1,27.9,7550000,0.001306385389962604,1329.128266578072,4
1,5,1,20.9,6990000,0.0008409158248234898,3066.4003323528727,4
8,15,-1,24.5,5150000,0.0004243053834441092,6283.947923630841,4
3,5,-1,28.2,12897164,0.01086089478595681,1706.666919240915,3
5,5,1,26.9,4990000,0.0,19671.369622285023,7
6,24,1,32.03,6949987,0.00032561529393706953,13320.36854293513,9
1,4,-1,12.0,2200000,0.00034216824441458325,3119.6095282075094,3
4,25,1,24.7,6500052,0.00021340357108143535,12541.880350432613,9
3,16,1,26.88,5500000,0.0004781351301530875,14199.209546508559,7
3,4,-1,20.0,4845000,0.006943103253152223,2539.8058696116454,2
4,4,1,33.65,9580000,0.004188427816088813,1418.7590399904147,3
4,5,1,24.3,4750030,0.0,19876.876628267553,7
3,6,1,26.8,7000000,0.0031887452677124978,2840.0697650615057,2
10,12,1,26.0,8600000,0.0011433345930187725,4841.591552657059,3
9,12,-1,35.62,6040000,0.001650023189766609,8141.625356178658,17
2,5,1,18.2,5650000,0.0022091498295783414,3309.9021931646607,2
8,20,1,23.0,6190000,0.00029500451298049513,11444.122305848117,9
2,15,-1,26.9,5454366,0.0006096129153284364,9953.492171183058,15
6,12,-1,27.6,6699000,0.0,27725.03866469646,9
3,5,1,35.97,6109150,0.0,27462.05287734603,16
1,19,1,23.7,4900000,0.0005114451508966401,5979.765977627226,4
12,23,1,25.0,7000000,0.0,9340.172883236726,15
1,25,1,22.3,4100000,0.0004319142653209945,14939.440253364888,18
9,12,1,24.5,3800000,0.0,7739.99084415215,16
12,16,1,22.7,4900000,0.0005834853917903055,9607.929971701456,15
21,27,1,25.5,5500000,0.0005172262130643108,15950.837215191275,6
9,11,1,24.0,6560000,0.00026726981678844465,11691.385622017355,15
24,25,1,22.36,5850000,0.0004287542355043734,10261.797930702174,13
1,5,1,26.45,5537500,0.0,20856.209958138086,18
14,26,1,26.1,5600000,0.0018336118381774905,14333.427763931471,6
1,5,1,26.0,5392320,0.0,20972.066379965756,18
4,7,-1,16.5,4100000,0.0009837605960897366,4948.328108299564,9
13,19,1,28.2,5990000,0.0009414322279374018,13244.59867603836,7
7,9,1,21.62,6110532,0.0,14219.929287195602,13
12,26,1,28.9,6640000,0.0009363649667850592,11839.210947906126,15
7,23,1,24.63,5486279,0.0,13695.060398941205,9
25,25,1,25.9,6600000,0.0012888629224014215,10299.224655546523,17
2,12,1,34.6,7980000,0.0,11593.562182676531,9
15,26,1,26.0,5750000,0.0018336118381774905,14333.427763931471,6
6,12,-1,22.2,8940411,0.0,45698.99600438173,5
17,28,1,28.6,5200000,0.0007330172687868118,15367.043723226609,6
8,19,1,25.97,6490000,0.00034416588994331664,10980.771780655668,9
7,11,1,21.7,6777000,0.0012618841324962757,11691.385622017355,15
16,16,1,32.5,7800000,0.0007073883969014895,8792.558513302729,9
8,9,1,24.43,6712419,0.0,14219.929287195602,13
3,7,1,29.0,7200000,0.0014314446856505561,3135.9411793928834,3
10,12,1,24.6,6800000,0.0006196224678383876,7536.106830010765,6
22,27,1,28.3,5300000,0.0013580333675519897,14401.458600246015,6
13,14,1,30.71,11049999,0.0,6908.371857739092,10
3,13,1,24.4,4890000,0.00027323079736214355,11741.847899500184,9
3,9,1,34.72,12729999,0.00024131935475818608,4386.753252758496,3
17,17,1,34.0,7300000,0.0011732176391828707,12916.395003384234,7
5,6,1,25.55,5450000,0.0017610554965882038,4160.96529735023,14
14,25,1,30.08,17338939,0.0014625032939982365,10341.328270571776,7
5,12,1,23.8,6990000,0.001171442017486058,9312.38349437081,15
6,8,1,27.2,4770000,0.0,15868.499985704031,13
11,14,1,31.78,11599999,0.0,6908.371857739092,10
11,18,1,27.6,5750000,0.0006355875910660395,13560.09904583669,7
20,25,1,24.0,5880000,0.000722647974635289,11186.539480808462,7
11,11,1,21.1,6591000,0.0012618841324962757,11691.385622017355,15
16,19,1,29.0,6700000,0.0003289588975918138,11114.485586989567,9
6,24,1,24.5,4900000,0.0002445717858194806,12037.216312515171,9
8,24,1,27.06,4000000,0.00023624053360519893,14076.095534303193,15
9,12,1,24.5,4350000,0.0,15929.967683458499,13
5,10,1,22.0,7950000,0.0,4432.529967054503,2
13,17,1,24.08,7150000,0.0012372366690202644,9364.667145349973,15
4,16,-1,26.7,9450000,0.0033362017085776813,5661.396611433766,7
3,6,1,28.7,8100000,0.0019512958789257198,3923.668410434856,2
18,21,1,19.1,3560000,0.0,11345.434765669723,10
11,18,1,23.2,6750000,0.0008065649769145697,13292.558192721694,7
3,26,1,28.5,5671500,0.0005066091722320064,14765.691186827775,18
6,10,1,32.0,13600000,0.0010040986056686395,3703.048388699178,1
2,19,1,25.05,5600000,0.0003161696631635495,11236.809144833918,9
9,26,1,25.0,4650000,0.0005066091722320064,14765.691186827775,18
3,12,1,30.5,7980000,0.0008857523073903568,7623.953019021157,6
3,4,1,24.9,4700111,0.0,24513.100936791954,18
4,13,1,24.3,7650000,0.0008380670463248181,4597.824163655737,14
23,25,1,18.06,4800000,0.0007941846373961999,14230.519553629672,6
22,22,-1,23.4,5500000,0.0002754338551687433,7738.827112263349,10
4,6,1,33.7,4690000,0.0,27345.623571563305,11
10,18,1,34.5,10964837,0.0011127270923814955,4568.991465194513,3
3,22,1,25.0,6699999,0.0012405405157993267,7096.972399545177,10
17,18,-1,19.1,5385000,0.0,7004.55980333839,14
1,10,1,23.1,7000000,0.0017028550285202702,3891.8168502096596,2
12,25,1,26.12,9248965,0.0022092997571388586,6516.88336096182,9
2,6,-1,24.8,5209866,0.0,14268.764538964995,13
11,18,1,33.0,10242168,0.0011127270923814955,4568.991465194513,3
25,27,1,29.0,4400000,0.0013580333675519897,14401.458600246015,6
20,25,1,23.91,8972771,0.0022092997571388586,6516.88336096182,9
15,25,1,23.01,3600000,0.0,14251.829087741482,15
15,26,1,23.2,4000000,0.00037604436329380717,14820.628191315078,18
9,27,1,24.4,4700000,0.0013580333675519897,14401.458600246015,6
3,5,-1,15.0,5100000,0.0006700395323168816,5822.538502986281,9
3,6,1,25.0,9000000,0.0019512958789257198,3923.668410434856,2
2,6,1,25.0,5450000,0.0019157025814383762,1770.3361878104727,1
1,10,1,32.1,9822600,0.0009110784384702303,7802.482307922911,6
10,23,1,24.0,5350000,0.000269337898854924,11780.969772914192,9
1,27,1,23.24,5619432,0.0,16176.821458851662,6
4,6,1,23.0,7100000,0.0020728434278488835,3953.7529931925033,2
9,13,-1,29.2,9200000,0.0037442539548563068,3965.0864897001943,7
10,15,1,31.0,6350000,0.0002445717858194806,12037.216312515171,9
7,27,1,21.26,5042872,0.00026152698674096806,16044.327746041614,6
6,11,-1,40.0,10000000,0.0006869421241452592,3558.3107442581145,4
4,22,1,20.3,3499000,0.0002631420530282623,12616.908065062733,10
2,13,-1,28.2,8900000,0.0037442539548563068,3965.0864897001943,7
1,8,1,24.7,4250000,0.0,15947.469324369107,13
18,19,1,39.2,12052700,0.0029613724566974193,5322.117772876521,7
21,22,1,25.2,8290000,0.00040640521958291433,8439.790826503302,9
2,5,1,24.5,5118319,0.0,27980.481208269914,18
3,13,1,23.2,4450000,0.0002545638473059476,11649.043416710198,9
2,10,1,30.4,9576000,0.0008111979058960016,7911.875279368751,6
5,10,1,26.0,9200000,0.0,4432.529967054503,2
10,10,1,27.19,13638504,0.0023737459827687245,5037.781360137036,9
3,12,1,23.1,5200000,0.0,15846.001068039612,13
10,14,-1,43.33,9150675,0.00030227840170164494,6791.298160041463,10
13,20,-1,22.1,4500000,0.0014107389038103138,14596.590363717605,6
9,10,-1,24.4,11104733,0.0014908919152484604,4332.358760917846,2
10,13,1,26.3,4840000,0.0,15944.11155362196,13
9,13,-1,28.13,6700847,0.0015524351315613749,5573.570370915869,9
8,13,1,23.0,5000000,0.0,11649.043416710198,9
10,13,1,25.14,6376888,0.0,12436.029890540683,9
8,24,1,24.8,5400000,0.0002379581281802749,12095.500280066664,9
8,12,1,23.0,6210000,0.0006998423123496174,6344.425921978766,10
2,25,1,24.7,4350000,0.000333950366836759,15820.018882116667,18
11,17,1,23.1,4550000,0.0,18353.302489047786,13
8,9,1,25.9,10774400,0.0005839236475528783,3372.3078697533624,1
10,13,1,21.1,5150959,0.00022607882212796697,12125.948098145518,9
13,25,1,25.13,5300000,0.00021340357108143535,12541.880350432613,9
8,10,1,24.4,6191633,0.00022319627489168087,11806.833771985788,9
4,5,1,25.7,5050000,0.0,16366.418722422502,13
9,25,1,25.13,5600000,0.0002524772399729815,12038.217811961544,9
14,14,1,29.3,9040808,0.0003710789876812801,6270.818078420478,14
10,12,1,24.5,4450000,0.0,15718.84301528967,13
9,13,1,25.03,6850000,0.000555595154706774,8458.800578056811,15
12,24,1,22.2,3700000,0.00022884927635660222,14177.3315575506,15
4,5,1,24.22,4600165,0.0,20859.281613282412,7
3,24,1,25.4,4700000,0.0005350871511277486,14649.967415658639,18
2,24,1,29.2,5700000,0.0005350871511277486,14649.967415658639,18
7,10,1,35.3,8490000,0.0005412642490769161,4346.71708911259,7
1,3,-1,18.9,3994000,0.0015252757516248626,5011.112897450391,17
3,18,1,28.5,8550000,0.0,6049.536638927263,4
9,17,1,18.97,3600000,0.0,6146.635440363442,10
4,9,1,24.8,10275929,0.00028644279695535005,3777.4871944371807,3
1,4,-1,43.4,3900000,0.000785049172859321,1519.0206591953624,2
2,7,1,15.3,4260000,0.0023210974985777423,3203.4062953601015,2
2,4,1,20.1,4960000,0.0018860068458317785,2192.477307522219,4
12,14,1,31.3,13027617,0.000876300123821111,6068.180600263078,10
4,13,-1,26.3,5200000,0.0007687356993046883,9125.507997916624,15
10,13,1,26.8,8171212,0.0003710789876812801,6270.818078420478,14
2,6,1,18.9,5950000,0.001857848237688488,2441.9350319310233,1
2,5,1,15.2,4390000,0.004797964567625276,2784.8464852214665,2
18,25,1,25.2,5500000,0.00021340357108143535,12541.880350432613,9
12,12,1,22.4,8414044,0.0004796408593601411,4178.483754247512,4
2,7,1,20.6,5300000,0.0007688125720735814,1871.4200681620205,2
2,3,1,23.5,7200000,0.002781308718882771,1915.812401783981,1
5,5,1,36.55,7468950,0.0,27351.023161351302,16
5,13,1,25.4,8490000,0.0025011005483821696,4849.406789397338,6
20,25,1,31.6,6950000,0.0003102978430706802,13281.818214463054,9
1,4,-1,24.03,5594000,0.0012479429289196117,4195.219285049117,3
3,3,1,31.8,6753231,0.0,20631.09824345016,11
10,10,1,27.42,10400000,0.0014618437144023663,4292.646732765414,14
2,5,1,16.8,4400000,0.0049887573104016245,2419.086152520567,2
2,5,1,16.7,4560000,0.0029579450346119054,3219.9753568820984,2
12,12,-1,25.22,5100000,0.001650023189766609,8141.625356178658,17
4,5,1,24.18,4290000,0.0,20974.916248211106,7
4,18,1,28.4,8946000,0.0,6049.536638927263,4
8,16,1,20.9,5092337,0.0009040788026774912,13305.568374140676,7
9,15,1,21.2,6350000,0.000555595154706774,8458.800578056811,15
3,14,1,50.2,15000211,0.0014165875308316568,9475.52761418122,15
9,16,1,24.08,7550000,0.0012372366690202644,9364.667145349973,15
2,4,1,32.0,7690000,0.0016281685495079575,2416.121430855265,2
21,25,1,24.3,3800000,0.00024609071631469405,13791.994911995893,15
5,5,1,21.1,4550109,0.0,19636.04401128735,7
3,6,1,28.2,7600000,0.000982869214658108,1812.9186023338377,2
5,25,1,25.5,6550185,0.00021340357108143535,12541.880350432613,9
3,4,1,18.2,5200000,0.0036855136220941866,2452.9889129315593,2
10,25,1,32.5,6300000,0.00033627455620748574,9198.276181431713,9
1,4,1,24.85,5350118,0.0,16877.695165155063,13
5,5,1,35.79,7290000,0.008920050407860768,2393.018917061455,3
2,5,1,22.0,6120000,0.002119956987335897,3162.6416500363534,2
3,25,1,26.8,7100000,0.0016776264946286984,4837.86189780235,6
2,4,1,25.0,6600000,0.0024861996305386956,1562.403602802584,4
4,18,1,23.63,5954760,0.00037775752067052915,10907.98021799464,15
2,5,1,28.5,6980000,0.005709148910931036,2423.3347681500713,2
14,25,1,28.8,7750000,0.0012888629224014215,10299.224655546523,17
17,23,1,24.35,6390666,0.0,11775.989545988597,15
1,4,-1,12.0,2200000,0.00034216824441458325,3119.6095282075094,3
11,16,-1,28.4,6868533,0.0009040788026774912,13305.568374140676,7
2,4,1,32.0,7350000,0.0005156786884578739,3128.117106597187,3
9,14,-1,60.83,12815124,0.00124697235656695,6791.298160041463,10
16,18,1,25.0,6750000,0.0008065649769145697,13292.558192721694,7
4,14,-1,39.23,8163579,0.00124697235656695,6791.298160041463,10
11,12,1,23.8,4300000,0.0,15944.11155362196,13
10,14,-1,34.97,7475239,0.00124697235656695,6791.298160041463,10
3,5,1,21.0,5700000,0.0036349091532548524,2798.7980853404215,2
13,14,-1,51.26,11089450,0.0005923606645215771,6791.298160041463,10
2,5,1,14.8,4470000,0.0057917362540338135,1527.5011319712216,3
8,12,1,22.2,6293700,0.0,6310.062249285818,10
1,4,1,16.73,4890000,0.0008671446640719486,2386.051767711578,4
2,4,1,20.2,5850000,0.0008177955170669508,5854.506820267082,17
2,7,1,70.7,13490000,0.0003250117489734794,3331.619834802874,3
10,12,1,20.39,5237888,0.0,12443.018922283938,9
4,10,1,32.0,13440000,0.0,3703.048388699178,1
9,13,1,20.48,4857888,0.0,12436.029890540683,9
13,18,-1,26.0,6787878,0.00573409307627456,7004.55980333839,14
9,23,1,27.0,4900000,0.0,5413.5533403997,18
4,5,1,17.7,6195000,0.0016297531482621947,5361.475523272948,17
6,6,-1,25.6,11520000,0.0004300683236918158,2498.285912032635,3
9,12,1,26.8,4958000,0.0,15129.081635349468,18
10,25,1,19.3,4900000,0.0,12598.488539637108,9
8,11,1,29.0,8050000,0.0,27725.03866469646,9
3,6,1,20.0,4900000,0.0,1521.8870438781994,2
15,26,1,28.1,5400000,0.0026045042109611944,14324.639047354965,6
3,6,-1,36.5,6083351,0.0,14268.764538964995,13
16,16,1,31.8,6750000,0.0007073883969014895,8792.558513302729,9
13,16,-1,20.7,5246760,0.0009040788026774912,13305.568374140676,7
2,5,1,23.7,4500000,0.0009714658554552005,2516.533267741719,1
5,16,-1,21.9,5435284,0.0009040788026774912,13305.568374140676,7
5,6,-1,23.6,3762850,0.0,14268.764538964995,13
4,8,1,26.51,4360895,0.0,26396.73922550963,13
7,13,1,19.2,4350000,0.00023560672959902575,11962.022153727907,9
19,19,1,30.7,4370000,0.0,20433.736543442858,6
5,13,1,24.5,4390000,0.0,15929.967683458499,13
7,8,1,27.2,4433600,0.0,26382.5299740703,13
10,13,1,20.62,4437000,0.0,12436.029890540683,9
3,4,1,21.9,4450101,0.0,24513.100936791954,18
4,25,1,20.81,4474150,0.0,11149.610709218312,13
12,12,1,26.3,4471000,0.0,15129.081635349468,18
3,20,1,25.4,4490000,0.0,11720.56801524106,18
16,26,1,23.4,4492800,0.00028215610000601805,14765.691186827775,18
13,18,1,17.0,4450000,0.00573409307627456,7004.55980333839,14
2,5,1,24.44,4500063,0.0,20859.281613282412,7
1,5,1,24.62,4500142,0.0,20859.281613282412,7
5,5,1,24.04,4500179,0.0,21185.275457156422,7
22,25,1,25.5,4500000,0.0002488111346343041,13881.69672375681,15
9,20,-1,22.1,4570000,0.0,14596.590363717605,6
1,4,1,24.6,4550016,0.0,24513.100936791954,18
20,26,1,24.6,4575600,0.0005066091722320064,14765.691186827775,18
4,4,-1,32.0,4595000,0.006943103253152223,2539.8058696116454,2
4,5,1,24.22,4600165,0.0,20896.022947741138,7
1,5,1,26.32,4600130,0.0,20859.281613282412,7
3,4,-1,13.1,4612031,0.002640719557841248,3198.4384869058777,2
1,4,1,25.6,4650112,0.0,24513.100936791954,18
5,5,1,24.18,4650116,0.0,20640.005498273917,7
5,5,1,25.38,4650060,0.0,21185.275457156422,7
5,5,1,25.53,4650200,0.0,21185.275457156422,7
2,26,1,21.7,4650000,0.000283102806555371,12598.488539637108,9
1,5,1,24.5,4650014,0.0,19636.04401128735,7
1,5,1,25.9,4650008,0.0,19636.04401128735,7
17,21,-1,25.7,4650000,0.0014107389038103138,14596.590363717605,6
13,23,1,25.6,4699900,0.0,6146.635440363442,10
2,16,-1,17.69,4670659,0.0009040788026774912,13305.568374140676,7
3,4,1,24.4,4700098,0.0,24513.100936791954,18
12,12,1,27.7,4709000,0.0,15129.081635349468,18
3,7,-1,19.2,4760000,0.0,4948.328108299564,9
2,18,1,21.31,4794750,0.00037775752067052915,10907.98021799464,15
7,13,1,20.39,4785888,0.0,12436.029890540683,9
2,25,1,22.77,4781700,0.0,11149.610709218312,13
3,14,-1,22.8,4750000,0.0014891607555083642,4688.48702828846,6
6,13,1,22.1,4790000,0.0002545638473059476,11649.043416710198,9
10,13,-1,30.8,4774000,0.0007687356993046883,9125.507997916624,15
1,6,1,25.2,4788000,0.0,45890.75875621721,5
8,26,1,25.0,4770000,0.00039519005095972756,14689.543664221206,18
20,24,1,21.0,4800000,0.00027057327561463986,11644.812047084919,9
5,5,1,24.67,4800128,0.0,20896.022947741138,7
1,16,1,21.68,4832815,0.000527795398343087,17761.53937559638,15
4,25,1,23.61,4840050,0.0,11149.610709218312,13
1,6,1,25.3,4807000,0.0,45979.087033098025,5
1,6,1,25.5,4845000,0.0,45890.75875621721,5
2,5,1,26.2,4850183,0.0,19768.37958027964,7
3,5,1,24.8,4850086,0.0,19768.37958027964,7
4,5,1,24.2,4850200,0.0,19636.04401128735,7
2,12,1,23.6,4850000,0.0,15944.11155362196,13
8,24,1,22.0,4870000,0.00027057327561463986,11644.812047084919,9
4,18,1,20.18,4903740,0.00037775752067052915,10907.98021799464,15
2,18,1,21.9,4927500,0.00037775752067052915,10907.98021799464,15
4,8,1,30.33,4943790,0.0,26396.73922550963,13
9,12,1,26.7,4939500,0.0,15129.081635349468,18
13,16,-1,19.4,4937749,0.0009040788026774912,13305.568374140676,7
16,24,1,23.9,4900000,0.00027057327561463986,11644.812047084919,9
11,13,-1,18.4,4900000,0.001430729700866987,5559.866872226424,9
3,8,1,30.43,4960090,0.0,26382.5299740703,13
13,20,1,25.5,4980000,0.0002381508009345773,12280.167457418776,9
24,25,1,23.4,4952310,0.00038651388364834824,14251.829087741482,15
15,25,1,25.2,4994769,0.00038651388364834824,14251.829087741482,15
1,5,1,22.3,4988510,0.0,20972.066379965756,18
1,5,1,22.3,4988510,0.0,21038.99469248553,18
1,5,1,22.3,4988510,0.0,20856.209958138086,18
4,4,1,24.3,5000162,0.0,24440.799027700927,18
1,5,1,24.8,5036904,0.0,27928.583210937017,18
2,25,1,25.11,5022000,0.0,11149.610709218312,13
1,5,-1,20.6,5047000,0.0005429833636960319,3363.7595604050452,4
1,23,1,20.95,5063168,0.0,11775.989545988597,15
7,13,-1,22.79,5069407,0.0015524351315613749,5573.570370915869,9
3,16,-1,20.0,5090466,0.0009040788026774912,13305.568374140676,7
1,23,1,21.45,5055102,0.0,11795.765473225289,15
3,27,1,21.26,5081140,0.00046179507912531495,16076.523441576157,6
7,12,1,22.9,5088888,0.0002260399891812572,14868.378247345438,18
1,6,1,26.8,5092000,0.0,45979.087033098025,5
12,12,-1,25.22,5100000,0.0011373544163134329,8141.625356178658,17
2,15,-1,23.25,5123937,0.002088270244195842,6835.296791873763,10
4,4,1,24.6,5100158,0.0,24440.799027700927,18
1,8,1,32.11,5137600,0.0,26382.5299740703,13
10,13,1,21.58,5136888,0.0,12436.029890540683,9
6,25,1,24.9,5100000,0.00033678485698619383,18483.67242398829,15
13,16,-1,20.5,5196077,0.0009040788026774912,13305.568374140676,7
9,16,1,21.55,5185684,0.0009040788026774912,13305.568374140676,7
5,13,-1,18.4,5150000,0.001430729700866987,5559.866872226424,9
6,25,1,26.18,5226102,0.00029210135341679026,12914.3343796289,9
1,13,1,19.9,5237193,0.0002545638473059476,11649.043416710198,9
11,20,1,24.6,5200000,0.0002381508009345773,12280.167457418776,9
3,13,-1,19.23,5249540,0.0015524351315613749,5573.570370915869,9
1,6,1,27.5,5225000,0.0,45979.087033098025,5
1,23,1,19.78,5272986,0.0,11775.989545988597,15
6,15,-1,24.65,5274637,0.002088270244195842,6835.296791873763,10
1,5,1,26.4,5296240,0.0,20972.066379965756,18
1,5,1,26.4,5296240,0.0,21038.99469248553,18
2,12,1,24.56,5250000,0.0002260399891812572,14868.378247345438,18
15,16,-1,21.55,5348420,0.0009040788026774912,13305.568374140676,7
15,19,1,26.7,5300000,0.0,20433.736543442858,6
4,25,1,25.39,5300000,0.00021340357108143535,12541.880350432613,9
1,11,1,26.0,5304646,0.00031623926857754725,15374.23822019453,18
15,25,1,24.0,5300000,0.000269337898854924,11780.969772914192,9
5,14,-1,24.3,5350000,0.0005923606645215771,6791.298160041463,10
6,18,-1,19.1,5350000,0.00573409307627456,7004.55980333839,14
5,25,1,25.2,5350000,0.0,12212.336356688153,9
1,5,1,26.0,5392320,0.0,20856.209958138086,18
13,13,-1,23.3,5399728,0.0007687356993046883,9125.507997916624,15
4,17,1,27.0,5350000,0.0002379581281802749,12095.500280066664,9
2,12,1,21.1,5443800,0.0006998423123496174,6344.425921978766,10
9,13,-1,24.5,5429886,0.0007687356993046883,9125.507997916624,15
1,8,1,34.23,5476800,0.0,26382.5299740703,13
19,23,1,25.0,5489900,0.0,13945.265531297353,9
4,14,-1,26.08,5574266,0.00124697235656695,6791.298160041463,10
2,18,1,25.29,5563800,0.00037775752067052915,10907.98021799464,15
3,18,1,24.48,5508000,0.00037775752067052915,10907.98021799464,15
14,14,-1,19.92,5505000,0.0045050103115924145,7216.140091758326,17
3,15,-1,24.29,5580634,0.002088270244195842,6835.296791873763,10
7,15,-1,19.94,5591223,0.002088270244195842,6835.296791873763,10
9,11,1,25.3,5551652,0.00031623926857754725,15374.23822019453,18
15,16,1,23.38,5579345,0.0009040788026774912,13305.568374140676,7
3,14,-1,26.63,5637599,0.00124697235656695,6791.298160041463,10
13,13,1,21.9,5603154,0.0002545638473059476,11649.043416710198,9
18,26,1,28.1,5620000,0.0005066091722320064,14765.691186827775,18
9,16,-1,22.6,5609022,0.0009040788026774912,13305.568374140676,7
2,12,1,22.2,5616600,0.0006998423123496174,6344.425921978766,10
1,13,1,26.39,5636888,0.0,12436.029890540683,9
2,26,1,28.5,5614500,0.0005066091722320064,14765.691186827775,18
6,12,1,21.56,5631888,0.0,12443.018922283938,9
4,13,-1,27.0,5649561,0.0015524351315613749,5573.570370915869,9
2,5,1,21.2,5618000,0.000560322404007161,3304.345097431657,4
10,18,1,18.8,5650000,0.00573409307627456,7004.55980333839,14
2,12,1,22.8,5654400,0.0006998423123496174,6344.425921978766,10
10,16,1,26.6,5660000,0.0003816881755522538,9556.930228945046,10
3,9,1,20.9,5692472,0.0,14219.929287195602,13
1,6,1,29.8,5662000,0.0,45979.087033098025,5
18,23,1,22.3,5709941,0.0,11775.989545988597,15
11,23,1,22.64,5731687,0.0,11775.989545988597,15
3,18,1,25.92,5702400,0.00037775752067052915,10907.98021799464,15
2,23,1,23.76,5726023,0.0,11795.765473225289,15
19,27,1,22.34,5749610,0.0,16176.821458851662,6
10,15,-1,27.5,5744616,0.0006096129153284364,9953.492171183058,15
1,4,1,28.76,5750285,0.0,16840.845053024983,13
1,4,1,27.08,5750195,0.0,16840.845053024983,13
4,4,1,24.39,5750088,0.0,16877.695165155063,13
2,3,-1,26.3,5786000,0.0008743492691529807,15476.559125566497,15
11,13,1,22.4,5750000,0.0004009465101520896,6316.559801741852,4
4,14,-1,27.61,5846070,0.00124697235656695,6791.298160041463,10
4,13,-1,25.1,5812407,0.0015524351315613749,5573.570370915869,9
2,3,-1,26.5,5830000,0.0008743492691529807,15476.559125566497,15
1,13,1,23.8,5808894,0.0002545638473059476,11649.043416710198,9
9,13,-1,25.68,5831619,0.0015524351315613749,5573.570370915869,9
3,25,1,22.2,5888922,0.00030155082451328576,12790.006187895227,9
2,12,1,23.5,5898500,0.0006998423123496174,6344.425921978766,10
5,16,1,20.75,5881543,0.000527795398343087,17761.53937559638,15
4,6,1,22.9,5850000,0.0,45979.087033098025,5
3,15,-1,25.66,5851250,0.002088270244195842,6835.296791873763,10
1,13,1,25.2,5860297,0.0002545638473059476,11649.043416710198,9
4,9,1,21.62,5888577,0.0,14219.929287195602,13
18,19,1,29.1,5850000,0.0014760939313429426,14411.675537264611,6
9,18,1,16.7,5980000,0.00573409307627456,7004.55980333839,14
1,11,1,24.66,5982590,0.00021049929259648887,17592.016998390987,15
4,23,1,25.09,5991126,0.0,14009.961604137785,9
6,13,-1,23.74,5960520,0.0015524351315613749,5573.570370915869,9
5,11,1,22.69,5934433,0.00021049929259648887,17592.016998390987,15
9,13,1,24.85,5981888,0.0,12436.029890540683,9
4,23,1,23.76,5989474,0.0,11775.989545988597,15
3,11,1,20.34,5986213,0.0005689793907627884,17516.926398682623,15
4,15,-1,32.16,5999532,0.002088270244195842,6835.296791873763,10
7,10,1,24.5,6040920,0.0002674137506171582,11806.833771985788,9
3,17,1,30.0,6000000,0.0006805378601615094,13530.025033807575,7
3,13,-1,21.4,6046184,0.0015524351315613749,5573.570370915869,9
2,12,-1,28.38,6067060,0.001650023189766609,8141.625356178658,17
2,15,-1,32.76,6092679,0.002088270244195842,6835.296791873763,10
5,13,1,21.7,6087600,0.0,11951.860919378407,9
14,19,1,24.6,6090000,0.0002844515617034743,11568.714044840639,9
5,13,-1,28.47,6051668,0.0015524351315613749,5573.570370915869,9
2,23,1,25.5,6069294,0.0,14009.961604137785,9
5,16,1,24.53,6102450,0.000527795398343087,17761.53937559638,15
2,12,1,24.5,6149500,0.0006998423123496174,6344.425921978766,10
2,12,1,23.3,6186150,0.0,6310.062249285818,10
2,12,1,23.6,6171400,0.0,6310.062249285818,10
5,12,1,22.2,6182700,0.0,6310.062249285818,10
9,13,-1,28.6,6174253,0.0015524351315613749,5573.570370915869,9
2,18,1,28.7,6170500,0.00037775752067052915,10907.98021799464,15
5,5,1,31.39,6154740,0.0,27351.023161351302,16
18,21,-1,27.0,6150000,0.007110063937183005,12874.744581128427,7
6,18,1,25.3,6194000,0.0,13081.4405667056,7
2,9,1,23.97,6166592,0.0,14219.929287195602,13
2,25,1,24.95,6294793,0.00030155082451328576,12790.006187895227,9
6,18,1,21.3,6228120,0.0004631743994273053,12062.126186586875,15
14,17,1,19.71,6218505,0.0002374534952760344,4178.483754247512,4
3,3,1,33.9,6200000,0.0,20631.09824345016,11
3,11,1,22.0,6279633,0.0005689793907627884,17516.926398682623,15
4,16,1,23.9,6243230,0.00046437700958973675,17824.719967889057,15
14,15,1,24.53,6250145,0.0004662450017485733,8354.54618603997,15
4,9,1,23.46,6271633,0.0,14219.929287195602,13
16,21,1,27.55,6200000,0.0005547382900464215,6317.699593505115,9
8,10,1,25.6,6312145,0.00022319627489168087,11806.833771985788,9
5,18,1,27.57,6327315,0.00037775752067052915,10907.98021799464,15
4,17,1,24.42,6341380,0.0006486698056531499,13618.954530985544,15
1,11,1,24.63,6314806,0.0005689793907627884,17516.926398682623,15
7,16,1,26.81,6340719,0.0002049380940457537,17761.53937559638,15
3,4,-1,18.5,6319248,0.002640719557841248,3198.4384869058777,2
15,19,1,23.4,6350000,0.0007897923706041916,13189.310219400184,7
3,24,1,21.98,6384597,0.000677930479723316,16979.104847775117,15
10,23,1,24.58,6374815,0.0,11775.989545988597,15
7,14,1,24.8,6399999,0.00021773497422425156,12539.661455100995,9
1,13,1,29.0,6368864,0.0002545638473059476,11649.043416710198,9
22,25,1,26.12,6492520,0.00030135179979130225,12790.006187895227,9
4,14,-1,31.15,6498228,0.0005923606645215771,6791.298160041463,10
4,10,1,26.9,6450289,0.0002674137506171582,11806.833771985788,9
2,10,1,27.8,6402541,0.0002674137506171582,11806.833771985788,9
3,18,1,27.03,6487200,0.00037775752067052915,10907.98021799464,15
16,18,1,23.1,6468000,0.00025084837888368053,5846.467099980962,4
15,15,1,19.02,6409740,0.0002374534952760344,4178.483754247512,4
11,18,1,23.9,6453000,0.00025084837888368053,5846.467099980962,4
12,16,1,21.47,6463275,0.0004686530498028614,11221.888632838467,7
7,25,1,25.0,6400000,0.0005623889901180024,12021.218052139384,6
5,5,1,36.55,6459900,0.0,27351.023161351302,16
1,17,1,26.9,6464070,0.0011246790285302623,12814.88768196763,7
10,16,1,22.22,6546242,0.0004686530498028614,11221.888632838467,7
17,25,1,25.3,6500000,0.00043757670881632233,6231.884872121011,8
4,5,-1,23.73,6550000,0.0,26248.08230494298,5
17,18,1,25.9,6690000,0.00573409307627456,7004.55980333839,14
10,14,1,20.0,6712320,0.0003710789876812801,6270.818078420478,14
4,10,1,28.9,6733909,0.0002674137506171582,11806.833771985788,9
17,18,1,26.1,6655500,0.00025084837888368053,5846.467099980962,4
4,11,1,27.27,6730550,0.0005689793907627884,17516.926398682623,15
2,11,1,23.35,6680169,0.0005689793907627884,17516.926398682623,15
2,11,1,25.97,6682237,0.00021049929259648887,17592.016998390987,15
1,12,1,27.5,6650000,0.0008857523073903568,7623.953019021157,6
1,11,1,39.0,6743100,0.00031623926857754725,15374.23822019453,18
4,13,-1,31.07,6653329,0.0015524351315613749,5573.570370915869,9
11,11,1,21.6,6746000,0.0012618841324962757,11691.385622017355,15
3,9,1,25.2,6672730,0.0,14219.929287195602,13
1,17,1,27.9,6696000,0.0010856133450389853,12952.816782063383,7
13,16,-1,28.41,6870948,0.0009040788026774912,13305.568374140676,7
3,11,1,25.97,6872404,0.0005689793907627884,17516.926398682623,15
3,17,1,23.33,6810458,0.0006486698056531499,13618.954530985544,15
4,15,-1,30.07,6871231,0.002088270244195842,6835.296791873763,10
2,15,-1,27.59,6826613,0.002088270244195842,6835.296791873763,10
4,13,1,30.7,6823896,0.0002545638473059476,11649.043416710198,9
1,3,1,35.8,6937377,0.0,20631.09824345016,11
8,25,1,31.6,6949991,0.0003102978430706802,13281.818214463054,9
11,23,1,29.0,6949000,0.0005442888271122286,6968.707625043754,10
1,4,-1,30.0,6900000,0.00031873639202986264,11178.57405454701,9
15,15,1,22.81,6984422,0.0002374534952760344,4178.483754247512,4
14,14,-1,36.54,6990000,0.0045050103115924145,7216.140091758326,17
2,15,-1,36.89,6955964,0.002088270244195842,6835.296791873763,10
16,24,1,25.0,6990000,0.00027057327561463986,11644.812047084919,9
3,7,-1,26.4,7000000,0.0,4948.328108299564,9
3,3,1,33.1,7029306,0.0,20631.09824345016,11
8,18,1,26.5,7022500,0.00025084837888368053,5846.467099980962,4
2,11,1,21.8,7073664,0.0003710789876812801,6270.818078420478,14
12,14,1,20.6,7036300,0.0003710789876812801,6270.818078420478,14
12,12,1,21.8,7079942,0.0003710789876812801,6270.818078420478,14
10,18,1,24.6,7134000,0.0,6049.536638927263,4
14,18,-1,25.0,7100000,0.000732632530520958,11195.74614814282,7
4,7,-1,26.6,7185000,0.0,4948.328108299564,9
2,3,1,34.0,7220435,0.0,20631.09824345016,11
17,18,1,28.4,7242000,0.00025084837888368053,5846.467099980962,4
4,6,1,19.6,7173169,0.0002852506392091888,3786.1972706058737,3
11,14,1,23.6,7238592,0.0003710789876812801,6270.818078420478,14
2,12,1,22.1,7203384,0.0003710789876812801,6270.818078420478,14
2,5,1,29.3,7200000,0.001837843518277486,2703.3556403981665,1
17,18,1,28.6,7293000,0.00025084837888368053,5846.467099980962,4
21,25,1,30.1,7250000,0.0005220527876831483,6121.230174999869,8
2,11,1,23.8,7259000,0.005560196517484369,5562.690188221356,7
3,14,-1,34.97,7349140,0.00124697235656695,6791.298160041463,10
12,18,1,28.5,7300000,0.00573409307627456,7004.55980333839,14
2,14,1,24.3,7403359,0.0003710789876812801,6270.818078420478,14
12,14,1,25.4,7412736,0.0003710789876812801,6270.818078420478,14
13,13,1,23.6,7403980,0.0003710789876812801,6270.818078420478,14
2,10,-1,35.2,7585600,0.0007057301878190602,3093.864490057372,4
8,17,1,25.6,7600000,0.0015561615366635922,6574.416520169278,9
2,11,1,26.0,7600320,0.0003710789876812801,6270.818078420478,14
5,7,1,25.0,7625000,0.0032293254728265257,3073.8153462464484,1
4,10,-1,35.9,7736450,0.0007057301878190602,3093.864490057372,4
1,11,1,33.34,7711409,0.00021049929259648887,17592.016998390987,15
10,18,-1,23.2,7830000,0.00573409307627456,7004.55980333839,14
10,19,-1,23.1,7750000,0.00573409307627456,7004.55980333839,14
12,18,1,26.52,7876440,0.00573409307627456,7004.55980333839,14
9,10,1,27.7,7990000,0.00064343439141701,4346.71708911259,7
9,10,1,27.3,7990000,0.00064343439141701,4346.71708911259,7
8,18,-1,23.56,7951500,0.00573409307627456,7004.55980333839,14
2,10,-1,36.8,7930400,0.0007057301878190602,3093.864490057372,4
3,14,-1,39.23,8143392,0.00030227840170164494,6791.298160041463,10
2,14,1,24.9,8063989,0.0003710789876812801,6270.818078420478,14
5,14,1,26.0,8100000,0.0004852665188459701,3703.327704703221,4
3,13,-1,30.0,8144790,0.0015524351315613749,5573.570370915869,9
8,12,1,24.8,8156472,0.0003710789876812801,6270.818078420478,14
5,10,-1,35.3,8290000,0.001632562168564638,4346.71708911259,7
5,10,1,36.0,8290000,0.0005412642490769161,4346.71708911259,7
9,10,1,30.0,8390000,0.0005412642490769161,4346.71708911259,7
4,14,-1,39.9,8303002,0.00124697235656695,6791.298160041463,10
14,23,1,24.9,8395999,0.00078990446148012,5408.447398582295,8
1,19,1,36.5,8300118,0.000555595154706774,8458.800578056811,15
12,18,1,28.3,8348500,0.0,6049.536638927263,4
11,12,1,23.2,8302468,0.0003710789876812801,6270.818078420478,14
12,18,1,28.5,8407500,0.0,6049.536638927263,4
3,25,1,23.24,8499966,0.0022092997571388586,6516.88336096182,9
8,12,1,24.6,8487738,0.0004796408593601411,4178.483754247512,4
2,14,1,29.3,8492458,0.0003710789876812801,6270.818078420478,14
6,19,1,36.0,8500068,0.000555595154706774,8458.800578056811,15
4,5,-1,24.56,8514903,0.0,26192.15240244402,5
11,12,1,24.0,8530704,0.0004796408593601411,4178.483754247512,4
2,8,1,32.0,8629453,0.0015699562426688873,5180.273757095257,7
5,5,-1,23.74,8630155,0.0,26192.15240244402,5
6,10,-1,21.5,8550000,0.0014908919152484604,4332.358760917846,2
20,25,1,29.0,8706118,0.0021572434903891925,6646.457521838213,9
11,12,1,29.6,8714388,0.0003710789876812801,6270.818078420478,14
19,25,1,30.26,8719832,0.0021572434903891925,6646.457521838213,9
9,10,-1,26.1,8748000,0.000312255794540409,3068.5437847284616,4
2,10,-1,40.4,8706200,0.0007057301878190602,3093.864490057372,4
2,12,1,28.8,8797460,0.001054454208145571,4968.431631777675,7
2,25,1,28.06,8776159,0.0022092997571388586,6516.88336096182,9
3,25,1,23.76,8785522,0.0022092997571388586,6516.88336096182,9
6,12,1,26.2,8758791,0.0003710789876812801,6270.818078420478,14
2,19,1,30.92,8804246,0.0017993629905311522,6347.713167246244,9
5,5,-1,22.33,8850418,0.0,26192.15240244402,5
14,25,1,29.43,8862762,0.0022092997571388586,6516.88336096182,9
4,14,1,29.9,8899286,0.0003710789876812801,6270.818078420478,14
3,10,-1,40.9,8813950,0.0007057301878190602,3093.864490057372,4
10,10,-1,25.2,8850000,0.000312255794540409,3068.5437847284616,4
10,11,-1,29.8,8870000,0.0009125843124325973,4297.0016657801725,4
3,14,-1,43.33,8994473,0.00124697235656695,6791.298160041463,10
2,25,1,26.12,8984475,0.0022092997571388586,6516.88336096182,9
9,9,1,20.0,8992040,0.00028644279695535005,3777.4871944371807,3
2,12,1,28.7,8922801,0.0004796408593601411,4178.483754247512,4
4,12,1,26.0,8980000,0.00123936104022348,5230.704551446832,6
4,10,1,27.8,8990000,0.0005084807507464328,3841.0760072530147,4
24,25,1,31.38,8904617,0.0021572434903891925,6646.457521838213,9
7,18,-1,30.15,9090225,0.00573409307627456,7004.55980333839,14
2,16,-1,27.3,9000000,0.0033362017085776813,5661.396611433766,7
13,23,1,27.9,9008756,0.00078990446148012,5408.447398582295,8
9,9,1,20.0,9074760,0.00028644279695535005,3777.4871944371807,3
7,12,1,27.1,9124593,0.001054454208145571,4968.431631777675,7
2,25,1,25.41,9171724,0.0022092997571388586,6516.88336096182,9
2,7,1,23.2,9150636,0.00028644279695535005,3777.4871944371807,3
6,9,1,21.2,9101117,0.00028644279695535005,3777.4871944371807,3
2,7,1,24.3,9191620,0.00028644279695535005,3777.4871944371807,3
12,16,-1,24.5,9200000,0.0033362017085776813,5661.396611433766,7
7,8,1,27.2,9208761,0.0012979185985750512,5134.208936751541,7
4,10,-1,42.9,9244950,0.0007057301878190602,3093.864490057372,4
4,8,1,24.6,9342997,0.0015699562426688873,5180.273757095257,7
4,7,1,23.2,9314196,0.00028644279695535005,3777.4871944371807,3
18,18,1,30.4,9300000,0.001643807302384052,8745.848326035151,8
6,11,1,23.4,9250000,0.0008932332437097803,4345.346709194138,14
9,12,1,27.4,9321343,0.0003710789876812801,6270.818078420478,14
4,5,-1,23.32,9380167,0.0,26192.15240244402,5
2,9,1,24.8,9378417,0.00028644279695535005,3777.4871944371807,3
2,9,1,24.8,9436697,0.00028644279695535005,3777.4871944371807,3
2,10,-1,43.8,9438900,0.0007057301878190602,3093.864490057372,4
3,9,1,24.1,9505040,0.0005839236475528783,3372.3078697533624,1
6,12,-1,23.7,9544492,0.0,45698.99600438173,5
2,10,-1,22.7,9534000,0.0014908919152484604,4332.358760917846,2
3,16,-1,26.4,9450000,0.0033362017085776813,5661.396611433766,7
9,10,-1,21.2,9648374,0.0014908919152484604,4332.358760917846,2
9,10,-1,20.9,9608900,0.0014908919152484604,4332.358760917846,2
2,10,-1,22.9,9618000,0.0014908919152484604,4332.358760917846,2
2,8,1,30.4,9625596,0.0015699562426688873,5180.273757095257,7
4,12,1,27.8,9582139,0.001054454208145571,4968.431631777675,7
3,11,1,30.43,9646310,0.005560196517484369,5562.690188221356,7
3,7,1,24.3,9728407,0.00028644279695535005,3777.4871944371807,3
5,9,1,26.1,9761400,0.0005839236475528783,3372.3078697533624,1
5,8,1,24.3,9785260,0.0015699562426688873,5180.273757095257,7
2,10,-1,23.6,9912000,0.0014908919152484604,4332.358760917846,2
3,9,1,26.57,9949999,0.00024131935475818608,4386.753252758496,3
6,8,1,27.7,9892327,0.0012979185985750512,5134.208936751541,7
5,5,-1,29.02,9987915,0.0,26192.15240244402,5
16,25,1,27.26,10002645,0.0022092997571388586,6516.88336096182,9
3,9,1,27.6,10004006,0.00028644279695535005,3777.4871944371807,3
3,13,-1,39.13,9990202,0.0015524351315613749,5573.570370915869,9
2,8,-1,22.5,9970000,0.00099309169547566,2673.7942247286455,1
5,16,-1,34.9,10100000,0.0033362017085776813,5661.396611433766,7
5,16,-1,30.4,10100000,0.0033362017085776813,5661.396611433766,7
4,8,1,31.9,10104619,0.0012979185985750512,5134.208936751541,7
9,10,-1,22.4,10194509,0.0014908919152484604,4332.358760917846,2
1,5,-1,25.58,10160069,0.0,26192.15240244402,5
6,12,1,26.0,10204434,0.001054454208145571,4968.431631777675,7
4,9,1,27.6,10177831,0.00028644279695535005,3777.4871944371807,3
9,18,1,33.8,10263337,0.0011127270923814955,4568.991465194513,3
7,8,1,31.4,10371200,0.0012979185985750512,5134.208936751541,7
6,18,1,32.0,10529309,0.0011127270923814955,4568.991465194513,3
2,5,-1,29.98,10545375,0.0,26192.15240244402,5
5,8,1,35.9,10536106,0.0012979185985750512,5134.208936751541,7
7,8,1,38.0,10500000,0.0,15608.618908947388,13
2,10,-1,25.0,10500000,0.0014908919152484604,4332.358760917846,2
10,17,1,34.88,10495392,0.0016350647387596547,5263.563942306938,6
1,10,1,29.7,10558350,0.0009920364536725808,7753.977042357422,6
1,10,1,29.7,10558350,0.0009920364536725808,7753.977042357422,6
4,9,1,28.95,10639999,0.00024131935475818608,4386.753252758496,3
1,5,-1,35.26,10578000,0.0,26192.15240244402,5
2,7,1,23.2,10592145,0.00028644279695535005,3777.4871944371807,3
4,6,-1,26.57,10588145,0.0,29304.35660168583,5
7,14,1,30.9,10550000,0.0014281555872613135,5326.056531382417,6
6,9,1,29.83,10679999,0.00024131935475818608,4386.753252758496,3
5,9,1,24.8,10788793,0.00028644279695535005,3777.4871944371807,3
4,14,-1,50.87,10795469,0.00124697235656695,6791.298160041463,10
2,10,-1,26.4,10824000,0.0014908919152484604,4332.358760917846,2
11,12,1,28.0,10777956,0.0004796408593601411,4178.483754247512,4
2,7,1,24.3,10811118,0.00028644279695535005,3777.4871944371807,3
6,10,-1,26.8,10827950,0.0014908919152484604,4332.358760917846,2
2,10,-1,26.7,10947000,0.0014908919152484604,4332.358760917846,2
7,18,1,34.7,10984019,0.0011127270923814955,4568.991465194513,3
8,10,-1,25.9,10945444,0.0014908919152484604,4332.358760917846,2
12,14,1,30.71,10949999,0.0,6908.371857739092,10
4,16,-1,39.9,11000000,0.0033362017085776813,5661.396611433766,7
8,9,1,27.4,11098260,0.00028644279695535005,3777.4871944371807,3
5,9,1,29.8,11210760,0.0005839236475528783,3372.3078697533624,1
5,16,-1,39.9,11200008,0.0033362017085776813,5661.396611433766,7
3,16,-1,38.7,11200000,0.0033362017085776813,5661.396611433766,7
6,9,1,31.62,11269999,0.00024131935475818608,4386.753252758496,3
2,10,-1,27.5,11275000,0.0014908919152484604,4332.358760917846,2
6,6,1,31.4,11405000,0.00024017147344523223,3849.3133409888483,4
7,9,1,29.1,11316990,0.0005839236475528783,3372.3078697533624,1
2,10,-1,27.7,11357000,0.0014908919152484604,4332.358760917846,2
6,9,1,27.6,11495786,0.00028644279695535005,3777.4871944371807,3
1,13,1,36.1,11552902,0.0015524351315613749,5573.570370915869,9
6,11,-1,28.7,11600000,0.0014908919152484604,4332.358760917846,2
3,5,-1,38.85,11654994,0.0,26192.15240244402,5
2,4,1,24.5,11900000,0.0006869968732101214,3282.842517590927,4
8,9,1,27.4,12015174,0.00028644279695535005,3777.4871944371807,3
12,14,1,33.79,12219999,0.0,6908.371857739092,10
2,9,1,34.34,12369999,0.00024131935475818608,4386.753252758496,3
2,9,1,34.72,12439999,0.00024131935475818608,4386.753252758496,3
3,14,-1,60.83,12627136,0.00124697235656695,6791.298160041463,10
2,10,-1,30.7,12587000,0.0014908919152484604,4332.358760917846,2
3,10,-1,34.3,13603298,0.0014908919152484604,4332.358760917846,2
2,14,1,51.0,14150307,0.0014165875308316568,9475.52761418122,15
2,10,-1,34.7,14227000,0.0014908919152484604,4332.358760917846,2
10,10,1,36.25,14300000,0.0014618437144023663,4292.646732765414,14
4,10,-1,37.6,14842224,0.0014908919152484604,4332.358760917846,2
2,10,-1,36.4,14924000,0.0014908919152484604,4332.358760917846,2
3,10,-1,38.6,15165261,0.0014908919152484604,4332.358760917846,2
7,25,1,30.32,15691282,0.0014625032939982365,10341.328270571776,7
2,12,-1,48.2,16154712,0.0,45698.99600438173,5
5,12,-1,46.3,17158055,0.0,45698.99600438173,5
10,12,-1,24.7,17331496,0.0,45698.99600438173,5
5,12,-1,46.6,17271684,0.0,45698.99600438173,5
9,10,-1,38.4,17832960,0.0014908919152484604,4332.358760917846,2
1,13,1,59.36,18406348,0.0015524351315613749,5573.570370915869,9
6,12,-1,49.3,19089995,0.0,45698.99600438173,5
3,12,-1,64.5,22205633,0.0,45698.99600438173,5
12,12,-1,50.7,35505680,0.0,45698.99600438173,5
11,12,-1,51.5,36077200,0.0,45698.99600438173,5
11,12,-1,96.6,68296640,0.0,45698.99600438173,5
11,12,-1,107.2,75869280,0.0,45698.99600438173,5
1,5,1,14.0,2660000,0.0002451803505197079,13934.760420635681,13
4,4,-1,15.3,2677500,0.0,6590.1809828847545,17
1,3,-1,10.35,2990000,0.005100451159022041,3507.596304302512,2
1,3,-1,13.2,2990000,0.0009846449874357525,6419.948775927645,17
9,9,1,15.0,3100000,0.00046075396199418873,10518.244323311272,8
1,4,1,16.5,3200000,0.0017459171939238098,8345.754400195927,15
1,10,1,11.3,3200000,0.0015783437675781448,8480.592347397544,9
1,5,-1,24.5,3280550,0.0,11737.33401167953,10
1,5,-1,24.3,3253770,0.0,11737.33401167953,10
2,4,-1,12.0,3260000,0.0027149241378251194,1650.3982588846593,2
1,9,1,11.1,3300000,0.0006753819883046304,11489.061722085995,6
1,5,-1,24.8,3320720,0.0,11737.33401167953,10
4,4,1,18.74,3350000,0.0022428150219275743,1518.0969222880115,4
1,3,-1,16.0,3350000,0.0008718494729824002,9121.077315870647,15
15,23,-1,28.5,3400000,0.0003632118255808019,11948.790347409951,15
4,4,1,21.54,3400000,0.0022428150219275743,1518.0969222880115,4
9,9,1,25.19,3430000,0.0,30951.440790691602,11
19,24,1,20.8,3490000,0.0,6146.635440363442,10
2,4,1,12.6,3498000,0.0012826642338536075,3207.9084365269487,3
7,26,-1,15.85,3499000,0.0007039446772584923,10795.787246676255,7
2,4,1,16.0,3490000,0.0009333699048231018,2026.6621337026502,2
1,3,1,18.7,3500000,0.0,5011.112897450391,17
3,5,1,18.0,3500000,0.0013177905875282005,10764.161472115236,15
4,7,1,17.2,3500000,0.0015241747221160689,7703.157134839432,7
17,22,1,20.7,3550000,0.0002696479338147965,12593.691050004429,10
4,4,1,19.94,3570000,0.0022428150219275743,1518.0969222880115,4
19,25,1,22.56,3600000,0.00022643209473604165,14251.829087741482,15
13,19,1,20.4,3600000,0.0,6146.635440363442,10
1,9,-1,19.6,3600000,0.0004035873926744313,10375.201126233287,10
19,24,1,19.0,3600000,0.0,11528.776913752932,10
2,5,1,17.0,3699000,0.0038613510172042036,1409.631443656909,2
9,19,1,20.4,3690000,0.0,6146.635440363442,10
22,23,1,20.2,3748000,0.0002344533008600705,12528.171174541849,10
9,26,-1,13.24,3700000,0.0007039446772584923,10795.787246676255,7
6,22,-1,19.5,3700000,0.0014107389038103138,14596.590363717605,6
16,18,1,20.6,3750000,0.00022603116275550755,6146.635440363442,10
1,4,-1,21.9,3750000,0.0012479429289196117,4195.219285049117,3
21,24,1,24.3,3800000,0.0002643599155319107,13791.994911995893,15
15,24,1,20.7,3800000,0.0002588029109448147,12573.394059006734,10
3,18,1,19.7,3800000,0.0,6146.635440363442,10
5,18,1,20.0,3850000,0.0,6146.635440363442,10
1,5,1,13.1,3899999,0.0014378049568975599,2316.453678036363,2
3,12,1,29.0,3890000,0.0,7739.99084415215,16
12,21,1,20.2,3850000,0.0,6146.635440363442,10
13,24,1,21.8,3850000,0.0,6146.635440363442,10
4,16,1,23.1,3900000,0.0,12199.125618763708,14
1,5,-1,28.8,3915648,0.0,11737.33401167953,10
16,24,1,18.6,3900000,0.0,11528.776913752932,10
1,5,1,11.2,3990000,0.0023739038278007174,3067.422545831851,2
13,19,-1,24.4,3950000,0.0012819099508136521,10045.990453832945,15
16,24,1,27.0,3950000,0.00023624053360519893,14076.095534303193,15
8,12,1,23.35,3950000,0.0002260399891812572,14868.378247345438,18
2,5,1,15.0,3980000,0.0018568308882799243,2638.4441073068733,2
5,5,1,16.3,3990000,0.000875831873664694,3666.2268953224034,2
19,25,1,22.2,4000000,0.00022603116275550755,6146.635440363442,10
2,18,-1,30.7,4000000,0.0012819099508136521,10045.990453832945,15
10,23,1,25.5,4000000,0.00020090459612260604,11455.946108397104,10
15,26,-1,14.17,4040835,0.0007635639818742751,10895.010689337967,7
1,7,-1,12.0,4000000,0.0002780300415596246,3838.5152435888517,3
6,22,-1,22.5,4050000,0.0014107389038103138,14596.590363717605,6
23,24,1,24.8,4100000,0.00022884927635660222,14177.3315575506,15
2,3,1,20.71,4100000,0.0005700024966386999,12141.714975439849,6
8,11,1,22.0,4100000,0.0003417153875294072,15411.872673248976,18
7,12,1,22.96,4128000,0.00037699849570794114,14868.378247345438,18
7,23,1,23.0,4100000,0.00020090459612260604,11455.946108397104,10
1,3,1,19.3,4190000,0.0,5011.112897450391,17
18,25,1,19.8,4190000,0.000283102806555371,12598.488539637108,9
20,20,-1,23.0,4150000,0.0014107389038103138,14596.590363717605,6
17,24,1,21.1,4200000,0.0,12573.394059006734,10
3,3,1,23.16,4200000,0.0005700024966386999,12141.714975439849,6
1,6,1,27.0,4200000,0.0,15634.20093863683,13
18,23,1,26.7,4200000,0.0,6146.635440363442,10
8,15,1,23.0,4299000,0.00038651388364834824,14251.829087741482,15
19,23,1,21.0,4290000,0.0,11455.946108397104,10
16,25,1,19.4,4300000,0.000283102806555371,12598.488539637108,9
10,15,1,17.0,4300000,0.00032360434362208143,7046.510636296909,10
4,4,1,23.64,4340000,0.0022428150219275743,1518.0969222880115,4
19,24,1,26.6,4300000,0.0005012110246217967,14689.543664221206,18
1,5,1,13.7,4300000,0.0014124176145076826,3592.914305254168,2
6,13,1,24.0,4300000,0.0,15718.84301528967,13
21,25,1,24.2,4300000,0.00033678485698619383,18483.67242398829,15
10,12,1,23.6,4300000,0.0,15718.84301528967,13
9,13,1,23.33,4350000,0.0002545638473059476,11649.043416710198,9
11,25,1,29.1,4380000,0.00020858245022024993,12095.030275503728,10
2,24,1,27.1,4390000,0.00026364257198529693,13779.025723028972,15
14,26,-1,15.67,4449134,0.0007635639818742751,10895.010689337967,7
3,25,1,19.1,4450000,0.0002983258798272942,12673.196410644961,9
16,26,1,29.7,4499000,0.0,14463.58123889753,6
3,14,-1,15.0,4500000,0.0014891607555083642,4688.48702828846,6
4,16,1,24.2,4535000,0.0,17728.839281937904,15
9,13,1,24.6,4500000,0.0,16195.452893155849,13
2,5,1,16.45,4524000,0.005462567465895584,2601.6558597002636,2
17,27,1,28.7,4549999,0.0012118628549632822,14428.167988401361,6
3,5,1,26.0,4500000,0.0031975694888727903,2370.762346358758,2
1,5,1,15.0,4500000,0.0015558180004700416,3104.1074212619606,3
14,14,1,26.0,4500000,0.0,14994.87702447485,6
7,24,1,23.0,4500000,0.0,14739.642872447726,18
5,5,1,26.0,4500000,0.0004606735655088955,3008.9336921829167,3
9,12,1,23.27,4500000,0.00026305481733129296,11696.858650169766,9
6,12,1,22.69,4550000,0.00021049929259648887,17592.016998390987,15
1,21,1,27.0,4580000,0.00029704015052837626,11437.876198524329,9
1,4,1,21.56,4550000,0.0006447340979831498,4399.049157707558,2
25,25,1,26.9,4550000,0.00032680433545172075,18666.342618609306,15
2,8,1,24.5,4550000,0.0,16346.415669982676,13
11,11,1,20.1,4550000,0.00033705367101406514,15374.23822019453,18
2,5,-1,15.7,4580000,0.0002962738946441572,3363.7595604050452,4
12,12,1,23.95,4550000,0.0,15718.84301528967,13
25,27,1,28.2,4600000,0.0012118628549632822,14428.167988401361,6
21,24,1,25.46,4600000,0.00033382031562339057,13268.125886230826,9
10,12,1,27.5,4600000,0.0,15929.967683458499,13
3,13,1,24.05,4600000,0.0002545638473059476,11649.043416710198,9
4,5,1,24.3,4600000,0.0,20856.209958138086,18
2,26,1,21.7,4650000,0.0002956335907695702,12598.488539637108,9
3,25,1,26.2,4690000,0.00032746060582986144,15902.258200024806,18
3,8,1,21.0,4650000,0.001136475382394874,2725.0778150929004,4
3,8,1,26.2,4650000,0.0,16374.336100202292,13
2,5,1,25.6,4690000,0.0,20974.916248211106,7
4,6,1,18.6,4700000,0.0,3390.7140352037995,3
2,3,-1,26.5,4716000,0.0008743492691529807,15476.559125566497,15
2,4,1,18.0,4700000,0.0024386210738883787,2398.888228147112,2
11,13,1,21.9,4799000,0.00026305481733129296,11696.858650169766,9
3,4,1,24.0,4750000,0.0,24440.799027700927,18
14,19,1,26.0,4750000,0.0,20433.736543442858,6
21,21,1,21.56,4790000,0.00022643209473604165,14251.829087741482,15
16,21,1,22.09,4790000,0.00022643209473604165,14251.829087741482,15
17,18,1,21.4,4790000,0.00024227223589795465,12296.961077118909,15
3,5,1,25.05,4750000,0.0,27957.191210343335,18
13,14,1,23.95,4800000,0.0002545638473059476,11649.043416710198,9
10,25,1,19.9,4800000,0.00028621316098083175,12639.05261274503,9
4,14,1,24.3,4849999,0.0002256597473337446,12415.559347039145,9
3,25,1,25.8,4890000,0.0002659047104840115,13196.368533848994,9
2,4,1,24.4,4900000,0.0,24440.799027700927,18
9,23,1,27.0,4900000,0.0,5413.5533403997,18
8,16,1,22.1,4900000,0.000600437610663012,9567.53489441851,15
10,14,1,21.35,4900000,0.0,11696.858650169766,9
23,25,1,23.6,4930000,0.00027323079736214355,11741.847899500184,9
4,5,1,32.1,4900000,0.0,19991.67797961531,7
9,25,1,24.5,4900000,0.0002379581281802749,12095.500280066664,9
6,20,1,23.2,4950000,0.0002075430384640953,11327.623785697917,13
4,4,1,25.8,4990000,0.0,24440.799027700927,18
2,3,-1,27.7,4999850,0.0008743492691529807,15476.559125566497,15
15,15,1,23.8,4990000,0.0,14199.209546508559,7
5,23,1,30.6,4950000,0.0002937259472524398,13962.330784206522,15
1,3,1,25.9,4990000,0.0008718494729824002,9121.077315870647,15
1,18,1,27.05,4999000,0.0002102812720501199,12640.862380190754,9
13,19,-1,28.4,4950000,0.00023795578207417962,6085.950014741629,4
16,16,1,28.0,4950000,0.00027057327561463986,11644.812047084919,9
1,4,-1,12.4,4990000,0.0004303934906314238,2479.9109140824203,3
5,5,1,25.17,4950000,0.0,27899.34429337493,18
18,25,1,29.2,5015000,0.00023547763530326667,12273.424512294785,9
20,25,1,21.0,5000000,0.0003840625205476527,16474.424782628535,6
6,24,1,26.7,5000000,0.0010943881199380347,14463.58123889753,6
11,19,-1,22.9,5000000,0.00022693470752259995,6283.947923630841,4
20,20,1,24.0,5000000,0.0,11327.623785697917,13
6,14,-1,20.9,5000000,0.0014891607555083642,4688.48702828846,6
12,12,1,27.0,5000000,0.0,16195.452893155849,13
13,16,1,24.9,5050000,0.00024102393991776183,12202.025144415475,9
4,14,1,24.0,5050000,0.0002256597473337446,12415.559347039145,9
13,19,1,28.4,5090000,0.0,6085.950014741629,4
13,13,1,21.3,5100000,0.00026305481733129296,11696.858650169766,9
2,5,1,27.57,5100000,0.0,19567.577231775416,7
3,4,1,24.3,5100000,0.0,16511.807917102382,13
8,12,1,24.7,5100000,0.0,16307.451776707638,13
9,25,1,28.46,5110000,0.00021340357108143535,12541.880350432613,9
10,25,1,26.62,5110000,0.00021340357108143535,12541.880350432613,9
6,15,-1,26.0,5100000,0.0005778493955201712,9869.103154983173,15
18,24,1,23.9,5100000,0.00027057327561463986,11644.812047084919,9
3,5,-1,16.7,5100000,0.0005429833636960319,3363.7595604050452,4
5,18,1,23.43,5190000,0.0004740114023914787,5846.467099980962,4
25,26,1,24.57,5150000,0.0002379581281802749,12095.500280066664,9
17,25,1,24.1,5150000,0.0002487397775629381,12003.10279007954,9
15,18,-1,29.0,5150000,0.0004677290840572663,6085.950014741629,4
5,5,1,22.5,5155000,0.0,20092.041455185292,7
20,24,1,27.0,5200000,0.0002379581281802749,12095.500280066664,9
3,4,1,24.3,5200000,0.0,16511.807917102382,13
4,5,1,25.4,5200000,0.0,20859.281613282412,7
7,26,-1,16.75,5250000,0.0007635639818742751,10895.010689337967,7
10,18,1,24.3,5250000,0.0004018316643320441,9431.2627601111,15
3,25,1,25.18,5300000,0.00024098316206299042,12215.550686618637,9
12,18,-1,17.0,5300000,0.00573409307627456,7004.55980333839,14
6,25,1,25.62,5300000,0.00021340357108143535,12541.880350432613,9
7,8,1,23.8,5300000,0.0,16414.268937628865,13
9,28,1,33.2,5300000,0.0007675845819468116,13439.80554697836,6
5,14,-1,23.0,5300000,0.0014891607555083642,4688.48702828846,6
10,25,1,26.0,5300000,0.00023547763530326667,12273.424512294785,9
19,25,1,24.1,5300000,0.00024388505558262498,12132.825810790735,9
5,5,1,28.0,5350000,0.0,19894.713539770073,7
4,4,1,25.59,5350000,0.0,16877.695165155063,13
4,14,-1,23.7,5390000,0.001117122811624262,6300.230645522835,6
2,25,1,26.0,5350000,0.00021340357108143535,12541.880350432613,9
9,28,1,30.0,5390000,0.0005724211456602737,15725.230606127614,6
4,5,1,26.3,5350000,0.0,20640.005498273917,7
21,22,-1,25.0,5350000,0.0008937889402658311,12301.674795214187,7
15,18,1,27.0,5400000,0.0002102812720501199,12640.862380190754,9
3,26,1,30.0,5400000,0.000964376086689064,14183.652813057155,6
11,25,1,26.0,5400000,0.0002529086954241885,11948.58715155841,9
27,27,1,28.35,5400000,0.0005723658175154655,15582.625471191863,6
16,27,1,24.2,5400000,0.0008573324092000799,15138.332291834404,6
13,25,1,25.13,5499000,0.00021340357108143535,12541.880350432613,9
2,4,1,26.0,5490000,0.0003710066622400531,2948.7600430891544,3
4,11,-1,23.7,5450000,0.001117122811624262,6300.230645522835,6
13,25,1,26.37,5550000,0.0002379581281802749,12095.500280066664,9
2,6,1,26.0,5550000,0.00036506953440168993,1770.3361878104727,1
5,6,1,25.0,5500000,0.0,45979.087033098025,5
12,25,1,24.2,5550000,0.00025418854743178163,12004.2171034352,9
19,30,-1,26.36,5500000,0.007110063937183005,12874.744581128427,7
2,3,-1,30.7,5526000,0.0008743492691529807,15476.559125566497,15
3,3,-1,27.9,5580000,0.0008743492691529807,15476.559125566497,15
7,26,1,27.0,5500000,0.0,20407.835771846836,6
5,18,1,22.0,5500000,0.0008838902090264813,13224.571003676321,7
1,5,1,30.0,5500000,0.0,27064.007937987124,16
9,14,-1,20.7,5500000,0.0045050103115924145,7216.140091758326,17
6,18,1,26.0,5500000,0.0004740114023914787,5846.467099980962,4
2,27,1,29.85,5540000,0.0005231647690090424,15810.221679202425,6
3,3,1,18.44,5500000,0.0022675803178252678,3290.3675594456704,2
8,25,1,24.3,5600000,0.00023547763530326667,12273.424512294785,9
4,4,1,24.7,5600000,0.0,16560.137543122513,13
12,25,1,24.3,5600000,0.00025418854743178163,12004.2171034352,9
11,13,1,25.65,5600000,0.00022607882212796697,12125.948098145518,9
4,4,1,30.92,5640000,0.0022428150219275743,1518.0969222880115,4
7,11,-1,22.37,5600000,0.001117122811624262,6300.230645522835,6
3,5,1,28.4,5600000,0.0,20640.005498273917,7
10,13,-1,24.5,5650000,0.0007687356993046883,9125.507997916624,15
3,6,1,28.0,5650000,0.0017610554965882038,4160.96529735023,14
22,24,1,22.0,5650000,0.0,14183.652813057155,6
8,24,1,22.8,5650000,0.0007836700701320659,12850.944901875844,17
5,24,1,30.0,5700000,0.0018336118381774905,14333.427763931471,6
9,12,-1,25.6,5700000,0.0,8141.625356178658,17
11,24,1,24.4,5700000,0.00027057327561463986,11644.812047084919,9
8,25,1,27.7,5799000,0.0002256597473337446,12415.559347039145,9
21,23,1,26.9,5810000,0.0,9229.716397845588,15
8,21,-1,23.7,5800000,0.004488888134094729,12900.75176247422,7
13,18,1,23.8,5800000,0.0004740114023914787,5846.467099980962,4
10,19,1,22.0,5800000,0.0005114451508966401,5979.765977627226,4
8,13,1,24.0,5880000,0.0002545638473059476,11649.043416710198,9
15,18,1,27.0,5870000,0.0,12095.500280066664,9
20,24,1,25.2,5850000,0.00044456322009760684,10330.99194070159,9
18,19,1,29.1,5850000,0.0014760939313429426,14411.675537264611,6
13,20,1,19.8,5850000,0.0,6324.232956558343,4
14,25,1,27.0,5890000,0.00023547763530326667,12273.424512294785,9
16,17,1,26.7,5850000,0.0002379581281802749,12095.500280066664,9
6,19,1,25.6,5850000,0.00032521144689662707,11163.820547803192,9
21,21,1,28.6,5850000,0.0,12388.234523007119,13
15,15,1,26.0,5850000,0.0007921920010574417,12641.607069023445,6
9,18,-1,24.6,5950000,0.00573409307627456,7004.55980333839,14
16,18,1,26.75,5980000,0.0002379581281802749,12095.500280066664,9
1,4,1,24.6,5900000,0.0,16270.027878309651,13
7,16,1,22.15,5900000,0.0005811248308225431,5607.5061126867595,8
5,18,-1,19.3,5990000,0.00573409307627456,7004.55980333839,14
10,22,-1,26.2,6000000,0.0008937889402658311,12301.674795214187,7
5,11,1,25.0,6000000,0.00027522733645506386,11674.25170483805,9
4,18,1,22.9,6000000,0.0,8667.908954139366,15
6,23,1,25.0,6090000,0.0003756592735079922,6555.112627973172,8
2,25,1,22.52,6090000,0.0004313287169346143,10216.426469909313,13
3,15,1,28.83,6100000,0.00026914340367023505,11800.89970321194,9
8,18,1,28.29,6100000,0.0004740114023914787,5846.467099980962,4
5,19,1,26.2,6100000,0.0005127798178058464,12045.67652808216,7
15,25,1,26.0,6150000,0.00047473003392593956,10137.976577031504,9
4,17,1,27.2,6150000,0.0003386799533622719,9326.088106784471,9
7,25,1,26.7,6200000,0.00046848404751336203,9133.38843434679,9
11,15,1,26.26,6200000,0.0004826532168459157,8156.58656236163,15
2,3,-1,28.4,6248000,0.0008743492691529807,15476.559125566497,15
4,24,1,25.0,6230000,0.0004262980956963042,10421.968098568183,9
8,16,-1,28.5,6150000,0.001928971010717876,12537.600173202503,6
12,25,1,31.2,6200000,0.0007007155819791508,6533.132316565973,9
13,15,1,23.9,5950000,0.000636758317053478,7637.302897299916,15
6,23,1,30.4,6150000,0.00025779438961899,13715.730091226465,15
9,18,1,42.6,6150000,0.0,18988.52352340949,13
7,13,1,29.5,6150000,0.0,12202.86845421734,9
