,floor,floors_count,rooms_count,total_meters,price,district,street,house_number,underground,cian_id,adress,longitude,latitude
0,7,9,1,42.3,16835400,Петроградский,Петровский проспект,9к2,Спортивная,298367029,Петровский проспект 9к2,30.266533,59.960994
1,4,25,1,37.0,10500000,Приморский,Байконурская ,26,Комендантский проспект,297442986,Байконурская 26,30.279334,60.014603
2,10,16,1,44.0,10000000,Приморский,Комендантский проспект,17к1,Комендантский проспект,298702714,Комендантский проспект 17к1,30.25701,60.011329
3,4,8,1,38.5,17500000,Петроградский,Ремесленная ,17,Василеостровская,298588228,Ремесленная 17,30.26868,59.957305
4,6,7,1,65.36,22733515,Василеостровский,11-я Васильевского острова линия,56,Василеостровская,293435902,11-я Васильевского острова линия 56,30.269407,59.944301
5,9,13,1,30.8,8000000,Приморский,Планерная ,91к2,Комендантский проспект,297243992,Планерная 91к2,30.200336,60.03274
6,2,17,1,48.0,14500000,Выборгский,Зеленогорская ,7,Пионерская,299595690,Зеленогорская 7,30.323387,60.001883
7,11,14,1,34.16,13079999,Красногвардейский,проспект Энергетиков,2,,279351973,проспект Энергетиков 2,30.434311,59.931134
8,6,11,1,40.46,16960832,Красногвардейский, Стахановцев,1,Новочеркасская,299636558,Стахановцев 1,30.405098,59.929835
9,9,16,1,46.6,11350000,Выборгский,проспект Тореза,44к2,Площадь Мужества,299399518,проспект Тореза 44к2,30.347165,60.008495
10,12,25,1,40.0,6890000,Красносельский,Ленинский проспект,51,Ленинский проспект,299378118,Ленинский проспект 51,30.167305,59.862569
11,3,23,1,62.1,20989800,Выборгский,аллея Академика Лихачева,7,Площадь Мужества,299451100,аллея Академика Лихачева 7,30.346546,60.002494
12,11,12,1,32.59,5800000,Красносельский,проспект Ветеранов,173к7,,297722654,проспект Ветеранов 173к7,30.110648,59.843928
13,3,8,1,39.3,19118473,Петроградский,Петровский проспект,22к2,Крестовский остров,293496609,Петровский проспект 22к2,30.261897,59.960368
14,1,14,1,37.7,5950000,Красносельский,Брестский бульвар,11/36,Ленинский проспект,296856031,Брестский бульвар 11/36,30.196671,59.853799
15,2,9,1,35.99,11849999,Адмиралтейский, Шкапина,43-45,Балтийская,299481340,Шкапина 43-45,30.288622,59.903823
16,8,10,1,40.7,13850000,Приморский,Белоостровская ,28,Черная речка,299006414,Белоостровская 28,30.310128,59.987226
17,3,12,1,47.4,16225848,Курортный,Приморское шоссе,570Л,,289388509,Приморское шоссе 570Л,29.662541,60.191798
18,1,13,1,36.3,6100000,Красносельский, Летчика Лихолетова,14к2,Проспект Ветеранов,298375223,Летчика Лихолетова 14к2,30.105312,59.84329
19,2,9,1,29.11,7535060,Красносельский, Тамбасова,5,Проспект Ветеранов,298331096,Тамбасова 5,30.154432,59.841401
20,3,4,1,29.6,4913600,Красносельский,Стрельнинское шоссе,3а,Ленинский проспект,297719432,Стрельнинское шоссе 3а,30.084839,59.777759
21,15,16,1,46.0,14150000,Московский,Московский проспект,103к6Й,Московские ворота,295197899,Московский проспект 103к6Й,30.313613,59.890528
22,7,12,1,32.2,7600000,Приморский,Озеро Долгое,15к3,Старая Деревня,272257905,Озеро Долгое 15к3,30.10975,59.714364
23,5,25,1,51.4,9406200,Калининский,Светлановский проспект,121к1,Гражданский проспект,292061882,Светлановский проспект 121к1,30.405089,60.046185
24,3,4,1,45.0,7999999,Петродворцовый,Красносельское шоссе,22,Ленинский проспект,298687821,Красносельское шоссе 22,30.133618,59.779463
25,19,24,1,34.5,6234150,Приморский, Ивинская,19к1,Комендантский проспект,297361104,Ивинская 19к1,30.128021,60.032587
26,2,4,1,31.0,5487000,Красносельский,Стрельнинское шоссе,3а,Проспект Ветеранов,290174351,Стрельнинское шоссе 3а,30.084839,59.777759
27,9,19,1,39.7,6790000,Василеостровский,бульвар Александра Грина,1,Приморская,298895332,бульвар Александра Грина 1,30.203902,59.937017
28,2,8,1,21.88,11933352,Петроградский,Пионерская ,53,Чкаловская,298529949,Пионерская 53,30.28564,59.960557
29,4,20,1,36.0,9890000,Красносельский, Катерников,7,Проспект Ветеранов,298574187,Катерников 7,30.155303,59.85106
30,2,8,1,39.5,17241750,Петроградский,Петровский проспект,28к2,Крестовский остров,298461605,Петровский проспект 28к2,30.252079,59.961201
31,4,25,1,50.4,10600000,Московский,Витебский проспект,97к1,Купчино,296238884,Витебский проспект 97к1,30.370584,59.83149
32,5,9,1,29.0,8500000,Приморский,Богатырский проспект,3К1,Пионерская,297427106,Богатырский проспект 3К1,30.294461,60.001617
33,5,11,1,41.7,9690000,Московский,Детский переулок,2,Московские ворота,277269506,Детский переулок 2,30.31682,59.893768
34,1,8,1,76.5,22950000,Петроградский,Петровский проспект,24к2,,296753880,Петровский проспект 24к2,30.256876,59.96007
35,7,16,1,40.6,19500000,Московский,Варшавская ,6к2,Электросила,299467095,Варшавская 6к2,30.315275,59.879353
36,7,7,1,58.7,28500000,Адмиралтейский,Звенигородская ,7к2,Звенигородская,268560184,Звенигородская 7к2,30.340419,59.917592
37,4,19,1,42.0,16700000,Адмиралтейский,Московский проспект,73к5,Фрунзенская,298331683,Московский проспект 73к5,30.314817,59.904189
38,3,20,1,70.35,19000000,Приморский,Ушаковская набережная,1к3А1,Черная речка,297086499,Ушаковская набережная 1к3А1,30.317413,59.982577
39,5,5,1,42.0,8450000,Пушкинский, Образцовая,5к1,,297617210,Образцовая 5к1,30.369695,59.752349
40,9,20,1,34.59,10189999,Василеостровский, Челюскина,8,,279507019,Челюскина 8,30.187679,59.942065
41,4,10,1,41.3,16000000,Московский,Московский проспект,72к2,Фрунзенская,299192913,Московский проспект 72к2,30.320827,59.906625
42,4,23,1,32.62,6207564,Приморский, Ивинская,1к2,Зенит,298977574,Ивинская 1к2,30.135406,60.027862
43,4,4,1,40.3,5964400,Красносельский,Стрельнинское шоссе,3а,Проспект Ветеранов,298267433,Стрельнинское шоссе 3а,30.084839,59.777759
44,3,8,1,40.5,20456954,Петроградский,набережная Реки Карповки,31к1,Спортивная,299196217,набережная Реки Карповки 31к1,30.304657,59.970339
45,6,23,1,38.7,6990000,Пушкинский,Школьная ,17,Звездная,293573680,Школьная 17,30.28705,59.988235
46,22,27,1,33.77,7799904,Выборгский,проезд Толубеевский,34к2,,297361344,проезд Толубеевский 34к2,30.354002,60.085038
47,6,9,1,36.6,9000000,Василеостровский, Кораблестроителей,19К1,Приморская,299139282,Кораблестроителей 19К1,30.216757,59.942575
48,2,20,1,33.5,10990000,Приморский,Комендантский проспект,63,Комендантский проспект,299243910,Комендантский проспект 63,30.228947,60.035351
49,6,6,1,37.2,10000000,Василеостровский,8-я Васильевского острова линия,77,Василеостровская,295258416,8-я Васильевского острова линия 77,30.27097,59.947131
50,3,9,1,26.91,10497494,Василеостровский,7-я Васильевского острова линия,84,Василеостровская,291720442,7-я Васильевского острова линия 84,30.2715,59.948735
51,6,13,1,34.56,8100000,Василеостровский, Чирикова,5,Приморская,299517113,Чирикова 5,30.200363,59.934109
52,7,9,1,43.77,16990000,Петроградский,Петроградская набережная,38,Горьковская,296121150,Петроградская набережная 38,30.332676,59.963832
53,4,7,1,36.0,9999000,Адмиралтейский,Можайская ,37-39,Пушкинская,299667280,Можайская 37-39,30.328957,59.914443
54,11,12,1,39.6,15444000,Приморский,Белоостровская ,7,Лесная,293956325,Белоостровская 7,30.329451,59.985462
55,4,8,1,37.6,12100000,Красногвардейский,шоссе Революции,12к2,Новочеркасская,298169679,шоссе Революции 12к2,30.417252,59.96098
56,2,10,1,33.18,6400000,Красносельский,проспект Ветеранов,169к6,Проспект Ветеранов,292885053,проспект Ветеранов 169к6,30.116559,59.842029
57,11,24,1,36.2,5980000,Невский, Русановская,18к6,Ломоносовская,287506866,Русановская 18к6,30.512267,59.868885
58,3,9,1,64.44,29809944,Василеостровский,20-я Васильевского острова линия,19,Спортивная,297998589,20-я Васильевского острова линия 19,30.264862,59.93502
59,11,29,1,47.7,11300000,Выборгский,Выборгское шоссе,15,Проспект Просвещения,297370904,Выборгское шоссе 15,30.311862,60.05295
60,3,13,1,36.2,7550000,Приморский,проспект Авиаконструкторов,63,Комендантский проспект,292934116,проспект Авиаконструкторов 63,30.207648,60.034474
61,6,10,1,37.12,15122688,Приморский,Лисичанская ,22,Черная речка,297998586,Лисичанская 22,30.308116,59.986506
62,5,8,1,46.9,17300000,Петроградский,Петровский проспект,22к2,Крестовский остров,296170905,Петровский проспект 22к2,30.261897,59.960368
63,1,5,1,36.4,6150000,Приморский,проспект Юнтоловский,49к6,,269178916,проспект Юнтоловский 49к6,30.144101,60.029144
64,2,15,1,37.42,8085854,Красногвардейский,проспект Энергетиков,6,Ладожская,291938304,проспект Энергетиков 6,30.434221,59.935926
65,2,26,1,38.6,8600000,Фрунзенский,Дунайский проспект,55к1,Дунайская,298854923,Дунайский проспект 55к1,30.419192,59.843842
66,3,11,1,38.07,13478684,Московский,Благодатная ,50,Электросила,299555564,Благодатная 50,30.338991,59.876928
67,3,9,1,39.1,16200000,Выборгский, Александра Матросова,3,Лесная,297217133,Александра Матросова 3,30.335182,59.978255
68,7,9,1,42.7,16789640,Петроградский,Петровский проспект,9к2,Спортивная,298367006,Петровский проспект 9к2,30.266533,59.960994
69,5,16,1,36.8,12320000,Приморский,Богатырский проспект,25к1,Комендантский проспект,299561227,Богатырский проспект 25к1,30.252582,60.002139
70,6,10,1,33.3,5550000,Приморский, Репищева,19К1,Комендантский проспект,295161407,Репищева 19К1,30.284238,60.025606
71,4,10,1,41.1,8490000,Невский,Глазурная ,2,Площадь Александра Невского,298705717,Глазурная 2,30.399861,59.915679
72,9,11,1,37.7,8750000,Кировский,Дачный проспект,2к1,Проспект Ветеранов,296514485,Дачный проспект 2к1,30.241497,59.850509
73,6,9,1,30.2,8700000,Кировский,бульвар Новаторов,116,Проспект Ветеранов,299389917,бульвар Новаторов 116,30.247461,59.841477
74,3,10,1,41.98,20150400,Московский,Московский проспект,72к2,Фрунзенская,267475944,Московский проспект 72к2,30.320827,59.906625
75,6,7,1,39.9,16799000,Выборгский,проспект Энгельса,2,Пионерская,298623712,проспект Энгельса 2,30.329702,59.997505
76,8,12,1,38.06,10995534,Приморский,проспект Авиаконструкторов,54,Комендантский проспект,266866924,проспект Авиаконструкторов 54,30.204962,60.033908
77,9,10,1,33.5,9100000,Приморский, Ильюшина,2,Комендантский проспект,296429310,Ильюшина 2,30.255582,60.006426
78,10,24,1,41.5,14550232,Невский,Фарфоровская ,9,Ломоносовская,294535347,Фарфоровская 9,30.428445,59.880274
79,1,9,1,31.7,5600000,Красносельский, Летчика Пилютова,46,Проспект Ветеранов,299029630,Летчика Пилютова 46,30.140903,59.83101
80,1,5,1,51.5,13400000,Курортный,переулок Большой Литейный,44Д,Комендантский проспект,294205466,переулок Большой Литейный 44Д,29.94295,60.088108
81,2,13,1,33.7,9886232,Фрунзенский,Волковское,1,Обводный канал,292739077,Волковское 1,30.366614,59.892067
82,6,9,1,32.3,5800000,Калининский, Демьяна Бедного,30к1,Гражданский проспект,299186520,Демьяна Бедного 30к1,30.390752,60.048409
83,2,12,1,63.5,10960100,Московский,Московское шоссе,3к5,Звездная,294538515,Московское шоссе 3к5,30.331193,59.833764
84,4,7,1,47.4,14900000,Центральный,Полтавский проезд,2,Площадь Восстания,299206769,Полтавский проезд 2,30.367198,59.925078
85,2,12,1,32.4,9150796,Фрунзенский,Волковское,5,Обводный канал,292512705,Волковское 5,30.366614,59.892067
86,6,16,1,38.8,6150000,Красносельский, Маршала Захарова,50К1,Проспект Ветеранов,299071423,Маршала Захарова 50К1,30.204091,59.851783
87,2,5,1,41.29,9207670,Выборгский, Береговая,12,Проспект Просвещения,294693178,Береговая 12,30.290509,60.058165
88,12,29,1,39.4,8360000,Выборгский,Выборгское шоссе,15,Проспект Просвещения,292436369,Выборгское шоссе 15,30.311862,60.05295
89,5,5,1,31.0,5900000,Красногвардейский,Таллинская ,27,Новочеркасская,291921103,Таллинская 27,30.420594,59.926034
90,15,15,1,32.03,10025390,Василеостровский,Гавань,12,Горный институт,298050421,Гавань 12,30.241164,59.930038
91,7,13,1,45.3,7790000,Невский, Дыбенко,42,Улица Дыбенко,296548554,Дыбенко 42,30.498864,59.910974
92,11,17,1,38.6,7590000,Невский,проспект Пятилеток,16к3,Проспект Большевиков,298378211,проспект Пятилеток 16к3,30.450606,59.923085
93,3,9,1,43.0,16600000,Василеостровский,проспект Средний Васильевского острова,85,Горный институт,295206611,проспект Средний Васильевского острова 85,30.254262,59.936458
94,3,25,1,39.04,10090307,Приморский,Коломяжский проспект,13к2,Пионерская,297024768,Коломяжский проспект 13к2,30.302348,59.999615
95,12,14,1,39.8,15950000,Приморский,Белоостровская ,12,Лесная,298499897,Белоостровская 12,30.321932,59.985597
96,3,13,1,37.6,9317922,Приморский,Планерная ,87к1,Комендантский проспект,292452929,Планерная 87к1,30.2026,60.030245
97,16,25,1,35.2,7600000,Калининский,Кондратьевский проспект,64к9,Лесная,295268092,Кондратьевский проспект 64к9,30.390752,59.983256
98,18,24,1,35.5,6800000,Выборгский,Заречная ,15к1,Парнас,299096314,Заречная 15к1,30.146392,59.778045
99,23,25,1,37.07,7531446,Приморский,набережная Реки Каменки,15к3,Проспект Просвещения,298056575,набережная Реки Каменки 15к3,30.272641,60.055529
100,2,5,1,30.4,3790000,Колпинский,дорога На Петро-Славянку,2АБ,,296190867,дорога На Петро-Славянку 2АБ,30.514701,59.816513
101,9,14,1,45.77,9500000,Василеостровский,набережная Миклухо-Маклая,1к1,Приморская,299092760,набережная Миклухо-Маклая 1к1,30.201737,59.929804
102,11,12,1,45.51,13147839,Приморский, Плесецкая,2,Комендантский проспект,293371715,Плесецкая 2,30.205959,60.029508
103,6,24,1,33.8,6100000,Невский, Русановская,18к3,Ломоносовская,298715153,Русановская 18к3,30.509716,59.867687
104,10,13,1,34.55,7578888,Приморский,аллея Арцеуловская,9,Старая Деревня,299028880,аллея Арцеуловская 9,30.19579,60.036443
105,4,4,1,33.9,16500000,Центральный,набережная Воскресенская,28,Чернышевская,295659991,набережная Воскресенская 28,30.352969,59.94974
106,2,15,1,36.9,10837530,Невский,Октябрьская набережная,57к3,Елизаровская,294544573,Октябрьская набережная 57к3,30.448639,59.89835
107,12,22,1,37.9,9480000,Калининский, Бутлерова,11к4,Академическая,294867847,Бутлерова 11к4,30.402879,60.006246
108,18,26,1,39.98,7200000,Выборгский, Брюлловская,3кЕ,Парнас,297486994,Брюлловская 3кЕ,30.311098,60.068938
109,3,9,1,32.7,6000000,Красносельский, Тамбасова,28,Проспект Ветеранов,295682288,Тамбасова 28,30.15675,59.83026
110,6,8,1,54.4,29376000,Петроградский,набережная Реки Карповки,27,Петроградская,280459325,набережная Реки Карповки 27,30.307774,59.970155
111,1,10,1,40.5,5100000,Пушкинский,Пушкинская ,48,,292406186,Пушкинская 48,30.071517,59.832928
112,7,10,1,38.4,6600000,Приморский, Репищева,19К1,Комендантский проспект,297075527,Репищева 19К1,30.284238,60.025606
113,2,18,1,41.6,6250000,Красносельский,Ленинский проспект,55к1,Ленинский проспект,297989469,Ленинский проспект 55к1,30.171608,59.862474
114,17,17,1,39.4,7299000,Московский,Дунайский проспект,5к5,Звездная,295283735,Дунайский проспект 5к5,30.33113,59.828758
115,14,14,1,41.0,7450000,Выборгский,Выборгское шоссе,23к2,Озерки,291808351,Выборгское шоссе 23к2,30.30852,60.060191
116,2,12,1,34.7,8241250,Красногвардейский,Партизанская ,5Б,Ладожская,299403387,Партизанская 5Б,30.425858,59.943368
117,5,12,1,34.5,6300000,Красногвардейский, Коммуны,32к2,Улица Дыбенко,296733100,Коммуны 32к2,30.498244,59.950627
118,10,10,1,45.6,14000000,Приморский,Приморский проспект,54к2,Старая Деревня,298739677,Приморский проспект 54к2,30.236134,59.983175
119,14,23,1,31.3,4590000,Пушкинский,проспект Старорусский,6,Купчино,294020465,проспект Старорусский 6,30.358287,59.810505
120,12,14,1,40.41,14900000,Приморский,Белоостровская ,12,Черная речка,297014130,Белоостровская 12,30.321932,59.985597
121,1,18,1,42.2,12600000,Фрунзенский,Белградская ,26к9,Международная,299398539,Белградская 26к9,30.364871,59.8605
122,2,19,1,32.0,8000000,Московский, Среднерогатская,16к2,Звездная,299099426,Среднерогатская 16к2,30.34138,59.822919
123,24,24,1,41.0,6425000,Пушкинский,переулок Вилеровский,6,Звездная,297227985,переулок Вилеровский 6,30.364045,59.811609
124,6,19,1,33.54,8300000,Невский,Дальневосточный проспект,19к1,Новочеркасская,296212408,Дальневосточный проспект 19к1,30.447301,59.906982
125,9,17,1,42.0,6800000,Красносельский,проспект Героев,24к1,Проспект Ветеранов,295879876,проспект Героев 24к1,30.163496,59.862144
126,2,10,1,41.0,10050043,Приморский,проспект Авиаконструкторов,67к1,Комендантский проспект,296851449,проспект Авиаконструкторов 67к1,30.20242,60.037427
127,15,17,1,33.7,7500000,Приморский,Богатырский проспект,51к1,Старая Деревня,294179154,Богатырский проспект 51к1,30.219371,60.006444
128,12,14,1,37.0,7900000,Приморский,набережная Реки Каменки,19к4,Озерки,292434440,набережная Реки Каменки 19к4,30.26982,60.053575
129,16,24,1,34.7,6300000,Выборгский, Валерия Гаврилина,13к1,Парнас,295721078,Валерия Гаврилина 13к1,30.335092,60.079231
130,2,5,1,33.4,6950155,Московский,Пулковское шоссе,71к19,Звездная,299582550,Пулковское шоссе 71к19,30.31382,59.766466
131,3,12,1,49.0,13900000,Московский,Сызранская ,23,Электросила,292112525,Сызранская 23,30.338083,59.880582
132,2,7,1,29.1,7750000,Петроградский, Профессора Попова,26,Петроградская,294941822,Профессора Попова 26,30.304909,59.971051
133,5,5,1,30.2,5500000,Калининский,Гражданский проспект,9К8,Площадь Мужества,299110914,Гражданский проспект 9К8,30.389692,59.99989
134,2,15,1,39.5,8164532,Невский, Евдокима Огнева,3,Улица Дыбенко,296210633,Евдокима Огнева 3,30.465483,59.895772
135,5,5,1,31.1,5200000,Московский,проспект Космонавтов,30К3,Московская,297829100,проспект Космонавтов 30К3,30.353013,59.857834
136,3,4,1,26.22,5332010,Пушкинский, Образцовая,2,Купчино,293667114,Образцовая 2,30.368312,59.749357
137,10,10,1,33.8,6480000,Невский, Коллонтай,16К3,Проспект Большевиков,297849492,Коллонтай 16К3,30.460362,59.919477
138,1,5,1,42.86,7434350,Колпинский,шоссе Рубежное,14,Рыбацкое,298649495,шоссе Рубежное 14,30.626928,59.753645
139,10,24,1,33.2,5000000,Невский, Русановская,20к1,Ломоносовская,297757839,Русановская 20к1,30.513426,59.865384
140,7,9,1,33.4,5500000,Фрунзенский,Белградская ,42,Проспект Славы,297714144,Белградская 42,30.369174,59.849736
141,4,9,1,30.0,6300000,Выборгский, Карбышева,6К1,Площадь Мужества,296836302,Карбышева 6К1,30.356247,59.996061
142,1,12,1,33.6,4800000,Калининский,проспект Культуры,5к1,,299382297,проспект Культуры 5к1,30.369524,60.036376
143,7,12,1,43.4,5300000,Выборгский, Жени Егоровой,12К2,Проспект Просвещения,299505788,Жени Егоровой 12К2,30.31214,60.065525
144,2,5,1,30.2,4500000,Красногвардейский,Пискаревский проспект,155К2,Академическая,298731686,Пискаревский проспект 155К2,30.449573,60.003637
145,10,12,1,38.3,7300000,Приморский,проспект Авиаконструкторов,39К1,Комендантский проспект,299135050,проспект Авиаконструкторов 39К1,30.233538,60.021987
146,4,7,1,42.9,24980000,Центральный,Таврическая ,37,Чернышевская,292857535,Таврическая 37,30.378472,59.947243
147,9,23,1,37.3,5850000,Невский, Русановская,17к4,Ломоносовская,297697704,Русановская 17к4,30.512222,59.862587
148,9,12,1,38.1,7200000,Приморский,Камышовая ,32К1,Комендантский проспект,298608906,Камышовая 32К1,30.224204,60.008441
149,2,16,1,38.0,9990000,Василеостровский, Кораблестроителей,32к3,Приморская,298870704,Кораблестроителей 32к3,30.214718,59.953362
150,13,19,1,44.8,8600000,Приморский,аллея Арцеуловская,23к1,Комендантский проспект,299321083,аллея Арцеуловская 23к1,30.224626,60.042406
151,14,23,1,39.68,7691513,Приморский, Ивинская,1к4,Зенит,297885525,Ивинская 1к4,30.137247,60.028433
152,1,4,1,28.3,3500000,Колпинский,проспект Ленина,73,,299095339,проспект Ленина 73,30.565088,59.750835
153,15,23,1,39.8,7200000,Выборгский,Заречная ,10,Парнас,299357595,Заречная 10,30.147254,59.776627
154,15,24,1,36.95,6000000,Приморский, Ивинская,19к1,Беговая,289786509,Ивинская 19к1,30.128021,60.032587
155,14,23,1,34.37,6893604,Приморский, Ивинская,1к4,Зенит,298459515,Ивинская 1к4,30.137247,60.028433
156,8,24,1,32.4,7500000,Московский,Дунайский проспект,28к2,Звездная,299374819,Дунайский проспект 28к2,30.362823,59.832982
157,8,23,1,33.92,6718950,Приморский, Ивинская,5к1,Зенит,297362013,Ивинская 5к1,30.133789,60.028833
158,10,16,1,44.0,8800000,Московский,Краснопутиловская ,76к2,Московская,294965679,Краснопутиловская 76к2,30.301001,59.854847
159,11,14,1,36.0,8888888,Приморский,Приморский проспект,145К3,Беговая,296734435,Приморский проспект 145К3,30.207064,59.985228
160,3,4,1,41.1,20990000,Центральный,набережная Воскресенская,26,Чернышевская,294111461,набережная Воскресенская 26,30.354136,59.949672
161,8,9,1,41.7,13950000,Приморский,Фермское шоссе,12А,Удельная,298195620,Фермское шоссе 12А,30.310784,60.012534
162,20,23,1,28.2,4950000,Невский, Русановская,18к3,Ломоносовская,297795562,Русановская 18к3,30.509716,59.867687
163,1,5,1,30.7,5400000,Калининский,проспект Науки,27,Академическая,297684712,проспект Науки 27,30.407811,60.009071
164,4,9,1,33.72,9200731,Красносельский, Тамбасова,5,Проспект Ветеранов,295858926,Тамбасова 5,30.154432,59.841401
165,8,12,1,36.2,5800000,Красногвардейский,проспект Наставников,12,Ладожская,291372451,проспект Наставников 12,30.488381,59.940875
166,3,5,1,30.0,5500000,Выборгский, Орбели,31К2,Площадь Мужества,297994012,Орбели 31К2,30.34324,60.006471
167,1,9,1,36.81,8578900,Красносельский, Тамбасова,5,Проспект Ветеранов,295859089,Тамбасова 5,30.154432,59.841401
168,8,16,1,38.7,7650000,Приморский,Богатырский проспект,52к1,Комендантский проспект,299099830,Богатырский проспект 52к1,30.214008,60.005864
169,5,10,1,47.0,18000000,Петроградский,Ждановская ,29,Чкаловская,297961350,Ждановская 29,30.27998,59.958246
170,7,8,1,48.8,22210541,Петроградский,Петровский проспект,22к2,Крестовский остров,293496463,Петровский проспект 22к2,30.261897,59.960368
171,16,25,1,34.5,7500000,Невский, Коллонтай,5/1,Проспект Большевиков,298049316,Коллонтай 5/1,30.449996,59.913149
172,5,25,1,37.95,5290000,Невский, Русановская,20к1,Ломоносовская,295280586,Русановская 20к1,30.513426,59.865384
173,5,9,1,44.0,16500000,Петроградский,Петровский проспект,24к3,Крестовский остров,295323138,Петровский проспект 24к3,30.259032,59.959471
174,5,8,1,39.7,19740518,Петроградский,Петровский проспект,22к2,Крестовский остров,293496511,Петровский проспект 22к2,30.261897,59.960368
175,2,5,1,31.2,5000000,Петродворцовый,Блан-Менильская ,3,,298662189,Блан-Менильская 3,29.888845,59.876978
176,6,7,1,54.5,13790000,Центральный,переулок Апраксин,1,Сенная площадь,291460963,переулок Апраксин 1,30.324528,59.928961
177,10,25,1,36.94,18688685,Московский,Алтайская ,39,Московская,294551126,Алтайская 39,30.333134,59.849103
178,13,14,1,37.0,6900000,Красногвардейский,шоссе Революции,27,Ладожская,299334139,шоссе Революции 27,30.425948,59.959192
179,2,9,1,49.19,15679999,Адмиралтейский, Шкапина,43-45,Балтийская,299481389,Шкапина 43-45,30.288622,59.903823
180,10,10,1,35.0,6000000,Красносельский,проспект Ветеранов,169к6,Проспект Ветеранов,299632115,проспект Ветеранов 169к6,30.116559,59.842029
181,7,7,1,63.86,24311275,Василеостровский,11-я Васильевского острова линия,56,Василеостровская,293435870,11-я Васильевского острова линия 56,30.269407,59.944301
182,2,10,1,43.0,13700000,Адмиралтейский, Парфеновская,11к1,Фрунзенская,296834271,Парфеновская 11к1,30.311502,59.899081
183,6,17,1,44.8,8900000,Калининский,проспект Непокоренных,49к2,Площадь Мужества,297706736,проспект Непокоренных 49к2,30.389054,59.993599
184,6,9,1,41.6,15949999,Адмиралтейский, Шкапина,43-45,Балтийская,299481414,Шкапина 43-45,30.288622,59.903823
185,5,21,1,34.9,8700000,Василеостровский, Челюскина,8,Приморская,294034275,Челюскина 8,30.187679,59.942065
186,6,12,1,48.2,17877708,Курортный,Приморское шоссе,570Л,,289388425,Приморское шоссе 570Л,29.662541,60.191798
187,5,5,1,31.1,6100000,Фрунзенский,Софийская ,37К3,Международная,298329429,Софийская 37К3,30.398854,59.873315
188,6,7,1,74.62,28626097,Василеостровский,11-я Васильевского острова линия,56,Василеостровская,293435822,11-я Васильевского острова линия 56,30.269407,59.944301
189,9,9,1,34.4,5490000,Выборгский,проспект Культуры,22К1,Гражданский проспект,297516945,проспект Культуры 22К1,30.374429,60.046998
190,3,6,1,48.1,21607555,Центральный,Миргородская ,1,Площадь Александра Невского,299135829,Миргородская 1,30.370261,59.92492
191,12,16,1,33.6,11600000,Красногвардейский,Заневский проспект,42,Ладожская,295747960,Заневский проспект 42,30.434006,59.934285
192,13,14,1,43.2,15089999,Красногвардейский,проспект Энергетиков,2,,279352049,проспект Энергетиков 2,30.434311,59.931134
193,6,12,1,37.38,8200000,Приморский,проспект Авиаконструкторов,54,Комендантский проспект,287949090,проспект Авиаконструкторов 54,30.204962,60.033908
194,3,16,1,41.2,11290000,Московский,Краснопутиловская ,125,Московская,299363990,Краснопутиловская 125,30.310829,59.847051
195,3,12,1,71.8,25998780,Курортный,Приморское шоссе,570Л,,294180843,Приморское шоссе 570Л,29.662541,60.191798
196,5,12,1,31.0,11500000,Московский,Кузнецовская ,58к1,Бухарестская,269502406,Кузнецовская 58к1,30.34827,59.873162
197,8,13,1,30.8,5970000,Калининский,проспект Непокоренных,74,Академическая,298092726,проспект Непокоренных 74,30.431868,59.994171
198,13,14,1,42.17,14989999,Красногвардейский,проспект Энергетиков,2,,279352061,проспект Энергетиков 2,30.434311,59.931134
199,22,24,1,54.2,13990000,Приморский,Мебельная ,49/92,Беговая,295364531,Мебельная 49/92,30.194155,59.99382
200,8,24,1,42.1,6912820,Приморский, Ивинская,19к1,Комендантский проспект,297361064,Ивинская 19к1,30.128021,60.032587
201,3,10,1,35.5,11600000,Фрунзенский,Днепропетровская ,65,Обводный канал,298255448,Днепропетровская 65,30.356939,59.910032
202,4,14,1,36.88,13119999,Красногвардейский,проспект Энергетиков,2,,298146758,проспект Энергетиков 2,30.434311,59.931134
203,6,7,1,40.0,9990000,Выборгский,проспект Энгельса,134к3,Проспект Просвещения,299505462,проспект Энгельса 134к3,30.330843,60.049015
204,2,9,1,46.26,14709999,Адмиралтейский, Шкапина,43-45,Балтийская,299481388,Шкапина 43-45,30.288622,59.903823
205,20,23,1,35.3,5600000,Красногвардейский, Корнея Чуковского,5к2,Девяткино,296031592,Корнея Чуковского 5к2,30.457766,60.029004
206,2,5,1,29.7,5599000,Калининский, Ушинского,41,Гражданский проспект,298074012,Ушинского 41,30.417441,60.042914
207,3,4,1,31.5,5500000,Пушкинский,Гуммолосаровская ,19,Купчино,295762890,Гуммолосаровская 19,30.426352,59.684717
208,1,9,1,47.5,12700000,Центральный,Кременчугская ,19к3,Площадь Александра Невского,289681131,Кременчугская 19к3,30.370315,59.919739
209,4,12,1,34.5,7290000,Приморский,проспект Орлово-Денисовский,19к1,Проспект Просвещения,299103855,проспект Орлово-Денисовский 19к1,30.267997,60.056912
210,4,8,1,25.52,15132619,Петроградский,Пионерская ,53,Чкаловская,298529998,Пионерская 53,30.28564,59.960557
211,4,11,1,28.2,5500000,Пушкинский,проспект Старорусский,11,Купчино,292437729,проспект Старорусский 11,30.358107,59.806174
212,7,11,1,44.89,18404900,Красногвардейский, Стахановцев,1,Новочеркасская,299464106,Стахановцев 1,30.405098,59.929835
213,6,26,1,46.9,13990000,Невский,проспект Обуховской обороны,195,Пролетарская,297872990,проспект Обуховской обороны 195,30.45897,59.869436
214,10,11,1,35.2,10610000,Невский,Октябрьская набережная,86К2,Пролетарская,294777985,Октябрьская набережная 86К2,30.469651,59.872227
215,9,25,1,31.4,6780000,Приморский, Верхне-Каменская,7к1,Комендантский проспект,293041151,Верхне-Каменская 7к1,30.213819,60.037081
216,2,8,1,45.33,20277423,Петроградский,Пионерская ,53,Чкаловская,298529954,Пионерская 53,30.28564,59.960557
217,10,11,1,35.37,10990000,Центральный,Днепропетровская ,7,Лиговский проспект,296992432,Днепропетровская 7,30.361332,59.919175
218,1,17,1,38.4,7107840,Приморский, Ивинская,9,Комендантский проспект,297361142,Ивинская 9,30.132486,60.030645
219,6,8,1,40.55,23660000,Петроградский,набережная Реки Карповки,31к1,Петроградская,299637865,набережная Реки Карповки 31к1,30.304657,59.970339
220,1,6,1,30.3,8500000,Петроградский, Мира,24,Горьковская,294773629,Мира 24,30.322875,59.961557
221,2,11,1,55.77,22386078,Красногвардейский, Стахановцев,1,Новочеркасская,299464134,Стахановцев 1,30.405098,59.929835
222,11,18,1,33.4,7700000,Московский, Среднерогатская,16к2,Звездная,297458707,Среднерогатская 16к2,30.34138,59.822919
223,2,24,1,40.6,6540660,Приморский, Ивинская,19к1,Комендантский проспект,297361030,Ивинская 19к1,30.128021,60.032587
224,15,15,1,38.6,15940000,Красногвардейский,Магнитогорская ,3к2,Новочеркасская,298731633,Магнитогорская 3к2,30.417396,59.936206
225,7,25,1,34.56,19688676,Московский,Алтайская ,39,Московская,297316436,Алтайская 39,30.333134,59.849103
226,2,5,1,31.1,5500000,Кировский, Козлова,27К1,Проспект Ветеранов,270168275,Козлова 27К1,30.221276,59.836102
227,6,23,1,66.5,21147000,Выборгский,аллея Академика Лихачева,7,Площадь Мужества,299451096,аллея Академика Лихачева 7,30.346546,60.002494
228,13,15,1,45.4,7700000,Красносельский,проспект Ветеранов,130,Проспект Ветеранов,297274171,проспект Ветеранов 130,30.173755,59.832593
229,11,15,1,34.3,6800000,Кировский, Лени Голикова,2,Проспект Ветеранов,299071751,Лени Голикова 2,30.229612,59.847878
230,5,25,1,51.7,9461100,Калининский,Светлановский проспект,121к1,Гражданский проспект,292061878,Светлановский проспект 121к1,30.405089,60.046185
231,2,4,1,40.9,15000000,Центральный,Малая Садовая ,4,Гостиный двор,296783105,Малая Садовая 4,30.33811,59.93507
232,9,11,1,46.37,10766000,Невский,Октябрьская набережная,86К2,Пролетарская,296399787,Октябрьская набережная 86К2,30.469651,59.872227
233,14,18,1,31.0,7500000,Василеостровский, Вадима Шефнера,14к1,Приморская,297570434,Вадима Шефнера 14к1,30.203444,59.9401
234,9,23,1,40.1,6500000,Невский,проспект Советский,41к1,Рыбацкое,298659871,проспект Советский 41к1,30.536,59.829748
235,10,11,1,28.9,10809500,Невский,Октябрьская набережная,86К2,Пролетарская,294042869,Октябрьская набережная 86К2,30.469651,59.872227
236,5,9,1,58.33,41000000,Петроградский,набережная Адмирала Лазарева,22,Чкаловская,299336700,набережная Адмирала Лазарева 22,30.277339,59.964377
237,10,11,1,41.0,5800000,Выборгский, Тихоокеанская,5,Проспект Просвещения,298736745,Тихоокеанская 5,30.241937,60.072197
238,5,10,1,39.5,9500000,Курортный, Гагаринская,77к1,Беговая,294184360,Гагаринская 77к1,30.342692,59.945837
239,17,25,1,43.1,24880294,Московский,Алтайская ,39,Московская,287028904,Алтайская 39,30.333134,59.849103
240,14,25,1,33.5,5899000,Невский,проспект Советский,39к1,Рыбацкое,297343485,проспект Советский 39к1,30.533557,59.829984
241,7,15,1,39.0,7200000,Выборгский,дорога Михайловская,14к1,Проспект Просвещения,296446881,дорога Михайловская 14к1,30.258906,60.070796
242,2,5,1,29.3,5690000,Выборгский, Орбели,31К2,Площадь Мужества,295940595,Орбели 31К2,30.34324,60.006471
243,1,4,1,34.3,6150247,Пушкинский,шоссе Колпинское,127,Купчино,296659706,шоссе Колпинское 127,30.480215,59.738162
244,13,13,1,33.7,15800000,Красногвардейский,Пискаревский проспект,1,Площадь Ленина,293254950,Пискаревский проспект 1,30.405421,59.957656
245,8,25,1,41.31,11218263,Приморский,Коломяжский проспект,13к2,Пионерская,297024654,Коломяжский проспект 13к2,30.302348,59.999615
246,9,10,1,46.7,9600000,Приморский,Мартыновская ,6,Комендантский проспект,296631786,Мартыновская 6,30.258816,60.021159
247,3,4,1,38.2,7050211,Пушкинский,шоссе Колпинское,127,Купчино,280678056,шоссе Колпинское 127,30.480215,59.738162
248,6,9,1,32.5,6300000,Невский,проспект Большевиков,13К3,Улица Дыбенко,292232141,проспект Большевиков 13К3,30.474726,59.910293
249,15,18,1,36.1,11335405,Адмиралтейский,бульвар Измайловский,11,Московские ворота,298656206,бульвар Измайловский 11,30.306094,59.896946
250,19,24,1,33.9,8500000,Красногвардейский,проспект Энергетиков,9К1,Ладожская,299583835,проспект Энергетиков 9К1,30.436278,59.937761
251,2,21,1,32.0,9300000,Фрунзенский, Турку,11к2,Международная,299055356,Турку 11к2,30.380942,59.865962
252,2,12,1,35.1,6750000,Выборгский,Манчестерская ,16,Удельная,297430999,Манчестерская 16,30.337419,60.012966
253,12,25,1,42.59,11086743,Приморский,Коломяжский проспект,13к2,Пионерская,297024575,Коломяжский проспект 13к2,30.302348,59.999615
254,2,12,1,36.73,10500000,Приморский,Белоостровская ,12,Лесная,298879842,Белоостровская 12,30.321932,59.985597
255,7,18,1,36.8,12016058,Адмиралтейский,бульвар Измайловский,9,Фрунзенская,298655591,бульвар Измайловский 9,30.306229,59.900448
256,4,4,1,31.1,12927000,Центральный,Фурштатская ,23,Чернышевская,296477514,Фурштатская 23,30.356831,59.945004
257,2,10,1,41.1,17482036,Приморский,Белоостровская ,28,Черная речка,298657299,Белоостровская 28,30.310128,59.987226
258,5,5,1,31.6,5300000,Невский, Цимбалина,46,Ломоносовская,299559466,Цимбалина 46,30.421914,59.883191
259,5,9,1,50.35,20006294,Василеостровский,7-я Васильевского острова линия,84,Василеостровская,294603061,7-я Васильевского острова линия 84,30.2715,59.948735
260,2,9,1,36.0,6150000,Красносельский,Петергофское шоссе,15к2,,298374900,Петергофское шоссе 15к2,30.187786,59.848276
261,2,16,1,46.0,8499999,Невский,Товарищеский проспект,32к1,Улица Дыбенко,299100668,Товарищеский проспект 32к1,30.491291,59.909793
262,3,5,1,31.0,6490000,Выборгский,Удельный проспект,51К1,Удельная,296197788,Удельный проспект 51К1,30.312643,60.023996
263,18,26,1,32.2,7084000,Пушкинский,проспект Новгородский,2к3,Шушары,268906782,проспект Новгородский 2к3,30.371653,59.812193
264,5,15,1,46.3,13200000,Фрунзенский, Тосина,6,Обводный канал,293797582,Тосина 6,30.347659,59.904053
265,1,12,1,35.9,8750000,Выборгский,Манчестерская ,3к2,Удельная,298791080,Манчестерская 3к2,30.329361,60.009242
266,13,24,1,36.8,6100000,Невский, Русановская,17к4,Пролетарская,288958467,Русановская 17к4,30.512222,59.862587
267,8,9,1,30.5,5200000,Красносельский,проспект Ветеранов,129к2,Проспект Ветеранов,294854766,проспект Ветеранов 129к2,30.158959,59.835767
268,8,12,1,34.99,12407000,Выборгский,Большой Сампсониевский проспект,70к3,Выборгская,265730967,Большой Сампсониевский проспект 70к3,30.33149,59.980691
269,6,18,1,40.3,9200000,Приморский, Матроса Железняка,57,Пионерская,293329983,Матроса Железняка 57,30.316254,60.00029
270,7,10,1,36.8,14664779,Приморский,Белоостровская ,28,Черная речка,298657444,Белоостровская 28,30.310128,59.987226
271,5,9,1,60.15,42000000,Петроградский,набережная Адмирала Лазарева,22,Чкаловская,299336702,набережная Адмирала Лазарева 22,30.277339,59.964377
272,4,23,1,45.4,13687242,Выборгский, Шостаковича,8к2Б2,Проспект Просвещения,295748063,Шостаковича 8к2Б2,30.330313,60.059795
273,4,25,1,40.01,8199000,Приморский,проспект Авиаконструкторов,69,Комендантский проспект,296411711,проспект Авиаконструкторов 69,30.199195,60.038573
274,18,27,1,38.9,7580000,Невский,проспект Советский,36к2,Рыбацкое,297267506,проспект Советский 36к2,30.557066,59.826447
275,1,27,1,41.29,8493353,Выборгский,Заречная ,52к1,,297905085,Заречная 52к1,30.352277,60.083876
276,13,26,1,39.5,10900000,Приморский,проспект Авиаконструкторов,2,Комендантский проспект,299055703,проспект Авиаконструкторов 2,30.24624,60.009593
277,7,12,1,45.75,12970125,Приморский,проспект Авиаконструкторов,54,Комендантский проспект,266866573,проспект Авиаконструкторов 54,30.204962,60.033908
278,7,24,1,34.78,5170000,Невский, Русановская,20к1,,299387511,Русановская 20к1,30.513426,59.865384
279,9,27,1,37.65,8116032,Выборгский,Заречная ,52к1,,297905161,Заречная 52к1,30.352277,60.083876
280,7,16,1,35.1,8500000,Калининский,Кондратьевский проспект,70к1,Площадь Мужества,296601592,Кондратьевский проспект 70к1,30.397633,59.983752
281,4,9,1,29.0,5850000,Невский,проспект Солидарности,7К1,Проспект Большевиков,292240491,проспект Солидарности 7К1,30.490213,59.922715
282,3,9,1,49.6,19875522,Петроградский,проезд Петровская коса,6к1,Крестовский остров,298658144,проезд Петровская коса 6к1,30.245566,59.963066
283,9,17,1,50.5,20950000,Приморский,Ушаковская набережная,3к2,Черная речка,293992137,Ушаковская набережная 3к2,30.315383,59.982734
284,6,9,1,51.04,18813344,Петроградский,Петроградская набережная,38,Горьковская,258156062,Петроградская набережная 38,30.332676,59.963832
285,7,10,1,38.6,11199000,Фрунзенский,Лиговский проспект,271,Обводный канал,298194738,Лиговский проспект 271,30.342404,59.905357
286,8,24,1,32.6,4900000,Красногвардейский,Полюстрово,25к3,Гражданский проспект,298375857,Полюстрово 25к3,30.40234,59.973131
287,5,12,1,48.34,12138175,Приморский,проспект Авиаконструкторов,54,Комендантский проспект,266867937,проспект Авиаконструкторов 54,30.204962,60.033908
288,2,7,1,38.1,8900000,Красносельский, Адмирала Черокова,18к2,Проспект Ветеранов,298732256,Адмирала Черокова 18к2,30.142089,59.853487
289,5,9,1,53.88,19337532,Петроградский,Петроградская набережная,38,Горьковская,258156041,Петроградская набережная 38,30.332676,59.963832
290,1,6,1,37.9,6490000,Выборгский,Новороссийская ,2К2,Пионерская,268472350,Новороссийская 2К2,30.332882,59.998981
291,1,14,1,37.8,7500000,Калининский,Сибирская ,9,,297689225,Сибирская 9,30.4072,59.984139
292,16,26,1,34.6,7093000,Пушкинский,проспект Новгородский,2к3,Шушары,298728776,проспект Новгородский 2к3,30.371653,59.812193
293,9,24,1,45.0,17500000,Московский, Типанова,23с1,Московская,299010990,Типанова 23с1,30.344614,59.85332
294,21,25,1,30.8,4970000,Красногвардейский,Полюстрово,25к3,Гражданский проспект,299371546,Полюстрово 25к3,30.40234,59.973131
295,1,18,1,41.9,8500000,Невский, Ворошилова,31к3,Проспект Большевиков,299587695,Ворошилова 31к3,30.463973,59.931963
296,4,10,1,58.2,23500000,Красногвардейский,Пискаревский проспект,1,Площадь Ленина,298818734,Пискаревский проспект 1,30.405421,59.957656
297,5,8,1,59.9,31762275,Петроградский,набережная Реки Карповки,31к1,Чкаловская,297863442,набережная Реки Карповки 31к1,30.304657,59.970339
298,6,8,1,42.0,15850000,Адмиралтейский,12-я Красноармейская ,26,Балтийская,298269492,12-я Красноармейская 26,30.300597,59.91134
299,2,3,1,50.3,17605000,Василеостровский,8-я Васильевского острова линия,19,Василеостровская,292254325,8-я Васильевского острова линия 19,30.281445,59.938117
300,7,25,1,33.6,6150000,Невский, Русановская,20к1,Пролетарская,293605050,Русановская 20к1,30.513426,59.865384
301,3,8,1,44.5,24900000,Центральный,Полтавский проезд,3,Площадь Восстания,296838576,Полтавский проезд 3,30.367925,59.927116
302,2,4,1,32.9,7600000,Красносельский,проспект Ветеранов,194,Проспект Ветеранов,299250635,проспект Ветеранов 194,30.114672,59.834917
303,5,14,1,40.7,11990000,Приморский,Белоостровская ,10к2,Лесная,296572902,Белоостровская 10к2,30.324204,59.984265
304,10,12,1,38.9,12500000,Приморский,Приморский проспект,167К3,Беговая,298648359,Приморский проспект 167К3,30.193823,59.988518
305,12,27,1,37.4,7300000,Выборгский, Николая Рубцова,12к1,Парнас,297533814,Николая Рубцова 12к1,30.336035,60.076466
306,1,6,1,38.4,17280000,Адмиралтейский,Мастерская ,9,Балтийская,291267845,Мастерская 9,30.288299,59.922467
307,1,8,1,47.5,18037434,Петроградский,Петровский проспект,22к2,Крестовский остров,298980289,Петровский проспект 22к2,30.261897,59.960368
308,3,8,1,42.8,18000000,Петроградский,Петровский проспект,28к1,Крестовский остров,296285672,Петровский проспект 28к1,30.254477,59.961593
309,3,4,1,49.0,18900000,Василеостровский,проспект Средний Васильевского острова,83с2,Василеостровская,294265707,проспект Средний Васильевского острова 83с2,30.25419,59.937553
310,12,26,1,45.3,19000000,Выборгский,проспект Тореза,118,Озерки,299025669,проспект Тореза 118,30.322543,60.026671
311,2,9,1,50.1,19818493,Петроградский,проезд Петровская коса,6к1,Крестовский остров,298658137,проезд Петровская коса 6к1,30.245566,59.963066
312,1,3,1,53.6,19990000,Василеостровский,8-я Васильевского острова линия,19,,287402989,8-я Васильевского острова линия 19,30.281445,59.938117
313,2,9,1,56.4,21500000,Центральный,Миргородская ,1,Площадь Александра Невского,291869224,Миргородская 1,30.370261,59.92492
314,3,8,1,74.58,22177350,Петроградский,набережная Реки Карповки,27,Петроградская,290207979,набережная Реки Карповки 27,30.307774,59.970155
315,7,8,1,48.8,22210000,Петроградский,Петровский проспект,22к2,Спортивная,299336888,Петровский проспект 22к2,30.261897,59.960368
316,3,8,1,44.0,22900000,Петроградский,Петровский проспект,26к2,Крестовский остров,298295357,Петровский проспект 26к2,30.253588,59.960471
317,3,8,1,53.2,25900000,Петроградский,проезд Петровская коса,1к2,Крестовский остров,298500322,проезд Петровская коса 1к2,30.251845,59.963264
318,6,8,1,58.3,25650000,Петроградский,проспект Малый Петроградской стороны,79-81-83,Петроградская,299336820,проспект Малый Петроградской стороны 79-81-83,30.305798,59.965566
319,2,7,1,81.6,27426168,Василеостровский,13-я Васильевского острова линия,50,Василеостровская,290200233,13-я Васильевского острова линия 50,30.268141,59.942795
320,5,20,1,73.5,27900000,Выборгский,аллея Академика Лихачева,7,Площадь Мужества,298685891,аллея Академика Лихачева 7,30.346546,60.002494
321,8,9,1,60.0,48000000,Петроградский,набережная Адмирала Лазарева,22,Чкаловская,299336711,набережная Адмирала Лазарева 22,30.277339,59.964377
322,2,7,1,93.8,79700000,Центральный,Шпалерная ,26,Чернышевская,299336176,Шпалерная 26,30.351747,59.949217
323,1,4,1,17.25,2890000,Центральный,Суворовский проспект,39,Площадь Восстания,291073133,Суворовский проспект 39,30.377034,59.939203
324,5,9,1,30.2,3850000,Петродворцовый, Победы,36к1,Проспект Ветеранов,298732535,Победы 36к1,30.10233,59.785019
325,1,3,1,19.3,4050000,Кировский,переулок Майков,4а,Нарвская,292488026,переулок Майков 4а,30.285451,59.898449
326,4,5,1,34.5,4390000,Колпинский, Танкистов,20,Шушары,287493774,Танкистов 20,30.565142,59.746519
327,3,7,1,27.86,4875500,Красногвардейский,Полюстрово,69,,297024084,Полюстрово 69,30.40234,59.973131
328,2,7,1,28.72,4882400,Красногвардейский,Полюстрово,69,,297024109,Полюстрово 69,30.40234,59.973131
329,4,9,1,33.8,4900000,Колпинский,бульвар Трудящихся,20,Шушары,298554222,бульвар Трудящихся 20,30.583728,59.736321
330,2,24,1,34.38,4949999,Невский, Русановская,20к1,Ломоносовская,296169509,Русановская 20к1,30.513426,59.865384
331,4,12,1,38.9,4950000,Колпинский,Московская ,11,,298482312,Московская 11,30.140508,59.771998
332,9,18,1,32.4,5040000,Невский, Крыленко,34,Улица Дыбенко,294480752,Крыленко 34,30.496259,59.904451
333,14,15,1,36.2,5040000,Невский, Русановская,24,Ломоносовская,292498344,Русановская 24,30.516498,59.864814
334,9,13,1,32.5,5037500,Невский,Варфоломеевская ,6,Ломоносовская,292781492,Варфоломеевская 6,30.418779,59.87924
335,2,22,1,32.8,5051200,Красногвардейский, Пейзажная,6,Девяткино,299237083,Пейзажная 6,30.483045,60.013825
336,5,24,1,31.0,5100000,Невский, Русановская,18к6,Ломоносовская,297182614,Русановская 18к6,30.512267,59.868885
337,13,22,1,32.0,5136000,Красногвардейский, Пейзажная,6,Девяткино,299237160,Пейзажная 6,30.483045,60.013825
338,10,17,1,33.37,5100000,Красногвардейский,Полюстрово,31к1,Девяткино,298299816,Полюстрово 31к1,30.40234,59.973131
339,5,9,1,26.0,5240000,Кировский, Лени Голикова,18,Проспект Ветеранов,298522474,Лени Голикова 18,30.232244,59.845794
340,6,26,1,30.0,5290000,Красногвардейский,Полюстрово,10к1,Гражданский проспект,292401197,Полюстрово 10к1,30.40234,59.973131
341,2,4,1,26.6,5346119,Пушкинский, Образцовая,2,Купчино,293667096,Образцовая 2,30.368312,59.749357
342,6,25,1,33.5,5350000,Красногвардейский, Пейзажная,10,Девяткино,299319112,Пейзажная 10,30.484904,60.0149
343,5,5,1,32.0,5400000,Московский,Ленинский проспект,170,Московская,297121336,Ленинский проспект 170,30.311466,59.852823
344,2,7,1,34.96,5593600,Красногвардейский,Полюстрово,69,,297024103,Полюстрово 69,30.40234,59.973131
345,2,4,1,30.2,5500000,Пушкинский,Ленинградская ,33,Купчино,294824838,Ленинградская 33,30.419426,59.727027
346,22,25,1,34.0,5500000,Красногвардейский,проспект Васнецовский,18,Гражданский проспект,298194124,проспект Васнецовский 18,30.481095,60.007389
347,3,7,1,34.22,5646300,Красногвардейский,Полюстрово,69,,297024092,Полюстрово 69,30.40234,59.973131
348,2,25,1,36.43,5646650,Красногвардейский,Полюстрово,69,,297023657,Полюстрово 69,30.40234,59.973131
349,7,9,1,31.1,5600000,Красногвардейский,проспект Энергетиков,35к1,Ладожская,298907245,проспект Энергетиков 35к1,30.438677,59.957755
350,1,5,1,31.08,5650017,Московский,Пулковское шоссе,103В,Звездная,297904370,Пулковское шоссе 103В,30.308646,59.751193
351,3,13,1,34.2,5699000,Красногвардейский,Пискаревский проспект,165к1,,293565921,Пискаревский проспект 165к1,30.451388,60.007627
352,1,8,1,35.2,5667200,Красносельский, Лермонтова,15к2Б,Проспект Ветеранов,299600007,Лермонтова 15к2Б,30.081426,59.735038
353,11,11,1,32.1,5664202,Пушкинский,проспект Старорусский,13к2,Звездная,294664625,проспект Старорусский 13к2,30.355825,59.805079
354,2,9,1,36.8,5700000,Колпинский,Загородная ,43к4,Рыбацкое,298561685,Загородная 43к4,30.600598,59.77438
355,2,25,1,26.71,5742650,Красносельский, Маршала Казакова,64к1,,294605976,Маршала Казакова 64к1,30.185397,59.864245
356,3,9,1,30.0,5700000,Кировский,Дачный проспект,33К1,Проспект Ветеранов,295221207,Дачный проспект 33К1,30.263236,59.836943
357,4,12,1,31.6,5700000,Красносельский,проспект Ветеранов,171к5,Ленинский проспект,298436138,проспект Ветеранов 171к5,30.113109,59.841966
358,10,12,1,32.9,5757500,Пушкинский,проспект Старорусский,9,,296711212,проспект Старорусский 9,30.357586,59.807455
359,3,4,1,28.65,5800034,Пушкинский,шоссе Колпинское,127,Купчино,297392396,шоссе Колпинское 127,30.480215,59.738162
360,10,12,1,34.2,5814000,Пушкинский,проспект Старорусский,9,,296280938,проспект Старорусский 9,30.357586,59.807455
361,3,9,1,32.1,5850000,Красносельский,Петергофское шоссе,11/21Б,Ленинский проспект,297256776,Петергофское шоссе 11/21Б,30.19217,59.847169
362,2,7,1,36.75,5880000,Красногвардейский,Полюстрово,69,,297023973,Полюстрово 69,30.40234,59.973131
363,1,8,1,37.74,5981790,Красносельский, Лермонтова,15к2Б,Проспект Ветеранов,299600009,Лермонтова 15к2Б,30.081426,59.735038
364,15,19,1,36.1,5900000,Красногвардейский,проспект Маршака,22,Девяткино,296283475,проспект Маршака 22,30.453221,60.027696
365,6,9,1,32.0,5990000,Выборгский,Выборгское шоссе,25,Проспект Просвещения,286026450,Выборгское шоссе 25,30.31117,60.061102
366,1,4,1,30.71,5936027,Пушкинский, Образцовая,2,Купчино,293666953,Образцовая 2,30.368312,59.749357
367,2,10,1,40.4,5970000,Пушкинский,Московское шоссе,256к6,Шушары,299365785,Московское шоссе 256к6,30.463955,59.75602
368,4,11,1,34.3,6000000,Невский,проспект Советский,41к1,Рыбацкое,283971107,проспект Советский 41к1,30.536,59.829748
369,1,4,1,32.25,6000048,Пушкинский,шоссе Колпинское,127,Купчино,289768291,шоссе Колпинское 127,30.480215,59.738162
370,3,8,1,37.05,6002100,Красносельский, Лермонтова,15к2Б,Проспект Ветеранов,299599991,Лермонтова 15к2Б,30.081426,59.735038
371,3,8,1,37.26,6036120,Красносельский, Лермонтова,15к2Ж,Проспект Ветеранов,293979004,Лермонтова 15к2Ж,30.080671,59.735106
372,14,24,1,37.1,6000000,Невский, Русановская,18к8,Ломоносовская,298680192,Русановская 18к8,30.514836,59.867425
373,1,11,1,36.3,6034875,Пушкинский,проспект Старорусский,13к1,Звездная,294664648,проспект Старорусский 13к1,30.358529,59.804961
374,5,13,1,40.1,6015000,Невский,Варфоломеевская ,6,Ломоносовская,292781539,Варфоломеевская 6,30.418779,59.87924
375,2,13,1,35.3,6001000,Невский,Варфоломеевская ,6,Ломоносовская,292781827,Варфоломеевская 6,30.418779,59.87924
376,21,25,1,35.3,6000000,Пушкинский,проспект Новгородский,10,Купчино,299632304,проспект Новгородский 10,30.369282,59.806821
377,1,5,1,20.0,6000000,Василеостровский,14-я Васильевского острова линия,67-69,Василеостровская,298987661,14-я Васильевского острова линия 67-69,30.265347,59.943278
378,1,4,1,32.7,6050137,Пушкинский,шоссе Колпинское,127,Купчино,295505214,шоссе Колпинское 127,30.480215,59.738162
379,10,12,1,35.8,6086000,Пушкинский,проспект Старорусский,9,,296280940,проспект Старорусский 9,30.357586,59.807455
380,11,25,1,37.94,6129999,Выборгский,Заречная ,17,Парнас,297157401,Заречная 17,30.146392,59.778045
381,4,5,1,41.0,6100000,Пушкинский,Железнодорожная ,40,,296922031,Железнодорожная 40,30.422372,59.731532
382,1,4,1,34.3,6100100,Пушкинский,шоссе Колпинское,127,Купчино,295505229,шоссе Колпинское 127,30.480215,59.738162
383,6,13,1,40.7,6105000,Невский,Варфоломеевская ,6,Ломоносовская,292781465,Варфоломеевская 6,30.418779,59.87924
384,5,8,1,37.92,6143040,Красносельский, Лермонтова,15к2Ж,Проспект Ветеранов,293979057,Лермонтова 15к2Ж,30.080671,59.735106
385,1,5,1,34.77,6250185,Московский,Пулковское шоссе,103В,Звездная,298999819,Пулковское шоссе 103В,30.308646,59.751193
386,1,5,1,34.37,6250150,Московский,Пулковское шоссе,103В,Звездная,295920854,Пулковское шоссе 103В,30.308646,59.751193
387,5,5,1,31.76,6200171,Московский,Пулковское шоссе,103В,Звездная,297904371,Пулковское шоссе 103В,30.308646,59.751193
388,8,23,1,32.7,6263384,Приморский, Ивинская,1к2,Зенит,298977591,Ивинская 1к2,30.135406,60.027862
389,12,12,1,38.0,6270000,Пушкинский,проспект Старорусский,9,,296280932,проспект Старорусский 9,30.357586,59.807455
390,4,10,1,31.8,6250000,Выборгский,Светлановский проспект,37,Площадь Мужества,294352034,Светлановский проспект 37,30.34651,60.00962
391,10,12,1,36.7,6239000,Пушкинский,проспект Старорусский,9,,296280988,проспект Старорусский 9,30.357586,59.807455
392,1,11,1,35.6,6251762,Пушкинский,проспект Старорусский,13к2,Звездная,294664609,проспект Старорусский 13к2,30.355825,59.805079
393,1,11,1,35.1,6250021,Пушкинский,проспект Старорусский,13к2,Звездная,294664546,проспект Старорусский 13к2,30.355825,59.805079
394,5,16,1,37.21,6200000,Выборгский,дорога Михайловская,16к3,Озерки,295700815,дорога Михайловская 16к3,30.255618,60.06975
395,7,15,1,36.97,6200000,Выборгский,дорога Михайловская,14к1,Парнас,299484119,дорога Михайловская 14к1,30.258906,60.070796
396,4,5,1,30.8,6250000,Приморский,Омская ,24,Пионерская,299437599,Омская 24,30.311987,59.996322
397,3,4,1,31.0,6200000,Пушкинский,Ахматовская ,7,Купчино,298778895,Ахматовская 7,30.425355,59.725871
398,2,5,1,30.95,6300120,Московский,Пулковское шоссе,95к3,Звездная,298405598,Пулковское шоссе 95к3,30.308322,59.754121
399,1,4,1,34.9,6300252,Пушкинский,шоссе Колпинское,127,Купчино,292788683,шоссе Колпинское 127,30.480215,59.738162
400,1,4,1,35.8,6300227,Пушкинский,шоссе Колпинское,127,Купчино,296659715,шоссе Колпинское 127,30.480215,59.738162
401,6,8,1,39.32,6369840,Красносельский, Лермонтова,15к2Б,Проспект Ветеранов,299600029,Лермонтова 15к2Б,30.081426,59.735038
402,8,12,1,33.24,6382402,Пушкинский,проспект Старорусский,5к1,Шушары,292227845,проспект Старорусский 5к1,30.356714,59.809754
403,11,11,1,37.2,6361200,Пушкинский,проспект Старорусский,13к1,Звездная,294664687,проспект Старорусский 13к1,30.358529,59.804961
404,10,11,1,34.3,6382065,Пушкинский,проспект Старорусский,13к2,Звездная,294664517,проспект Старорусский 13к2,30.355825,59.805079
405,1,11,1,37.8,6356070,Пушкинский,проспект Старорусский,13к2,Звездная,294664499,проспект Старорусский 13к2,30.355825,59.805079
406,2,12,1,33.54,6363092,Пушкинский,проспект Старорусский,5к1,Шушары,292227376,проспект Старорусский 5к1,30.356714,59.809754
407,5,23,1,34.61,6474301,Приморский, Ивинская,1к2,Зенит,299058370,Ивинская 1к2,30.135406,60.027862
408,2,20,1,28.11,6465300,Красносельский, Маршала Казакова,64к1,,294606809,Маршала Казакова 64к1,30.185397,59.864245
409,3,4,1,36.5,6467106,Пушкинский, Образцовая,2,Купчино,293667112,Образцовая 2,30.368312,59.749357
410,1,11,1,37.3,6404238,Пушкинский,проспект Старорусский,13к2,Звездная,294664618,проспект Старорусский 13к2,30.355825,59.805079
411,2,4,1,28.53,6409296,Пушкинский, Образцовая,2,Купчино,293666960,Образцовая 2,30.368312,59.749357
412,1,23,1,34.69,6441933,Приморский, Ивинская,1к4,Зенит,297885363,Ивинская 1к4,30.137247,60.028433
413,1,17,1,32.8,6464880,Приморский, Ивинская,9,Комендантский проспект,297361140,Ивинская 9,30.132486,60.030645
414,26,27,1,33.7,6400000,Выборгский, Валерия Гаврилина,3к1,Парнас,298973011,Валерия Гаврилина 3к1,30.331777,60.074513
415,2,9,1,33.6,6500000,Невский,Искровский проспект,15К2,Улица Дыбенко,299283718,Искровский проспект 15К2,30.464593,59.906066
416,3,9,1,33.0,6500000,Кировский,Двинская ,16к1,Нарвская,298593382,Двинская 16к1,30.243006,59.908737
417,4,4,1,35.0,6535837,Пушкинский, Образцовая,2,Купчино,293667137,Образцовая 2,30.368312,59.749357
418,1,4,1,40.09,6520652,Пушкинский, Образцовая,2,Купчино,293667171,Образцовая 2,30.368312,59.749357
419,23,23,1,37.1,6500000,Красногвардейский,Полюстрово,61,Девяткино,297688524,Полюстрово 61,30.40234,59.973131
420,7,9,1,34.42,6590000,Кировский,проспект Ветеранов,78,Проспект Ветеранов,299165443,проспект Ветеранов 78,30.215769,59.832941
421,1,23,1,35.85,6582060,Приморский, Ивинская,1к4,Зенит,297361438,Ивинская 1к4,30.137247,60.028433
422,2,20,1,28.63,6584900,Красносельский, Маршала Казакова,64к1,,294606852,Маршала Казакова 64к1,30.185397,59.864245
423,4,23,1,32.92,6560816,Приморский, Ивинская,5к1,Зенит,297993519,Ивинская 5к1,30.133789,60.028833
424,18,19,1,32.9,6550000,Приморский,аллея Арцеуловская,23к1,Комендантский проспект,284656827,аллея Арцеуловская 23к1,30.224626,60.042406
425,6,11,1,38.6,6562000,Пушкинский,проспект Старорусский,11,Звездная,285297790,проспект Старорусский 11,30.358107,59.806174
426,1,4,1,34.9,6600106,Пушкинский,шоссе Колпинское,129,Купчино,284671753,шоссе Колпинское 129,30.482191,59.739282
427,5,5,1,31.71,6600103,Московский,Пулковское шоссе,95к3,Звездная,294535253,Пулковское шоссе 95к3,30.308322,59.754121
428,1,5,1,36.51,6600204,Московский,Пулковское шоссе,103В,Звездная,296054909,Пулковское шоссе 103В,30.308646,59.751193
429,1,11,1,39.7,6600125,Пушкинский,проспект Старорусский,13к1,Звездная,294664657,проспект Старорусский 13к1,30.358529,59.804961
430,1,5,1,34.0,6638760,Пушкинский, Нины Петровой,10к1,Купчино,279690376,Нины Петровой 10к1,30.32937,59.752689
431,7,29,1,35.7,6745000,Московский,Витебский проспект,99к1,,290519316,Витебский проспект 99к1,30.372291,59.831173
432,1,4,1,35.8,6700259,Пушкинский,шоссе Колпинское,129,Купчино,288794068,шоссе Колпинское 129,30.482191,59.739282
433,4,4,1,32.6,6650122,Пушкинский,шоссе Колпинское,129,Купчино,292788622,шоссе Колпинское 129,30.482191,59.739282
434,3,18,1,29.69,6680250,Невский, Тельмана,37,Ломоносовская,299556090,Тельмана 37,30.47999,59.891268
435,1,23,1,39.0,6650000,Невский,проспект Советский,34к2,,295854561,проспект Советский 34к2,30.55288,59.827673
436,3,8,1,41.1,6658200,Красносельский, Лермонтова,15к2Ж,Проспект Ветеранов,293979008,Лермонтова 15к2Ж,30.080671,59.735106
437,5,23,1,32.11,6716421,Приморский, Ивинская,1к1,Зенит,298260266,Ивинская 1к1,30.136582,60.027049
438,1,5,1,34.1,6650028,Московский, Струве,12,Звездная,299582529,Струве 12,30.318958,59.76512
439,1,5,1,36.8,6650128,Московский, Струве,10к2,Звездная,299582526,Струве 10к2,30.319479,59.763937
440,1,5,1,35.1,6650221,Московский, Струве,10к2,Звездная,299582522,Струве 10к2,30.319479,59.763937
441,3,20,1,32.92,6748600,Красносельский, Маршала Казакова,64к1,,297419383,Маршала Казакова 64к1,30.185397,59.864245
442,13,24,1,38.0,6739220,Невский, Русановская,24,Пролетарская,299468667,Русановская 24,30.516498,59.864814
443,1,5,1,36.11,6700000,Московский, Орбитальная,7к1,Московская,299058599,Орбитальная 7к1,30.316838,59.76101
444,14,23,1,33.92,6740280,Приморский, Ивинская,5к1,Зенит,297884758,Ивинская 5к1,30.133789,60.028833
445,11,11,1,38.6,6657951,Пушкинский,проспект Старорусский,13к2,Звездная,296594578,проспект Старорусский 13к2,30.355825,59.805079
446,1,11,1,39.5,6690557,Пушкинский,проспект Старорусский,13к2,Звездная,294664602,проспект Старорусский 13к2,30.355825,59.805079
447,6,23,1,32.43,6717822,Приморский, Ивинская,5к1,Зенит,297884795,Ивинская 5к1,30.133789,60.028833
448,1,6,1,41.8,6688000,Курортный, Строителей,3к2,,292413508,Строителей 3к2,29.681981,60.207919
449,1,5,1,34.9,6750270,Московский,Пулковское шоссе,99к6,Звездная,291984313,Пулковское шоссе 99к6,30.304522,59.753822
450,5,5,1,31.5,6750245,Московский,Пулковское шоссе,99к6,Звездная,291619287,Пулковское шоссе 99к6,30.304522,59.753822
451,1,5,1,34.9,6750270,Московский,Пулковское шоссе,95к3,Звездная,296659558,Пулковское шоссе 95к3,30.308322,59.754121
452,1,5,1,34.8,6750156,Московский,Пулковское шоссе,95к4,Звездная,291619281,Пулковское шоссе 95к4,30.305052,59.756115
453,3,23,1,34.33,6792138,Приморский, Ивинская,1к4,Зенит,297885383,Ивинская 1к4,30.137247,60.028433
454,2,20,1,32.19,6759900,Красносельский, Маршала Казакова,64к1,,294606894,Маршала Казакова 64к1,30.185397,59.864245
455,5,5,1,31.7,6750261,Московский, Струве,12,Звездная,299582531,Струве 12,30.318958,59.76512
456,24,24,1,39.93,6780000,Красногвардейский,аллея Евгения Шварца,13к1,Девяткино,294571474,аллея Евгения Шварца 13к1,30.45729,60.036708
457,4,23,1,34.61,6793125,Приморский, Ивинская,5к2,Зенит,297710646,Ивинская 5к2,30.133088,60.029305
458,1,4,1,38.7,6850054,Пушкинский,шоссе Колпинское,127,Купчино,296659716,шоссе Колпинское 127,30.480215,59.738162
459,2,4,1,37.9,6850197,Пушкинский,шоссе Колпинское,127,Купчино,296985453,шоссе Колпинское 127,30.480215,59.738162
460,3,4,1,34.45,6850055,Пушкинский,шоссе Колпинское,129,Купчино,296538601,шоссе Колпинское 129,30.482191,59.739282
461,3,5,1,32.85,6850226,Московский,Пулковское шоссе,95к3,Звездная,298405602,Пулковское шоссе 95к3,30.308322,59.754121
462,16,24,1,33.8,6847880,Приморский, Ивинская,13,Комендантский проспект,297361330,Ивинская 13,30.130501,60.031139
463,14,24,1,34.8,6890400,Приморский, Ивинская,13,Комендантский проспект,297361315,Ивинская 13,30.130501,60.031139
464,5,5,1,33.3,6850093,Московский, Струве,8к2,Звездная,299582453,Струве 8к2,30.320333,59.762972
465,5,5,1,33.6,6850116,Московский, Струве,8к3,Звездная,299582480,Струве 8к3,30.318599,59.763226
466,1,5,1,35.8,6850097,Московский, Струве,8к3,Звездная,299582483,Струве 8к3,30.318599,59.763226
467,8,12,1,41.8,6897000,Пушкинский,проспект Старорусский,9,,296280934,проспект Старорусский 9,30.357586,59.807455
468,2,20,1,30.91,6800200,Красносельский, Маршала Казакова,64к1,,294606998,Маршала Казакова 64к1,30.185397,59.864245
469,24,25,1,34.7,6887377,Невский, Русановская,24,Пролетарская,299468664,Русановская 24,30.516498,59.864814
470,5,5,1,38.4,6800000,Невский,Ивановская ,30,Ломоносовская,296569504,Ивановская 30,30.435703,59.872475
471,6,24,1,42.0,6896400,Приморский, Ивинская,19к1,Комендантский проспект,297361053,Ивинская 19к1,30.128021,60.032587
472,12,19,1,35.6,6800000,Василеостровский,бульвар Александра Грина,1,Приморская,290211656,бульвар Александра Грина 1,30.203902,59.937017
473,1,12,1,35.0,6800000,Калининский,Кондратьевский проспект,83К2,Лесная,299027081,Кондратьевский проспект 83К2,30.399852,59.981537
474,6,24,1,34.9,6910200,Приморский, Ивинская,19к3,Комендантский проспект,297361209,Ивинская 19к3,30.132163,60.033324
475,2,20,1,34.59,6918000,Красносельский, Маршала Казакова,64к1,,297419353,Маршала Казакова 64к1,30.185397,59.864245
476,2,7,1,43.28,6924800,Красногвардейский,Полюстрово,69,,297023967,Полюстрово 69,30.40234,59.973131
477,8,8,1,42.72,6920640,Красносельский, Лермонтова,15к2Б,Проспект Ветеранов,299600102,Лермонтова 15к2Б,30.081426,59.735038
478,6,23,1,33.51,6936370,Приморский, Ивинская,1к1,Зенит,297884859,Ивинская 1к1,30.136582,60.027049
479,1,6,1,43.2,6912000,Курортный, Строителей,3к2,,292413481,Строителей 3к2,29.681981,60.207919
480,10,21,1,44.4,6900000,Приморский,Парашютная ,58,Комендантский проспект,295132398,Парашютная 58,30.243096,60.037948
481,7,8,1,43.14,6988680,Красносельский, Лермонтова,15к2Ж,Проспект Ветеранов,293979108,Лермонтова 15к2Ж,30.080671,59.735106
482,2,18,1,36.3,6950000,Приморский,Парашютная ,61к4,Комендантский проспект,297502786,Парашютная 61к4,30.255322,60.037378
483,2,18,1,31.6,6952000,Невский, Тельмана,37,Ломоносовская,299556160,Тельмана 37,30.47999,59.891268
484,25,25,1,37.5,6950000,Невский,проспект Советский,36к2,,297610570,проспект Советский 36к2,30.557066,59.826447
485,3,9,1,30.0,6999999,Фрунзенский,Альпийский переулок,45,Проспект Славы,299463025,Альпийский переулок 45,30.394264,59.854043
486,5,6,1,30.0,6990000,Пушкинский,Ахматовская ,6,Купчино,274752387,Ахматовская 6,30.423387,59.727717
487,2,4,1,40.62,6952050,Пушкинский, Образцовая,2,Купчино,293666957,Образцовая 2,30.368312,59.749357
488,2,4,1,38.61,6970477,Пушкинский, Образцовая,2,Купчино,293667012,Образцовая 2,30.368312,59.749357
489,9,24,1,42.5,6978500,Приморский, Ивинская,19к1,Комендантский проспект,297361070,Ивинская 19к1,30.128021,60.032587
490,7,29,1,37.54,7035000,Московский,Витебский проспект,99к1,,290514177,Витебский проспект 99к1,30.372291,59.831173
491,17,26,1,34.6,7093000,Пушкинский,проспект Новгородский,2к3,Шушары,268906753,проспект Новгородский 2к3,30.371653,59.812193
492,20,26,1,32.2,7084000,Пушкинский,проспект Новгородский,2к3,Шушары,296842501,проспект Новгородский 2к3,30.371653,59.812193
493,4,23,1,36.78,7099068,Приморский, Ивинская,1к4,Зенит,297361486,Ивинская 1к4,30.137247,60.028433
494,7,8,1,43.8,7095600,Красносельский, Лермонтова,15к2Б,Проспект Ветеранов,299600092,Лермонтова 15к2Б,30.081426,59.735038
495,5,25,1,38.0,7050000,Выборгский, Михаила Дудина,25к1,Парнас,294945283,Михаила Дудина 25к1,30.32636,60.071389
496,6,24,1,37.4,7023720,Приморский, Ивинская,19к3,Комендантский проспект,297361212,Ивинская 19к3,30.132163,60.033324
497,6,18,1,32.0,7000000,Василеостровский, Вадима Шефнера,4,Приморская,296324547,Вадима Шефнера 4,30.20869,59.934695
498,14,15,1,28.1,7000000,Выборгский,проспект Энгельса,113К2,Озерки,299370211,проспект Энгельса 113К2,30.326585,60.037674
499,4,17,1,37.9,7053190,Приморский, Ивинская,9,Комендантский проспект,297361159,Ивинская 9,30.132486,60.030645
500,2,4,1,37.75,7015860,Пушкинский, Образцовая,2,Купчино,293667177,Образцовая 2,30.368312,59.749357
501,2,12,1,36.91,7096561,Пушкинский,проспект Старорусский,5к1,Шушары,293752180,проспект Старорусский 5к1,30.356714,59.809754
502,2,13,1,38.3,7000000,Выборгский, Тихоокеанская,1к2,Проспект Просвещения,298985630,Тихоокеанская 1к2,30.243015,60.073876
503,1,5,1,37.6,7100233,Московский, Струве,12,Звездная,299582505,Струве 12,30.318958,59.76512
504,1,5,1,39.1,7100325,Московский, Струве,8к3,Звездная,299582488,Струве 8к3,30.318599,59.763226
505,1,5,1,37.4,7100296,Московский, Струве,8к2,Звездная,299582462,Струве 8к2,30.320333,59.762972
506,10,13,1,44.5,7120000,Невский,Варфоломеевская ,6,Ломоносовская,292781502,Варфоломеевская 6,30.418779,59.87924
507,1,6,1,44.4,7104000,Курортный, Строителей,3к2,,292413435,Строителей 3к2,29.681981,60.207919
508,5,5,1,34.38,7200254,Московский,Пулковское шоссе,95к3,Звездная,299178312,Пулковское шоссе 95к3,30.308322,59.754121
509,1,23,1,39.74,7220758,Приморский, Ивинская,1к4,Зенит,297361433,Ивинская 1к4,30.137247,60.028433
510,3,18,1,29.49,7225050,Невский, Тельмана,37,Ломоносовская,299555705,Тельмана 37,30.47999,59.891268
511,3,16,1,30.15,7196240,Московский,Московское шоссе,13Ж,Звездная,298145926,Московское шоссе 13Ж,30.356238,59.823959
512,3,8,1,44.47,7204140,Красносельский, Лермонтова,15к2Ж,Проспект Ветеранов,293979143,Лермонтова 15к2Ж,30.080671,59.735106
513,1,11,1,28.39,7150220,Невский, Гудиловская,6к1,Обухово,285014750,Гудиловская 6к1,30.532533,59.828663
514,24,27,1,39.3,7200000,Невский,проспект Советский,36к1,Рыбацкое,299404957,проспект Советский 36к1,30.553967,59.825868
515,1,5,1,37.7,7209000,Пушкинский, Нины Петровой,10к1,Купчино,279690495,Нины Петровой 10к1,30.32937,59.752689
516,2,13,1,46.2,7161000,Невский,Варфоломеевская ,6,Ломоносовская,292781638,Варфоломеевская 6,30.418779,59.87924
517,2,10,1,30.0,7199000,Фрунзенский,Будапештская ,9к1,Международная,296510309,Будапештская 9к1,30.368348,59.869964
518,4,13,1,34.42,7287849,Приморский,Коломяжский проспект,4,Черная речка,297552909,Коломяжский проспект 4,30.295458,59.990638
519,3,6,1,45.4,7264000,Курортный, Строителей,3к2,,292413427,Строителей 3к2,29.681981,60.207919
520,7,14,1,35.3,7290000,Приморский,Планерная ,87к1,Комендантский проспект,292155905,Планерная 87к1,30.2026,60.030245
521,1,5,1,37.02,7300029,Московский,Пулковское шоссе,95к3,Звездная,298405606,Пулковское шоссе 95к3,30.308322,59.754121
522,8,17,1,32.3,7300000,Невский,проспект Солидарности,14к1,,299650719,проспект Солидарности 14к1,30.496528,59.918255
523,9,23,1,38.19,7314687,Приморский, Ивинская,1к2,Зенит,298977598,Ивинская 1к2,30.135406,60.027862
524,2,6,1,45.8,7328000,Курортный, Строителей,3к2,,292413426,Строителей 3к2,29.681981,60.207919
525,19,27,1,44.0,7300000,Выборгский, Архитектора Белова,6к1,Парнас,299666176,Архитектора Белова 6к1,30.31992,60.071106
526,13,20,1,35.5,7300000,Приморский,Комендантский проспект,55к1,Комендантский проспект,299268613,Комендантский проспект 55к1,30.233304,60.031575
527,7,13,1,35.3,7445000,Приморский,Планерная ,87к1,,289698322,Планерная 87к1,30.2026,60.030245
528,10,12,1,38.0,7389000,Невский,Караваевская ,42,Рыбацкое,299377383,Караваевская 42,30.518492,59.830061
529,1,23,1,31.61,7353524,Невский,Рыбацкое,4,Рыбацкое,294049834,Рыбацкое 4,30.488803,59.99926
530,9,24,1,37.5,7361250,Приморский, Ивинская,19к3,Комендантский проспект,297361260,Ивинская 19к3,30.132163,60.033324
531,1,13,1,34.03,7447888,Приморский,аллея Арцеуловская,9,Пионерская,280840799,аллея Арцеуловская 9,30.19579,60.036443
532,24,24,1,39.8,7440365,Невский, Русановская,24,Пролетарская,294090972,Русановская 24,30.516498,59.864814
533,8,13,1,34.72,7417650,Приморский,Коломяжский проспект,4,Черная речка,297553019,Коломяжский проспект 4,30.295458,59.990638
534,3,5,1,31.2,7350000,Фрунзенский,Лиговский проспект,251,Обводный канал,294215677,Лиговский проспект 251,30.345468,59.908132
535,6,25,1,37.0,7430000,Приморский,аллея Арцеуловская,19,Комендантский проспект,297918540,аллея Арцеуловская 19,30.209921,60.04024
536,2,5,1,37.85,7417760,Пушкинский, Нины Петровой,8к1,Купчино,279688957,Нины Петровой 8к1,30.327097,59.753242
537,1,5,1,38.9,7396800,Пушкинский, Нины Петровой,8к1,Купчино,279688936,Нины Петровой 8к1,30.327097,59.753242
538,1,5,1,38.9,7396800,Пушкинский, Нины Петровой,10к1,Купчино,279690571,Нины Петровой 10к1,30.32937,59.752689
539,2,5,1,37.85,7417760,Пушкинский, Нины Петровой,6к1,Купчино,279690870,Нины Петровой 6к1,30.324393,59.754234
540,1,5,1,38.7,7380370,Пушкинский, Нины Петровой,6к1,Купчино,279690865,Нины Петровой 6к1,30.324393,59.754234
541,3,5,1,39.4,7400000,Красногвардейский,проспект Наставников,36к1,Ладожская,298310823,проспект Наставников 36к1,30.483018,59.952777
542,2,4,1,39.1,7450057,Пушкинский,шоссе Колпинское,129,Купчино,282420034,шоссе Колпинское 129,30.482191,59.739282
543,1,5,1,38.68,7450154,Московский,Пулковское шоссе,99к6,Звездная,296336642,Пулковское шоссе 99к6,30.304522,59.753822
544,11,26,1,37.1,7457100,Пушкинский,проспект Новгородский,2к3,Шушары,296842429,проспект Новгородский 2к3,30.371653,59.812193
545,9,16,1,31.4,7494589,Московский,Московское шоссе,13Ж,Звездная,298146235,Московское шоссе 13Ж,30.356238,59.823959
546,1,5,1,42.86,7457360,Колпинский,шоссе Рубежное,14,Рыбацкое,298649537,шоссе Рубежное 14,30.626928,59.753645
547,1,11,1,31.6,7473684,Невский, Гудиловская,6к1,Обухово,299173187,Гудиловская 6к1,30.532533,59.828663
548,3,16,1,42.0,7450000,Красносельский,Ленинский проспект,67к2,Ленинский проспект,286808714,Ленинский проспект 67к2,30.184067,59.85947
549,2,25,1,37.36,7472000,Красносельский, Маршала Казакова,64к1,,294606177,Маршала Казакова 64к1,30.185397,59.864245
550,5,9,1,57.4,7490000,Колпинский, Красных Партизан,5,Купчино,297711365,Красных Партизан 5,30.154746,59.992776
551,2,23,1,38.93,7495098,Приморский, Ивинская,1к4,Зенит,297885374,Ивинская 1к4,30.137247,60.028433
552,2,9,1,37.1,7450000,Невский, Белышева,4И,Проспект Большевиков,298151164,Белышева 4И,30.45367,59.914367
553,18,19,1,44.0,7450000,Приморский,Парашютная ,56к3,Комендантский проспект,298117104,Парашютная 56к3,30.242485,60.035315
554,1,10,1,37.5,7450000,Невский, Крыленко,13к4,Улица Дыбенко,299328977,Крыленко 13к4,30.471663,59.89366
555,1,11,1,32.92,7589805,Невский, Гудиловская,6к1,Обухово,298762033,Гудиловская 6к1,30.532533,59.828663
556,13,17,1,35.5,7550000,Московский,Пулковское шоссе,20к4,Звездная,298793376,Пулковское шоссе 20к4,30.327034,59.827727
557,4,8,1,46.63,7554060,Красносельский, Лермонтова,15к2Б,Проспект Ветеранов,299600106,Лермонтова 15к2Б,30.081426,59.735038
558,4,17,1,39.0,7550000,Красногвардейский,проспект Энтузиастов,31к3,,296420832,проспект Энтузиастов 31к3,30.479891,59.947356
559,18,20,1,37.2,7530000,Приморский,Комендантский проспект,55к1,,297684047,Комендантский проспект 55к1,30.233304,60.031575
560,3,17,1,45.3,7500000,Красносельский,проспект Ветеранов,122,,269266431,проспект Ветеранов 122,30.178947,59.832575
561,7,13,1,33.4,7584739,Приморский,Коломяжский проспект,4,Черная речка,297553250,Коломяжский проспект 4,30.295458,59.990638
562,1,5,1,44.06,7567560,Колпинский,шоссе Рубежное,14,Рыбацкое,298649491,шоссе Рубежное 14,30.626928,59.753645
563,12,13,1,33.3,7500000,Приморский,проспект Авиаконструкторов,63,Комендантский проспект,296717073,проспект Авиаконструкторов 63,30.207648,60.034474
564,10,13,1,31.42,7554970,Приморский,Коломяжский проспект,4,Черная речка,297553110,Коломяжский проспект 4,30.295458,59.990638
565,1,5,1,39.85,7536230,Пушкинский, Нины Петровой,8к1,Купчино,279689051,Нины Петровой 8к1,30.327097,59.753242
566,1,5,1,39.85,7536230,Пушкинский, Нины Петровой,10к1,Купчино,279690581,Нины Петровой 10к1,30.32937,59.752689
567,1,5,1,39.85,7536230,Пушкинский, Нины Петровой,6к1,Купчино,279690862,Нины Петровой 6к1,30.324393,59.754234
568,1,6,1,46.9,7504000,Курортный, Строителей,3к2,,292413400,Строителей 3к2,29.681981,60.207919
569,12,13,1,35.6,7529685,Невский,Варфоломеевская ,6,Ломоносовская,292781508,Варфоломеевская 6,30.418779,59.87924
570,5,23,1,39.79,7625862,Приморский, Ивинская,1к1,Зенит,297884994,Ивинская 1к1,30.136582,60.027049
571,6,13,1,31.79,7628105,Приморский,Коломяжский проспект,4,Черная речка,299636729,Коломяжский проспект 4,30.295458,59.990638
572,1,13,1,36.02,7620888,Приморский,аллея Арцеуловская,9,Пионерская,298845873,аллея Арцеуловская 9,30.19579,60.036443
573,1,11,1,33.92,7634408,Невский, Гудиловская,6к1,Обухово,285014748,Гудиловская 6к1,30.532533,59.828663
574,1,27,1,41.16,7622832,Выборгский,Заречная ,48к2,Парнас,297361437,Заречная 48к2,30.349923,60.084644
575,2,24,1,40.0,7632000,Приморский, Ивинская,11,Комендантский проспект,297361165,Ивинская 11,30.131291,60.030604
576,14,18,1,33.61,7730000,Василеостровский, Вадима Шефнера,4,Приморская,289707289,Вадима Шефнера 4,30.20869,59.934695
577,9,13,1,30.75,7749000,Невский, Тельмана,37,Ломоносовская,299555925,Тельмана 37,30.47999,59.891268
578,7,23,1,41.18,7747707,Приморский, Ивинская,1к1,Зенит,297885000,Ивинская 1к1,30.136582,60.027049
579,9,23,1,42.4,7723718,Приморский, Ивинская,1к2,Зенит,298977446,Ивинская 1к2,30.135406,60.027862
580,2,13,1,34.4,7728272,Приморский,Планерная ,95к1,Комендантский проспект,294504986,Планерная 95к1,30.19721,60.032825
581,1,16,1,31.35,7717022,Невский,проспект Советский,43к2,Рыбацкое,295114181,проспект Советский 43к2,30.538471,59.828686
582,1,5,1,41.7,7650094,Московский, Струве,12,Звездная,299582494,Струве 12,30.318958,59.76512
583,9,13,1,38.92,7672105,Приморский,Коломяжский проспект,4,Черная речка,297553061,Коломяжский проспект 4,30.295458,59.990638
584,5,5,1,43.69,7667430,Колпинский,проезд Понтонный,6,Рыбацкое,298649325,проезд Понтонный 6,30.628661,59.753078
585,1,9,1,32.69,7687294,Красносельский, Тамбасова,5,Проспект Ветеранов,295858979,Тамбасова 5,30.154432,59.841401
586,10,17,1,40.0,7700000,Приморский, Шаврова,13к1,Комендантский проспект,296759402,Шаврова 13к1,30.235792,60.024023
587,1,4,1,53.0,7650000,Пушкинский, Анциферовская,7,Купчино,298764525,Анциферовская 7,30.411826,59.687769
588,5,5,1,38.15,7800110,Московский,Пулковское шоссе,99к6,Звездная,296336641,Пулковское шоссе 99к6,30.304522,59.753822
589,5,5,1,38.46,7800072,Московский,Пулковское шоссе,95к4,Звездная,292077109,Пулковское шоссе 95к4,30.305052,59.756115
590,1,27,1,37.4,7790420,Выборгский,проезд Толубеевский,34к2,,297361373,проезд Толубеевский 34к2,30.354002,60.085038
591,1,5,1,42.8,7750031,Московский,Пулковское шоссе,71к3,Звездная,295872541,Пулковское шоссе 71к3,30.322929,59.761975
592,5,5,1,40.32,7777500,Колпинский,шоссе Рубежное,14,Рыбацкое,298649523,шоссе Рубежное 14,30.626928,59.753645
593,20,27,1,35.23,7803235,Выборгский,проезд Толубеевский,34к2,,297361412,проезд Толубеевский 34к2,30.354002,60.085038
594,1,16,1,34.9,7754780,Выборгский, Федора Абрамова,29,Проспект Просвещения,297361565,Федора Абрамова 29,30.341219,60.084383
595,1,16,1,34.3,7765520,Выборгский, Федора Абрамова,29,Проспект Просвещения,297361559,Федора Абрамова 29,30.341219,60.084383
596,4,23,1,38.13,7838556,Приморский, Ивинская,5к2,Зенит,297885275,Ивинская 5к2,30.133088,60.029305
597,1,6,1,48.9,7824000,Курортный, Строителей,3к2,,292413471,Строителей 3к2,29.681981,60.207919
598,1,5,1,39.72,7850137,Московский,Пулковское шоссе,99к6,Звездная,291717477,Пулковское шоссе 99к6,30.304522,59.753822
599,10,13,1,33.76,7890000,Василеостровский, Чирикова,5,Приморская,298329840,Чирикова 5,30.200363,59.934109
600,2,9,1,26.6,7886900,Выборгский,Светлановский проспект,45,Политехническая,299252937,Светлановский проспект 45,30.35128,60.011437
601,1,13,1,39.2,7874807,Приморский,Планерная ,87к1,Комендантский проспект,298164345,Планерная 87к1,30.2026,60.030245
602,11,19,1,36.4,7999999,Приморский,аллея Арцеуловская,19,Комендантский проспект,298927656,аллея Арцеуловская 19,30.209921,60.04024
603,2,5,1,39.37,7900299,Московский,Пулковское шоссе,95к3,Звездная,299312161,Пулковское шоссе 95к3,30.308322,59.754121
604,1,11,1,31.1,7954945,Невский, Гудиловская,6к1,Обухово,285024170,Гудиловская 6к1,30.532533,59.828663
605,5,23,1,45.05,7969170,Приморский, Ивинская,1к2,Зенит,298977412,Ивинская 1к2,30.135406,60.027862
606,2,23,1,36.3,7950454,Невский,Рыбацкое,5,Рыбацкое,299260982,Рыбацкое 5,30.489045,59.999399
607,1,11,1,30.56,7975344,Невский, Гудиловская,5к1,Рыбацкое,295426162,Гудиловская 5к1,30.531455,59.829075
608,2,13,1,36.3,7984514,Приморский,Планерная ,95к1,Комендантский проспект,294504988,Планерная 95к1,30.19721,60.032825
609,3,5,1,40.9,7900346,Московский, Струве,8к2,Звездная,299582458,Струве 8к2,30.320333,59.762972
610,3,13,1,36.83,7915888,Приморский,аллея Арцеуловская,9,Старая Деревня,283548873,аллея Арцеуловская 9,30.19579,60.036443
611,24,27,1,40.29,7993536,Выборгский,Заречная ,50,Парнас,297361556,Заречная 50,30.351343,60.084316
612,19,24,1,42.28,7950000,Приморский,аллея Арцеуловская,15,Комендантский проспект,297468597,аллея Арцеуловская 15,30.200012,60.039836
613,1,13,1,34.5,7901739,Приморский,Планерная ,87к1,Комендантский проспект,261618752,Планерная 87к1,30.2026,60.030245
614,11,18,1,46.5,7900000,Красногвардейский,Хасанская ,10к2,,290331282,Хасанская 10к2,30.482901,59.937918
615,4,27,1,35.91,7936938,Выборгский,проезд Толубеевский,34к2,,297361390,проезд Толубеевский 34к2,30.354002,60.085038
616,1,9,1,34.22,7975277,Красносельский, Тамбасова,5,Проспект Ветеранов,295859148,Тамбасова 5,30.154432,59.841401
617,1,5,1,41.85,7919750,Пушкинский, Нины Петровой,10к1,Купчино,279690445,Нины Петровой 10к1,30.32937,59.752689
618,1,5,1,41.85,7919750,Пушкинский, Нины Петровой,6к1,Купчино,279690761,Нины Петровой 6к1,30.324393,59.754234
619,2,23,1,38.77,7938609,Приморский, Ивинская,5к2,Зенит,297885267,Ивинская 5к2,30.133088,60.029305
620,6,13,1,41.5,7937622,Невский,Варфоломеевская ,6,Ломоносовская,292781464,Варфоломеевская 6,30.418779,59.87924
621,2,12,1,40.0,7900000,Фрунзенский,Будапештская ,17к3,Международная,294422192,Будапештская 17к3,30.370764,59.865424
622,3,18,1,36.57,8045400,Невский, Тельмана,37,Ломоносовская,299556109,Тельмана 37,30.47999,59.891268
623,17,27,1,37.19,8040630,Выборгский,Заречная ,52к1,,297905233,Заречная 52к1,30.352277,60.083876
624,11,26,1,34.3,8000000,Калининский,проспект Луначарского,78к5,Гражданский проспект,298102076,проспект Луначарского 78к5,30.374304,60.035117
625,9,26,1,39.6,8000000,Выборгский, Федора Абрамова,8,Парнас,299159480,Федора Абрамова 8,30.338326,60.073764
626,22,24,1,41.4,8023320,Приморский, Ивинская,13,Комендантский проспект,297361388,Ивинская 13,30.130501,60.031139
627,20,24,1,41.5,8001200,Приморский, Ивинская,13,Комендантский проспект,297361374,Ивинская 13,30.130501,60.031139
628,1,5,1,41.5,8100198,Московский,Пулковское шоссе,99к6,Звездная,291717479,Пулковское шоссе 99к6,30.304522,59.753822
629,3,27,1,37.65,8116032,Выборгский,Заречная ,52к1,,297905097,Заречная 52к1,30.352277,60.083876
630,2,18,1,37.83,8133450,Невский, Тельмана,37,Ломоносовская,299556084,Тельмана 37,30.47999,59.891268
631,2,13,1,39.01,8098888,Приморский,аллея Арцеуловская,9,Старая Деревня,292286460,аллея Арцеуловская 9,30.19579,60.036443
632,2,13,1,36.6,8050502,Приморский,Планерная ,95к1,Комендантский проспект,294504992,Планерная 95к1,30.19721,60.032825
633,6,9,1,26.3,8139850,Выборгский,Светлановский проспект,45,Политехническая,299252954,Светлановский проспект 45,30.35128,60.011437
634,2,9,1,31.47,8106852,Красносельский, Тамбасова,5,Проспект Ветеранов,295858818,Тамбасова 5,30.154432,59.841401
635,1,6,1,50.5,8080000,Курортный, Строителей,3к2,,292414712,Строителей 3к2,29.681981,60.207919
636,1,5,1,39.4,8249999,Пушкинский,Саперная ,55к2с7,Московская,298575932,Саперная 55к2с7,30.403984,59.699172
637,6,27,1,37.43,8246798,Выборгский,проезд Толубеевский,34к3,,297361194,проезд Толубеевский 34к3,30.354927,60.085209
638,3,13,1,38.09,8238888,Приморский,аллея Арцеуловская,9,Старая Деревня,299028858,аллея Арцеуловская 9,30.19579,60.036443
639,1,15,1,33.24,8200158,Невский,Октябрьская набережная,36к3,Проспект Большевиков,295216919,Октябрьская набережная 36к3,30.442863,59.904793
640,1,5,1,43.7,8150000,Пушкинский, Архитектора Данини,17к2,,289009454,Архитектора Данини 17к2,30.409059,59.695716
641,5,13,1,44.4,8200000,Невский,Варфоломеевская ,6,Ломоносовская,292781520,Варфоломеевская 6,30.418779,59.87924
642,12,13,1,38.7,8185360,Невский,Варфоломеевская ,6,Ломоносовская,292781511,Варфоломеевская 6,30.418779,59.87924
643,11,23,1,36.04,8282320,Невский,Рыбацкое,4,Рыбацкое,298813566,Рыбацкое 4,30.488803,59.99926
644,3,16,1,35.28,8261474,Невский, Гудиловская,9,Рыбацкое,296760144,Гудиловская 9,30.533144,59.82684
645,12,12,1,32.8,8268880,Московский,Московское шоссе,3к5,Звездная,294538586,Московское шоссе 3к5,30.331193,59.833764
646,2,25,1,38.59,8296850,Красносельский, Маршала Казакова,64к1,,294605833,Маршала Казакова 64к1,30.185397,59.864245
647,8,13,1,36.02,8251461,Приморский,Коломяжский проспект,4,Черная речка,297552979,Коломяжский проспект 4,30.295458,59.990638
648,1,27,1,41.06,8277696,Выборгский,Заречная ,52к1,,297905086,Заречная 52к1,30.352277,60.083876
649,1,13,1,36.2,8279633,Приморский,Планерная ,87к1,Комендантский проспект,294458084,Планерная 87к1,30.2026,60.030245
650,4,5,1,40.01,8300114,Московский,Пулковское шоссе,95к3,Звездная,297741433,Пулковское шоссе 95к3,30.308322,59.754121
651,5,26,1,39.5,8383875,Пушкинский,проспект Новгородский,2к3,Купчино,296718684,проспект Новгородский 2к3,30.371653,59.812193
652,3,12,1,33.6,8332800,Красногвардейский,Партизанская ,5Б,Ладожская,299403395,Партизанская 5Б,30.425858,59.943368
653,1,23,1,34.93,8338611,Невский,Рыбацкое,4,Рыбацкое,293529893,Рыбацкое 4,30.488803,59.99926
654,3,16,1,36.48,8313497,Невский, Гудиловская,9,Рыбацкое,299577862,Гудиловская 9,30.533144,59.82684
655,17,17,1,50.0,8375000,Московский,Краснопутиловская ,66к2,Московская,297473105,Краснопутиловская 66к2,30.299132,59.855832
656,5,5,1,41.32,8375900,Колпинский,шоссе Рубежное,12,Рыбацкое,299312035,шоссе Рубежное 12,30.625859,59.754502
657,7,9,1,29.63,8387872,Красносельский, Тамбасова,5,Проспект Ветеранов,295859031,Тамбасова 5,30.154432,59.841401
658,4,26,1,39.4,8362650,Пушкинский,проспект Новгородский,2к3,Купчино,296746294,проспект Новгородский 2к3,30.371653,59.812193
659,2,6,1,52.2,8352000,Курортный, Строителей,3к2,,292413393,Строителей 3к2,29.681981,60.207919
660,2,12,1,36.0,8442000,Красногвардейский,Партизанская ,5Б,Ладожская,299403290,Партизанская 5Б,30.425858,59.943368
661,3,15,1,37.0,8400000,Василеостровский,проспект Крузенштерна,2,Приморская,299607104,проспект Крузенштерна 2,30.203112,59.930791
662,3,12,1,35.89,8491888,Приморский,аллея Арцеуловская,7к2,Пионерская,297252057,аллея Арцеуловская 7к2,30.194928,60.03625
663,1,15,1,34.07,8400282,Невский,Октябрьская набережная,36к3,Проспект Большевиков,295216920,Октябрьская набережная 36к3,30.442863,59.904793
664,9,9,1,38.2,8450000,Выборгский,Северный проспект,10К1,Озерки,299065835,Северный проспект 10К1,30.333475,60.031629
665,3,15,1,41.1,8466600,Невский, Евдокима Огнева,3,Улица Дыбенко,298605022,Евдокима Огнева 3,30.465483,59.895772
666,1,9,1,36.59,8446113,Красносельский, Тамбасова,5,Проспект Ветеранов,295859055,Тамбасова 5,30.154432,59.841401
667,4,12,1,35.8,8400000,Приморский,проспект Авиаконструкторов,54,Комендантский проспект,295770254,проспект Авиаконструкторов 54,30.204962,60.033908
668,5,23,1,45.05,8530050,Приморский, Ивинская,5к2,Зенит,297361893,Ивинская 5к2,30.133088,60.029305
669,6,17,1,35.82,8545506,Невский,Октябрьская набережная,11Б,Пролетарская,297359569,Октябрьская набережная 11Б,30.496959,59.861652
670,2,12,1,37.7,8539050,Красногвардейский,Партизанская ,5Б,Ладожская,299403384,Партизанская 5Б,30.425858,59.943368
671,18,24,1,40.5,8500000,Невский, Архивная,11к3,Проспект Большевиков,297014592,Архивная 11к3,30.450723,59.902185
672,12,17,1,35.45,8638656,Невский,Октябрьская набережная,11Б,Пролетарская,297359640,Октябрьская набережная 11Б,30.496959,59.861652
673,2,12,1,39.31,8575888,Приморский,аллея Арцеуловская,7к2,Пионерская,287076880,аллея Арцеуловская 7к2,30.194928,60.03625
674,3,16,1,32.1,8616064,Невский, Гудиловская,9,Рыбацкое,296862489,Гудиловская 9,30.533144,59.82684
675,6,6,1,27.2,8627296,Адмиралтейский,набережная Обводного Канала,118бБ,Балтийская,298163680,набережная Обводного Канала 118бБ,30.305546,59.907532
676,2,23,1,45.76,8635900,Приморский, Ивинская,5к2,Зенит,297885116,Ивинская 5к2,30.133088,60.029305
677,11,12,1,36.05,8715000,Приморский,проспект Авиаконструкторов,54,,289698328,проспект Авиаконструкторов 54,30.204962,60.033908
678,4,18,1,32.06,8685054,Фрунзенский, Салова,61,Бухарестская,294676144,Салова 61,30.368563,59.885142
679,4,10,1,37.8,8653324,Приморский,Парашютная ,79к1,Озерки,293828764,Парашютная 79к1,30.241901,60.041251
680,8,10,1,34.7,8653483,Приморский,Парашютная ,79к1,Комендантский проспект,298402670,Парашютная 79к1,30.241901,60.041251
681,14,23,1,42.4,8741504,Приморский, Ивинская,5к2,Зенит,297361919,Ивинская 5к2,30.133088,60.029305
682,3,17,1,37.66,8713598,Невский,Октябрьская набережная,11Б,Пролетарская,297359516,Октябрьская набережная 11Б,30.496959,59.861652
683,8,12,1,39.2,8697000,Выборгский,проспект Просвещения,46К1,Проспект Просвещения,298279591,проспект Просвещения 46К1,30.349321,60.050543
684,3,27,1,37.97,8699671,Выборгский,проезд Толубеевский,32,Проспект Просвещения,297992646,проезд Толубеевский 32,30.354891,60.083845
685,1,11,1,36.79,8670226,Невский, Гудиловская,6к1,Обухово,285014744,Гудиловская 6к1,30.532533,59.828663
686,1,26,1,42.0,8700000,Московский,Дунайский проспект,14к1,Звездная,294418388,Дунайский проспект 14к1,30.333457,59.831955
687,4,13,1,36.83,8715193,Приморский,Коломяжский проспект,4,Черная речка,297552890,Коломяжский проспект 4,30.295458,59.990638
688,3,18,1,32.67,8791497,Фрунзенский, Салова,61,Бухарестская,294676138,Салова 61,30.368563,59.885142
689,1,9,1,39.08,8767263,Красносельский, Тамбасова,5,Проспект Ветеранов,295859149,Тамбасова 5,30.154432,59.841401
690,2,23,1,42.82,8758112,Приморский, Ивинская,5к2,Зенит,297885113,Ивинская 5к2,30.133088,60.029305
691,17,17,1,38.0,8790000,Калининский,Пискарёвка,3к2,Лесная,299357511,Пискарёвка 3к2,30.418007,59.99062
692,6,23,1,50.26,8881673,Приморский, Ивинская,1к2,Зенит,298977422,Ивинская 1к2,30.135406,60.027862
693,2,12,1,38.7,8862300,Красногвардейский,Партизанская ,5Б,Ладожская,299413116,Партизанская 5Б,30.425858,59.943368
694,4,15,1,39.47,8898496,Красногвардейский,проспект Энергетиков,6,Ладожская,290733260,проспект Энергетиков 6,30.434221,59.935926
695,12,17,1,37.17,8879975,Невский,Октябрьская набережная,11Б,Пролетарская,297359631,Октябрьская набережная 11Б,30.496959,59.861652
696,7,17,1,37.8,8850000,Калининский,проспект Науки,17к2,Академическая,294783945,проспект Науки 17к2,30.386431,60.015035
697,2,9,1,34.55,8820625,Красносельский, Тамбасова,5,Проспект Ветеранов,295858618,Тамбасова 5,30.154432,59.841401
698,3,9,1,34.4,8850000,Фрунзенский,Бухарестская ,35К6,Проспект Славы,299605037,Бухарестская 35К6,30.382775,59.862664
699,5,18,1,35.21,8904609,Фрунзенский, Салова,61,Бухарестская,296851395,Салова 61,30.368563,59.885142
700,1,11,1,36.95,8952320,Невский, Гудиловская,5к1,Рыбацкое,295426165,Гудиловская 5к1,30.531455,59.829075
701,11,18,1,33.0,8910000,Василеостровский, Вадима Шефнера,4,Василеостровская,296306162,Вадима Шефнера 4,30.20869,59.934695
702,5,13,1,33.55,8999999,Приморский,Планерная ,97к1,Комендантский проспект,293278068,Планерная 97к1,30.19597,60.033216
703,2,23,1,50.67,8925552,Приморский, Ивинская,1к2,Зенит,298977392,Ивинская 1к2,30.135406,60.027862
704,6,13,1,36.1,8900000,Приморский, Плесецкая,6,Комендантский проспект,296713599,Плесецкая 6,30.209427,60.031701
705,2,5,1,45.19,9050133,Московский,Пулковское шоссе,99к6,Звездная,297741475,Пулковское шоссе 99к6,30.304522,59.753822
706,2,5,1,44.71,9050153,Московский,Пулковское шоссе,95к3,Звездная,291346168,Пулковское шоссе 95к3,30.308322,59.754121
707,2,16,1,38.1,9000000,Приморский,Комендантский проспект,21к1,Комендантский проспект,284538761,Комендантский проспект 21к1,30.254073,60.013609
708,16,18,1,33.7,9099000,Василеостровский, Вадима Шефнера,4,Василеостровская,296306133,Вадима Шефнера 4,30.20869,59.934695
709,12,13,1,37.45,9064888,Приморский,проспект Авиаконструкторов,61,Комендантский проспект,292031921,проспект Авиаконструкторов 61,30.210819,60.033158
710,11,16,1,32.2,9045648,Московский,Кубинская ,82к1,Ленинский проспект,274433381,Кубинская 82к1,30.300902,59.840781
711,2,13,1,39.5,9047888,Приморский,аллея Арцеуловская,9,Старая Деревня,297252445,аллея Арцеуловская 9,30.19579,60.036443
712,2,23,1,36.66,9007891,Невский,Рыбацкое,4,Рыбацкое,294577143,Рыбацкое 4,30.488803,59.99926
713,1,11,1,36.28,9023715,Невский, Гудиловская,5к1,Рыбацкое,295426164,Гудиловская 5к1,30.531455,59.829075
714,1,11,1,39.16,9093073,Невский, Гудиловская,5к1,Рыбацкое,295426163,Гудиловская 5к1,30.531455,59.829075
715,2,13,1,40.61,9098888,Приморский,аллея Арцеуловская,9,Старая Деревня,299028816,аллея Арцеуловская 9,30.19579,60.036443
716,13,13,1,43.71,9069825,Приморский,Коломяжский проспект,4,Черная речка,299482243,Коломяжский проспект 4,30.295458,59.990638
717,7,9,1,40.8,9050000,Фрунзенский, Ярослава Гашека,24к1,Дунайская,298985023,Ярослава Гашека 24к1,30.414584,59.839511
718,2,15,1,47.6,9030896,Невский, Евдокима Огнева,3,Улица Дыбенко,296210659,Евдокима Огнева 3,30.465483,59.895772
719,1,9,1,40.1,9082859,Красносельский, Тамбасова,5,Проспект Ветеранов,298331248,Тамбасова 5,30.154432,59.841401
720,2,14,1,32.4,9194342,Фрунзенский,Волковское,5,Обводный канал,289171067,Волковское 5,30.366614,59.892067
721,15,16,1,38.85,9190714,Московский,Московское шоссе,13Ж,Звездная,298146092,Московское шоссе 13Ж,30.356238,59.823959
722,7,13,1,37.48,9199000,Калининский,Полюстровский проспект,77З,Лесная,299606946,Полюстровский проспект 77З,30.363452,59.983608
723,9,12,1,38.6,9100000,Приморский,Беговая ,5К2,Беговая,298868436,Беговая 5К2,30.206876,59.986286
724,5,24,1,35.94,9155212,Невский, Славянская,8,Рыбацкое,291969168,Славянская 8,30.526191,59.83324
725,8,9,1,43.6,9100000,Пушкинский,Кедринская ,8,Купчино,298157643,Кедринская 8,30.413713,59.698477
726,2,18,1,39.1,9188500,Невский, Тельмана,37,Ломоносовская,299555961,Тельмана 37,30.47999,59.891268
727,17,18,1,35.7,9103500,Василеостровский, Вадима Шефнера,4,Василеостровская,296306234,Вадима Шефнера 4,30.20869,59.934695
728,2,9,1,36.07,9120337,Красносельский, Тамбасова,5,Проспект Ветеранов,295858633,Тамбасова 5,30.154432,59.841401
729,6,8,1,34.42,9235000,Кировский,Двинская ,6,,289707293,Двинская 6,30.25304,59.908868
730,4,10,1,40.3,9225633,Приморский,Парашютная ,79к1,Комендантский проспект,295329509,Парашютная 79к1,30.241901,60.041251
731,11,12,1,40.54,9213888,Приморский,аллея Арцеуловская,7к2,Пионерская,297252298,аллея Арцеуловская 7к2,30.194928,60.03625
732,9,9,1,44.0,9200000,Фрунзенский, Димитрова,20К1,Проспект Славы,289879502,Димитрова 20К1,30.39236,59.850283
733,5,18,1,35.58,9318402,Фрунзенский, Салова,61,Бухарестская,296731350,Салова 61,30.368563,59.885142
734,5,13,1,46.0,9277740,Приморский,Коломяжский проспект,4,Черная речка,299482180,Коломяжский проспект 4,30.295458,59.990638
735,14,16,1,33.29,9325888,Московский,Кубинская ,82к1,Ленинский проспект,274433429,Кубинская 82к1,30.300902,59.840781
736,2,17,1,38.97,9269708,Невский,Октябрьская набережная,11Б,Пролетарская,297359348,Октябрьская набережная 11Б,30.496959,59.861652
737,13,18,1,31.5,9258768,Адмиралтейский,бульвар Измайловский,11,Московские ворота,298656014,бульвар Измайловский 11,30.306094,59.896946
738,17,18,1,36.5,9307500,Василеостровский, Вадима Шефнера,4,Василеостровская,296306227,Вадима Шефнера 4,30.20869,59.934695
739,11,16,1,33.55,9251313,Московский,Кубинская ,82к1,Ленинский проспект,274433378,Кубинская 82к1,30.300902,59.840781
740,1,4,1,38.94,9345600,Выборгский, Береговая,8,Проспект Просвещения,296810974,Береговая 8,30.290185,60.059009
741,1,15,1,39.03,9350182,Невский,Октябрьская набережная,36к3,Проспект Большевиков,298589109,Октябрьская набережная 36к3,30.442863,59.904793
742,1,5,1,42.63,9378600,Выборгский, Береговая,12,Проспект Просвещения,297558267,Береговая 12,30.290509,60.058165
743,2,12,1,35.7,9406950,Красногвардейский,Партизанская ,5,,294538741,Партизанская 5,30.425139,59.944521
744,2,12,1,36.5,9398750,Красногвардейский,Партизанская ,5,,294538748,Партизанская 5,30.425139,59.944521
745,3,16,1,39.33,9394795,Невский, Гудиловская,9,Рыбацкое,295478525,Гудиловская 9,30.533144,59.82684
746,12,12,1,40.44,9438888,Приморский,аллея Арцеуловская,7к2,Пионерская,297252398,аллея Арцеуловская 7к2,30.194928,60.03625
747,12,15,1,37.7,9400080,Невский,Октябрьская набережная,36к3,Проспект Большевиков,298999845,Октябрьская набережная 36к3,30.442863,59.904793
748,2,3,1,35.8,9400000,Адмиралтейский,Галерная ,57,Адмиралтейская,297684628,Галерная 57,30.287634,59.931467
749,3,14,1,32.5,9416160,Фрунзенский,Волковское,5,Обводный канал,291986464,Волковское 5,30.366614,59.892067
750,11,23,1,50.32,9401821,Приморский, Ивинская,5к2,Зенит,297885196,Ивинская 5к2,30.133088,60.029305
751,2,23,1,50.67,9412686,Приморский, Ивинская,5к2,Зенит,297361884,Ивинская 5к2,30.133088,60.029305
752,9,25,1,36.46,9350000,Приморский,Коломяжский проспект,13к2,Пионерская,299257494,Коломяжский проспект 13к2,30.302348,59.999615
753,5,25,1,47.0,9390000,Выборгский, Есенина,1к1,Озерки,280073299,Есенина 1к1,30.330511,60.028928
754,1,5,1,41.0,9500000,Калининский, Комсомола,49,Площадь Ленина,259666288,Комсомола 49,30.352951,59.956647
755,2,24,1,45.4,9525380,Приморский,Парашютная ,54,Комендантский проспект,298574194,Парашютная 54,30.243931,60.034879
756,6,17,1,48.4,9499000,Кировский,проспект Ветеранов,108к1,Проспект Ветеранов,296650932,проспект Ветеранов 108к1,30.206184,59.832756
757,13,15,1,36.68,9580000,Невский,Дальневосточный проспект,19к1,Проспект Большевиков,297137349,Дальневосточный проспект 19к1,30.447301,59.906982
758,9,14,1,38.9,9600000,Василеостровский,Морская набережная,17Г,Приморская,297344649,Морская набережная 17Г,30.207226,59.943755
759,14,24,1,36.54,9624490,Невский, Славянская,8,Рыбацкое,285189660,Славянская 8,30.526191,59.83324
760,2,24,1,46.6,9603435,Приморский,Парашютная ,54,Комендантский проспект,298574193,Парашютная 54,30.243931,60.034879
761,17,25,1,45.5,9555000,Невский,проспект Большевиков,79к4,Ломоносовская,299460702,проспект Большевиков 79к4,30.474753,59.873202
762,2,12,1,34.1,9608016,Фрунзенский,Волковское,5,Обводный канал,287469248,Волковское 5,30.366614,59.892067
763,2,14,1,36.0,9635328,Фрунзенский,Волковское,5,Обводный канал,287469233,Волковское 5,30.366614,59.892067
764,11,13,1,34.3,9572169,Фрунзенский,Волковское,3,Обводный канал,298768041,Волковское 3,30.366614,59.892067
765,12,13,1,32.5,9634560,Фрунзенский,Волковское,3,Обводный канал,299174617,Волковское 3,30.366614,59.892067
766,1,16,1,44.9,9700000,Невский,Складская ,5,Проспект Большевиков,298754585,Складская 5,30.435694,59.920312
767,19,24,1,43.0,9650000,Калининский, Бутлерова,40,Академическая,299338681,Бутлерова 40,30.404325,60.010115
768,13,15,1,35.08,9700000,Невский,Дальневосточный проспект,19к1,,299030639,Дальневосточный проспект 19к1,30.447301,59.906982
769,8,13,1,38.36,9691730,Приморский,Коломяжский проспект,4,Черная речка,297552991,Коломяжский проспект 4,30.295458,59.990638
770,12,19,1,40.5,9650000,Калининский,Северный проспект,75к1,Академическая,297620727,Северный проспект 75к1,30.411494,60.020071
771,4,9,1,38.33,9692757,Красносельский, Тамбасова,5,Проспект Ветеранов,295859179,Тамбасова 5,30.154432,59.841401
772,14,15,1,38.67,9755000,Василеостровский,проспект Крузенштерна,2,Приморская,290068364,проспект Крузенштерна 2,30.203112,59.930791
773,6,18,1,39.49,9844857,Фрунзенский, Салова,61,Бухарестская,296731344,Салова 61,30.368563,59.885142
774,3,17,1,39.94,9800658,Невский,Октябрьская набережная,11Б,Пролетарская,297359524,Октябрьская набережная 11Б,30.496959,59.861652
775,1,15,1,40.49,9750194,Невский,Октябрьская набережная,36к3,Проспект Большевиков,298999849,Октябрьская набережная 36к3,30.442863,59.904793
776,11,18,1,39.3,9825000,Василеостровский, Вадима Шефнера,4,Василеостровская,296306207,Вадима Шефнера 4,30.20869,59.934695
777,5,18,1,39.91,9913644,Фрунзенский, Салова,61,Бухарестская,297888593,Салова 61,30.368563,59.885142
778,2,16,1,47.2,9890000,Фрунзенский,Дунайский проспект,34/16,Купчино,291855522,Дунайский проспект 34/16,30.380798,59.835659
779,1,12,1,40.2,9944849,Московский,Черниговская ,17,Московские ворота,298657634,Черниговская 17,30.330717,59.8977
780,3,17,1,33.57,9866659,Невский,Октябрьская набережная,11Б,Пролетарская,297359357,Октябрьская набережная 11Б,30.496959,59.861652
781,16,35,1,37.0,9850000,Невский,проспект Обуховской обороны,138к2,Пролетарская,299297560,проспект Обуховской обороны 138к2,30.485326,59.846165
782,2,11,1,36.2,9900844,Фрунзенский,Волковское,3,Обводный канал,275298102,Волковское 3,30.366614,59.892067
783,4,6,1,37.1,9935380,Фрунзенский,Лиговский проспект,251,Обводный канал,293465857,Лиговский проспект 251,30.345468,59.908132
784,16,25,1,40.5,9900000,Приморский,Байконурская ,26,Комендантский проспект,299243940,Байконурская 26,30.279334,60.014603
785,2,17,1,47.4,9900000,Калининский, Веденеева,2,Политехническая,296959460,Веденеева 2,30.36939,60.02298
786,7,19,1,38.5,9900000,Московский,проспект Юрия Гагарина,32В,Московская,297787581,проспект Юрия Гагарина 32В,30.339323,59.851652
787,15,15,1,32.06,10034780,Василеостровский,Гавань,12,Горный институт,298050431,Гавань 12,30.241164,59.930038
788,12,12,1,45.1,10025730,Московский,Московское шоссе,3к5,Звездная,294538589,Московское шоссе 3к5,30.331193,59.833764
789,14,25,1,37.7,9950000,Московский,5-й Предпортовый проезд,1,Московская,298835885,5-й Предпортовый проезд 1,30.310406,59.840709
790,3,10,1,34.5,9990000,Выборгский,Манчестерская ,5к1,Удельная,299415787,Манчестерская 5к1,30.335083,60.011441
791,4,16,1,36.82,10032384,Московский,Кубинская ,82к1,Ленинский проспект,298643984,Кубинская 82к1,30.300902,59.840781
792,5,17,1,42.0,9950000,Московский,Варшавская ,19к2,Электросила,299168182,Варшавская 19к2,30.312634,59.873171
793,1,12,1,40.5,10052573,Московский,Черниговская ,17,Московские ворота,298657840,Черниговская 17,30.330717,59.8977
794,2,14,1,34.3,10065506,Фрунзенский,Волковское,1,Обводный канал,288568686,Волковское 1,30.366614,59.892067
795,12,12,1,46.8,10164960,Московский,Московское шоссе,3к5,Звездная,294538588,Московское шоссе 3к5,30.331193,59.833764
796,4,11,1,42.85,10188059,Невский, Гудиловская,6к1,Обухово,292393168,Гудиловская 6к1,30.532533,59.828663
797,10,16,1,38.35,10235845,Московский,Кубинская ,82к1,Ленинский проспект,293304665,Кубинская 82к1,30.300902,59.840781
798,15,17,1,41.22,10183640,Невский,Октябрьская набережная,11Б,Пролетарская,297359482,Октябрьская набережная 11Б,30.496959,59.861652
799,2,13,1,38.0,10243584,Фрунзенский,Волковское,3,Обводный канал,275339633,Волковское 3,30.366614,59.892067
800,4,15,1,44.0,10199000,Василеостровский,набережная Миклухо-Маклая,1к1,Приморская,291831580,набережная Миклухо-Маклая 1к1,30.201737,59.929804
801,1,5,1,48.7,10300000,Адмиралтейский, Лабутина,3,Балтийская,298751637,Лабутина 3,30.294416,59.918909
802,5,13,1,35.5,10326595,Фрунзенский,Волковское,1,Обводный канал,293409151,Волковское 1,30.366614,59.892067
803,15,15,1,33.42,10276650,Василеостровский,Гавань,12,Горный институт,298050436,Гавань 12,30.241164,59.930038
804,2,19,1,42.98,10299848,Приморский,Коломяжский проспект,13,Пионерская,297025120,Коломяжский проспект 13,30.30101,59.998027
805,2,18,1,43.76,10283600,Невский, Тельмана,37,Ломоносовская,299555950,Тельмана 37,30.47999,59.891268
806,4,18,1,32.8,10292240,Адмиралтейский,бульвар Измайловский,11,Московские ворота,298656057,бульвар Измайловский 11,30.306094,59.896946
807,2,16,1,39.1,10283963,Приморский,Коломяжский проспект,13к3,Пионерская,297024327,Коломяжский проспект 13к3,30.303579,59.999377
808,2,6,1,43.9,10316500,Фрунзенский,Лиговский проспект,251,Обводный канал,293465828,Лиговский проспект 251,30.345468,59.908132
809,8,26,1,36.46,10300000,Приморский,Коломяжский проспект,13к2,Пионерская,299573562,Коломяжский проспект 13к2,30.302348,59.999615
810,22,23,1,33.0,10424065,Калининский,Полюстровский проспект,75,Лесная,299507434,Полюстровский проспект 75,30.366201,59.981708
811,1,8,1,40.5,10415769,Московский,Черниговская ,13к2,Московские ворота,298657543,Черниговская 13к2,30.329271,59.896039
812,1,8,1,38.0,10424382,Московский,Черниговская ,11к1,Московские ворота,298657611,Черниговская 11к1,30.327196,59.895438
813,4,19,1,41.36,10400160,Приморский,Коломяжский проспект,13,Пионерская,297024937,Коломяжский проспект 13,30.30101,59.998027
814,4,18,1,42.55,10531125,Невский, Тельмана,37,Ломоносовская,299555947,Тельмана 37,30.47999,59.891268
815,20,20,1,43.6,10500000,Московский,Варшавская ,19к5,Электросила,297276573,Варшавская 19к5,30.310505,59.87374
816,1,12,1,43.1,10541000,Московский,Черниговская ,17,Московские ворота,298657871,Черниговская 17,30.330717,59.8977
817,2,16,1,42.0,10499999,Приморский, Савушкина,128к1Б,Беговая,299184877,Савушкина 128к1Б,30.200417,59.988658
818,6,7,1,36.35,10495440,Приморский,набережная Реки Каменки,3к3,Озерки,298770162,набережная Реки Каменки 3к3,30.280879,60.057527
819,7,13,1,34.6,10531548,Фрунзенский,Волковское,1,Обводный канал,290735434,Волковское 1,30.366614,59.892067
820,6,14,1,36.6,10463500,Фрунзенский,Волковское,5,Обводный канал,288568720,Волковское 5,30.366614,59.892067
821,3,9,1,41.89,10493456,Красносельский, Тамбасова,5,Проспект Ветеранов,295859060,Тамбасова 5,30.154432,59.841401
822,7,19,1,41.97,10543942,Приморский,Коломяжский проспект,13,Пионерская,297024987,Коломяжский проспект 13,30.30101,59.998027
823,7,12,1,36.03,10600000,Выборгский,Большой Сампсониевский проспект,70к3,Выборгская,298256658,Большой Сампсониевский проспект 70к3,30.33149,59.980691
824,2,11,1,38.8,10554000,Калининский, Академика Константинова,1к1,Академическая,289786778,Академика Константинова 1к1,30.379711,60.017832
825,2,19,1,37.0,10570000,Московский, Среднерогатская,16к2,Звездная,299636534,Среднерогатская 16к2,30.34138,59.822919
826,2,10,1,30.5,10590000,Выборгский,Манчестерская ,3,Удельная,297529518,Манчестерская 3,30.331301,60.010731
827,1,12,1,42.3,10614858,Московский,Черниговская ,17,Московские ворота,298657519,Черниговская 17,30.330717,59.8977
828,2,16,1,39.92,10622557,Приморский,Коломяжский проспект,13к3,Пионерская,297024321,Коломяжский проспект 13к3,30.303579,59.999377
829,2,16,1,42.66,10579381,Приморский,Коломяжский проспект,13к3,Пионерская,297024300,Коломяжский проспект 13к3,30.303579,59.999377
830,1,7,1,40.03,10614660,Приморский,шоссе Суздальское,18к3,Проспект Просвещения,298651121,шоссе Суздальское 18к3,30.279432,60.058973
831,3,9,1,40.58,10705000,Приморский,Студенческая ,14к1,,289698342,Студенческая 14к1,30.326262,59.990953
832,1,10,1,36.7,10734750,Выборгский,Манчестерская ,3,Удельная,296753492,Манчестерская 3,30.331301,60.010731
833,15,15,1,36.01,10712975,Василеостровский,Гавань,12,Горный институт,296662575,Гавань 12,30.241164,59.930038
834,1,12,1,38.6,10701959,Московский,Черниговская ,17,Московские ворота,298657503,Черниговская 17,30.330717,59.8977
835,1,8,1,39.3,10748787,Московский,Черниговская ,11к1,Московские ворота,298657619,Черниговская 11к1,30.327196,59.895438
836,9,17,1,41.64,10707909,Невский,Октябрьская набережная,11Б,Пролетарская,297359399,Октябрьская набережная 11Б,30.496959,59.861652
837,1,10,1,29.7,10558350,Выборгский,Манчестерская ,3к1,Удельная,296753822,Манчестерская 3к1,30.328732,60.010456
838,1,10,1,29.7,10558350,Выборгский,Манчестерская ,3к1,Удельная,296753822,Манчестерская 3к1,30.328732,60.010456
839,2,14,1,33.6,10500000,Приморский,Красногвардейский переулок,8,Лесная,298653953,Красногвардейский переулок 8,30.323513,59.981339
840,6,14,1,35.9,10500000,Приморский,Земледельческая ,3,Лесная,299078734,Земледельческая 3,30.328049,59.99026
841,3,14,1,40.58,10650000,Приморский,Студенческая ,14к1,Лесная,299385773,Студенческая 14к1,30.326262,59.990953
842,2,13,1,39.7,11772803,Приморский,Студенческая ,14к2,Лесная,278767288,Студенческая 14к2,30.327043,59.991804
843,1,6,2,76.0,54999000,Петроградский,Петровский проспект,2с2,Спортивная,289871014,Петровский проспект 2с2,30.278902,59.953259
844,7,10,2,60.0,27000000,Петроградский,Аптекарский проспект,18,Петроградская,295652549,Аптекарский проспект 18,30.319515,59.974387
845,5,6,2,86.1,50004000,Центральный,Захарьевская ,41,Чернышевская,299243368,Захарьевская 41,30.366785,59.947428
846,4,8,2,65.77,26000000,Петроградский,Ремесленная ,17,Василеостровская,298588030,Ремесленная 17,30.26868,59.957305
847,2,7,2,65.36,21061933,Василеостровский,11-я Васильевского острова линия,56,Василеостровская,293435884,11-я Васильевского острова линия 56,30.269407,59.944301
848,23,23,2,51.3,11400000,Невский, Славянская,8,Рыбацкое,285396474,Славянская 8,30.526191,59.83324
849,7,7,2,94.5,39500000,Петроградский,Малая Разночинная ,10,,297470518,Малая Разночинная 10,30.2897,59.958512
850,12,13,2,52.0,10990000,Приморский,проспект Авиаконструкторов,61,Комендантский проспект,298974299,проспект Авиаконструкторов 61,30.210819,60.033158
851,7,14,2,58.0,21000000,Приморский,Белоостровская ,10к1,Лесная,299283976,Белоостровская 10к1,30.326262,59.985057
852,7,8,2,107.7,53000000,Приморский,Приморский проспект,78к4,Беговая,299568156,Приморский проспект 78к4,30.188523,59.987222
853,3,5,2,48.4,9690000,Выборгский,Дрезденская ,4,Удельная,295684966,Дрезденская 4,30.326028,60.0132
854,10,14,2,58.17,19019999,Красногвардейский,проспект Энергетиков,2,,279351684,проспект Энергетиков 2,30.434311,59.931134
855,12,12,2,79.9,24000000,Приморский,проспект Авиаконструкторов,54,Комендантский проспект,293338134,проспект Авиаконструкторов 54,30.204962,60.033908
856,2,11,2,71.87,24359720,Красногвардейский, Стахановцев,1,Новочеркасская,299636365,Стахановцев 1,30.405098,59.929835
857,3,8,2,79.6,42500000,Центральный,Кирочная ,31к2,Чернышевская,294216272,Кирочная 31к2,30.365509,59.943066
858,3,23,2,124.4,40193640,Выборгский,аллея Академика Лихачева,7,Площадь Мужества,299451114,аллея Академика Лихачева 7,30.346546,60.002494
859,4,5,2,51.5,15500000,Василеостровский,Гаванская ,7,Василеостровская,297860705,Гаванская 7,30.241946,59.929051
860,6,8,2,68.9,29137942,Петроградский,Петровский проспект,22к2,Крестовский остров,293496486,Петровский проспект 22к2,30.261897,59.960368
861,7,11,2,76.5,22500000,Василеостровский,набережная Реки Смоленки,3к2,Спортивная,298710770,набережная Реки Смоленки 3к2,30.262805,59.94969
862,2,9,2,59.87,17009999,Адмиралтейский, Шкапина,43-45,Балтийская,299481464,Шкапина 43-45,30.288622,59.903823
863,11,18,2,65.5,16600000,Василеостровский,Морская набережная,37к1Б,Приморская,297411594,Морская набережная 37к1Б,30.223396,59.95967
864,5,12,2,46.0,16826400,Курортный,Приморское шоссе,570Л,,289388356,Приморское шоссе 570Л,29.662541,60.191798
865,3,11,2,45.9,14458500,Приморский,Фермское шоссе,12Б,Удельная,299178610,Фермское шоссе 12Б,30.311341,60.013002
866,2,9,2,49.64,11676359,Красносельский, Тамбасова,5,Проспект Ветеранов,295858733,Тамбасова 5,30.154432,59.841401
867,4,13,2,43.0,16200000,Василеостровский, Беринга,27к6,Приморская,291444345,Беринга 27к6,30.238954,59.946329
868,5,25,2,78.7,14402100,Калининский,Светлановский проспект,121к1,Гражданский проспект,292061881,Светлановский проспект 121к1,30.405089,60.046185
869,7,17,2,74.5,17890000,Василеостровский, Нахимова,20,Приморская,298701825,Нахимова 20,30.223467,59.940366
870,17,24,2,53.8,9221320,Приморский, Ивинская,19к1,Комендантский проспект,297361093,Ивинская 19к1,30.128021,60.032587
871,3,5,2,42.6,7990000,Московский,Благодатная ,29,Электросила,298654211,Благодатная 29,30.309912,59.874932
872,2,7,2,69.9,20131000,Адмиралтейский,Галерная ,40,Адмиралтейская,299243370,Галерная 40,30.2882,59.931373
873,3,3,2,81.9,45000000,Центральный,набережная Реки Фонтанки,47,,299568164,набережная Реки Фонтанки 47,30.338649,59.930196
874,3,8,2,68.34,30076946,Петроградский,Пионерская ,53,Чкаловская,298529997,Пионерская 53,30.28564,59.960557
875,3,11,2,77.0,43900000,Петроградский,Петровский проспект,11к3,Спортивная,298484165,Петровский проспект 11к3,30.262355,59.962697
876,5,8,2,64.9,27160650,Петроградский,Петровский проспект,28к2,Крестовский остров,296753925,Петровский проспект 28к2,30.252079,59.961201
877,4,8,2,70.0,32000000,Петроградский,Петровский проспект,22к2,Крестовский остров,299243373,Петровский проспект 22к2,30.261897,59.960368
878,5,15,2,57.3,24500000,Красногвардейский,Магнитогорская ,3к2,Новочеркасская,294764537,Магнитогорская 3к2,30.417396,59.936206
879,3,17,2,65.7,15300000,Московский,Варшавская ,19к2,Электросила,298759184,Варшавская 19к2,30.312634,59.873171
880,4,14,2,73.5,16900000,Московский,Черниговская ,17,Фрунзенская,295371498,Черниговская 17,30.330717,59.8977
881,2,8,2,70.0,22400000,Петроградский,Петровский проспект,24к2,,296753885,Петровский проспект 24к2,30.256876,59.96007
882,13,19,2,65.0,12590000,Василеостровский, Вадима Шефнера,10к1,Приморская,277111225,Вадима Шефнера 10к1,30.205591,59.938658
883,3,6,2,72.3,40343400,Московский, Гастелло,7,Московская,296753480,Гастелло 7,30.325013,59.858073
884,3,10,2,78.8,37400000,Центральный,Кирочная ,70,Чернышевская,285457456,Кирочная 70,30.391255,59.939942
885,7,7,2,54.7,27000000,Адмиралтейский,Звенигородская ,7к2,Звенигородская,268560182,Звенигородская 7к2,30.340419,59.917592
886,4,4,2,89.0,84500000,Центральный,Гагаринская ,1/24,,295476817,Гагаринская 1/24,30.341174,59.948347
887,4,6,2,76.6,37103093,Петроградский,Петровский проспект,2с2,,297371569,Петровский проспект 2с2,30.278902,59.953259
888,1,4,2,111.3,127666888,Петроградский,1-я Березовая аллея,7,,287440982,1-я Березовая аллея 7,30.294398,59.978678
889,3,20,2,86.4,22339999,Василеостровский, Челюскина,8,,279506976,Челюскина 8,30.187679,59.942065
890,4,6,2,77.0,38134021,Петроградский,Петровский проспект,2с2,,297720134,Петровский проспект 2с2,30.278902,59.953259
891,3,23,2,50.14,8772153,Приморский, Ивинская,1к2,Зенит,298977566,Ивинская 1к2,30.135406,60.027862
892,23,25,2,59.2,7210000,Выборгский, Тихоокеанская,1к2,Проспект Просвещения,293810985,Тихоокеанская 1к2,30.243015,60.073876
893,3,7,2,59.2,23680000,Петроградский,набережная Реки Карповки,31к2,Петроградская,284740254,набережная Реки Карповки 31к2,30.306148,59.970218
894,1,5,2,101.6,84858453,Петроградский,набережная Гребного канала,1,Крестовский остров,292047743,набережная Гребного канала 1,30.243078,59.976765
895,25,27,2,44.0,9760212,Выборгский,проезд Толубеевский,34к2,,297361356,проезд Толубеевский 34к2,30.354002,60.085038
896,2,13,2,53.7,6200000,Пушкинский,Московское шоссе,286,Шушары,294840766,Московское шоссе 286,30.477277,59.7552
897,4,9,2,45.9,9700000,Калининский, Черкасова,4К1,Гражданский проспект,293609105,Черкасова 4К1,30.419363,60.025857
898,4,5,2,37.0,7295000,Фрунзенский,Будапештская ,40к1,Проспект Славы,292459289,Будапештская 40к1,30.377654,59.859596
899,4,9,2,64.6,20546283,Василеостровский,7-я Васильевского острова линия,84,Василеостровская,298270928,7-я Васильевского острова линия 84,30.2715,59.948735
900,8,25,2,70.0,27900000,Выборгский,Большой Сампсониевский проспект,4-6,Площадь Ленина,296307739,Большой Сампсониевский проспект 4-6,30.343851,59.957696
901,4,9,2,58.16,22100800,Петроградский,Петроградская набережная,38,Горьковская,296517684,Петроградская набережная 38,30.332676,59.963832
902,3,5,2,71.3,39950000,Курортный, Максима Горького,2Ас3,,297228540,Максима Горького 2Ас3,30.128453,59.76724
903,11,12,2,58.6,20510000,Приморский,Белоостровская ,7,Лесная,295734467,Белоостровская 7,30.329451,59.985462
904,5,5,2,57.14,8650000,Петродворцовый, Парковая,14к2,Проспект Ветеранов,293974978,Парковая 14к2,30.338622,59.894121
905,13,13,2,55.0,24000000,Красногвардейский,Пискаревский проспект,1,Площадь Ленина,295993227,Пискаревский проспект 1,30.405421,59.957656
906,6,10,2,60.1,12500000,Фрунзенский,Бухарестская ,156к1,Дунайская,299165441,Бухарестская 156к1,30.422983,59.830246
907,1,7,2,63.0,29275793,Василеостровский,20-я Васильевского острова линия,5,Горный институт,298267765,20-я Васильевского острова линия 5,30.268473,59.931896
908,6,7,2,67.6,54900000,Адмиралтейский,Конногвардейский бульвар,5,,293981424,Конногвардейский бульвар 5,30.300794,59.93442
909,4,9,2,82.31,36669105,Василеостровский,20-я Васильевского острова линия,19,Василеостровская,297998693,20-я Васильевского острова линия 19,30.264862,59.93502
910,5,12,2,48.0,9300000,Выборгский,проспект Просвещения,35,Проспект Просвещения,296405733,проспект Просвещения 35,30.350606,60.049024
911,8,17,2,55.0,9990000,Невский,Народная ,53к2,Ломоносовская,292550784,Народная 53к2,30.4777,59.880947
912,3,8,2,72.9,30618000,Петроградский,Петровский проспект,26к2,Чкаловская,296753449,Петровский проспект 26к2,30.253588,59.960471
913,8,25,2,56.5,12250000,Приморский,шоссе Суздальское,26к2,Проспект Просвещения,298924530,шоссе Суздальское 26к2,30.272237,60.058349
914,3,10,2,53.98,20345062,Приморский,Лисичанская ,22,Черная речка,297998518,Лисичанская 22,30.308116,59.986506
915,5,8,2,73.0,31900000,Петроградский,Петровский проспект,26к2,Крестовский остров,286119678,Петровский проспект 26к2,30.253588,59.960471
916,5,5,2,98.0,48900000,Петроградский,Константиновский проспект,26,Крестовский остров,299463854,Константиновский проспект 26,30.268159,59.97278
917,2,10,2,62.3,16821000,Выборгский,Манчестерская ,3к1,Удельная,296753784,Манчестерская 3к1,30.328732,60.010456
918,5,15,2,64.2,17990000,Приморский, Савушкина,36,Черная речка,296905182,Савушкина 36,30.286215,59.984818
919,2,11,2,56.13,17694982,Московский,Благодатная ,50,Электросила,267475792,Благодатная 50,30.338991,59.876928
920,4,4,2,76.0,17500000,Центральный, Печатника Григорьева,14,Лиговский проспект,290982257,Печатника Григорьева 14,30.350193,59.918999
921,5,9,2,73.2,23292240,Петроградский,Петровский проспект,9к2,Спортивная,298366966,Петровский проспект 9к2,30.266533,59.960994
922,6,19,2,54.0,13000000,Выборгский,проспект Энгельса,126К2,Озерки,299637754,проспект Энгельса 126К2,30.322049,60.041925
923,3,14,2,71.3,30500000,Калининский, Жукова,1,Площадь Ленина,298751505,Жукова 1,30.405062,59.962435
924,5,5,2,45.0,5600000,Красносельский,проспект Народного ополчения,231,Проспект Ветеранов,297486726,проспект Народного ополчения 231,30.159184,59.825859
925,8,12,2,68.8,19800000,Приморский,Белоостровская ,28,Черная речка,296594096,Белоостровская 28,30.310128,59.987226
926,2,10,2,61.65,24660000,Московский,Московский проспект,72к2,Фрунзенская,267475925,Московский проспект 72к2,30.320827,59.906625
927,3,5,2,45.7,7700000,Красногвардейский,шоссе Революции,33К5,Новочеркасская,298109201,шоссе Революции 33К5,30.430134,59.958602
928,2,12,2,65.08,14643000,Приморский,проспект Авиаконструкторов,54,Комендантский проспект,266867765,проспект Авиаконструкторов 54,30.204962,60.033908
929,3,9,2,76.1,33300000,Петроградский,Петровский проспект,9к2,Василеостровская,299145153,Петровский проспект 9к2,30.266533,59.960994
930,3,14,2,51.5,14447552,Фрунзенский,Волковское,1,Обводный канал,295906217,Волковское 1,30.366614,59.892067
931,2,5,2,43.1,10100000,Выборгский,Дрезденская ,22,Удельная,298639567,Дрезденская 22,30.334041,60.015408
932,10,12,2,54.2,11441620,Московский,Московское шоссе,3к5,Звездная,294538554,Московское шоссе 3к5,30.331193,59.833764
933,8,8,2,58.0,8000000,Невский,Народная ,81,Ломоносовская,297416495,Народная 81,30.483772,59.883968
934,2,12,2,47.8,12949593,Фрунзенский,Волковское,5,Обводный канал,290735524,Волковское 5,30.366614,59.892067
935,2,4,2,54.08,9000000,Выборгский,Нейшлотский переулок,6,Выборгская,292244955,Нейшлотский переулок 6,30.345854,59.967313
936,3,5,2,66.2,15557000,Выборгский, Береговая,12,Проспект Просвещения,291961828,Береговая 12,30.290509,60.058165
937,3,9,2,45.9,10200000,Выборгский,проспект Энгельса,143К1,Проспект Просвещения,297571570,проспект Энгельса 143К1,30.337482,60.054693
938,2,10,2,66.86,26680015,Адмиралтейский,Малодетскосельский проспект,40,Технологический институт,299648236,Малодетскосельский проспект 40,30.320018,59.911141
939,5,5,2,43.0,6300000,Невский, Шелгунова,12,Пролетарская,292003709,Шелгунова 12,30.456149,59.865862
940,1,4,2,55.32,11500499,Красносельский,проспект Буденного,13,Ленинский проспект,294799843,проспект Буденного 13,30.093876,59.836997
941,11,11,2,52.1,11000000,Выборгский,проспект Луначарского,1К1,Озерки,290837931,проспект Луначарского 1К1,30.318437,60.043687
942,9,17,2,61.39,14426650,Василеостровский,Гавань,12,Горный институт,294545597,Гавань 12,30.241164,59.930038
943,3,4,2,52.2,8895000,Выборгский,Лесной проспект,8Б,Выборгская,291600690,Лесной проспект 8Б,30.350525,59.96335
944,4,13,2,62.5,17000000,Василеостровский,набережная Реки Смоленки,35к1,Приморская,298662692,набережная Реки Смоленки 35к1,30.252312,59.948667
945,2,16,2,56.74,14756890,Приморский,Коломяжский проспект,13к3,Пионерская,297023885,Коломяжский проспект 13к3,30.303579,59.999377
946,2,6,2,75.8,19999000,Центральный,Невский проспект,23,Гостиный двор,299463371,Невский проспект 23,30.322677,59.935543
947,8,9,2,44.1,6400000,Невский,проспект Солидарности,8К1,Проспект Большевиков,295276074,проспект Солидарности 8К1,30.491893,59.922887
948,7,8,2,60.4,11800000,Московский, Типанова,36к3,Московская,286725714,Типанова 36к3,30.361538,59.85224
949,3,7,2,75.0,26000000,Центральный,9-я Советская ,5,Площадь Восстания,298065790,9-я Советская 5,30.371662,59.93827
950,2,5,2,42.0,7200000,Московский,Звездная ,18,Звездная,299479582,Звездная 18,30.365527,59.836703
951,2,12,2,68.56,16882215,Приморский, Плесецкая,2,Комендантский проспект,275720462,Плесецкая 2,30.205959,60.029508
952,4,5,2,54.8,26000000,Петроградский,набережная Мартынова,12,Крестовский остров,292370655,набережная Мартынова 12,30.261996,59.974158
953,2,13,2,51.53,12348888,Приморский,аллея Арцеуловская,9,Пионерская,298845828,аллея Арцеуловская 9,30.19579,60.036443
954,12,12,2,54.1,8000000,Фрунзенский,Малая Карпатская ,23К1,Дунайская,284105381,Малая Карпатская 23К1,30.431041,59.832398
955,2,15,2,71.1,16928910,Невский,Октябрьская набережная,57к3,Елизаровская,294544586,Октябрьская набережная 57к3,30.448639,59.89835
956,7,16,2,57.8,10800000,Василеостровский,Морская набережная,15Б,Приморская,292937959,Морская набережная 15Б,30.210711,59.939861
957,14,17,2,75.1,17500000,Василеостровский, Нахимова,20,Приморская,299032311,Нахимова 20,30.223467,59.940366
958,4,4,2,40.0,11500000,Петроградский,Резная ,15/4,Чкаловская,298437263,Резная 15/4,30.281948,59.96562
959,3,8,2,70.7,31108000,Петроградский,набережная Реки Карповки,27,Петроградская,280459404,набережная Реки Карповки 27,30.307774,59.970155
960,6,16,2,56.0,11290000,Красносельский,Ленинский проспект,92К3,Проспект Ветеранов,294693733,Ленинский проспект 92К3,30.215068,59.856921
961,2,9,2,43.8,6300000,Кировский, Генерала Симоняка,7,Проспект Ветеранов,295535186,Генерала Симоняка 7,30.201351,59.830042
962,6,6,2,41.8,7200000,Кировский,Автовская ,19,Автово,296593315,Автовская 19,30.27097,59.869088
963,14,25,2,53.0,8200000,Пушкинский,переулок Вилеровский,6,Звездная,297731190,переулок Вилеровский 6,30.364045,59.811609
964,2,7,2,81.5,15950000,Курортный, Воскова,12,Беговая,297325182,Воскова 12,30.305951,59.958003
965,2,12,2,54.3,13575000,Красногвардейский,Партизанская ,5Б,Ладожская,299403393,Партизанская 5Б,30.425858,59.943368
966,11,17,2,65.8,9790000,Красносельский,Ленинский проспект,53к1,Ленинский проспект,298806104,Ленинский проспект 53к1,30.169712,59.863098
967,3,4,2,71.0,26900000,Адмиралтейский, Декабристов,17,Спасская,297949275,Декабристов 17,30.301809,59.927987
968,4,5,2,83.2,22600000,Центральный,Малая Морская ,7,Адмиралтейская,297235392,Малая Морская 7,30.31347,59.93607
969,1,9,2,45.1,6490000,Кировский, Генерала Симоняка,17,Проспект Ветеранов,295972798,Генерала Симоняка 17,30.20401,59.828482
970,7,10,2,57.8,8997000,Кировский, Стойкости,13К2,Проспект Ветеранов,292879702,Стойкости 13К2,30.213586,59.82988
971,4,10,2,73.3,15800000,Невский, Подвойского,13к2,Улица Дыбенко,298273587,Подвойского 13к2,30.469974,59.911101
972,1,5,2,55.4,10990000,Приморский,Торжковская ,2К3,Черная речка,293276247,Торжковская 2К3,30.304846,59.988568
973,6,9,2,50.8,8150000,Красногвардейский, Петра Смородина,20,Ладожская,298041399,Петра Смородина 20,30.444112,59.959525
974,2,7,2,62.26,12790410,Приморский,шоссе Суздальское,18к3,Проспект Просвещения,298651126,шоссе Суздальское 18к3,30.279432,60.058973
975,2,15,2,73.5,25000000,Московский,Заозерная ,3к2,Фрунзенская,291396724,Заозерная 3к2,30.324142,59.906079
976,20,25,2,65.3,14200000,Калининский, Богословская,4к3,Лесная,297115564,Богословская 4к3,30.378669,59.985107
977,9,9,2,44.6,7100000,Фрунзенский,Загребский бульвар,5К3,Проспект Славы,298743940,Загребский бульвар 5К3,30.394408,59.847856
978,9,9,2,45.1,7900000,Калининский,проспект Луначарского,106,Гражданский проспект,296437668,проспект Луначарского 106,30.414512,60.024967
979,4,5,2,51.22,10300418,Московский,Пулковское шоссе,103В,Звездная,296336632,Пулковское шоссе 103В,30.308646,59.751193
980,3,17,2,75.0,19900000,Фрунзенский,Бухарестская ,118к1,Дунайская,297514992,Бухарестская 118к1,30.40631,59.846875
981,2,15,2,52.6,9703130,Невский, Евдокима Огнева,3,Улица Дыбенко,296835112,Евдокима Огнева 3,30.465483,59.895772
982,10,26,2,76.6,16100000,Приморский,Коломяжский проспект,20,Пионерская,291868184,Коломяжский проспект 20,30.298324,59.998774
983,4,5,2,56.14,10415600,Колпинский,шоссе Рубежное,14,Рыбацкое,298649486,шоссе Рубежное 14,30.626928,59.753645
984,4,9,2,50.4,8500000,Колпинский,Загородная ,43к4,,297617236,Загородная 43к4,30.600598,59.77438
985,4,12,2,50.7,10900000,Красносельский, Чекистов,22,Ленинский проспект,293753119,Чекистов 22,30.170305,59.843042
986,3,3,2,58.0,25000000,Центральный, Черняховского,9,Обводный канал,298393519,Черняховского 9,30.356607,59.916103
987,4,5,2,45.1,6700000,Кировский, Солдата Корзуна,44,Проспект Ветеранов,299601900,Солдата Корзуна 44,30.221994,59.830472
988,18,23,2,54.54,9809028,Приморский, Ивинская,1к1,Зенит,297361785,Ивинская 1к1,30.136582,60.027049
989,8,12,2,47.3,8000000,Красносельский, Доблести,18к1В,Ленинский проспект,293976317,Доблести 18к1В,30.179405,59.859691
990,7,23,2,54.51,9432038,Приморский, Ивинская,5к1,Зенит,297362011,Ивинская 5к1,30.133789,60.028833
991,3,6,2,62.0,13990000,Московский,Московский проспект,138,Московские ворота,279017624,Московский проспект 138,30.320423,59.886745
992,3,9,2,65.33,15154350,Красносельский, Тамбасова,5,Проспект Ветеранов,298331379,Тамбасова 5,30.154432,59.841401
993,7,7,2,116.6,52470000,Центральный,Стремянная ,15/1,,298229654,Стремянная 15/1,30.35207,59.930742
994,9,9,2,64.17,16106458,Красносельский, Тамбасова,5,Проспект Ветеранов,295858886,Тамбасова 5,30.154432,59.841401
995,2,4,2,79.1,22900000,Василеостровский,проспект Малый Васильевского острова,14,Спортивная,295048535,проспект Малый Васильевского острова 14,30.275381,59.947104
996,3,9,2,58.01,14050012,Красносельский, Тамбасова,5,Проспект Ветеранов,295859099,Тамбасова 5,30.154432,59.841401
997,4,5,2,43.7,14000000,Петроградский,Большая Пушкарская ,21Б,Горьковская,285711049,Большая Пушкарская 21Б,30.305034,59.958994
998,11,23,2,53.94,9393984,Приморский, Ивинская,5к2,Зенит,297885187,Ивинская 5к2,30.133088,60.029305
999,1,9,2,44.1,6840000,Выборгский, Есенина,8К1,Озерки,299230397,Есенина 8К1,30.327932,60.038461
1000,3,4,2,67.6,15000000,Адмиралтейский,Казанская ,41В,Спасская,298724576,Казанская 41В,30.309283,59.929087
1001,3,5,2,52.8,7800000,Выборгский,Лесной проспект,39к3,Лесная,296648769,Лесной проспект 39к3,30.344677,59.981969
1002,4,5,2,53.1,7450000,Адмиралтейский,набережная Обводного Канала,156К3,Нарвская,293176699,набережная Обводного Канала 156К3,30.265769,59.90843
1003,12,12,2,52.5,8900000,Калининский,проспект Луначарского,108К1,Гражданский проспект,299498233,проспект Луначарского 108К1,30.419237,60.024653
1004,1,5,2,43.9,8000000,Адмиралтейский,13-я Красноармейская ,20,Технологический институт,295726773,13-я Красноармейская 20,30.300794,59.914967
1005,7,8,2,70.6,31076907,Петроградский,Петровский проспект,22к2,Крестовский остров,293496569,Петровский проспект 22к2,30.261897,59.960368
1006,8,9,2,44.1,7500000,Невский,Октябрьская набережная,70К1,Ломоносовская,299049038,Октябрьская набережная 70К1,30.458637,59.876255
1007,2,9,2,45.7,5600000,Колпинский,Раумская ,7,Купчино,298428917,Раумская 7,30.584285,59.737033
1008,9,9,2,45.5,5900000,Красносельский, Партизана Германа,33,Проспект Ветеранов,298211567,Партизана Германа 33,30.174572,59.830793
1009,11,12,2,52.2,10510000,Приморский,Планерная ,21К1,Комендантский проспект,295684227,Планерная 21К1,30.236223,60.002602
1010,7,12,2,53.5,9990000,Московский,проспект Юрия Гагарина,28К4,Московская,294303330,проспект Юрия Гагарина 28К4,30.344785,59.854571
1011,3,4,2,49.3,10190000,Красносельский, Ивана Куликова,4к2,Проспект Ветеранов,299061370,Ивана Куликова 4к2,30.114601,59.831453
1012,14,17,2,55.18,14200000,Красногвардейский,Пискаревский проспект,25к2,Ладожская,295176570,Пискаревский проспект 25к2,30.413811,59.970623
1013,7,11,2,60.9,15518210,Невский,Октябрьская набережная,86К2,Пролетарская,293297402,Октябрьская набережная 86К2,30.469651,59.872227
1014,3,4,2,70.1,20790000,Адмиралтейский,Садовая ,49,Садовая,293912097,Садовая 49,30.312517,59.924763
1015,2,6,2,53.2,17392600,Василеостровский,11-я Васильевского острова линия,26,Василеостровская,295885392,11-я Васильевского острова линия 26,30.274591,59.94028
1016,12,14,2,61.06,19719999,Красногвардейский,проспект Энергетиков,2,,279351843,проспект Энергетиков 2,30.434311,59.931134
1017,3,5,2,90.9,17300000,Центральный,Невский проспект,164,Площадь Александра Невского,298016418,Невский проспект 164,30.377115,59.926846
1018,7,11,2,55.9,14248242,Невский,Октябрьская набережная,86К2,Пролетарская,293297393,Октябрьская набережная 86К2,30.469651,59.872227
1019,3,25,2,62.0,16700000,Московский,проспект Космонавтов,102к1,Купчино,291953907,проспект Космонавтов 102к1,30.363111,59.830811
1020,14,26,2,52.5,14300000,Фрунзенский,Южное шоссе,55к3,Проспект Славы,299380139,Южное шоссе 55к3,30.402744,59.85703
1021,12,14,2,69.95,21409999,Красногвардейский,проспект Энергетиков,2,,279351846,проспект Энергетиков 2,30.434311,59.931134
1022,2,5,2,76.9,17700000,Василеостровский, Опочинина,11,Приморская,298905487,Опочинина 11,30.240401,59.928744
1023,5,8,2,96.8,37674665,Петроградский,Петровский проспект,22к2,Крестовский остров,293496526,Петровский проспект 22к2,30.261897,59.960368
1024,7,19,2,60.5,15890000,Невский,Общественный переулок,5,Елизаровская,296941532,Общественный переулок 5,30.426684,59.902826
1025,7,8,2,78.1,32749038,Петроградский,Петровский проспект,22к2,Крестовский остров,293496467,Петровский проспект 22к2,30.261897,59.960368
1026,3,8,2,89.1,45000000,Петроградский,Морской проспект,15,Крестовский остров,293860329,Морской проспект 15,30.270647,59.971213
1027,6,9,2,58.74,19629999,Адмиралтейский, Шкапина,43-45,Балтийская,299481544,Шкапина 43-45,30.288622,59.903823
1028,5,6,2,91.0,23500000,Центральный,Караванная ,8,Гостиный двор,296481010,Караванная 8,30.341892,59.936792
1029,2,7,2,80.51,25367907,Василеостровский,11-я Васильевского острова линия,56,Василеостровская,293435882,11-я Васильевского острова линия 56,30.269407,59.944301
1030,1,9,2,49.1,7250000,Фрунзенский,Будапештская ,42К5,Проспект Славы,299017524,Будапештская 42К5,30.38158,59.860337
1031,7,9,2,60.72,17849999,Адмиралтейский, Шкапина,43-45,Балтийская,299481379,Шкапина 43-45,30.288622,59.903823
1032,2,9,2,47.0,6500000,Красносельский, Тамбасова,36к1,,282604777,Тамбасова 36к1,30.156597,59.826976
1033,9,9,2,52.1,12250000,Фрунзенский, Турку,17К2,Проспект Славы,296200382,Турку 17К2,30.391605,59.864769
1034,5,7,2,101.16,33633171,Василеостровский,11-я Васильевского острова линия,56,Василеостровская,293435819,11-я Васильевского острова линия 56,30.269407,59.944301
1035,4,6,2,61.7,13800000,Василеостровский,проспект Средний Васильевского острова,61,Василеостровская,297362136,проспект Средний Васильевского острова 61,30.266964,59.939965
1036,6,7,2,90.96,29218260,Василеостровский,11-я Васильевского острова линия,56,Василеостровская,293435898,11-я Васильевского острова линия 56,30.269407,59.944301
1037,8,14,2,58.8,13490000,Фрунзенский,Загребский бульвар,9,Дунайская,295371225,Загребский бульвар 9,30.398801,59.844981
1038,14,14,2,50.7,9200000,Выборгский, Ивана Фомина,13К1,Проспект Просвещения,298961570,Ивана Фомина 13К1,30.349582,60.052465
1039,24,25,2,53.0,10200000,Приморский, Лидии Зверевой,3к1,Комендантский проспект,297010298,Лидии Зверевой 3к1,30.252249,60.039953
1040,1,24,2,52.7,9338440,Приморский, Ивинская,19к3,Комендантский проспект,297361204,Ивинская 19к3,30.132163,60.033324
1041,3,5,2,44.3,6100000,Невский, Тельмана,32К5,Улица Дыбенко,297039548,Тельмана 32К5,30.470881,59.892478
1042,4,14,2,71.36,20309999,Красногвардейский,проспект Энергетиков,2,,279351709,проспект Энергетиков 2,30.434311,59.931134
1043,3,5,2,49.0,14700000,Центральный, Белинского,3,Гостиный двор,298541362,Белинского 3,30.345198,59.937806
1044,5,6,2,54.9,9900000,Адмиралтейский,набережная Обводного Канала,183,Балтийская,290834282,набережная Обводного Канала 183,30.293491,59.909454
1045,2,5,2,45.0,8000000,Московский,проспект Юрия Гагарина,14К3,Парк Победы,299558905,проспект Юрия Гагарина 14К3,30.340257,59.861539
1046,4,9,2,61.8,19409999,Адмиралтейский, Шкапина,43-45,Балтийская,299481531,Шкапина 43-45,30.288622,59.903823
1047,2,3,2,106.3,110000000,Адмиралтейский,Английская набережная,26,Адмиралтейская,295910389,Английская набережная 26,30.294327,59.934114
1048,5,25,2,71.72,28063918,Московский,Алтайская ,39,Московская,295136747,Алтайская 39,30.333134,59.849103
1049,5,9,2,57.4,7490000,Колпинский, Красных Партизан,5,Купчино,292988692,Красных Партизан 5,30.154746,59.992776
1050,1,17,2,54.9,9854550,Приморский, Ивинская,15,Комендантский проспект,297361395,Ивинская 15,30.130842,60.031755
1051,19,19,2,80.5,26900000,Московский,Киевская ,3к2В,Фрунзенская,293184731,Киевская 3к2В,30.320944,59.901432
1052,10,11,2,53.2,15379261,Невский,Октябрьская набережная,86К2,Пролетарская,294042872,Октябрьская набережная 86К2,30.469651,59.872227
1053,7,12,2,54.0,12250000,Приморский,Озеро Долгое,17к6,Старая Деревня,298294112,Озеро Долгое 17к6,30.10975,59.714364
1054,11,25,2,77.6,15698480,Калининский,Светлановский проспект,121к1,Гражданский проспект,292061875,Светлановский проспект 121к1,30.405089,60.046185
1055,2,8,2,52.0,18850000,Адмиралтейский,набережная Обводного Канала,106,Фрунзенская,298848119,набережная Обводного Канала 106,30.31567,59.907595
1056,6,9,2,50.6,8280000,Колпинский, Ремизова,21,Шушары,299508453,Ремизова 21,30.615887,59.741191
1057,1,17,2,52.2,9197640,Приморский, Ивинская,15,Комендантский проспект,297361411,Ивинская 15,30.130842,60.031755
1058,4,5,2,64.4,13524000,Выборгский, Смолячкова,15-17,Выборгская,295694942,Смолячкова 15-17,30.344569,59.970884
1059,4,11,2,77.58,25896204,Красногвардейский, Стахановцев,1,Новочеркасская,299464060,Стахановцев 1,30.405098,59.929835
1060,2,5,2,49.9,11500000,Петроградский,проспект Малый Петроградской стороны,55Д,Чкаловская,299211639,проспект Малый Петроградской стороны 55Д,30.300228,59.96194
1061,2,8,2,73.31,31838533,Петроградский,Пионерская ,53,Чкаловская,298529962,Пионерская 53,30.28564,59.960557
1062,3,15,2,73.6,27850000,Московский,Заозерная ,3к2,Фрунзенская,299505455,Заозерная 3к2,30.324142,59.906079
1063,8,12,2,70.7,34842333,Курортный,Приморское шоссе,570Л,,289388531,Приморское шоссе 570Л,29.662541,60.191798
1064,2,5,2,66.5,13950000,Василеостровский,2-я Васильевского острова линия,27Б,Василеостровская,287257974,2-я Васильевского острова линия 27Б,30.286835,59.943016
1065,4,5,2,43.6,6200000,Кировский, Козлова,27К1,Проспект Ветеранов,298726720,Козлова 27К1,30.221276,59.836102
1066,8,8,2,94.93,106905419,Петроградский,Пионерская ,53,Чкаловская,298530005,Пионерская 53,30.28564,59.960557
1067,6,25,2,47.8,9600000,Приморский,набережная Реки Каменки,19к3,Озерки,299464020,набережная Реки Каменки 19к3,30.270045,60.05278
1068,3,8,2,73.8,32479933,Петроградский,Пионерская ,53,Чкаловская,298529976,Пионерская 53,30.28564,59.960557
1069,7,14,2,46.3,9500000,Калининский,проспект Просвещения,76К1,Гражданский проспект,298250206,проспект Просвещения 76К1,30.395162,60.041067
1070,2,10,2,67.0,15580000,Фрунзенский,Днепропетровская ,65,Обводный канал,296917198,Днепропетровская 65,30.356939,59.910032
1071,6,6,2,52.2,10500000,Кировский, Новостроек,3,Кировский завод,299372594,Новостроек 3,30.261529,59.876414
1072,2,12,2,50.6,9590000,Московский,Варшавская ,71,Московская,294514908,Варшавская 71,30.313227,59.844931
1073,4,12,2,81.5,35900000,Центральный,Новгородская ,23,Чернышевская,299371381,Новгородская 23,30.390491,59.940803
1074,9,12,2,70.2,36288480,Курортный,Приморское шоссе,570Л,,290545812,Приморское шоссе 570Л,29.662541,60.191798
1075,7,9,2,47.2,8200000,Московский, Орджоникидзе,63К2,Звездная,298595254,Орджоникидзе 63К2,30.365248,59.842449
1076,1,5,2,53.0,11200000,Выборгский,Дрезденская ,5,Удельная,299649250,Дрезденская 5,30.326324,60.012881
1077,17,23,2,59.1,9500000,Невский, Русановская,19к3,Ломоносовская,298225015,Русановская 19к3,30.515114,59.863766
1078,3,11,2,92.18,30778902,Красногвардейский, Стахановцев,1,Новочеркасская,299464040,Стахановцев 1,30.405098,59.929835
1079,4,5,2,44.1,6990000,Фрунзенский,проспект Славы,11,Проспект Славы,299564232,проспект Славы 11,30.374061,59.853514
1080,7,11,2,83.91,32817201,Красногвардейский, Стахановцев,1,Новочеркасская,299464130,Стахановцев 1,30.405098,59.929835
1081,2,4,2,76.4,10500000,Фрунзенский,Боровая ,110,Обводный канал,297749767,Боровая 110,30.340168,59.908516
1082,20,23,2,169.7,67964850,Выборгский,аллея Академика Лихачева,7,Площадь Мужества,299451084,аллея Академика Лихачева 7,30.346546,60.002494
1083,6,16,2,48.0,11000000,Василеостровский, Кораблестроителей,42К1,Приморская,299644458,Кораблестроителей 42К1,30.226917,59.957769
1085,4,23,2,124.6,40544840,Выборгский,аллея Академика Лихачева,7,Площадь Мужества,299451122,аллея Академика Лихачева 7,30.346546,60.002494
1086,23,26,2,76.5,14500000,Выборгский,проспект Луначарского,15к1,Озерки,297903321,проспект Луначарского 15к1,30.333448,60.042114
1087,3,18,2,59.3,8700000,Красногвардейский,проспект Маршака,12к2,Парнас,287589708,проспект Маршака 12к2,30.449385,60.032582
1088,3,6,2,66.2,13175000,Приморский, Щербакова,27к1,Удельная,296028368,Щербакова 27к1,30.287167,60.027903
1089,4,12,2,90.66,25049358,Приморский,проспект Авиаконструкторов,54,Комендантский проспект,266867635,проспект Авиаконструкторов 54,30.204962,60.033908
1090,6,16,2,68.9,15500000,Красносельский,Петергофское шоссе,53,Ленинский проспект,298226814,Петергофское шоссе 53,30.140212,59.849049
1091,23,27,2,53.76,10592098,Выборгский,Заречная ,54,Проспект Просвещения,297361052,Заречная 54,30.353579,60.083867
1092,4,17,2,56.5,11700000,Приморский,Мебельная ,25к1,Беговая,297910415,Мебельная 25к1,30.211331,59.995561
1093,32,36,2,51.4,10250000,Невский,проспект Обуховской обороны,138к2,Обухово,298558559,проспект Обуховской обороны 138к2,30.485326,59.846165
1094,9,12,2,47.3,8300000,Невский,Товарищеский проспект,28К1,Улица Дыбенко,298697368,Товарищеский проспект 28К1,30.489899,59.912084
1095,2,14,2,55.0,16450000,Московский,Заозерная ,3к2,Фрунзенская,294968146,Заозерная 3к2,30.324142,59.906079
1096,6,9,2,67.37,22112297,Василеостровский,7-я Васильевского острова линия,84,Василеостровская,294263402,7-я Васильевского острова линия 84,30.2715,59.948735
1097,7,12,2,48.3,9490000,Приморский, Маршала Новикова,8К1,Комендантский проспект,298732055,Маршала Новикова 8К1,30.267296,60.011954
1098,17,27,2,52.94,10843797,Выборгский,проезд Толубеевский,32,Проспект Просвещения,297361110,проезд Толубеевский 32,30.354891,60.083845
1099,8,29,2,65.0,13800000,Выборгский, Федора Абрамова,21к1,Парнас,299640591,Федора Абрамова 21к1,30.344399,60.080142
1100,3,8,2,65.96,29540000,Петроградский,набережная Реки Карповки,31к1,Петроградская,299638667,набережная Реки Карповки 31к1,30.304657,59.970339
1101,10,25,2,67.48,16432206,Приморский,Коломяжский проспект,13к2,Пионерская,297024410,Коломяжский проспект 13к2,30.302348,59.999615
1102,22,25,2,64.6,11899000,Приморский, Лидии Зверевой,9к1,,288752933,Лидии Зверевой 9к1,30.257055,60.040636
1103,6,25,2,68.64,15961708,Приморский,Коломяжский проспект,13к2,Пионерская,297024601,Коломяжский проспект 13к2,30.302348,59.999615
1104,5,8,2,68.2,11600000,Красносельский, Маршала Захарова,12к2,Ленинский проспект,297530819,Маршала Захарова 12к2,30.161403,59.858277
1105,10,18,2,67.1,17332793,Адмиралтейский,бульвар Измайловский,11,Московские ворота,298656558,бульвар Измайловский 11,30.306094,59.896946
1106,5,5,2,59.4,11980000,Пушкинский, Архитектора Данини,15к2,Купчино,298014888,Архитектора Данини 15к2,30.410047,59.695903
1107,2,10,2,77.5,25171590,Приморский,Белоостровская ,28,Черная речка,298657269,Белоостровская 28,30.310128,59.987226
1108,15,24,2,50.0,8450000,Приморский, Ивинская,17,Беговая,298006014,Ивинская 17,30.129611,60.03176
1109,10,18,2,64.8,17680315,Адмиралтейский,бульвар Измайловский,9,Фрунзенская,298655864,бульвар Измайловский 9,30.306229,59.900448
1110,5,5,2,41.3,6700000,Калининский,Тихорецкий проспект,9К10,Политехническая,295806862,Тихорецкий проспект 9К10,30.375678,60.013982
1111,4,10,2,79.9,25267437,Приморский,Белоостровская ,28,Черная речка,298657227,Белоостровская 28,30.310128,59.987226
1112,1,8,2,69.0,18950000,Петроградский,Петровский проспект,26к2,Крестовский остров,295135007,Петровский проспект 26к2,30.253588,59.960471
1113,4,9,2,69.94,24762257,Петроградский,Петроградская набережная,38,Горьковская,258156470,Петроградская набережная 38,30.332676,59.963832
1114,4,10,2,74.0,22200000,Василеостровский,Детская ,18,Василеостровская,299188695,Детская 18,30.248782,59.930363
1115,1,5,2,46.0,6000000,Невский, Шелгунова,37,Ломоносовская,295666069,Шелгунова 37,30.44227,59.863848
1116,5,13,2,76.6,30257000,Петроградский,Барочная ,12,Чкаловская,298888216,Барочная 12,30.287993,59.969304
1117,3,5,2,69.0,13300000,Красногвардейский,проспект Наставников,36к1,Ладожская,298138926,проспект Наставников 36к1,30.483018,59.952777
1118,9,12,2,57.64,17000000,Выборгский,Большой Сампсониевский проспект,70К2,Выборгская,265779340,Большой Сампсониевский проспект 70К2,30.332703,59.981397
1119,5,5,2,41.5,7800000,Красногвардейский, Буренина,3,Ладожская,299546612,Буренина 3,30.428607,59.972186
1120,5,9,2,69.06,26532082,Василеостровский,7-я Васильевского острова линия,84,Василеостровская,293425100,7-я Васильевского острова линия 84,30.2715,59.948735
1121,8,12,2,52.3,9300000,Приморский,проспект Королева,44К1,Комендантский проспект,296836497,проспект Королева 44К1,30.251531,60.021897
1122,8,12,2,57.44,16900000,Выборгский,Большой Сампсониевский проспект,70К2,Выборгская,293125454,Большой Сампсониевский проспект 70К2,30.332703,59.981397
1123,4,4,2,48.5,6950000,Колпинский,Центральная ,10,,298678066,Центральная 10,30.257181,59.76198
1124,7,8,2,95.5,48691256,Петроградский,набережная Реки Карповки,31к1,Петроградская,297863413,набережная Реки Карповки 31к1,30.304657,59.970339
1125,2,5,2,44.0,5900000,Колпинский,Пролетарская ,131,,294025655,Пролетарская 131,30.565699,59.743644
1126,5,9,2,66.86,23671783,Петроградский,Петроградская набережная,38,Горьковская,258156147,Петроградская набережная 38,30.332676,59.963832
1127,9,9,2,65.5,25900000,Василеостровский,проспект Малый Васильевского острова,64к1,Приморская,275327082,проспект Малый Васильевского острова 64к1,30.250812,59.939951
1128,4,5,2,75.6,16500000,Супер локация в Петроградском 2-комн. квартира,4/5 этаж,4/5 этаж,,298133501,4/5 этаж 4/5 этаж,30.314494,59.938676
1129,8,9,2,85.2,36306692,Петроградский,проезд Петровская коса,6к1,Крестовский остров,298658174,проезд Петровская коса 6к1,30.245566,59.963066
1130,6,9,2,45.5,7950000,Выборгский,проспект Просвещения,32К2,Проспект Просвещения,298109872,проспект Просвещения 32К2,30.332496,60.054707
1131,9,26,2,62.2,10387400,Пушкинский,проспект Новгородский,2к3,Звездная,281157634,проспект Новгородский 2к3,30.371653,59.812193
1132,5,11,2,63.5,21900000,Василеостровский,набережная Макарова,60,Приморская,299094159,набережная Макарова 60,30.242566,59.957449
1133,2,9,2,95.64,38935044,Василеостровский,20-я Васильевского острова линия,19,Василеостровская,297998620,20-я Васильевского острова линия 19,30.264862,59.93502
1134,6,14,2,50.5,6500000,Красносельский,Нарвская ,2,Проспект Ветеранов,299609121,Нарвская 2,30.068733,59.721388
1135,8,10,2,61.3,17930250,Выборгский,Манчестерская ,3к1,Удельная,296753779,Манчестерская 3к1,30.328732,60.010456
1136,10,12,2,55.6,10850000,Приморский,Вербная ,20/2,Удельная,290384678,Вербная 20/2,30.299779,60.025048
1137,3,15,2,74.6,19800000,Калининский,Гжатская ,5к3,Площадь Мужества,299483060,Гжатская 5к3,30.378948,59.998333
1138,4,7,2,93.5,45036429,Петроградский,набережная Реки Карповки,31к1,Петроградская,297863386,набережная Реки Карповки 31к1,30.304657,59.970339
1139,6,7,2,74.3,36550000,Петроградский, Рентгена,25,Выборгская,298769858,Рентгена 25,30.329954,59.965831
1140,4,5,2,43.8,6700000,Невский,Ново-Александровская ,15,Пролетарская,296649065,Ново-Александровская 15,30.462922,59.865957
1141,1,5,2,33.2,9000000,Петроградский,Петрозаводская ,3Е,Чкаловская,297999294,Петрозаводская 3Е,30.293329,59.963575
1142,11,13,2,52.4,10799000,Приморский,Комендантский проспект,31К1,Комендантский проспект,299344732,Комендантский проспект 31К1,30.246024,60.020395
1143,3,5,2,45.0,6950000,Калининский,Тимуровская ,18,Гражданский проспект,291278086,Тимуровская 18,30.405107,60.044801
1144,18,25,2,55.0,10000000,Кировский,проспект Маршала Жукова,48к1,Ленинский проспект,296518584,проспект Маршала Жукова 48к1,30.212364,59.844126
1145,3,10,2,62.14,22749454,Приморский,Лисичанская ,22,Черная речка,297998523,Лисичанская 22,30.308116,59.986506
1146,3,9,2,45.0,8800000,Невский, Крыленко,21К2,Улица Дыбенко,298835361,Крыленко 21К2,30.478292,59.896079
1147,6,8,2,110.2,26000000,Василеостровский,17-я Васильевского острова линия,14,Василеостровская,299243380,17-я Васильевского острова линия 14,30.269246,59.936174
1148,7,23,2,68.2,16417370,Выборгский, Шостаковича,8к2Б2,Проспект Просвещения,295748139,Шостаковича 8к2Б2,30.330313,60.059795
1149,6,6,2,80.0,29400000,Центральный,2-я Советская ,12,Площадь Восстания,296115449,2-я Советская 12,30.369866,59.931567
1150,6,12,2,50.0,8500000,Красногвардейский,проспект Маршала Блюхера,42,Лесная,298071185,проспект Маршала Блюхера 42,30.423378,59.975932
1151,2,10,2,64.26,23152878,Приморский,Лисичанская ,22,Черная речка,297998511,Лисичанская 22,30.308116,59.986506
1152,3,7,2,45.0,18800000,Адмиралтейский,Галерная ,40,Василеостровская,299435000,Галерная 40,30.2882,59.931373
1153,8,12,2,93.1,32900000,Петроградский,Корпусная ,9,Чкаловская,286808660,Корпусная 9,30.287706,59.962751
1154,7,12,2,54.7,9990000,Приморский,проспект Королева,49,Комендантский проспект,297424191,проспект Королева 49,30.251531,60.024145
1155,1,5,2,51.3,9979000,Центральный, Моисеенко,8/1А,Площадь Восстания,298483799,Моисеенко 8/1А,30.378292,59.937797
1156,5,5,2,42.7,7200000,Кировский, Маршала Говорова,24,Кировский завод,288654816,Маршала Говорова 24,30.275121,59.887318
1157,5,8,2,65.7,22000000,Московский, Севастьянова,14,Парк Победы,289712319,Севастьянова 14,30.327385,59.873704
1158,5,15,2,55.1,13100000,Невский,Союзный проспект,4,Проспект Большевиков,297756919,Союзный проспект 4,30.439557,59.916288
1159,1,7,2,89.8,39654333,Василеостровский,20-я Васильевского острова линия,5,Горный институт,298267769,20-я Васильевского острова линия 5,30.268473,59.931896
1160,5,9,2,74.0,32350000,Василеостровский,18-я Васильевского острова линия,49,Василеостровская,298963201,18-я Васильевского острова линия 49,30.260864,59.94124
1161,7,7,2,55.8,27220000,Адмиралтейский,Звенигородская ,7к2,Звенигородская,292053293,Звенигородская 7к2,30.340419,59.917592
1162,18,24,2,67.1,16997000,Невский, Архивная,11к1,Улица Дыбенко,298225441,Архивная 11к1,30.450517,59.903986
1163,6,19,2,68.4,23800000,Адмиралтейский,Московский проспект,73к5,Фрунзенская,293261128,Московский проспект 73к5,30.314817,59.904189
1164,1,4,2,69.0,24150000,Адмиралтейский, Якубовича,14,Адмиралтейская,295916812,Якубовича 14,30.299528,59.932536
1165,5,15,2,59.64,24500000,Красногвардейский,Магнитогорская ,3к2,,298156829,Магнитогорская 3к2,30.417396,59.936206
1166,4,4,2,81.8,24900000,Петроградский, Чапаева,11/4,Горьковская,299575711,Чапаева 11/4,30.331831,59.960201
1167,5,9,2,58.8,25000000,Московский,Черниговская ,17,Московские ворота,299021839,Черниговская 17,30.330717,59.8977
1168,5,9,2,53.8,25850733,Петроградский,Лодейнопольская ,7,Чкаловская,299315514,Лодейнопольская 7,30.290302,59.964426
1169,3,7,2,74.4,26000000,Центральный,9-я Советская ,5,Площадь Восстания,298509406,9-я Советская 5,30.371662,59.93827
1170,8,20,2,70.8,27500000,Приморский,Ушаковская набережная,3к4,Черная речка,297844203,Ушаковская набережная 3к4,30.313874,59.983369
1171,2,8,2,83.0,27990000,Петроградский,Малая Разночинная ,10,Чкаловская,286478517,Малая Разночинная 10,30.2897,59.958512
1172,19,24,2,104.0,28990000,Московский, Типанова,27/39,,295874599,Типанова 27/39,30.349708,59.853812
1173,7,8,2,75.0,29490000,Адмиралтейский,12-я Красноармейская ,24,,299336896,12-я Красноармейская 24,30.30172,59.911358
1174,2,3,2,93.7,29500000,Василеостровский,8-я Васильевского острова линия,19,,287402990,8-я Васильевского острова линия 19,30.281445,59.938117
1175,7,8,2,75.5,29900000,Петроградский,Петровский проспект,22к2,Чкаловская,297246870,Петровский проспект 22к2,30.261897,59.960368
1176,1,5,2,60.0,29990000,Центральный,Невский проспект,109,Площадь Восстания,296569745,Невский проспект 109,30.369569,59.92901
1177,9,14,2,73.5,30400000,Московский,Заозерная ,3к2,Фрунзенская,298260786,Заозерная 3к2,30.324142,59.906079
1178,5,10,2,80.8,30990000,Красногвардейский,Пискаревский проспект,1,Площадь Ленина,297426812,Пискаревский проспект 1,30.405421,59.957656
1179,2,9,2,65.3,31800000,Петроградский,Петровский проспект,24к3,Крестовский остров,292596205,Петровский проспект 24к3,30.259032,59.959471
1180,23,23,2,92.0,31900000,Невский,проспект Обуховской обороны,195,Пролетарская,288901989,проспект Обуховской обороны 195,30.45897,59.869436
1181,8,10,2,70.1,31900000,Петроградский,Ждановская ,45,Спортивная,293021766,Ждановская 45,30.267494,59.962724
1182,7,8,2,68.0,32000000,Приморский,Приморский проспект,78к2,Беговая,286808734,Приморский проспект 78к2,30.188047,59.987497
1183,2,4,2,81.3,32650000,Курортный, Первого Мая,3,Беговая,284015152,Первого Мая 3,30.259768,60.079168
1184,4,14,2,76.2,33490000,Петроградский,Дивенская ,5,Горьковская,296560059,Дивенская 5,30.320971,59.959868
1185,5,5,2,86.9,35000000,Петроградский,Каменноостровский проспект,19/13,Петроградская,298944202,Каменноостровский проспект 19/13,30.316533,59.961125
1186,4,5,2,75.4,35500000,Центральный,Миллионная ,12,Адмиралтейская,297809474,Миллионная 12,30.32354,59.943187
1187,2,14,2,62.0,35800000,Петроградский,Петрозаводская ,13,Чкаловская,299604120,Петрозаводская 13,30.288874,59.965678
1188,4,8,2,70.0,35900000,Петроградский,Петровский проспект,24к2,Крестовский остров,298751122,Петровский проспект 24к2,30.256876,59.96007
1189,3,5,2,66.1,36999000,Курортный, Максима Горького,2Ас2,Беговая,294853703,Максима Горького 2Ас2,30.128453,59.76724
1190,3,10,2,79.0,37400000,Центральный,Кирочная ,70,Чернышевская,296250144,Кирочная 70,30.391255,59.939942
1191,8,12,2,70.0,38000000,Петроградский,Пионерская ,50,Чкаловская,298613089,Пионерская 50,30.273171,59.963539
1192,2,3,2,93.5,39000000,Василеостровский,1-я Васильевского острова линия,8,Василеостровская,299604796,1-я Васильевского острова линия 8,30.292018,59.939956
1193,2,7,2,119.7,40231768,Василеостровский,13-я Васильевского острова линия,50,Василеостровская,291458158,13-я Васильевского острова линия 50,30.268141,59.942795
1194,2,6,2,99.3,40000000,Московский,Московский проспект,200,Парк Победы,280464382,Московский проспект 200,30.321599,59.860419
1195,2,4,2,92.9,41900000,Центральный, Рубинштейна,11,Владимирская,287406880,Рубинштейна 11,30.344237,59.929903
1196,5,8,2,75.6,45300000,Петроградский,Ремесленная ,17литЗ,Спортивная,295800988,Ремесленная 17литЗ,30.272965,59.954908
1197,7,7,2,91.9,46239000,Петроградский, Рентгена,25,Петроградская,299336690,Рентгена 25,30.329954,59.965831
1198,7,9,2,67.59,47313000,Петроградский,проспект Добролюбова,18а,Спортивная,299107649,проспект Добролюбова 18а,30.293338,59.949925
1199,5,6,2,84.2,50000000,Центральный,Захарьевская ,41,Чернышевская,299336128,Захарьевская 41,30.366785,59.947428
1200,6,6,2,81.98,53280000,Центральный,Захарьевская ,41,Чернышевская,299336281,Захарьевская 41,30.366785,59.947428
1201,7,11,2,101.7,55000000,Центральный, Восстания,6а,Площадь Восстания,299126204,Восстания 6а,30.35852,59.93346
1202,5,8,2,82.3,59000000,Центральный,Дегтярный переулок,26,Площадь Александра Невского,298086502,Дегтярный переулок 26,30.382829,59.940339
1203,5,5,2,88.0,62400000,Петроградский,проспект Добролюбова,21а,Спортивная,298673862,проспект Добролюбова 21а,30.298324,59.950276
1204,4,8,2,150.0,79900000,Петроградский,Морской проспект,33,Крестовский остров,292011737,Морской проспект 33,30.26099,59.971713
1205,6,9,2,107.14,80410106,Петроградский,набережная Адмирала Лазарева,22,Чкаловская,299336151,набережная Адмирала Лазарева 22,30.277339,59.964377
1206,1,6,2,126.91,95182500,Петроградский, Эсперова,8,Крестовский остров,297046767,Эсперова 8,30.271779,59.97378
1207,5,5,2,42.0,4600000,Колпинский,Павловская ,54,Шушары,298617681,Павловская 54,30.573721,59.746478
1208,5,5,2,43.0,5190000,Колпинский,Пролетарская ,5,Шушары,299005772,Пролетарская 5,30.090876,59.829654
1209,1,2,2,35.0,5200000,Петродворцовый, Юты Бондаровской,20,Ленинский проспект,290914274,Юты Бондаровской 20,29.929826,59.861101
1210,5,5,2,51.5,5325000,Пушкинский,шоссе Колпинское,53,Купчино,297311184,шоссе Колпинское 53,30.469507,59.729618
1211,3,5,2,45.4,5500000,Невский, Новоселов,27,Ломоносовская,298726797,Новоселов 27,30.464755,59.883399
1212,2,8,2,35.92,5819040,Красносельский, Лермонтова,15к2Б,Проспект Ветеранов,299599944,Лермонтова 15к2Б,30.081426,59.735038
1213,1,8,2,37.22,5899370,Красносельский, Лермонтова,15к2Б,Проспект Ветеранов,299599937,Лермонтова 15к2Б,30.081426,59.735038
1214,5,8,2,36.75,6192375,Красносельский, Лермонтова,15к2Ж,Проспект Ветеранов,299600126,Лермонтова 15к2Ж,30.080671,59.735106
1215,4,5,2,42.0,6200000,Красносельский,Авангардная ,23,Проспект Ветеранов,296118537,Авангардная 23,30.180609,59.835247
1216,1,5,2,44.2,6200000,Калининский,проспект Культуры,29К3,Гражданский проспект,299372478,проспект Культуры 29К3,30.381688,60.048296
1217,1,5,2,43.0,6300000,Калининский, Верности,46К2,,294737864,Верности 46К2,30.432883,60.001109
1218,21,23,2,36.6,6400000,Красногвардейский, Чарушинская,24к1,Девяткино,299434758,Чарушинская 24к1,30.478328,60.001815
1219,3,5,2,43.4,6400000,Петродворцовый,бульвар Разведчика,12к1,,296485716,бульвар Разведчика 12к1,29.894136,59.877791
1220,2,12,2,42.6,6490000,Красногвардейский,Пискаревский проспект,9к1,Выборгская,299255191,Пискаревский проспект 9к1,30.410146,59.963701
1221,8,9,2,50.0,6500000,Колпинский,бульвар Трудящихся,4,Шушары,290407202,бульвар Трудящихся 4,30.570945,59.738715
1222,4,8,2,41.21,6676020,Красносельский, Лермонтова,15к2Б,Проспект Ветеранов,299600082,Лермонтова 15к2Б,30.081426,59.735038
1223,5,9,2,44.0,6750000,Невский,проспект Солидарности,10к1Б1,Проспект Большевиков,295296988,проспект Солидарности 10к1Б1,30.495504,59.921069
1224,2,9,2,45.5,6800000,Красногвардейский,проспект Маршала Блюхера,65,,294522924,проспект Маршала Блюхера 65,30.431517,59.972983
1225,1,5,2,45.5,6850000,Красногвардейский,Гранитная ,46,Ладожская,280811824,Гранитная 46,30.428975,59.926508
1226,6,9,2,44.3,7200000,Фрунзенский,Бухарестская ,33К5,Международная,299059243,Бухарестская 33К5,30.381445,59.864363
1227,2,25,2,48.15,7222500,Красногвардейский,Полюстрово,69,,297023674,Полюстрово 69,30.40234,59.973131
1228,3,9,2,63.5,7150000,Пушкинский, Центральная,12,Шушары,282388326,Центральная 12,30.257954,59.761826
1229,9,10,2,51.3,7300000,Красногвардейский,Рябовское шоссе,119К4,Ладожская,295876655,Рябовское шоссе 119К4,30.522903,59.984251
1230,11,25,2,46.0,7300000,Красногвардейский,Полюстрово,25к3,Гражданский проспект,296717074,Полюстрово 25к3,30.40234,59.973131
1231,5,5,2,44.0,7300000,Калининский,Меншиковский проспект,5К1,Площадь Мужества,298806253,Меншиковский проспект 5К1,30.425013,59.990877
1232,2,5,2,45.0,7400000,Калининский,проспект Культуры,11К2,Политехническая,294502624,проспект Культуры 11К2,30.372911,60.038025
1233,16,23,2,71.0,7490000,Выборгский, Тихоокеанская,1к2,Проспект Просвещения,297883482,Тихоокеанская 1к2,30.243015,60.073876
1234,3,8,2,46.58,7545960,Красносельский, Лермонтова,15к2Ж,Проспект Ветеранов,293979011,Лермонтова 15к2Ж,30.080671,59.735106
1235,3,8,2,46.85,7589700,Красносельский, Лермонтова,15к2Б,Проспект Ветеранов,299600119,Лермонтова 15к2Б,30.081426,59.735038
1236,3,3,2,46.2,7500000,Пушкинский,Павловское шоссе,95,Купчино,297138152,Павловское шоссе 95,30.427196,59.695113
1237,1,9,2,50.3,7505000,Выборгский, Хошимина,7к3,Проспект Просвещения,296278611,Хошимина 7к3,30.320872,60.05012
1238,2,25,2,51.22,7683000,Красногвардейский,Полюстрово,69,,297024608,Полюстрово 69,30.40234,59.973131
1239,8,25,2,49.12,7736400,Красногвардейский,Полюстрово,69,,297023692,Полюстрово 69,30.40234,59.973131
1240,2,5,2,45.5,7700000,Невский, Шотмана,8К1,Улица Дыбенко,298054621,Шотмана 8К1,30.477143,59.901567
1241,9,11,2,59.5,7735000,Пушкинский,проспект Старорусский,11,Звездная,285297812,проспект Старорусский 11,30.358107,59.806174
1242,1,14,2,45.1,7750000,Приморский,Мартыновская ,14к1,Комендантский проспект,295936660,Мартыновская 14к1,30.256732,60.023358
1243,5,5,2,42.2,7800000,Московский, Пилотов,19,Звездная,299328819,Пилотов 19,30.299294,59.813224
1244,11,11,2,60.6,7878000,Пушкинский,проспект Старорусский,11,Звездная,285297796,проспект Старорусский 11,30.358107,59.806174
1245,2,22,2,52.2,7986600,Красногвардейский, Пейзажная,6,Девяткино,299237084,Пейзажная 6,30.483045,60.013825
1246,9,10,2,57.1,7990000,Приморский,Камышовая ,28К2,Комендантский проспект,297761471,Камышовая 28К2,30.23051,60.00724
1247,3,9,2,44.2,8000000,Фрунзенский, Димитрова,4К1,Проспект Славы,293053165,Димитрова 4К1,30.374151,59.845917
1248,8,12,2,52.2,8000000,Приморский,проспект Авиаконструкторов,18К1,Комендантский проспект,299531822,проспект Авиаконструкторов 18К1,30.235011,60.018866
1249,13,22,2,50.7,8137350,Красногвардейский, Пейзажная,6,Девяткино,299237162,Пейзажная 6,30.483045,60.013825
1250,4,10,2,43.3,8100000,Приморский,Аэродромная ,9,Пионерская,297326444,Аэродромная 9,30.292431,59.997343
1251,3,10,2,50.1,8050000,Фрунзенский,Купчинская ,24,Купчино,294696681,Купчинская 24,30.393959,59.832285
1252,3,8,2,50.43,8169660,Красносельский, Лермонтова,15к2Б,Проспект Ветеранов,299599953,Лермонтова 15к2Б,30.081426,59.735038
1253,2,25,2,46.91,8209250,Красногвардейский,Полюстрово,69,,297023891,Полюстрово 69,30.40234,59.973131
1254,10,25,2,51.91,8175825,Красногвардейский,Полюстрово,69,,297023702,Полюстрово 69,30.40234,59.973131
1255,4,5,2,45.0,8200000,Выборгский,Светлановский проспект,59К2,Политехническая,299372535,Светлановский проспект 59К2,30.364233,60.015741
1256,2,12,2,42.7,8200000,Московский, Ленсовета,43,Московская,293835139,Ленсовета 43,30.329819,59.842707
1257,14,14,2,52.0,8280000,Выборгский, Композиторов,11К1,Проспект Просвещения,299203572,Композиторов 11К1,30.317,60.053795
1258,1,23,2,37.54,8389357,Невский,Рыбацкое,4,Рыбацкое,293529887,Рыбацкое 4,30.488803,59.99926
1259,8,9,2,50.7,8360000,Выборгский, Руднева,13,Проспект Просвещения,299099232,Руднева 13,30.364799,60.043848
1260,3,5,2,50.7,8350000,Невский,Караваевская ,41/3,Рыбацкое,297495206,Караваевская 41/3,30.515007,59.828636
1261,1,6,2,56.5,8305500,Курортный, Строителей,3к2,,292413351,Строителей 3к2,29.681981,60.207919
1262,8,16,2,51.2,8500000,Красногвардейский,проспект Наставников,21,Проспект Большевиков,296745283,проспект Наставников 21,30.49218,59.94613
1263,2,9,2,50.5,8500000,Красногвардейский,проспект Энергетиков,68,Лесная,298335675,проспект Энергетиков 68,30.435856,59.971087
1264,5,8,2,53.01,8587620,Красносельский, Лермонтова,15к2Б,Проспект Ветеранов,299600084,Лермонтова 15к2Б,30.081426,59.735038
1265,8,10,2,62.6,8600000,Пушкинский,Красносельское шоссе,55,Купчино,298210491,Красносельское шоссе 55,30.13872,59.785436
1266,2,25,2,49.96,8743000,Красногвардейский,Полюстрово,69,,297023711,Полюстрово 69,30.40234,59.973131
1267,1,6,2,59.5,8746500,Курортный, Строителей,3к1,,292413239,Строителей 3к1,29.683337,60.20749
1268,1,24,2,52.5,8762250,Приморский, Ивинская,19к1,Комендантский проспект,297361015,Ивинская 19к1,30.128021,60.032587
1269,4,23,2,48.97,8899638,Приморский, Ивинская,5к1,Зенит,297362077,Ивинская 5к1,30.133789,60.028833
1270,4,10,2,39.0,8803883,Приморский,Парашютная ,79к1,Комендантский проспект,295329496,Парашютная 79к1,30.241901,60.041251
1271,4,9,2,44.0,8800000,Калининский,Гражданский проспект,90К1,,297360429,Гражданский проспект 90К1,30.401397,60.01821
1272,1,17,2,49.4,8892000,Приморский, Ивинская,15,Комендантский проспект,297361399,Ивинская 15,30.130842,60.031755
1273,6,9,2,46.0,8949000,Выборгский, Асафьева,2К1,Проспект Просвещения,298528192,Асафьева 2К1,30.322111,60.048535
1274,17,23,2,36.5,8986249,Невский,Рыбацкое,5,Рыбацкое,299260924,Рыбацкое 5,30.489045,59.999399
1275,9,14,2,55.8,8900000,Фрунзенский,Софийская ,30К2,Международная,295434840,Софийская 30К2,30.406544,59.87645
1276,12,12,2,55.8,8928000,Пушкинский,проспект Старорусский,9,,299172855,проспект Старорусский 9,30.357586,59.807455
1277,3,5,2,41.2,8900000,Курортный, Воскова,11,Беговая,298735007,Воскова 11,30.306148,59.957742
1278,11,11,2,57.6,8974080,Пушкинский,проспект Старорусский,13к1,Звездная,294664679,проспект Старорусский 13к1,30.358529,59.804961
1279,1,17,2,52.0,8970000,Приморский, Ивинская,15,Комендантский проспект,297361391,Ивинская 15,30.130842,60.031755
1280,1,6,2,60.9,8952300,Курортный, Строителей,3к2,,292413318,Строителей 3к2,29.681981,60.207919
1281,3,5,2,44.4,8999000,Калининский, Руставели,64К2,Гражданский проспект,296015483,Руставели 64К2,30.428274,60.037342
1282,10,23,2,53.94,9088624,Приморский, Ивинская,1к2,Зенит,298977453,Ивинская 1к2,30.135406,60.027862
1283,12,12,2,56.5,9040000,Пушкинский,проспект Старорусский,9,,296280981,проспект Старорусский 9,30.357586,59.807455
1284,19,23,2,48.24,9097039,Приморский, Ивинская,5к1,Зенит,297884774,Ивинская 5к1,30.133789,60.028833
1285,4,23,2,50.14,9068475,Приморский, Ивинская,5к2,Зенит,297885273,Ивинская 5к2,30.133088,60.029305
1286,1,24,2,52.0,9001200,Приморский, Ивинская,19к1,Комендантский проспект,297361007,Ивинская 19к1,30.128021,60.032587
1287,1,17,2,51.4,9097800,Приморский, Ивинская,9,Комендантский проспект,297361151,Ивинская 9,30.132486,60.030645
1288,1,24,2,52.1,9117500,Приморский, Ивинская,19к2,Комендантский проспект,297361185,Ивинская 19к2,30.130114,60.032996
1289,4,23,2,55.01,9162720,Приморский, Ивинская,1к2,Зенит,298977572,Ивинская 1к2,30.135406,60.027862
1290,4,12,2,53.8,9146000,Пушкинский,проспект Старорусский,9,,296280983,проспект Старорусский 9,30.357586,59.807455
1291,2,23,2,50.69,9145444,Приморский, Ивинская,5к2,Зенит,297885263,Ивинская 5к2,30.133088,60.029305
1292,1,17,2,48.9,9124740,Приморский, Ивинская,9,Комендантский проспект,297361124,Ивинская 9,30.132486,60.030645
1293,1,24,2,51.2,9113600,Приморский, Ивинская,19к3,Комендантский проспект,297361226,Ивинская 19к3,30.132163,60.033324
1294,1,6,2,62.5,9187500,Курортный, Строителей,3к2,,292413403,Строителей 3к2,29.681981,60.207919
1295,2,6,2,62.02,9116940,Курортный, Строителей,3к2,,292413381,Строителей 3к2,29.681981,60.207919
1296,24,24,2,56.4,9190000,Невский, Русановская,16к1,Ломоносовская,293865252,Русановская 16к1,30.509662,59.865777
1297,15,15,2,54.6,9100000,Кировский,Ленинский проспект,127,Ленинский проспект,294512510,Ленинский проспект 127,30.266748,59.851345
1298,2,12,2,59.4,9207000,Пушкинский,проспект Старорусский,9,,296280899,проспект Старорусский 9,30.357586,59.807455
1299,2,12,2,59.5,9222500,Пушкинский,проспект Старорусский,9,,296280893,проспект Старорусский 9,30.357586,59.807455
1300,1,24,2,53.0,9237900,Приморский, Ивинская,19к3,Комендантский проспект,297361195,Ивинская 19к3,30.132163,60.033324
1301,1,17,2,53.3,9204910,Приморский, Ивинская,9,Комендантский проспект,297361122,Ивинская 9,30.132486,60.030645
1302,6,10,2,40.1,9316435,Приморский,Парашютная ,79к1,Комендантский проспект,298402678,Парашютная 79к1,30.241901,60.041251
1303,4,23,2,53.78,9339232,Приморский, Ивинская,5к2,Зенит,297361888,Ивинская 5к2,30.133088,60.029305
1304,2,24,2,51.8,9334360,Приморский, Ивинская,19к3,Комендантский проспект,297361207,Ивинская 19к3,30.132163,60.033324
1305,10,12,2,58.2,9312000,Пушкинский,проспект Старорусский,9,,296280914,проспект Старорусский 9,30.357586,59.807455
1306,1,23,2,52.39,9293986,Приморский, Ивинская,1к4,Зенит,297885367,Ивинская 1к4,30.137247,60.028433
1307,2,23,2,55.6,9258064,Приморский, Ивинская,1к2,Зенит,298977561,Ивинская 1к2,30.135406,60.027862
1308,1,17,2,53.6,9267440,Приморский, Ивинская,15,Комендантский проспект,297361397,Ивинская 15,30.130842,60.031755
1309,5,6,2,63.6,9349200,Курортный, Строителей,3к2,,292413410,Строителей 3к2,29.681981,60.207919
1310,4,5,2,46.2,9300000,Курортный, Первого Мая,5,Беговая,295661935,Первого Мая 5,30.259616,60.079011
1311,12,25,2,60.0,9300000,Пушкинский,переулок Вилеровский,8,Купчино,297472378,переулок Вилеровский 8,30.360443,59.810966
1312,2,3,2,48.9,9446975,Петродворцовый,Красносельское шоссе,22,Ленинский проспект,285685237,Красносельское шоссе 22,30.133618,59.779463
1313,3,23,2,54.69,9448675,Приморский, Ивинская,5к1,Зенит,297884712,Ивинская 5к1,30.133789,60.028833
1314,2,8,2,57.31,9427495,Красносельский, Лермонтова,15к2Б,Проспект Ветеранов,299600065,Лермонтова 15к2Б,30.081426,59.735038
1315,9,12,2,47.8,9395000,Московский,Пулковское шоссе,9К2,Московская,298736830,Пулковское шоссе 9К2,30.317278,59.837097
1316,10,23,2,55.21,9542130,Приморский, Ивинская,5к2,Зенит,297361959,Ивинская 5к2,30.133088,60.029305
1317,17,24,2,63.2,9500000,Пушкинский,проспект Новгородский,10,Купчино,297299916,проспект Новгородский 10,30.369282,59.806821
1318,13,13,2,54.95,9500000,Красногвардейский,Северный проспект,123к3,Академическая,296580984,Северный проспект 123к3,30.451289,60.002054
1319,7,10,2,57.28,9500000,Московский,Витебский проспект,99к1,Купчино,286278702,Витебский проспект 99к1,30.372291,59.831173
1320,1,17,2,54.7,9523270,Приморский, Ивинская,9,Комендантский проспект,297361146,Ивинская 9,30.132486,60.030645
1321,6,6,2,34.9,9458633,Адмиралтейский,набережная Обводного Канала,118бБ,Балтийская,295855434,набережная Обводного Канала 118бБ,30.305546,59.907532
1322,1,10,2,56.9,9500000,Приморский,Камышовая ,20,Комендантский проспект,285686689,Камышовая 20,30.240095,60.00626
1323,2,3,2,49.9,9640165,Петродворцовый,Красносельское шоссе,22,Ленинский проспект,285685240,Красносельское шоссе 22,30.133618,59.779463
1324,2,23,2,55.7,9581916,Приморский, Ивинская,5к1,Зенит,297884783,Ивинская 5к1,30.133789,60.028833
1325,2,23,2,36.41,9639107,Невский,Рыбацкое,4,Рыбацкое,295253867,Рыбацкое 4,30.488803,59.99926
1326,3,8,2,58.41,9608445,Красносельский, Лермонтова,15к2Б,Проспект Ветеранов,299599954,Лермонтова 15к2Б,30.081426,59.735038
1327,2,23,2,55.6,9555972,Приморский, Ивинская,5к2,Зенит,297361941,Ивинская 5к2,30.133088,60.029305
1328,2,23,2,54.55,9715251,Приморский, Ивинская,1к1,Зенит,297361726,Ивинская 1к1,30.136582,60.027049
1329,3,3,2,47.1,9708388,Петродворцовый,Красносельское шоссе,22,Автово,293828728,Красносельское шоссе 22,30.133618,59.779463
1330,2,3,2,50.8,9720178,Петродворцовый,Красносельское шоссе,22,Проспект Ветеранов,298402715,Красносельское шоссе 22,30.133618,59.779463
1331,4,13,2,47.43,9743307,Приморский,Коломяжский проспект,4,Черная речка,297552906,Коломяжский проспект 4,30.295458,59.990638
1332,5,12,2,49.2,9690000,Московский,Московское шоссе,3к5,Звездная,296384603,Московское шоссе 3к5,30.331193,59.833764
1333,24,24,2,50.3,9674169,Невский, Русановская,24,Пролетарская,292031207,Русановская 24,30.516498,59.864814
1334,1,27,2,45.38,9652326,Выборгский,проезд Толубеевский,34к2,,297361265,проезд Толубеевский 34к2,30.354002,60.085038
1335,1,27,2,50.81,9745358,Выборгский,проезд Толубеевский,34к2,,297361368,проезд Толубеевский 34к2,30.354002,60.085038
1336,4,23,2,54.34,9706932,Приморский, Ивинская,1к1,Зенит,297361737,Ивинская 1к1,30.136582,60.027049
1337,8,13,2,52.5,9722790,Невский,Варфоломеевская ,6,Ломоносовская,292781676,Варфоломеевская 6,30.418779,59.87924
1338,1,17,2,54.7,9785830,Приморский, Ивинская,15,Комендантский проспект,297361417,Ивинская 15,30.130842,60.031755
1339,2,8,2,59.3,9754850,Красносельский, Лермонтова,15к2Ж,Проспект Ветеранов,293979119,Лермонтова 15к2Ж,30.080671,59.735106
1340,1,9,2,36.6,9790500,Выборгский,Светлановский проспект,45,Политехническая,299252998,Светлановский проспект 45,30.35128,60.011437
1341,1,27,2,55.1,9791270,Выборгский,проезд Толубеевский,36к1,,297360958,проезд Толубеевский 36к1,30.356364,60.085267
1342,9,13,2,52.4,9757299,Невский,Варфоломеевская ,6,Ломоносовская,292781688,Варфоломеевская 6,30.418779,59.87924
1343,1,6,2,66.7,9804900,Курортный, Строителей,3к2,,292413437,Строителей 3к2,29.681981,60.207919
1344,1,5,2,51.82,9900003,Московский,Пулковское шоссе,103В,Звездная,295920886,Пулковское шоссе 103В,30.308646,59.751193
1345,3,23,2,55.09,9910475,Приморский, Ивинская,1к4,Зенит,297885388,Ивинская 1к4,30.137247,60.028433
1346,6,6,2,67.6,9937200,Курортный, Строителей,3к2,,292413494,Строителей 3к2,29.681981,60.207919
1347,25,27,2,48.79,9925068,Выборгский,проезд Толубеевский,34к2,,297361365,проезд Толубеевский 34к2,30.354002,60.085038
1348,10,12,2,62.0,9920000,Пушкинский,проспект Старорусский,9,,296280894,проспект Старорусский 9,30.357586,59.807455
1349,2,20,2,50.83,9911850,Красносельский, Маршала Казакова,64к1,,297419306,Маршала Казакова 64к1,30.185397,59.864245
1350,3,25,2,48.17,9874850,Красносельский, Маршала Казакова,64к1,,294606055,Маршала Казакова 64к1,30.185397,59.864245
1351,10,15,2,52.3,9938162,Невский, Евдокима Огнева,3,Улица Дыбенко,296835119,Евдокима Огнева 3,30.465483,59.895772
1352,13,26,2,58.5,9945000,Пушкинский,проспект Новгородский,2к3,Шушары,293279864,проспект Новгородский 2к3,30.371653,59.812193
1353,18,27,2,54.31,10033485,Выборгский,Заречная ,48к2,Парнас,297361464,Заречная 48к2,30.349923,60.084644
1354,2,10,2,45.0,10036827,Приморский,Парашютная ,79к1,Комендантский проспект,292425307,Парашютная 79к1,30.241901,60.041251
1355,9,10,2,42.0,10034620,Приморский,Парашютная ,79к1,Комендантский проспект,292425358,Парашютная 79к1,30.241901,60.041251
1356,4,4,2,47.65,10000067,Пушкинский,шоссе Колпинское,127,Купчино,295505290,шоссе Колпинское 127,30.480215,59.738162
1357,1,8,2,63.71,10002470,Красносельский, Лермонтова,15к2Б,Проспект Ветеранов,299600010,Лермонтова 15к2Б,30.081426,59.735038
1358,1,5,2,54.4,10033200,Колпинский,шоссе Рубежное,14,Рыбацкое,298649430,шоссе Рубежное 14,30.626928,59.753645
1359,4,25,2,48.71,9985550,Красносельский, Маршала Казакова,64к1,,294606123,Маршала Казакова 64к1,30.185397,59.864245
1360,2,23,2,55.92,10046652,Приморский, Ивинская,1к1,Зенит,297884971,Ивинская 1к1,30.136582,60.027049
1361,1,5,2,55.0,10000000,Василеостровский,13-я Васильевского острова линия,62,Василеостровская,297042818,13-я Васильевского острова линия 62,30.266631,59.944305
1362,20,27,2,52.51,10032048,Выборгский,проезд Толубеевский,34к2,,298603018,проезд Толубеевский 34к2,30.354002,60.085038
1363,9,9,2,51.7,9990000,Василеостровский, Кораблестроителей,35Г,Приморская,298939767,Кораблестроителей 35Г,30.225138,59.954903
1364,3,3,2,51.5,10139571,Петродворцовый,Красносельское шоссе,22,Ленинский проспект,298402720,Красносельское шоссе 22,30.133618,59.779463
1365,1,5,2,63.04,10125360,Колпинский,проезд Понтонный,6,Рыбацкое,298649333,проезд Понтонный 6,30.628661,59.753078
1366,5,6,2,68.7,10098900,Курортный, Строителей,3к2,,292413491,Строителей 3к2,29.681981,60.207919
1367,12,17,2,48.8,10115315,Выборгский,Заречная ,48к1,Парнас,297361578,Заречная 48к1,30.349887,60.084199
1368,6,8,2,61.33,10088785,Красносельский, Лермонтова,15к2Б,Проспект Ветеранов,299600000,Лермонтова 15к2Б,30.081426,59.735038
1369,10,13,2,47.7,10115500,Приморский,Коломяжский проспект,4,Черная речка,297553104,Коломяжский проспект 4,30.295458,59.990638
1370,3,15,2,55.0,10137820,Невский, Евдокима Огнева,3,Улица Дыбенко,296210611,Евдокима Огнева 3,30.465483,59.895772
1371,8,27,2,49.77,10113130,Выборгский,проезд Толубеевский,34к2,,297361287,проезд Толубеевский 34к2,30.354002,60.085038
1372,2,8,2,61.72,10152940,Красносельский, Лермонтова,15к2Б,Проспект Ветеранов,299599947,Лермонтова 15к2Б,30.081426,59.735038
1373,2,11,2,69.1,10240620,Пушкинский,проспект Старорусский,13к1,Звездная,294664664,проспект Старорусский 13к1,30.358529,59.804961
1374,4,15,2,52.4,10200000,Невский, Крыленко,14с2,Улица Дыбенко,296210568,Крыленко 14с2,30.463461,59.895551
1375,24,27,2,54.2,10221420,Выборгский,проезд Толубеевский,34к3,,297361253,проезд Толубеевский 34к3,30.354927,60.085209
1376,1,27,2,56.2,10217160,Выборгский,проезд Толубеевский,36к1,,297360956,проезд Толубеевский 36к1,30.356364,60.085267
1377,1,23,2,59.44,10223680,Приморский, Ивинская,1к4,Зенит,297885365,Ивинская 1к4,30.137247,60.028433
1378,21,27,2,52.72,10324046,Выборгский,проезд Толубеевский,34к3,,297361246,проезд Толубеевский 34к3,30.354927,60.085209
1379,22,27,2,54.31,10286430,Выборгский,проезд Толубеевский,32,Проспект Просвещения,297361131,проезд Толубеевский 32,30.354891,60.083845
1380,8,16,2,52.0,10300000,Василеостровский, Нахимова,5к4,Приморская,298147508,Нахимова 5к4,30.223952,59.942773
1381,1,23,2,59.75,10259075,Приморский, Ивинская,1к4,Зенит,297361429,Ивинская 1к4,30.137247,60.028433
1382,4,5,2,52.3,10400000,Пушкинский, Образцовая,5к1с2,Звездная,294563598,Образцовая 5к1с2,30.370782,59.75248
1383,14,26,2,62.2,10387400,Пушкинский,проспект Новгородский,2к3,Звездная,297261162,проспект Новгородский 2к3,30.371653,59.812193
1384,25,27,2,54.04,10443998,Выборгский,Заречная ,52к1,,297905340,Заречная 52к1,30.352277,60.083876
1385,12,21,2,66.0,10400000,Приморский,Парашютная ,58,Комендантский проспект,295131720,Парашютная 58,30.243096,60.037948
1386,21,27,2,52.94,10482901,Выборгский,Заречная ,52к1,,297905265,Заречная 52к1,30.352277,60.083876
1387,21,27,2,54.52,10488478,Выборгский,Заречная ,52к1,,297905269,Заречная 52к1,30.352277,60.083876
1388,4,20,2,52.51,10502000,Красносельский, Маршала Казакова,64к1,,297419316,Маршала Казакова 64к1,30.185397,59.864245
1389,1,24,2,55.9,10500000,Приморский, Верхне-Каменская,5,,290292225,Верхне-Каменская 5,30.215365,60.036928
1390,1,6,2,71.1,10451700,Курортный, Строителей,3к2,,292413374,Строителей 3к2,29.681981,60.207919
1391,14,17,2,60.5,10500000,Приморский,Парашютная ,61к4,Комендантский проспект,297360578,Парашютная 61к4,30.255322,60.037378
1392,2,3,2,53.8,10592407,Петродворцовый,Красносельское шоссе,22,Ленинский проспект,298402727,Красносельское шоссе 22,30.133618,59.779463
1393,6,6,2,72.0,10584000,Курортный, Строителей,3к2,,292413390,Строителей 3к2,29.681981,60.207919
1394,18,27,2,53.76,10619928,Выборгский,Заречная ,54,Проспект Просвещения,297361041,Заречная 54,30.353579,60.083867
1395,23,27,2,52.94,10612598,Выборгский,проезд Толубеевский,32,Проспект Просвещения,297361141,проезд Толубеевский 32,30.354891,60.083845
1396,2,20,2,54.17,10563150,Красносельский, Маршала Казакова,64к1,,297419360,Маршала Казакова 64к1,30.185397,59.864245
1397,1,11,2,71.4,10581480,Пушкинский,проспект Старорусский,13к1,Звездная,294664641,проспект Старорусский 13к1,30.358529,59.804961
1398,1,5,2,57.9,10553920,Пушкинский, Нины Петровой,8к1,Купчино,279689068,Нины Петровой 8к1,30.327097,59.753242
1399,1,5,2,57.9,10553920,Пушкинский, Нины Петровой,10к1,Купчино,279690487,Нины Петровой 10к1,30.32937,59.752689
1400,1,5,2,58.0,10572800,Пушкинский, Нины Петровой,6к1,Купчино,279690849,Нины Петровой 6к1,30.324393,59.754234
1401,7,23,2,52.43,10637648,Приморский, Ивинская,1к1,Зенит,297885002,Ивинская 1к1,30.136582,60.027049
1402,2,5,2,56.0,10550000,Кировский,Краснопутиловская ,26,Автово,295859400,Краснопутиловская 26,30.269695,59.870709
1403,6,23,2,60.65,10700195,Приморский, Ивинская,1к1,Зенит,297884996,Ивинская 1к1,30.136582,60.027049
1404,18,23,2,52.55,10744481,Приморский, Ивинская,1к1,Зенит,298604534,Ивинская 1к1,30.136582,60.027049
1405,2,23,2,51.83,10725302,Невский,Рыбацкое,5,Рыбацкое,299260921,Рыбацкое 5,30.489045,59.999399
1406,5,25,2,49.79,10700000,Приморский, Лидии Зверевой,5к1,,279649607,Лидии Зверевой 5к1,30.254926,60.040923
1407,7,9,2,55.0,10650000,Приморский,Комендантский проспект,40К3,,298561367,Комендантский проспект 40К3,30.23696,60.02289
1408,1,5,2,58.65,10714700,Колпинский,шоссе Рубежное,14,Рыбацкое,298685981,шоссе Рубежное 14,30.626928,59.753645
1409,7,13,2,48.65,10692491,Приморский,Коломяжский проспект,4,Черная речка,297552968,Коломяжский проспект 4,30.295458,59.990638
1410,6,20,2,64.0,10700000,Приморский,проспект Королева,73,Комендантский проспект,297523313,проспект Королева 73,30.237463,60.036299
1411,3,3,2,55.1,10848357,Петродворцовый,Красносельское шоссе,22,Ленинский проспект,298402702,Красносельское шоссе 22,30.133618,59.779463
1412,13,26,2,60.5,10890000,Пушкинский,проспект Новгородский,2к3,Купчино,268907131,проспект Новгородский 2к3,30.371653,59.812193
1413,10,26,2,63.0,10836000,Пушкинский,проспект Новгородский,2к3,Шушары,268906512,проспект Новгородский 2к3,30.371653,59.812193
1414,1,9,2,48.77,10774481,Красносельский, Тамбасова,5,Проспект Ветеранов,295858980,Тамбасова 5,30.154432,59.841401
1415,1,27,2,57.1,10809030,Выборгский,проезд Толубеевский,32,Проспект Просвещения,297361062,проезд Толубеевский 32,30.354891,60.083845
1416,1,5,2,59.7,10771200,Пушкинский, Нины Петровой,8к1,Купчино,279689010,Нины Петровой 8к1,30.327097,59.753242
1417,1,5,2,59.7,10771200,Пушкинский, Нины Петровой,10к1,Купчино,279690348,Нины Петровой 10к1,30.32937,59.752689
1418,1,5,2,59.7,10771200,Пушкинский, Нины Петровой,6к1,Купчино,279690648,Нины Петровой 6к1,30.324393,59.754234
1419,1,4,2,58.9,10900301,Пушкинский,шоссе Колпинское,129,Купчино,279212798,шоссе Колпинское 129,30.482191,59.739282
1420,2,5,2,51.51,10950253,Московский,Пулковское шоссе,95к3,Звездная,299312165,Пулковское шоссе 95к3,30.308322,59.754121
1421,7,23,2,61.28,10992960,Приморский, Ивинская,1к4,Зенит,297361558,Ивинская 1к4,30.137247,60.028433
1422,4,18,2,54.0,10990000,Василеостровский, Вадима Шефнера,4,,295993996,Вадима Шефнера 4,30.20869,59.934695
1423,3,5,2,58.0,10957870,Колпинский,шоссе Рубежное,14,Рыбацкое,298649478,шоссе Рубежное 14,30.626928,59.753645
1424,2,5,2,64.37,10931750,Колпинский,проезд Понтонный,6,Рыбацкое,298649359,проезд Понтонный 6,30.628661,59.753078
1425,4,13,2,51.07,10948846,Приморский,Коломяжский проспект,4,Черная речка,297552886,Коломяжский проспект 4,30.295458,59.990638
1426,16,17,2,53.18,10935054,Выборгский,Заречная ,48к1,Парнас,297361584,Заречная 48к1,30.349887,60.084199
1427,1,27,2,61.2,10918080,Выборгский,проезд Толубеевский,36к1,,297360960,проезд Толубеевский 36к1,30.356364,60.085267
1428,4,8,2,68.86,11086460,Красносельский, Лермонтова,15к2Ж,Проспект Ветеранов,293979152,Лермонтова 15к2Ж,30.080671,59.735106
1429,8,23,2,40.25,11042622,Невский,Рыбацкое,4,Рыбацкое,296410635,Рыбацкое 4,30.488803,59.99926
1430,4,9,2,38.7,11010150,Выборгский,Светлановский проспект,45,Политехническая,299252957,Светлановский проспект 45,30.35128,60.011437
1431,2,7,2,57.0,11000000,Василеостровский, Опочинина,9,Василеостровская,298753935,Опочинина 9,30.240553,59.928478
1432,8,12,2,57.0,11072592,Пушкинский,проспект Старорусский,5к1,Шушары,293752173,проспект Старорусский 5к1,30.356714,59.809754
1433,3,8,2,69.55,11197550,Красносельский, Лермонтова,15к2Б,Проспект Ветеранов,299600074,Лермонтова 15к2Б,30.081426,59.735038
1434,23,23,2,51.28,11137296,Невский,Рыбацкое,5,Рыбацкое,299260903,Рыбацкое 5,30.489045,59.999399
1435,1,5,2,62.42,11174640,Колпинский,шоссе Рубежное,14,Рыбацкое,299031046,шоссе Рубежное 14,30.626928,59.753645
1436,1,5,2,58.64,11200445,Московский,Пулковское шоссе,103В,Звездная,295920901,Пулковское шоссе 103В,30.308646,59.751193
1437,6,23,2,60.73,11244894,Приморский, Ивинская,5к1,Зенит,297884797,Ивинская 5к1,30.133789,60.028833
1438,5,5,2,56.63,11234160,Колпинский,шоссе Рубежное,14,Рыбацкое,298649512,шоссе Рубежное 14,30.626928,59.753645
1439,3,17,2,60.4,11350000,Приморский, Оптиков,52к1,Беговая,297461307,Оптиков 52к1,30.202052,60.001131
1440,1,4,2,58.4,11350186,Пушкинский,шоссе Колпинское,127,Купчино,287425813,шоссе Колпинское 127,30.480215,59.738162
1441,1,4,2,58.9,11350236,Пушкинский,шоссе Колпинское,127,Купчино,292788666,шоссе Колпинское 127,30.480215,59.738162
1442,4,5,2,56.51,11400270,Московский,Пулковское шоссе,103В,Звездная,297868734,Пулковское шоссе 103В,30.308646,59.751193
1443,15,23,2,41.17,11437695,Невский,Рыбацкое,4,Рыбацкое,299389586,Рыбацкое 4,30.488803,59.99926
1444,4,20,2,50.25,11306250,Красносельский, Маршала Казакова,64к1,,294606869,Маршала Казакова 64к1,30.185397,59.864245
1445,2,27,2,61.34,11407542,Выборгский,Заречная ,50,Парнас,297361468,Заречная 50,30.351343,60.084316
1446,2,17,2,56.92,11425038,Выборгский,Заречная ,56,Проспект Просвещения,297360964,Заречная 56,30.354478,60.083423
1447,14,14,2,55.8,11300000,Невский,Октябрьская набережная,118к1Б,Ломоносовская,289750580,Октябрьская набережная 118к1Б,30.496349,59.862533
1448,2,27,2,61.34,11332410,Выборгский,Заречная ,46к1,Парнас,297360967,Заречная 46к1,30.348486,60.084397
1449,4,23,2,51.55,11534558,Невский,Рыбацкое,4,Рыбацкое,296760154,Рыбацкое 4,30.488803,59.99926
1450,17,26,2,72.0,11520000,Пушкинский,проспект Новгородский,2к3,Шушары,291304601,проспект Новгородский 2к3,30.371653,59.812193
1451,10,13,2,51.4,11464106,Приморский,Планерная ,97к2,Беговая,294504960,Планерная 97к2,30.194811,60.033665
1452,9,9,2,36.0,11502000,Выборгский,Светлановский проспект,45,Политехническая,299252984,Светлановский проспект 45,30.35128,60.011437
1453,5,5,2,59.63,11545360,Колпинский,шоссе Рубежное,14,Рыбацкое,298649466,шоссе Рубежное 14,30.626928,59.753645
1454,21,27,2,60.52,11511477,Выборгский,Заречная ,54,Проспект Просвещения,297361045,Заречная 54,30.353579,60.083867
1455,5,26,2,72.5,11600000,Пушкинский,проспект Новгородский,2к3,Шушары,268905843,проспект Новгородский 2к3,30.371653,59.812193
1456,5,5,2,56.49,11550369,Московский,Пулковское шоссе,103В,Звездная,295920889,Пулковское шоссе 103В,30.308646,59.751193
1457,5,5,2,53.81,11566700,Колпинский,шоссе Рубежное,12,Рыбацкое,298649312,шоссе Рубежное 12,30.625859,59.754502
1458,3,18,2,56.18,11797800,Невский, Тельмана,37,Ломоносовская,299556088,Тельмана 37,30.47999,59.891268
1459,12,12,2,49.5,11731500,Московский,Московское шоссе,3к5,Звездная,294538574,Московское шоссе 3к5,30.331193,59.833764
1460,7,13,2,63.37,11744932,Приморский,Коломяжский проспект,4,Черная речка,297552966,Коломяжский проспект 4,30.295458,59.990638
1461,1,16,2,65.9,11690660,Выборгский, Федора Абрамова,29,Проспект Просвещения,297361562,Федора Абрамова 29,30.341219,60.084383
1462,1,4,2,61.8,11800339,Пушкинский,шоссе Колпинское,127,Купчино,295505178,шоссе Колпинское 127,30.480215,59.738162
1463,22,23,2,51.28,11854447,Невский,Рыбацкое,4,Рыбацкое,295776611,Рыбацкое 4,30.488803,59.99926
1464,3,16,2,48.84,11858217,Невский, Гудиловская,9,Рыбацкое,293437750,Гудиловская 9,30.533144,59.82684
1465,1,16,2,51.15,11866902,Невский,проспект Советский,43к2,Рыбацкое,295114176,проспект Советский 43к2,30.538471,59.828686
1466,2,18,2,57.67,11822350,Невский, Тельмана,37,Ломоносовская,299556095,Тельмана 37,30.47999,59.891268
1467,2,17,2,59.51,11818853,Невский,Октябрьская набережная,11Б,Пролетарская,297359510,Октябрьская набережная 11Б,30.496959,59.861652
1468,1,5,2,64.93,11957440,Колпинский,шоссе Рубежное,14,Рыбацкое,298697654,шоссе Рубежное 14,30.626928,59.753645
1469,12,25,2,68.0,11999000,Приморский,Парашютная ,54,Комендантский проспект,296855173,Парашютная 54,30.243931,60.034879
1470,1,5,2,76.84,11912642,Колпинский,шоссе Рубежное,12,Рыбацкое,298649266,шоссе Рубежное 12,30.625859,59.754502
1471,3,24,2,45.12,11999000,Московский, Среднерогатская,13к2,Звездная,291285573,Среднерогатская 13к2,30.329783,59.821802
1472,3,25,2,51.81,12002306,Приморский,набережная Реки Каменки,15к1,Проспект Просвещения,298056519,набережная Реки Каменки 15к1,30.273477,60.054469
1473,9,10,2,49.2,12098495,Приморский,Парашютная ,79к1,Комендантский проспект,292425342,Парашютная 79к1,30.241901,60.041251
1474,1,16,2,50.4,12007800,Невский,проспект Советский,43к2,Рыбацкое,295114179,проспект Советский 43к2,30.538471,59.828686
1475,8,13,2,63.68,12013805,Приморский,Коломяжский проспект,4,Черная речка,297553003,Коломяжский проспект 4,30.295458,59.990638
1476,9,13,2,52.6,12135233,Приморский,Планерная ,91к2,Старая Деревня,294504970,Планерная 91к2,30.200336,60.03274
1477,2,20,2,55.14,12130800,Красносельский, Маршала Казакова,64к1,,294606539,Маршала Казакова 64к1,30.185397,59.864245
1478,1,5,2,58.86,12200059,Московский,Пулковское шоссе,99к4,Звездная,291717484,Пулковское шоссе 99к4,30.308322,59.753083
1479,2,18,2,59.4,12177000,Невский, Тельмана,37,Ломоносовская,299556067,Тельмана 37,30.47999,59.891268
1480,2,9,2,52.52,12233913,Красносельский, Тамбасова,5,Проспект Ветеранов,295859157,Тамбасова 5,30.154432,59.841401
1481,17,17,2,58.1,12199999,Приморский,Мебельная ,45к1В,Беговая,289808305,Мебельная 45к1В,30.196221,59.996115
1482,5,5,2,57.98,12173720,Колпинский,шоссе Рубежное,12,Рыбацкое,298649284,шоссе Рубежное 12,30.625859,59.754502
1483,7,15,2,58.0,12300000,Приморский,Мебельная ,21к1,Беговая,295371904,Мебельная 21к1,30.214484,59.995129
1484,22,23,2,56.87,12368147,Невский,Рыбацкое,4,Рыбацкое,296091936,Рыбацкое 4,30.488803,59.99926
1485,10,16,2,47.85,12372890,Невский, Гудиловская,9,Рыбацкое,292292178,Гудиловская 9,30.533144,59.82684
1486,8,8,2,35.0,12250000,Центральный,Херсонская ,43/12,Площадь Александра Невского,299357417,Херсонская 43/12,30.384607,59.926846
1487,3,25,2,57.55,12373250,Красносельский, Маршала Казакова,64к1,,294605876,Маршала Казакова 64к1,30.185397,59.864245
1488,8,15,2,54.5,12300000,Приморский, Савушкина,121К2,Крестовский остров,298778371,Савушкина 121К2,30.225246,59.986934
1489,7,10,2,55.0,12438415,Приморский,Парашютная ,79к1,Комендантский проспект,293828755,Парашютная 79к1,30.241901,60.041251
1490,5,5,2,56.73,12400383,Московский,Пулковское шоссе,95к3,Звездная,299312167,Пулковское шоссе 95к3,30.308322,59.754121
1491,17,24,2,54.0,12400000,Калининский,Лабораторный проспект,20к3,Лесная,299316703,Лабораторный проспект 20к3,30.385245,59.983716
1492,7,12,2,63.7,12421500,Пушкинский,проспект Старорусский,9,,296280861,проспект Старорусский 9,30.357586,59.807455
1493,3,5,2,42.0,12450000,Фрунзенский,Лиговский проспект,257,Обводный канал,298983647,Лиговский проспект 257,30.344776,59.90737
1494,5,16,2,64.9,12400000,Невский, Латышских Стрелков,15к1,Проспект Большевиков,295011449,Латышских Стрелков 15к1,30.459464,59.929646
1495,8,10,2,55.5,12551491,Приморский,Парашютная ,79к1,Комендантский проспект,295329498,Парашютная 79к1,30.241901,60.041251
1496,7,13,2,52.71,12543888,Приморский,аллея Арцеуловская,9,Старая Деревня,299028859,аллея Арцеуловская 9,30.19579,60.036443
1497,1,11,2,50.94,12631612,Невский, Гудиловская,5к1,Рыбацкое,295426173,Гудиловская 5к1,30.531455,59.829075
1498,1,11,2,57.46,12546219,Невский, Гудиловская,6к1,Обухово,292207779,Гудиловская 6к1,30.532533,59.828663
1499,5,13,2,64.59,12684055,Приморский,Коломяжский проспект,4,Черная речка,297552925,Коломяжский проспект 4,30.295458,59.990638
1500,1,7,2,57.51,12676950,Приморский,шоссе Суздальское,18к3,Проспект Просвещения,298651116,шоссе Суздальское 18к3,30.279432,60.058973
1501,11,12,2,60.4,12786680,Московский,Московское шоссе,3к5,Звездная,294538565,Московское шоссе 3к5,30.331193,59.833764
1502,1,16,2,58.7,12756097,Невский,проспект Советский,43к2,Рыбацкое,295114189,проспект Советский 43к2,30.538471,59.828686
1503,1,7,2,59.66,12871440,Приморский,шоссе Суздальское,18к3,Проспект Просвещения,298651124,шоссе Суздальское 18к3,30.279432,60.058973
1504,1,7,2,58.72,12841470,Приморский,набережная Реки Каменки,3к3,Озерки,298728494,набережная Реки Каменки 3к3,30.280879,60.057527
1505,5,5,2,60.76,12886620,Колпинский,проезд Понтонный,6,Рыбацкое,298649346,проезд Понтонный 6,30.628661,59.753078
1506,1,5,2,62.51,12950227,Московский,Пулковское шоссе,95к3,Звездная,294338103,Пулковское шоссе 95к3,30.308322,59.754121
1507,5,18,2,54.45,12986325,Невский, Тельмана,37,Ломоносовская,299555740,Тельмана 37,30.47999,59.891268
1508,4,17,2,58.96,12934160,Невский,Октябрьская набережная,11Б,Пролетарская,297359528,Октябрьская набережная 11Б,30.496959,59.861652
1509,7,7,2,49.9,12900000,Московский, Фрунзе,23,Парк Победы,299247049,Фрунзе 23,30.330349,59.861575
1510,3,14,2,49.7,12900000,Приморский,Планерная ,91к2,Комендантский проспект,296995439,Планерная 91к2,30.200336,60.03274
1511,17,17,2,47.71,13053456,Василеостровский,Гавань,12,Горный институт,296662595,Гавань 12,30.241164,59.930038
1512,1,11,2,63.32,13119018,Невский, Гудиловская,6к1,Обухово,286877774,Гудиловская 6к1,30.532533,59.828663
1513,4,9,2,54.0,13015617,Красносельский, Тамбасова,5,Проспект Ветеранов,298331320,Тамбасова 5,30.154432,59.841401
1514,10,12,2,52.63,13078888,Приморский,аллея Арцеуловская,7к2,Пионерская,293380292,аллея Арцеуловская 7к2,30.194928,60.03625
1515,10,10,2,50.4,13259278,Приморский,Парашютная ,79к1,Озерки,293828768,Парашютная 79к1,30.241901,60.041251
1516,9,16,2,53.59,13293803,Московский,Кубинская ,82к1,Ленинский проспект,274433562,Кубинская 82к1,30.300902,59.840781
1517,2,9,2,57.22,13271774,Красносельский, Тамбасова,5,Проспект Ветеранов,298331036,Тамбасова 5,30.154432,59.841401
1518,12,14,2,46.7,13203024,Фрунзенский,Волковское,5,Обводный канал,288385655,Волковское 5,30.366614,59.892067
1519,4,7,2,62.06,13275090,Приморский,набережная Реки Каменки,3к3,Озерки,298651768,набережная Реки Каменки 3к3,30.280879,60.057527
1520,5,5,2,62.33,13236130,Колпинский,шоссе Рубежное,12,Рыбацкое,298649280,шоссе Рубежное 12,30.625859,59.754502
1521,4,7,2,61.37,13316050,Приморский,набережная Реки Каменки,3к3,Озерки,298651813,набережная Реки Каменки 3к3,30.280879,60.057527
1522,3,12,2,51.59,13385888,Приморский,аллея Арцеуловская,7к2,Пионерская,297252074,аллея Арцеуловская 7к2,30.194928,60.03625
1523,2,12,2,56.77,13333888,Приморский,аллея Арцеуловская,7к2,Пионерская,287076882,аллея Арцеуловская 7к2,30.194928,60.03625
1524,5,9,2,57.3,13300000,Выборгский,Костромской проспект,24,Удельная,299434460,Костромской проспект 24,30.316524,60.015786
1525,6,14,2,50.5,13525920,Фрунзенский,Волковское,5,Обводный канал,299174622,Волковское 5,30.366614,59.892067
1526,9,10,2,59.4,13433488,Приморский,Парашютная ,79к1,Комендантский проспект,295329500,Парашютная 79к1,30.241901,60.041251
1527,15,15,2,51.72,13498920,Василеостровский,Гавань,12,Горный институт,298050419,Гавань 12,30.241164,59.930038
1528,4,12,2,44.0,13500000,Приморский, Плесецкая,6,Комендантский проспект,294999423,Плесецкая 6,30.209427,60.031701
1529,4,19,2,63.3,13500000,Василеостровский,бульвар Александра Грина,3,Приморская,298977124,бульвар Александра Грина 3,30.200524,59.936007
1530,13,14,2,49.5,13471920,Фрунзенский,Волковское,5,Обводный канал,299174623,Волковское 5,30.366614,59.892067
1531,3,9,2,56.43,13537233,Красносельский, Тамбасова,5,Проспект Ветеранов,295859104,Тамбасова 5,30.154432,59.841401
1532,5,5,2,68.4,13500000,Центральный,Невский проспект,146,Площадь Восстания,299550299,Невский проспект 146,30.370863,59.929078
1533,4,6,2,49.7,13500000,Петроградский,Зверинская ,17б,Спортивная,299206748,Зверинская 17б,30.29933,59.952831
1534,17,18,2,55.9,13695500,Василеостровский, Вадима Шефнера,4,Василеостровская,296306165,Вадима Шефнера 4,30.20869,59.934695
1535,2,12,2,55.1,13637250,Красногвардейский,Партизанская ,5Б,Ладожская,299403252,Партизанская 5Б,30.425858,59.943368
1536,4,11,2,52.67,13689159,Невский, Гудиловская,5к1,Рыбацкое,295426186,Гудиловская 5к1,30.531455,59.829075
1537,1,11,2,56.93,13602225,Невский, Гудиловская,5к1,Рыбацкое,295426160,Гудиловская 5к1,30.531455,59.829075
1538,3,12,2,56.37,13582888,Приморский,аллея Арцеуловская,7к2,Пионерская,291398795,аллея Арцеуловская 7к2,30.194928,60.03625
1539,2,16,2,58.8,13699297,Московский,Кубинская ,82к1,Ленинский проспект,274433465,Кубинская 82к1,30.300902,59.840781
1540,4,8,2,60.12,13550000,Кировский,Двинская ,6,Нарвская,288684272,Двинская 6,30.25304,59.908868
1541,2,9,2,58.53,13575619,Красносельский, Тамбасова,5,Проспект Ветеранов,298331253,Тамбасова 5,30.154432,59.841401
1542,5,5,2,63.31,13598680,Колпинский,шоссе Рубежное,12,Рыбацкое,298649300,шоссе Рубежное 12,30.625859,59.754502
1543,5,10,2,52.7,13649000,Василеостровский,проспект Малый Васильевского острова,54к2,Горный институт,268140015,проспект Малый Васильевского острова 54к2,30.25754,59.941781
1544,4,12,2,52.9,13754000,Красногвардейский,Партизанская ,5Б,Ладожская,299403411,Партизанская 5Б,30.425858,59.943368
1545,3,16,2,58.13,13735562,Московский,Кубинская ,82к1,Ленинский проспект,274433479,Кубинская 82к1,30.300902,59.840781
1546,15,17,2,57.54,13766213,Невский,Октябрьская набережная,11Б,Пролетарская,297359653,Октябрьская набережная 11Б,30.496959,59.861652
1547,4,26,2,63.75,13750000,Приморский,проспект Авиаконструкторов,67к1,Комендантский проспект,291977980,проспект Авиаконструкторов 67к1,30.20242,60.037427
1548,2,17,2,63.94,13881991,Невский,Октябрьская набережная,11Б,Пролетарская,297359514,Октябрьская набережная 11Б,30.496959,59.861652
1549,2,24,2,54.77,13859494,Невский, Славянская,8,Рыбацкое,291969165,Славянская 8,30.526191,59.83324
1550,7,13,2,58.94,13920888,Приморский,аллея Арцеуловская,9,Старая Деревня,299028853,аллея Арцеуловская 9,30.19579,60.036443
1551,13,19,2,67.9,13800000,Приморский,проспект Королева,65,Комендантский проспект,297759062,проспект Королева 65,30.242224,60.033679
1552,7,16,2,65.0,13900000,Приморский,проспект Сизова,22,,299052802,проспект Сизова 22,30.273647,60.010308
1553,1,7,2,64.57,13804840,Приморский,набережная Реки Каменки,3к3,Озерки,298651749,набережная Реки Каменки 3к3,30.280879,60.057527
1554,1,3,2,68.0,13962371,Петродворцовый,Красносельское шоссе,22,Ленинский проспект,285685218,Красносельское шоссе 22,30.133618,59.779463
1555,2,10,2,35.0,14000000,Центральный,Херсонский проезд,6,Площадь Александра Невского,296920330,Херсонский проезд 6,30.386188,59.929421
1556,15,15,2,56.35,14081865,Василеостровский,Гавань,12,Горный институт,297578745,Гавань 12,30.241164,59.930038
1557,17,18,2,57.0,13965000,Василеостровский, Вадима Шефнера,4,Василеостровская,296306187,Вадима Шефнера 4,30.20869,59.934695
1558,9,13,2,49.8,13988620,Фрунзенский,Волковское,3,Обводный канал,292960599,Волковское 3,30.366614,59.892067
1559,10,15,2,73.0,13950000,Фрунзенский,Софийская ,48к4,Ломоносовская,296073719,Софийская 48к4,30.416524,59.869571
1560,3,9,2,57.95,14035480,Красносельский, Тамбасова,5,Проспект Ветеранов,295859161,Тамбасова 5,30.154432,59.841401
1561,15,18,2,51.03,13990000,Фрунзенский, Салова,61,Бухарестская,291058944,Салова 61,30.368563,59.885142
1562,2,12,2,59.2,14237600,Красногвардейский,Партизанская ,5Б,Ладожская,299403258,Партизанская 5Б,30.425858,59.943368
1563,2,4,2,80.0,14150000,Петроградский,Стрельнинская ,12,Чкаловская,297940795,Стрельнинская 12,30.298243,59.959967
1564,3,11,2,59.28,14190565,Невский, Гудиловская,6к1,Обухово,292014917,Гудиловская 6к1,30.532533,59.828663
1565,15,17,2,54.57,14174542,Невский,Октябрьская набережная,11Б,Пролетарская,297359487,Октябрьская набережная 11Б,30.496959,59.861652
1566,1,5,2,79.7,14171350,Колпинский,шоссе Рубежное,14,Рыбацкое,298649455,шоссе Рубежное 14,30.626928,59.753645
1567,7,13,2,70.93,14170466,Приморский,Коломяжский проспект,4,Черная речка,297552965,Коломяжский проспект 4,30.295458,59.990638
1568,2,12,2,59.5,14309750,Красногвардейский,Партизанская ,5Б,Ладожская,299403351,Партизанская 5Б,30.425858,59.943368
1569,4,11,2,59.0,14383305,Невский, Гудиловская,5к1,Рыбацкое,295426178,Гудиловская 5к1,30.531455,59.829075
1570,9,16,2,59.64,14293104,Московский,Кубинская ,82к1,Ленинский проспект,274433568,Кубинская 82к1,30.300902,59.840781
1571,4,5,2,79.28,14325600,Колпинский,шоссе Рубежное,14,Рыбацкое,298649541,шоссе Рубежное 14,30.626928,59.753645
1572,2,13,2,66.01,14522200,Невский, Тельмана,37,Ломоносовская,299555849,Тельмана 37,30.47999,59.891268
1573,10,17,2,61.39,14549430,Василеостровский,Гавань,12,Горный институт,294545603,Гавань 12,30.241164,59.930038
1574,16,17,2,54.47,14480303,Невский,Октябрьская набережная,11Б,Пролетарская,297359504,Октябрьская набережная 11Б,30.496959,59.861652
1575,5,9,2,53.6,14525600,Выборгский,Светлановский проспект,45,Политехническая,299252982,Светлановский проспект 45,30.35128,60.011437
1576,4,14,2,56.0,14488320,Фрунзенский,Волковское,5,Обводный канал,295643034,Волковское 5,30.366614,59.892067
1577,8,14,2,53.2,14459494,Фрунзенский,Волковское,1,Обводный канал,293227156,Волковское 1,30.366614,59.892067
1578,2,12,2,55.2,14466816,Фрунзенский,Волковское,5,Обводный канал,290849907,Волковское 5,30.366614,59.892067
1579,2,10,2,36.2,14480000,Центральный,Херсонский проезд,6,Площадь Александра Невского,296920339,Херсонский проезд 6,30.386188,59.929421
1580,2,13,2,55.6,14636422,Фрунзенский,Волковское,1,Обводный канал,289171928,Волковское 1,30.366614,59.892067
1581,3,12,2,58.1,14699300,Красногвардейский,Партизанская ,5Б,Ладожская,299403357,Партизанская 5Б,30.425858,59.943368
1582,5,14,2,51.6,14558940,Фрунзенский,Волковское,1,Обводный канал,294724095,Волковское 1,30.366614,59.892067
1583,17,17,2,56.76,14610024,Василеостровский,Гавань,12,Горный институт,296662607,Гавань 12,30.241164,59.930038
1584,15,17,2,64.3,14602530,Василеостровский,Гавань,12,Горный институт,298050398,Гавань 12,30.241164,59.930038
1585,5,9,2,59.3,14587800,Выборгский,Светлановский проспект,45,Политехническая,299252981,Светлановский проспект 45,30.35128,60.011437
1586,1,9,2,54.5,14578750,Выборгский,Светлановский проспект,45,Политехническая,299252935,Светлановский проспект 45,30.35128,60.011437
1587,2,10,2,36.5,14600000,Центральный,Херсонский проезд,6,Площадь Александра Невского,296920319,Херсонский проезд 6,30.386188,59.929421
1588,1,7,2,59.65,14662320,Приморский,набережная Реки Каменки,3к3,Озерки,298651791,набережная Реки Каменки 3к3,30.280879,60.057527
1589,15,15,2,58.24,14705600,Василеостровский,Гавань,12,Горный институт,296662629,Гавань 12,30.241164,59.930038
1590,2,18,2,67.18,14779600,Невский, Тельмана,37,Ломоносовская,299555944,Тельмана 37,30.47999,59.891268
1591,2,11,2,61.4,14793368,Невский,Октябрьская набережная,86К2,Пролетарская,293297284,Октябрьская набережная 86К2,30.469651,59.872227
1592,22,25,2,73.0,14700000,Выборгский, Есенина,1к1,Озерки,298773326,Есенина 1к1,30.330511,60.028928
1593,9,11,2,56.7,14745628,Фрунзенский,Волковское,3,Обводный канал,298768040,Волковское 3,30.366614,59.892067
1594,2,9,2,64.68,14786725,Красносельский, Тамбасова,5,Проспект Ветеранов,295858811,Тамбасова 5,30.154432,59.841401
1595,2,17,2,67.29,14938380,Василеостровский,Гавань,12,Горный институт,294545577,Гавань 12,30.241164,59.930038
1596,17,18,2,61.8,14832000,Василеостровский, Вадима Шефнера,4,Василеостровская,296306200,Вадима Шефнера 4,30.20869,59.934695
1597,9,10,2,33.1,14910491,Центральный,Херсонский проезд,6,Площадь Александра Невского,299338092,Херсонский проезд 6,30.386188,59.929421
1598,5,18,2,70.5,14805000,Василеостровский,бульвар Головнина,3к1,Горный институт,294573207,бульвар Головнина 3к1,30.205285,59.933731
1599,11,18,2,61.0,14945000,Василеостровский,бульвар Головнина,3к1,Горный институт,294573103,бульвар Головнина 3к1,30.205285,59.933731
1600,4,9,2,61.6,14845600,Выборгский,Светлановский проспект,45,Политехническая,299252967,Светлановский проспект 45,30.35128,60.011437
1601,4,14,2,59.8,14901263,Фрунзенский,Волковское,1,Обводный канал,299174537,Волковское 1,30.366614,59.892067
1602,1,7,2,63.12,14928870,Приморский,набережная Реки Каменки,3к3,Озерки,298651697,набережная Реки Каменки 3к3,30.280879,60.057527
1603,9,19,2,67.2,14800000,Василеостровский,бульвар Вилькицкий,7,Приморская,297757618,бульвар Вилькицкий 7,30.196428,59.938491
1604,1,17,2,76.5,14929117,Московский,Московское шоссе,13ВГ,Звездная,297034998,Московское шоссе 13ВГ,30.339377,59.827116
1605,3,14,2,57.4,14924000,Василеостровский,набережная Реки Смоленки,35к1,Приморская,298552754,набережная Реки Смоленки 35к1,30.252312,59.948667
1606,6,13,2,65.38,15004710,Невский, Тельмана,37,Ломоносовская,299555889,Тельмана 37,30.47999,59.891268
1607,4,16,2,64.46,15017970,Московский,Кубинская ,82к1,Ленинский проспект,274433490,Кубинская 82к1,30.300902,59.840781
1608,2,12,2,61.0,15090056,Московский,Черниговская ,17,Московские ворота,298657644,Черниговская 17,30.330717,59.8977
1609,1,12,2,68.1,15072285,Московский,Черниговская ,17,Московские ворота,298657841,Черниговская 17,30.330717,59.8977
1610,2,17,2,62.41,15010936,Невский,Октябрьская набережная,11Б,Пролетарская,297359345,Октябрьская набережная 11Б,30.496959,59.861652
1611,10,16,2,82.3,15000000,Калининский,Кондратьевский проспект,62к6,Выборгская,275616756,Кондратьевский проспект 62к6,30.388506,59.980745
1612,17,18,2,62.8,15072000,Василеостровский, Вадима Шефнера,4,Василеостровская,296306204,Вадима Шефнера 4,30.20869,59.934695
1613,3,17,2,68.02,15032420,Василеостровский,Гавань,12,Горный институт,294545578,Гавань 12,30.241164,59.930038
1614,1,11,2,48.0,15000000,Выборгский,проспект Энгельса,2,Пионерская,295659299,проспект Энгельса 2,30.329702,59.997505
1615,9,21,2,77.5,15098000,Красносельский,Ленинский проспект,82к1,Ленинский проспект,298847281,Ленинский проспект 82к1,30.196302,59.858372
1616,2,7,2,64.86,14950000,Приморский,шоссе Суздальское,18к3,Проспект Просвещения,298651130,шоссе Суздальское 18к3,30.279432,60.058973
1617,6,9,2,59.8,15069600,Выборгский,Светлановский проспект,45,Политехническая,299252996,Светлановский проспект 45,30.35128,60.011437
1618,4,16,2,53.06,15092439,Приморский,Коломяжский проспект,13к3,Пионерская,296705446,Коломяжский проспект 13к3,30.303579,59.999377
1619,2,5,2,64.3,14990000,Центральный,Поварской переулок,12,Маяковская,286808822,Поварской переулок 12,30.35207,59.929263
1620,12,13,2,53.6,15056025,Фрунзенский,Волковское,3,Обводный канал,299174616,Волковское 3,30.366614,59.892067
1621,13,13,2,53.7,15000000,Невский,Варфоломеевская ,6,Ломоносовская,294929836,Варфоломеевская 6,30.418779,59.87924
1622,18,24,2,63.4,14990000,Московский, Федора Котанова,13к1,Звездная,297031674,Федора Котанова 13к1,30.347686,59.823787
1623,2,13,2,70.38,15225888,Приморский,аллея Арцеуловская,9,Старая Деревня,299604003,аллея Арцеуловская 9,30.19579,60.036443
1624,9,18,2,72.4,15204000,Василеостровский,бульвар Головнина,3к1,Горный институт,297667971,бульвар Головнина 3к1,30.205285,59.933731
1625,5,9,2,48.8,15190000,Центральный,Кременчугская ,9К1,Площадь Александра Невского,296086772,Кременчугская 9К1,30.371806,59.923653
1626,17,18,2,63.5,15240000,Василеостровский, Вадима Шефнера,4,Василеостровская,296306188,Вадима Шефнера 4,30.20869,59.934695
1627,5,18,2,72.5,15225000,Василеостровский,бульвар Головнина,3к1,Горный институт,294573271,бульвар Головнина 3к1,30.205285,59.933731
1628,2,18,2,74.2,15211000,Василеостровский,бульвар Головнина,3к1,Горный институт,294573165,бульвар Головнина 3к1,30.205285,59.933731
1629,7,17,2,56.51,15197993,Невский,Октябрьская набережная,11Б,Пролетарская,297359387,Октябрьская набережная 11Б,30.496959,59.861652
1630,2,16,2,72.1,15200000,Московский, Среднерогатская,16к5,,297562583,Среднерогатская 16к5,30.344066,59.824873
1631,8,11,2,53.4,15151947,Невский,Октябрьская набережная,86К2,Пролетарская,294042865,Октябрьская набережная 86К2,30.469651,59.872227
1632,6,13,2,71.87,15151633,Приморский,Коломяжский проспект,4,Черная речка,297552944,Коломяжский проспект 4,30.295458,59.990638
1633,3,9,2,64.17,15244661,Красносельский, Тамбасова,5,Проспект Ветеранов,295858821,Тамбасова 5,30.154432,59.841401
1634,1,12,2,72.6,15340809,Московский,Черниговская ,17,Московские ворота,299132637,Черниговская 17,30.330717,59.8977
1635,2,12,2,67.87,15270751,Приморский,проспект Авиаконструкторов,54,Комендантский проспект,295158777,проспект Авиаконструкторов 54,30.204962,60.033908
1636,7,23,2,53.9,15424621,Калининский,Полюстровский проспект,75,Лесная,299507388,Полюстровский проспект 75,30.366201,59.981708
1637,1,9,2,58.1,15396500,Выборгский,Светлановский проспект,45,Политехническая,299252985,Светлановский проспект 45,30.35128,60.011437
1638,6,9,2,55.7,15428900,Выборгский,Светлановский проспект,45,Политехническая,299252997,Светлановский проспект 45,30.35128,60.011437
1639,8,11,2,58.5,15354144,Фрунзенский,Волковское,3,Обводный канал,296296114,Волковское 3,30.366614,59.892067
1640,7,17,2,61.2,15257472,Приморский,переулок Ипподромный,1к2,Пионерская,297050487,переулок Ипподромный 1к2,30.307298,60.000294
1641,2,13,2,70.49,15507800,Невский, Тельмана,37,Ломоносовская,299555936,Тельмана 37,30.47999,59.891268
1642,4,7,2,75.24,15589420,Приморский,набережная Реки Каменки,3к3,Озерки,298651809,набережная Реки Каменки 3к3,30.280879,60.057527
1643,2,4,2,69.0,15500000,Центральный,Гороховая ,44,Сенная площадь,299477816,Гороховая 44,30.324636,59.926963
1644,2,13,2,61.85,15494000,Калининский, Академика Константинова,1к1,Академическая,294617970,Академика Константинова 1к1,30.379711,60.017832
1645,3,11,2,59.65,15569000,Калининский, Академика Константинова,1к1,Академическая,298534365,Академика Константинова 1к1,30.379711,60.017832
1646,2,12,2,57.18,15500000,Выборгский,Большой Сампсониевский проспект,70К2,Выборгская,265730391,Большой Сампсониевский проспект 70К2,30.332703,59.981397
1647,1,8,2,67.8,15541277,Московский,Черниговская ,13к2,Московские ворота,298657946,Черниговская 13к2,30.329271,59.896039
1648,2,25,2,64.41,15555643,Приморский,Коломяжский проспект,13к2,Пионерская,297024619,Коломяжский проспект 13к2,30.302348,59.999615
1649,6,7,2,66.77,15531600,Приморский,набережная Реки Каменки,3к3,Озерки,298651734,набережная Реки Каменки 3к3,30.280879,60.057527
1650,9,10,2,34.5,15477059,Центральный,Херсонский проезд,6,Площадь Александра Невского,299338081,Херсонский проезд 6,30.386188,59.929421
1651,1,9,2,57.0,15475500,Выборгский,Светлановский проспект,45,Политехническая,299252966,Светлановский проспект 45,30.35128,60.011437
1652,9,16,2,65.19,15571449,Приморский,Коломяжский проспект,13к3,Пионерская,297024265,Коломяжский проспект 13к3,30.303579,59.999377
1653,8,16,2,66.36,15569017,Приморский,Коломяжский проспект,13к3,Пионерская,288158016,Коломяжский проспект 13к3,30.303579,59.999377
1654,2,25,2,68.64,15519171,Приморский,Коломяжский проспект,13к2,Пионерская,297024583,Коломяжский проспект 13к2,30.302348,59.999615
1655,2,25,2,64.54,15573881,Приморский,Коломяжский проспект,13к2,Пионерская,297024552,Коломяжский проспект 13к2,30.302348,59.999615
1656,2,16,2,67.13,15604274,Приморский,Коломяжский проспект,13к3,Пионерская,297024179,Коломяжский проспект 13к3,30.303579,59.999377
1657,3,23,2,68.2,15623665,Выборгский, Шостаковича,8к2Б2,Проспект Просвещения,295748088,Шостаковича 8к2Б2,30.330313,60.059795
1658,7,18,2,64.0,15680000,Василеостровский,бульвар Головнина,3к1,Горный институт,297709791,бульвар Головнина 3к1,30.205285,59.933731
1659,1,8,2,67.5,15741764,Московский,Черниговская ,11к1,Московские ворота,298657610,Черниговская 11к1,30.327196,59.895438
1660,11,25,2,67.65,15665062,Приморский,Коломяжский проспект,13к2,Пионерская,297024416,Коломяжский проспект 13к2,30.302348,59.999615
1661,8,25,2,60.11,15614000,Приморский,Коломяжский проспект,13к2,Пионерская,288159537,Коломяжский проспект 13к2,30.302348,59.999615
1662,2,12,2,53.8,15610608,Василеостровский,Гавань,1,Приморская,290849902,Гавань 1,30.241164,59.930038
1663,2,12,2,58.17,15600000,Выборгский, Александра Матросова,8к3,Выборгская,280852955,Александра Матросова 8к3,30.331517,59.979691
1664,7,22,2,46.0,15600000,Приморский, Оптиков,34К1,Старая Деревня,295988037,Оптиков 34К1,30.216236,59.999764
1665,2,12,2,61.08,15860000,Выборгский,Большой Сампсониевский проспект,70К2,Выборгская,265730202,Большой Сампсониевский проспект 70К2,30.332703,59.981397
1666,1,12,2,66.6,15757027,Василеостровский,Гавань,1,Приморская,279628300,Гавань 1,30.241164,59.930038
1667,8,12,2,56.16,15800000,Выборгский, Александра Матросова,8к3,Выборгская,296636129,Александра Матросова 8к3,30.331517,59.979691
1668,1,4,2,69.55,15857400,Выборгский, Береговая,8,Проспект Просвещения,281600996,Береговая 8,30.290185,60.059009
1669,11,14,2,65.5,15795456,Фрунзенский,Волковское,5,Обводный канал,295643028,Волковское 5,30.366614,59.892067
1670,2,7,2,67.64,15768000,Приморский,набережная Реки Каменки,3к3,Озерки,298651730,набережная Реки Каменки 3к3,30.280879,60.057527
1671,7,23,2,63.3,16006633,Выборгский, Шостаковича,8к2Б2,Проспект Просвещения,295748099,Шостаковича 8к2Б2,30.330313,60.059795
1672,3,5,2,79.7,15900000,Центральный,8-я Советская ,25,Площадь Восстания,294853092,8-я Советская 25,30.374968,59.936102
1673,8,10,2,55.0,16026636,Калининский,Нейшлотский переулок,19к2,,298658305,Нейшлотский переулок 19к2,30.351459,59.96711
1674,6,8,2,62.3,16000000,Московский,Черниговская ,11к1,Московские ворота,298657580,Черниговская 11к1,30.327196,59.895438
1675,8,18,2,53.7,16021362,Адмиралтейский,бульвар Измайловский,9,Фрунзенская,298655754,бульвар Измайловский 9,30.306229,59.900448
1676,23,25,2,60.57,15984807,Приморский,Коломяжский проспект,13к2,Пионерская,297024752,Коломяжский проспект 13к2,30.302348,59.999615
1677,2,25,2,67.48,15947118,Приморский,Коломяжский проспект,13к2,Пионерская,297024391,Коломяжский проспект 13к2,30.302348,59.999615
1678,4,12,2,54.8,15945000,Выборгский,Большой Сампсониевский проспект,70К2,Выборгская,265730347,Большой Сампсониевский проспект 70К2,30.332703,59.981397
1679,9,12,2,55.87,16000000,Выборгский,Большой Сампсониевский проспект,70к3,Выборгская,265732761,Большой Сампсониевский проспект 70к3,30.33149,59.980691
1680,2,12,2,60.5,15930000,Выборгский,Большой Сампсониевский проспект,70к3,Выборгская,291414212,Большой Сампсониевский проспект 70к3,30.33149,59.980691
1681,11,25,2,78.4,15990000,Выборгский,проспект Луначарского,15к1,Озерки,292632843,проспект Луначарского 15к1,30.333448,60.042114
1682,9,25,2,61.9,15950000,Приморский,проспект Сизова,25,Комендантский проспект,299018574,проспект Сизова 25,30.279127,60.016429
1683,2,18,2,66.7,16185939,Адмиралтейский,бульвар Измайловский,9,Фрунзенская,298655758,бульвар Измайловский 9,30.306229,59.900448
1684,3,11,2,62.72,16057000,Калининский, Академика Константинова,1к1,Академическая,298534367,Академика Константинова 1к1,30.379711,60.017832
1685,17,26,2,54.5,15900000,Выборгский, Орбели,17,Площадь Мужества,298984095,Орбели 17,30.342045,60.002301
1686,23,25,2,62.77,15950000,Приморский,Коломяжский проспект,13,Пионерская,286016480,Коломяжский проспект 13,30.30101,59.998027
1687,3,25,2,64.41,15999396,Приморский,Коломяжский проспект,13к2,Пионерская,297024621,Коломяжский проспект 13к2,30.302348,59.999615
1688,3,8,3,96.0,54000000,Центральный,Парадная ,3к2,Чернышевская,293686843,Парадная 3к2,30.367369,59.942146
1689,2,7,3,107.2,80000000,Центральный,Большая Морская ,4,Адмиралтейская,294201834,Большая Морская 4,30.318105,59.937436
1690,3,3,3,125.0,160000000,Петроградский,2-я Березовая аллея,13-15В,,294562193,2-я Березовая аллея 13-15В,30.288425,59.980515
1691,4,7,3,90.96,28660412,Василеостровский,11-я Васильевского острова линия,56,Василеостровская,293435894,11-я Васильевского острова линия 56,30.269407,59.944301
1692,6,9,3,142.6,39000000,Петроградский, Малая Зеленина,8,Чкаловская,299446065,Малая Зеленина 8,30.279693,59.963543
1693,6,6,3,153.6,43900000,Петроградский,Съезжинская ,24,Спортивная,288722870,Съезжинская 24,30.300875,59.954313
1694,6,9,3,95.0,34500000,Петроградский,Большая Посадская ,12,Горьковская,297340742,Большая Посадская 12,30.325049,59.959201
1695,3,4,3,93.2,19880000,Приморский,Парашютная ,15,Комендантский проспект,296073186,Парашютная 15,30.277699,60.017976
1696,7,14,3,91.14,21919999,Красногвардейский,проспект Энергетиков,2,,291004590,проспект Энергетиков 2,30.434311,59.931134
1697,1,6,3,201.8,58320000,Петроградский,набережная Мартынова,74Д,Крестовский остров,289478924,набережная Мартынова 74Д,30.250031,59.974779
1698,2,11,3,91.75,29635250,Красногвардейский, Стахановцев,1,Новочеркасская,299636437,Стахановцев 1,30.405098,59.929835
1699,3,6,3,120.0,56000000,Петроградский,проспект Малый Петроградской стороны,79-81-83,Петроградская,296488797,проспект Малый Петроградской стороны 79-81-83,30.305798,59.965566
1700,15,23,3,157.0,54431900,Выборгский,аллея Академика Лихачева,7,Площадь Мужества,299540715,аллея Академика Лихачева 7,30.346546,60.002494
1701,3,10,3,150.0,105000000,Петроградский,Вязовая ,8,Крестовский остров,298017709,Вязовая 8,30.276234,59.967687
1702,6,9,3,62.8,19729999,Адмиралтейский, Шкапина,43-45,Балтийская,299481506,Шкапина 43-45,30.288622,59.903823
1703,2,9,3,73.04,15585144,Красносельский, Тамбасова,5,Проспект Ветеранов,295858534,Тамбасова 5,30.154432,59.841401
1704,3,11,3,64.0,19520000,Приморский,Фермское шоссе,12Б,Удельная,297078434,Фермское шоссе 12Б,30.311341,60.013002
1705,24,25,3,108.5,22900000,Калининский,Светлановский проспект,121к1,Гражданский проспект,290341286,Светлановский проспект 121к1,30.405089,60.046185
1706,3,5,3,132.0,34000000,Выборгский,Калязинская ,7,Удельная,298048424,Калязинская 7,30.319084,60.015386
1707,5,24,3,54.9,9195750,Приморский, Ивинская,19к1,Комендантский проспект,297361049,Ивинская 19к1,30.128021,60.032587
1708,3,3,3,125.0,160000000,Петроградский,2-я Березовая аллея,13-15,Крестовский остров,299243392,2-я Березовая аллея 13-15,30.289035,59.980673
1709,3,5,3,64.0,14750000,Василеостровский,17-я Васильевского острова линия,28,Василеостровская,299057100,17-я Васильевского острова линия 28,30.265823,59.938662
1710,2,5,3,56.0,13200000,Василеостровский, Шевченко,29,Приморская,299345112,Шевченко 29,30.241568,59.939045
1711,2,8,3,92.32,37081235,Петроградский,Пионерская ,53,Чкаловская,298529950,Пионерская 53,30.28564,59.960557
1712,3,5,3,55.0,12900000,Приморский,Школьная ,70,Старая Деревня,297329095,Школьная 70,30.259831,59.986529
1713,2,7,3,129.6,61819200,Петроградский,Петровский проспект,28к2,Крестовский остров,298769234,Петровский проспект 28к2,30.252079,59.961201
1714,20,25,3,80.0,17700000,Приморский,проспект Королева,7,Пионерская,299095961,проспект Королева 7,30.29094,60.01074
1715,3,9,3,83.1,33500000,Петроградский,проспект Медиков,10к5,Петроградская,299243396,проспект Медиков 10к5,30.315194,59.974617
1716,5,5,3,92.5,21000000,Адмиралтейский,Троицкий проспект,10,Технологический институт,293749751,Троицкий проспект 10,30.300471,59.915706
1717,3,9,3,65.7,11999999,Невский, Подвойского,34к1,Улица Дыбенко,299055905,Подвойского 34к1,30.487428,59.916275
1718,6,6,3,140.0,79380000,Московский, Гастелло,7,Московская,296753484,Гастелло 7,30.325013,59.858073
1719,1,6,3,192.7,58800000,Петроградский,набережная Мартынова,74Д,,297327666,набережная Мартынова 74Д,30.250031,59.974779
1720,2,9,3,126.7,36900000,Петроградский,Петровский проспект,11к2,,286662063,Петровский проспект 11к2,30.259598,59.961255
1721,2,6,3,97.7,36067792,Центральный,Миргородская ,1,Площадь Александра Невского,299135837,Миргородская 1,30.370261,59.92492
1722,8,11,3,108.5,32500000,Центральный,Кременчугская ,17к3,Площадь Восстания,298695832,Кременчугская 17к3,30.370063,59.920424
1723,2,20,3,80.3,20679999,Василеостровский, Челюскина,8,,299064304,Челюскина 8,30.187679,59.942065
1724,3,5,3,138.0,150000000,Петроградский,набережная Мартынова,62И,,298277726,набережная Мартынова 62И,30.248342,59.975374
1725,2,23,3,62.57,11910212,Приморский, Ивинская,1к4,Зенит,297361443,Ивинская 1к4,30.137247,60.028433
1726,5,6,3,86.8,89000000,Петроградский,Спортивная ,2,Крестовский остров,298392017,Спортивная 2,30.288335,59.95019
1727,3,9,3,107.9,43299445,Петроградский,Лодейнопольская ,7,Чкаловская,299294160,Лодейнопольская 7,30.290302,59.964426
1728,6,21,3,77.6,21000000,Красногвардейский,проспект Энергетиков,9к3,Новочеркасская,299009879,проспект Энергетиков 9к3,30.438677,59.936877
1729,17,27,3,65.99,12729480,Выборгский,проезд Толубеевский,34к2,,297361409,проезд Толубеевский 34к2,30.354002,60.085038
1730,5,9,3,103.95,38900000,Центральный,Миргородская ,20,Площадь Александра Невского,285457188,Миргородская 20,30.373522,59.924898
1731,2,7,3,101.4,34476000,Петроградский,набережная Реки Карповки,31к2,Петроградская,284740242,набережная Реки Карповки 31к2,30.306148,59.970218
1732,2,5,3,216.4,207531061,Петроградский,набережная Гребного канала,1,Крестовский остров,286484033,набережная Гребного канала 1,30.243078,59.976765
1733,9,9,3,108.04,64824000,Петроградский,Большая Разночинная ,21,Чкаловская,298467199,Большая Разночинная 21,30.288002,59.960778
1734,2,9,3,82.91,27081759,Василеостровский,7-я Васильевского острова линия,84,Василеостровская,298270932,7-я Васильевского острова линия 84,30.2715,59.948735
1735,4,5,3,60.7,7300000,Невский,3-й Рабфаковский переулок,8,Обухово,279933895,3-й Рабфаковский переулок 8,30.467522,59.852479
1736,3,9,3,87.73,28082373,Петроградский,Петроградская набережная,38,Горьковская,288420252,Петроградская набережная 38,30.332676,59.963832
1737,24,28,3,94.5,13000000,Выборгский,Заречная ,11к6,Парнас,299168449,Заречная 11к6,30.146563,59.778262
1738,6,12,3,98.1,28449000,Приморский,Белоостровская ,7,Лесная,291806237,Белоостровская 7,30.329451,59.985462
1739,16,18,3,102.9,21900000,Василеостровский,бульвар Александра Грина,2к2,Приморская,257443065,бульвар Александра Грина 2к2,30.205986,59.935146
1740,2,11,3,97.8,45000000,Красногвардейский,Пискаревский проспект,1,,298392016,Пискаревский проспект 1,30.405421,59.957656
1741,3,9,3,137.0,65000000,Петроградский,Кемская ,1,Крестовский остров,285457308,Кемская 1,30.259571,59.973226
1742,6,9,3,92.49,42554649,Василеостровский,20-я Васильевского острова линия,19,Василеостровская,297998664,20-я Васильевского острова линия 19,30.264862,59.93502
1743,4,4,3,134.0,145000000,Петроградский,Чкаловское,5,Крестовский остров,299568113,Чкаловское 5,30.270395,59.9769
1744,5,5,3,79.4,20247000,Пушкинский, Камероновская,14к1,,299383441,Камероновская 14к1,30.408538,59.696506
1745,8,16,3,81.4,13850000,Красносельский,шоссе Красносельское,56к2,Проспект Ветеранов,292144791,шоссе Красносельское 56к2,30.155007,59.79432
1746,8,16,3,87.6,15000000,Красносельский, Доблести,28к1,Ленинский проспект,299610962,Доблести 28к1,30.176908,59.851001
1747,2,8,3,122.9,38099000,Петроградский,Петровский проспект,26к2,Чкаловская,296753472,Петровский проспект 26к2,30.253588,59.960471
1748,7,10,3,72.9,9850000,Красносельский, Коммунаров,118к1,Проспект Ветеранов,270083815,Коммунаров 118к1,30.150641,59.786423
1749,3,11,3,128.5,24499000,Выборгский,Манчестерская ,4,Удельная,283214295,Манчестерская 4,30.328121,60.011531
1750,6,6,3,380.0,300000000,Центральный,Итальянская ,12а,Гостиный двор,299243363,Итальянская 12а,30.338658,59.936431
1751,2,11,3,75.95,23206522,Московский,Благодатная ,50,Электросила,267475645,Благодатная 50,30.338991,59.876928
1752,7,14,3,141.0,123500000,Петроградский,Песочная набережная,40,Чкаловская,299568150,Песочная набережная 40,30.285415,59.967664
1753,5,9,3,93.4,32540560,Петроградский,Петровский проспект,11к3,Спортивная,294545826,Петровский проспект 11к3,30.262355,59.962697
1754,5,10,3,67.3,14100000,Приморский,Приморский проспект,151,Беговая,299529021,Приморский проспект 151,30.197596,59.985399
1755,7,25,3,92.4,22500000,Калининский,проспект Просвещения,99,Гражданский проспект,292865568,проспект Просвещения 99,30.428607,60.033185
1756,4,7,3,133.8,134000000,Петроградский,Депутатская ,26,Крестовский остров,292289237,Депутатская 26,30.270315,59.97459
1757,4,10,3,159.1,59000000,Петроградский,Ждановская ,45,Крестовский остров,285555839,Ждановская 45,30.267494,59.962724
1758,2,10,3,86.26,22000699,Выборгский,Светлановский проспект,12к1,Удельная,299043804,Светлановский проспект 12к1,30.342323,60.009197
1759,3,10,3,150.0,96000000,Петроградский,Ждановская ,45,Крестовский остров,292149080,Ждановская 45,30.267494,59.962724
1760,4,9,3,99.5,27650353,Выборгский, Александра Матросова,1,Лесная,296753837,Александра Матросова 1,30.331741,59.977012
1761,3,3,3,94.0,20000000,Калининский,Герасимовская ,16,Лесная,299529961,Герасимовская 16,30.406778,59.982302
1762,4,10,3,94.12,34824400,Московский,Московский проспект,72к2,Фрунзенская,267475887,Московский проспект 72к2,30.320827,59.906625
1763,9,17,3,107.3,17999999,Выборгский,Зеленогорская ,7,Пионерская,299461261,Зеленогорская 7,30.323387,60.001883
1764,6,12,3,82.84,20599823,Приморский,проспект Авиаконструкторов,54,Комендантский проспект,294460935,проспект Авиаконструкторов 54,30.204962,60.033908
1765,8,16,3,97.2,18700000,Калининский,Кондратьевский проспект,62к6,Лесная,285251748,Кондратьевский проспект 62к6,30.388506,59.980745
1766,2,14,3,69.4,17194544,Фрунзенский,Волковское,1,Обводный канал,295642921,Волковское 1,30.366614,59.892067
1767,5,8,3,143.0,220000000,Петроградский,Вязовая ,8,Крестовский остров,299329502,Вязовая 8,30.276234,59.967687
1768,2,12,3,70.3,16932739,Фрунзенский,Волковское,5,Обводный канал,284566351,Волковское 5,30.366614,59.892067
1769,15,15,3,78.6,24000000,Невский,Союзный проспект,4,Проспект Большевиков,293953976,Союзный проспект 4,30.439557,59.916288
1770,2,5,3,85.37,19635100,Выборгский, Береговая,12,Проспект Просвещения,293991870,Береговая 12,30.290509,60.058165
1771,2,7,3,120.0,122800000,Центральный,набережная Воскресенская,32,Чернышевская,299568177,набережная Воскресенская 32,30.35048,59.94974
1772,2,4,3,106.32,19050417,Красносельский,проспект Буденного,15,Проспект Ветеранов,295827646,проспект Буденного 15,30.092682,59.838114
1773,5,6,3,73.2,11870000,Василеостровский,проспект Малый Васильевского острова,48,Василеостровская,299250888,проспект Малый Васильевского острова 48,30.26223,59.943327
1774,4,15,3,87.6,17484960,Василеостровский,проспект Крузенштерна,2,Горный институт,294545441,проспект Крузенштерна 2,30.203112,59.930791
1775,14,17,3,90.1,14950000,Приморский,Планерная ,73к6,Комендантский проспект,298531162,Планерная 73к6,30.217808,60.027269
1776,11,12,3,84.7,24990000,Приморский,Фермское шоссе,12А,Удельная,297776015,Фермское шоссе 12А,30.310784,60.012534
1777,7,7,3,77.1,17500000,Московский,Кузнецовская ,44,Международная,293125782,Кузнецовская 44,30.330097,59.872051
1778,2,25,3,85.23,18133963,Приморский,Коломяжский проспект,13к2,Пионерская,297024339,Коломяжский проспект 13к2,30.302348,59.999615
1779,7,12,3,62.4,9500000,Красногвардейский, Коммуны,48Б,Улица Дыбенко,294559645,Коммуны 48Б,30.49183,59.958151
1780,4,5,3,73.4,18490000,Центральный,6-я Советская ,17,,298982857,6-я Советская 17,30.371671,59.934849
1781,18,19,3,78.7,18000000,Приморский, Оптиков,45к1,Комендантский проспект,295367406,Оптиков 45к1,30.205681,60.002324
1782,21,25,3,114.0,42000000,Приморский,Мебельная ,49/92,Беговая,298625915,Мебельная 49/92,30.194155,59.99382
1783,2,5,3,57.6,8800000,Невский, Ольги Берггольц,29К2,Елизаровская,297929237,Ольги Берггольц 29К2,30.411161,59.891173
1784,9,23,3,157.0,40000000,Московский, Ленсовета,87к3,Звездная,294775384,Ленсовета 87к3,30.342593,59.834999
1785,14,14,3,87.0,17200000,Красносельский,Ленинский проспект,72к1,Ленинский проспект,288870055,Ленинский проспект 72к1,30.182055,59.861557
1786,5,12,3,92.28,22050306,Приморский, Плесецкая,2,Комендантский проспект,275720486,Плесецкая 2,30.205959,60.029508
1787,12,16,3,108.6,23900000,Невский, Шелгунова,9к1,Пролетарская,294371889,Шелгунова 9к1,30.456347,59.866798
1788,1,13,3,94.61,17866888,Приморский,аллея Арцеуловская,9,Пионерская,298845877,аллея Арцеуловская 9,30.19579,60.036443
1789,3,5,3,61.7,7500000,Красносельский, Юных пионеров,18к2,,299372591,Юных пионеров 18к2,30.075686,59.733754
1790,3,18,3,76.2,19491960,Невский,Октябрьская набережная,57к3,Елизаровская,294544562,Октябрьская набережная 57к3,30.448639,59.89835
1791,9,9,3,59.5,8150000,Кировский,проспект Маршала Жукова,34К1,Ленинский проспект,298465166,проспект Маршала Жукова 34К1,30.230205,59.85402
1792,3,5,3,71.1,8750000,Петродворцовый,Ботаническая ,20к1,Проспект Ветеранов,297892205,Ботаническая 20к1,29.852607,59.871405
1793,6,9,3,58.9,9095000,Фрунзенский,Купчинская ,10К2,Дунайская,296958539,Купчинская 10К2,30.388021,59.839814
1794,3,8,3,84.1,37004000,Петроградский,набережная Реки Карповки,27,Петроградская,280459396,набережная Реки Карповки 27,30.307774,59.970155
1795,1,6,3,78.9,15399000,Петроградский, Блохина,4,Спортивная,295246145,Блохина 4,30.304738,59.950515
1796,5,6,3,71.8,19900000,Петроградский, Чапаева,11/4,Горьковская,299120252,Чапаева 11/4,30.331831,59.960201
1797,2,5,3,58.8,9000000,Центральный,8-я Советская ,23,Площадь Восстания,292458490,8-я Советская 23,30.3746,59.936224
1798,4,4,3,86.2,16600000,Петроградский,Мичуринская ,12,Горьковская,292167327,Мичуринская 12,30.327214,59.955822
1799,2,5,3,74.0,21900000,Петроградский,Большая Пушкарская ,38,Петроградская,294261417,Большая Пушкарская 38,30.306005,59.960485
1800,2,12,3,77.4,17956800,Красногвардейский,Партизанская ,5Б,Ладожская,299403293,Партизанская 5Б,30.425858,59.943368
1801,8,14,3,109.2,26972440,Василеостровский,набережная Реки Смоленки,35к1,Приморская,291898483,набережная Реки Смоленки 35к1,30.252312,59.948667
1802,9,9,3,56.7,11350000,Московский,Новоизмайловский проспект,3,Электросила,295458726,Новоизмайловский проспект 3,30.30454,59.873555
1803,4,4,3,101.0,21000000,Адмиралтейский,Конногвардейский бульвар,6,Адмиралтейская,294249466,Конногвардейский бульвар 6,30.294273,59.931643
1804,5,10,3,60.0,11800000,Выборгский,Светлановский проспект,37,Площадь Мужества,298923070,Светлановский проспект 37,30.34651,60.00962
1805,4,6,3,83.3,15790000,Центральный,Конная ,5/3Б,Площадь Александра Невского,295230667,Конная 5/3Б,30.374825,59.928343
1806,5,7,3,79.54,16956000,Приморский,шоссе Суздальское,18к3,Проспект Просвещения,298651113,шоссе Суздальское 18к3,30.279432,60.058973
1807,4,17,3,69.4,14000000,Приморский,Туристская ,6К3,Беговая,284404150,Туристская 6К3,30.198081,59.986857
1808,3,16,3,87.8,18450028,Приморский,аллея Арцеуловская,15,Комендантский проспект,299582452,аллея Арцеуловская 15,30.200012,60.039836
1809,3,4,3,67.6,12099900,Центральный,Лиговский проспект,110Б,Лиговский проспект,297727619,Лиговский проспект 110Б,30.354756,59.91881
1810,2,5,3,85.5,15400559,Московский,Пулковское шоссе,73к8,Звездная,297694500,Пулковское шоссе 73к8,30.309661,59.763987
1811,8,15,3,83.3,19039848,Московский, Типанова,32к2,Московская,298301227,Типанова 32к2,30.358978,59.85224
1812,2,3,3,79.6,18399000,Василеостровский,8-я Васильевского острова линия,19,Василеостровская,292743076,8-я Васильевского острова линия 19,30.281445,59.938117
1813,2,5,3,109.33,18900205,Московский,Пулковское шоссе,95к3,Звездная,298634647,Пулковское шоссе 95к3,30.308322,59.754121
1814,3,4,3,58.8,11500000,Адмиралтейский,Спасский переулок,7,Садовая,287542565,Спасский переулок 7,30.317934,59.928663
1815,4,5,3,60.07,10860420,Колпинский,проезд Понтонный,6,Рыбацкое,298649330,проезд Понтонный 6,30.628661,59.753078
1816,8,9,3,81.3,12000000,Василеостровский,Гаванская ,49К2,Приморская,297749818,Гаванская 49К2,30.238856,59.939235
1817,3,6,3,86.2,21500000,Петроградский, Ленина,12/36,Петроградская,298979138,Ленина 12/36,30.308044,59.960557
1818,1,2,3,73.3,9999000,Фрунзенский,Андреевская ,5,Волковская,297772585,Андреевская 5,30.368249,59.900245
1819,10,14,3,66.3,7600000,Красносельский,Нарвская ,2,Проспект Ветеранов,298456058,Нарвская 2,30.068733,59.721388
1820,3,5,3,60.0,8600000,Кировский,бульвар Новаторов,4,Ленинский проспект,298749417,бульвар Новаторов 4,30.270368,59.85294
1821,2,5,3,73.1,11000000,Невский,проспект Обуховской обороны,107,Елизаровская,299184020,проспект Обуховской обороны 107,30.436835,59.894491
1822,4,6,3,138.0,29000000,Адмиралтейский,набережная Канала Грибоедова,170,Садовая,296776308,набережная Канала Грибоедова 170,30.283637,59.91858
1823,4,6,3,95.3,27000000,Центральный,Конная ,8,Площадь Восстания,290251514,Конная 8,30.374905,59.929051
1824,11,14,3,78.79,23429999,Красногвардейский,проспект Энергетиков,2,,291004595,проспект Энергетиков 2,30.434311,59.931134
1825,1,4,3,71.1,10799000,Фрунзенский,Боровая ,42,Обводный канал,299028086,Боровая 42,30.345495,59.915499
1826,12,23,3,80.59,14842515,Приморский, Ивинская,5к2,Зенит,297361965,Ивинская 5к2,30.133088,60.029305
1827,3,8,3,119.0,55900000,Центральный,Орловская ,1,Чернышевская,292816692,Орловская 1,30.390096,59.951731
1828,3,4,3,81.0,29000000,Василеостровский,2-я Васильевского острова линия,53,Спортивная,298203143,2-я Васильевского острова линия 53,30.281139,59.947681
1829,6,6,3,70.0,18900000,Василеостровский,14-я Васильевского острова линия,97Б,Василеостровская,286125184,14-я Васильевского острова линия 97Б,30.261718,59.946847
1830,2,7,3,82.0,26900000,Петроградский,Ропшинская ,24,Чкаловская,296314378,Ропшинская 24,30.293051,59.959363
1831,8,13,3,90.3,35217000,Петроградский,Барочная ,12,Чкаловская,296688689,Барочная 12,30.287993,59.969304
1832,10,14,3,113.03,29729999,Красногвардейский,проспект Энергетиков,2,,291004566,проспект Энергетиков 2,30.434311,59.931134
1833,5,6,3,72.5,15990000,Центральный,8-я Советская ,5,Площадь Восстания,298639433,8-я Советская 5,30.371168,59.937418
1834,16,22,3,93.7,17300000,Невский,проспект Советский,36к2,Рыбацкое,288824191,проспект Советский 36к2,30.557066,59.826447
1835,5,11,3,83.6,20124032,Невский,Октябрьская набережная,86К2,Пролетарская,293297395,Октябрьская набережная 86К2,30.469651,59.872227
1836,2,5,3,80.0,16250000,Василеостровский,19-я Васильевского острова линия,14/54,Горный институт,293254582,19-я Васильевского острова линия 14/54,30.268338,59.934123
1837,6,8,3,128.8,47702078,Петроградский,Петровский проспект,22к2,Крестовский остров,293496476,Петровский проспект 22к2,30.261897,59.960368
1838,7,9,3,70.0,11200000,Выборгский,проспект Культуры,22К1,Гражданский проспект,298324779,проспект Культуры 22К1,30.374429,60.046998
1839,1,9,3,60.2,7500000,Выборгский, Руднева,27К1,Проспект Просвещения,297583648,Руднева 27К1,30.37098,60.051446
1840,12,12,3,68.0,11000000,Приморский, Щербакова,9,Удельная,298163292,Щербакова 9,30.297614,60.029009
1841,1,4,3,71.1,12500000,Центральный,Суворовский проспект,33,Площадь Восстания,290409997,Суворовский проспект 33,30.37592,59.938338
1842,11,15,3,80.9,14000000,Фрунзенский,Софийская ,38к2,Проспект Славы,297956509,Софийская 38к2,30.411036,59.873248
1843,7,7,3,124.55,44595127,Василеостровский,11-я Васильевского острова линия,56,Василеостровская,293435906,11-я Васильевского острова линия 56,30.269407,59.944301
1844,3,3,3,115.8,21900000,Выборгский, Береговая,25к3,Проспект Просвещения,299108749,Береговая 25к3,30.292925,60.061565
1845,4,9,3,78.17,21649999,Адмиралтейский, Шкапина,43-45,Балтийская,299481494,Шкапина 43-45,30.288622,59.903823
1846,2,17,3,72.0,23900000,Василеостровский, Челюскина,6,Приморская,296614879,Челюскина 6,30.190832,59.941889
1847,4,11,3,132.93,42816753,Красногвардейский, Стахановцев,1,Новочеркасская,299464092,Стахановцев 1,30.405098,59.929835
1848,4,12,3,69.0,16300000,Московский,1-й Предпортовый проезд,13,Московская,295800416,1-й Предпортовый проезд 13,30.303238,59.842802
1849,13,25,3,72.3,20900000,Приморский,Фермское шоссе,32,Удельная,299022192,Фермское шоссе 32,30.30852,60.017112
1850,3,8,3,127.5,43135063,Петроградский,Петровский проспект,22к2,Крестовский остров,293496456,Петровский проспект 22к2,30.261897,59.960368
1851,3,4,3,116.3,36900000,Выборгский,Большая Озерная ,77,Проспект Просвещения,297774441,Большая Озерная 77,30.300228,60.045938
1852,3,9,3,87.46,23459999,Адмиралтейский, Шкапина,43-45,Балтийская,299481344,Шкапина 43-45,30.288622,59.903823
1853,5,6,3,60.5,15000000,Центральный,Ульяны Громовой переулок,8,Площадь Восстания,295694237,Ульяны Громовой переулок 8,30.362113,59.934565
1854,8,11,3,102.34,34171326,Красногвардейский, Стахановцев,1,Новочеркасская,299464030,Стахановцев 1,30.405098,59.929835
1855,1,9,3,69.1,9600000,Калининский, Демьяна Бедного,26к3,Гражданский проспект,298450511,Демьяна Бедного 26к3,30.385685,60.046302
1856,5,11,3,112.68,36981576,Красногвардейский, Стахановцев,1,Новочеркасская,299464042,Стахановцев 1,30.405098,59.929835
1857,6,8,3,83.0,20489000,Василеостровский, Челюскина,8,Приморская,294515927,Челюскина 8,30.187679,59.942065
1858,6,7,3,131.63,41743821,Василеостровский,11-я Васильевского острова линия,56,Василеостровская,293435899,11-я Васильевского острова линия 56,30.269407,59.944301
1859,6,6,3,111.0,49000000,Петроградский,Кронверкский проспект,23,Горьковская,278624236,Кронверкский проспект 23,30.318312,59.95694
1860,3,8,3,112.3,46940994,Петроградский,Пионерская ,53,Чкаловская,298529979,Пионерская 53,30.28564,59.960557
1861,3,3,3,82.4,34900000,Центральный,Миллионная ,19,Гостиный двор,296188335,Миллионная 19,30.322947,59.94344
1862,1,16,3,79.2,10800000,Невский,Караваевская ,22,Рыбацкое,294740369,Караваевская 22,30.502861,59.834356
1863,2,7,3,101.16,30106344,Василеостровский,11-я Васильевского острова линия,56,Василеостровская,293435793,11-я Васильевского острова линия 56,30.269407,59.944301
1864,2,4,3,74.5,10800000,Адмиралтейский,Рижский проспект,46,Балтийская,266215444,Рижский проспект 46,30.281121,59.913257
1865,2,10,3,98.9,20763500,Фрунзенский,Днепропетровская ,65,Обводный канал,296917202,Днепропетровская 65,30.356939,59.910032
1866,1,7,3,90.3,9500000,Красносельский, Политрука Пасечника,8к2,Ленинский проспект,285283341,Политрука Пасечника 8к2,30.108187,59.778883
1867,3,9,3,60.8,8000000,Выборгский, Кустодиева,20К1,Проспект Просвещения,297200241,Кустодиева 20К1,30.362365,60.04964
1868,2,5,3,59.4,7790000,Красносельский,проспект Ветеранов,151К2,Ленинский проспект,298823524,проспект Ветеранов 151К2,30.131327,59.83692
1869,3,6,3,71.0,26500000,Василеостровский, Челюскина,4,Василеостровская,293824980,Челюскина 4,30.193392,59.94152
1870,7,9,3,77.57,17613135,Красносельский, Тамбасова,5,Проспект Ветеранов,298331172,Тамбасова 5,30.154432,59.841401
1871,5,6,3,75.0,12500000,Московский, Коли Томчака,11/17Б,Московские ворота,297470507,Коли Томчака 11/17Б,30.324447,59.889173
1872,6,9,3,82.89,23779999,Адмиралтейский, Шкапина,43-45,Балтийская,299481425,Шкапина 43-45,30.288622,59.903823
1873,7,7,3,65.7,18500000,Московский,Варшавская ,124,Московская,285860592,Варшавская 124,30.316138,59.843046
1874,2,11,3,84.5,18987464,Невский,Октябрьская набережная,86К2,Пролетарская,293297371,Октябрьская набережная 86К2,30.469651,59.872227
1875,2,6,3,83.6,17500000,Василеостровский,проспект Большой Васильевского острова,97,Горный институт,287795721,проспект Большой Васильевского острова 97,30.242098,59.927355
1876,2,8,3,95.8,40561921,Петроградский,Пионерская ,53,Чкаловская,298529947,Пионерская 53,30.28564,59.960557
1877,2,4,3,120.6,39999000,Выборгский,Выборгское шоссе,112,Проспект Просвещения,299555049,Выборгское шоссе 112,30.307774,60.055138
1878,3,6,3,87.0,40700000,Петроградский, Яблочкова,22/3,Спортивная,295419883,Яблочкова 22/3,30.297255,59.951168
1879,4,9,3,81.81,18078811,Красносельский, Тамбасова,5,Проспект Ветеранов,298331407,Тамбасова 5,30.154432,59.841401
1880,3,10,3,71.3,26737500,Петроградский,Аптекарский проспект,18,Петроградская,298095776,Аптекарский проспект 18,30.319515,59.974387
1881,7,8,3,117.4,44210364,Петроградский,Петровский проспект,22к2,Крестовский остров,293496578,Петровский проспект 22к2,30.261897,59.960368
1882,7,8,3,105.0,35900000,Адмиралтейский,набережная Обводного Канала,106,Фрунзенская,294203928,набережная Обводного Канала 106,30.31567,59.907595
1883,10,23,3,173.0,55930900,Выборгский,аллея Академика Лихачева,7,Площадь Мужества,299451105,аллея Академика Лихачева 7,30.346546,60.002494
1884,4,9,3,77.6,9500000,Красносельский,Гатчинское шоссе,4к1,Проспект Ветеранов,299653556,Гатчинское шоссе 4к1,30.081839,59.72216
1885,19,24,3,56.5,9661500,Приморский, Ивинская,19к1,Комендантский проспект,297361100,Ивинская 19к1,30.128021,60.032587
1886,1,9,3,62.9,9200000,Фрунзенский,Загребский бульвар,31/5,Дунайская,294403206,Загребский бульвар 31/5,30.410038,59.834632
1887,3,8,3,97.76,38507664,Петроградский,Пионерская ,53,Чкаловская,298529969,Пионерская 53,30.28564,59.960557
1888,6,6,3,83.6,21300000,Центральный, Маяковского,3,Маяковская,298830635,Маяковского 3,30.355071,59.933974
1889,5,5,3,88.3,21500000,Приморский,Сердобольская ,73/27,Черная речка,298255204,Сердобольская 73/27,30.313335,59.985007
1890,3,10,3,84.4,19327600,Фрунзенский,Днепропетровская ,65,Обводный канал,296917200,Днепропетровская 65,30.356939,59.910032
1891,4,9,3,91.0,36000000,Центральный,Боровая ,19А,Лиговский проспект,297857787,Боровая 19А,30.346474,59.919491
1892,2,14,3,75.67,21900000,Приморский,Студенческая ,14к2,Лесная,297149034,Студенческая 14к2,30.327043,59.991804
1893,6,8,3,77.3,39650335,Петроградский,набережная Реки Карповки,31к1,Чкаловская,297863468,набережная Реки Карповки 31к1,30.304657,59.970339
1894,3,7,3,74.4,15900000,Кировский,Турбинная ,35к1,,299249465,Турбинная 35к1,30.266928,59.890139
1895,3,8,3,102.4,32695500,Василеостровский,11-я Васильевского острова линия,26,Василеостровская,298888790,11-я Васильевского острова линия 26,30.274591,59.94028
1896,8,15,3,85.0,34900000,Красногвардейский,Магнитогорская ,3к2,Новочеркасская,299414657,Магнитогорская 3к2,30.417396,59.936206
1897,2,9,3,55.1,9990000,Супер квартира  Фрунзенский е.3-комн. квартира,2/9 этаж,2/9 этаж,,292309406,2/9 этаж 2/9 этаж,30.314494,59.938676
1898,4,9,3,111.9,42758021,Петроградский,проезд Петровская коса,6к1,Крестовский остров,298658161,проезд Петровская коса 6к1,30.245566,59.963066
1899,5,5,3,68.0,13800000,Курортный, Токарева,1,Беговая,292550202,Токарева 1,29.955805,60.086385
1900,4,9,3,97.2,32056560,Петроградский,Петроградская набережная,38,Горьковская,258155932,Петроградская набережная 38,30.332676,59.963832
1901,6,15,3,78.4,19750000,Московский,Пулковское шоссе,32к2,Звездная,299071635,Пулковское шоссе 32к2,30.327483,59.824597
1902,6,7,3,118.2,63281510,Петроградский,набережная Реки Карповки,31к1,Чкаловская,297863505,набережная Реки Карповки 31к1,30.304657,59.970339
1903,3,5,3,57.2,10500000,Московский,Новоизмайловский проспект,36К1,Московская,297450758,Новоизмайловский проспект 36К1,30.306678,59.857522
1904,17,26,3,78.2,12521000,Пушкинский,проспект Новгородский,2к3,Звездная,297714752,проспект Новгородский 2к3,30.371653,59.812193
1905,10,10,3,63.9,29500000,Центральный,Социалистическая ,21,Звенигородская,291706025,Социалистическая 21,30.346016,59.92023
1906,2,10,3,86.4,26242049,Приморский,Белоостровская ,28,Черная речка,298657319,Белоостровская 28,30.310128,59.987226
1907,4,6,3,96.0,43900000,Петроградский,Каменноостровский проспект,73-75,Петроградская,285773471,Каменноостровский проспект 73-75,30.303876,59.975279
1908,1,19,3,104.2,18584593,Московский, Парфеновская,17,Московские ворота,298656973,Парфеновская 17,30.312688,59.89357
1909,1,5,3,60.7,10490000,Василеостровский,17-я Васильевского острова линия,18Г,Василеостровская,298416598,17-я Васильевского острова линия 18Г,30.268311,59.937062
1910,2,4,3,140.5,48900000,Адмиралтейский,набережная Реки Мойки,100,Спасская,297226533,набережная Реки Мойки 100,30.294632,59.92768
1911,20,25,3,102.0,28500000,Приморский,проспект Королева,65,Комендантский проспект,299528663,проспект Королева 65,30.242224,60.033679
1912,4,12,3,106.87,29528181,Приморский,проспект Авиаконструкторов,54,Комендантский проспект,266866832,проспект Авиаконструкторов 54,30.204962,60.033908
1913,5,14,3,67.8,11700000,Выборгский, Композиторов,1К1,,297580009,Композиторов 1К1,30.320144,60.045893
1914,7,26,3,78.7,12592000,Пушкинский,проспект Новгородский,2к3,Звездная,293054960,проспект Новгородский 2к3,30.371653,59.812193
1915,14,15,3,61.1,12990000,Василеостровский,проспект Крузенштерна,2,,298226720,проспект Крузенштерна 2,30.203112,59.930791
1916,9,9,3,82.07,30479680,Василеостровский,7-я Васильевского острова линия,84,Василеостровская,293425173,7-я Васильевского острова линия 84,30.2715,59.948735
1917,16,23,3,83.0,26990000,Невский,Октябрьская набережная,44,Ломоносовская,296775632,Октябрьская набережная 44,30.447974,59.894102
1918,11,28,3,77.5,12350000,Выборгский, Федора Абрамова,16к1,,297810397,Федора Абрамова 16к1,30.342153,60.078464
1919,8,10,3,109.9,31471546,Приморский,Белоостровская ,28,Черная речка,298657470,Белоостровская 28,30.310128,59.987226
1920,2,4,3,79.0,24490000,Приморский, Новая,51к7,Беговая,292144145,Новая 51к7,30.153623,60.006638
1921,6,19,3,91.63,20112959,Приморский,Коломяжский проспект,13,Пионерская,297025030,Коломяжский проспект 13,30.30101,59.998027
1922,3,6,3,80.9,23000000,Центральный, Марата,55,Лиговский проспект,299509405,Марата 55,30.347956,59.922427
1923,7,16,3,87.37,20206435,Приморский,Коломяжский проспект,13к3,Пионерская,297024154,Коломяжский проспект 13к3,30.303579,59.999377
1924,2,8,3,91.0,51900000,Центральный,Парадная ,3к2,Чернышевская,295910651,Парадная 3к2,30.367369,59.942146
1925,4,8,3,97.5,41600000,Петроградский,Петровский проспект,24к1,Крестовский остров,297795213,Петровский проспект 24к1,30.258196,59.961052
1926,4,9,3,67.5,9500000,Кировский,проспект Стачек,95К1,Автово,298274613,проспект Стачек 95К1,30.251073,59.860053
1927,10,19,3,106.1,22825738,Московский, Парфеновская,17,Московские ворота,298657051,Парфеновская 17,30.312688,59.89357
1928,5,10,3,90.4,21500000,Красносельский,проспект Героев,32,Ленинский проспект,294268308,проспект Героев 32,30.151279,59.857287
1929,2,12,3,98.04,24000000,Выборгский,Большой Сампсониевский проспект,70к3,Выборгская,265730831,Большой Сампсониевский проспект 70к3,30.33149,59.980691
1930,4,13,3,103.3,17500000,Красносельский,проспект Ветеранов,122,Проспект Ветеранов,296311042,проспект Ветеранов 122,30.178947,59.832575
1931,6,12,3,101.22,27967086,Приморский,проспект Авиаконструкторов,54,Комендантский проспект,266867558,проспект Авиаконструкторов 54,30.204962,60.033908
1932,5,6,3,135.0,52650000,Центральный, Некрасова,40,Чернышевская,295910350,Некрасова 40,30.361404,59.938888
1933,17,27,3,70.85,13728507,Выборгский,Заречная ,52к1,,297905237,Заречная 52к1,30.352277,60.083876
1934,8,9,3,65.0,7890000,Колпинский,бульвар Трудящихся,5,,296650965,бульвар Трудящихся 5,30.568133,59.739758
1935,4,20,3,86.4,22359999,Василеостровский, Челюскина,8,,279506984,Челюскина 8,30.187679,59.942065
1936,5,5,3,76.2,33500000,Центральный,Большая Морская ,7,Адмиралтейская,282553305,Большая Морская 7,30.317296,59.936787
1937,2,11,3,55.0,10500000,Калининский,проспект Просвещения,84К1,Гражданский проспект,298648287,проспект Просвещения 84К1,30.415554,60.036829
1938,11,13,3,82.6,12400000,Красногвардейский,проспект Косыгина,13,Улица Дыбенко,297960621,проспект Косыгина 13,30.473118,59.942719
1939,7,8,3,141.2,54500000,Центральный,9-я Советская ,5,Площадь Восстания,291528303,9-я Советская 5,30.371662,59.93827
1940,4,21,3,104.0,25500000,Красносельский,Петергофское шоссе,45,Проспект Ветеранов,299507378,Петергофское шоссе 45,30.152842,59.847978
1941,2,10,3,68.4,25650000,Петроградский,Аптекарский проспект,18,Петроградская,299191555,Аптекарский проспект 18,30.319515,59.974387
1942,13,21,3,125.0,45000000,Красногвардейский,Большеохтинский проспект,9,Новочеркасская,298093953,Большеохтинский проспект 9,30.410838,59.948181
1943,4,8,3,112.8,37224000,Петроградский, Графтио,5,Петроградская,299187559,Графтио 5,30.307074,59.973753
1944,9,12,3,84.36,21660000,Выборгский,Большой Сампсониевский проспект,70к3,Выборгская,265735769,Большой Сампсониевский проспект 70к3,30.33149,59.980691
1945,5,9,3,86.51,29101108,Василеостровский,7-я Васильевского острова линия,84,Василеостровская,291720453,7-я Васильевского острова линия 84,30.2715,59.948735
1946,12,14,3,81.2,22500000,Московский, Типанова,36к1,Московская,297849291,Типанова 36к1,30.359895,59.852673
1947,3,3,3,142.2,44990000,Василеостровский,15-я Васильевского острова линия,24-26,Василеостровская,288050344,15-я Васильевского острова линия 24-26,30.26956,59.938387
1948,5,25,3,82.0,18500000,Приморский,Шуваловский проспект,37к1,Комендантский проспект,294877709,Шуваловский проспект 37к1,30.246473,60.032506
1949,8,9,3,100.26,53458632,Василеостровский,20-я Васильевского острова линия,19,Василеостровская,297998691,20-я Васильевского острова линия 19,30.264862,59.93502
1950,1,5,3,58.4,7480000,Фрунзенский,Бухарестская ,27К2,Международная,298170973,Бухарестская 27К2,30.376711,59.872218
1951,1,4,3,325.2,164999999,Петроградский,Крестовский проспект,4,Крестовский остров,250578892,Крестовский проспект 4,30.274626,59.969767
1952,2,6,3,99.9,39900000,Петроградский,Петровский проспект,2с2,Спортивная,293911873,Петровский проспект 2с2,30.278902,59.953259
1953,4,10,3,60.0,10500000,Приморский,Парашютная ,12,Пионерская,296219349,Парашютная 12,30.285262,60.014185
1954,6,9,3,107.9,28900907,Выборгский, Александра Матросова,3,Лесная,296753859,Александра Матросова 3,30.335182,59.978255
1955,1,2,3,70.0,7980000,Красногвардейский,Беломорская ,40,Ладожская,270930303,Беломорская 40,30.516947,59.977656
1956,8,9,3,99.11,54966406,Василеостровский,20-я Васильевского острова линия,19,Спортивная,297998688,20-я Васильевского острова линия 19,30.264862,59.93502
1957,4,17,3,105.9,29900000,Василеостровский, Одоевского,28,Приморская,296738127,Одоевского 28,30.241281,59.947653
1958,5,7,3,116.0,30500000,Центральный, Марата,47-49,Владимирская,299336764,Марата 47-49,30.350444,59.924064
1959,10,12,3,121.0,39963000,Приморский,Белоостровская ,7,Лесная,295196327,Белоостровская 7,30.329451,59.985462
1960,11,15,3,64.0,10880000,Красносельский, Рихарда Зорге,10,Ленинский проспект,297372010,Рихарда Зорге 10,30.188388,59.851001
1961,10,11,3,110.5,34476000,Адмиралтейский,набережная Обводного Канала,108,Фрунзенская,298889879,набережная Обводного Канала 108,30.313047,59.907988
1962,2,20,3,86.6,22259999,Василеостровский, Челюскина,8,,279506981,Челюскина 8,30.187679,59.942065
1963,3,5,3,57.7,10100000,Колпинский,Понтонная ,7к2,Рыбацкое,299371542,Понтонная 7к2,30.6247,59.757978
1964,4,9,3,107.3,28750820,Выборгский, Александра Матросова,1,Лесная,296753830,Александра Матросова 1,30.331741,59.977012
1965,3,5,3,91.9,19800000,Центральный,Гончарная ,20,Площадь Восстания,292988832,Гончарная 20,30.3678,59.928771
1966,1,6,3,126.6,49900000,Курортный,дорога Таможенная,11к1с10,Беговая,298625611,дорога Таможенная 11к1с10,29.939923,60.130139
1967,4,4,3,114.0,65000000,Адмиралтейский,набережная Адмиралтейского Канала,5,Садовая,292014438,набережная Адмиралтейского Канала 5,30.290733,59.931247
1968,14,18,3,89.4,25021948,Адмиралтейский,бульвар Измайловский,11,Московские ворота,298656697,бульвар Измайловский 11,30.306094,59.896946
1969,7,7,3,161.0,49000000,Курортный,Приморское шоссе,424,Старая Деревня,286808882,Приморское шоссе 424,29.858823,60.163624
1970,6,8,3,114.5,52555500,Петроградский,Петровский проспект,26к2,Чкаловская,296753462,Петровский проспект 26к2,30.253588,59.960471
1971,8,22,3,100.0,45000000,Выборгский,Оренбургская ,2,Площадь Ленина,288719480,Оренбургская 2,30.340617,59.958417
1972,2,4,3,100.2,49700000,Центральный,Виленский переулок,9,Чернышевская,295989142,Виленский переулок 9,30.362679,59.940037
1973,8,12,3,115.3,35759106,Красногвардейский,проспект Шаумяна,14,Новочеркасская,298267779,проспект Шаумяна 14,30.417009,59.934326
1974,15,20,3,83.2,26200000,Василеостровский, Челюскина,8,Приморская,297444820,Челюскина 8,30.187679,59.942065
1975,3,8,3,77.46,35600000,Петроградский,набережная Реки Карповки,31к1,Петроградская,299639156,набережная Реки Карповки 31к1,30.304657,59.970339
1976,2,12,3,124.8,36965214,Красногвардейский,проспект Шаумяна,14,Новочеркасская,298267785,проспект Шаумяна 14,30.417009,59.934326
1977,4,9,3,105.0,39600000,Петроградский,Аптекарский проспект,5,Петроградская,275301522,Аптекарский проспект 5,30.321357,59.973334
1978,8,8,3,85.9,50251500,Петроградский,Петровский проспект,28к1,Крестовский остров,298589033,Петровский проспект 28к1,30.254477,59.961593
1979,2,5,3,55.9,8240000,Красногвардейский, Лазо,8К1,,296805248,Лазо 8К1,30.484706,59.957426
1980,6,26,3,165.8,25499000,Василеостровский, Нахимова,20,Приморская,297086441,Нахимова 20,30.223467,59.940366
1981,1,8,3,106.7,40332600,Петроградский,Петровский проспект,26к2,Чкаловская,296753455,Петровский проспект 26к2,30.253588,59.960471
1982,1,12,3,69.0,12150000,Приморский,Яхтенная ,9К2,Беговая,293250613,Яхтенная 9К2,30.21938,59.989
1983,18,18,3,93.6,27032012,Адмиралтейский,бульвар Измайловский,9,Фрунзенская,299459366,бульвар Измайловский 9,30.306229,59.900448
1984,1,10,3,57.3,10900000,Фрунзенский, Турку,27,Проспект Славы,296714615,Турку 27,30.403634,59.865655
1985,10,10,3,165.0,78000000,Петроградский,Пионерская ,50,Чкаловская,297246867,Пионерская 50,30.273171,59.963539
1986,5,13,3,90.3,45000000,Красногвардейский,Пискаревский проспект,1,Чернышевская,294176886,Пискаревский проспект 1,30.405421,59.957656
1987,5,11,3,109.24,28403000,Калининский, Академика Константинова,1к1,Академическая,298534336,Академика Константинова 1к1,30.379711,60.017832
1988,10,14,3,131.0,35000000,Василеостровский, Нахимова,11,Приморская,297175185,Нахимова 11,30.222371,59.941114
1989,17,17,3,91.9,48800000,Василеостровский, Челюскина,2,Приморская,299137104,Челюскина 2,30.194991,59.941249
1990,9,17,3,102.6,21000000,Фрунзенский, Димитрова,2,Купчино,297457745,Димитрова 2,30.372318,59.845541
1991,11,12,3,105.6,33500000,Красногвардейский,проспект Шаумяна,14,Новочеркасская,292329018,проспект Шаумяна 14,30.417009,59.934326
1992,4,12,3,100.0,32000000,Выборгский,проспект Энгельса,2,Пионерская,285376981,проспект Энгельса 2,30.329702,59.997505
1993,6,8,3,129.2,44450000,Василеостровский,16-я Васильевского острова линия,37,Василеостровская,291273926,16-я Васильевского острова линия 37,30.266964,59.939081
1994,6,9,3,79.8,29502219,Адмиралтейский,Измайловское,к 2.1,Балтийская,295870054,Измайловское к 2.1,30.308188,59.907501
1995,7,10,3,99.3,33300000,Невский,проспект Обуховской обороны,70к4,Елизаровская,292771139,проспект Обуховской обороны 70к4,30.431364,59.900962
1996,6,12,3,76.0,18924000,Красногвардейский,Партизанская ,5Б,Ладожская,299403334,Партизанская 5Б,30.425858,59.943368
1997,13,23,3,109.6,34000000,Приморский,Дибуновская ,50,Старая Деревня,298751124,Дибуновская 50,30.26046,59.984818
1998,3,18,3,95.3,20489500,Василеостровский,бульвар Головнина,3к1,Горный институт,294573126,бульвар Головнина 3к1,30.205285,59.933731
1999,6,8,3,107.0,45990000,Петроградский,Зверинская ,22,Спортивная,298744433,Зверинская 22,30.299195,59.953178
2000,1,5,3,102.2,17300160,Московский, Струве,12,Звездная,299582533,Струве 12,30.318958,59.76512
2001,9,12,3,80.0,9900000,Колпинский,Тверская ,60,Купчино,285283290,Тверская 60,30.61304,59.733527
2002,6,6,3,137.7,34000000,Центральный,Невский проспект,88,Маяковская,298527845,Невский проспект 88,30.35181,59.932468
2003,8,8,3,117.9,54575910,Петроградский,Петровский проспект,11к2,Крестовский остров,294546051,Петровский проспект 11к2,30.259598,59.961255
2004,1,16,3,79.4,9990000,Красногвардейский,проспект Косыгина,31К2,Улица Дыбенко,289176764,проспект Косыгина 31К2,30.497283,59.944229
2005,9,12,3,94.42,17800000,Выборгский,проспект Просвещения,14к4,Проспект Просвещения,296189684,проспект Просвещения 14к4,30.311646,60.058614
2006,4,5,3,54.8,6600000,Колпинский, Адмиралтейская,27,Купчино,295396042,Адмиралтейская 27,30.591184,59.741722
2007,3,5,3,58.3,6890000,Кировский,проспект Маршала Жукова,72К5,Проспект Ветеранов,298490572,проспект Маршала Жукова 72К5,30.197991,59.829902
2008,4,5,3,55.3,6800000,Пушкинский,Гуммолосаровская ,29,Звездная,299102369,Гуммолосаровская 29,30.423019,59.68534
2009,4,4,3,55.1,6900000,Пушкинский,Березовая ,19,Купчино,283488250,Березовая 19,30.147407,59.989904
2010,10,15,3,52.0,7090000,Выборгский, Кустодиева,4К2,Проспект Просвещения,298732166,Кустодиева 4К2,30.354846,60.043206
2011,6,12,3,52.3,7600000,Калининский, Ушинского,22/97,Гражданский проспект,297037467,Ушинского 22/97,30.416228,60.044729
2012,1,9,3,60.12,8000000,Кировский,проспект Ветеранов,112,Проспект Ветеранов,298091678,проспект Ветеранов 112,30.20021,59.831462
2013,6,9,3,57.3,8000000,Выборгский,проспект Художников,18К1,Проспект Просвещения,297584363,проспект Художников 18К1,30.348306,60.042815
2014,6,9,3,64.0,8200000,Красносельский,Петергофское шоссе,11/21,Ленинский проспект,296021112,Петергофское шоссе 11/21,30.193527,59.84796
2015,1,16,3,65.9,8300000,Красногвардейский,проспект Энтузиастов,47К4,Проспект Большевиков,290014553,проспект Энтузиастов 47К4,30.495917,59.949605
2016,3,9,3,60.1,8450000,Приморский,Серебристый бульвар,34К1,Комендантский проспект,299414118,Серебристый бульвар 34К1,30.283277,60.013735
2017,6,9,3,64.6,8700000,Кировский, Генерала Симоняка,17,Проспект Ветеранов,298479237,Генерала Симоняка 17,30.20401,59.828482
2018,2,9,3,58.3,8700000,Колпинский,Пролетарская ,48,Шушары,299024277,Пролетарская 48,30.18837,59.817074
2019,8,9,3,65.5,8650000,Калининский, Демьяна Бедного,30к1,Гражданский проспект,298021208,Демьяна Бедного 30к1,30.390752,60.048409
2020,1,9,3,66.7,8800000,Красносельский,проспект Кузнецова,20,Ленинский проспект,297049021,проспект Кузнецова 20,30.186816,59.856022
2021,8,9,3,61.7,8850000,Калининский, Вавиловых,7К3,Академическая,297535706,Вавиловых 7К3,30.393707,60.017634
2022,8,9,3,59.0,9000000,Невский, Евдокима Огнева,8К1,Улица Дыбенко,297537449,Евдокима Огнева 8К1,30.468303,59.897122
2023,4,9,3,63.0,9000000,Невский, Антонова-Овсеенко,9К1,Улица Дыбенко,297128617,Антонова-Овсеенко 9К1,30.462958,59.906887
2024,3,9,3,58.3,9100000,Фрунзенский, Белы Куна,23,Международная,297080484,Белы Куна 23,30.395746,59.876666
2025,1,24,3,50.9,9167090,Приморский, Ивинская,19к3,Комендантский проспект,297361201,Ивинская 19к3,30.132163,60.033324
2026,1,17,3,52.9,9241630,Приморский, Ивинская,15,Комендантский проспект,297361401,Ивинская 15,30.130842,60.031755
2027,1,24,3,56.7,9304470,Приморский, Ивинская,19к1,Комендантский проспект,297361023,Ивинская 19к1,30.128021,60.032587
2028,2,25,3,65.0,9425000,Красногвардейский,Полюстрово,69,,297023532,Полюстрово 69,30.40234,59.973131
2029,6,9,3,60.8,9400000,Невский, Подвойского,42,Улица Дыбенко,299114342,Подвойского 42,30.493393,59.917678
2030,3,5,3,54.6,9390000,Невский, Бабушкина,36,Ломоносовская,291381480,Бабушкина 36,30.437868,59.880902
2031,3,9,3,60.2,9480000,Приморский,Серебристый бульвар,6К1,Пионерская,293609520,Серебристый бульвар 6К1,30.282774,59.996938
2032,6,9,3,62.4,9500000,Фрунзенский,Будапештская ,101К1,Дунайская,299404106,Будапештская 101К1,30.407676,59.827053
2033,10,24,3,56.3,9599150,Приморский, Ивинская,19к1,Комендантский проспект,297407577,Ивинская 19к1,30.128021,60.032587
2034,1,24,3,51.0,9562500,Приморский, Ивинская,19к2,Комендантский проспект,297361178,Ивинская 19к2,30.130114,60.032996
2035,2,22,3,64.7,9672650,Красногвардейский, Пейзажная,6,Девяткино,299237079,Пейзажная 6,30.483045,60.013825
2036,2,9,3,61.6,9700000,Фрунзенский,Софийская ,55,Проспект Славы,299350318,Софийская 55,30.4102,59.868487
2037,1,17,3,52.3,9759180,Приморский, Ивинская,9,Комендантский проспект,297361126,Ивинская 9,30.132486,60.030645
2038,1,3,3,69.0,9899000,Фрунзенский,Витебская Сортировочная ,14,Волковская,298994127,Витебская Сортировочная 14,30.350732,59.888433
2039,7,22,3,63.9,9936450,Красногвардейский, Пейзажная,6,Девяткино,299237118,Пейзажная 6,30.483045,60.013825
2040,17,17,3,78.7,9900000,Выборгский,Юкковское шоссе,14к8,Проспект Просвещения,299168333,Юкковское шоссе 14к8,30.270386,60.107114
2041,1,24,3,55.7,9881180,Приморский, Ивинская,19к2,Комендантский проспект,297361176,Ивинская 19к2,30.130114,60.032996
2042,1,6,3,82.3,9876000,Курортный, Строителей,3к2,,292413397,Строителей 3к2,29.681981,60.207919
2043,6,25,3,65.64,10042920,Красногвардейский,Полюстрово,69,,297023686,Полюстрово 69,30.40234,59.973131
2044,3,6,3,83.0,9960000,Курортный, Строителей,3к2,,292413407,Строителей 3к2,29.681981,60.207919
2045,2,6,3,83.9,10068000,Курортный, Строителей,3к2,,292413405,Строителей 3к2,29.681981,60.207919
2046,20,21,3,58.88,10215680,Красногвардейский,Полюстрово,149/5,Гражданский проспект,294543946,Полюстрово 149/5,30.40234,59.973131
2047,1,24,3,53.9,10195185,Приморский, Ивинская,19к3,Комендантский проспект,297361228,Ивинская 19к3,30.132163,60.033324
2048,3,9,3,57.5,10250000,Фрунзенский,проспект Славы,4,Международная,299168568,проспект Славы 4,30.370558,59.855308
2049,2,25,3,63.28,10441200,Красногвардейский,Полюстрово,69,,297023726,Полюстрово 69,30.40234,59.973131
2050,9,12,3,63.0,10500000,Выборгский,проспект Энгельса,145К3,Проспект Просвещения,272335952,проспект Энгельса 145К3,30.339602,60.05468
2051,1,6,3,88.9,10668000,Курортный, Строителей,3к2,,292413320,Строителей 3к2,29.681981,60.207919
2052,2,23,3,53.46,10876316,Невский,Рыбацкое,5,Рыбацкое,299260915,Рыбацкое 5,30.489045,59.999399
2053,4,8,3,83.4,10800000,Красносельский,Красногородская ,5к1,Проспект Ветеранов,298612472,Красногородская 5к1,30.087085,59.718203
2054,3,6,3,90.5,10860000,Курортный, Строителей,3к2,,292413457,Строителей 3к2,29.681981,60.207919
2055,3,6,3,89.9,10788000,Курортный, Строителей,3к2,,292413330,Строителей 3к2,29.681981,60.207919
2056,8,25,3,63.93,10932030,Красногвардейский,Полюстрово,69,,297023913,Полюстрово 69,30.40234,59.973131
2057,1,6,3,68.4,11000000,Пушкинский,Ленинградская ,99,Шушары,299066716,Ленинградская 99,30.398621,59.734638
2058,1,6,3,91.9,11028000,Курортный, Строителей,3к2,,292413354,Строителей 3к2,29.681981,60.207919
2059,3,6,3,93.1,11172000,Курортный, Строителей,3к2,,292413357,Строителей 3к2,29.681981,60.207919
2060,10,12,3,77.2,11194000,Пушкинский,проспект Старорусский,9,,296280930,проспект Старорусский 9,30.357586,59.807455
2061,4,11,3,76.8,11136000,Пушкинский,проспект Старорусский,11,Звездная,285297786,проспект Старорусский 11,30.358107,59.806174
2062,2,6,3,94.1,11292000,Курортный, Строителей,3к2,,292413474,Строителей 3к2,29.681981,60.207919
2063,12,12,3,78.0,11310000,Пушкинский,проспект Старорусский,9,,296280954,проспект Старорусский 9,30.357586,59.807455
2064,3,5,3,79.0,11300000,Колпинский,проспект Ленина,19/3,Шушары,291690931,проспект Ленина 19/3,30.14208,59.999966
2065,23,23,3,54.32,11518713,Невский,Рыбацкое,5,Рыбацкое,299260885,Рыбацкое 5,30.489045,59.999399
2066,1,23,3,63.3,11564910,Приморский, Ивинская,1к4,Зенит,297885360,Ивинская 1к4,30.137247,60.028433
2067,3,9,3,57.0,11600000,Московский, Ленсовета,73К3,Звездная,297049015,Ленсовета 73К3,30.336305,59.837508
2068,2,8,3,72.17,11619370,Красносельский, Лермонтова,15к2Б,Проспект Ветеранов,299600067,Лермонтова 15к2Б,30.081426,59.735038
2069,1,23,3,55.8,11721546,Невский,Рыбацкое,4,Рыбацкое,293529827,Рыбацкое 4,30.488803,59.99926
2070,7,12,3,62.0,11750000,Кировский,Ленинский проспект,117К1,Ленинский проспект,299319992,Ленинский проспект 117К1,30.252932,59.851363
2071,9,12,3,81.1,11759500,Пушкинский,проспект Старорусский,9,,296280903,проспект Старорусский 9,30.357586,59.807455
2072,4,11,3,81.1,11759500,Пушкинский,проспект Старорусский,11,Звездная,285297787,проспект Старорусский 11,30.358107,59.806174
2073,2,4,3,64.0,11999000,Калининский,проспект Науки,44,Академическая,295777711,проспект Науки 44,30.426379,60.006377
2074,1,5,3,60.64,11966160,Колпинский,проезд Понтонный,6,Рыбацкое,298649361,проезд Понтонный 6,30.628661,59.753078
2075,4,5,3,67.6,11900000,Выборгский,Лесной проспект,59к4,Лесная,298704853,Лесной проспект 59к4,30.345234,59.983198
2076,21,23,3,49.59,12137460,Невский,Рыбацкое,4,Рыбацкое,297429040,Рыбацкое 4,30.488803,59.99926
2077,2,23,3,50.62,12004119,Невский,Рыбацкое,4,Рыбацкое,293529844,Рыбацкое 4,30.488803,59.99926
2078,6,23,3,53.43,12026833,Невский,Рыбацкое,4,Рыбацкое,296862481,Рыбацкое 4,30.488803,59.99926
2079,17,25,3,76.4,12000000,Выборгский, Валерия Гаврилина,5,Парнас,297884713,Валерия Гаврилина 5,30.335335,60.074527
2080,5,11,3,75.1,12046032,Пушкинский,проспект Старорусский,13к2,Звездная,294664504,проспект Старорусский 13к2,30.355825,59.805079
2081,17,23,3,54.46,12225760,Невский,Рыбацкое,4,Рыбацкое,296689388,Рыбацкое 4,30.488803,59.99926
2082,10,23,3,55.0,12200551,Невский,Рыбацкое,4,Рыбацкое,299389579,Рыбацкое 4,30.488803,59.99926
2083,11,16,3,65.8,12200000,Приморский,Богатырский проспект,35К2,Комендантский проспект,290550505,Богатырский проспект 35К2,30.242727,60.004816
2084,1,5,3,72.45,12167840,Колпинский,проезд Понтонный,6,Рыбацкое,298649322,проезд Понтонный 6,30.628661,59.753078
2085,2,8,3,77.32,12371200,Красносельский, Лермонтова,15к2Б,Проспект Ветеранов,299599987,Лермонтова 15к2Б,30.081426,59.735038
2086,9,10,3,71.1,12350000,Кировский, Лени Голикова,29к5,Проспект Ветеранов,295047380,Лени Голикова 29к5,30.22804,59.842648
2087,7,11,3,75.8,12364117,Пушкинский,проспект Старорусский,13к2,Звездная,294664510,проспект Старорусский 13к2,30.355825,59.805079
2088,14,26,3,78.7,12592000,Пушкинский,проспект Новгородский,2к3,Звездная,297714737,проспект Новгородский 2к3,30.371653,59.812193
2089,14,26,3,79.0,12500000,Выборгский, Михаила Дудина,25к2,Парнас,294120396,Михаила Дудина 25к2,30.329729,60.071851
2090,9,10,3,69.4,12500000,Приморский, Савушкина,145,Беговая,299528669,Савушкина 145,30.19738,59.990044
2091,2,8,3,79.9,12704100,Красносельский, Лермонтова,15к2Ж,Проспект Ветеранов,293979141,Лермонтова 15к2Ж,30.080671,59.735106
2092,9,27,3,66.93,12871875,Выборгский,проезд Толубеевский,34к2,,297361394,проезд Толубеевский 34к2,30.354002,60.085038
2093,4,6,3,70.9,12900000,Петроградский, Мира,23Б,Горьковская,294454401,Мира 23Б,30.323701,59.96089
2094,3,6,3,108.1,12972000,Курортный, Строителей,3к2,,292413453,Строителей 3к2,29.681981,60.207919
2095,1,27,3,72.06,13086096,Выборгский,Заречная ,52к1,,297905082,Заречная 52к1,30.352277,60.083876
2096,13,23,3,51.88,13041067,Невский,Рыбацкое,4,Рыбацкое,297429039,Рыбацкое 4,30.488803,59.99926
2097,5,6,3,108.8,13056000,Курортный, Строителей,3к2,,292413463,Строителей 3к2,29.681981,60.207919
2098,1,5,3,77.0,13250352,Московский, Струве,12,Звездная,299582501,Струве 12,30.318958,59.76512
2099,13,15,3,75.0,13200000,Приморский,Богатырский проспект,29К1,Комендантский проспект,293251040,Богатырский проспект 29К1,30.247866,60.002728
2100,1,5,3,81.89,13181049,Колпинский,шоссе Рубежное,12,Рыбацкое,298649286,шоссе Рубежное 12,30.625859,59.754502
2101,3,27,3,71.63,13285155,Выборгский,Заречная ,48к2,Парнас,297361447,Заречная 48к2,30.349923,60.084644
2102,2,27,3,71.47,13241893,Выборгский,Заречная ,48к2,Парнас,297361439,Заречная 48к2,30.349923,60.084644
2103,2,5,3,74.9,13248900,Колпинский,проезд Понтонный,6,Рыбацкое,298649327,проезд Понтонный 6,30.628661,59.753078
2104,1,14,3,69.9,13398000,Василеостровский,Морская набережная,17к1,Приморская,297922315,Морская набережная 17к1,30.206992,59.944932
2105,9,10,3,60.3,13440359,Приморский,Парашютная ,79к1,Комендантский проспект,292425359,Парашютная 79к1,30.241901,60.041251
2106,18,27,3,70.64,13674948,Выборгский,Заречная ,52к1,,297905240,Заречная 52к1,30.352277,60.083876
2107,2,12,3,79.1,13550000,Приморский,Вербная ,20/2,Удельная,299064522,Вербная 20/2,30.299779,60.025048
2108,16,27,3,70.85,13780650,Выборгский,проезд Толубеевский,34к3,,297361230,проезд Толубеевский 34к3,30.354927,60.085209
2109,16,17,3,70.77,13727380,Выборгский,проезд Толубеевский,34к1,,297361172,проезд Толубеевский 34к1,30.35534,60.084352
2110,10,27,3,71.63,13887315,Выборгский,проезд Толубеевский,34к3,,297361211,проезд Толубеевский 34к3,30.354927,60.085209
2111,5,5,3,82.8,13800000,Центральный,Боровая ,19Б,Лиговский проспект,296027889,Боровая 19Б,30.345728,59.919085
2112,1,5,3,85.67,13834651,Колпинский,шоссе Рубежное,12,Рыбацкое,298649319,шоссе Рубежное 12,30.625859,59.754502
2113,12,27,3,71.63,13827099,Выборгский,проезд Толубеевский,32,Проспект Просвещения,297361096,проезд Толубеевский 32,30.354891,60.083845
2114,3,8,3,89.97,14080305,Красносельский, Лермонтова,15к2Ж,Проспект Ветеранов,293979015,Лермонтова 15к2Ж,30.080671,59.735106
2115,2,16,3,76.0,13990000,Приморский,проспект Юнтоловский,43к1,Беговая,298727725,проспект Юнтоловский 43к1,30.137112,60.030717
2116,7,23,3,86.1,13990000,Красносельский,проспект Ветеранов,133к1,Проспект Ветеранов,299059423,проспект Ветеранов 133к1,30.155582,59.835478
2117,10,14,3,69.0,13990000,Фрунзенский,Будапештская ,87к2,Дунайская,292602980,Будапештская 87к2,30.399834,59.833479
2118,3,10,3,64.6,14100175,Приморский,Парашютная ,79к1,Озерки,292425363,Парашютная 79к1,30.241901,60.041251
2119,16,23,3,80.59,14184675,Приморский, Ивинская,1к2,Зенит,298977643,Ивинская 1к2,30.135406,60.027862
2120,6,8,3,89.14,14173260,Красносельский, Лермонтова,15к2Б,Проспект Ветеранов,299600020,Лермонтова 15к2Б,30.081426,59.735038
2121,3,16,3,63.98,14116203,Невский, Гудиловская,9,Рыбацкое,297298340,Гудиловская 9,30.533144,59.82684
2122,1,5,3,79.57,14114880,Колпинский,шоссе Рубежное,14,Рыбацкое,298649499,шоссе Рубежное 14,30.626928,59.753645
2123,19,27,3,101.6,14100000,Выборгский, Федора Абрамова,21к3,Парнас,298959238,Федора Абрамова 21к3,30.348782,60.079734
2124,1,25,3,75.9,14200000,Приморский,Яхтенная ,30к4,Комендантский проспект,299478663,Яхтенная 30к4,30.218122,60.002625
2125,5,10,3,64.3,14343761,Приморский,Парашютная ,79к1,Комендантский проспект,292425339,Парашютная 79к1,30.241901,60.041251
2126,2,8,3,90.51,14391090,Красносельский, Лермонтова,15к2Б,Проспект Ветеранов,299600114,Лермонтова 15к2Б,30.081426,59.735038
2127,4,6,3,70.3,14300000,Петроградский,Большая Монетная ,7,Горьковская,292824961,Большая Монетная 7,30.313964,59.960476
2128,9,10,3,63.2,14497797,Приморский,Парашютная ,79к1,Озерки,298402694,Парашютная 79к1,30.241901,60.041251
2129,4,5,3,78.84,14470680,Колпинский,шоссе Рубежное,14,Рыбацкое,298649507,шоссе Рубежное 14,30.626928,59.753645
2130,1,5,3,81.83,14550315,Московский,Пулковское шоссе,95к4,Звездная,292871148,Пулковское шоссе 95к4,30.305052,59.756115
2131,4,6,3,80.9,14550000,Пушкинский,Красносельское шоссе,48/60,Купчино,297902986,Красносельское шоссе 48/60,30.146688,59.790046
2132,5,7,3,88.7,14700000,Центральный,Невский проспект,147,Площадь Александра Невского,282974920,Невский проспект 147,30.378346,59.925845
2133,1,11,3,65.77,14739223,Невский, Гудиловская,5к1,Рыбацкое,295426182,Гудиловская 5к1,30.531455,59.829075
2134,5,23,3,80.38,14763600,Приморский, Ивинская,5к2,Зенит,297885280,Ивинская 5к2,30.133088,60.029305
2135,3,5,3,76.11,14854070,Колпинский,шоссе Рубежное,12,Рыбацкое,298649271,шоссе Рубежное 12,30.625859,59.754502
2136,8,8,3,95.05,14875325,Красносельский, Лермонтова,15к2Ж,Проспект Ветеранов,293979112,Лермонтова 15к2Ж,30.080671,59.735106
2137,3,16,3,67.54,14845812,Невский, Гудиловская,9,Рыбацкое,299577861,Гудиловская 9,30.533144,59.82684
2138,21,23,3,80.59,14924745,Приморский, Ивинская,5к2,Зенит,297885356,Ивинская 5к2,30.133088,60.029305
2139,1,7,3,61.11,14873800,Приморский,шоссе Суздальское,18к3,Проспект Просвещения,298651103,шоссе Суздальское 18к3,30.279432,60.058973
2140,1,7,3,64.12,14822770,Приморский,шоссе Суздальское,18к3,Проспект Просвещения,298651096,шоссе Суздальское 18к3,30.279432,60.058973
2141,3,10,3,67.3,15000000,Калининский, Замшина,58,,295101157,Замшина 58,30.404092,59.980105
2142,1,11,3,68.69,15074127,Невский, Гудиловская,5к1,Рыбацкое,295426194,Гудиловская 5к1,30.531455,59.829075
2143,17,17,3,73.2,14990000,Невский, Белышева,5/6,Проспект Большевиков,298976631,Белышева 5/6,30.455727,59.909856
2144,5,5,3,78.0,14999000,Колпинский, Анисимова,5к7,,284435062,Анисимова 5к7,30.605799,59.73233
2145,5,5,3,83.51,14968200,Колпинский,шоссе Рубежное,12,Рыбацкое,298649282,шоссе Рубежное 12,30.625859,59.754502
2146,9,10,3,66.6,15157862,Приморский,Парашютная ,79к1,Комендантский проспект,298402672,Парашютная 79к1,30.241901,60.041251
2147,5,5,3,73.47,15126804,Колпинский,шоссе Рубежное,12,Рыбацкое,298649308,шоссе Рубежное 12,30.625859,59.754502
2148,13,17,3,78.8,15400000,Калининский,проспект Металлистов,117,Выборгская,289317245,проспект Металлистов 117,30.386754,59.97599
2149,5,5,3,75.13,15353840,Колпинский,шоссе Рубежное,12,Рыбацкое,298649273,шоссе Рубежное 12,30.625859,59.754502
2150,9,10,3,67.5,15484198,Приморский,Парашютная ,79к1,Комендантский проспект,292425344,Парашютная 79к1,30.241901,60.041251
2151,1,5,3,87.3,15450223,Московский,Пулковское шоссе,99к6,Звездная,296054922,Пулковское шоссе 99к6,30.304522,59.753822
2152,2,8,3,80.0,15500000,Петроградский,Ординарная ,21,Петроградская,298854078,Ординарная 21,30.304981,59.968394
2153,1,5,3,87.95,15593340,Колпинский,шоссе Рубежное,14,Рыбацкое,298697653,шоссе Рубежное 14,30.626928,59.753645
2154,4,25,3,86.0,15500000,Кировский,проспект Маршала Жукова,48к1,Ленинский проспект,299060656,проспект Маршала Жукова 48к1,30.212364,59.844126
2155,1,7,3,76.91,15455990,Приморский,шоссе Суздальское,18к3,Проспект Просвещения,298651119,шоссе Суздальское 18к3,30.279432,60.058973
2156,7,7,3,81.5,15500000,Адмиралтейский,набережная Канала Грибоедова,148-150,Балтийская,297215460,набережная Канала Грибоедова 148-150,30.288658,59.920681
2157,5,6,3,80.0,15700000,Петроградский, Блохина,4,Спортивная,299343353,Блохина 4,30.304738,59.950515
2158,5,5,3,86.53,15687840,Колпинский,шоссе Рубежное,12,Рыбацкое,298649316,шоссе Рубежное 12,30.625859,59.754502
2159,5,5,3,84.06,15789760,Колпинский,шоссе Рубежное,14,Рыбацкое,298649470,шоссе Рубежное 14,30.626928,59.753645
2160,1,5,3,74.21,15757000,Колпинский,шоссе Рубежное,14,Рыбацкое,298649454,шоссе Рубежное 14,30.626928,59.753645
2161,4,4,3,90.0,16000000,Центральный,Невский проспект,103,Площадь Восстания,297071747,Невский проспект 103,30.368024,59.929614
2162,3,5,3,86.29,16032000,Колпинский,шоссе Рубежное,14,Рыбацкое,298923949,шоссе Рубежное 14,30.626928,59.753645
2163,2,5,3,86.92,16044000,Колпинский,шоссе Рубежное,14,Рыбацкое,298649456,шоссе Рубежное 14,30.626928,59.753645
2164,5,5,3,70.04,16224000,Колпинский,шоссе Рубежное,14,Рыбацкое,298649394,шоссе Рубежное 14,30.626928,59.753645
2165,26,26,3,71.1,16200000,Невский, Дыбенко,5к1,Улица Дыбенко,295239682,Дыбенко 5к1,30.451577,59.899004
2166,3,16,3,80.0,16200000,Фрунзенский,Софийская ,38к2,Международная,299531865,Софийская 38к2,30.411036,59.873248
2167,7,7,3,78.1,16500000,Невский, Седова,94,Ломоносовская,299164003,Седова 94,30.439045,59.872141
2168,5,5,3,92.3,16650504,Московский, Струве,12,Звездная,299582532,Струве 12,30.318958,59.76512
2169,4,5,3,83.43,16596120,Колпинский,шоссе Рубежное,14,Рыбацкое,298649528,шоссе Рубежное 14,30.626928,59.753645
2170,4,9,3,77.5,16792578,Красносельский, Тамбасова,5,Проспект Ветеранов,298331223,Тамбасова 5,30.154432,59.841401
2171,8,8,3,105.05,16702950,Красносельский, Лермонтова,15к2Б,Проспект Ветеранов,299600043,Лермонтова 15к2Б,30.081426,59.735038
2172,5,5,3,85.03,16762900,Колпинский,шоссе Рубежное,14,Рыбацкое,298649410,шоссе Рубежное 14,30.626928,59.753645
2173,1,15,3,78.1,17100112,Невский,Дальневосточный проспект,19к1,Проспект Большевиков,298292409,Дальневосточный проспект 19к1,30.447301,59.906982
2174,5,5,3,80.95,17159700,Колпинский,шоссе Рубежное,14,Рыбацкое,298649548,шоссе Рубежное 14,30.626928,59.753645
2175,3,4,3,126.0,17100000,Пушкинский,Набережная ,1,Купчино,275932867,Набережная 1,30.142933,59.774072
2176,1,4,3,96.82,17250274,Красносельский,проспект Буденного,13,Ленинский проспект,295774774,проспект Буденного 13,30.093876,59.836997
2177,2,18,3,90.55,17204500,Невский, Тельмана,37,Ломоносовская,299556060,Тельмана 37,30.47999,59.891268
2178,1,4,3,95.17,17250752,Красносельский,проспект Буденного,15,Проспект Ветеранов,295827644,проспект Буденного 15,30.092682,59.838114
2179,16,26,3,68.5,17290000,Невский, Дыбенко,7к2,Улица Дыбенко,299552430,Дыбенко 7к2,30.456661,59.899428
2180,4,5,3,99.4,17400715,Московский, Струве,8к3,Звездная,299582489,Струве 8к3,30.318599,59.763226
2181,4,5,3,97.0,17500000,Центральный, Жуковского,32,Площадь Восстания,299474046,Жуковского 32,30.361476,59.936025
2182,10,10,3,71.9,17643514,Приморский,Парашютная ,79к1,Комендантский проспект,292425360,Парашютная 79к1,30.241901,60.041251
2183,15,15,3,78.8,17643320,Василеостровский,проспект Крузенштерна,2,,294545436,проспект Крузенштерна 2,30.203112,59.930791
2184,2,14,3,83.4,17731674,Фрунзенский,Волковское,1,Обводный канал,290735404,Волковское 1,30.366614,59.892067
2185,12,12,3,69.2,17690841,Фрунзенский,Волковское,5,Обводный канал,287140616,Волковское 5,30.366614,59.892067
2186,13,14,3,99.8,17600000,Приморский,проспект Авиаконструкторов,42к3,,289712007,проспект Авиаконструкторов 42к3,30.217682,60.027678
2187,1,7,3,85.49,17718910,Приморский,шоссе Суздальское,18к3,Проспект Просвещения,298651134,шоссе Суздальское 18к3,30.279432,60.058973
2188,1,16,3,85.3,17550022,Московский, Федора Котанова,5к2,Звездная,292227245,Федора Котанова 5к2,30.341632,59.826008
2189,5,17,3,72.45,17822700,Василеостровский,Гавань,12,Горный институт,294545394,Гавань 12,30.241164,59.930038
2190,3,3,3,81.7,17763033,Петродворцовый,Красносельское шоссе,22,Ленинский проспект,285685066,Красносельское шоссе 22,30.133618,59.779463
2191,15,15,3,79.6,17822440,Василеостровский,проспект Крузенштерна,2,Горный институт,294545449,проспект Крузенштерна 2,30.203112,59.930791
2192,2,17,3,73.02,17846088,Василеостровский,Гавань,12,Горный институт,294545364,Гавань 12,30.241164,59.930038
2193,12,23,3,68.9,17894035,Калининский,Полюстровский проспект,75,Лесная,299507393,Полюстровский проспект 75,30.366201,59.981708
2194,9,18,3,88.19,17858475,Невский, Тельмана,37,Ломоносовская,299556053,Тельмана 37,30.47999,59.891268
2195,9,14,3,74.4,17820288,Фрунзенский,Волковское,5,Обводный канал,295643026,Волковское 5,30.366614,59.892067
2196,4,10,3,82.6,17800000,Калининский,проспект Науки,79к3,Академическая,298093233,проспект Науки 79к3,30.433269,60.002364
2197,3,3,3,79.4,18050908,Петродворцовый,Красносельское шоссе,22,Ленинский проспект,285685196,Красносельское шоссе 22,30.133618,59.779463
2198,9,18,3,89.29,18081225,Невский, Тельмана,37,Ломоносовская,299556050,Тельмана 37,30.47999,59.891268
2199,2,12,3,77.5,17980000,Красногвардейский,Партизанская ,5Б,Ладожская,299403319,Партизанская 5Б,30.425858,59.943368
2200,14,23,3,74.21,18090621,Невский,Рыбацкое,4,Рыбацкое,299389560,Рыбацкое 4,30.488803,59.99926
2201,21,26,3,80.1,17940000,Приморский,проспект Королева,7,Пионерская,295040057,проспект Королева 7,30.29094,60.01074
2202,14,15,3,87.3,17998000,Красносельский, Рихарда Зорге,4к2,Ленинский проспект,297079059,Рихарда Зорге 4к2,30.182001,59.851159
2203,3,23,3,103.0,18000000,Выборгский,проспект Луначарского,76К2,,293835473,проспект Луначарского 76К2,30.365123,60.036942
2204,4,5,3,87.9,18000000,Колпинский, Анисимова,5к7,Шушары,299136877,Анисимова 5к7,30.605799,59.73233
2205,2,11,3,74.5,18001584,Фрунзенский,Волковское,3,Обводный канал,278117225,Волковское 3,30.366614,59.892067
2206,2,14,3,77.2,18195654,Фрунзенский,Волковское,1,Обводный канал,288160196,Волковское 1,30.366614,59.892067
2207,16,24,3,77.93,18263441,Невский, Славянская,8,Рыбацкое,298813572,Славянская 8,30.526191,59.83324
2208,4,4,3,95.98,18250117,Красносельский,проспект Буденного,13,Ленинский проспект,295704542,проспект Буденного 13,30.093876,59.836997
2209,2,25,3,84.06,18224076,Приморский,Коломяжский проспект,13к2,Пионерская,297024582,Коломяжский проспект 13к2,30.302348,59.999615
2210,15,24,3,106.2,18263966,Приморский,проспект Королева,63к1,Комендантский проспект,299120871,проспект Королева 63к1,30.243617,60.03242
2211,2,13,3,76.3,18237226,Фрунзенский,Волковское,1,Обводный канал,291847028,Волковское 1,30.366614,59.892067
2212,10,10,3,72.5,18311221,Приморский,Парашютная ,79к1,Комендантский проспект,298402688,Парашютная 79к1,30.241901,60.041251
2213,5,17,3,75.18,18434136,Василеостровский,Гавань,12,Горный институт,294545369,Гавань 12,30.241164,59.930038
2214,4,25,3,88.44,18380898,Приморский,Коломяжский проспект,13к2,Пионерская,297024482,Коломяжский проспект 13к2,30.302348,59.999615
2215,5,11,3,74.2,18434841,Фрунзенский,Волковское,3,Обводный канал,293875621,Волковское 3,30.366614,59.892067
2216,2,19,3,85.72,18452287,Приморский,Коломяжский проспект,13,Пионерская,298257064,Коломяжский проспект 13,30.30101,59.998027
2217,4,12,3,76.0,18620000,Красногвардейский,Партизанская ,5Б,Ладожская,299403302,Партизанская 5Б,30.425858,59.943368
2218,3,10,3,95.6,18500000,Приморский, Оптиков,52к2Е,Беговая,299528805,Оптиков 52к2Е,30.20136,59.999395
2219,2,9,3,79.5,18642750,Выборгский,Светлановский проспект,45,Политехническая,299252946,Светлановский проспект 45,30.35128,60.011437
2220,2,6,3,77.2,18500000,Василеостровский,проспект Большой Васильевского острова,87,Василеостровская,298142159,проспект Большой Васильевского острова 87,30.249069,59.929718
2221,6,7,3,82.5,18500000,Василеостровский,Гаванская ,12к2,Приморская,299274353,Гаванская 12к2,30.240203,59.930728
2222,12,17,3,80.24,18728738,Невский,Октябрьская набережная,11Б,Пролетарская,297359635,Октябрьская набережная 11Б,30.496959,59.861652
2223,19,23,3,68.4,18830758,Калининский,Полюстровский проспект,75,Лесная,299507424,Полюстровский проспект 75,30.366201,59.981708
2224,2,11,3,79.58,18760587,Невский, Гудиловская,6к1,Обухово,291122681,Гудиловская 6к1,30.532533,59.828663
2225,3,16,3,84.62,18770021,Приморский,Коломяжский проспект,13к3,Пионерская,297023986,Коломяжский проспект 13к3,30.303579,59.999377
2226,1,4,3,106.5,18700654,Красносельский,проспект Буденного,15,Проспект Ветеранов,296297119,проспект Буденного 15,30.092682,59.838114
2227,12,17,3,74.5,18754941,Невский,Октябрьская набережная,11Б,Пролетарская,297359447,Октябрьская набережная 11Б,30.496959,59.861652
2228,13,25,3,88.72,18796359,Приморский,Коломяжский проспект,13к2,Пионерская,297024498,Коломяжский проспект 13к2,30.302348,59.999615
2229,2,17,3,94.0,18651908,Московский, Федора Котанова,5к1,Звездная,292227298,Федора Котанова 5к1,30.342755,59.826411
2230,2,5,3,109.33,18900205,Московский,Пулковское шоссе,95к3,Звездная,298634626,Пулковское шоссе 95к3,30.308322,59.754121
2231,15,24,3,107.1,18985262,Приморский,проспект Королева,63к1,Комендантский проспект,299120869,проспект Королева 63к1,30.243617,60.03242
2232,5,5,3,77.0,19000000,Центральный,Большая Морская ,23/12,Адмиралтейская,265206983,Большая Морская 23/12,30.313784,59.934465
2233,6,16,3,83.38,19017185,Московский,Кубинская ,82к1,Ленинский проспект,274433313,Кубинская 82к1,30.300902,59.840781
2234,13,17,3,77.17,18923030,Невский,Октябрьская набережная,11Б,Пролетарская,297359458,Октябрьская набережная 11Б,30.496959,59.861652
2235,12,25,3,85.65,18994141,Приморский,Коломяжский проспект,13к2,Пионерская,288159791,Коломяжский проспект 13к2,30.302348,59.999615
2236,6,7,3,87.92,19018200,Приморский,шоссе Суздальское,18к3,Проспект Просвещения,298651107,шоссе Суздальское 18к3,30.279432,60.058973
2237,4,25,3,81.36,19028547,Приморский,Богатырский проспект,2А,Пионерская,296739174,Богатырский проспект 2А,30.304289,60.000857
2238,13,17,3,77.86,19184105,Невский,Октябрьская набережная,11Б,Пролетарская,297359644,Октябрьская набережная 11Б,30.496959,59.861652
2239,1,7,3,82.52,19193700,Приморский,набережная Реки Каменки,3к3,Озерки,298651757,набережная Реки Каменки 3к3,30.280879,60.057527
2240,5,17,3,93.2,19160988,Московский, Федора Котанова,5к1,Звездная,292227269,Федора Котанова 5к1,30.342755,59.826411
2241,11,25,3,82.19,19388398,Приморский,Богатырский проспект,2А,Пионерская,297024799,Богатырский проспект 2А,30.304289,60.000857
2242,4,12,3,81.8,19316589,Московский,Черниговская ,17,Московские ворота,298657777,Черниговская 17,30.330717,59.8977
2243,3,7,3,85.16,19247250,Приморский,набережная Реки Каменки,3к3,Озерки,298651712,набережная Реки Каменки 3к3,30.280879,60.057527
2244,2,16,3,86.37,19283794,Московский,Кубинская ,82к1,Ленинский проспект,274433467,Кубинская 82к1,30.300902,59.840781
2245,2,19,3,90.23,19265654,Приморский,Коломяжский проспект,13,Пионерская,297025004,Коломяжский проспект 13,30.30101,59.998027
2246,1,6,3,120.2,19232000,Выборгский,шоссе Суздальское,10,Проспект Просвещения,295461270,шоссе Суздальское 10,30.291353,60.062759
2247,19,25,3,78.61,19540805,Приморский,Богатырский проспект,2А,Пионерская,296406901,Богатырский проспект 2А,30.304289,60.000857
2248,1,8,3,83.8,19444649,Московский,Черниговская ,13к2,Московские ворота,298657942,Черниговская 13к2,30.329271,59.896039
2249,9,9,3,101.0,19500000,Красногвардейский,Большеохтинский проспект,15К2,Новочеркасская,297574481,Большеохтинский проспект 15К2,30.411682,59.9507
2250,15,15,3,91.0,19419400,Василеостровский,проспект Крузенштерна,2,Горный институт,294545445,проспект Крузенштерна 2,30.203112,59.930791
2251,1,19,3,107.3,19535200,Московский, Парфеновская,17,Московские ворота,298656981,Парфеновская 17,30.312688,59.89357
2252,1,7,3,85.84,19408500,Приморский,набережная Реки Каменки,3к3,Озерки,298651692,набережная Реки Каменки 3к3,30.280879,60.057527
2253,15,17,3,80.55,19751847,Невский,Октябрьская набережная,11Б,Пролетарская,297359494,Октябрьская набережная 11Б,30.496959,59.861652
2254,2,16,3,87.37,19644515,Приморский,Коломяжский проспект,13к3,Пионерская,297024140,Коломяжский проспект 13к3,30.303579,59.999377
2255,2,7,3,88.41,19699680,Приморский,набережная Реки Каменки,3к3,Озерки,298651804,набережная Реки Каменки 3к3,30.280879,60.057527
2256,3,19,3,86.1,19966590,Невский,Октябрьская набережная,57к3,Елизаровская,294544634,Октябрьская набережная 57к3,30.448639,59.89835
2257,2,19,3,87.2,19872880,Невский,Октябрьская набережная,57к3,Елизаровская,294544635,Октябрьская набережная 57к3,30.448639,59.89835
2258,3,4,3,68.0,19900000,Василеостровский,2-я Васильевского острова линия,59,Спортивная,299575219,2-я Васильевского острова линия 59,30.279864,59.948239
2259,7,8,3,82.0,19990000,Адмиралтейский,Подъездной переулок,12,Пушкинская,298333887,Подъездной переулок 12,30.333547,59.918458
2260,9,18,3,90.8,19976000,Василеостровский,бульвар Головнина,3к1,Горный институт,294573119,бульвар Головнина 3к1,30.205285,59.933731
2261,9,13,3,83.6,19967692,Фрунзенский,Волковское,3,Обводный канал,276514783,Волковское 3,30.366614,59.892067
2262,3,24,3,74.1,19990000,Московский, Среднерогатская,16к5,Звездная,296840978,Среднерогатская 16к5,30.344066,59.824873
2263,7,14,3,83.54,19945000,Приморский,Студенческая ,14к1,Лесная,298140549,Студенческая 14к1,30.326262,59.990953
2264,1,3,3,88.4,20096981,Петродворцовый,Красносельское шоссе,22,Ленинский проспект,297863668,Красносельское шоссе 22,30.133618,59.779463
2265,9,19,3,83.7,20163330,Невский,Октябрьская набережная,57к3,Елизаровская,294544655,Октябрьская набережная 57к3,30.448639,59.89835
2266,3,15,3,95.39,20150374,Невский,Октябрьская набережная,36к3,Проспект Большевиков,298589100,Октябрьская набережная 36к3,30.442863,59.904793
2267,1,12,3,93.1,20143141,Московский,Черниговская ,17,Московские ворота,298657692,Черниговская 17,30.330717,59.8977
2268,9,13,3,85.4,20061484,Фрунзенский,Волковское,3,Обводный канал,288388047,Волковское 3,30.366614,59.892067
2269,8,19,3,91.63,20112959,Приморский,Коломяжский проспект,13,Пионерская,297025048,Коломяжский проспект 13,30.30101,59.998027
2270,15,15,3,96.5,20255350,Василеостровский,проспект Крузенштерна,2,,294545430,проспект Крузенштерна 2,30.203112,59.930791
2271,2,19,3,106.1,20348124,Московский, Парфеновская,17,Московские ворота,298657088,Парфеновская 17,30.312688,59.89357
2272,1,4,3,131.4,20370000,Курортный, Тарховская,84Б,Зенит,299315555,Тарховская 84Б,30.005545,60.05543
2273,12,17,3,79.33,20251042,Невский,Октябрьская набережная,11Б,Пролетарская,297359446,Октябрьская набережная 11Б,30.496959,59.861652
2274,2,24,3,101.6,20221368,Приморский,проспект Королева,65,Комендантский проспект,294844855,проспект Королева 65,30.242224,60.033679
2275,6,10,3,63.8,20416000,Приморский,Фермское шоссе,12Б,Удельная,297991460,Фермское шоссе 12Б,30.311341,60.013002
2276,7,8,3,128.64,20453760,Красносельский, Лермонтова,15к2Б,Проспект Ветеранов,299600033,Лермонтова 15к2Б,30.081426,59.735038
2277,5,18,3,94.9,20403500,Василеостровский,бульвар Головнина,3к1,Горный институт,294573202,бульвар Головнина 3к1,30.205285,59.933731
2278,2,8,3,83.8,20430051,Московский,Лиговский проспект,287,Московские ворота,298657924,Лиговский проспект 287,30.332244,59.896097
2279,3,12,3,88.6,20440891,Московский,Черниговская ,17,Московские ворота,298657739,Черниговская 17,30.330717,59.8977
2280,2,12,3,89.9,20415120,Московский,Черниговская ,17,Московские ворота,298657735,Черниговская 17,30.330717,59.8977
2281,15,17,3,86.94,20497882,Невский,Октябрьская набережная,11Б,Пролетарская,297359485,Октябрьская набережная 11Б,30.496959,59.861652
2282,2,16,3,87.59,20464131,Приморский,Коломяжский проспект,13к3,Пионерская,297024100,Коломяжский проспект 13к3,30.303579,59.999377
2283,2,24,3,103.5,20500070,Приморский,проспект Королева,65,Комендантский проспект,294844854,проспект Королева 65,30.242224,60.033679
2284,6,19,3,90.52,20579912,Приморский,Коломяжский проспект,13,Пионерская,297025024,Коломяжский проспект 13,30.30101,59.998027
2285,8,11,3,92.25,20690000,Центральный,Днепропетровская ,5,Лиговский проспект,294879370,Днепропетровская 5,30.361718,59.919459
2286,8,18,3,96.6,20769000,Василеостровский,бульвар Головнина,3к1,Горный институт,294573098,бульвар Головнина 3к1,30.205285,59.933731
2287,5,18,3,96.3,20704500,Василеостровский,бульвар Головнина,3к1,Горный институт,294573211,бульвар Головнина 3к1,30.205285,59.933731
2288,2,8,3,82.5,20706993,Московский,Лиговский проспект,287,Московские ворота,298657889,Лиговский проспект 287,30.332244,59.896097
2289,16,17,3,83.32,20723622,Невский,Октябрьская набережная,11Б,Пролетарская,297359508,Октябрьская набережная 11Б,30.496959,59.861652
2290,3,5,3,87.1,20650000,Центральный,Невский проспект,51,Маяковская,295694937,Невский проспект 51,30.349115,59.932288
2291,3,5,3,75.0,20790000,Центральный,Волоколамский переулок,1,Лиговский проспект,299183851,Волоколамский переулок 1,30.348719,59.92037
2292,5,13,3,87.53,20833000,Калининский, Академика Константинова,1к1,Академическая,297263179,Академика Константинова 1к1,30.379711,60.017832
2293,3,11,3,85.43,20931000,Калининский, Академика Константинова,1к1,Академическая,298534369,Академика Константинова 1к1,30.379711,60.017832
2294,6,12,3,83.74,20823626,Приморский,проспект Авиаконструкторов,54,Комендантский проспект,266867977,проспект Авиаконструкторов 54,30.204962,60.033908
2295,2,19,3,96.05,20898237,Приморский,Коломяжский проспект,13,Пионерская,299571701,Коломяжский проспект 13,30.30101,59.998027
2296,6,12,3,66.0,20800000,Московский, Решетникова,29,Электросила,297797951,Решетникова 29,30.34068,59.877872
2297,5,18,3,97.6,20984000,Василеостровский,бульвар Головнина,3к1,Горный институт,294573194,бульвар Головнина 3к1,30.205285,59.933731
2298,3,3,3,84.0,20900000,Адмиралтейский,2-я Красноармейская ,13,Технологический институт,297557960,2-я Красноармейская 13,30.312481,59.915436
2299,2,16,3,103.2,21150169,Приморский,аллея Арцеуловская,15,Комендантский проспект,291984385,аллея Арцеуловская 15,30.200012,60.039836
2300,9,13,3,75.2,21056000,Калининский, Академика Константинова,1к1,Академическая,294618030,Академика Константинова 1к1,30.379711,60.017832
2301,2,13,3,87.06,21156000,Калининский, Академика Константинова,1к1,Академическая,297263175,Академика Константинова 1к1,30.379711,60.017832
2302,2,8,3,86.3,21143877,Московский,Лиговский проспект,287,Московские ворота,298657926,Лиговский проспект 287,30.332244,59.896097
2303,17,17,3,85.1,21166349,Невский,Октябрьская набережная,11Б,Пролетарская,297359509,Октябрьская набережная 11Б,30.496959,59.861652
2304,1,12,3,85.9,21241953,Василеостровский,Гавань,1,Приморская,279628295,Гавань 1,30.241164,59.930038
2305,2,25,3,88.54,21137138,Приморский,Богатырский проспект,2А,Пионерская,297024805,Богатырский проспект 2А,30.304289,60.000857
2306,2,9,3,78.17,21259999,Адмиралтейский, Шкапина,43-45,Балтийская,299481486,Шкапина 43-45,30.288622,59.903823
2307,14,15,3,88.4,21366280,Невский,Октябрьская набережная,57к3,Елизаровская,294544489,Октябрьская набережная 57к3,30.448639,59.89835
2308,2,4,3,98.1,21360000,Курортный, Тарховская,84Б,Зенит,299315567,Тарховская 84Б,30.005545,60.05543
2309,1,6,3,76.6,21256500,Выборгский,Зеленогорская ,3,Удельная,298198034,Зеленогорская 3,30.325543,60.000654
2310,5,11,3,89.5,21340000,Центральный,Днепропетровская ,7,Лиговский проспект,293426149,Днепропетровская 7,30.361332,59.919175
2311,10,10,3,87.7,21335000,Василеостровский,проспект Малый Васильевского острова,54к2,Горный институт,268140010,проспект Малый Васильевского острова 54к2,30.25754,59.941781
2312,2,5,3,93.75,21562500,Выборгский, Береговая,12,Проспект Просвещения,294140959,Береговая 12,30.290509,60.058165
2313,2,12,3,97.7,21648146,Московский,Черниговская ,17,Московские ворота,298657755,Черниговская 17,30.330717,59.8977
2314,2,12,3,94.1,21464163,Московский,Черниговская ,17,Московские ворота,298657704,Черниговская 17,30.330717,59.8977
2315,6,16,3,99.9,21500000,Приморский, Савушкина,127,Беговая,287392183,Савушкина 127,30.219281,59.987303
2316,3,10,3,94.0,21500000,Красносельский, Адмирала Коновалова,2-4,Проспект Ветеранов,277257698,Адмирала Коновалова 2-4,30.149707,59.849989
2317,6,19,3,96.86,21660109,Приморский,Коломяжский проспект,13,Пионерская,299571710,Коломяжский проспект 13,30.30101,59.998027
2318,4,12,3,96.8,21843291,Московский,Черниговская ,17,Московские ворота,298657764,Черниговская 17,30.330717,59.8977
2319,5,19,3,105.2,21700000,Московский, Парфеновская,17,Московские ворота,298657098,Парфеновская 17,30.312688,59.89357
2320,15,15,3,90.4,21876800,Невский,Октябрьская набережная,57к3,Елизаровская,294544495,Октябрьская набережная 57к3,30.448639,59.89835
2321,5,12,3,84.36,21800000,Выборгский,Большой Сампсониевский проспект,70к3,Выборгская,292991790,Большой Сампсониевский проспект 70к3,30.33149,59.980691
2322,3,8,3,78.5,21805716,Московский,Черниговская ,13к2,Московские ворота,298657966,Черниговская 13к2,30.329271,59.896039
2323,2,19,3,109.3,21883945,Московский, Парфеновская,17,Московские ворота,298657009,Парфеновская 17,30.312688,59.89357
2324,2,13,3,91.31,21915000,Калининский, Академика Константинова,1к1,Академическая,283448897,Академика Константинова 1к1,30.379711,60.017832
2325,11,18,3,105.2,22092000,Василеостровский,бульвар Александра Грина,2к2,Приморская,294573304,бульвар Александра Грина 2к2,30.205986,59.935146
2326,8,10,3,91.8,22000000,Фрунзенский,Днепропетровская ,65,Обводный канал,296604378,Днепропетровская 65,30.356939,59.910032
2327,6,18,3,87.7,22000000,Приморский,Фермское шоссе,14к1,Удельная,298755301,Фермское шоссе 14к1,30.312742,60.012827
2328,6,13,3,89.69,22244000,Калининский, Академика Константинова,1к1,Академическая,297263189,Академика Константинова 1к1,30.379711,60.017832
2329,7,18,3,100.5,22110000,Василеостровский,бульвар Александра Грина,2к2,Приморская,296079713,бульвар Александра Грина 2к2,30.205986,59.935146
2330,6,18,3,105.5,22155000,Василеостровский,бульвар Александра Грина,2к2,Приморская,294573300,бульвар Александра Грина 2к2,30.205986,59.935146
2331,13,19,3,103.1,22280618,Московский, Парфеновская,17,Московские ворота,298657046,Парфеновская 17,30.312688,59.89357
2332,4,20,3,85.8,22379999,Василеостровский, Челюскина,8,,287253517,Челюскина 8,30.187679,59.942065
2333,2,13,3,93.12,22349000,Калининский, Академика Константинова,1к1,Академическая,289786762,Академика Константинова 1к1,30.379711,60.017832
2334,5,11,3,89.46,22365000,Калининский, Академика Константинова,1к1,Академическая,298534387,Академика Константинова 1к1,30.379711,60.017832
2335,8,14,3,94.02,22309999,Красногвардейский,проспект Энергетиков,2,,291004611,проспект Энергетиков 2,30.434311,59.931134
2336,7,25,3,101.1,22500000,Выборгский, Композиторов,12,Проспект Просвещения,297155703,Композиторов 12,30.314781,60.052245
2337,9,17,3,88.79,22352653,Невский,Октябрьская набережная,11Б,Пролетарская,297359658,Октябрьская набережная 11Б,30.496959,59.861652
2338,15,17,3,90.56,22531047,Невский,Октябрьская набережная,11Б,Пролетарская,297359491,Октябрьская набережная 11Б,30.496959,59.861652
2339,2,12,3,79.6,22482303,Василеостровский,Гавань,1,Приморская,291846335,Гавань 1,30.241164,59.930038
2340,10,13,3,77.6,22376368,Приморский,Студенческая ,14к2,Лесная,299384031,Студенческая 14к2,30.327043,59.991804
2341,3,4,3,90.3,22700000,Центральный,Стремянная ,2/4,Достоевская,290781470,Стремянная 2/4,30.348459,59.931504
2342,2,12,3,101.4,22703891,Московский,Черниговская ,17,Московские ворота,298657709,Черниговская 17,30.330717,59.8977
2343,4,5,3,81.2,22900000,Центральный,Большая Конюшенная ,3,Адмиралтейская,298962706,Большая Конюшенная 3,30.323953,59.940618
2344,4,23,3,105.5,22840750,Невский,Октябрьская набережная,57к3,Елизаровская,294544538,Октябрьская набережная 57к3,30.448639,59.89835
2345,2,23,3,107.0,22769600,Невский,Октябрьская набережная,57к3,Елизаровская,294544522,Октябрьская набережная 57к3,30.448639,59.89835
2346,4,12,3,100.1,22819131,Московский,Черниговская ,17,Московские ворота,298657728,Черниговская 17,30.330717,59.8977
2347,11,12,3,80.7,22915168,Фрунзенский,Волковское,4,Обводный канал,294724107,Волковское 4,30.366614,59.892067
2348,7,18,3,103.1,23197500,Василеостровский,бульвар Александра Грина,2к2,Приморская,296079711,бульвар Александра Грина 2к2,30.205986,59.935146
2349,9,18,3,110.1,23121000,Василеостровский,бульвар Александра Грина,2к2,Приморская,294573275,бульвар Александра Грина 2к2,30.205986,59.935146
2350,6,18,3,110.5,23205000,Василеостровский,бульвар Александра Грина,2к2,Приморская,294573299,бульвар Александра Грина 2к2,30.205986,59.935146
2351,3,12,3,92.4,23022995,Московский,Черниговская ,17,Московские ворота,298657747,Черниговская 17,30.330717,59.8977
2352,1,9,3,96.0,23000000,Фрунзенский,Будапештская ,8к4,Международная,262891116,Будапештская 8к4,30.369192,59.871789
2353,8,12,3,82.4,23170880,Фрунзенский,Волковское,4,Обводный канал,287469061,Волковское 4,30.366614,59.892067
2354,3,9,3,82.94,23369999,Адмиралтейский, Шкапина,43-45,Балтийская,299481421,Шкапина 43-45,30.288622,59.903823
2355,6,13,3,95.34,23359000,Калининский, Академика Константинова,1к1,Академическая,295287488,Академика Константинова 1к1,30.379711,60.017832
2356,12,23,3,103.4,23358060,Невский,Октябрьская набережная,57к3,Елизаровская,294544681,Октябрьская набережная 57к3,30.448639,59.89835
2357,2,9,3,86.38,23379999,Адмиралтейский, Шкапина,43-45,Балтийская,299481489,Шкапина 43-45,30.288622,59.903823
2358,1,4,3,148.0,23260000,Курортный, Тарховская,84Б,Зенит,299315547,Тарховская 84Б,30.005545,60.05543
2359,5,6,3,80.1,23389200,Выборгский,Зеленогорская ,3,Удельная,298198018,Зеленогорская 3,30.325543,60.000654
2360,6,6,3,69.0,23400000,Центральный, Маяковского,3,Маяковская,299241251,Маяковского 3,30.355071,59.933974
2361,11,12,3,93.25,23339543,Приморский, Плесецкая,2,Комендантский проспект,292291410,Плесецкая 2,30.205959,60.029508
2362,14,14,3,84.1,23556410,Василеостровский,набережная Миклухо-Маклая,1к1,Горный институт,294706816,набережная Миклухо-Маклая 1к1,30.201737,59.929804
2363,2,10,3,90.45,23500673,Выборгский,Светлановский проспект,12к1,Удельная,296054879,Светлановский проспект 12к1,30.342323,60.009197
2364,7,18,3,104.3,23467500,Василеостровский,бульвар Александра Грина,2к2,Приморская,296079709,бульвар Александра Грина 2к2,30.205986,59.935146
2365,11,18,3,112.6,23646000,Василеостровский,бульвар Александра Грина,2к2,Приморская,292856750,бульвар Александра Грина 2к2,30.205986,59.935146
2366,10,17,3,92.4,23587498,Невский,Октябрьская набережная,11Б,Пролетарская,297359659,Октябрьская набережная 11Б,30.496959,59.861652
2367,11,12,3,73.8,23562052,Василеостровский,Гавань,1,Приморская,290945874,Гавань 1,30.241164,59.930038
2368,1,9,3,81.7,23538587,Адмиралтейский,Измайловское,к 2.2,Балтийская,290945742,Измайловское к 2.2,30.308188,59.907501
2369,4,12,3,98.28,23484006,Приморский, Плесецкая,2,Комендантский проспект,275720484,Плесецкая 2,30.205959,60.029508
2370,15,24,3,88.5,23500000,Московский,проспект Космонавтов,61к1,Звездная,299314732,проспект Космонавтов 61к1,30.356625,59.839642
2371,3,18,3,116.6,23903000,Василеостровский,бульвар Александра Грина,2к2,Приморская,294573282,бульвар Александра Грина 2к2,30.205986,59.935146
2372,16,17,3,94.26,23787523,Невский,Октябрьская набережная,11Б,Пролетарская,297359507,Октябрьская набережная 11Б,30.496959,59.861652
2373,10,12,3,84.1,23700000,Выборгский, Александра Матросова,8к1,Лесная,298392607,Александра Матросова 8к1,30.333781,59.978575
2374,3,6,3,102.0,23900000,Центральный,3-я Советская ,21/4,Площадь Александра Невского,286347205,3-я Советская 21/4,30.374896,59.930313
2375,2,14,3,90.03,23859999,Красногвардейский,проспект Энергетиков,2,,291004582,проспект Энергетиков 2,30.434311,59.931134
2376,2,4,3,95.9,24166800,Красносельский,проспект Патриотов,33,,296569848,проспект Патриотов 33,30.148404,59.862443
2377,2,18,3,120.6,24120000,Василеостровский,бульвар Головнина,3к1,Горный институт,294573174,бульвар Головнина 3к1,30.205285,59.933731
2378,4,14,3,88.92,24199999,Красногвардейский,проспект Энергетиков,2,,291004617,проспект Энергетиков 2,30.434311,59.931134
2379,8,12,3,88.8,24228192,Фрунзенский,Волковское,4,Обводный канал,292514253,Волковское 4,30.366614,59.892067
2380,2,4,3,119.8,24200000,Курортный, Тарховская,84Б,Зенит,299315564,Тарховская 84Б,30.005545,60.05543
2381,2,4,3,120.7,24200000,Курортный, Тарховская,84Б,Зенит,299315561,Тарховская 84Б,30.005545,60.05543
2382,5,6,3,86.5,24349750,Выборгский,Зеленогорская ,3,Удельная,298197988,Зеленогорская 3,30.325543,60.000654
2383,7,18,3,105.3,24219000,Василеостровский,бульвар Головнина,3к1,Горный институт,297709759,бульвар Головнина 3к1,30.205285,59.933731
2384,3,18,3,119.0,24395000,Василеостровский,бульвар Головнина,3к1,Горный институт,294573167,бульвар Головнина 3к1,30.205285,59.933731
2385,9,9,3,81.3,24268050,Выборгский,Светлановский проспект,45,Политехническая,299252983,Светлановский проспект 45,30.35128,60.011437
2386,2,14,3,92.71,24289999,Красногвардейский,проспект Энергетиков,2,,288171977,проспект Энергетиков 2,30.434311,59.931134
2387,6,13,3,103.7,24629000,Выборгский,Лиственная ,20к2,Озерки,274590055,Лиственная 20к2,30.336987,60.029162
2388,11,13,3,103.1,24487000,Выборгский,Лиственная ,20к2,Озерки,293207368,Лиственная 20к2,30.336987,60.029162
2389,4,12,3,102.64,24608967,Приморский, Плесецкая,4,Комендантский проспект,275720147,Плесецкая 4,30.207711,60.030578
2390,1,9,3,81.7,24444803,Адмиралтейский,Измайловское,к 2.1,Балтийская,295870076,Измайловское к 2.1,30.308188,59.907501
2391,1,7,3,89.1,24632051,Адмиралтейский,Измайловское,к 2.2,Балтийская,290945735,Измайловское к 2.2,30.308188,59.907501
2392,4,12,3,102.63,24523439,Приморский, Плесецкая,2,Комендантский проспект,275720528,Плесецкая 2,30.205959,60.029508
2393,2,11,3,77.67,24636147,Московский,Благодатная ,50,Электросила,267475627,Благодатная 50,30.338991,59.876928
2394,2,8,3,105.5,24566632,Красносельский,проспект Патриотов,35,Проспект Ветеранов,296258548,проспект Патриотов 35,30.145673,59.861824
2395,8,13,3,96.6,24710000,Выборгский,Лиственная ,20к2,Озерки,299255835,Лиственная 20к2,30.336987,60.029162
2396,12,13,3,104.5,24819000,Выборгский,Лиственная ,20к2,Озерки,274590039,Лиственная 20к2,30.336987,60.029162
2397,14,19,3,99.1,24875370,Московский, Парфеновская,17,Московские ворота,298657114,Парфеновская 17,30.312688,59.89357
2398,2,9,3,80.0,24823520,Адмиралтейский,Измайловское,к 2.2,Балтийская,291240202,Измайловское к 2.2,30.308188,59.907501
2399,3,12,3,88.1,24748611,Фрунзенский,Волковское,4,Обводный канал,277372718,Волковское 4,30.366614,59.892067
2400,3,14,3,101.55,24990000,Адмиралтейский,бульвар Измайловский,9,Фрунзенская,292308447,бульвар Измайловский 9,30.306229,59.900448
2401,3,9,3,91.24,25039999,Адмиралтейский, Шкапина,43-45,Балтийская,299481445,Шкапина 43-45,30.288622,59.903823
2402,4,8,3,83.3,24990000,Центральный,Херсонская ,43/12,Площадь Александра Невского,299370271,Херсонская 43/12,30.384607,59.926846
2403,18,18,3,124.5,24900000,Выборгский,Выборгское шоссе,5к1И,Озерки,299557221,Выборгское шоссе 5к1И,30.322192,60.038924
2404,2,9,3,80.0,24928800,Адмиралтейский,Измайловское,к 2.1,Балтийская,292512722,Измайловское к 2.1,30.308188,59.907501
2405,2,8,3,95.8,25108222,Красносельский,проспект Патриотов,33,,297300050,проспект Патриотов 33,30.148404,59.862443
2406,19,22,3,82.0,24900000,Московский,Варшавская ,19к5,Электросила,298731193,Варшавская 19к5,30.310505,59.87374
2407,6,6,3,78.5,25316250,Выборгский,Зеленогорская ,3,Удельная,299372497,Зеленогорская 3,30.325543,60.000654
2408,2,4,3,96.7,25335400,Красносельский,проспект Патриотов,33,,296569857,проспект Патриотов 33,30.148404,59.862443
2409,18,18,3,87.2,25326705,Адмиралтейский,бульвар Измайловский,9,Фрунзенская,299459363,бульвар Измайловский 9,30.306229,59.900448
2410,15,17,3,96.76,25181361,Невский,Октябрьская набережная,11Б,Пролетарская,297359652,Октябрьская набережная 11Б,30.496959,59.861652
2411,2,7,3,86.7,25329578,Адмиралтейский,Измайловское,к 2.2,Балтийская,293408417,Измайловское к 2.2,30.308188,59.907501
2412,6,14,3,92.37,25279999,Красногвардейский,проспект Энергетиков,2,,291004602,проспект Энергетиков 2,30.434311,59.931134
2413,3,8,3,104.5,25377552,Красносельский,проспект Патриотов,35,Проспект Ветеранов,296258507,проспект Патриотов 35,30.145673,59.861824
2414,2,5,3,94.4,25600000,Приморский,1-я Утиная ,32,Озерки,298680780,1-я Утиная 32,30.29712,60.034713
2415,6,6,3,87.9,25491000,Выборгский,Зеленогорская ,3,Удельная,298198005,Зеленогорская 3,30.325543,60.000654
2416,13,17,3,94.71,25599471,Невский,Октябрьская набережная,11Б,Пролетарская,297359642,Октябрьская набережная 11Б,30.496959,59.861652
2417,3,7,3,86.7,25508874,Адмиралтейский,Измайловское,к 2.1,Балтийская,290945806,Измайловское к 2.1,30.308188,59.907501
2418,1,7,3,89.1,25486342,Адмиралтейский,Измайловское,к 2.1,Балтийская,296794264,Измайловское к 2.1,30.308188,59.907501
2419,5,7,3,79.7,25500000,Центральный,Днепропетровская ,37,Лиговский проспект,299482020,Днепропетровская 37,30.361179,59.91641
2420,14,16,3,93.4,25500000,Выборгский, Композиторов,22к4,Проспект Просвещения,299251078,Композиторов 22к4,30.316587,60.060819
2421,3,13,3,107.1,25919000,Выборгский,Лиственная ,20к2,Озерки,293207354,Лиственная 20к2,30.336987,60.029162
2422,2,4,3,126.9,25650000,Курортный, Тарховская,84Б,Зенит,299315565,Тарховская 84Б,30.005545,60.05543
2423,1,9,3,81.7,25742689,Адмиралтейский,Измайловское,к1,Балтийская,278054280,Измайловское к1,30.308188,59.907501
2424,2,6,3,101.0,25800000,Василеостровский,переулок Тучков,3,Василеостровская,293163775,переулок Тучков 3,30.290104,59.943679
2425,9,16,3,98.9,25800000,Красносельский,Петергофское шоссе,53,Ленинский проспект,297488821,Петергофское шоссе 53,30.140212,59.849049
2426,6,9,3,94.0,25950000,Выборгский,Большой Сампсониевский проспект,69к4,Лесная,292405508,Большой Сампсониевский проспект 69к4,30.337733,59.982239
2427,6,13,3,95.4,25997000,Выборгский,Лиственная ,20к2,Озерки,290580261,Лиственная 20к2,30.336987,60.029162
2428,6,6,3,83.8,26145600,Выборгский,Зеленогорская ,3,Удельная,298198024,Зеленогорская 3,30.325543,60.000654
2429,1,9,3,97.5,25973610,Адмиралтейский,Измайловское,к 2.2,Балтийская,290945731,Измайловское к 2.2,30.308188,59.907501
2430,2,10,3,107.09,26250222,Выборгский,Светлановский проспект,12к1,Удельная,298674049,Светлановский проспект 12к1,30.342323,60.009197
2431,7,10,3,122.5,26400000,Выборгский,Выборгское шоссе,5к1Д,Озерки,289196048,Выборгское шоссе 5к1Д,30.319327,60.039625
2432,8,12,3,79.1,26409117,Василеостровский,Гавань,1,Приморская,278054314,Гавань 1,30.241164,59.930038
2433,2,11,3,84.39,26603948,Московский,Благодатная ,50,Электросила,275655546,Благодатная 50,30.338991,59.876928
2434,3,11,3,104.59,26671000,Калининский, Академика Константинова,1к1,Академическая,298534317,Академика Константинова 1к1,30.379711,60.017832
2435,8,13,3,107.5,26607000,Выборгский,Лиственная ,20к2,Озерки,293207360,Лиственная 20к2,30.336987,60.029162
2436,7,25,3,85.3,26500000,Московский,Дунайский проспект,14к1,Звездная,297246872,Дунайский проспект 14к1,30.333457,59.831955
2437,4,4,3,145.6,26500000,Курортный, Тарховская,84Б,Зенит,299315537,Тарховская 84Б,30.005545,60.05543
2438,1,4,3,105.9,26686800,Красносельский,проспект Патриотов,33,,296569922,проспект Патриотов 33,30.148404,59.862443
2439,8,9,3,78.3,26658644,Адмиралтейский,Измайловское,к 2.2,Балтийская,298768008,Измайловское к 2.2,30.308188,59.907501
2440,1,9,3,97.5,26468520,Адмиралтейский,Измайловское,к 2.1,Балтийская,290945805,Измайловское к 2.1,30.308188,59.907501
2441,6,12,3,95.91,26499933,Приморский,проспект Авиаконструкторов,54,Комендантский проспект,266867241,проспект Авиаконструкторов 54,30.204962,60.033908
2442,1,8,3,105.9,26695272,Красносельский,проспект Патриотов,33,,297300154,проспект Патриотов 33,30.148404,59.862443
2443,2,17,3,105.35,26600875,Выборгский,Большой Сампсониевский проспект,77,Лесная,299273049,Большой Сампсониевский проспект 77,30.334598,59.987258
2444,8,13,3,99.9,26463809,Приморский,Студенческая ,14к1,Лесная,278767295,Студенческая 14к1,30.326262,59.990953
2445,6,11,3,85.2,26838000,Адмиралтейский,набережная Обводного Канала,108,Фрунзенская,298721635,набережная Обводного Канала 108,30.313047,59.907988
2446,10,18,3,127.7,26817000,Василеостровский,бульвар Александра Грина,2к2,Приморская,298345098,бульвар Александра Грина 2к2,30.205986,59.935146
2447,4,11,3,85.26,26878215,Московский,Благодатная ,50,Электросила,289060872,Благодатная 50,30.338991,59.876928
2448,1,9,3,99.1,26968083,Адмиралтейский,Измайловское,к 2.2,Балтийская,290945730,Измайловское к 2.2,30.308188,59.907501
2449,1,9,3,117.0,26700921,Выборгский, Александра Матросова,3,Лесная,296753871,Александра Матросова 3,30.335182,59.978255
2450,12,12,3,90.06,26747820,Приморский, Плесецкая,6,Комендантский проспект,275720094,Плесецкая 6,30.209427,60.031701
2451,5,8,3,96.2,26936000,Адмиралтейский,Подъездной переулок,12,Пушкинская,298923197,Подъездной переулок 12,30.333547,59.918458
2452,2,8,3,102.8,26941824,Красносельский,проспект Патриотов,33,,297687695,проспект Патриотов 33,30.148404,59.862443
2453,2,6,3,80.2,26949800,Курортный,дорога Таможенная,11к1с4,Беговая,293980696,дорога Таможенная 11к1с4,29.942986,60.128471
2454,5,7,3,86.7,27130684,Адмиралтейский,Измайловское,к1,Балтийская,274416466,Измайловское к1,30.308188,59.907501
2455,3,13,3,109.4,27077000,Выборгский,Лиственная ,20к2,Озерки,291308879,Лиственная 20к2,30.336987,60.029162
2456,1,4,3,179.3,27050000,Курортный, Тарховская,84Б,Зенит,299315551,Тарховская 84Б,30.005545,60.05543
2457,12,12,3,88.5,27061884,Василеостровский,Гавань,1,Приморская,282740893,Гавань 1,30.241164,59.930038
2458,6,9,3,80.0,27072000,Адмиралтейский,Измайловское,к1,Балтийская,283176999,Измайловское к1,30.308188,59.907501
2459,5,8,3,104.3,27126344,Красносельский,проспект Патриотов,35,Проспект Ветеранов,296258470,проспект Патриотов 35,30.145673,59.861824
2460,4,9,3,82.07,27160110,Василеостровский,7-я Васильевского острова линия,84,Василеостровская,291703854,7-я Васильевского острова линия 84,30.2715,59.948735
2461,3,12,3,101.22,27511596,Приморский,проспект Авиаконструкторов,54,Комендантский проспект,266867533,проспект Авиаконструкторов 54,30.204962,60.033908
2462,1,6,3,106.7,27528600,Выборгский,Зеленогорская ,3,Удельная,298198007,Зеленогорская 3,30.325543,60.000654
2463,8,9,3,79.0,27461348,Адмиралтейский,Измайловское,к1,Балтийская,276272572,Измайловское к1,30.308188,59.907501
2464,12,12,3,92.64,27514080,Приморский, Плесецкая,6,Комендантский проспект,275720126,Плесецкая 6,30.209427,60.031701
2465,2,8,3,97.4,27475566,Красносельский,проспект Патриотов,33,,297300116,проспект Патриотов 33,30.148404,59.862443
2466,19,27,3,123.1,27360000,Приморский,Планерная ,63к1,Комендантский проспект,299121813,Планерная 63к1,30.220602,60.023155
2467,23,23,3,93.9,27704829,Выборгский, Шостаковича,8к2Б2,Проспект Просвещения,295748204,Шостаковича 8к2Б2,30.330313,60.059795
2468,7,8,3,83.5,27555000,Центральный,Херсонская ,43/12,Площадь Александра Невского,299370272,Херсонская 43/12,30.384607,59.926846
2469,3,9,3,105.4,27700068,Выборгский, Александра Матросова,1,Лесная,296753826,Александра Матросова 1,30.331741,59.977012
2470,2,9,3,84.99,27710110,Василеостровский,7-я Васильевского острова линия,84,Василеостровская,291703893,7-я Васильевского острова линия 84,30.2715,59.948735
2471,23,23,3,99.9,28034208,Выборгский, Шостаковича,8к2Б2,Проспект Просвещения,295748206,Шостаковича 8к2Б2,30.330313,60.059795
2472,18,18,3,127.4,28028000,Василеостровский,бульвар Александра Грина,2к2,Приморская,294573333,бульвар Александра Грина 2к2,30.205986,59.935146
2473,3,9,3,86.06,27919376,Василеостровский,7-я Васильевского острова линия,84,Василеостровская,291703853,7-я Васильевского острова линия 84,30.2715,59.948735
2474,8,9,3,99.2,28050883,Выборгский, Александра Матросова,1,Лесная,296753836,Александра Матросова 1,30.331741,59.977012
2475,12,12,3,94.57,28087290,Приморский, Плесецкая,6,Комендантский проспект,276977337,Плесецкая 6,30.209427,60.031701
2476,2,8,3,98.9,28052856,Красносельский,проспект Патриотов,35,Проспект Ветеранов,296258464,проспект Патриотов 35,30.145673,59.861824
2477,5,11,3,108.62,28242000,Калининский, Академика Константинова,1к1,Академическая,298534331,Академика Константинова 1к1,30.379711,60.017832
2478,8,9,3,99.8,28250186,Выборгский, Александра Матросова,3,Лесная,299266560,Александра Матросова 3,30.335182,59.978255
2479,4,9,3,84.2,28343365,Василеостровский,7-я Васильевского острова линия,84,Василеостровская,291703907,7-я Васильевского острова линия 84,30.2715,59.948735
2480,14,14,3,103.2,28627680,Василеостровский,набережная Миклухо-Маклая,1к1,Горный институт,294660795,набережная Миклухо-Маклая 1к1,30.201737,59.929804
2481,2,10,3,95.0,28364888,Приморский,Белоостровская ,28,Черная речка,298657315,Белоостровская 28,30.310128,59.987226
2482,3,9,3,114.4,28600228,Выборгский, Александра Матросова,1,Лесная,296753864,Александра Матросова 1,30.331741,59.977012
2483,2,11,3,95.8,28435356,Московский,Благодатная ,50,Электросила,267475714,Благодатная 50,30.338991,59.876928
2484,3,5,3,96.31,28893000,Курортный, Инструментальщиков,18,Беговая,299233997,Инструментальщиков 18,29.942726,60.086295
2485,9,13,3,109.5,28744000,Выборгский,Лиственная ,20к2,Озерки,293207361,Лиственная 20к2,30.336987,60.029162
2486,11,12,3,90.1,28832000,Приморский,Белоостровская ,7,Лесная,298198119,Белоостровская 7,30.329451,59.985462
2487,2,4,3,101.9,28735800,Красносельский,проспект Патриотов,33,,296569893,проспект Патриотов 33,30.148404,59.862443
2488,8,12,3,86.8,28795000,Приморский,Белоостровская ,7,Лесная,295734465,Белоостровская 7,30.329451,59.985462
2489,4,9,3,110.8,28697200,Выборгский,Светлановский проспект,45,Политехническая,299252965,Светлановский проспект 45,30.35128,60.011437
2490,12,12,3,93.28,28711584,Приморский,проспект Авиаконструкторов,54,Комендантский проспект,266867439,проспект Авиаконструкторов 54,30.204962,60.033908
2491,2,8,3,102.1,28800368,Красносельский,проспект Патриотов,33,,297300139,проспект Патриотов 33,30.148404,59.862443
2492,3,9,3,87.1,28848816,Василеостровский,7-я Васильевского острова линия,84,Василеостровская,291720445,7-я Васильевского острова линия 84,30.2715,59.948735
2493,5,6,3,92.8,29139200,Выборгский,Зеленогорская ,3,Удельная,298198046,Зеленогорская 3,30.325543,60.000654
2494,3,12,3,106.87,29047266,Приморский,проспект Авиаконструкторов,54,Комендантский проспект,266866827,проспект Авиаконструкторов 54,30.204962,60.033908
2495,11,12,3,83.0,29050000,Приморский,Белоостровская ,7,Лесная,299247046,Белоостровская 7,30.329451,59.985462
2496,2,9,3,118.7,29437600,Выборгский,Светлановский проспект,45,Политехническая,299252945,Светлановский проспект 45,30.35128,60.011437
2497,1,4,3,199.9,29350000,Курортный, Тарховская,84Б,Зенит,299315553,Тарховская 84Б,30.005545,60.05543
2498,1,4,3,200.7,29350000,Курортный, Тарховская,84Б,Зенит,299315550,Тарховская 84Б,30.005545,60.05543
2499,5,10,3,109.6,29301869,Приморский,Белоостровская ,28,Черная речка,298657363,Белоостровская 28,30.310128,59.987226
2500,4,10,3,109.4,29428007,Приморский,Белоостровская ,28,Черная речка,298657461,Белоостровская 28,30.310128,59.987226
2501,8,9,3,79.0,29317848,Адмиралтейский,Измайловское,к 2.1,Балтийская,295870055,Измайловское к 2.1,30.308188,59.907501
2502,10,12,3,94.7,29357000,Приморский,Белоостровская ,7,Лесная,299335942,Белоостровская 7,30.329451,59.985462
2503,10,11,3,103.03,29363550,Московский, Решетникова,29,Электросила,267975655,Решетникова 29,30.34068,59.877872
2504,8,14,3,113.03,29519999,Красногвардейский,проспект Энергетиков,2,,291004607,проспект Энергетиков 2,30.434311,59.931134
2505,2,6,3,87.73,29439170,Курортный,дорога Таможенная,11к1с4,Беговая,293980695,дорога Таможенная 11к1с4,29.942986,60.128471
2506,2,11,3,91.68,29722656,Красногвардейский, Стахановцев,1,Новочеркасская,299636478,Стахановцев 1,30.405098,59.929835
2507,6,6,3,94.5,29607795,Выборгский,Зеленогорская ,3,Удельная,298198058,Зеленогорская 3,30.325543,60.000654
2508,5,9,3,112.3,29647200,Выборгский,Светлановский проспект,45,Политехническая,299252979,Светлановский проспект 45,30.35128,60.011437
2509,12,12,3,101.18,29595151,Приморский, Плесецкая,2,Комендантский проспект,275720401,Плесецкая 2,30.205959,60.029508
2510,1,9,3,98.46,29606922,Петроградский,Петроградская набережная,38,Горьковская,258156108,Петроградская набережная 38,30.332676,59.963832
2511,22,23,3,102.1,30052073,Выборгский, Шостаковича,8к2Б2,Проспект Просвещения,295748212,Шостаковича 8к2Б2,30.330313,60.059795
2512,12,12,3,90.8,29964000,Приморский,Белоостровская ,7,Лесная,299592383,Белоостровская 7,30.329451,59.985462
2513,3,9,3,115.7,29850947,Выборгский, Александра Матросова,1,Лесная,296753842,Александра Матросова 1,30.331741,59.977012
2514,7,8,3,111.3,30000000,Василеостровский,15-я Васильевского острова линия,84,Василеостровская,297234011,15-я Васильевского острова линия 84,30.260721,59.946482
2515,1,6,3,117.3,29970150,Выборгский,Зеленогорская ,3,Удельная,298198027,Зеленогорская 3,30.325543,60.000654
2516,2,10,3,101.9,29839229,Приморский,Белоостровская ,28,Черная речка,298657183,Белоостровская 28,30.310128,59.987226
2517,8,9,3,78.3,29911852,Адмиралтейский,Измайловское,к1,Балтийская,287651417,Измайловское к1,30.308188,59.907501
2518,4,8,3,97.9,29898820,Красносельский,проспект Патриотов,35,Проспект Ветеранов,296258453,проспект Патриотов 35,30.145673,59.861824
2519,2,9,3,89.63,29994680,Петроградский,Петроградская набережная,38,Горьковская,258156439,Петроградская набережная 38,30.332676,59.963832
2520,2,11,3,105.72,30130200,Московский,Благодатная ,50,Электросила,267475755,Благодатная 50,30.338991,59.876928
2521,2,9,3,92.11,30377878,Петроградский,Петроградская набережная,38,Горьковская,258155972,Петроградская набережная 38,30.332676,59.963832
2522,2,9,3,90.63,30329330,Петроградский,Петроградская набережная,38,Горьковская,258155777,Петроградская набережная 38,30.332676,59.963832
2523,10,12,3,87.0,30450000,Приморский,Белоостровская ,7,Лесная,299315296,Белоостровская 7,30.329451,59.985462
2524,10,10,3,98.0,30664872,Приморский,Белоостровская ,28,Черная речка,298657365,Белоостровская 28,30.310128,59.987226
2525,1,9,3,97.5,30611100,Адмиралтейский,Измайловское,к1,Балтийская,279628266,Измайловское к1,30.308188,59.907501
2526,2,9,3,111.6,30700490,Выборгский, Александра Матросова,1,Лесная,296753862,Александра Матросова 1,30.331741,59.977012
2527,7,11,3,107.72,30700200,Московский,Благодатная ,50,Электросила,294662303,Благодатная 50,30.338991,59.876928
2528,11,11,3,106.96,30483600,Московский,Благодатная ,50,Электросила,294555796,Благодатная 50,30.338991,59.876928
2529,3,5,3,86.1,30500000,Центральный,проспект Чернышевского,13,Чернышевская,298681503,проспект Чернышевского 13,30.358835,59.945725
2530,3,5,3,76.77,31008938,Курортный, Инструментальщиков,18,Беговая,291779588,Инструментальщиков 18,29.942726,60.086295
2531,6,9,3,114.3,30861000,Выборгский,Светлановский проспект,45,Политехническая,299252995,Светлановский проспект 45,30.35128,60.011437
2532,4,10,3,91.8,30915248,Приморский,набережная Черной речки,1,Черная речка,298474370,набережная Черной речки 1,30.319264,59.981082
2533,1,7,3,89.1,31005730,Адмиралтейский,Измайловское,к1,Балтийская,275536764,Измайловское к1,30.308188,59.907501
2534,1,9,3,102.29,30758603,Петроградский,Петроградская набережная,38,Горьковская,258155921,Петроградская набережная 38,30.332676,59.963832
2535,2,9,3,93.51,30839598,Петроградский,Петроградская набережная,38,Горьковская,258156119,Петроградская набережная 38,30.332676,59.963832
2536,6,9,3,86.37,30998193,Петроградский,Петроградская набережная,38,Горьковская,258156508,Петроградская набережная 38,30.332676,59.963832
2537,13,13,3,100.3,31344000,Выборгский,Лиственная ,20к2,Озерки,274971647,Лиственная 20к2,30.336987,60.029162
2538,4,4,3,194.0,31300000,Курортный, Тарховская,84Б,Зенит,299315542,Тарховская 84Б,30.005545,60.05543
2539,8,9,3,115.8,31050264,Выборгский, Александра Матросова,3,Лесная,296753869,Александра Матросова 3,30.335182,59.978255
2540,4,9,3,89.43,31228956,Петроградский,Петроградская набережная,38,Горьковская,258156473,Петроградская набережная 38,30.332676,59.963832
2541,12,13,3,100.5,31407000,Выборгский,Лиственная ,20к2,Озерки,275565760,Лиственная 20к2,30.336987,60.029162
2542,19,20,3,96.2,31509999,Василеостровский, Челюскина,8,,292728302,Челюскина 8,30.187679,59.942065
2543,10,11,3,99.43,31538202,Московский,Благодатная ,50,Электросила,267475626,Благодатная 50,30.338991,59.876928
2544,7,11,3,92.57,31895480,Красногвардейский, Стахановцев,1,Новочеркасская,299636590,Стахановцев 1,30.405098,59.929835
2545,4,4,3,189.5,31900000,Курортный, Тарховская,84Б,Зенит,299315540,Тарховская 84Б,30.005545,60.05543
2546,1,4,3,108.6,31711200,Красносельский,проспект Патриотов,33,,296569866,проспект Патриотов 33,30.148404,59.862443
2547,8,16,3,113.8,31896342,Адмиралтейский,Московский проспект,71к3,Фрунзенская,292149689,Московский проспект 71к3,30.315949,59.905746
2548,11,26,3,143.0,31990000,Выборгский,проспект Энгельса,93,Удельная,294815486,проспект Энгельса 93,30.321887,60.025012
2549,12,12,3,103.71,31735260,Приморский, Плесецкая,2,Комендантский проспект,275720460,Плесецкая 2,30.205959,60.029508
2550,12,12,3,105.21,31720815,Приморский, Плесецкая,4,Комендантский проспект,275720208,Плесецкая 4,30.207711,60.030578
2551,1,8,3,108.6,31719888,Красносельский,проспект Патриотов,33,,297300167,проспект Патриотов 33,30.148404,59.862443
2552,2,9,3,96.12,31700376,Петроградский,Петроградская набережная,38,Горьковская,258156111,Петроградская набережная 38,30.332676,59.963832
2553,1,9,3,105.55,31738885,Петроградский,Петроградская набережная,38,Горьковская,258156106,Петроградская набережная 38,30.332676,59.963832
2554,1,9,3,105.42,31699794,Петроградский,Петроградская набережная,38,Горьковская,258155966,Петроградская набережная 38,30.332676,59.963832
2555,10,14,3,92.0,31900000,Василеостровский,Уральская ,21,Василеостровская,299105627,Уральская 21,30.252896,59.955939
2556,6,10,3,94.9,32247742,Приморский,набережная Черной речки,1,Черная речка,298474355,набережная Черной речки 1,30.319264,59.981082
2557,12,12,3,106.29,32046435,Приморский, Плесецкая,4,Комендантский проспект,275720195,Плесецкая 4,30.207711,60.030578
2558,2,8,3,112.6,32042992,Красносельский,проспект Патриотов,35,Проспект Ветеранов,296258560,проспект Патриотов 35,30.145673,59.861824
2559,4,4,3,101.3,32618600,Красносельский,проспект Патриотов,33,,296569899,проспект Патриотов 33,30.148404,59.862443
2560,4,12,3,118.0,32312500,Приморский,Белоостровская ,7,Лесная,291806251,Белоостровская 7,30.329451,59.985462
2561,12,12,3,106.31,32530860,Приморский, Плесецкая,2,Комендантский проспект,275720482,Плесецкая 2,30.205959,60.029508
2562,2,11,3,118.97,32478810,Московский,Московский проспект,114Б,Московские ворота,294213908,Московский проспект 114Б,30.321015,59.891597
2563,6,11,3,102.34,32902500,Красногвардейский, Стахановцев,1,Новочеркасская,299464031,Стахановцев 1,30.405098,59.929835
2564,1,5,3,93.73,32732625,Курортный, Инструментальщиков,18,Беговая,293123142,Инструментальщиков 18,29.942726,60.086295
2565,3,10,3,108.1,32705436,Приморский,Белоостровская ,28,Черная речка,298657145,Белоостровская 28,30.310128,59.987226
2566,12,12,3,108.81,32806215,Приморский, Плесецкая,4,Комендантский проспект,275720163,Плесецкая 4,30.207711,60.030578
2567,1,4,3,130.8,32961600,Красносельский,проспект Патриотов,33,,296569906,проспект Патриотов 33,30.148404,59.862443
2568,6,10,3,84.1,33486543,Приморский,набережная Черной речки,1,Черная речка,298474327,набережная Черной речки 1,30.319264,59.981082
2569,12,12,3,108.99,33547122,Приморский,проспект Авиаконструкторов,54,Комендантский проспект,266866819,проспект Авиаконструкторов 54,30.204962,60.033908
2570,1,7,3,99.6,33864000,Петроградский,набережная Реки Карповки,31к2,Петроградская,284740226,набережная Реки Карповки 31к2,30.306148,59.970218
2571,2,9,3,112.8,33727200,Петроградский,Петровский проспект,11к3,Спортивная,294575852,Петровский проспект 11к3,30.262355,59.962697
2572,4,9,3,74.99,33745500,Петроградский,проспект Добролюбова,18а,Спортивная,299099161,проспект Добролюбова 18а,30.293338,59.949925
2573,4,16,3,127.1,33733859,Адмиралтейский, Парфеновская,6к1,Фрунзенская,292149741,Парфеновская 6к1,30.312392,59.905849
2574,12,12,3,109.83,33607980,Приморский, Плесецкая,2,Комендантский проспект,275720336,Плесецкая 2,30.205959,60.029508
2575,1,7,3,100.6,34204000,Петроградский,набережная Реки Карповки,31к2,Петроградская,284740222,набережная Реки Карповки 31к2,30.306148,59.970218
2576,5,16,3,127.5,34110860,Адмиралтейский, Парфеновская,6к1,Фрунзенская,292149739,Парфеновская 6к1,30.312392,59.905849
2577,1,8,3,96.8,34066425,Петроградский,Петровский проспект,22к2,Крестовский остров,293496549,Петровский проспект 22к2,30.261897,59.960368
2578,5,7,3,93.6,34631991,Петроградский,набережная Реки Карповки,31к2,Горьковская,284740273,набережная Реки Карповки 31к2,30.306148,59.970218
2579,9,11,3,116.31,34523134,Московский,Благодатная ,50,Электросила,299555565,Благодатная 50,30.338991,59.876928
2580,4,11,3,126.38,34501740,Московский,Московский проспект,114Б,Московские ворота,294213914,Московский проспект 114Б,30.321015,59.891597
2581,2,8,3,77.2,34836036,Петроградский,набережная Реки Карповки,31к1,Петроградская,297863455,набережная Реки Карповки 31к1,30.304657,59.970339
2582,3,10,3,94.12,34824400,Московский,Московский проспект,72к2,Фрунзенская,267475892,Московский проспект 72к2,30.320827,59.906625
2583,9,10,3,97.1,34846342,Приморский,Белоостровская ,28,Черная речка,298657382,Белоостровская 28,30.310128,59.987226
2584,2,9,3,142.9,34867600,Выборгский,Светлановский проспект,45,Политехническая,299252943,Светлановский проспект 45,30.35128,60.011437
2585,2,9,3,113.2,35103320,Петроградский,Петровский проспект,9к2,Спортивная,298085143,Петровский проспект 9к2,30.266533,59.960994
2586,2,9,3,144.2,35184800,Выборгский,Светлановский проспект,45,Политехническая,299252944,Светлановский проспект 45,30.35128,60.011437
2587,12,12,3,117.23,35344845,Приморский, Плесецкая,4,Комендантский проспект,292252117,Плесецкая 4,30.207711,60.030578
2588,3,7,3,101.5,35525000,Петроградский,набережная Реки Карповки,31к2,Чкаловская,284740257,набережная Реки Карповки 31к2,30.306148,59.970218
2589,10,12,3,113.0,36000000,Приморский,Белоостровская ,7,Лесная,298198102,Белоостровская 7,30.329451,59.985462
2590,8,10,3,89.63,35852000,Московский,Московский проспект,72к2,Фрунзенская,283504964,Московский проспект 72к2,30.320827,59.906625
2591,12,12,3,117.26,35881560,Приморский, Плесецкая,2,Комендантский проспект,294834091,Плесецкая 2,30.205959,60.029508
2592,2,9,3,109.9,36376900,Петроградский,Петровский проспект,11к2,Крестовский остров,294545948,Петровский проспект 11к2,30.259598,59.961255
2593,2,11,3,113.62,36119798,Красногвардейский, Стахановцев,1,Новочеркасская,299464044,Стахановцев 1,30.405098,59.929835
2594,7,9,3,118.7,36797000,Петроградский,Петровский проспект,11к2,Крестовский остров,294545972,Петровский проспект 11к2,30.259598,59.961255
2595,4,11,3,109.63,36638346,Красногвардейский, Стахановцев,1,Новочеркасская,299464125,Стахановцев 1,30.405098,59.929835
2596,4,8,3,76.1,36900694,Петроградский,набережная Реки Карповки,31к1,Петроградская,297863464,набережная Реки Карповки 31к1,30.304657,59.970339
2597,1,9,3,140.7,37004100,Петроградский,Петровский проспект,9к2,Спортивная,298085181,Петровский проспект 9к2,30.266533,59.960994
2598,2,5,3,86.03,36921065,Курортный, Инструментальщиков,18,Беговая,298007307,Инструментальщиков 18,29.942726,60.086295
2599,8,9,3,109.3,37200000,Выборгский,Нейшлотский переулок,3,Выборгская,298804861,Нейшлотский переулок 3,30.344363,59.966692
2600,1,5,3,104.87,37505445,Курортный, Инструментальщиков,18,Беговая,293123144,Инструментальщиков 18,29.942726,60.086295
2601,2,8,3,93.21,37545375,Петроградский,Пионерская ,53,Чкаловская,298529956,Пионерская 53,30.28564,59.960557
2602,3,7,3,85.8,37754247,Петроградский,набережная Реки Карповки,31к1,Петроградская,297863365,набережная Реки Карповки 31к1,30.304657,59.970339
2603,2,9,3,108.8,37851520,Петроградский,Петровский проспект,11к3,Спортивная,294545881,Петровский проспект 11к3,30.262355,59.962697
2604,6,6,3,116.7,38000000,Центральный, Маяковского,14,Маяковская,279090664,Маяковского 14,30.354666,59.935592
2605,2,9,3,108.92,38259999,Адмиралтейский, Шкапина,43-45,Балтийская,299481367,Шкапина 43-45,30.288622,59.903823
2606,1,8,3,106.3,38268000,Петроградский,Петровский проспект,26к2,Чкаловская,296753454,Петровский проспект 26к2,30.253588,59.960471
2607,9,10,3,88.84,38201200,Московский,Московский проспект,72к2,Фрунзенская,267475840,Московский проспект 72к2,30.320827,59.906625
2608,6,9,3,101.1,38377560,Петроградский,Петровский проспект,9к2,Спортивная,298085160,Петровский проспект 9к2,30.266533,59.960994
2609,2,9,3,147.1,38334260,Петроградский,Петровский проспект,9к2,Спортивная,298085156,Петровский проспект 9к2,30.266533,59.960994
2610,3,8,3,110.4,38353197,Петроградский,Петровский проспект,22к2,Крестовский остров,298980279,Петровский проспект 22к2,30.261897,59.960368
2611,2,9,3,103.6,38435288,Петроградский,Аптекарский проспект,5,Петроградская,298575201,Аптекарский проспект 5,30.321357,59.973334
2612,3,16,3,144.6,38547396,Адмиралтейский, Парфеновская,6к1,Фрунзенская,292149732,Парфеновская 6к1,30.312392,59.905849
2613,11,12,3,110.0,38430000,Приморский,Белоостровская ,7,Лесная,291806209,Белоостровская 7,30.329451,59.985462
2614,2,7,3,124.02,38569227,Василеостровский,11-я Васильевского острова линия,56,Василеостровская,293435888,11-я Васильевского острова линия 56,30.269407,59.944301
2615,4,7,3,84.9,38786811,Петроградский,набережная Реки Карповки,31к1,Петроградская,297863368,набережная Реки Карповки 31к1,30.304657,59.970339
2616,8,9,3,105.29,39000000,Выборгский,Нейшлотский переулок,3,Выборгская,298804867,Нейшлотский переулок 3,30.344363,59.966692
2617,7,11,3,103.88,38937600,Красногвардейский, Стахановцев,1,Новочеркасская,299636428,Стахановцев 1,30.405098,59.929835
2618,4,8,3,88.04,38787523,Петроградский,Пионерская ,53,Чкаловская,298529960,Пионерская 53,30.28564,59.960557
2619,6,9,3,106.86,38870325,Петроградский,Петроградская набережная,38,Горьковская,258156361,Петроградская набережная 38,30.332676,59.963832
2620,7,10,3,97.07,38828000,Московский,Московский проспект,72к2,Фрунзенская,267475848,Московский проспект 72к2,30.320827,59.906625
2621,2,9,3,151.0,39229800,Петроградский,Петровский проспект,9к2,Спортивная,298085148,Петровский проспект 9к2,30.266533,59.960994
2622,2,9,3,121.0,39385500,Петроградский,Петровский проспект,11к3,Спортивная,294545924,Петровский проспект 11к3,30.262355,59.962697
2623,5,9,3,67.67,39079425,Петроградский,проспект Добролюбова,18а,Спортивная,299107642,проспект Добролюбова 18а,30.293338,59.949925
2624,4,8,3,88.83,39055320,Петроградский,Пионерская ,53,Чкаловская,299021186,Пионерская 53,30.28564,59.960557
2625,7,8,3,103.7,39342526,Петроградский,Петровский проспект,22к2,Крестовский остров,293496494,Петровский проспект 22к2,30.261897,59.960368
2626,2,9,3,116.5,39813749,Петроградский,проезд Петровская коса,6к1,Крестовский остров,298658059,проезд Петровская коса 6к1,30.245566,59.963066
2627,8,9,3,100.3,39839160,Петроградский,Петровский проспект,9к2,Спортивная,298085163,Петровский проспект 9к2,30.266533,59.960994
2628,6,8,3,107.0,39590000,Петроградский,Петровский проспект,28к2,Крестовский остров,297945686,Петровский проспект 28к2,30.252079,59.961201
2629,7,11,3,108.83,39853546,Красногвардейский, Стахановцев,1,Новочеркасская,299464123,Стахановцев 1,30.405098,59.929835
2630,4,8,3,121.2,40359600,Петроградский,Петровский проспект,11к2,Крестовский остров,294640046,Петровский проспект 11к2,30.259598,59.961255
2631,3,9,3,155.9,40705490,Петроградский,Петровский проспект,9к2,Спортивная,298085145,Петровский проспект 9к2,30.266533,59.960994
2632,2,6,3,132.0,41000000,Петроградский,Аптекарский проспект,8,Петроградская,294115501,Аптекарский проспект 8,30.319084,59.971091
2633,2,10,3,127.56,40819200,Московский,Московский проспект,72к2,Фрунзенская,267475895,Московский проспект 72к2,30.320827,59.906625
2634,8,9,3,109.89,40954904,Василеостровский,7-я Васильевского острова линия,84,Василеостровская,293425184,7-я Васильевского острова линия 84,30.2715,59.948735
2635,6,9,3,112.5,41062500,Петроградский,Петровский проспект,11к2,Крестовский остров,294546013,Петровский проспект 11к2,30.259598,59.961255
2636,7,9,3,120.36,43197204,Петроградский,Петроградская набережная,38,Горьковская,291971004,Петроградская набережная 38,30.332676,59.963832
2637,5,8,4,120.0,39900000,Петроградский,Петровский проспект,11к2,Крестовский остров,299064807,Петровский проспект 11к2,30.259598,59.961255
2638,5,8,4,120.0,39900000,Петроградский,Петровский проспект,11к2,Крестовский остров,299064807,Петровский проспект 11к2,30.259598,59.961255
2639,7,9,4,168.96,60639744,Петроградский,Петроградская набережная,38,Горьковская,258155755,Петроградская набережная 38,30.332676,59.963832
2640,7,9,4,168.96,60639744,Петроградский,Петроградская набережная,38,Горьковская,258155755,Петроградская набережная 38,30.332676,59.963832
2641,7,9,4,141.0,83500000,Центральный,Парадная ,3к2,Чернышевская,297319476,Парадная 3к2,30.367369,59.942146
2642,3,7,4,131.63,40936415,Василеостровский,11-я Васильевского острова линия,56,Василеостровская,293435892,11-я Васильевского острова линия 56,30.269407,59.944301
2643,4,4,4,135.0,165000000,Центральный,набережная Кутузова,24,,291632305,набережная Кутузова 24,30.34059,59.948663
2644,4,4,4,135.0,165000000,Центральный,набережная Кутузова,24,Чернышевская,292438602,набережная Кутузова 24,30.34059,59.948663
2645,2,4,4,443.0,400000000,Петроградский,Чкаловское,5,,297403314,Чкаловское 5,30.270395,59.9769
2646,5,8,4,212.3,101990000,Петроградский,Каменноостровский проспект,64К2,,298746817,Каменноостровский проспект 64К2,30.302672,59.974707
2647,2,8,4,99.72,50358600,Петроградский,Пионерская ,53,Чкаловская,298529990,Пионерская 53,30.28564,59.960557
2648,4,6,4,127.6,67000000,Петроградский,Петровский проспект,2,Спортивная,299243371,Петровский проспект 2,30.276782,59.953912
2649,2,7,4,129.7,61866900,Петроградский,Петровский проспект,28к2,Крестовский остров,296753968,Петровский проспект 28к2,30.252079,59.961201
2650,7,7,4,222.0,104900000,Петроградский,Каменноостровский проспект,54/31,,291683449,Каменноостровский проспект 54/31,30.30596,59.971537
2651,6,6,4,140.7,78510600,Московский, Гастелло,7,Московская,296753486,Гастелло 7,30.325013,59.858073
2652,6,6,4,200.0,275000000,Петроградский,Спортивная ,2,,297829056,Спортивная 2,30.288335,59.95019
2653,19,20,4,106.6,31679999,Василеостровский, Челюскина,8,,279506975,Челюскина 8,30.187679,59.942065
2654,3,3,4,122.7,22000000,Курортный, Мира,19,Беговая,291482300,Мира 19,30.321959,59.960724
2655,4,5,4,93.2,18700000,Адмиралтейский, Егорова,28Г,Фрунзенская,296671521,Егорова 28Г,30.315491,59.910081
2656,3,23,4,108.2,19208081,Приморский, Ивинская,1к1,Зенит,297884845,Ивинская 1к1,30.136582,60.027049
2657,9,11,4,248.0,300000000,Петроградский,Ждановская ,45,Спортивная,296471256,Ждановская 45,30.267494,59.962724
2658,7,8,4,120.7,88256202,Петроградский,набережная Реки Карповки,31к1,Петроградская,297863432,набережная Реки Карповки 31к1,30.304657,59.970339
2659,5,6,4,170.0,85000000,Центральный,Таврическая ,5,,299599858,Таврическая 5,30.37822,59.941556
2660,9,9,4,189.2,87852239,Петроградский,Лодейнопольская ,7,Чкаловская,299294167,Лодейнопольская 7,30.290302,59.964426
2661,7,7,4,133.7,60200000,Центральный,Стремянная ,15/1,,297310313,Стремянная 15/1,30.35207,59.930742
2662,3,27,4,112.2,18299820,Выборгский,проезд Толубеевский,36к2,,297360931,проезд Толубеевский 36к2,30.355556,60.08599
2663,9,9,4,153.0,92500000,Петроградский,Петровский проспект,11к3,,291499936,Петровский проспект 11к3,30.262355,59.962697
2664,2,5,4,190.5,140000000,Петроградский,Морской проспект,28,,299521413,Морской проспект 28,30.261807,59.970569
2665,8,9,4,109.71,40976685,Василеостровский,7-я Васильевского острова линия,84,Василеостровская,293425149,7-я Васильевского острова линия 84,30.2715,59.948735
2666,1,5,4,178.5,105000000,Петроградский,Чкаловское,5,,290502429,Чкаловское 5,30.270395,59.9769
2667,7,9,4,168.96,60639744,Петроградский,Петроградская набережная,38,Горьковская,258155755,Петроградская набережная 38,30.332676,59.963832
2668,7,9,4,168.96,60639744,Петроградский,Петроградская набережная,38,Горьковская,258155755,Петроградская набережная 38,30.332676,59.963832
2669,3,4,4,280.0,392000000,Центральный,набережная Кутузова,24,,299519150,набережная Кутузова 24,30.34059,59.948663
2670,5,12,4,122.0,37149000,Приморский,Белоостровская ,7,Лесная,291806189,Белоостровская 7,30.329451,59.985462
2671,4,8,4,228.13,200000000,Петроградский,Вязовая ,8,Крестовский остров,299243384,Вязовая 8,30.276234,59.967687
2672,4,8,4,204.0,83950000,Петроградский,Петровский проспект,11к2,,287817163,Петровский проспект 11к2,30.259598,59.961255
2673,4,8,4,118.1,37792000,Петроградский,Петровский проспект,26к2,Чкаловская,296753474,Петровский проспект 26к2,30.253588,59.960471
2674,16,16,4,260.0,100000000,Петроградский,Пионерская ,50,,290247521,Пионерская 50,30.273171,59.963539
2675,2,10,4,112.6,26855100,Выборгский,Манчестерская ,3,Удельная,296753533,Манчестерская 3,30.331301,60.010731
2676,4,4,4,310.0,116900000,Петроградский,Константиновский проспект,26Г,Крестовский остров,298326191,Константиновский проспект 26Г,30.266964,59.971582
2677,2,11,4,142.64,39939200,Московский,Благодатная ,50,Электросила,267475759,Благодатная 50,30.338991,59.876928
2678,1,6,4,78.1,18490000,Адмиралтейский,Гороховая ,58,Звенигородская,290314392,Гороховая 58,30.329747,59.923617
2679,2,9,4,146.8,38217912,Петроградский,Петровский проспект,9к2,Спортивная,298366945,Петровский проспект 9к2,30.266533,59.960994
2680,3,4,4,152.9,38900000,Адмиралтейский,Вознесенский проспект,20,Адмиралтейская,297989120,Вознесенский проспект 20,30.308565,59.929087
2681,4,4,4,129.7,140000000,Петроградский,Чкаловское,5,Крестовский остров,286846342,Чкаловское 5,30.270395,59.9769
2682,2,9,4,142.1,142000000,Петроградский,набережная Адмирала Лазарева,22,Чкаловская,299289644,набережная Адмирала Лазарева 22,30.277339,59.964377
2683,2,7,4,100.34,32130000,Адмиралтейский,Малодетскосельский проспект,40,Фрунзенская,299648237,Малодетскосельский проспект 40,30.320018,59.911141
2684,3,6,4,130.0,39990000,Адмиралтейский,набережная Канала Грибоедова,85/9,Спасская,291794849,набережная Канала Грибоедова 85/9,30.305322,59.927116
2685,7,18,4,93.1,14200000,Красногвардейский,проспект Маршака,4,Девяткино,294367202,проспект Маршака 4,30.446277,60.035432
2686,15,25,4,115.31,27489801,Приморский,Коломяжский проспект,13к2,Пионерская,297024764,Коломяжский проспект 13к2,30.302348,59.999615
2687,3,5,4,90.0,17300000,Центральный,переулок Щербаков,2/58,Достоевская,294687087,переулок Щербаков 2/58,30.340329,59.929096
2688,13,14,4,107.7,23780160,Василеостровский,набережная Миклухо-Маклая,1к1,Горный институт,298901764,набережная Миклухо-Маклая 1к1,30.201737,59.929804
2689,3,7,4,238.0,118000000,Петроградский,проезд Петровская коса,6к1,,296750916,проезд Петровская коса 6к1,30.245566,59.963066
2690,7,23,4,160.3,41000000,Московский, Ленсовета,87к3,Звездная,296738901,Ленсовета 87к3,30.342593,59.834999
2691,3,4,4,102.7,13900000,Курортный, Николая Соколова,31,,297617253,Николая Соколова 31,30.005258,60.052065
2692,3,8,4,204.67,98241600,Петроградский,набережная Реки Карповки,27,Петроградская,280459375,набережная Реки Карповки 27,30.307774,59.970155
2693,3,15,4,106.0,25000000,Московский,Свеаборгская ,12,Парк Победы,296612271,Свеаборгская 12,30.330088,59.873248
2694,5,20,4,114.7,29700000,Василеостровский, Челюскина,8,Приморская,292278676,Челюскина 8,30.187679,59.942065
2695,4,5,4,134.0,20494000,Пушкинский,Малиновская ,17,Звездная,295220652,Малиновская 17,30.423639,59.695385
2696,6,7,4,145.5,39800000,Петроградский,проспект Добролюбова,19,Спортивная,294417712,проспект Добролюбова 19,30.299348,59.949988
2697,2,7,4,138.13,41172864,Василеостровский,11-я Васильевского острова линия,56,Василеостровская,293435839,11-я Васильевского острова линия 56,30.269407,59.944301
2698,1,10,4,90.0,11900000,Невский,проспект Большевиков,30К4,Улица Дыбенко,288709028,проспект Большевиков 30К4,30.49536,59.898359
2699,13,14,4,139.0,31800000,Приморский, Савушкина,117к2,Старая Деревня,296645426,Савушкина 117к2,30.232513,59.986326
2700,3,7,4,187.0,89900000,Петроградский,проспект Добролюбова,19,Спортивная,292460437,проспект Добролюбова 19,30.299348,59.949988
2701,5,8,4,96.7,51665843,Петроградский,Пионерская ,53,Чкаловская,298530000,Пионерская 53,30.28564,59.960557
2702,3,5,4,88.5,11200000,Выборгский,Лесной проспект,39к2,Лесная,296011662,Лесной проспект 39к2,30.344147,59.981573
2703,7,9,4,142.5,63012570,Петроградский,проезд Петровская коса,6к1,Крестовский остров,298658109,проезд Петровская коса 6к1,30.245566,59.963066
2704,3,4,4,97.4,18500000,Василеостровский,3-я Васильевского острова линия,36,Василеостровская,292318437,3-я Васильевского острова линия 36,30.282577,59.945166
2705,5,7,4,192.1,69710886,Петроградский,проезд Петровская коса,6к1,Крестовский остров,298658193,проезд Петровская коса 6к1,30.245566,59.963066
2706,3,6,4,84.3,16950000,Петроградский,проспект Большой Петроградской стороны,31,Чкаловская,297702457,проспект Большой Петроградской стороны 31,30.301064,59.958746
2707,3,10,4,111.9,27695250,Выборгский,Манчестерская ,3к1,Удельная,296753812,Манчестерская 3к1,30.328732,60.010456
2708,5,5,4,91.6,10900000,Выборгский,Лесной проспект,39к3,Лесная,298609403,Лесной проспект 39к3,30.344677,59.981969
2709,4,10,4,129.1,41701307,Приморский,Белоостровская ,28,Черная речка,298657259,Белоостровская 28,30.310128,59.987226
2710,4,4,4,237.7,55000000,Василеостровский,Морская набережная,31К2,Приморская,298804781,Морская набережная 31К2,30.215751,59.957503
2711,6,10,4,112.1,28753650,Выборгский,Манчестерская ,3,Удельная,296753528,Манчестерская 3,30.331301,60.010731
2712,4,5,4,133.7,27500000,Петроградский, Мира,10,Горьковская,294739706,Мира 10,30.316236,59.959949
2713,3,4,4,182.0,69000000,Красносельский, Катерников,6к1,Автово,297217177,Катерников 6к1,30.156552,59.853523
2714,6,27,4,112.5,20175863,Выборгский,проезд Толубеевский,36к2,,297360939,проезд Толубеевский 36к2,30.355556,60.08599
2715,3,4,4,153.5,70000000,Центральный,Шпалерная ,50а,Чернышевская,295910561,Шпалерная 50а,30.369929,59.949032
2716,4,4,4,254.7,195000000,Петроградский,Крестовский проспект,4,Крестовский остров,265781311,Крестовский проспект 4,30.274626,59.969767
2717,7,9,4,75.7,11000000,Фрунзенский, Турку,9К3,Международная,298382717,Турку 9К3,30.377232,59.865853
2718,7,9,4,112.25,41622300,Василеостровский,7-я Васильевского острова линия,84,Василеостровская,291703813,7-я Васильевского острова линия 84,30.2715,59.948735
2719,4,5,4,157.0,59000000,Адмиралтейский,набережная Канала Грибоедова,71,Сенная площадь,295910473,набережная Канала Грибоедова 71,30.312248,59.926264
2720,17,19,4,135.0,49900000,Московский,Киевская ,3к2Г,Фрунзенская,298707827,Киевская 3к2Г,30.322093,59.901445
2721,8,9,4,112.6,36000000,Выборгский, Александра Матросова,1,Лесная,296210961,Александра Матросова 1,30.331741,59.977012
2722,15,25,4,117.87,27874981,Приморский,Коломяжский проспект,13к2,Пионерская,297024786,Коломяжский проспект 13к2,30.302348,59.999615
2723,2,2,4,121.0,34000000,Василеостровский,15-я Васильевского острова линия,84,Василеостровская,286808423,15-я Васильевского острова линия 84,30.260721,59.946482
2724,3,8,4,163.1,92106484,Петроградский,набережная Реки Карповки,31к1,Чкаловская,297863427,набережная Реки Карповки 31к1,30.304657,59.970339
2725,4,4,4,240.5,79990000,Центральный,набережная Реки Фонтанки,24,Гостиный двор,284799600,набережная Реки Фонтанки 24,30.342099,59.939915
2726,7,9,4,154.38,67386870,Петроградский,Петроградская набережная,38,Горьковская,295104207,Петроградская набережная 38,30.332676,59.963832
2727,2,7,4,105.9,26500000,Центральный,Мытнинская ,5/2,Площадь Восстания,293076334,Мытнинская 5/2,30.376918,59.932748
2728,4,7,4,141.3,37500000,Петроградский,Каменноостровский проспект,39,Петроградская,295148527,Каменноостровский проспект 39,30.310891,59.966953
2729,6,21,4,112.8,23500000,Выборгский,проспект Просвещения,33к1,Проспект Просвещения,297411718,проспект Просвещения 33к1,30.344542,60.050273
2730,3,7,4,159.3,66289509,Василеостровский,13-я Васильевского острова линия,50,Василеостровская,290200457,13-я Васильевского острова линия 50,30.268141,59.942795
2731,7,22,4,91.5,32500000,Красносельский,проспект Героев,31,Ленинский проспект,299101727,проспект Героев 31,30.152087,59.858656
2732,11,11,4,144.75,40530000,Московский,Благодатная ,50,Электросила,299555569,Благодатная 50,30.338991,59.876928
2733,7,7,4,157.0,46000000,Центральный,10-я Советская ,4-6,Площадь Восстания,295885342,10-я Советская 4-6,30.378948,59.937432
2734,8,17,4,104.4,48450000,Приморский,Ушаковская набережная,3к2,Черная речка,296213687,Ушаковская набережная 3к2,30.315383,59.982734
2735,3,18,4,128.3,25660000,Василеостровский,бульвар Головнина,3к1,Горный институт,294573113,бульвар Головнина 3к1,30.205285,59.933731
2736,2,3,4,81.3,10990000,Красногвардейский,Магнитогорская ,65,Ладожская,292378916,Магнитогорская 65,30.436997,59.940835
2737,8,10,4,82.9,19580238,Приморский,Парашютная ,79к1,Комендантский проспект,292425293,Парашютная 79к1,30.241901,60.041251
2738,2,4,4,96.0,31490000,Центральный,набережная Реки Фонтанки,11,Невский проспект,292404258,набережная Реки Фонтанки 11,30.342782,59.936796
2739,8,10,4,240.0,74000000,Петроградский,Корпусная ,9,Спортивная,294658647,Корпусная 9,30.287706,59.962751
2740,1,18,4,132.8,32098800,Невский,проспект Обуховской обороны,70к4,Елизаровская,298656918,проспект Обуховской обороны 70к4,30.431364,59.900962
2741,7,14,4,108.0,15500000,Пушкинский,проспект Старорусский,8к2,Звездная,299483531,проспект Старорусский 8к2,30.361844,59.809202
2742,3,3,4,105.5,22023119,Петродворцовый,Красносельское шоссе,22,Проспект Ветеранов,285685179,Красносельское шоссе 22,30.133618,59.779463
2743,16,23,4,98.0,22300000,Красносельский,бульвар Балтийский,4,Автово,289813265,бульвар Балтийский 4,30.155636,59.869006
2744,23,23,4,159.4,51000000,Московский, Ленсовета,87к3,Звездная,294775395,Ленсовета 87к3,30.342593,59.834999
2745,19,20,4,99.8,16000000,Красносельский, Маршала Казакова,68к1,Автово,298661177,Маршала Казакова 68к1,30.179037,59.865822
2746,6,9,4,197.8,83076000,Петроградский,Петровский проспект,11к3,Спортивная,294545813,Петровский проспект 11к3,30.262355,59.962697
2747,2,8,4,90.0,20650000,Кировский,Двинская ,6,Нарвская,298848116,Двинская 6,30.25304,59.908868
2748,7,8,4,168.62,111289200,Петроградский,набережная Реки Карповки,27,Петроградская,280459333,набережная Реки Карповки 27,30.307774,59.970155
2749,16,25,4,120.0,26480000,Калининский,Учительская ,18к1,Гражданский проспект,291908137,Учительская 18к1,30.404954,60.032578
2750,13,13,4,144.3,45094000,Выборгский,Лиственная ,20к2,Озерки,282690405,Лиственная 20к2,30.336987,60.029162
2751,3,5,4,182.6,79990000,Петроградский,Гатчинская ,11,Чкаловская,295910402,Гатчинская 11,30.300525,59.961841
2752,13,14,4,168.8,53647880,Красногвардейский,Магнитогорская ,1,Новочеркасская,298804765,Магнитогорская 1,30.416533,59.937373
2753,14,14,4,147.7,29300000,Выборгский,Северный проспект,18/1,Озерки,276352044,Северный проспект 18/1,30.345198,60.032115
2754,6,8,4,153.0,85000000,Центральный,Парадная ,3к2,Чернышевская,298223095,Парадная 3к2,30.367369,59.942146
2755,3,4,4,142.2,50000080,Красносельский,проспект Патриотов,33,,296569864,проспект Патриотов 33,30.148404,59.862443
2756,2,9,4,73.8,9500000,Колпинский,Раумская ,7,Звездная,298464707,Раумская 7,30.584285,59.737033
2757,4,7,4,119.0,22000000,Василеостровский,5-я Васильевского острова линия,64/13,Спортивная,296404220,5-я Васильевского острова линия 64/13,30.276073,59.947883
2758,3,4,4,137.8,31700000,Адмиралтейский,Измайловский проспект,2,Технологический институт,299137102,Измайловский проспект 2,30.308196,59.918386
2759,9,15,4,112.0,38200000,Приморский, Савушкина,140,Беговая,299504246,Савушкина 140,30.191011,59.989886
2760,2,4,4,108.5,43500000,Адмиралтейский,Конногвардейский бульвар,6,Адмиралтейская,273738486,Конногвардейский бульвар 6,30.294273,59.931643
2761,3,3,4,166.0,35000000,Пушкинский, Гумилевская,13к2,Купчино,298531065,Гумилевская 13к2,30.411161,59.690612
2762,24,24,4,216.0,65000000,Московский,проспект Космонавтов,63к1,Звездная,298686289,проспект Космонавтов 63к1,30.357397,59.838607
2763,4,4,4,117.4,20990000,Петроградский,Малая Посадская ,17,Горьковская,298255797,Малая Посадская 17,30.329064,59.957868
2764,8,9,4,172.6,68633066,Петроградский,проезд Петровская коса,6к1,Крестовский остров,298658055,проезд Петровская коса 6к1,30.245566,59.963066
2765,3,6,4,150.0,48800000,Московский,Московский проспект,151,Электросила,298283348,Московский проспект 151,30.31903,59.873731
2766,17,18,4,141.1,29900000,Приморский,Стародеревенская ,33/10,Комендантский проспект,259267625,Стародеревенская 33/10,30.249339,60.007191
2767,9,12,4,122.0,38398500,Приморский,Белоостровская ,7,Лесная,298198078,Белоостровская 7,30.329451,59.985462
2768,7,7,4,173.6,96000000,Петроградский,Каменноостровский проспект,62,Петроградская,293746976,Каменноостровский проспект 62,30.303301,59.973059
2769,8,9,4,135.9,61138067,Петроградский,проезд Петровская коса,6к1,Крестовский остров,298658094,проезд Петровская коса 6к1,30.245566,59.963066
2770,4,8,4,157.2,75000000,Приморский,Приморский проспект,78к5,Беговая,286808631,Приморский проспект 78к5,30.186538,59.988064
2771,7,9,4,135.1,54621680,Петроградский,проезд Петровская коса,6к1,Крестовский остров,298658089,проезд Петровская коса 6к1,30.245566,59.963066
2772,2,3,4,220.0,55000000,Курортный,Дубковское шоссе,40к1,,289070923,Дубковское шоссе 40к1,29.945852,60.090944
2773,2,17,4,104.0,22700000,Невский,переулок Клочков,10к2,Проспект Большевиков,294107190,переулок Клочков 10к2,30.463264,59.921083
2774,5,6,4,141.8,58000000,Василеостровский,2-я Васильевского острова линия,29,Василеостровская,295910369,2-я Васильевского острова линия 29,30.285945,59.943012
2775,18,18,4,156.9,85000000,Невский,проспект Обуховской обороны,70к4,Елизаровская,299042720,проспект Обуховской обороны 70к4,30.431364,59.900962
2776,14,23,4,77.1,17968855,Невский,Рыбацкое,4,Рыбацкое,298422033,Рыбацкое 4,30.488803,59.99926
2777,5,6,4,110.0,75000000,Петроградский,набережная Реки Карповки,23,Петроградская,298888779,набережная Реки Карповки 23,30.309355,59.970137
2778,6,6,4,133.0,94000000,Центральный,Малая Конюшенная ,5,Гостиный двор,298743732,Малая Конюшенная 5,30.324959,59.937423
2779,2,9,4,179.4,110000000,Петроградский,Кемская ,1,Крестовский остров,295910416,Кемская 1,30.259571,59.973226
2780,4,7,4,125.15,51679240,Петроградский,набережная Адмирала Лазарева,14,Чкаловская,298202371,набережная Адмирала Лазарева 14,30.280528,59.965494
2781,9,14,4,120.6,39000000,Московский,Смоленская ,13,Фрунзенская,296366690,Смоленская 13,30.323612,59.904108
2782,7,9,4,171.4,66897627,Петроградский,проезд Петровская коса,6к1,Крестовский остров,298658048,проезд Петровская коса 6к1,30.245566,59.963066
2783,14,14,4,207.0,64900000,Красногвардейский,Перевозный переулок,4,Новочеркасская,292036474,Перевозный переулок 4,30.404056,59.931039
2784,4,7,4,140.3,55519771,Петроградский,проезд Петровская коса,6к1,Крестовский остров,298658005,проезд Петровская коса 6к1,30.245566,59.963066
2785,1,9,4,110.0,14500000,Красносельский, Маршала Захарова,18к2,Ленинский проспект,295331345,Маршала Захарова 18к2,30.170557,59.859497
2786,4,5,4,212.0,251600557,Петроградский,набережная Гребного канала,1,Крестовский остров,244728301,набережная Гребного канала 1,30.243078,59.976765
2787,2,9,4,180.0,125000000,Петроградский,Кемская ,1,Крестовский остров,284977134,Кемская 1,30.259571,59.973226
2788,3,6,4,88.1,25108500,Выборгский,Зеленогорская ,3,Удельная,298197981,Зеленогорская 3,30.325543,60.000654
2789,2,4,4,443.0,400000000,Петроградский,Чкаловское,5,Крестовский остров,299566955,Чкаловское 5,30.270395,59.9769
2790,5,10,4,170.0,220000000,Петроградский,Вязовая ,8,Крестовский остров,296441423,Вязовая 8,30.276234,59.967687
2791,8,9,4,167.9,70598152,Петроградский,проезд Петровская коса,6к1,Крестовский остров,298658067,проезд Петровская коса 6к1,30.245566,59.963066
2792,3,10,4,118.1,37790000,Петроградский,Петровский проспект,26к2,Чкаловская,286796506,Петровский проспект 26к2,30.253588,59.960471
2793,9,9,4,171.7,70375965,Петроградский,проезд Петровская коса,6к1,Крестовский остров,298658057,проезд Петровская коса 6к1,30.245566,59.963066
2794,6,8,4,180.0,89000000,Петроградский,Морской проспект,33,Крестовский остров,295994104,Морской проспект 33,30.26099,59.971713
2795,16,16,4,262.2,100000000,Петроградский,Пионерская ,50,,295910375,Пионерская 50,30.273171,59.963539
2796,3,4,4,280.0,392000000,Центральный,Гагаринская ,1/24,Чернышевская,299568168,Гагаринская 1/24,30.341174,59.948347
2797,2,7,4,219.5,70391933,Петроградский,проезд Петровская коса,6к1,Крестовский остров,298658187,проезд Петровская коса 6к1,30.245566,59.963066
2798,4,4,4,254.7,195000000,Петроградский,Крестовский проспект,4,,299336232,Крестовский проспект 4,30.274626,59.969767
2799,6,17,4,128.12,32350300,Выборгский,Большой Сампсониевский проспект,77,Лесная,299249826,Большой Сампсониевский проспект 77,30.334598,59.987258
2800,5,8,4,264.5,185000000,Петроградский,Крестовский проспект,30,Крестовский остров,295910493,Крестовский проспект 30,30.264035,59.965998
2801,11,11,4,102.7,31323500,Московский, Решетникова,29,Электросила,298800503,Решетникова 29,30.34068,59.877872
2802,14,14,4,82.53,24750000,Василеостровский,набережная Миклухо-Маклая,1к1,Горный институт,296800541,набережная Миклухо-Маклая 1к1,30.201737,59.929804
2803,6,6,4,91.9,27432150,Выборгский,Зеленогорская ,3,Удельная,298197993,Зеленогорская 3,30.325543,60.000654
2804,3,6,4,123.9,17700000,Центральный,5-я Советская ,7-9,Площадь Восстания,299606608,5-я Советская 7-9,30.368303,59.934903
2805,4,9,4,143.5,51980755,Петроградский,проезд Петровская коса,6к1,Крестовский остров,298658104,проезд Петровская коса 6к1,30.245566,59.963066
2806,1,5,4,60.01,7100000,Фрунзенский, Турку,23К3,Проспект Славы,298271333,Турку 23К3,30.396546,59.865293
2807,3,5,4,114.9,34000000,Василеостровский,6-я Васильевского острова линия,39,Василеостровская,295929474,6-я Васильевского острова линия 39,30.276684,59.945193
2808,2,7,4,190.0,80938900,Петроградский,проезд Петровская коса,6к1,Крестовский остров,298657994,проезд Петровская коса 6к1,30.245566,59.963066
2809,1,6,4,78.8,13790000,Пушкинский, Архитектора Данини,19к1,Купчино,295942577,Архитектора Данини 19к1,30.408655,59.695122
2810,1,4,4,149.4,42130800,Красносельский,проспект Патриотов,33,,296569861,проспект Патриотов 33,30.148404,59.862443
2811,3,3,4,250.0,55000000,Приморский,1-я Утиная ,17к1,Озерки,297218809,1-я Утиная 17к1,30.298638,60.034946
2812,7,10,4,88.1,20206445,Приморский,Парашютная ,79к1,Озерки,292425364,Парашютная 79к1,30.241901,60.041251
2813,2,4,4,190.0,129500000,Петроградский,набережная Мартынова,62Е,Крестовский остров,297860311,набережная Мартынова 62Е,30.24924,59.975193
2814,2,3,4,176.9,45000000,Василеостровский,15-я Васильевского острова линия,84,Василеостровская,297234009,15-я Васильевского острова линия 84,30.260721,59.946482
2815,3,12,4,83.0,17790000,Приморский,Дибуновская ,37,Старая Деревня,288009985,Дибуновская 37,30.269156,59.985512
2816,4,6,4,97.3,15900000,Адмиралтейский,Бронницкая ,22,Технологический институт,293650125,Бронницкая 22,30.323198,59.914209
2817,1,6,4,122.8,32000000,Петроградский, Подрезова,18,Петроградская,293911859,Подрезова 18,30.302016,59.964971
2818,6,7,4,180.6,122638526,Петроградский,проезд Петровская коса,6к1,Крестовский остров,298658000,проезд Петровская коса 6к1,30.245566,59.963066
2819,2,5,4,93.4,19400000,Адмиралтейский,Галерная ,46,Василеостровская,297789928,Галерная 46,30.287095,59.931066
2820,4,7,4,190.2,76103775,Василеостровский,13-я Васильевского острова линия,50,Василеостровская,290200463,13-я Васильевского острова линия 50,30.268141,59.942795
2821,4,6,4,110.1,17700000,Центральный,Гангутская ,16,,287087868,Гангутская 16,30.341847,59.945107
2822,3,4,4,135.4,47660800,Красносельский,проспект Патриотов,33,,296569901,проспект Патриотов 33,30.148404,59.862443
2823,7,9,4,89.5,14700000,Василеостровский,проспект Большой Васильевского острова,62,Василеостровская,295918936,проспект Большой Васильевского острова 62,30.264574,59.933311
2824,8,18,4,128.6,25720000,Василеостровский,бульвар Головнина,3к1,Горный институт,297709745,бульвар Головнина 3к1,30.205285,59.933731
2825,7,16,4,135.0,23000000,Калининский,проспект Непокоренных,49к2,Площадь Мужества,292946106,проспект Непокоренных 49к2,30.389054,59.993599
2826,1,3,4,116.8,22557811,Петродворцовый,Красносельское шоссе,22,Проспект Ветеранов,293828725,Красносельское шоссе 22,30.133618,59.779463
2827,4,6,4,126.5,21505000,Центральный,2-я Советская ,27/2,Площадь Восстания,286808931,2-я Советская 27/2,30.3723,59.930192
2828,16,16,4,111.4,24800000,Калининский, Ушинского,2к1,Гражданский проспект,294688938,Ушинского 2к1,30.403077,60.028775
2829,3,5,4,59.0,8700000,Московский, Костюшко,90,Московская,293032379,Костюшко 90,30.312248,59.843263
2830,4,14,4,79.4,9500000,Красногвардейский, Передовиков,29К1,Улица Дыбенко,297504537,Передовиков 29К1,30.461656,59.950339
2831,3,3,4,105.1,21939619,Петродворцовый,Красносельское шоссе,22,Ленинский проспект,285685213,Красносельское шоссе 22,30.133618,59.779463
2832,3,8,4,177.7,56000000,Центральный,набережная Воскресенская,12,Площадь Ленина,297901385,набережная Воскресенская 12,30.364593,59.949465
2833,4,23,4,75.64,16823125,Невский,Рыбацкое,4,Рыбацкое,296654423,Рыбацкое 4,30.488803,59.99926
2834,2,4,4,125.0,33500000,Центральный,5-я Советская ,32,Площадь Восстания,298490670,5-я Советская 32,30.373019,59.933631
2835,9,9,4,150.5,66776850,Петроградский,Петровский проспект,11к2,Крестовский остров,294546000,Петровский проспект 11к2,30.259598,59.961255
2836,16,16,4,132.5,26500000,Василеостровский,Морская набережная,39к3,Приморская,297724408,Морская набережная 39к3,30.22883,59.960179
2837,1,18,4,151.1,35475660,Невский,проспект Обуховской обороны,70к4,Елизаровская,299324379,проспект Обуховской обороны 70к4,30.431364,59.900962
2838,6,7,4,240.0,65000000,Петроградский,Каменноостровский проспект,54/31,Петроградская,299348378,Каменноостровский проспект 54/31,30.30596,59.971537
2839,3,3,4,225.3,157710000,Петроградский,Санаторная аллея,3,Черная речка,244728473,Санаторная аллея 3,30.28696,59.975387
2840,5,5,4,104.3,19000000,Центральный,Дегтярная ,13,Площадь Восстания,295978709,Дегтярная 13,30.373836,59.933645
2841,2,3,4,257.6,218960000,Петроградский,Санаторная аллея,3,Черная речка,244728465,Санаторная аллея 3,30.28696,59.975387
2842,6,8,4,130.5,41000000,Петроградский, Кропоткина,24Б,Горьковская,298771765,Кропоткина 24Б,30.305439,59.957913
2843,3,18,4,134.4,26880000,Василеостровский,бульвар Головнина,3к1,Горный институт,294573115,бульвар Головнина 3к1,30.205285,59.933731
2844,10,15,4,173.4,55000000,Приморский,Дибуновская ,50,Старая Деревня,295910523,Дибуновская 50,30.26046,59.984818
2845,1,8,4,149.5,42167970,Красносельский,проспект Патриотов,33,,297300193,проспект Патриотов 33,30.148404,59.862443
2846,1,15,4,124.7,34499000,Красногвардейский,Магнитогорская ,3к2,Новочеркасская,289687176,Магнитогорская 3к2,30.417396,59.936206
2847,2,7,4,138.4,50930000,Адмиралтейский,Малодетскосельский проспект,40,Фрунзенская,299336198,Малодетскосельский проспект 40,30.320018,59.911141
2848,7,9,4,154.6,46843800,Петроградский,Петровский проспект,11к2,Крестовский остров,294545978,Петровский проспект 11к2,30.259598,59.961255
2849,6,8,4,157.0,69500000,Приморский,Приморский проспект,78к5,Беговая,295910462,Приморский проспект 78к5,30.186538,59.988064
2850,2,20,4,113.0,21500000,Невский, Ворошилова,31к3,Проспект Большевиков,298366333,Ворошилова 31к3,30.463973,59.931963
2851,4,7,4,178.0,75000000,Петроградский,проезд Петровская коса,6к1,Крестовский остров,293659280,проезд Петровская коса 6к1,30.245566,59.963066
2852,1,9,4,178.8,60827760,Петроградский,Петровский проспект,11к3,Спортивная,294545773,Петровский проспект 11к3,30.262355,59.962697
2853,10,16,4,206.8,175000000,Выборгский,Большой Сампсониевский проспект,4-6,Площадь Ленина,291788206,Большой Сампсониевский проспект 4-6,30.343851,59.957696
2854,5,7,4,156.8,72777936,Василеостровский,13-я Васильевского острова линия,50,Василеостровская,290200473,13-я Васильевского острова линия 50,30.268141,59.942795
2855,7,7,4,213.4,88117000,Петроградский, Рентгена,25,Петроградская,299336131,Рентгена 25,30.329954,59.965831
2856,7,7,4,363.0,350000000,Петроградский,Динамовская ,2,Крестовский остров,297418798,Динамовская 2,30.260541,59.973906
2857,2,5,4,216.4,207531061,Петроградский,набережная Гребного канала,1,Крестовский остров,244728275,набережная Гребного канала 1,30.243078,59.976765
2858,7,7,4,212.4,88922000,Петроградский, Рентгена,25,Петроградская,299336278,Рентгена 25,30.329954,59.965831
2859,1,4,4,151.6,173893083,Петроградский,1-я Березовая аллея,7,Черная речка,288144324,1-я Березовая аллея 7,30.294398,59.978678
2860,7,9,4,156.0,160000000,Петроградский,набережная Адмирала Лазарева,22,Чкаловская,299336158,набережная Адмирала Лазарева 22,30.277339,59.964377
2861,4,7,4,211.5,94329000,Петроградский,Петровский проспект,11к3,Спортивная,294545870,Петровский проспект 11к3,30.262355,59.962697
2862,4,4,4,96.7,13900000,Московский,Московский проспект,78К,Фрунзенская,294827990,Московский проспект 78К,30.319749,59.905511
2863,7,10,4,85.7,19655985,Приморский,Парашютная ,79к1,Комендантский проспект,292425353,Парашютная 79к1,30.241901,60.041251
2864,5,12,4,110.0,27000000,Невский,проспект Обуховской обороны,70к4,Елизаровская,295328673,проспект Обуховской обороны 70к4,30.431364,59.900962
2865,4,6,4,120.0,30000000,Петроградский, Большая Зеленина,3,Чкаловская,298922049,Большая Зеленина 3,30.295503,59.959764
2866,2,18,4,137.2,26754000,Василеостровский,бульвар Головнина,3к1,Горный институт,294573112,бульвар Головнина 3к1,30.205285,59.933731
2867,2,5,4,130.0,30000000,Приморский,Школьная ,8,Черная речка,296221278,Школьная 8,30.294344,59.988343
2868,2,3,4,130.6,19900000,Адмиралтейский,Садовая ,89,Балтийская,296307988,Садовая 89,30.291802,59.919189
2869,1,3,4,115.7,22345366,Петродворцовый,Красносельское шоссе,22,Ленинский проспект,293828750,Красносельское шоссе 22,30.133618,59.779463
2870,22,25,4,117.0,20500000,Красносельский,Ленинский проспект,51,Ленинский проспект,299094191,Ленинский проспект 51,30.167305,59.862569
2871,7,8,4,175.3,79077830,Петроградский,Петровский проспект,11к3,Спортивная,294545918,Петровский проспект 11к3,30.262355,59.962697
2872,6,8,4,123.4,61685000,Петроградский,Петровский проспект,26к2,Чкаловская,280937837,Петровский проспект 26к2,30.253588,59.960471
2873,7,9,4,133.3,49135237,Петроградский,проезд Петровская коса,6к1,Крестовский остров,298658166,проезд Петровская коса 6к1,30.245566,59.963066
2874,10,17,4,155.0,42000000,Московский,Московский проспект,183-185,Московская,254021459,Московский проспект 183-185,30.319848,59.855304
2875,4,7,4,98.2,12250000,Василеостровский,10-я Васильевского острова линия,15Б,Василеостровская,295730808,10-я Васильевского острова линия 15Б,30.276163,59.939758
2876,2,9,4,134.3,46156309,Петроградский,проезд Петровская коса,6к1,Крестовский остров,298658139,проезд Петровская коса 6к1,30.245566,59.963066
2877,5,7,4,84.0,14000000,Василеостровский,проспект Большой Васильевского острова,62,Горный институт,299025861,проспект Большой Васильевского острова 62,30.264574,59.933311
2878,5,8,4,180.7,80339220,Петроградский,Петровский проспект,11к3,Спортивная,294545902,Петровский проспект 11к3,30.262355,59.962697
2879,11,25,4,120.5,20500000,Приморский,аллея Поликарпова,2,Пионерская,294468954,аллея Поликарпова 2,30.295036,60.006273
2880,1,4,4,251.3,301560000,Петроградский,1-я Березовая аллея,7,Черная речка,260854425,1-я Березовая аллея 7,30.294398,59.978678
2881,4,4,4,115.3,17500000,Адмиралтейский,Подольская ,17,Пушкинская,299278811,Подольская 17,30.3238,59.916117
2882,2,3,4,102.2,20033124,Петродворцовый,Красносельское шоссе,22,Ленинский проспект,293828743,Красносельское шоссе 22,30.133618,59.779463
2883,5,6,4,100.0,24000000,Московский,Московский проспект,175,Парк Победы,299565469,Московский проспект 175,30.320333,59.860152
2884,6,7,4,224.9,144682293,Петроградский,проезд Петровская коса,6к1,Крестовский остров,298657998,проезд Петровская коса 6к1,30.245566,59.963066
2885,3,4,4,95.7,20000000,Адмиралтейский, Глинки,3-5-7,Садовая,287868763,Глинки 3-5-7,30.295629,59.926963
2886,1,7,4,155.5,58545750,Петроградский,Петровский проспект,11к3,Спортивная,294545866,Петровский проспект 11к3,30.262355,59.962697
2887,5,10,4,89.1,16800000,Приморский, Ильюшина,6,Комендантский проспект,298052507,Ильюшина 6,30.253372,60.007141
2888,1,18,4,151.9,35663340,Невский,проспект Обуховской обороны,70к4,Елизаровская,298656920,проспект Обуховской обороны 70к4,30.431364,59.900962
2889,3,4,4,74.0,11990000,Адмиралтейский,Рижский проспект,54,Нарвская,294573039,Рижский проспект 54,30.276818,59.913167
2890,1,4,4,111.3,127666888,Петроградский,1-я Березовая аллея,7,Черная речка,288144330,1-я Березовая аллея 7,30.294398,59.978678
2891,4,5,4,101.7,16760000,Василеостровский,проспект Кима,7/19,Приморская,298654722,проспект Кима 7/19,30.246159,59.952132
2892,2,4,4,79.4,12300000,Невский,проспект Обуховской обороны,33,Площадь Александра Невского,280167220,проспект Обуховской обороны 33,30.405601,59.91295
2893,5,9,4,175.5,71955000,Петроградский,Петровский проспект,11к3,Спортивная,294545787,Петровский проспект 11к3,30.262355,59.962697
2894,3,6,4,130.6,22900000,Василеостровский,11-я Васильевского острова линия,46,Василеостровская,299346654,11-я Васильевского острова линия 46,30.27088,59.943543
2895,6,8,4,199.7,80279400,Петроградский,Петровский проспект,11к2,Крестовский остров,294546057,Петровский проспект 11к2,30.259598,59.961255
2896,5,5,4,175.7,28990000,Центральный,Фурштатская ,47/11,Чернышевская,286149343,Фурштатская 47/11,30.366982,59.944832
2897,21,22,4,85.5,17680000,Приморский,Лыжный переулок,4к3,Беговая,291095058,Лыжный переулок 4к3,30.197659,59.998225
2898,1,18,4,163.0,39392100,Невский,проспект Обуховской обороны,70к4,Елизаровская,298656930,проспект Обуховской обороны 70к4,30.431364,59.900962
2899,5,5,4,74.0,18050000,Петроградский,Кронверкский проспект,23,Горьковская,297008329,Кронверкский проспект 23,30.318312,59.95694
2900,6,8,4,198.05,122791000,Петроградский,набережная Реки Карповки,27,Петроградская,280459322,набережная Реки Карповки 27,30.307774,59.970155
2901,3,5,4,118.9,23700000,Петроградский, Ленина,28,Чкаловская,291359384,Ленина 28,30.302043,59.962908
2902,2,7,4,210.7,83226500,Петроградский,Петровский проспект,11к3,Спортивная,294545846,Петровский проспект 11к3,30.262355,59.962697
2903,4,4,4,183.5,44500000,Петроградский,Большая Посадская ,4,Горьковская,295687793,Большая Посадская 4,30.321851,59.958084
2904,7,9,4,126.0,45536400,Петроградский,Петровский проспект,11к2,Крестовский остров,294545976,Петровский проспект 11к2,30.259598,59.961255
2905,4,9,4,73.3,11300000,Выборгский,проспект Художников,3К1,Озерки,298804842,проспект Художников 3К1,30.345495,60.032897
2906,6,18,4,85.0,18800000,Приморский,аллея Арцеуловская,17,Комендантский проспект,297091463,аллея Арцеуловская 17,30.205546,60.040339
2907,11,19,4,93.1,15600000,Невский, Латышских Стрелков,15к2,Проспект Большевиков,294303762,Латышских Стрелков 15к2,30.459877,59.930264
2908,2,7,4,227.5,96052947,Петроградский,проезд Петровская коса,6к1,Крестовский остров,298657993,проезд Петровская коса 6к1,30.245566,59.963066
2909,3,6,4,122.0,24900000,Петроградский,Сытнинская ,10,Горьковская,294204209,Сытнинская 10,30.307774,59.957728
2910,5,11,4,108.0,34020000,Приморский,Фермское шоссе,10,Удельная,296288436,Фермское шоссе 10,30.311403,60.012174
2911,9,9,4,188.5,73326500,Петроградский,Петровский проспект,11к2,Крестовский остров,294546002,Петровский проспект 11к2,30.259598,59.961255
2912,2,6,4,108.6,19500000,Адмиралтейский,набережная Реки Фонтанки,126,Садовая,286430736,набережная Реки Фонтанки 126,30.306023,59.917998
2913,3,3,4,99.4,20749744,Петродворцовый,Красносельское шоссе,22,Ленинский проспект,285685208,Красносельское шоссе 22,30.133618,59.779463
2914,5,9,4,73.9,11350000,Фрунзенский,Купчинская ,20К3,Дунайская,288960556,Купчинская 20К3,30.393887,59.835329
2915,2,7,4,141.59,55641600,Адмиралтейский,Малодетскосельский проспект,40,Фрунзенская,299648242,Малодетскосельский проспект 40,30.320018,59.911141
2916,5,5,4,75.0,12900000,Адмиралтейский, Володи Ермака,2,Садовая,287170370,Володи Ермака 2,30.281139,59.921908
2917,7,7,4,101.99,42269400,Адмиралтейский,Малодетскосельский проспект,40,Фрунзенская,299648240,Малодетскосельский проспект 40,30.320018,59.911141
2918,4,6,4,110.1,17700000,Центральный,Гангутская ,16,Чернышевская,299369314,Гангутская 16,30.341847,59.945107
2919,2,7,4,100.69,36382320,Адмиралтейский,Малодетскосельский проспект,40,Фрунзенская,299648238,Малодетскосельский проспект 40,30.320018,59.911141
2920,8,8,4,148.0,57000000,Петроградский, Большая Зеленина,34,Чкаловская,294266311,Большая Зеленина 34,30.283861,59.965007
2921,1,8,4,183.7,66793320,Петроградский,Петровский проспект,11к3,Спортивная,294545895,Петровский проспект 11к3,30.262355,59.962697
2922,5,6,4,216.4,45900000,Петроградский,проспект Большой Петроградской стороны,13/4,Спортивная,291413268,проспект Большой Петроградской стороны 13/4,30.295485,59.955291
2923,2,3,4,107.0,20974014,Петродворцовый,Красносельское шоссе,22,Ленинский проспект,285685146,Красносельское шоссе 22,30.133618,59.779463
2924,5,5,4,50.0,6390000,Кировский, Лени Голикова,10,Проспект Ветеранов,299109035,Лени Голикова 10,30.231238,59.846147
2925,6,9,4,153.4,63000000,Василеостровский,проспект Средний Васильевского острова,85,Горный институт,292187974,проспект Средний Васильевского острова 85,30.254262,59.936458
2926,5,5,4,107.5,18900000,Московский, Севастьянова,5,Электросила,268147453,Севастьянова 5,30.328795,59.875239
2927,2,7,4,190.6,68129017,Василеостровский,13-я Васильевского острова линия,50,Василеостровская,290200432,13-я Васильевского острова линия 50,30.268141,59.942795
2928,1,3,4,111.7,12295000,Калининский, Академика Лебедева,20,Площадь Ленина,295734252,Академика Лебедева 20,30.35799,59.96407
2929,7,8,4,143.7,61900000,Петроградский,Каменноостровский проспект,64К2,Петроградская,293072667,Каменноостровский проспект 64К2,30.302672,59.974707
2930,4,17,4,117.0,20000000,Красногвардейский, Коммуны,50,Проспект Большевиков,282211442,Коммуны 50,30.490177,59.959345
2931,8,8,4,149.38,134442000,Петроградский,набережная Реки Карповки,27,Петроградская,280459344,набережная Реки Карповки 27,30.307774,59.970155
2932,1,3,4,84.7,10200000,Калининский,Бестужевская ,29,Ладожская,299334765,Бестужевская 29,30.408251,59.982491
2933,5,5,4,77.5,14500000,Кировский, Швецова,10,Нарвская,292875116,Швецова 10,30.281579,59.897032
2934,3,3,4,100.8,20125353,Петродворцовый,Красносельское шоссе,22,Автово,293828741,Красносельское шоссе 22,30.133618,59.779463
2935,12,14,4,87.0,22000000,Невский,Октябрьская набережная,34к2,Новочеркасская,283949328,Октябрьская набережная 34к2,30.438434,59.905276
2936,4,7,4,180.4,102579644,Петроградский,проезд Петровская коса,6к1,Крестовский остров,298657996,проезд Петровская коса 6к1,30.245566,59.963066
2937,9,9,4,73.5,11500000,Выборгский,Поэтический бульвар,5,Проспект Просвещения,296426270,Поэтический бульвар 5,30.345917,60.043822
2938,1,3,4,123.1,23774543,Петродворцовый,Красносельское шоссе,22,Ленинский проспект,285685242,Красносельское шоссе 22,30.133618,59.779463
2939,21,22,4,85.0,17700000,Приморский,Лыжный переулок,4к3,Беговая,291732092,Лыжный переулок 4к3,30.197659,59.998225
2940,3,3,4,230.0,188600000,Петроградский,Санаторная аллея,3,Черная речка,244728468,Санаторная аллея 3,30.28696,59.975387
2941,4,5,4,86.0,14200000,Кировский, Маринеско,1,Автово,270992717,Маринеско 1,30.263613,59.870194
2942,7,7,4,201.8,120373700,Петроградский,Петровский проспект,11к3,Спортивная,294545861,Петровский проспект 11к3,30.262355,59.962697
2943,3,6,4,85.2,17500000,Адмиралтейский,Подольская ,45,Технологический институт,291322758,Подольская 45,30.327672,59.912445
2944,5,5,4,104.0,18500000,Центральный,Загородный проспект,9,Достоевская,293373912,Загородный проспект 9,30.343761,59.926886
2945,1,3,4,113.5,21920476,Петродворцовый,Красносельское шоссе,22,Проспект Ветеранов,285685210,Красносельское шоссе 22,30.133618,59.779463
2946,5,7,4,99.5,16000000,Центральный,9-я Советская ,39/24,Владимирская,293269387,9-я Советская 39/24,30.379154,59.935818
2947,2,3,4,100.2,18500000,Петродворцовый,Красносельское шоссе,22,Автово,295157847,Красносельское шоссе 22,30.133618,59.779463
2948,14,14,4,107.2,27293120,Василеостровский,набережная Миклухо-Маклая,1к1,Горный институт,299550782,набережная Миклухо-Маклая 1к1,30.201737,59.929804
2949,5,9,4,73.0,10100000,Выборгский,Суздальский проспект,9,Проспект Просвещения,298048287,Суздальский проспект 9,30.310505,60.066221
2950,3,9,4,144.2,44702000,Петроградский,Петровский проспект,11к3,Спортивная,294545925,Петровский проспект 11к3,30.262355,59.962697
2951,3,3,4,225.0,27000000,Курортный, Коробицына,2Т,Беговая,280798559,Коробицына 2Т,29.985495,60.059759
2952,5,5,4,160.0,48000000,Петроградский, Ленина,8,Горьковская,293738865,Ленина 8,30.308709,59.959818
2953,5,7,4,216.7,137459268,Петроградский,проезд Петровская коса,6к1,Крестовский остров,298657997,проезд Петровская коса 6к1,30.245566,59.963066
2954,1,4,4,72.0,16700000,Центральный,Фурштатская ,3,Чернышевская,297701760,Фурштатская 3,30.350049,59.945031
2955,2,23,4,108.93,19277544,Приморский, Ивинская,1к1,Зенит,297361728,Ивинская 1к1,30.136582,60.027049
2956,4,5,4,49.1,7300000,Фрунзенский, Белы Куна,7К3,Международная,299247319,Белы Куна 7К3,30.384697,59.871382
2957,25,25,4,110.0,30000000,Калининский, Брянцева,13к1,Гражданский проспект,295926570,Брянцева 13к1,30.407505,60.039768
2958,8,8,4,125.43,112887000,Петроградский,набережная Реки Карповки,27,Петроградская,280459354,набережная Реки Карповки 27,30.307774,59.970155
2959,4,5,4,121.9,23300000,Василеостровский,17-я Васильевского острова линия,70/12,Василеостровская,294259195,17-я Васильевского острова линия 70/12,30.257136,59.946482
2960,2,8,4,203.6,69834800,Петроградский,Петровский проспект,11к2,Крестовский остров,294546022,Петровский проспект 11к2,30.259598,59.961255
2961,5,5,4,102.0,25000000,Адмиралтейский, Декабристов,18,Садовая,295067905,Декабристов 18,30.303391,59.928072
2962,3,9,4,159.0,67734000,Петроградский,Петровский проспект,11к3,Спортивная,294545805,Петровский проспект 11к3,30.262355,59.962697
2963,5,6,4,83.4,10400000,Пушкинский, Ростовская,1,,292857915,Ростовская 1,30.460443,59.733936
2964,2,8,4,178.4,71360000,Петроградский,Петровский проспект,11к3,Спортивная,299324618,Петровский проспект 11к3,30.262355,59.962697
2965,6,7,4,115.8,19050000,Василеостровский,16-я Васильевского острова линия,35Б,Василеостровская,289529324,16-я Васильевского острова линия 35Б,30.267925,59.939005
2966,4,8,4,204.36,106267200,Петроградский,набережная Реки Карповки,27,Петроградская,280459377,набережная Реки Карповки 27,30.307774,59.970155
2967,5,5,4,117.0,23000000,Петроградский,Лахтинская ,28,Чкаловская,295034200,Лахтинская 28,30.297587,59.963584
2968,7,7,4,203.4,121328100,Петроградский,Петровский проспект,11к3,Спортивная,294545876,Петровский проспект 11к3,30.262355,59.962697
2969,3,5,4,100.0,18000000,Калининский, Комсомола,17,Площадь Ленина,296326762,Комсомола 17,30.36585,59.95498
2970,7,8,4,174.12,125366400,Петроградский,набережная Реки Карповки,27,Петроградская,280459442,набережная Реки Карповки 27,30.307774,59.970155
2971,4,5,4,196.3,31000000,Курортный, Николая Соколова,31,Беговая,290781046,Николая Соколова 31,30.005258,60.052065
2972,8,9,4,173.7,83410740,Петроградский,Петровский проспект,11к3,Спортивная,294545798,Петровский проспект 11к3,30.262355,59.962697
2973,4,4,4,85.7,17500000,Василеостровский,12-я Васильевского острова линия,55/20,Василеостровская,296955386,12-я Васильевского острова линия 55/20,30.264224,59.947131
2974,1,8,4,149.4,42139764,Красносельский,проспект Патриотов,33,,297300190,проспект Патриотов 33,30.148404,59.862443
2975,15,16,4,119.7,21000000,Московский, Ленсовета,90,Звездная,286019442,Ленсовета 90,30.351989,59.832001
2976,9,9,4,146.3,60076632,Петроградский,Петровский проспект,9к2,Спортивная,298366956,Петровский проспект 9к2,30.266533,59.960994
2977,13,16,4,153.09,28600000,Красногвардейский, Маршала Тухачевского,13,Ладожская,294420801,Маршала Тухачевского 13,30.432272,59.966358
2978,3,9,4,176.7,73683900,Петроградский,Петровский проспект,11к3,Спортивная,294545780,Петровский проспект 11к3,30.262355,59.962697
2979,1,9,4,75.7,10800000,Красногвардейский,Ириновский проспект,17К3,Улица Дыбенко,295039262,Ириновский проспект 17К3,30.465213,59.954038
2980,5,8,4,205.89,115298400,Петроградский,набережная Реки Карповки,27,Петроградская,288819509,набережная Реки Карповки 27,30.307774,59.970155
2981,2,3,4,100.9,13499000,Колпинский,набережная Комсомольского Канала,24/1,Шушары,274757002,набережная Комсомольского Канала 24/1,30.611369,59.747874
2982,2,7,4,189.9,28000000,Петроградский,набережная Реки Карповки,30,Петроградская,292699650,набережная Реки Карповки 30,30.301639,59.9697
2983,1,9,4,159.6,58254000,Петроградский,Петровский проспект,11к3,Спортивная,294545801,Петровский проспект 11к3,30.262355,59.962697
2984,3,9,4,201.4,77136200,Петроградский,Петровский проспект,11к3,Спортивная,294545806,Петровский проспект 11к3,30.262355,59.962697
2985,5,9,4,76.0,10700000,Фрунзенский,Софийская ,29К1,Международная,297766741,Софийская 29К1,30.394354,59.879231
2986,2,9,4,183.8,69079066,Петроградский,проезд Петровская коса,6к1,Крестовский остров,298658060,проезд Петровская коса 6к1,30.245566,59.963066
2987,3,9,4,94.51,12500000,Колпинский,Загородная ,43к5,,293264517,Загородная 43к5,30.602853,59.774453
2988,6,7,4,93.0,16300000,Василеостровский,18-я Васильевского острова линия,25,Василеостровская,292369003,18-я Васильевского острова линия 25,30.266488,59.936467
2989,12,25,4,116.5,16400000,Красносельский,Ленинский проспект,51,Ленинский проспект,292452136,Ленинский проспект 51,30.167305,59.862569
2990,2,6,4,109.4,18700000,Невский,Ивановская ,13,Ломоносовская,292543409,Ивановская 13,30.441578,59.874982
2991,4,4,4,91.0,18950000,Пушкинский, Гренадерская,12к2,,291486836,Гренадерская 12к2,30.344102,59.969668
2992,4,6,4,117.1,19600000,Центральный,Тележная ,26-28,Площадь Восстания,298746017,Тележная 26-28,30.37672,59.925444
2993,5,5,4,89.6,20700000,Московский,Благодатная ,28,Электросила,286545056,Благодатная 28,30.322255,59.876179
2994,1,5,4,82.9,21000000,Василеостровский,5-я Васильевского острова линия,4,Василеостровская,277011997,5-я Васильевского острова линия 4,30.287616,59.937968
2995,2,4,4,138.0,21500000,Центральный,Моховая ,30,,296563183,Моховая 30,30.34553,59.941267
2996,2,6,4,114.0,22000000,Центральный,Невский проспект,131,Площадь Александра Невского,273493241,Невский проспект 131,30.374869,59.926503
2997,2,7,4,113.6,22500000,Центральный,Свечной переулок,27,Лиговский проспект,291314572,Свечной переулок 27,30.355178,59.923662
2998,2,5,4,110.0,22490000,Василеостровский,проспект Малый Васильевского острова,14,Спортивная,298485532,проспект Малый Васильевского острова 14,30.275381,59.947104
2999,3,3,4,135.0,22400000,Петроградский,проспект Большой Петроградской стороны,30,Чкаловская,266290375,проспект Большой Петроградской стороны 30,30.297794,59.957246
3000,6,7,4,133.1,22400000,Центральный,Свечной переулок,27,Лиговский проспект,297963579,Свечной переулок 27,30.355178,59.923662
3001,9,10,4,116.0,22900000,Калининский,Политехническая ,17К1,Площадь Мужества,287302394,Политехническая 17К1,30.366192,59.999039
3002,6,6,4,145.8,23000000,Петроградский, Куйбышева,36,Горьковская,298526638,Куйбышева 36,30.33264,59.957696
3003,1,6,4,130.0,23500000,Адмиралтейский,набережная Реки Фонтанки,165,Балтийская,297774493,набережная Реки Фонтанки 165,30.29341,59.916564
3004,3,4,4,151.4,23500000,Адмиралтейский,Садовая ,56,Садовая,295728289,Садовая 56,30.307271,59.922219
3005,4,12,4,129.45,26293815,Приморский,Белоостровская ,7,Лесная,291838231,Белоостровская 7,30.329451,59.985462
3006,3,5,4,95.6,27400000,Петроградский, Куйбышева,23,Горьковская,291550931,Куйбышева 23,30.331517,59.956557
3007,5,5,4,100.3,28000000,Центральный, Ломоносова,20,Достоевская,299249709,Ломоносова 20,30.340006,59.927283
3008,23,23,4,101.3,28200000,Калининский,Пискарёвка,5к8,Лесная,293521801,Пискарёвка 5к8,30.418007,59.99062
3009,13,24,4,148.9,28800000,Калининский,Гражданский проспект,36,Академическая,289479283,Гражданский проспект 36,30.394147,60.010942
3010,2,5,4,101.5,28900000,Центральный,Тульская ,9,Чернышевская,296686971,Тульская 9,30.390608,59.943003
3011,1,6,4,93.1,29900000,Центральный,Кирочная ,32-34,Чернышевская,262743416,Кирочная 32-34,30.362994,59.944102
3012,2,3,4,126.0,30900000,Красносельский,Петергофское шоссе,76к13,Ленинский проспект,295052109,Петергофское шоссе 76к13,30.115149,59.844036
3013,9,11,4,114.0,34900000,Московский,Сызранская ,23,Электросила,297173416,Сызранская 23,30.338083,59.880582
3014,15,16,4,220.0,34999999,Выборгский,проспект Просвещения,14к4,Проспект Просвещения,296993470,проспект Просвещения 14к4,30.311646,60.058614
3015,4,6,4,126.0,36800000,Василеостровский,6-я Васильевского острова линия,43,Василеостровская,297471842,6-я Васильевского острова линия 43,30.27601,59.945761
3016,5,5,4,148.4,37500000,Центральный, Рылеева,10,Чернышевская,293311236,Рылеева 10,30.357972,59.942602
3017,4,4,4,157.9,37850000,Адмиралтейский,Большая Морская ,31,Адмиралтейская,294314170,Большая Морская 31,30.311394,59.933658
3018,4,4,4,170.9,38850000,Адмиралтейский,Большая Морская ,31,Адмиралтейская,287265523,Большая Морская 31,30.311394,59.933658
3019,5,8,4,120.0,39900000,Петроградский,Петровский проспект,11к2,Крестовский остров,299064807,Петровский проспект 11к2,30.259598,59.961255
3020,5,8,4,120.0,39900000,Петроградский,Петровский проспект,11к2,Крестовский остров,299064807,Петровский проспект 11к2,30.259598,59.961255
3021,8,26,4,145.1,39900000,Приморский,Коломяжский проспект,20,Пионерская,294168068,Коломяжский проспект 20,30.298324,59.998774
3022,10,21,4,120.6,42000000,Василеостровский, Челюскина,8,Приморская,298297162,Челюскина 8,30.187679,59.942065
3023,15,21,4,120.5,42000000,Василеостровский, Челюскина,8,Приморская,298297156,Челюскина 8,30.187679,59.942065
3024,10,13,4,116.0,44500000,Приморский,Приморский проспект,62к1,Беговая,297550138,Приморский проспект 62к1,30.225156,59.98291
3025,2,8,4,122.0,44500000,Адмиралтейский,набережная Обводного Канала,106,Фрунзенская,299410581,набережная Обводного Канала 106,30.31567,59.907595
3026,3,4,4,150.0,46000000,Василеостровский,8-я Васильевского острова линия,15,Василеостровская,291527837,8-я Васильевского острова линия 15,30.28202,59.937607
3027,5,14,4,187.0,49000000,Красногвардейский,Свердловская набережная,58,Площадь Ленина,285382250,Свердловская набережная 58,30.406787,59.956219
3028,3,8,4,137.0,54000000,Петроградский, Графтио,5,Петроградская,291330843,Графтио 5,30.307074,59.973753
3029,5,5,4,135.0,55000000,Центральный,Смольный проспект,7,Чернышевская,297246884,Смольный проспект 7,30.393393,59.944314
3030,6,10,4,162.7,59700000,Петроградский,набережная Реки Карповки,10,Петроградская,298926000,набережная Реки Карповки 10,30.312661,59.967691
3031,7,7,4,133.7,60200000,Центральный,Стремянная ,15/1,Маяковская,295993566,Стремянная 15/1,30.35207,59.930742
3032,4,5,4,166.9,67000000,Центральный,Большая Конюшенная ,13,Невский проспект,292624048,Большая Конюшенная 13,30.323324,59.939352
3033,4,6,4,196.7,71000000,Центральный,Таврическая ,1,Маяковская,291595398,Таврическая 1,30.378067,59.940749
3034,4,6,4,196.9,73000000,Центральный,набережная Канала Грибоедова,19,Невский проспект,285834848,набережная Канала Грибоедова 19,30.326199,59.936197
3035,4,8,4,184.2,75900000,Петроградский,Каменноостровский проспект,64К2,Петроградская,268787095,Каменноостровский проспект 64К2,30.302672,59.974707
3036,1,8,4,255.3,78000000,Василеостровский,20-я Васильевского острова линия,5,Горный институт,285240927,20-я Васильевского острова линия 5,30.268473,59.931896
3037,5,7,4,146.0,80385000,Центральный,Таврическая ,37,Чернышевская,291253661,Таврическая 37,30.378472,59.947243
3038,1,5,4,149.7,85500000,Петроградский,Морской проспект,11,Крестовский остров,295061211,Морской проспект 11,30.273306,59.971127
3039,2,7,4,241.8,99000000,Петроградский,Морской проспект,33,Крестовский остров,270887431,Морской проспект 33,30.26099,59.971713
3040,2,4,4,170.0,99000000,Центральный,Итальянская ,12Е,Гостиный двор,295292042,Итальянская 12Е,30.337625,59.936061
3041,5,5,4,235.4,115000000,Центральный,Большая Конюшенная ,13,Гостиный двор,297163040,Большая Конюшенная 13,30.323324,59.939352
3042,3,5,4,186.1,120000000,Центральный,Невский проспект,88,Маяковская,284332202,Невский проспект 88,30.35181,59.932468
3043,2,2,4,160.0,150000000,Адмиралтейский,Почтамтская ,12,Адмиралтейская,294294743,Почтамтская 12,30.302609,59.932135
3044,5,5,4,260.0,157500000,Центральный,Большая Конюшенная ,13,Невский проспект,264558452,Большая Конюшенная 13,30.323324,59.939352
3045,1,6,4,199.8,220000000,Петроградский,Спортивная ,2,Крестовский остров,295932765,Спортивная 2,30.288335,59.95019
3046,5,5,-1,121.4,3200000,Центральный,Мучной переулок,3,Сенная площадь,298636537,Мучной переулок 3,30.321698,59.930358
3047,1,6,-1,109.1,3300000,Адмиралтейский,Верейская ,46,Пушкинская,298976691,Верейская 46,30.328992,59.913478
3048,3,8,-1,84.0,4650000,Василеостровский,12-я Васильевского острова линия,53,Василеостровская,299479271,12-я Васильевского острова линия 53,30.264826,59.946626
3049,4,5,-1,56.0,5100000,Василеостровский,проспект Малый Васильевского острова,24,,289199814,проспект Малый Васильевского острова 24,30.27106,59.945499
3050,5,5,4,49.5,5790000,Кировский, Лени Голикова,23К4,Ленинский проспект,294738086,Лени Голикова 23К4,30.226773,59.843796
3051,5,5,4,47.3,5800000,Колпинский, Танкистов,16,Купчино,294872755,Танкистов 16,30.561602,59.745784
3052,5,5,4,49.0,5900000,Колпинский, Танкистов,30,Шушары,292229475,Танкистов 30,30.561279,59.743449
3053,5,5,4,49.0,6000000,Кировский, Бурцева,13,Ленинский проспект,296523229,Бурцева 13,30.206705,59.835306
3054,1,5,4,49.1,6100000,Колпинский,Пролетарская ,77,Шушары,269032512,Пролетарская 77,30.574134,59.743173
3055,1,5,4,49.0,6100000,Кировский, Лени Голикова,21,Проспект Ветеранов,290748961,Лени Голикова 21,30.229594,59.844999
3056,3,5,4,48.2,6450000,Кировский,Трамвайный проспект,9К1,Ленинский проспект,295931193,Трамвайный проспект 9К1,30.259508,59.856036
3057,3,5,4,49.1,6400000,Кировский,проспект Народного ополчения,29,Ленинский проспект,295365610,проспект Народного ополчения 29,30.278417,59.847828
3058,5,5,4,49.3,6400000,Кировский,Трамвайный проспект,27К2,Ленинский проспект,298071292,Трамвайный проспект 27К2,30.278543,59.853419
3059,3,5,4,48.0,6500000,Кировский,Трамвайный проспект,9К1,,298935387,Трамвайный проспект 9К1,30.259508,59.856036
3060,4,5,4,48.6,6500000,Кировский, Бурцева,14,Ленинский проспект,296573117,Бурцева 14,30.2086,59.837304
3061,5,5,4,49.0,6590000,Кировский,Дачный проспект,16К2,Проспект Ветеранов,299338676,Дачный проспект 16К2,30.255097,59.843602
3062,4,5,4,48.9,6550000,Московский, Костюшко,64,Московская,299281335,Костюшко 64,30.306355,59.844737
3063,3,5,4,48.6,6600000,Кировский, Бурцева,11,Ленинский проспект,295935155,Бурцева 11,30.207379,59.836025
3064,3,5,4,48.2,6670000,Кировский,Трамвайный проспект,9К1,Ленинский проспект,298223248,Трамвайный проспект 9К1,30.259508,59.856036
3065,4,5,4,48.2,6750000,Кировский, Червонного Казачества,20,Автово,294138365,Червонного Казачества 20,30.271285,59.865347
3066,5,6,4,47.9,6750000,Кировский,Краснопутиловская ,55,Автово,298253737,Краснопутиловская 55,30.275219,59.867245
3067,4,5,4,59.4,6800000,Колпинский,Пролетарская ,83,Шушары,293954983,Пролетарская 83,30.572661,59.742969
3068,4,5,4,49.0,6890000,Кировский,бульвар Новаторов,20,,280333052,бульвар Новаторов 20,30.273351,59.848909
3069,5,5,4,48.81,6800000,Московский, Костюшко,9,Московская,296225752,Костюшко 9,30.303426,59.845175
3070,3,5,4,49.6,6850000,Кировский,проспект Стачек,220К2,Ленинский проспект,292265872,проспект Стачек 220К2,30.222776,59.845464
3071,2,5,4,49.5,6850000,Кировский,проспект Маршала Жукова,56К9,Проспект Ветеранов,293548171,проспект Маршала Жукова 56К9,30.210199,59.838335
3072,2,5,4,63.0,6800000,Петродворцовый,Кронштадтская ,4,,293955544,Кронштадтская 4,30.254953,59.877235
3073,4,5,4,49.3,6900000,Кировский, Бурцева,3,Ленинский проспект,297421368,Бурцева 3,30.201108,59.835311
3074,4,5,4,60.0,6950000,Колпинский,Пролетарская ,99,Шушары,299632486,Пролетарская 99,30.568852,59.742384
3075,1,5,4,49.0,7100000,Кировский,проспект Народного ополчения,121,Проспект Ветеранов,294342723,проспект Народного ополчения 121,30.268051,59.837295
3076,4,5,4,48.7,7200000,Кировский,Краснопутиловская ,43,Автово,299297347,Краснопутиловская 43,30.272506,59.867507
3077,4,5,4,48.8,7200000,Кировский,проспект Маршала Жукова,56К6,Ленинский проспект,294954614,проспект Маршала Жукова 56К6,30.209319,59.839583
3078,3,9,4,68.3,7189000,Красносельский,Кингисеппское шоссе,10к1,,297413403,Кингисеппское шоссе 10к1,30.073053,59.722309
3079,3,5,4,54.0,7300000,Красносельский, Тамбасова,25К1,Проспект Ветеранов,276828574,Тамбасова 25К1,30.155815,59.828903
3080,4,5,4,49.1,7300000,Фрунзенский, Белы Куна,7К3,Международная,293870127,Белы Куна 7К3,30.384697,59.871382
3081,4,5,4,48.7,7300000,Кировский, Бурцева,15,,291598974,Бурцева 15,30.207459,59.83532
3082,1,5,4,49.0,7500000,Московский, Костюшко,24,Московская,273808799,Костюшко 24,30.302582,59.848335
3083,5,5,4,48.0,7600000,Красносельский,проспект Народного ополчения,241К4,Проспект Ветеранов,298819035,проспект Народного ополчения 241К4,30.152087,59.826456
3084,5,5,4,60.3,7700000,Петродворцовый, Победы,19,,281298850,Победы 19,30.325184,59.862917
3085,5,5,4,48.4,7700000,Кировский, Лени Голикова,44,Проспект Ветеранов,296440340,Лени Голикова 44,30.236412,59.843611
3086,5,5,4,48.9,7777000,Кировский,проспект Ветеранов,17,Проспект Ветеранов,294909678,проспект Ветеранов 17,30.244183,59.844045
3087,4,5,4,59.5,7990000,Кировский,проспект Стачек,220К2,Проспект Ветеранов,294370852,проспект Стачек 220К2,30.222776,59.845464
3088,5,5,4,49.0,7900000,Московский, Костюшко,64,Московская,292976950,Костюшко 64,30.306355,59.844737
3089,2,5,4,49.4,8000000,Московский, Костюшко,15,Московская,299467117,Костюшко 15,30.307514,59.843082
3090,4,5,4,59.6,8100000,Кировский,бульвар Новаторов,90,Проспект Ветеранов,288758716,бульвар Новаторов 90,30.260101,59.841428
3091,2,7,-1,129.0,8050000,Василеостровский,18-я Васильевского острова линия,23,Горный институт,298570625,18-я Васильевского острова линия 23,30.266829,59.936228
3092,1,9,4,72.5,8200000,Колпинский,Тверская ,48,Шушары,298924600,Тверская 48,30.612968,59.737849
3093,3,5,4,59.4,8300000,Кировский,проспект Ветеранов,107,Ленинский проспект,299246025,проспект Ветеранов 107,30.200623,59.834189
3094,3,5,4,60.0,8300000,Красносельский, Пограничника Гарькавого,46К3,Проспект Ветеранов,290398045,Пограничника Гарькавого 46К3,30.150147,59.828111
3095,4,5,4,59.01,8400000,Кировский,проспект Ветеранов,27,Проспект Ветеранов,294140098,проспект Ветеранов 27,30.242314,59.844285
3096,1,9,4,73.4,8500000,Колпинский,Заводской проспект,20к3,Шушары,291914478,Заводской проспект 20к3,30.567648,59.734344
3097,2,3,4,81.4,8500000,Красносельский,проспект Ленина,61к1,,284953523,проспект Ленина 61к1,30.088828,59.737264
3098,1,9,4,74.0,8800000,Приморский,проспект Авиаконструкторов,13,Комендантский проспект,299587478,проспект Авиаконструкторов 13,30.249114,60.01226
3099,1,9,4,73.8,8900000,Невский,проспект Солидарности,9К2,Проспект Большевиков,292489011,проспект Солидарности 9К2,30.487231,59.921164
3100,3,4,4,66.5,8900000,Кировский, Метростроевцев,3,Нарвская,298072946,Метростроевцев 3,30.283933,59.900407
3101,2,5,4,49.3,9000000,Кировский,проспект Ветеранов,18,Проспект Ветеранов,293025492,проспект Ветеранов 18,30.25489,59.844881
3102,1,3,4,64.4,9000000,Кировский, Трефолева,14,Кировский завод,294780857,Трефолева 14,30.274016,59.88958
3103,3,9,-1,67.5,9000000,Московский,Новоизмайловский проспект,3,Электросила,291874363,Новоизмайловский проспект 3,30.30454,59.873555
3104,1,9,4,74.2,9150000,Фрунзенский,Бухарестская ,33К5,,297797029,Бухарестская 33К5,30.381445,59.864363
3105,9,9,4,73.3,9300000,Красногвардейский, Передовиков,33К2,Ладожская,299250455,Передовиков 33К2,30.462895,59.952403
3106,4,4,4,84.5,9500000,Петродворцовый, Красного Флота,1,Проспект Ветеранов,297333772,Красного Флота 1,29.783877,59.91199
3107,1,9,4,76.6,9500000,Выборгский, Шостаковича,1/9,Проспект Просвещения,296782157,Шостаковича 1/9,30.326962,60.058834
3108,1,9,4,72.9,9500000,Красногвардейский,Хасанская ,24,,291256489,Хасанская 24,30.497067,59.937125
3109,1,10,4,70.8,9500000,Красносельский, Партизана Германа,18К1,Проспект Ветеранов,285022779,Партизана Германа 18К1,30.176809,59.830843
3110,1,9,4,77.9,9500000,Невский, Дыбенко,12К3,Улица Дыбенко,290971859,Дыбенко 12К3,30.462841,59.904523
3111,6,9,4,77.7,9700000,Колпинский,Полевая ,14,Рыбацкое,298255018,Полевая 14,30.14853,60.001811
3112,1,5,4,78.9,9700000,Фрунзенский,Софийская ,40К2,Ломоносовская,294365594,Софийская 40К2,30.410452,59.871409
3113,1,5,4,90.4,9900000,Колпинский,Стахановская ,20,Шушары,290630898,Стахановская 20,30.584967,59.744746
3114,1,10,4,72.5,9900000,Приморский,Ситцевая ,11К2,Старая Деревня,293974386,Ситцевая 11К2,30.240068,59.999782
3115,5,9,4,74.2,9990000,Фрунзенский, Белы Куна,27к1,Международная,294043575,Белы Куна 27к1,30.403436,59.87883
3116,4,6,4,69.1,9999999,Адмиралтейский,Курляндская ,22-24Ж,Балтийская,298041381,Курляндская 22-24Ж,30.283439,59.91143
3117,1,5,4,66.6,9999999,Московский, Костюшко,70,Московская,298852667,Костюшко 70,30.308637,59.844488
3118,4,9,4,73.0,10000000,Колпинский,Полевая ,25,Рыбацкое,295291476,Полевая 25,30.142754,60.002279
3119,1,9,4,72.6,10100000,Калининский,проспект Науки,4К2,Академическая,292847740,проспект Науки 4К2,30.383376,60.017013
3120,7,9,4,72.2,10200000,Красногвардейский,Ириновский проспект,17К1,Ладожская,293816839,Ириновский проспект 17К1,30.463587,59.954498
3121,2,9,4,73.8,10300000,Красносельский, Партизана Германа,33К3,Проспект Ветеранов,299224094,Партизана Германа 33К3,30.172021,59.83082
3122,2,9,4,75.0,10300000,Выборгский,проспект Луначарского,62К1,Озерки,296940810,проспект Луначарского 62К1,30.343132,60.041184
3123,20,26,4,103.6,10300000,Пушкинский,проспект Новгородский,4с1,Звездная,291802618,проспект Новгородский 4с1,30.367656,59.811242
3124,1,9,4,82.3,10400000,Петродворцовый, Шахматова,4к1,Автово,294701846,Шахматова 4к1,29.864707,59.867032
3125,4,9,4,73.9,10390000,Невский, Подвойского,28к1К,Проспект Большевиков,293687942,Подвойского 28к1К,30.481922,59.915567
3126,4,5,4,93.0,10400000,Красногвардейский,шоссе Революции,112,Ладожская,297562458,шоссе Революции 112,30.475319,59.966241
3127,4,10,4,77.7,10490000,Колпинский,Пролетарская ,54,Шушары,291410730,Пролетарская 54,30.571106,59.741486
3128,3,9,4,72.6,10500000,Колпинский,Октябрьская ,67,Шушары,298391704,Октябрьская 67,30.449124,59.898097
3129,7,10,4,88.0,10500000,Колпинский,Тверская ,33,Шушары,296094167,Тверская 33,30.38856,59.946626
3130,5,14,4,74.0,10500000,Колпинский,Октябрьская ,61,Шушары,298741170,Октябрьская 61,30.449124,59.898097
3131,1,9,4,84.0,10600000,Приморский,Серебристый бульвар,34К1,Комендантский проспект,294560963,Серебристый бульвар 34К1,30.283277,60.013735
3132,1,10,4,72.5,10600000,Приморский,проспект Авиаконструкторов,3К2,Комендантский проспект,289460468,проспект Авиаконструкторов 3К2,30.249599,60.010965
3133,4,14,4,74.9,10800000,Выборгский, Композиторов,19,Проспект Просвещения,296635858,Композиторов 19,30.315518,60.055803
3134,5,9,4,73.4,10800000,Калининский, Академика Байкова,9,Политехническая,295731181,Академика Байкова 9,30.372624,60.027512
3135,4,9,4,73.4,10900000,Приморский, Шаврова,17,Комендантский проспект,298528487,Шаврова 17,30.241011,60.025628
3136,9,12,4,107.1,10900000,Пушкинский,Московское шоссе,246,Шушары,292485378,Московское шоссе 246,30.474286,59.759623
3137,9,9,4,72.0,10900000,Красногвардейский,проспект Ударников,19К3,Улица Дыбенко,298678583,проспект Ударников 19К3,30.468061,59.947955
3138,1,9,4,78.1,11000000,Кировский, Стойкости,7,,299294720,Стойкости 7,30.216523,59.828423
3139,1,5,4,91.1,11050000,Красносельский, Добровольцев,52,Проспект Ветеранов,297589998,Добровольцев 52,30.168589,59.828568
3140,1,9,4,77.6,11000000,Кировский, Генерала Симоняка,7,Проспект Ветеранов,297782860,Генерала Симоняка 7,30.201351,59.830042
3141,8,9,4,72.8,11000000,Приморский, Маршала Новикова,6К1,Комендантский проспект,298122386,Маршала Новикова 6К1,30.266793,60.010911
3142,1,9,4,78.1,11000000,Кировский, Стойкости,7,,299159449,Стойкости 7,30.216523,59.828423
3143,5,10,4,74.0,11200000,Приморский, Шаврова,11,Комендантский проспект,297353025,Шаврова 11,30.235442,60.023362
3144,8,9,4,77.5,11250000,Невский, Дыбенко,36К1,Улица Дыбенко,296055279,Дыбенко 36К1,30.49572,59.910541
3145,4,5,4,104.6,11300000,Колпинский,проспект Ленина,24/8,,294273069,проспект Ленина 24/8,30.141334,60.000839
3146,1,10,4,89.2,11500000,Красносельский, Маршала Казакова,38К1,Автово,298301196,Маршала Казакова 38К1,30.211143,59.859393
3147,1,9,4,76.8,11500000,Выборгский,проспект Энгельса,135,Проспект Просвещения,294863638,проспект Энгельса 135,30.334975,60.049631
3148,1,6,4,100.1,11500000,Пушкинский, Галицкая,6к1,Шушары,299014471,Галицкая 6к1,30.460587,59.73253
3149,1,6,4,96.4,11700000,Пушкинский, Ростовская,6к1,Шушары,294226391,Ростовская 6к1,30.461907,59.736221
3150,21,26,4,101.0,11800000,Пушкинский,проспект Новгородский,4с1,,290707694,проспект Новгородский 4с1,30.367656,59.811242
3151,7,9,4,75.0,11900000,Выборгский,Северный проспект,12К1,Озерки,299631783,Северный проспект 12К1,30.335065,60.031499
3152,1,9,4,86.7,11999000,Калининский,Гражданский проспект,108К1,Гражданский проспект,295118047,Гражданский проспект 108К1,30.413281,60.029854
3153,4,4,4,80.1,11900000,Пушкинский,Ленинградская ,87,,297515654,Ленинградская 87,30.400768,59.7334
3154,5,9,4,73.2,12000000,Калининский,проспект Науки,2,Политехническая,285927103,проспект Науки 2,30.377394,60.017499
3155,4,5,4,72.3,12000000,Московский,Пулковское шоссе,91,,291272417,Пулковское шоссе 91,30.315635,59.75301
3156,8,9,4,75.1,12000000,Выборгский,Сиреневый бульвар,7К1,Проспект Просвещения,296047258,Сиреневый бульвар 7К1,30.352555,60.053588
3157,4,9,4,92.2,12100000,Колпинский,бульвар Трудящихся,33к2,Шушары,297885723,бульвар Трудящихся 33к2,30.582425,59.733078
3158,1,9,4,89.3,12000000,Приморский,Комендантский проспект,18,Комендантский проспект,262478682,Комендантский проспект 18,30.252213,60.009584
3159,1,9,4,86.1,12000000,Красносельский, Доблести,24К1,Ленинский проспект,261213346,Доблести 24К1,30.177294,59.855159
3160,6,11,4,67.2,12000000,Московский,Московское шоссе,4,Московская,299224928,Московское шоссе 4,30.327385,59.841025
3161,4,16,4,87.2,12200000,Невский, Ткачей,70,Елизаровская,296801700,Ткачей 70,30.422489,59.891259
3162,2,9,4,64.6,12200000,Невский, Дыбенко,27К1,Улица Дыбенко,294197183,Дыбенко 27К1,30.479936,59.905588
3163,1,5,4,85.0,12250000,Петродворцовый,Озерковая ,49к1,Автово,299260164,Озерковая 49к1,29.89198,59.873212
3164,1,5,4,86.2,12300000,Кировский, Танкиста Хрустицкого,116,Проспект Ветеранов,293841914,Танкиста Хрустицкого 116,30.259256,59.835166
3165,5,9,4,73.5,12300000,Приморский, Уточкина,5,Комендантский проспект,298156231,Уточкина 5,30.263541,60.010861
3166,9,9,4,79.8,12300000,Фрунзенский,Загребский бульвар,7К1,Дунайская,298520507,Загребский бульвар 7К1,30.396869,59.845903
3167,2,17,4,92.7,12550000,Красногвардейский,Полюстрово,68к1,Девяткино,285169972,Полюстрово 68к1,30.40234,59.973131
3168,9,14,4,80.4,12500000,Петродворцовый,Ботаническая ,18к6,Автово,294141753,Ботаническая 18к6,29.854547,59.86981
3169,5,5,4,88.5,12500000,Адмиралтейский,4-я Красноармейская ,2/35,Технологический институт,298107450,4-я Красноармейская 2/35,30.317404,59.913753
3170,4,9,4,64.5,12500000,Невский, Дыбенко,23К1,Улица Дыбенко,299419327,Дыбенко 23К1,30.474088,59.904193
3171,5,9,4,72.9,12500000,Выборгский,Поэтический бульвар,5,Проспект Просвещения,295322663,Поэтический бульвар 5,30.345917,60.043822
3172,1,9,4,77.9,12500000,Калининский,Суздальский проспект,67,Гражданский проспект,297097510,Суздальский проспект 67,30.390276,60.050206
3173,1,6,4,115.0,12500000,Адмиралтейский, Союза печатников,27,Балтийская,283352274,Союза печатников 27,30.285002,59.922264
3174,2,6,4,95.2,12500000,Адмиралтейский,Нарвский проспект,9А,Нарвская,291595319,Нарвский проспект 9А,30.272542,59.905326
3175,10,11,4,101.0,12599000,Выборгский,Приозерское шоссе,18к7,Парнас,292774807,Приозерское шоссе 18к7,30.261152,60.107504
3176,4,9,4,84.0,12750000,Выборгский,проспект Энгельса,135,Проспект Просвещения,299296112,проспект Энгельса 135,30.334975,60.049631
3177,2,4,4,104.5,12800000,Пушкинский, Обороны,4,Купчино,297129340,Обороны 4,30.454092,59.677276
3178,5,5,4,111.5,12830000,Центральный, Черняховского,43,Лиговский проспект,279496555,Черняховского 43,30.358601,59.919279
3179,4,9,4,79.5,12850000,Фрунзенский,Будапештская ,14К1,Международная,276517062,Будапештская 14К1,30.369947,59.869779
3180,4,6,4,85.2,12990000,Василеостровский,Весельная ,4Б,Василеостровская,280883240,Весельная 4Б,30.24341,59.928469
3181,4,16,4,87.2,12900000,Невский, Ткачей,70,Елизаровская,299098721,Ткачей 70,30.422489,59.891259
3182,4,15,4,105.3,12999000,Красносельский, Маршала Захарова,12к1,Ленинский проспект,286434269,Маршала Захарова 12к1,30.159184,59.859357
3183,1,9,4,73.1,12900000,Красногвардейский,проспект Косыгина,28К4,Ладожская,299293647,проспект Косыгина 28К4,30.494256,59.947361
3184,4,10,4,89.2,13100000,Выборгский,Приозерское шоссе,20к5,Парнас,299029458,Приозерское шоссе 20к5,30.263999,60.10693
3185,3,8,4,89.6,13000000,Невский, Бабушкина,64,Пролетарская,297379335,Бабушкина 64,30.45482,59.865185
3186,5,9,4,77.8,13000000,Невский, Антонова-Овсеенко,25К1,Улица Дыбенко,297401976,Антонова-Овсеенко 25К1,30.476613,59.910153
3187,3,19,4,93.7,13200000,Красногвардейский,проспект Маршака,4,Гражданский проспект,271800267,проспект Маршака 4,30.446277,60.035432
3188,15,24,4,104.2,13200000,Красносельский, Доблести,17к2,,296116065,Доблести 17к2,30.173584,59.860297
3189,6,18,4,93.0,13300000,Красногвардейский, Даниила Хармса,4,Академическая,283557681,Даниила Хармса 4,30.448271,60.034353
3190,5,6,4,102.0,13500000,Центральный,Херсонская ,10,Площадь Александра Невского,298878504,Херсонская 10,30.380556,59.929141
3191,1,5,4,89.3,13500000,Московский,Бассейная ,71,Парк Победы,292388539,Бассейная 71,30.340868,59.863482
3192,13,18,4,92.5,13500000,Красногвардейский, Даниила Хармса,4,Девяткино,294370908,Даниила Хармса 4,30.448271,60.034353
3193,5,5,4,98.6,13500000,Кировский, Ивана Черных,21,Нарвская,296757936,Ивана Черных 21,30.283142,59.901147
3194,2,9,4,74.5,13500000,Фрунзенский, Белы Куна,15К1,Международная,299005479,Белы Куна 15К1,30.390976,59.874855
3195,3,4,4,89.7,13500000,Пушкинский,Красносельское шоссе,37,,280941970,Красносельское шоссе 37,30.136295,59.783579
3196,9,10,4,78.3,13500000,Приморский, Ильюшина,15К1,Комендантский проспект,298977105,Ильюшина 15К1,30.23617,60.010447
3197,3,4,4,91.9,13500000,Пушкинский,Красносельское шоссе,31,Купчино,296593543,Красносельское шоссе 31,30.135702,59.78285
3198,16,18,4,95.7,13500000,Красногвардейский, Корнея Чуковского,10,Девяткино,297676350,Корнея Чуковского 10,30.456068,60.030789
3199,5,9,4,79.6,13650000,Кировский,проспект Маршала Жукова,26/16В,Кировский завод,299658859,проспект Маршала Жукова 26/16В,30.234454,59.859176
3200,3,10,4,87.4,13699000,Фрунзенский,Белградская ,6К7,Международная,297472059,Белградская 6К7,30.360353,59.871455
3201,1,3,4,98.1,13899000,Центральный,Днепропетровская ,6,Обводный канал,271596382,Днепропетровская 6,30.361233,59.915504
3202,6,6,4,86.7,13850000,Центральный, Тюшина,10,Обводный канал,293892003,Тюшина 10,30.349366,59.916789
3203,3,25,4,102.0,13900000,Красносельский,Ленинский проспект,55к3,Ленинский проспект,297181992,Ленинский проспект 55к3,30.170566,59.860816
3204,4,4,4,90.5,13900000,Выборгский,Лесной проспект,75,Лесная,297979553,Лесной проспект 75,30.341237,59.988271
3205,1,20,4,96.8,13850000,Красносельский, Доблести,14к1,Автово,295000023,Доблести 14к1,30.183007,59.863717
3206,2,12,4,95.3,14000000,Невский,Рыбацкий проспект,51К1,Рыбацкое,298731207,Рыбацкий проспект 51К1,30.516498,59.836156
3207,1,4,4,92.0,14000000,Фрунзенский,Волковский проспект,12,Волковская,299476395,Волковский проспект 12,30.360973,59.899563
3208,7,9,4,89.6,13999000,Красносельский,Петергофское шоссе,84,Проспект Ветеранов,298024684,Петергофское шоссе 84,30.112013,59.84734
3209,14,17,4,93.4,14000000,Красногвардейский,проспект Маршака,4,Девяткино,294443672,проспект Маршака 4,30.446277,60.035432
3210,8,25,4,90.3,14000000,Красногвардейский,Полюстрово,14к2,Гражданский проспект,286724706,Полюстрово 14к2,30.40234,59.973131
3211,6,10,4,87.0,13950000,Приморский,Планерная ,73К2,,298978798,Планерная 73К2,30.215329,60.026725
3212,1,5,4,99.2,14200000,Центральный,Херсонская ,5-7,Площадь Александра Невского,287451643,Херсонская 5-7,30.376989,59.929574
3213,2,4,4,90.2,14300000,Василеостровский,проспект Большой Васильевского острова,94,Василеостровская,295149773,проспект Большой Васильевского острова 94,30.248054,59.928704
3214,16,18,4,91.9,14300000,Красногвардейский, Даниила Хармса,4,,295417950,Даниила Хармса 4,30.448271,60.034353
3215,3,5,4,112.0,14300000,Пушкинский, Галицкая,10к4,Шушары,299331310,Галицкая 10к4,30.458134,59.731137
3216,3,7,4,89.5,14500000,Центральный,Лиговский проспект,44,Площадь Восстания,299056633,Лиговский проспект 44,30.358933,59.926156
3217,5,7,4,87.9,14500000,Центральный,Коломенская ,27,Лиговский проспект,289127994,Коломенская 27,30.352816,59.923211
3218,6,6,4,73.7,14499000,Адмиралтейский,Московский проспект,7А,Садовая,291445707,Московский проспект 7А,30.317117,59.924722
3219,4,5,4,90.2,14750000,Выборгский,Дрезденская ,5,Удельная,299027642,Дрезденская 5,30.326324,60.012881
3220,1,5,4,153.1,14750000,Петродворцовый,Кооперативная ,62,,295874522,Кооперативная 62,29.838575,59.884121
3221,6,7,4,96.0,14700000,Калининский, Академика Лебедева,14/2,Площадь Ленина,294366951,Академика Лебедева 14/2,30.355421,59.962593
3222,2,6,4,83.5,14800000,Василеостровский, Карташихина,6,Приморская,299549603,Карташихина 6,30.241766,59.931305
3223,1,5,4,79.6,14800000,Калининский,Кондратьевский проспект,18-20,Площадь Ленина,299467884,Кондратьевский проспект 18-20,30.37981,59.963534
3224,2,7,4,81.0,14800000,Василеостровский,15-я Васильевского острова линия,34,Василеостровская,296569738,15-я Васильевского острова линия 34,30.268742,59.939622
3225,1,17,4,89.1,14900000,Московский,Дунайский проспект,5к7,Звездная,274206729,Дунайский проспект 5к7,30.330484,59.827745
3226,5,5,4,100.4,14900000,Калининский,Финский переулок,6,Площадь Ленина,295443218,Финский переулок 6,30.354136,59.956827
3227,4,4,4,95.6,14900000,Центральный,Херсонская ,6/13,Площадь Александра Невского,294971223,Херсонская 6/13,30.379289,59.929177
3228,3,5,4,87.2,14900000,Петроградский, Маркина,10,Горьковская,270066611,Маркина 10,30.306238,59.956138
3229,4,5,4,100.3,14970000,Адмиралтейский,Курляндская ,19-21,Балтийская,294080703,Курляндская 19-21,30.281813,59.911935
3230,2,4,4,86.0,14999999,Адмиралтейский, Декабристов,43-45,Василеостровская,295202005,Декабристов 43-45,30.286646,59.924578
3231,6,16,4,81.0,15000000,Приморский, Ивинская,9,Беговая,299446289,Ивинская 9,30.132486,60.030645
3232,3,7,4,123.8,14950000,Выборгский,Лесной проспект,13,Выборгская,295758245,Лесной проспект 13,30.351756,59.963949
3233,3,5,4,79.7,14999000,Центральный,5-я Советская ,37,Площадь Восстания,296517079,5-я Советская 37,30.373612,59.932779
3234,15,18,4,92.5,14990000,Красногвардейский, Даниила Хармса,4,Девяткино,298680344,Даниила Хармса 4,30.448271,60.034353
3235,7,7,4,63.4,14990000,Красногвардейский,Новочеркасский проспект,26/16,Новочеркасская,299018374,Новочеркасский проспект 26/16,30.411916,59.929831
3236,3,6,4,78.4,15000000,Петроградский,проспект Малый Петроградской стороны,36-38,Чкаловская,282431368,проспект Малый Петроградской стороны 36-38,30.293644,59.958453
3237,3,12,4,95.8,15000000,Невский,Шлиссельбургский проспект,12К1,Рыбацкое,298958395,Шлиссельбургский проспект 12К1,30.495289,59.840406
3238,2,6,4,95.5,15000000,Московский, Коли Томчака,11/17Б,Московские ворота,258889938,Коли Томчака 11/17Б,30.324447,59.889173
3239,2,5,4,109.3,15200000,Адмиралтейский,Садовая ,127,Нарвская,298298216,Садовая 127,30.283286,59.917312
3240,2,5,4,109.3,15200000,Адмиралтейский,Садовая ,127,Балтийская,297350425,Садовая 127,30.283286,59.917312
3241,5,5,4,93.3,15300000,Невский, Профессора Качалова,6,Площадь Александра Невского,296423185,Профессора Качалова 6,30.399564,59.916225
3242,5,5,4,93.0,15300000,Невский, Профессора Качалова,6,Площадь Александра Невского,295696797,Профессора Качалова 6,30.399564,59.916225
3243,6,6,4,99.2,15400000,Центральный,Саперный переулок,13,Чернышевская,289204044,Саперный переулок 13,30.359176,59.940808
3244,2,3,4,86.6,15250000,Кировский,проспект Стачек,160,Ленинский проспект,291872035,проспект Стачек 160,30.244901,59.854043
3245,1,4,4,90.5,15550000,Красногвардейский,Краснодонская ,4,Новочеркасская,290923611,Краснодонская 4,30.412796,59.955777
3246,3,16,4,70.8,15500000,Василеостровский, Кораблестроителей,40К1,Приморская,293569601,Кораблестроителей 40К1,30.223701,59.957327
3247,4,5,4,93.0,15500000,Адмиралтейский,набережная Обводного Канала,123,Фрунзенская,261956802,набережная Обводного Канала 123,30.323046,59.910199
3248,4,6,4,80.9,15500000,Василеостровский,14-я Васильевского острова линия,37,Василеостровская,283112336,14-я Васильевского острова линия 37,30.269596,59.939595
3249,3,7,4,108.9,15600000,Центральный,Лиговский проспект,65,Площадь Восстания,293528161,Лиговский проспект 65,30.357945,59.927166
3250,5,6,4,95.1,15700000,Центральный,Греческий проспект,15,Площадь Восстания,295112299,Греческий проспект 15,30.367386,59.935813
3251,7,8,4,98.6,15800000,Красносельский, Партизана Германа,13,Проспект Ветеранов,297953054,Партизана Германа 13,30.173809,59.838968
3252,1,7,-1,138.1,15899000,Петроградский,Кронверкская ,29/37Б,Петроградская,294495551,Кронверкская 29/37Б,30.310083,59.962219
3253,1,5,4,105.3,15795000,Центральный, Александра Невского,10,Площадь Александра Невского,280332249,Александра Невского 10,30.38441,59.926188
3254,13,14,4,108.2,15800000,Приморский,Богатырский проспект,51к1,Комендантский проспект,295798689,Богатырский проспект 51к1,30.219371,60.006444
3255,5,5,4,72.4,15930000,Адмиралтейский,Витебская ,12,Балтийская,299254220,Витебская 12,30.279944,59.920334
3256,8,23,4,94.8,16026000,Выборгский,Парнас,3/20,Парнас,299112284,Парнас 3/20,30.36621,60.070078
3257,6,7,4,92.6,16000000,Петроградский,Гатчинская ,31-33,Чкаловская,294612657,Гатчинская 31-33,30.296752,59.963363
3258,6,6,4,84.0,15950000,Центральный,Невский проспект,119,Площадь Александра Невского,294346234,Невский проспект 119,30.373863,59.927455
3259,4,11,4,108.0,16000000,Московский,5-й Предпортовый проезд,10к1,Московская,299515851,5-й Предпортовый проезд 10к1,30.312167,59.834714
3260,6,7,4,102.7,15900000,Центральный,10-я Советская ,19,Площадь Александра Невского,295091501,10-я Советская 19,30.381715,59.935863
3261,1,5,4,124.3,16000000,Петроградский,Ждановская набережная,7,Спортивная,292103156,Ждановская набережная 7,30.288425,59.953493
3262,6,7,4,104.0,15900000,Петроградский, Куйбышева,20,Горьковская,275161935,Куйбышева 20,30.328795,59.955885
3263,3,4,4,95.9,16000000,Фрунзенский,Лиговский проспект,247,,296739035,Лиговский проспект 247,30.345764,59.908561
3264,5,6,4,99.5,16000000,Центральный,9-я Советская ,39/24,Площадь Восстания,274206528,9-я Советская 39/24,30.379154,59.935818
3265,3,4,4,79.2,15999000,Центральный,Лиговский проспект,84/2,Лиговский проспект,291899921,Лиговский проспект 84/2,30.355026,59.92129
3266,3,9,4,106.5,16000000,Калининский,проспект Культуры,25К1,Гражданский проспект,295919592,проспект Культуры 25К1,30.37946,60.048287
3267,14,14,4,75.4,16000000,Фрунзенский,проспект Славы,40К1,Проспект Славы,297986779,проспект Славы 40К1,30.398648,59.861363
3268,2,4,4,79.7,15900000,Адмиралтейский, Декабристов,8,Спасская,299004719,Декабристов 8,30.306202,59.928713
3269,2,5,4,89.6,15990000,Кировский, Новостроек,17,Автово,292640296,Новостроек 17,30.266263,59.873826
3270,7,7,4,104.1,15900000,Центральный,Лиговский проспект,71,Владимирская,262828687,Лиговский проспект 71,30.357397,59.92617
3271,2,5,4,131.1,15900000,Центральный, Ломоносова,20,Достоевская,285505459,Ломоносова 20,30.340006,59.927283
3272,3,3,4,107.3,15990000,Адмиралтейский,Мясная ,19-21,Нарвская,293418411,Мясная 19-21,30.280834,59.918751
3273,4,5,4,94.6,16100000,Центральный,Социалистическая ,9,Звенигородская,294632935,Социалистическая 9,30.341937,59.922688
3274,2,8,4,103.3,16190000,Кировский, Генерала Симоняка,4к5,Проспект Ветеранов,296311765,Генерала Симоняка 4к5,30.207028,59.830807
3275,3,4,4,105.9,16150000,Центральный,проспект Бакунина,11,Площадь Александра Невского,294452114,проспект Бакунина 11,30.378346,59.930128
3276,4,5,4,64.5,16250000,Фрунзенский,Альпийский переулок,7,Проспект Славы,298254581,Альпийский переулок 7,30.372525,59.851083
3277,4,5,4,110.0,16200000,Василеостровский,10-я Васильевского острова линия,17,Василеостровская,286423494,10-я Васильевского острова линия 17,30.275956,59.940001
3278,2,5,4,96.8,16370000,Адмиралтейский,Московский проспект,59,Фрунзенская,294679077,Московский проспект 59,30.318069,59.910361
3279,3,5,4,70.7,16200000,Петроградский, Подрезова,10,Петроградская,293433112,Подрезова 10,30.304855,59.963881
3280,4,6,4,113.3,16400000,Василеостровский,5-я Васильевского острова линия,64/13,Спортивная,298688575,5-я Васильевского острова линия 64/13,30.276073,59.947883
3281,3,3,4,104.0,16500000,Фрунзенский,набережная Обводного Канала,66,Обводный канал,299629766,набережная Обводного Канала 66,30.337176,59.914191
3282,3,6,4,110.0,16499000,Центральный,Коломенская ,13,Лиговский проспект,298955840,Коломенская 13,30.353939,59.925006
3283,5,7,4,81.5,16500000,Петроградский, Блохина,3/1,Спортивная,294868481,Блохина 3/1,30.304603,59.950844
3284,3,4,4,95.0,16500000,Пушкинский,Широкая ,20,Звездная,295103012,Широкая 20,30.425067,59.723561
3285,6,7,4,110.6,16500000,Петроградский,проспект Малый Петроградской стороны,1Б,Спортивная,297459179,проспект Малый Петроградской стороны 1Б,30.290428,59.953619
3286,4,5,4,107.4,16500000,Петроградский,Ропшинская ,12,Чкаловская,292210540,Ропшинская 12,30.29597,59.958187
3287,2,16,4,91.6,16500000,Красносельский,Ленинский проспект,91,Ленинский проспект,293449124,Ленинский проспект 91,30.206651,59.854635
3288,5,5,4,90.0,16499000,Невский,Октябрьская набережная,74К2,Ломоносовская,274206544,Октябрьская набережная 74К2,30.463632,59.87467
3289,2,15,4,104.0,16400000,Невский,Союзный проспект,6к1,Проспект Большевиков,299263831,Союзный проспект 6к1,30.43997,59.917326
3290,4,5,4,72.9,16500000,Адмиралтейский,Гороховая ,5,Адмиралтейская,298392127,Гороховая 5,30.310936,59.935647
3291,3,15,4,104.0,16480000,Невский,Союзный проспект,8к1,Проспект Большевиков,292282766,Союзный проспект 8к1,30.439476,59.918652
3292,1,10,4,108.2,16500000,Невский,проспект Пятилеток,7К1,Проспект Большевиков,294193234,проспект Пятилеток 7К1,30.459185,59.923076
3293,1,8,4,100.0,16499999,Адмиралтейский,Гражданская ,10,Спасская,299080739,Гражданская 10,30.313245,59.92805
3294,2,16,4,91.6,16500000,Красносельский,Ленинский проспект,91,,297851285,Ленинский проспект 91,30.206651,59.854635
3295,2,5,4,100.9,16500000,Центральный,Гончарная ,6,Площадь Восстания,292649914,Гончарная 6,30.36488,59.929871
3296,4,5,4,90.2,16497000,Центральный,Гончарная ,5,Площадь Восстания,296757453,Гончарная 5,30.363946,59.929858
3297,3,4,4,121.3,16500000,Адмиралтейский,Подъездной переулок,17,Пушкинская,269313761,Подъездной переулок 17,30.334769,59.915743
3298,4,4,4,92.6,16500000,Центральный,Озерной переулок,12,Площадь Восстания,295995366,Озерной переулок 12,30.364206,59.938144
3299,4,5,4,74.4,16600000,Василеостровский,Железноводская ,24,Приморская,297334563,Железноводская 24,30.253777,59.95229
3300,2,6,4,92.2,16647000,Адмиралтейский,Садовая ,59,,293531055,Садовая 59,30.307271,59.922643
3301,2,6,4,108.7,16698000,Фрунзенский,Тамбовская ,26,Обводный канал,287998895,Тамбовская 26,30.354011,59.911994
3302,15,25,4,100.1,16590000,Красносельский, Маршала Казакова,68к1,Автово,299416271,Маршала Казакова 68к1,30.179037,59.865822
3303,3,5,4,96.0,16800000,Адмиралтейский,Старо-Петергофский проспект,37,Нарвская,299508827,Старо-Петергофский проспект 37,30.276639,59.903241
3304,1,6,4,91.1,16800000,Адмиралтейский,6-я Красноармейская ,8,Технологический институт,287692037,6-я Красноармейская 8,30.315796,59.912278
3305,4,7,4,111.5,16800000,Калининский, Академика Лебедева,12,Площадь Ленина,238739647,Академика Лебедева 12,30.354963,59.961886
3306,1,5,4,100.3,16750000,Приморский,Торжковская ,2К3,Черная речка,291887965,Торжковская 2К3,30.304846,59.988568
3307,1,5,4,108.2,16700000,Адмиралтейский,Можайская ,10,Пушкинская,292065624,Можайская 10,30.326351,59.917475
3308,1,5,4,100.0,16750000,Приморский,Торжковская ,2К3,,298973374,Торжковская 2К3,30.304846,59.988568
3309,2,4,4,77.4,16700000,Центральный,Полтавская ,14,Площадь Восстания,292594830,Полтавская 14,30.369884,59.927125
3310,4,6,4,85.0,17000000,Петроградский, Яблочкова,3,Спортивная,280926746,Яблочкова 3,30.30066,59.951182
3311,17,23,4,98.6,16990000,Красносельский,проспект Ветеранов,133к1,Проспект Ветеранов,295865473,проспект Ветеранов 133к1,30.155582,59.835478
3312,3,8,4,105.2,17000000,Центральный, Рылеева,2/6,Маяковская,298573344,Рылеева 2/6,30.353894,59.942647
3313,2,6,4,93.3,16960000,Василеостровский,14-я Васильевского острова линия,97Б,Василеостровская,298906516,14-я Васильевского острова линия 97Б,30.261718,59.946847
3314,5,5,4,86.7,17000000,Центральный,Невский проспект,146,Площадь Восстания,296619284,Невский проспект 146,30.370863,59.929078
3315,4,5,4,102.2,17000000,Центральный,переулок Апраксин,20,Спасская,299360378,переулок Апраксин 20,30.329172,59.927089
3316,3,5,4,99.3,16900000,Петроградский,Введенская ,17Б,,286820716,Введенская 17Б,30.304621,59.955489
3317,3,6,4,93.1,16990000,Петроградский,Введенская ,19,Горьковская,289506919,Введенская 19,30.305816,59.955403
3318,5,5,4,74.8,17000000,Петроградский,Большая Пушкарская ,21,Чкаловская,299477577,Большая Пушкарская 21,30.304621,59.959174
3319,1,5,4,105.0,17000000,Красногвардейский,Малоохтинский проспект,6,Новочеркасская,293903277,Малоохтинский проспект 6,30.404595,59.938991
3320,4,5,4,108.5,17100000,Красногвардейский,шоссе Революции,15,Ладожская,281181743,шоссе Революции 15,30.418806,59.959156
3321,3,5,4,131.0,17160000,Калининский,Финский переулок,6,Площадь Ленина,296420106,Финский переулок 6,30.354136,59.956827
3322,2,6,4,84.9,17200000,Центральный,Саперный переулок,16/36,Чернышевская,299261249,Саперный переулок 16/36,30.359805,59.94111
3323,5,7,4,115.4,17200000,Петроградский,проспект Большой Петроградской стороны,74,Петроградская,298114664,проспект Большой Петроградской стороны 74,30.30755,59.963287
3324,4,5,4,89.2,17499000,Приморский,набережная Черной речки,31,Черная речка,285245287,набережная Черной речки 31,30.311062,59.984917
3325,1,5,4,90.2,17490000,Центральный,Ковенский переулок,23,Площадь Восстания,292416265,Ковенский переулок 23,30.362095,59.937161
3326,2,4,4,91.1,17490000,Петроградский, Воскова,6,Чкаловская,299034498,Воскова 6,30.303983,59.957683
3327,1,5,4,117.1,17500000,Адмиралтейский,Курляндская ,22-24,Технологический институт,281355073,Курляндская 22-24,30.282864,59.911696
3328,1,4,4,94.9,17400000,Центральный,7-я Советская ,17,,293432078,7-я Советская 17,30.372839,59.935687
3329,1,4,4,115.4,17500000,Адмиралтейский,Столярный переулок,4,Сенная площадь,294043218,Столярный переулок 4,30.311017,59.928397
3330,1,4,4,106.4,17490000,Красносельский,Петергофское шоссе,78к21,,295100199,Петергофское шоссе 78к21,30.112247,59.845306
3331,1,7,4,106.7,17600000,Центральный,Загородный проспект,21-23,Достоевская,294970939,Загородный проспект 21-23,30.339009,59.92502
3332,4,5,4,123.0,17600000,Адмиралтейский,набережная Обводного Канала,121,Технологический институт,283115331,набережная Обводного Канала 121,30.3246,59.910735
3333,2,5,4,112.9,17650000,Адмиралтейский,Рижский проспект,50,Балтийская,279660073,Рижский проспект 50,30.279918,59.913235
3334,4,6,4,92.5,17550000,Приморский,Лисичанская ,8,Черная речка,291573758,Лисичанская 8,30.317108,59.98517
3335,5,5,4,108.2,17770000,Центральный,набережная Реки Фонтанки,51-53,Гостиный двор,297735315,набережная Реки Фонтанки 51-53,30.337392,59.929705
3336,1,3,4,115.0,17800000,Адмиралтейский,Рузовская ,27,Пушкинская,299558229,Рузовская 27,30.329801,59.915183
3337,5,7,4,127.44,18000000,Выборгский,шоссе Суздальское,12,Озерки,291694050,шоссе Суздальское 12,30.289718,60.063096
3338,25,25,4,150.0,18000000,Приморский,Коломяжский проспект,20,Пионерская,294823557,Коломяжский проспект 20,30.298324,59.998774
3339,3,10,4,114.0,18000000,Калининский,проспект Просвещения,53К1,Гражданский проспект,298969871,проспект Просвещения 53К1,30.380915,60.0429
3340,2,4,4,120.0,18000000,Адмиралтейский,проспект Римского-Корсакова,8/18,Садовая,286396646,проспект Римского-Корсакова 8/18,30.306373,59.924253
3341,3,5,4,93.0,18000000,Фрунзенский,Мгинская ,7,Волковская,277921381,Мгинская 7,30.368959,59.90075
3342,1,7,4,85.8,17900000,Адмиралтейский,Измайловский проспект,16/30,Балтийская,284509511,Измайловский проспект 16/30,30.307873,59.911326
3343,1,6,4,136.6,18100000,Кировский, Зенитчиков,3к1,Автово,298613961,Зенитчиков 3к1,30.260442,59.873031
3344,2,5,4,90.5,18100000,Приморский, Савушкина,9,Черная речка,295758147,Савушкина 9,30.295917,59.986196
3345,7,8,4,120.2,18300000,Центральный,Волоколамский переулок,1,Лиговский проспект,298905089,Волоколамский переулок 1,30.348719,59.92037
3346,1,6,4,97.7,18600000,Петроградский,Большая Монетная ,30,Петроградская,297505645,Большая Монетная 30,30.326145,59.963507
3347,1,6,4,79.7,18500000,Выборгский,Лесной проспект,32,Выборгская,299533204,Лесной проспект 32,30.346878,59.972631
3348,3,4,4,95.8,18500000,Центральный, Ломоносова,16,Достоевская,279493025,Ломоносова 16,30.338757,59.927621
3349,2,6,4,95.6,18500000,Петроградский, Лизы Чайкиной,22,Горьковская,289351148,Лизы Чайкиной 22,30.304343,59.955034
3350,3,4,4,85.1,18500000,Петроградский,Провиантская ,8,Спортивная,292246478,Провиантская 8,30.302914,59.950254
3351,7,7,4,113.0,18550000,Красносельский, Маршала Захарова,39,Ленинский проспект,282511925,Маршала Захарова 39,30.212158,59.848986
3352,3,7,4,115.8,18500000,Центральный,Моховая ,28,Чернышевская,288183864,Моховая 28,30.345584,59.941633
3353,4,5,4,79.3,18700000,Красногвардейский,Заневский проспект,7/7,Новочеркасская,297325107,Заневский проспект 7/7,30.406849,59.927644
3354,15,15,4,124.3,18800000,Невский, Дыбенко,21к3,Улица Дыбенко,297358343,Дыбенко 21к3,30.475472,59.902154
3355,1,5,4,86.0,18950000,Василеостровский,11-я Васильевского острова линия,46,Василеостровская,296389669,11-я Васильевского острова линия 46,30.27088,59.943543
3356,2,5,4,100.0,19000000,Центральный,Греческий проспект,15,Площадь Восстания,298391948,Греческий проспект 15,30.367386,59.935813
3357,2,6,4,100.9,19000000,Петроградский,Лахтинская ,28,Чкаловская,299255530,Лахтинская 28,30.297587,59.963584
3358,2,22,4,98.8,19000000,Красносельский,Ленинский проспект,64к1,Ленинский проспект,299360239,Ленинский проспект 64к1,30.170853,59.864101
3359,2,5,4,86.0,19000000,Выборгский,Большой Сампсониевский проспект,74,Лесная,274745349,Большой Сампсониевский проспект 74,30.335721,59.982343
3360,5,5,4,126.4,18970000,Пушкинский,Малиновская ,11,Купчино,286552661,Малиновская 11,30.421151,59.697705
3361,17,17,4,106.7,19000000,Приморский, Лидии Зверевой,9к2,Комендантский проспект,296351145,Лидии Зверевой 9к2,30.257451,60.039616
3362,9,23,4,110.2,19138000,Выборгский,Парнас,3/20,Парнас,299377471,Парнас 3/20,30.36621,60.070078
3363,7,7,4,89.3,19199500,Кировский,проспект Стачек,75,Автово,296899845,проспект Стачек 75,30.259454,59.867145
3364,3,5,4,90.0,19200000,Выборгский,Лесной проспект,61,Лесная,299666304,Лесной проспект 61,30.34377,59.983707
3365,2,6,4,95.8,19200000,Красногвардейский,Малоохтинский проспект,86,Новочеркасская,253569288,Малоохтинский проспект 86,30.403984,59.924569
3366,3,7,4,109.0,19200000,Адмиралтейский,Бронницкая ,19,Технологический институт,291589897,Бронницкая 19,30.322902,59.913767
3367,2,5,4,89.0,19400000,Адмиралтейский,Московский проспект,79,Фрунзенская,284542325,Московский проспект 79,30.316919,59.900877
3368,1,7,4,97.0,19400000,Центральный,8-я Советская ,6-8,Площадь Восстания,290607023,8-я Советская 6-8,30.371618,59.937765
3369,8,13,4,87.2,19700000,Приморский,Комендантский проспект,25К1,Комендантский проспект,299255618,Комендантский проспект 25К1,30.251845,60.015404
3370,5,6,4,91.5,19900000,Адмиралтейский, Писарева,18,Спасская,281501906,Писарева 18,30.286161,59.92617
3371,3,5,4,101.4,19900000,Выборгский,Костромской проспект,7,,299012608,Костромской проспект 7,30.319336,60.012782
3372,13,14,4,83.88,19835000,Василеостровский,набережная Миклухо-Маклая,1к1,Приморская,291978346,набережная Миклухо-Маклая 1к1,30.201737,59.929804
3373,4,5,4,83.1,19800000,Центральный,Гончарная ,11а,Площадь Восстания,299318562,Гончарная 11а,30.364638,59.929177
3374,3,4,4,92.0,19800000,Центральный, Моисеенко,15-17,Площадь Восстания,297802071,Моисеенко 15-17,30.381292,59.937508
3375,5,5,4,106.0,19990000,Петроградский, Красного Курсанта,9а,Спортивная,277377330,Красного Курсанта 9а,30.291191,59.955885
3376,6,7,4,110.0,19990000,Петроградский,проспект Большой Петроградской стороны,74,Петроградская,279728753,проспект Большой Петроградской стороны 74,30.30755,59.963287
3377,3,5,4,108.8,20000000,Адмиралтейский,Галерная ,44Б,Адмиралтейская,297190848,Галерная 44Б,30.287445,59.93112
3378,1,8,4,87.6,20000000,Центральный,Коломенская ,10,Владимирская,299357343,Коломенская 10,30.354675,59.925042
3379,2,6,4,101.0,20000000,Адмиралтейский,7-я Красноармейская ,20,Фрунзенская,295057365,7-я Красноармейская 20,30.311251,59.911493
3380,5,7,4,121.1,20000000,Кировский,проспект Стачек,67К5,Автово,298135821,проспект Стачек 67К5,30.256831,59.871631
3381,3,5,4,93.3,20000000,Центральный,3-я Советская ,22,Площадь Восстания,294686090,3-я Советская 22,30.369677,59.932486
3382,2,20,4,106.5,20150000,Московский, Парфеновская,17,Московские ворота,298868754,Парфеновская 17,30.312688,59.89357
3383,4,5,4,134.0,20500000,Пушкинский,Малиновская ,17,Купчино,299612218,Малиновская 17,30.423639,59.695385
3384,1,5,4,84.8,20499000,Красногвардейский,Заневский проспект,7/7,Новочеркасская,299554872,Заневский проспект 7/7,30.406849,59.927644
3385,2,7,4,139.7,20500000,Центральный,Гороховая ,32,Сенная площадь,287441525,Гороховая 32,30.320988,59.929439
3386,1,5,4,88.0,20700000,Адмиралтейский,Малодетскосельский проспект,36,Технологический институт,296391541,Малодетскосельский проспект 36,30.321114,59.911547
3387,5,5,4,105.1,20700000,Василеостровский,6-я Васильевского острова линия,25,Василеостровская,291029677,6-я Васильевского острова линия 25,30.280268,59.942079
3388,5,5,4,116.2,20900000,Центральный,Ульяны Громовой переулок,5,Площадь Восстания,299569306,Ульяны Громовой переулок 5,30.361808,59.934087
3389,13,20,4,115.0,20990000,Красногвардейский,проспект Косыгина,17к1,Ладожская,293780330,проспект Косыгина 17к1,30.47619,59.943805
3390,1,4,4,120.0,21000000,Адмиралтейский,Садовая ,107,Балтийская,299639842,Садовая 107,30.287805,59.918719
3391,23,23,4,110.4,21090000,Выборгский,Парнас,3/20,Парнас,299377475,Парнас 3/20,30.36621,60.070078
3392,3,6,4,109.3,21000000,Василеостровский,1-я Васильевского острова линия,38,Василеостровская,297619247,1-я Васильевского острова линия 38,30.286915,59.94435
3393,5,7,4,120.0,21000000,Петроградский, Подрезова,1,Петроградская,295848283,Подрезова 1,30.306939,59.963368
3394,7,7,4,98.8,21000000,Невский, Бабушкина,81к1,Ломоносовская,298845003,Бабушкина 81к1,30.445756,59.874002
3395,5,7,4,140.0,21100000,Адмиралтейский,набережная Реки Фонтанки,103,Спасская,294108373,набережная Реки Фонтанки 103,30.3208,59.923365
3396,3,6,4,96.8,21500000,Центральный, Ломоносова,11-13,Достоевская,266422908,Ломоносова 11-13,30.340868,59.92653
3397,2,5,4,101.1,21500000,Калининский,Финляндский,8/8,,298214396,Финляндский 8/8,30.342198,59.957787
3398,4,6,4,136.0,21499000,Адмиралтейский,Гороховая ,58,Пушкинская,289052096,Гороховая 58,30.329747,59.923617
3399,1,5,4,68.0,21500000,Василеостровский,18-я Васильевского острова линия,19,,296603800,18-я Васильевского острова линия 19,30.267494,59.935633
3400,2,5,4,113.8,21500000,Пушкинский,Слуцкая ,13к2,Купчино,299234272,Слуцкая 13к2,30.42884,59.688083
3401,9,23,4,129.4,21893000,Выборгский,Парнас,3/20,Парнас,299374845,Парнас 3/20,30.36621,60.070078
3402,8,23,4,128.2,21690000,Выборгский,Парнас,3/20,Парнас,299142194,Парнас 3/20,30.36621,60.070078
3403,3,5,4,129.0,21750000,Центральный,Захарьевская ,21,Площадь Ленина,297349671,Захарьевская 21,30.356876,59.947545
3404,12,14,4,108.5,21790000,Московский, Парфеновская,17,Московские ворота,296684386,Парфеновская 17,30.312688,59.89357
3405,1,9,4,129.2,21700000,Невский, Дыбенко,40К1,Улица Дыбенко,298116058,Дыбенко 40К1,30.497993,59.911011
3406,1,7,4,95.8,22000000,Василеостровский,1-я Васильевского острова линия,36,Спортивная,297270283,1-я Васильевского острова линия 36,30.287068,59.944102
3407,1,2,4,94.4,22000000,Петродворцовый,Лихардовская ,6,Проспект Ветеранов,297277215,Лихардовская 6,29.918903,59.879426
3408,13,27,4,99.4,22000000,Московский,Витебский проспект,101к4,Купчино,299629917,Витебский проспект 101к4,30.368662,59.82907
3409,4,12,4,83.8,22000000,Приморский,Белоостровская ,7,Лесная,299069292,Белоостровская 7,30.329451,59.985462
3410,9,15,4,121.0,22000000,Выборгский,проспект Пархоменко,39,Площадь Мужества,298004059,проспект Пархоменко 39,30.354379,59.997523
3411,4,7,4,107.7,22000000,Московский,Ленинский проспект,161,Московская,291469586,Ленинский проспект 161,30.318913,59.851801
3412,2,6,4,114.5,21999000,Центральный,Тележная ,16,Площадь Александра Невского,299486466,Тележная 16,30.374582,59.92626
3413,3,7,4,107.7,22000000,Адмиралтейский,Бородинская ,1/88,Звенигородская,294627478,Бородинская 1/88,30.330888,59.92566
3414,15,16,4,102.3,22000000,Приморский,Сердобольская ,7к2,Лесная,290579582,Сердобольская 7к2,30.322812,59.993329
3415,2,3,4,95.0,22000000,Калининский,Герасимовская ,18,Лесная,276668938,Герасимовская 18,30.40746,59.9821
3416,3,4,4,118.9,22000000,Адмиралтейский,Вознесенский проспект,45,Садовая,298683666,Вознесенский проспект 45,30.307675,59.922088
3417,4,6,4,98.0,22000000,Центральный, Чехова,4,Маяковская,296452309,Чехова 4,30.352546,59.936922
3418,18,24,4,116.0,22100000,Красносельский,бульвар Балтийский,4,Ленинский проспект,296201320,бульвар Балтийский 4,30.155636,59.869006
3419,12,14,4,110.75,22150000,Василеостровский,набережная Миклухо-Маклая,1к1,Приморская,297051025,набережная Миклухо-Маклая 1к1,30.201737,59.929804
3420,4,4,4,148.0,22250000,Центральный,Греческий проспект,13,Площадь Восстания,271981968,Греческий проспект 13,30.366874,59.935295
3421,18,23,4,102.82,22101000,Невский,Октябрьская набережная,3соор1,Улица Дыбенко,298415754,Октябрьская набережная 3соор1,30.41992,59.911502
3422,13,16,4,142.0,22200000,Василеостровский,Морская набережная,33,Приморская,295473659,Морская набережная 33,30.218751,59.958827
3423,13,14,4,100.0,22300000,Калининский,Кондратьевский проспект,64к4,Лесная,294164551,Кондратьевский проспект 64к4,30.393312,59.982842
3424,2,6,4,100.0,22400000,Центральный,Невский проспект,156,,285355254,Невский проспект 156,30.374726,59.927676
3425,4,7,4,85.0,22450000,Центральный,Караванная ,14,Гостиный двор,290048956,Караванная 14,30.341802,59.935971
3426,19,24,4,107.8,22500000,Красносельский,бульвар Балтийский,4,Ленинский проспект,294272735,бульвар Балтийский 4,30.155636,59.869006
3427,3,6,4,98.3,22300000,Василеостровский,2-я Васильевского острова линия,29,Василеостровская,276906069,2-я Васильевского острова линия 29,30.285945,59.943012
3428,4,6,4,126.0,22700000,Василеостровский,16-я Васильевского острова линия,19,Горный институт,282459139,16-я Васильевского острова линия 19,30.269425,59.936864
3429,12,17,4,113.6,22900000,Приморский,Комендантский проспект,34к1,Комендантский проспект,296413084,Комендантский проспект 34к1,30.243383,60.020291
3430,1,15,4,103.6,22999000,Приморский,Мебельная ,21к1,Беговая,297577252,Мебельная 21к1,30.214484,59.995129
3431,3,4,4,147.2,22950000,Адмиралтейский,Казанская ,45,Спасская,299344729,Казанская 45,30.307478,59.928072
3432,3,6,4,109.4,22890000,Московский,Московское шоссе,14к1,Звездная,298536519,Московское шоссе 14к1,30.33449,59.836753
3433,3,4,4,115.2,22777000,Адмиралтейский,Конногвардейский бульвар,9Б,Адмиралтейская,294998391,Конногвардейский бульвар 9Б,30.299582,59.934028
3434,16,17,4,107.0,22900000,Приморский,Парашютная ,61к4,,256066239,Парашютная 61к4,30.255322,60.037378
3435,2,25,4,105.7,22990000,Приморский,проспект Королева,63к1,Комендантский проспект,299417617,проспект Королева 63к1,30.243617,60.03242
3436,7,9,4,107.0,23000000,Фрунзенский,Альпийский переулок,37к1,Проспект Славы,298784254,Альпийский переулок 37к1,30.389386,59.853514
3437,1,5,4,90.0,23000000,Московский, Севастьянова,1к2,,296696401,Севастьянова 1к2,30.329199,59.877976
3438,4,6,4,107.7,23000000,Центральный,Кирочная ,25,Площадь Восстания,299466514,Кирочная 25,30.36258,59.943679
3439,7,12,4,90.5,23500000,Выборгский,Светлановский проспект,8,Пионерская,299481732,Светлановский проспект 8,30.338353,60.007722
3440,6,6,4,181.8,23500000,Василеостровский,проспект Средний Васильевского острова,11,Спортивная,291324090,проспект Средний Васильевского острова 11,30.284445,59.94508
3441,1,15,4,103.7,23500000,Приморский,Мебельная ,21к1,Беговая,299328822,Мебельная 21к1,30.214484,59.995129
3442,2,17,4,104.0,23500000,Невский,переулок Клочков,10к2,Проспект Большевиков,298845729,переулок Клочков 10к2,30.463264,59.921083
3443,13,21,4,109.9,23500000,Московский,Московское шоссе,26к2,Звездная,295423373,Московское шоссе 26к2,30.341344,59.834641
3444,2,6,4,127.7,23800000,Адмиралтейский,Серпуховская ,48,Технологический институт,296963207,Серпуховская 48,30.327295,59.911976
3445,3,4,4,119.1,23800000,Пушкинский,Жуковско-Волынская ,1/18,,274207007,Жуковско-Волынская 1/18,30.429667,59.717672
3446,2,5,4,106.8,24000000,Василеостровский,проспект Малый Васильевского острова,10/62,Спортивная,299592831,проспект Малый Васильевского острова 10/62,30.276306,59.947379
3447,2,4,4,104.9,24000000,Центральный,Кузнечный переулок,13,Владимирская,298565321,Кузнечный переулок 13,30.353786,59.926959
3448,4,7,4,78.3,23999999,Центральный, Моисеенко,5,Площадь Восстания,299419793,Моисеенко 5,30.376909,59.937576
3449,2,7,4,107.7,24000000,Центральный,4-я Советская ,13,Площадь Восстания,292022015,4-я Советская 13,30.368384,59.933744
3450,11,15,4,120.0,24000000,Фрунзенский,Софийская ,37к2,Международная,298326050,Софийская 37к2,30.399735,59.873898
3451,2,6,4,111.5,23950000,Невский,Ивановская ,17,Ломоносовская,296125538,Ивановская 17,30.439863,59.874426
3452,2,3,4,148.9,24000000,Центральный,Синопская набережная,32/35В,Площадь Александра Невского,285694094,Синопская набережная 32/35В,30.387742,59.930773
3453,4,4,4,111.5,24000000,Центральный,Невский проспект,22-24,Гостиный двор,280087905,Невский проспект 22-24,30.324052,59.935922
3454,7,7,4,102.3,24000000,Петроградский,Съезжинская ,29,Спортивная,297942481,Съезжинская 29,30.302834,59.953984
3455,4,6,4,98.6,24200000,Василеостровский, Челюскина,6,Приморская,298825757,Челюскина 6,30.190832,59.941889
3456,2,4,4,100.9,24200000,Адмиралтейский, Декабристов,19,Спасская,294423056,Декабристов 19,30.300992,59.927811
3457,2,6,4,107.81,24600000,Центральный,3-я Советская ,7,Площадь Восстания,297036742,3-я Советская 7,30.369471,59.932184
3458,8,16,4,106.9,24600000,Василеостровский,Морская набережная,15Б,Приморская,295985369,Морская набережная 15Б,30.210711,59.939861
3459,3,5,4,90.0,24500000,Приморский,Школьная ,15,Черная речка,296473636,Школьная 15,30.288802,59.988338
3460,4,6,4,160.0,24400000,Центральный, Правды,22,Звенигородская,274871381,Правды 22,30.338901,59.921047
3461,20,24,4,100.0,24700000,Выборгский,Выборгское шоссе,17к2,Проспект Просвещения,295378570,Выборгское шоссе 17к2,30.312113,60.053813
3462,2,7,4,128.0,24700000,Центральный,Лиговский проспект,65,Площадь Восстания,298701107,Лиговский проспект 65,30.357945,59.927166
3463,13,19,4,136.0,24900000,Кировский,проспект Маршала Жукова,54к1,Ленинский проспект,299560216,проспект Маршала Жукова 54к1,30.207998,59.84169
3464,2,3,4,104.0,25000000,Центральный,Графский переулок,10/11,Достоевская,273993460,Графский переулок 10/11,30.347228,59.930309
3465,3,7,4,120.8,25000000,Кировский,проспект Стачек,57,Кировский завод,282242656,проспект Стачек 57,30.256543,59.87575
3466,2,4,4,104.5,24990000,Адмиралтейский,Садовая ,91,Балтийская,295094575,Садовая 91,30.291416,59.919107
3467,3,6,4,165.1,24990000,Василеостровский,6-я Васильевского острова линия,41,Василеостровская,293651189,6-я Васильевского острова линия 41,30.276405,59.945441
3468,2,5,4,110.0,25000000,Адмиралтейский,Садовая ,65,Садовая,295331357,Садовая 65,30.30481,59.922116
3469,5,7,4,150.0,25000000,Выборгский,шоссе Суздальское,10,Озерки,299437479,шоссе Суздальское 10,30.291353,60.062759
3470,4,5,4,104.0,25000000,Адмиралтейский,Почтамтский переулок,2,Адмиралтейская,297922108,Почтамтский переулок 2,30.301351,59.93296
3471,2,3,4,104.1,25000000,Центральный,Графский переулок,10/11,Достоевская,294426610,Графский переулок 10/11,30.347228,59.930309
3472,2,7,4,156.1,24900000,Выборгский,шоссе Суздальское,12к2,,297660619,шоссе Суздальское 12к2,30.289943,60.062216
3473,2,10,4,118.1,25000000,Приморский,Новоколомяжский проспект,4К1,Удельная,285494358,Новоколомяжский проспект 4К1,30.297507,60.026784
3474,3,3,4,108.3,24997000,Адмиралтейский, Декабристов,51,Балтийская,297326941,Декабристов 51,30.285047,59.924217
3475,4,10,4,112.3,25000000,Кировский,проспект Стачек,79,Автово,298784768,проспект Стачек 79,30.259571,59.86546
3476,1,7,4,101.1,24900000,Адмиралтейский,Измайловский проспект,16/30,Балтийская,284601167,Измайловский проспект 16/30,30.307873,59.911326
3477,2,14,4,110.0,24900000,Приморский,набережная Черной речки,9,Черная речка,297642930,набережная Черной речки 9,30.318572,59.983954
3478,5,6,4,167.5,25000000,Выборгский, Руднева,22/1,Проспект Просвещения,276489058,Руднева 22/1,30.367036,60.048912
3479,4,6,4,112.3,25000000,Центральный,Думская ,5/22,Невский проспект,295895775,Думская 5/22,30.327852,59.93342
3480,9,17,4,103.3,24900000,Фрунзенский,проспект Славы,52к1,Проспект Славы,293942118,проспект Славы 52к1,30.407847,59.86406
3481,3,18,4,128.3,25018500,Василеостровский,бульвар Александра Грина,2к2,Приморская,297679158,бульвар Александра Грина 2к2,30.205986,59.935146
3482,9,25,4,115.3,26199999,Калининский, Брянцева,13к1,Гражданский проспект,298331281,Брянцева 13к1,30.407505,60.039768
3483,4,5,4,138.0,26000000,Пушкинский, Глинки,17,,285102268,Глинки 17,30.298531,59.923838
3484,6,7,4,172.2,25990000,Калининский, Хлопина,7К3,Площадь Мужества,290951818,Хлопина 7К3,30.371168,59.999579
3485,4,7,4,131.7,25990000,Петроградский, Ленина,52,Чкаловская,296973237,Ленина 52,30.294928,59.965696
3486,3,6,4,94.6,26000000,Василеостровский,3-я Васильевского острова линия,58,Спортивная,298745107,3-я Васильевского острова линия 58,30.279289,59.947982
3487,23,24,4,105.0,26400000,Красносельский,бульвар Балтийский,4,,291256296,бульвар Балтийский 4,30.155636,59.869006
3488,11,17,4,130.0,26500000,Приморский,Коломяжский проспект,20,Пионерская,284814518,Коломяжский проспект 20,30.298324,59.998774
3489,3,3,4,106.0,26500000,Василеостровский,Кадетская линия,17,Спортивная,296401388,Кадетская линия 17,30.287526,59.944535
3490,5,25,4,166.1,26500000,Василеостровский, Нахимова,20,Приморская,295860767,Нахимова 20,30.223467,59.940366
3491,4,4,4,100.0,26800000,Выборгский,Большой Сампсониевский проспект,38-40,Выборгская,299422704,Большой Сампсониевский проспект 38-40,30.340716,59.970195
3492,2,10,4,112.6,26856000,Выборгский,Манчестерская ,3,Удельная,299399141,Манчестерская 3,30.331301,60.010731
3493,13,13,4,153.8,26950000,Василеостровский,Морская набережная,33,Приморская,292421539,Морская набережная 33,30.218751,59.958827
3494,3,6,4,106.2,27000000,Центральный, Рубинштейна,2/45,Достоевская,295372903,Рубинштейна 2/45,30.346276,59.932374
3495,2,3,4,181.9,27000000,Василеостровский,19-я Васильевского острова линия,2,Горный институт,266346951,19-я Васильевского острова линия 2,30.270306,59.931445
3496,3,3,4,132.3,27000000,Центральный, Чайковского,33-37,Площадь Ленина,290434875,Чайковского 33-37,30.353795,59.946302
3497,3,6,4,103.3,27400000,Московский,Московский проспект,216,Московская,290546481,Московский проспект 216,30.322327,59.848809
3498,2,6,4,138.9,27300000,Василеостровский,проспект Средний Васильевского острова,33,Василеостровская,298809023,проспект Средний Васильевского острова 33,30.277429,59.943034
3499,4,4,4,100.0,27400000,Василеостровский,1-я Васильевского острова линия,4,Василеостровская,296598769,1-я Васильевского острова линия 4,30.292422,59.939514
3500,14,14,4,104.3,27475000,Василеостровский,набережная Миклухо-Маклая,1к1,Приморская,299153338,набережная Миклухо-Маклая 1к1,30.201737,59.929804
3501,3,7,4,95.7,27295000,Центральный,Лиговский проспект,139,Обводный канал,298986454,Лиговский проспект 139,30.351325,59.917227
3502,2,3,4,165.0,27600000,Приморский,1-я Утиная ,17к1,Озерки,290075085,1-я Утиная 17к1,30.298638,60.034946
3503,4,5,4,135.3,28000000,Петроградский,Каменноостровский проспект,59,Петроградская,297182637,Каменноостровский проспект 59,30.30605,59.972447
3504,7,9,4,140.0,28000000,Выборгский,проспект Энгельса,126К1,Озерки,295198038,проспект Энгельса 126К1,30.32424,60.041157
3505,5,6,4,170.4,27900000,Петродворцовый,Разводная ,12,,287402885,Разводная 12,29.903029,59.878102
3506,1,3,4,90.8,28000000,Фрунзенский,Лиговский проспект,201,Обводный канал,299555456,Лиговский проспект 201,30.347606,59.911448
3507,15,25,4,117.87,27850000,Приморский,Коломяжский проспект,13,Пионерская,285390605,Коломяжский проспект 13,30.30101,59.998027
3508,6,6,4,95.5,28000000,Петроградский,проспект Большой Петроградской стороны,69,Петроградская,297078428,проспект Большой Петроградской стороны 69,30.309966,59.964223
3509,4,7,4,129.0,28000000,Кировский,проспект Стачек,67К3,Автово,299149656,проспект Стачек 67К3,30.259113,59.870502
3510,5,6,4,188.6,27900000,Петродворцовый,Разводная ,12,,293457788,Разводная 12,29.903029,59.878102
3511,4,5,4,145.4,28000000,Центральный,Пушкинская ,6,Площадь Восстания,294269313,Пушкинская 6,30.358349,59.930115
3512,16,20,4,129.2,28000000,Приморский,Долгоозерная ,14,Комендантский проспект,295375392,Долгоозерная 14,30.246392,60.017459
3513,7,15,4,108.3,28500000,Выборгский,Новолитовская ,14,Лесная,298570176,Новолитовская 14,30.358673,59.983707
3514,4,6,4,128.9,28400000,Центральный,Невский проспект,151,Площадь Александра Невского,295047485,Невский проспект 151,30.379316,59.925498
3515,11,12,4,114.0,28490000,Курортный,Дубковское шоссе,38,Беговая,298074089,Дубковское шоссе 38,29.948224,60.091002
3516,3,3,4,115.0,28400000,Центральный, Чайковского,33-37,Чернышевская,294605770,Чайковского 33-37,30.353795,59.946302
3517,1,9,4,132.3,28890000,Выборгский,проспект Энгельса,126К1,Озерки,290501717,проспект Энгельса 126К1,30.32424,60.041157
3518,4,5,4,115.5,28800000,Центральный,Казанская ,8-10,Гостиный двор,290344605,Казанская 8-10,30.322138,59.932482
3519,3,11,4,106.7,28800000,Центральный,Кременчугская ,17к3,Площадь Александра Невского,279028513,Кременчугская 17к3,30.370063,59.920424
3520,2,5,4,132.5,29500000,Центральный,Большая Морская ,23/12,Адмиралтейская,295324533,Большая Морская 23/12,30.313784,59.934465
3521,4,5,4,113.2,30000000,Московский,Московский проспект,149А,Электросила,293615061,Московский проспект 149А,30.317656,59.874336
3522,2,4,4,101.7,30000000,Адмиралтейский,набережная Реки Мойки,62/2,Адмиралтейская,296501288,набережная Реки Мойки 62/2,30.312796,59.932085
3523,3,15,4,141.4,29950000,Калининский,проспект Науки,19К2,Академическая,290943879,проспект Науки 19К2,30.394462,60.013006
3524,1,4,4,104.8,29999000,Центральный, Рубинштейна,15-17,Достоевская,292240600,Рубинштейна 15-17,30.343671,59.928925
3525,2,3,4,170.0,30000000,Петродворцовый, Аврова,26к1,,298170378,Аврова 26к1,29.920924,59.870655
3526,2,16,4,116.0,29995000,Московский,Краснопутиловская ,125,Московская,294366944,Краснопутиловская 125,30.310829,59.847051
3527,1,9,4,109.1,29800000,Петроградский,Петровский проспект,11к2,Крестовский остров,283440909,Петровский проспект 11к2,30.259598,59.961255
3528,2,4,4,100.2,29900000,Центральный,Парадная ,4,Площадь Восстания,296681696,Парадная 4,30.371483,59.941669
3529,13,15,4,160.2,30000000,Приморский,Комендантский проспект,27К1,Комендантский проспект,243131157,Комендантский проспект 27К1,30.248773,60.018228
3530,11,27,4,114.0,29848000,Московский,проспект Космонавтов,37,Московская,296786834,проспект Космонавтов 37,30.349411,59.855376
3531,12,12,4,141.4,31000000,Выборгский,Ярославский проспект,66к1,Удельная,291532110,Ярославский проспект 66к1,30.316057,60.025107
3532,10,12,4,102.9,30900000,Московский, Решетникова,29,Электросила,295003407,Решетникова 29,30.34068,59.877872
3533,3,3,4,102.0,31000000,Приморский, Новая,51к27,Беговая,298042859,Новая 51к27,30.153426,60.004442
3534,3,6,4,120.8,30770000,Василеостровский,6-я Васильевского острова линия,43,Василеостровская,298018068,6-я Васильевского острова линия 43,30.27601,59.945761
3535,2,4,4,144.0,31072765,Адмиралтейский,Казначейская ,4,Сенная площадь,295227027,Казначейская 4,30.313586,59.926877
3536,2,6,4,112.3,31500000,Адмиралтейский,Садовая ,97,Сенная площадь,299660633,Садовая 97,30.290158,59.919243
3537,8,14,4,128.0,31700000,Московский,Бассейная ,73к1,Парк Победы,295162597,Бассейная 73к1,30.342216,59.864087
3538,3,4,4,131.0,32000000,Приморский,Новосельковская ,12,Пионерская,297247847,Новосельковская 12,30.291317,60.028762
3539,3,15,4,160.9,32000000,Невский,проспект Пятилеток,13к1,Проспект Большевиков,294966239,проспект Пятилеток 13к1,30.455071,59.924176
3540,2,6,4,112.5,32000000,Красносельский,проспект Патриотов,35,Ленинский проспект,293718116,проспект Патриотов 35,30.145673,59.861824
3541,5,5,4,97.7,32000000,Петроградский, Мира,10,Горьковская,299060597,Мира 10,30.316236,59.959949
3542,12,19,4,122.0,32000000,Московский,Малая Митрофаньевская ,8к1,Московские ворота,299190042,Малая Митрофаньевская 8к1,30.311933,59.896007
3543,7,15,4,132.1,32000000,Василеостровский, Кораблестроителей,34,Приморская,299016869,Кораблестроителей 34,30.217745,59.954043
3544,4,4,4,118.8,32900000,Василеостровский,проспект Средний Васильевского острова,7,Спортивная,298256791,проспект Средний Васильевского острова 7,30.285218,59.94527
3545,3,7,4,150.7,32990000,Василеостровский,Гаванская ,20,Приморская,298949464,Гаванская 20,30.239197,59.933036
3546,33,35,4,130.0,33000000,Невский,проспект Обуховской обороны,138к2,Обухово,299522479,проспект Обуховской обороны 138к2,30.485326,59.846165
3547,3,6,4,133.5,33000000,Петроградский,проспект Большой Петроградской стороны,7/4,Спортивная,284793404,проспект Большой Петроградской стороны 7/4,30.293518,59.954088
3548,3,8,4,80.5,33999999,Петроградский,Ремесленная ,21,Спортивная,294109474,Ремесленная 21,30.271348,59.957012
3549,12,16,4,153.0,33999000,Василеостровский,Морская набережная,35К2,Приморская,286718359,Морская набережная 35К2,30.220485,59.959147
3550,2,4,4,143.0,33999999,Центральный,Суворовский проспект,37,Площадь Восстания,294562882,Суворовский проспект 37,30.37663,59.938964
3551,5,5,4,112.6,34000000,Петроградский,Ждановская набережная,11Д,Спортивная,297319628,Ждановская набережная 11Д,30.287293,59.953989
3552,12,12,4,92.7,34500000,Красногвардейский,Магнитогорская ,3к2,Новочеркасская,275924129,Магнитогорская 3к2,30.417396,59.936206
3553,2,8,4,158.1,34500000,Центральный,Конная ,24,Площадь Александра Невского,296336383,Конная 24,30.377915,59.927978
3554,3,15,4,139.7,34500000,Выборгский,проспект Луначарского,11к3,Озерки,298417497,проспект Луначарского 11к3,30.33016,60.042033
3555,11,14,4,110.0,34600000,Приморский,набережная Черной речки,9,Черная речка,298755978,набережная Черной речки 9,30.318572,59.983954
3556,6,18,4,102.4,34900000,Фрунзенский,Загребский бульвар,9,Дунайская,285947778,Загребский бульвар 9,30.398801,59.844981
3557,3,6,4,123.8,34900000,Центральный,Суворовский проспект,38Б,Чернышевская,299573807,Суворовский проспект 38Б,30.379298,59.941443
3558,4,6,4,114.6,35000000,Центральный, Чайковского,2/7Б,Чернышевская,299570668,Чайковского 2/7Б,30.338137,59.947428
3559,3,6,4,160.0,35000000,Центральный,Кирочная ,49,Чернышевская,294383214,Кирочная 49,30.379693,59.942552
3560,2,10,4,159.7,35000000,Выборгский,проспект Тореза,81к1,Удельная,295015630,проспект Тореза 81к1,30.326881,60.024473
3561,16,21,4,120.0,35000000,Василеостровский, Челюскина,8,Приморская,289202007,Челюскина 8,30.187679,59.942065
3562,5,6,4,150.0,35000000,Василеостровский,19-я Васильевского острова линия,14/54,,299357386,19-я Васильевского острова линия 14/54,30.268338,59.934123
3563,7,9,4,123.1,35000000,Адмиралтейский,Серпуховская ,34,Технологический институт,287605685,Серпуховская 34,30.325354,59.913722
3564,5,6,4,101.2,35000000,Центральный, Жуковского,43,Площадь Восстания,298724968,Жуковского 43,30.358026,59.935687
3565,19,23,4,106.0,35000000,Калининский,Пискарёвка,5к8,Лесная,278144927,Пискарёвка 5к8,30.418007,59.99062
3566,22,25,4,120.0,36000000,Московский, Типанова,27/39,Московская,296006405,Типанова 27/39,30.349708,59.853812
3567,4,4,4,168.0,36000000,Василеостровский,проспект Большой Васильевского острова,37/5,Василеостровская,297963700,проспект Большой Васильевского острова 37/5,30.278049,59.938243
3568,2,7,4,195.6,36000000,Центральный,Пушкинская ,10,Маяковская,294969950,Пушкинская 10,30.357442,59.92956
3569,2,9,4,110.0,36170000,Петроградский,проезд Петровская коса,6к1,Крестовский остров,297855578,проезд Петровская коса 6к1,30.245566,59.963066
3570,4,9,4,133.8,36795000,Василеостровский,Детская ,18,Василеостровская,297991504,Детская 18,30.248782,59.930363
3571,2,6,4,127.0,36490000,Центральный,Смольный проспект,9,Новочеркасская,291926055,Смольный проспект 9,30.393995,59.944084
3572,5,9,4,134.1,36877000,Василеостровский,Детская ,18,Приморская,297991497,Детская 18,30.248782,59.930363
3573,4,8,4,122.0,37700000,Петроградский,Петровский проспект,26к2,Крестовский остров,298579972,Петровский проспект 26к2,30.253588,59.960471
3574,4,8,4,118.0,37800000,Петроградский,Петровский проспект,26к2,Крестовский остров,293812066,Петровский проспект 26к2,30.253588,59.960471
3575,13,25,4,151.1,38000000,Василеостровский, Нахимова,20,Приморская,298515597,Нахимова 20,30.223467,59.940366
3576,3,8,4,145.0,38000000,Московский,Алтайская ,12,Московская,266372444,Алтайская 12,30.325148,59.850052
3577,22,23,4,171.1,38000000,Выборгский,проспект Тореза,112к1,Удельная,292595265,проспект Тореза 112к1,30.326881,60.022661
3578,4,10,4,118.0,39000000,Московский,Московское шоссе,16к1,Звездная,298555281,Московское шоссе 16к1,30.338101,59.834831
3579,5,7,4,170.1,38950000,Адмиралтейский,набережная Реки Фонтанки,131,Сенная площадь,299239814,набережная Реки Фонтанки 131,30.305726,59.91941
3580,8,20,4,122.0,38800000,Василеостровский, Челюскина,8,Приморская,292902987,Челюскина 8,30.187679,59.942065
3581,25,25,4,120.0,39500000,Московский,Краснопутиловская ,113К1,Московская,299596881,Краснопутиловская 113К1,30.308179,59.848167
3582,14,14,4,159.8,39500000,Московский,Смоленская ,14,Фрунзенская,293984607,Смоленская 14,30.322956,59.904906
3583,2,3,4,210.0,39500000,Приморский,Эстонская ,19,Комендантский проспект,297692432,Эстонская 19,30.287481,60.02909
3584,2,3,4,216.5,39990000,Приморский,проспект Авиаконструкторов,55К2,Комендантский проспект,292590084,проспект Авиаконструкторов 55К2,30.219605,60.029764
3585,3,10,4,104.7,39950000,Красногвардейский,Магнитогорская ,11,Новочеркасская,294509119,Магнитогорская 11,30.420594,59.938248
3586,5,8,4,118.4,39900000,Петроградский,Петровский проспект,26Д,Крестовский остров,297157220,Петровский проспект 26Д,30.255627,59.961462
3587,4,7,4,134.1,40000000,Адмиралтейский,набережная Канала Грибоедова,144,Балтийская,262828758,набережная Канала Грибоедова 144,30.289592,59.920808
3588,3,4,4,156.8,40000000,Василеостровский,проспект Большой Васильевского острова,35,Василеостровская,288157617,проспект Большой Васильевского острова 35,30.278363,59.938356
3589,3,9,4,175.83,39900000,Выборгский,Костромской проспект,71,Удельная,290783858,Костромской проспект 71,30.313595,60.026761
3590,3,8,4,125.0,40450000,Петроградский,Петровский проспект,26к2,Крестовский остров,299618680,Петровский проспект 26к2,30.253588,59.960471
3591,6,6,4,122.3,40980000,Петроградский,проспект Малый Петроградской стороны,79-81-83,Петроградская,298976589,проспект Малый Петроградской стороны 79-81-83,30.305798,59.965566
3592,4,11,4,144.6,41800000,Адмиралтейский,набережная Обводного Канала,108,Фрунзенская,297991510,набережная Обводного Канала 108,30.313047,59.907988
3593,21,23,4,170.0,41500000,Московский, Ленсовета,87к3,Звездная,289672681,Ленсовета 87к3,30.342593,59.834999
3594,5,5,4,166.7,41800000,Центральный,Невский проспект,180/2,Площадь Александра Невского,296405519,Невский проспект 180/2,30.38246,59.92497
3595,12,12,4,158.5,43100000,Фрунзенский,Тамбовская ,7к2,Обводный канал,298535093,Тамбовская 7к2,30.353193,59.91374
3596,4,4,4,152.0,42950000,Приморский, Новая,51к1,Беговая,287844931,Новая 51к1,30.151198,60.005216
3597,7,8,4,137.0,43500000,Пушкинский,Детскосельский бульвар,5а,Купчино,286530380,Детскосельский бульвар 5а,30.404981,59.740284
3598,2,7,4,134.4,43800000,Адмиралтейский,Малодетскосельский проспект,40,Фрунзенская,297950958,Малодетскосельский проспект 40,30.320018,59.911141
3599,6,7,4,140.3,44500000,Петроградский, Блохина,13,Спортивная,286204787,Блохина 13,30.301648,59.951731
3600,2,8,4,130.0,44680000,Петроградский,Петровский проспект,22к2,Крестовский остров,299022445,Петровский проспект 22к2,30.261897,59.960368
3601,3,10,4,127.0,45000000,Петроградский,Офицерский переулок,8,Спортивная,289485792,Офицерский переулок 8,30.288739,59.955376
3602,4,4,4,150.0,44950000,Приморский, Новая,51к1,Беговая,287845209,Новая 51к1,30.151198,60.005216
3603,10,12,4,129.9,45000000,Красносельский,проспект Героев,30,Ленинский проспект,295207970,проспект Героев 30,30.153569,59.857735
3604,7,8,4,101.9,44999999,Адмиралтейский,набережная Обводного Канала,106,Фрунзенская,296476921,набережная Обводного Канала 106,30.31567,59.907595
3605,3,4,4,168.3,45700000,Адмиралтейский,набережная Канала Грибоедова,105,Спасская,283322030,набережная Канала Грибоедова 105,30.299788,59.926201
3606,1,6,4,158.0,47000000,Адмиралтейский,Адмиралтейская набережная,12-14,Адмиралтейская,299136243,Адмиралтейская набережная 12-14,30.305852,59.937873
3607,6,7,4,181.3,47000000,Московский,Свеаборгская ,11,Электросила,290501646,Свеаборгская 11,30.332667,59.874747
3608,3,7,4,152.1,48000000,Центральный,Тележная ,32,Площадь Александра Невского,292044299,Тележная 32,30.379604,59.924352
3609,10,11,4,215.0,48368000,Василеостровский, Одоевского,21к1,Приморская,299336692,Одоевского 21к1,30.258897,59.951817
3610,4,4,4,205.3,48245500,Пушкинский,Захаржевская ,14,Звездная,297818910,Захаржевская 14,30.406885,59.707111
3611,2,8,4,135.75,49105000,Адмиралтейский,Московский проспект,65,Фрунзенская,292684092,Московский проспект 65,30.317808,59.907352
3612,10,15,4,184.0,48700000,Красногвардейский,Большеохтинский проспект,16к1,Новочеркасская,273036197,Большеохтинский проспект 16к1,30.409544,59.956048
3613,3,6,4,140.4,50000000,Петроградский,проспект Добролюбова,19,Спортивная,276142024,проспект Добролюбова 19,30.299348,59.949988
3614,2,5,4,98.0,49995000,Василеостровский,9-я Васильевского острова линия,68,Василеостровская,290212891,9-я Васильевского острова линия 68,30.27035,59.946941
3615,2,5,4,216.4,50000000,Красногвардейский,Большеохтинский проспект,31,Новочеркасская,279276155,Большеохтинский проспект 31,30.41091,59.955255
3616,5,5,4,221.0,49900000,Адмиралтейский,Адмиралтейская набережная,12-14,Адмиралтейская,265222288,Адмиралтейская набережная 12-14,30.305852,59.937873
3617,2,7,4,138.5,50930000,Адмиралтейский,Малодетскосельский проспект,40,Фрунзенская,298853371,Малодетскосельский проспект 40,30.320018,59.911141
3618,12,15,4,150.0,51000000,Московский,Московское шоссе,3к4,Звездная,292176968,Московское шоссе 3к4,30.332505,59.834248
3619,2,9,4,143.0,53000000,Петроградский,проезд Петровская коса,6к1,Крестовский остров,294460914,проезд Петровская коса 6к1,30.245566,59.963066
3620,2,9,4,175.0,53280000,Петроградский,Петровский проспект,9к2,Крестовский остров,299481969,Петровский проспект 9к2,30.266533,59.960994
3621,4,5,4,118.7,54000000,Василеостровский,20-я Васильевского острова линия,7,Василеостровская,293483858,20-я Васильевского острова линия 7,30.268482,59.932725
3622,3,5,4,136.0,53900000,Центральный,Итальянская ,33,Гостиный двор,295910633,Итальянская 33,30.340248,59.935435
3623,8,10,4,150.34,53900000,Петроградский,Большая Разночинная ,19а,Чкаловская,294580796,Большая Разночинная 19а,30.288002,59.960778
3624,2,7,4,142.0,55640000,Адмиралтейский,Малодетскосельский проспект,40,Фрунзенская,294392840,Малодетскосельский проспект 40,30.320018,59.911141
3625,3,7,4,161.0,56000000,Адмиралтейский,Можайская ,18,Пушкинская,275054966,Можайская 18,30.326872,59.916983
3626,7,8,4,132.3,56000000,Петроградский,Петровский проспект,22к2,Спортивная,292438984,Петровский проспект 22к2,30.261897,59.960368
3627,15,20,4,154.5,57000000,Приморский,Ушаковская набережная,3к4,Черная речка,269181088,Ушаковская набережная 3к4,30.313874,59.983369
3628,2,4,4,126.3,58500000,Красносельский,Петергофское шоссе,45,Проспект Ветеранов,298378202,Петергофское шоссе 45,30.152842,59.847978
3629,1,6,4,192.7,58800000,Петроградский,набережная Мартынова,74Д,Крестовский остров,297374266,набережная Мартынова 74Д,30.250031,59.974779
3630,9,20,4,168.0,58400000,Выборгский,аллея Академика Лихачева,7,Площадь Мужества,296193876,аллея Академика Лихачева 7,30.346546,60.002494
3631,9,10,4,170.0,59400000,Петроградский,Песочная набережная,18,Петроградская,290886392,Песочная набережная 18,30.291326,59.97278
3632,35,36,4,250.0,60000000,Невский,проспект Обуховской обороны,138к2,Рыбацкое,298945107,проспект Обуховской обороны 138к2,30.485326,59.846165
3633,5,5,4,210.0,59900000,Приморский,Нижне-Каменская ,7к1,Комендантский проспект,295910376,Нижне-Каменская 7к1,30.225857,60.03211
3634,4,6,4,147.4,60000000,Центральный,набережная Канала Грибоедова,10,Гостиный двор,294007241,набережная Канала Грибоедова 10,30.32742,59.936467
3635,4,25,4,148.9,59500000,Приморский,Дибуновская ,50,Старая Деревня,299359968,Дибуновская 50,30.26046,59.984818
3636,6,6,4,213.3,60000000,Петроградский,Кронверкская ,29/37Б,Петроградская,287951168,Кронверкская 29/37Б,30.310083,59.962219
3637,1,7,4,133.0,60990000,Петроградский,Морской проспект,24,,297810396,Морской проспект 24,30.264098,59.970357
3638,2,7,4,179.7,61000000,Петроградский,Петровский проспект,11к3,Крестовский остров,299323420,Петровский проспект 11к3,30.262355,59.962697
3639,13,26,4,207.0,62100000,Приморский,Приморский проспект,137к1,Беговая,288004485,Приморский проспект 137к1,30.219605,59.983504
3640,2,6,4,151.5,63000000,Московский,Московский проспект,151,Электросила,298433620,Московский проспект 151,30.31903,59.873731
3641,3,9,4,190.0,62890000,Петроградский,проезд Петровская коса,6к1,Крестовский остров,297855077,проезд Петровская коса 6к1,30.245566,59.963066
3642,5,5,4,153.0,64000000,Адмиралтейский,Адмиралтейская набережная,12-14,Адмиралтейская,294252568,Адмиралтейская набережная 12-14,30.305852,59.937873
3643,6,10,4,123.0,65000000,Петроградский,Петровский проспект,5,Спортивная,299243400,Петровский проспект 5,30.27221,59.959237
3644,4,5,4,135.0,65000000,Петроградский,Барочная ,6,Чкаловская,296537059,Барочная 6,30.285793,59.965647
3645,8,8,4,212.0,64500000,Адмиралтейский,Серпуховская ,34,Технологический институт,257998266,Серпуховская 34,30.325354,59.913722
3646,3,3,4,187.7,65000000,Адмиралтейский,Почтамтская ,8,Адмиралтейская,299137107,Почтамтская 8,30.303678,59.932414
3647,4,4,4,234.1,65000000,Петроградский,Каменноостровский проспект,50,Петроградская,294351726,Каменноостровский проспект 50,30.306553,59.970736
3648,7,8,4,154.38,67386870,Петроградский, Чапаева,19Б,Петроградская,297747621,Чапаева 19Б,30.331041,59.963332
3649,9,9,4,177.3,69000000,Петроградский,Офицерский переулок,8с2,Спортивная,281123691,Офицерский переулок 8с2,30.289467,59.95584
3650,9,9,4,128.4,69000000,Петроградский,Аптекарский проспект,5,Петроградская,299243409,Аптекарский проспект 5,30.321357,59.973334
3651,5,7,4,157.0,69500000,Приморский,Приморский проспект,78к5,Беговая,293126915,Приморский проспект 78к5,30.186538,59.988064
3652,12,14,4,124.5,69800000,Красногвардейский,Магнитогорская ,3к2,Новочеркасская,299666206,Магнитогорская 3к2,30.417396,59.936206
3653,7,13,4,157.0,69900000,Петроградский,Песочная набережная,12,Петроградская,295416231,Песочная набережная 12,30.295072,59.97359
3654,4,9,4,170.3,70000000,Петроградский,Крестовский проспект,15,Крестовский остров,281852622,Крестовский проспект 15,30.261017,59.969385
3655,2,4,4,238.1,70000000,Центральный,Гагаринская ,12,Площадь Ленина,298661433,Гагаринская 12,30.342916,59.946153
3656,3,8,4,157.0,72000000,Приморский,Приморский проспект,78к5,Беговая,299293501,Приморский проспект 78к5,30.186538,59.988064
3657,8,15,4,140.0,74000000,Приморский,Ушаковская набережная,3к2,Черная речка,297961352,Ушаковская набережная 3к2,30.315383,59.982734
3658,5,6,4,223.0,73900000,Центральный, Рубинштейна,2/45,Достоевская,298897512,Рубинштейна 2/45,30.346276,59.932374
3659,4,7,4,143.6,74990000,Петроградский,проезд Петровская коса,6к1,Крестовский остров,299122060,проезд Петровская коса 6к1,30.245566,59.963066
3660,5,6,4,211.0,75000000,Центральный,Моховая ,47,Гостиный двор,298450551,Моховая 47,30.34474,59.938703
3661,3,9,4,171.0,75000000,Петроградский,Петровский проспект,1,Чкаловская,297507834,Петровский проспект 1,30.27504,59.959093
3662,1,11,4,202.9,77600000,Петроградский,Петровский проспект,11к3,Спортивная,282918307,Петровский проспект 11к3,30.262355,59.962697
3663,9,9,4,479.0,78000000,Василеостровский,Морская набережная,21к1,Приморская,292706028,Морская набережная 21к1,30.211888,59.953606
3664,2,9,4,220.4,78900000,Петроградский,Крестовский проспект,15,Крестовский остров,295910505,Крестовский проспект 15,30.261017,59.969385
3665,5,7,4,146.0,80385000,Центральный,Таврическая ,37,Чернышевская,295132580,Таврическая 37,30.378472,59.947243
3666,4,7,4,175.0,81900000,Центральный, Восстания,8а,Площадь Восстания,297891598,Восстания 8а,30.359409,59.935011
3667,5,6,4,180.0,84990000,Центральный,Таврическая ,5,Чернышевская,284914584,Таврическая 5,30.37822,59.941556
3668,2,6,4,138.4,85000000,Центральный,переулок Басков,2,Чернышевская,299006648,переулок Басков 2,30.353184,59.939771
3669,11,12,4,163.4,85000000,Петроградский,Песочная набережная,18,Петроградская,293136992,Песочная набережная 18,30.291326,59.97278
3670,3,5,4,149.8,85000000,Центральный,Смольный проспект,13,Чернышевская,295198536,Смольный проспект 13,30.395441,59.944314
3671,3,5,4,149.8,85000000,Центральный,Смольный проспект,13,Чернышевская,299339909,Смольный проспект 13,30.395441,59.944314
3672,3,5,4,149.0,85000000,Центральный,Смольный проспект,13,Чернышевская,260000419,Смольный проспект 13,30.395441,59.944314
3673,4,8,4,137.9,89000000,Центральный,Смольная набережная,12,Маяковская,296804785,Смольная набережная 12,30.394183,59.953669
3674,7,7,4,212.4,88722774,Петроградский, Рентгена,25,Петроградская,291495866,Рентгена 25,30.329954,59.965831
3675,3,6,4,200.0,95000000,Петроградский,Морской проспект,11,Крестовский остров,297306325,Морской проспект 11,30.273306,59.971127
3676,10,10,4,216.5,95000000,Петроградский,Петровский проспект,14,Спортивная,287547621,Петровский проспект 14,30.27309,59.95794
3677,4,9,4,143.9,96000000,Петроградский,Кемская ,1,Крестовский остров,299058387,Кемская 1,30.259571,59.973226
3678,9,13,4,147.6,96600000,Петроградский,Ждановская ,45,Чкаловская,299654414,Ждановская 45,30.267494,59.962724
3679,10,10,4,176.7,99000000,Центральный,Кирочная ,70,Чернышевская,299078902,Кирочная 70,30.391255,59.939942
3680,2,7,4,203.0,99000000,Петроградский,Морской проспект,33,Крестовский остров,294864394,Морской проспект 33,30.26099,59.971713
3681,5,8,4,152.0,100000000,Центральный,Смольный проспект,17,Чернышевская,296636206,Смольный проспект 17,30.39651,59.944292
3682,3,8,4,145.3,105000000,Центральный,Дегтярный переулок,26,Площадь Александра Невского,297776580,Дегтярный переулок 26,30.382829,59.940339
3683,4,7,4,172.0,109000000,Петроградский,Каменноостровский проспект,38/96,Петроградская,227534278,Каменноостровский проспект 38/96,30.311197,59.965903
3684,5,6,4,200.0,110000000,Центральный,переулок Басков,2,Чернышевская,295910428,переулок Басков 2,30.353184,59.939771
3685,2,6,4,200.0,113000000,Петроградский, Эсперова,10,Крестовский остров,298628259,Эсперова 10,30.270818,59.973816
3686,3,9,4,181.1,120000000,Петроградский, Рюхина,10,Крестовский остров,285910194,Рюхина 10,30.25984,59.970673
3687,9,9,4,450.0,119900000,Петроградский, Рентгена,19,Петроградская,238626248,Рентгена 19,30.326271,59.964827
3688,8,12,4,280.0,125500000,Петроградский,Ждановская ,45,Спортивная,293618840,Ждановская 45,30.267494,59.962724
3689,2,8,4,187.0,128980000,Петроградский,Кемская ,1,Крестовский остров,279496497,Кемская 1,30.259571,59.973226
3690,6,6,4,238.0,135900000,Петроградский,Петровский проспект,2,Спортивная,296334068,Петровский проспект 2,30.276782,59.953912
3691,7,7,4,237.3,139554200,Петроградский,проезд Петровская коса,6к1,Крестовский остров,298728163,проезд Петровская коса 6к1,30.245566,59.963066
3692,7,7,4,237.4,144275400,Петроградский,проезд Петровская коса,6к1,Крестовский остров,298734484,проезд Петровская коса 6к1,30.245566,59.963066
3693,4,7,4,215.2,150000000,Центральный,Смольный проспект,17,Чернышевская,298984530,Смольный проспект 17,30.39651,59.944292
3694,7,10,4,162.6,160000000,Петроградский,Вязовая ,8,Крестовский остров,296556401,Вязовая 8,30.276234,59.967687
3695,8,9,4,156.0,170000000,Петроградский,набережная Адмирала Лазарева,22,Чкаловская,299336167,набережная Адмирала Лазарева 22,30.277339,59.964377
3696,3,7,4,209.1,178000000,Петроградский,Вязовая ,8,Крестовский остров,299243407,Вязовая 8,30.276234,59.967687
3697,7,7,4,163.7,180000000,Центральный,Невский проспект,137,Площадь Восстания,299243403,Невский проспект 137,30.376064,59.926702
3698,2,7,4,244.2,179000000,Петроградский,Кемская ,7,Крестовский остров,299179541,Кемская 7,30.262805,59.973032
3699,6,10,4,170.6,185000000,Центральный,набережная Воскресенская,4,Чернышевская,295956131,набережная Воскресенская 4,30.372381,59.950664
3700,12,12,4,243.0,190000000,Центральный,Кирочная ,64,Чернышевская,294647620,Кирочная 64,30.386009,59.94051
3701,4,10,4,228.0,197287399,Петроградский,Вязовая ,8,Чкаловская,288282481,Вязовая 8,30.276234,59.967687
3702,4,10,4,228.0,197287399,Петроградский,Вязовая ,8,Крестовский остров,277970074,Вязовая 8,30.276234,59.967687
3703,3,7,4,198.0,200000000,Петроградский,Мытнинская набережная,5,Горьковская,298506520,Мытнинская набережная 5,30.305618,59.948429
3704,1,6,4,199.8,220000000,Петроградский,Спортивная ,2,Крестовский остров,296202225,Спортивная 2,30.288335,59.95019
3705,4,9,4,185.0,230000000,Центральный,набережная Воскресенская,32,Площадь Ленина,295678321,набережная Воскресенская 32,30.35048,59.94974
3706,4,4,4,254.7,231000000,Петроградский,Крестовский проспект,4,Крестовский остров,298277223,Крестовский проспект 4,30.274626,59.969767
3707,4,4,4,257.4,231000000,Петроградский,Крестовский проспект,4,Крестовский остров,293619243,Крестовский проспект 4,30.274626,59.969767
3708,4,6,4,203.0,295000000,Центральный,Большая Морская ,4,Адмиралтейская,294761095,Большая Морская 4,30.318105,59.937436
3709,7,7,4,240.7,349000000,Центральный,Шпалерная ,26,Чернышевская,299336190,Шпалерная 26,30.351747,59.949217
3710,7,7,4,240.7,349000000,Центральный,набережная Воскресенская,32,Площадь Ленина,297296551,набережная Воскресенская 32,30.35048,59.94974
3711,3,5,-1,88.6,860000,Петроградский, Мира,1,Горьковская,296611025,Мира 1,30.313164,59.958985
3712,6,7,4,192.7,260000000,Петроградский,Константиновский проспект,23,Крестовский остров,297260161,Константиновский проспект 23,30.267772,59.973455
3713,4,5,-1,89.7,1880000,Невский,2-й Рабфаковский переулок,1К1,Обухово,298255790,2-й Рабфаковский переулок 1К1,30.469336,59.856167
3714,2,6,-1,73.7,2000000,Василеостровский,14-я Васильевского острова линия,45,Василеостровская,298911457,14-я Васильевского острова линия 45,30.268015,59.940952
3715,5,9,-1,86.0,2450000,Колпинский,Раумская ,11,Шушары,296519985,Раумская 11,30.587294,59.736262
3716,5,5,-1,10.76,2500000,Василеостровский,18-я Васильевского острова линия,13А,Василеостровская,295315758,18-я Васильевского острова линия 13А,30.269389,59.933956
3717,4,5,-1,73.8,3500000,Московский,Пулковское шоссе,97,Звездная,297548500,Пулковское шоссе 97,30.31453,59.751855
3718,5,5,-1,120.0,3550000,Центральный, Моисеенко,3/14,Площадь Восстания,297429425,Моисеенко 3/14,30.376118,59.937576
3719,4,4,-1,107.0,3600000,Фрунзенский,Боровая ,58,Обводный канал,299652116,Боровая 58,30.343635,59.913839
3720,8,9,-1,74.0,4800000,Фрунзенский, Турку,32К1,Проспект Славы,293959293,Турку 32К1,30.409014,59.867078
3721,7,10,-1,86.0,5000000,Фрунзенский,Бухарестская ,72К1,Международная,298483550,Бухарестская 72К1,30.378283,59.874024
3722,3,3,-1,62.2,5100000,Центральный,1-я Советская ,10,Площадь Восстания,287411145,1-я Советская 10,30.364889,59.931648
3723,3,5,4,64.0,5500000,Петродворцовый, Пулеметчиков,20,Проспект Ветеранов,285486992,Пулеметчиков 20,29.713422,59.920212
3724,2,5,4,59.3,5950000,Колпинский,Пролетарская ,127,Шушары,294625624,Пролетарская 127,30.563974,59.742534
3725,5,5,4,49.0,6400000,Кировский,Ленинский проспект,137К4,Ленинский проспект,294392900,Ленинский проспект 137К4,30.278705,59.850504
3726,5,5,4,49.8,6400000,Кировский, Подводника Кузьмина,36,Ленинский проспект,272176725,Подводника Кузьмина 36,30.262589,59.845202
3727,1,5,4,49.0,6450000,Кировский,Дачный проспект,9К6,Проспект Ветеранов,297376164,Дачный проспект 9К6,30.241344,59.845044
3728,4,5,4,49.2,6500000,Московский, Костюшко,54,Московская,294847362,Костюшко 54,30.305412,59.84527
3729,3,5,4,49.0,6500000,Кировский, Зины Портновой,14,Ленинский проспект,298944705,Зины Портновой 14,30.257532,59.854748
3730,3,5,4,49.5,6500000,Кировский,бульвар Новаторов,46,Ленинский проспект,297494537,бульвар Новаторов 46,30.269129,59.845238
3731,3,5,4,49.0,6600000,Красносельский, Пограничника Гарькавого,48К1,Проспект Ветеранов,295733397,Пограничника Гарькавого 48К1,30.147524,59.826845
3732,5,5,4,51.6,6750000,Московский,Ленинский проспект,148К2,Ленинский проспект,298257142,Ленинский проспект 148К2,30.294237,59.852981
3733,5,6,4,47.9,6750000,Кировский,Краснопутиловская ,55,Автово,297274747,Краснопутиловская 55,30.275219,59.867245
3734,3,5,4,49.1,6850000,Московский,Краснопутиловская ,117,Московская,298757068,Краснопутиловская 117,30.309481,59.847661
3735,5,5,4,49.0,6950000,Московский,Краснопутиловская ,105,Ленинский проспект,287148007,Краснопутиловская 105,30.306912,59.849031
3736,1,5,4,49.1,6999000,Кировский,Дачный проспект,20,Проспект Ветеранов,296508916,Дачный проспект 20,30.256193,59.842666
3737,4,5,4,49.1,6990000,Кировский,Дачный проспект,5К1,Проспект Ветеранов,298144402,Дачный проспект 5К1,30.241793,59.848027
3738,3,5,4,49.0,7000000,Кировский, Лени Голикова,46,Проспект Ветеранов,277725187,Лени Голикова 46,30.236969,59.8439
3739,1,5,4,48.9,7000000,Кировский, Подводника Кузьмина,13,Проспект Ветеранов,299357192,Подводника Кузьмина 13,30.261286,59.845026
3740,3,5,4,48.6,7000000,Кировский,Дачный проспект,20,Проспект Ветеранов,297322786,Дачный проспект 20,30.256193,59.842666
3741,1,5,4,49.0,7000000,Кировский, Танкиста Хрустицкого,23,Проспект Ветеранов,288875854,Танкиста Хрустицкого 23,30.252492,59.836002
3742,3,5,4,49.0,7199000,Кировский, Подводника Кузьмина,13,Проспект Ветеранов,299142294,Подводника Кузьмина 13,30.261286,59.845026
3743,2,5,4,49.0,7200000,Кировский,бульвар Новаторов,68,Проспект Ветеранов,296944525,бульвар Новаторов 68,30.265778,59.842693
3744,1,5,4,49.0,7350000,Фрунзенский, Белы Куна,26К2,Международная,299145721,Белы Куна 26К2,30.393078,59.877737
3745,1,5,4,48.6,7499000,Кировский,бульвар Новаторов,60,Ленинский проспект,298165768,бульвар Новаторов 60,30.267341,59.843693
3746,3,9,4,68.0,7490000,Красносельский,Кингисеппское шоссе,10к1,,297444378,Кингисеппское шоссе 10к1,30.073053,59.722309
3747,2,5,4,58.7,7500000,Кировский, Примакова,6,Автово,299470030,Примакова 6,30.273962,59.869512
3748,2,5,4,49.4,7500000,Кировский, Солдата Корзуна,54,Проспект Ветеранов,298133101,Солдата Корзуна 54,30.222318,59.828482
3749,4,5,4,60.2,7500000,Кировский, Танкиста Хрустицкого,33,Проспект Ветеранов,286148624,Танкиста Хрустицкого 33,30.257352,59.834049
3750,3,5,4,49.1,7500000,Кировский,бульвар Новаторов,86,Проспект Ветеранов,282636286,бульвар Новаторов 86,30.262787,59.840754
3751,4,5,4,49.0,7500000,Фрунзенский, Турку,8К4,Международная,299328943,Турку 8К4,30.386278,59.868898
3752,4,5,4,62.0,7500000,Красносельский,проспект Ленина,90,,298870559,проспект Ленина 90,30.090562,59.73838
3753,5,9,4,74.0,7500000,Колпинский,Раумская ,11,Шушары,296572787,Раумская 11,30.587294,59.736262
3754,4,10,4,73.0,7600000,Красносельский, Коммунаров,114,Проспект Ветеранов,298633278,Коммунаров 114,30.148216,59.784268
3755,2,5,4,49.3,7600000,Кировский, Зины Портновой,20,Ленинский проспект,299497225,Зины Портновой 20,30.256777,59.853862
3756,5,5,4,48.9,7600000,Красносельский,проспект Народного ополчения,241К3,Проспект Ветеранов,297448551,проспект Народного ополчения 241К3,30.15136,59.826479
3757,1,5,4,48.5,7650000,Красносельский,проспект Народного ополчения,241К4,Проспект Ветеранов,297454290,проспект Народного ополчения 241К4,30.152087,59.826456
3758,3,5,4,49.9,7700000,Кировский,Дачный проспект,24,Проспект Ветеранов,292389551,Дачный проспект 24,30.259526,59.840921
3759,5,5,4,60.2,7849999,Кировский,проспект Народного ополчения,31,Ленинский проспект,284247026,проспект Народного ополчения 31,30.277025,59.847987
3760,4,5,4,49.0,7800000,Кировский,проспект Народного ополчения,93,Проспект Ветеранов,298081789,проспект Народного ополчения 93,30.271114,59.839868
3761,4,5,4,59.5,7850000,Кировский,проспект Стачек,220К2,Проспект Ветеранов,294315717,проспект Стачек 220К2,30.222776,59.845464
3762,3,5,4,49.0,7900000,Кировский,Краснопутиловская ,57,Автово,297188751,Краснопутиловская 57,30.274177,59.866703
3763,3,5,4,49.0,8000000,Кировский,Ленинский проспект,129К4,Ленинский проспект,298745516,Ленинский проспект 129К4,30.272048,59.85064
3764,9,9,4,79.8,8000000,Колпинский,бульвар Трудящихся,15к3,Шушары,299111978,бульвар Трудящихся 15к3,30.566768,59.735428
3765,5,5,4,48.1,8000000,Красносельский,проспект Народного ополчения,241К4,Проспект Ветеранов,278513551,проспект Народного ополчения 241К4,30.152087,59.826456
3766,2,5,4,97.6,8200000,Красносельский, Политрука Пасечника,5к1,Проспект Ветеранов,293186280,Политрука Пасечника 5к1,30.108887,59.780907
3767,2,5,4,59.8,8200000,Кировский, Козлова,43К2,Проспект Ветеранов,295132563,Козлова 43К2,30.226216,59.829975
3768,2,5,4,49.2,8290000,Кировский, Лени Голикова,36,Проспект Ветеранов,295185569,Лени Голикова 36,30.234418,59.843421
3769,3,5,4,60.0,8300000,Кировский,проспект Народного ополчения,111,Проспект Ветеранов,297153145,проспект Народного ополчения 111,30.268284,59.838774
3770,1,2,4,54.2,8500000,Красногвардейский,Рябовское шоссе,21,Проспект Большевиков,296964337,Рябовское шоссе 21,30.499565,59.96475
3771,2,5,4,49.4,8500000,Фрунзенский, Белы Куна,13К3,Международная,290187061,Белы Куна 13К3,30.388012,59.872629
3772,2,5,4,58.8,8500000,Кировский,Трамвайный проспект,19К1,Ленинский проспект,277448374,Трамвайный проспект 19К1,30.270324,59.854079
3773,2,9,4,62.4,8600000,Невский,Народная ,16,Ломоносовская,299248261,Народная 16,30.464539,59.881006
3774,5,5,4,59.1,8599999,Кировский, Лени Голикова,8,,297174800,Лени Голикова 8,30.231903,59.847101
3775,1,9,4,73.5,8600000,Выборгский, Сантьяго-де-Куба,6К2,Озерки,299088500,Сантьяго-де-Куба 6К2,30.352106,60.034722
3776,7,9,4,71.5,8700000,Колпинский,Заводской проспект,16к2,Шушары,297644944,Заводской проспект 16к2,30.563381,59.735292
3777,8,9,4,91.9,8800000,Колпинский,Загородная ,62,Рыбацкое,293917297,Загородная 62,30.592396,59.775816
3778,3,9,4,78.4,8900000,Колпинский,Пролетарская ,54,,257121919,Пролетарская 54,30.571106,59.741486
3779,4,5,4,59.3,9000000,Кировский,Ленинский проспект,125К5,Ленинский проспект,298273636,Ленинский проспект 125К5,30.264278,59.849596
3780,1,9,4,72.7,9000000,Красногвардейский,проспект Наставников,5К3,Ладожская,298421261,проспект Наставников 5К3,30.492639,59.938063
3781,2,2,4,81.6,9000000,Петродворцовый,Суворовская ,5к4,,299067734,Суворовская 5к4,29.860952,59.884203
3782,1,9,4,76.0,9000000,Невский,проспект Солидарности,8К5,Проспект Большевиков,294769303,проспект Солидарности 8К5,30.494696,59.924113
3783,1,9,4,76.0,9000000,Красногвардейский,Хасанская ,8К1,Улица Дыбенко,293278575,Хасанская 8К1,30.481877,59.937725
3784,1,9,4,72.2,9150000,Красногвардейский,проспект Энтузиастов,51К3,Ладожская,286798549,проспект Энтузиастов 51К3,30.495693,59.951141
3785,1,9,4,74.2,9150000,Фрунзенский,Бухарестская ,33К5,Международная,299065435,Бухарестская 33К5,30.381445,59.864363
3786,6,6,4,74.8,9400000,Пушкинский,Ленсоветовский тер.,15,Шушары,293891803,Ленсоветовский тер. 15,30.46904,59.760706
3787,3,5,4,60.3,9450000,Фрунзенский,проспект Славы,30К4,Проспект Славы,297753632,проспект Славы 30К4,30.385631,59.860075
3788,1,12,4,84.0,9499999,Красносельский, Пионерстроя,15К3,Ленинский проспект,296635295,Пионерстроя 15К3,30.125838,59.843512
3789,7,9,4,97.4,9500000,Красносельский,Красногородская ,19к1,Проспект Ветеранов,296875717,Красногородская 19к1,30.073718,59.7175
3790,4,5,4,59.3,9500000,Кировский, Лени Голикова,38,Проспект Ветеранов,299415034,Лени Голикова 38,30.236655,59.844547
3791,2,9,4,73.3,9500000,Калининский,Тихорецкий проспект,35,Политехническая,296413092,Тихорецкий проспект 35,30.36709,60.027615
3792,4,14,4,78.0,9500000,Красногвардейский, Передовиков,29К1,,296067627,Передовиков 29К1,30.461656,59.950339
3793,5,8,-1,107.0,9600000,Петроградский,Каменноостровский проспект,65,Петроградская,298902647,Каменноостровский проспект 65,30.30552,59.973563
3794,6,9,4,74.5,9700000,Невский,проспект Солидарности,9К2,Проспект Большевиков,291596837,проспект Солидарности 9К2,30.487231,59.921164
3795,1,4,4,91.3,9700000,Колпинский,Пролетарская ,103,Рыбацкое,296781861,Пролетарская 103,30.570352,59.743486
3796,8,10,4,87.5,9800000,Красногвардейский,Рябовское шоссе,121К2,Проспект Большевиков,298137930,Рябовское шоссе 121К2,30.521457,59.985822
3797,9,9,4,64.4,9800000,Фрунзенский,Софийская ,55,Международная,288769847,Софийская 55,30.4102,59.868487
3798,1,10,4,80.8,9800000,Кировский, Козлова,15К2,Ленинский проспект,282490691,Козлова 15К2,30.216505,59.839353
3799,3,5,4,59.5,9800000,Фрунзенский,проспект Славы,39,Проспект Славы,298482902,проспект Славы 39,30.389907,59.856619
3800,4,5,4,85.6,9990000,Невский,2-й Рабфаковский переулок,1К1,Пролетарская,292909091,2-й Рабфаковский переулок 1К1,30.469336,59.856167
3801,1,9,4,73.6,9990000,Красногвардейский, Коммуны,44к2,Ладожская,298008542,Коммуны 44к2,30.493321,59.954912
3802,4,9,4,73.0,10000000,Приморский, Маршала Новикова,5,Комендантский проспект,291837339,Маршала Новикова 5,30.270332,60.010555
3803,1,14,4,75.0,10000000,Красногвардейский, Коммуны,40,Новочеркасская,297219099,Коммуны 40,30.496088,59.954056
3804,1,5,4,90.0,10200000,Московский,Витебский проспект,23К4,Парк Победы,299081559,Витебский проспект 23К4,30.354424,59.862723
3805,7,9,4,72.0,10200000,Выборгский,Суздальский проспект,5К1,Озерки,284066987,Суздальский проспект 5К1,30.306436,60.066756
3806,1,9,4,75.7,10165000,Выборгский,проспект Художников,43/14,Проспект Просвещения,297735340,проспект Художников 43/14,30.358852,60.053516
3807,1,9,4,75.7,10250000,Выборгский,проспект Художников,43/14,Проспект Просвещения,298978975,проспект Художников 43/14,30.358852,60.053516
3808,5,9,4,73.3,10250000,Выборгский,Суздальский проспект,9,Парнас,298220272,Суздальский проспект 9,30.310505,60.066221
3809,7,9,4,73.2,10300000,Красногвардейский,проспект Косыгина,31к3Б,Улица Дыбенко,296684596,проспект Косыгина 31к3Б,30.497058,59.9428
3810,12,14,4,74.6,10299999,Выборгский, Композиторов,19,Проспект Просвещения,298753013,Композиторов 19,30.315518,60.055803
3811,2,9,4,73.6,10250000,Калининский,Светлановский проспект,79,Политехническая,299037894,Светлановский проспект 79,30.380466,60.023614
3812,1,10,4,86.8,10400000,Красносельский, Коммунаров,124,Проспект Ветеранов,296204857,Коммунаров 124,30.152195,59.789031
3813,8,10,4,86.4,10399999,Красносельский,Кингисеппское шоссе,12к1,Проспект Ветеранов,298936830,Кингисеппское шоссе 12к1,30.071293,59.722055
3814,7,9,4,74.1,10480000,Выборгский,Северный проспект,16К1,Озерки,297008748,Северный проспект 16К1,30.340689,60.031791
3815,7,9,4,75.0,10500000,Выборгский,проспект Энгельса,127,Проспект Просвещения,274930725,проспект Энгельса 127,30.331202,60.046158
3816,9,9,4,74.2,10450000,Выборгский,проспект Просвещения,46К2,Проспект Просвещения,284437836,проспект Просвещения 46К2,30.351729,60.050709
3817,5,5,4,48.6,10500000,Кировский,бульвар Новаторов,20,Ленинский проспект,299528934,бульвар Новаторов 20,30.273351,59.848909
3818,6,10,4,73.4,10500000,Фрунзенский, Турку,22К1,Международная,298020726,Турку 22К1,30.400319,59.868988
3819,3,6,-1,96.0,10500000,Невский, Бабушкина,73,Ломоносовская,296710067,Бабушкина 73,30.443591,59.876355
3820,3,9,4,64.0,10590000,Фрунзенский, Белы Куна,2К1,Международная,296506914,Белы Куна 2К1,30.374124,59.869562
3821,1,9,4,78.51,10600000,Фрунзенский,Софийская ,29К1,Международная,287480576,Софийская 29К1,30.394354,59.879231
3822,3,9,4,74.0,10700000,Выборгский,Учебный переулок,12К2,Озерки,271567769,Учебный переулок 12К2,30.343428,60.038501
3823,1,9,4,88.6,10700000,Колпинский,Раумская ,15,Шушары,295338510,Раумская 15,30.589082,59.737137
3824,9,14,4,75.0,10700000,Красносельский,проспект Ветеранов,142,Ленинский проспект,291384037,проспект Ветеранов 142,30.166891,59.832548
3825,6,14,4,74.0,10800000,Выборгский, Композиторов,15,Проспект Просвещения,297792180,Композиторов 15,30.3162,60.054743
3826,1,9,4,78.1,10999999,Выборгский,проспект Художников,27К1,Проспект Просвещения,299651385,проспект Художников 27К1,30.351298,60.043309
3827,3,6,4,75.5,10980000,Адмиралтейский,Старо-Петергофский проспект,37,Нарвская,294792727,Старо-Петергофский проспект 37,30.276639,59.903241
3828,10,14,4,74.8,10999000,Невский,Шлиссельбургский проспект,45,Рыбацкое,299658655,Шлиссельбургский проспект 45,30.515016,59.832294
3829,5,9,4,73.3,10990000,Красногвардейский, Коммуны,28к2,Улица Дыбенко,299253437,Коммуны 28к2,30.5004,59.947946
3830,6,9,4,75.1,11000000,Невский, Коллонтай,21К2,Проспект Большевиков,298165378,Коллонтай 21К2,30.466803,59.917231
3831,5,11,4,73.1,11000000,Московский,Дунайский проспект,26/77,Звездная,298481837,Дунайский проспект 26/77,30.359266,59.832634
3832,6,9,4,76.7,11000000,Выборгский,проспект Художников,31К1,Проспект Просвещения,292847240,проспект Художников 31К1,30.352897,60.046252
3833,4,10,4,72.2,11000000,Московский,Дунайский проспект,5,Звездная,284763025,Дунайский проспект 5,30.327923,59.82973
3834,5,9,4,77.2,11090000,Невский, Дыбенко,11К1,Улица Дыбенко,298035698,Дыбенко 11К1,30.462841,59.900462
3835,8,9,4,76.4,11100000,Фрунзенский, Белы Куна,7К1,Международная,299397242,Белы Куна 7К1,30.383655,59.872042
3836,8,9,4,77.5,11200000,Невский, Дыбенко,36К1,Улица Дыбенко,298840190,Дыбенко 36К1,30.49572,59.910541
3837,3,9,4,72.9,11300000,Невский, Подвойского,42,Улица Дыбенко,289318628,Подвойского 42,30.493393,59.917678
3838,7,7,4,74.0,11300000,Адмиралтейский,Бронницкая ,37,Фрунзенская,287617975,Бронницкая 37,30.325552,59.911268
3839,1,10,4,89.2,11500000,Красносельский, Маршала Казакова,38К1,Автово,297812159,Маршала Казакова 38К1,30.211143,59.859393
3840,8,10,4,73.4,11500000,Приморский,Планерная ,23К2,Комендантский проспект,297583927,Планерная 23К2,30.238047,60.005099
3841,6,25,4,108.0,11500000,Пушкинский,проспект Новгородский,4,Купчино,294995837,проспект Новгородский 4,30.367656,59.811242
3842,8,9,4,74.0,11500000,Выборгский,Учебный переулок,12К2,Озерки,297813093,Учебный переулок 12К2,30.343428,60.038501
3843,9,9,4,73.0,11500000,Выборгский,Поэтический бульвар,5,Проспект Просвещения,295902355,Поэтический бульвар 5,30.345917,60.043822
3844,5,9,4,79.7,11500000,Невский,проспект Солидарности,9К1,Проспект Большевиков,279396389,проспект Солидарности 9К1,30.490087,59.921033
3845,5,7,4,73.0,11500000,Кронштадтский,Посадская ,1/82,,296476976,Посадская 1/82,29.765946,60.001631
3846,24,27,4,90.7,11650000,Выборгский, Архитектора Белова,6к3,Парнас,272854337,Архитектора Белова 6к3,30.321366,60.070765
3847,9,9,4,73.4,11750000,Фрунзенский,Купчинская ,20К4,Дунайская,298428387,Купчинская 20К4,30.39483,59.835632
3848,3,14,4,82.7,11890000,Петродворцовый,Ботаническая ,18к4,,299615243,Ботаническая 18к4,29.853388,59.869892
3849,2,11,4,93.9,11990000,Пушкинский,Московское шоссе,262к3,Купчино,297724090,Московское шоссе 262к3,30.475957,59.754379
3850,12,14,4,74.1,11999998,Невский,Шлиссельбургский проспект,41,Рыбацкое,291459291,Шлиссельбургский проспект 41,30.512725,59.833063
3851,9,10,4,88.0,11900000,Колпинский,Тверская ,33,Шушары,273336479,Тверская 33,30.38856,59.946626
3852,2,9,4,73.4,11900000,Выборгский, Сантьяго-де-Куба,8К1,Озерки,280011824,Сантьяго-де-Куба 8К1,30.354235,60.035782
3853,7,18,4,92.9,12000000,Красногвардейский,проспект Маршака,4,Девяткино,298754322,проспект Маршака 4,30.446277,60.035432
3854,6,6,4,59.7,12000000,Петроградский,Большая Монетная ,7,Горьковская,290704157,Большая Монетная 7,30.313964,59.960476
3855,4,7,4,98.4,12000000,Василеостровский,10-я Васильевского острова линия,15Б,Василеостровская,295908567,10-я Васильевского острова линия 15Б,30.276163,59.939758
3856,1,10,4,90.0,12000000,Приморский,Долгоозерная ,7,Комендантский проспект,297737043,Долгоозерная 7,30.243814,60.014697
3857,2,14,4,74.2,12000000,Красносельский,Ленинский проспект,96К3,Автово,290717286,Ленинский проспект 96К3,30.21806,59.856519
3858,6,14,4,74.6,12000000,Красногвардейский, Передовиков,37,Новочеркасская,296908142,Передовиков 37,30.461386,59.953705
3859,6,7,4,90.2,12299999,Василеостровский,18-я Васильевского острова линия,23,Василеостровская,298379593,18-я Васильевского острова линия 23,30.266829,59.936228
3860,5,5,4,69.2,12300000,Центральный,8-я Советская ,34,Площадь Восстания,293912994,8-я Советская 34,30.376864,59.935836
3861,9,10,4,87.7,12250000,Приморский,Планерная ,77,Комендантский проспект,294602178,Планерная 77,30.212508,60.026676
3862,2,5,4,108.8,12498000,Невский, Седова,19,Елизаровская,296934817,Седова 19,30.413928,59.893082
3863,12,14,4,75.0,12500000,Невский,Шлиссельбургский проспект,45,Рыбацкое,298978939,Шлиссельбургский проспект 45,30.515016,59.832294
3864,6,7,4,92.0,12500000,Василеостровский,18-я Васильевского острова линия,23,Василеостровская,297841334,18-я Васильевского острова линия 23,30.266829,59.936228
3865,14,14,4,71.3,12500000,Красносельский,2-я Комсомольская ,42,Проспект Ветеранов,288004038,2-я Комсомольская 42,30.144676,59.829929
3866,3,4,4,97.8,12500000,Колпинский,проспект Ленина,17/10,Шушары,286120274,проспект Ленина 17/10,30.086088,59.829703
3867,9,18,4,69.9,12500000,Красносельский,2-я Комсомольская ,40к3,Проспект Ветеранов,295261064,2-я Комсомольская 40к3,30.144685,59.830685
3868,1,9,4,80.7,12500000,Фрунзенский,Загребский бульвар,31/5,Дунайская,268660441,Загребский бульвар 31/5,30.410038,59.834632
3869,6,10,4,100.9,12699000,Выборгский,Приозерское шоссе,16к4,Проспект Просвещения,285032535,Приозерское шоссе 16к4,30.258556,60.108303
3870,3,14,4,75.0,12690000,Невский, Латышских Стрелков,5К2,Проспект Большевиков,296215933,Латышских Стрелков 5К2,30.469776,59.928771
3871,5,5,4,83.0,12800000,Центральный,Гончарная ,11а,Площадь Восстания,272505309,Гончарная 11а,30.364638,59.929177
3872,2,9,4,74.1,12900000,Выборгский,Придорожная аллея,3К1,Проспект Просвещения,296636529,Придорожная аллея 3К1,30.345198,60.058466
3873,4,4,4,81.5,12900000,Пушкинский, Красной Звезды,24,,298927596,Красной Звезды 24,30.405331,59.708219
3874,7,18,4,93.3,12990000,Красногвардейский,проспект Маршака,4,Девяткино,298883102,проспект Маршака 4,30.446277,60.035432
3875,3,4,4,80.0,12950000,Центральный,набережная Обводного Канала,57,Обводный канал,296134088,набережная Обводного Канала 57,30.357622,59.914768
3876,10,18,4,95.5,12900000,Красногвардейский, Даниила Хармса,6,Гражданский проспект,290521422,Даниила Хармса 6,30.450058,60.034614
3877,9,9,4,82.1,12990000,Красносельский, Партизана Германа,12,Ленинский проспект,289696749,Партизана Германа 12,30.176746,59.836242
3878,6,9,4,89.3,12900000,Красносельский,Петергофское шоссе,84к15,,293510459,Петергофское шоссе 84к15,30.109875,59.847571
3879,7,9,4,77.7,13000000,Калининский, Софьи Ковалевской,18,Академическая,294467371,Софьи Ковалевской 18,30.414404,60.017499
3880,1,10,4,73.3,13000000,Калининский, Академика Байкова,9,Политехническая,298411709,Академика Байкова 9,30.372624,60.027512
3881,2,3,4,110.0,13000000,Красносельский,Стрельнинское шоссе,37,Ленинский проспект,294476079,Стрельнинское шоссе 37,30.092098,59.747693
3882,5,5,-1,100.0,13000000,Василеостровский,16-я Васильевского острова линия,25Б,Василеостровская,296309998,16-я Васильевского острова линия 25Б,30.269255,59.937752
3883,9,10,4,78.2,13200000,Выборгский,проспект Просвещения,41,Проспект Просвещения,296750717,проспект Просвещения 41,30.359526,60.04725
3884,4,9,4,82.6,13300000,Красносельский, Партизана Германа,12,Проспект Ветеранов,299151980,Партизана Германа 12,30.176746,59.836242
3885,5,7,4,76.8,13500000,Адмиралтейский,Большой Казачий переулок,9,Сенная площадь,298760830,Большой Казачий переулок 9,30.326863,59.92336
3886,1,9,4,77.7,13500000,Невский, Антонова-Овсеенко,25К1,Улица Дыбенко,294850376,Антонова-Овсеенко 25К1,30.476613,59.910153
3887,1,10,4,88.0,13500000,Приморский,Планерная ,67К1,Комендантский проспект,296396297,Планерная 67К1,30.219703,60.024387
3888,6,6,4,89.0,13500000,Адмиралтейский,Угловой переулок,7,Фрунзенская,286418259,Угловой переулок 7,30.316452,59.909815
3889,6,6,4,86.2,13500000,Петроградский,Чкаловский проспект,60,Петроградская,292044105,Чкаловский проспект 60,30.302663,59.968633
3890,6,9,4,94.0,13500000,Выборгский,проспект Энгельса,135,Проспект Просвещения,295693901,проспект Энгельса 135,30.334975,60.049631
3891,2,7,4,86.0,13500000,Петроградский, Всеволода Вишневского,14,Петроградская,295403571,Всеволода Вишневского 14,30.299393,59.968385
3892,4,6,4,81.4,13600000,Адмиралтейский,Курляндская ,8,Балтийская,297272136,Курляндская 8,30.289287,59.911895
3893,4,7,4,104.3,13600000,Кировский,Кронштадтская ,20,Автово,299414215,Кронштадтская 20,30.257532,59.869146
3894,8,9,4,73.0,13650000,Приморский, Маршала Новикова,5,Комендантский проспект,297810890,Маршала Новикова 5,30.270332,60.010555
3895,2,9,4,81.1,13760000,Василеостровский,Наличная ,36К5,Приморская,293804428,Наличная 36К5,30.222605,59.946297
3896,3,6,4,65.1,13700000,Петроградский,Лахтинская ,9,Чкаловская,296507530,Лахтинская 9,30.301288,59.962534
3897,1,8,4,83.4,13700000,Московский,проспект Юрия Гагарина,27,Московская,298974003,проспект Юрия Гагарина 27,30.335155,59.859321
3898,7,8,4,79.8,13700000,Центральный, Марата,36-38,Владимирская,280312705,Марата 36-38,30.352367,59.925714
3899,4,5,4,75.6,13700000,Московский,Московский проспект,127,Московские ворота,287648077,Московский проспект 127,30.319012,59.886257
3900,5,6,4,73.4,13800000,Центральный,Социалистическая ,3,Звенигородская,293402580,Социалистическая 3,30.339494,59.924046
3901,2,10,4,81.0,13900000,Василеостровский,Наличная ,36К5,Приморская,270414233,Наличная 36К5,30.222605,59.946297
3902,13,16,4,93.3,13800000,Красногвардейский,Полюстрово,68к2,Девяткино,280400916,Полюстрово 68к2,30.40234,59.973131
3903,4,12,4,95.3,14000000,Невский,Рыбацкий проспект,49К2,Рыбацкое,293909511,Рыбацкий проспект 49К2,30.514665,59.836147
3904,2,4,4,77.3,14000000,Курортный, Первого Мая,2,,296401032,Первого Мая 2,30.259256,60.079424
3905,4,5,4,98.0,13950000,Василеостровский,10-я Васильевского острова линия,15,Василеостровская,293820522,10-я Васильевского острова линия 15,30.276567,59.939478
3906,2,3,4,85.3,14000000,Кировский,Дачный проспект,23К4,Проспект Ветеранов,298474321,Дачный проспект 23К4,30.256867,59.838475
3907,2,4,4,77.2,14000000,Центральный,Лиговский проспект,48В,Лиговский проспект,296012240,Лиговский проспект 48В,30.358844,59.925335
3908,8,9,4,74.8,14000000,Фрунзенский, Турку,22К1,Международная,295379200,Турку 22К1,30.400319,59.868988
3909,1,10,4,75.9,13995000,Калининский,Тимуровская ,30К1,Гражданский проспект,298841650,Тимуровская 30К1,30.412365,60.042527
3910,3,10,4,86.1,14000000,Приморский, Шаврова,5к2В,Комендантский проспект,299226175,Шаврова 5к2В,30.228974,60.020831
3911,3,6,4,112.0,14000000,Пушкинский, Галицкая,6к5,Шушары,284696221,Галицкая 6к5,30.458377,59.730824
3912,3,4,4,85.0,14200000,Кронштадтский, Карла Маркса,21,,295749351,Карла Маркса 21,30.077285,59.823489
3913,5,7,4,89.4,14100000,Адмиралтейский,Старо-Петергофский проспект,37,Нарвская,298763371,Старо-Петергофский проспект 37,30.276639,59.903241
3914,5,5,4,93.1,14350000,Петроградский,Большая Пушкарская ,29,Петроградская,295413930,Большая Пушкарская 29,30.306606,59.960323
3915,8,18,4,93.7,14290000,Красногвардейский, Даниила Хармса,4,,297842223,Даниила Хармса 4,30.448271,60.034353
3916,3,5,4,99.8,14499000,Фрунзенский,Лиговский проспект,237,Обводный канал,298891112,Лиговский проспект 237,30.346007,59.908931
3917,2,5,4,75.2,14400000,Центральный, Марата,70а-70б,Звенигородская,297085431,Марата 70а-70б,30.343779,59.920708
3918,1,3,4,84.5,14400000,Василеостровский,1-я Васильевского острова линия,32,Спортивная,295048648,1-я Васильевского острова линия 32,30.287948,59.943453
3919,1,17,4,85.3,14500000,Приморский, Савушкина,130К2,Беговая,288049823,Савушкина 130К2,30.197407,59.987258
3920,2,12,4,95.6,14500000,Невский,Шлиссельбургский проспект,14К1,Рыбацкое,299239207,Шлиссельбургский проспект 14К1,30.498208,59.839583
3921,5,5,4,119.0,14500000,Центральный, Марата,77,Звенигородская,289697027,Марата 77,30.341174,59.920501
3922,1,9,4,78.9,14499000,Выборгский, Кустодиева,20К1,Проспект Просвещения,299281649,Кустодиева 20К1,30.362365,60.04964
3923,1,10,4,78.9,14499000,Выборгский, Кустодиева,20К1,Проспект Просвещения,296558493,Кустодиева 20К1,30.362365,60.04964
3924,4,7,4,88.0,14799000,Московский,Смоленская ,1Д,Фрунзенская,294846761,Смоленская 1Д,30.320171,59.903733
3925,9,10,4,87.4,14700000,Невский,Искровский проспект,2,Проспект Большевиков,293983197,Искровский проспект 2,30.458341,59.916275
3926,5,12,4,94.0,14700000,Приморский,Приморский проспект,141К2,Беговая,289424733,Приморский проспект 141К2,30.210136,59.984472
3927,5,6,4,111.0,14900000,Кировский, Трефолева,3,Нарвская,278633025,Трефолева 3,30.276809,59.890184
3928,2,7,4,94.4,14850000,Адмиралтейский,Курляндская ,6-8,Балтийская,278019630,Курляндская 6-8,30.290661,59.911935
3929,7,18,4,107.2,14900000,Московский,5-й Предпортовый проезд,12к1,,285533494,5-й Предпортовый проезд 12к1,30.312329,59.833072
3930,2,5,4,80.0,15000000,Центральный,Волоколамский переулок,3,Площадь Восстания,257586529,Волоколамский переулок 3,30.349851,59.920059
3931,1,5,4,90.5,15000000,Московский,проспект Космонавтов,20К2,Московская,296781828,проспект Космонавтов 20К2,30.350292,59.862289
3932,5,5,4,116.0,15000000,Центральный,Суворовский проспект,47,Площадь Восстания,299028250,Суворовский проспект 47,30.377933,59.939712
3933,3,5,4,99.8,15000000,Фрунзенский,Лиговский проспект,237,Обводный канал,295712516,Лиговский проспект 237,30.346007,59.908931
3934,5,7,4,74.7,15000000,Василеостровский, Опочинина,17,Василеостровская,299527203,Опочинина 17,30.239772,59.930106
3935,5,6,-1,136.3,15000000,Петроградский,Малая Посадская ,15,Горьковская,298519197,Малая Посадская 15,30.328436,59.957638
3936,1,12,4,93.9,15200000,Приморский,Приморский проспект,141К2,Беговая,284400404,Приморский проспект 141К2,30.210136,59.984472
3937,2,16,4,119.8,15100000,Красногвардейский,проспект Ударников,22К1,Улица Дыбенко,299132105,проспект Ударников 22К1,30.466722,59.950393
3938,19,20,4,99.8,15250000,Красносельский, Маршала Казакова,68к1,,284307059,Маршала Казакова 68к1,30.179037,59.865822
3939,6,17,4,95.5,15300000,Красногвардейский,Ковалевская ,20к3,Ладожская,296050282,Ковалевская 20к3,30.507946,59.979561
3940,1,9,4,110.0,15499000,Красносельский, Маршала Захарова,18к2,Автово,297011976,Маршала Захарова 18к2,30.170557,59.859497
3941,5,14,4,104.9,15500000,Выборгский, Тихоокеанская,14к2,Проспект Просвещения,299577737,Тихоокеанская 14к2,30.2374,60.06923
3942,3,6,4,79.8,15499999,Петроградский,Съезжинская ,24Б,Спортивная,298419597,Съезжинская 24Б,30.300902,59.954592
3943,2,5,4,75.9,15560000,Петроградский,Каменноостровский проспект,6Г,Горьковская,299192495,Каменноостровский проспект 6Г,30.31788,59.957498
3944,2,6,4,99.6,15500000,Центральный, Марата,57,Лиговский проспект,298086249,Марата 57,30.347399,59.922242
3945,3,12,4,96.2,15500000,Приморский,проспект Королева,34К1,Комендантский проспект,298731698,проспект Королева 34К1,30.258996,60.01485
3946,1,6,4,73.4,15500000,Адмиралтейский,переулок Бойцова,4В,Садовая,291695499,переулок Бойцова 4В,30.311107,59.922287
3947,3,4,4,74.3,15500000,Василеостровский,1-я Васильевского острова линия,22,Спортивная,297032492,1-я Васильевского острова линия 22,30.289134,59.94234
3948,1,5,4,84.2,15500000,Центральный,Кирилловская ,6,Площадь Александра Невского,288539575,Кирилловская 6,30.380125,59.933541
3949,3,6,4,85.0,15700000,Центральный,Пушкинская ,11,Маяковская,299659722,Пушкинская 11,30.3564,59.929136
3950,3,3,4,99.1,15690000,Красногвардейский,Среднеохтинский проспект,23,Новочеркасская,294571475,Среднеохтинский проспект 23,30.415482,59.95275
3951,2,5,4,72.1,15600000,Московский,Московский проспект,127литЗ,Московские ворота,297430693,Московский проспект 127литЗ,30.31841,59.886149
3952,5,14,4,91.0,15600000,Василеостровский, Кораблестроителей,46к1В,Приморская,286812768,Кораблестроителей 46к1В,30.234076,59.956958
3953,4,5,4,100.6,15700000,Центральный,Невский проспект,154,Площадь Александра Невского,284800963,Невский проспект 154,30.374339,59.92786
3954,4,6,4,101.2,15790000,Адмиралтейский,Серпуховская ,48,Технологический институт,274403633,Серпуховская 48,30.327295,59.911976
3955,9,16,4,86.0,15850000,Калининский, Карпинского,33к1,Академическая,295390244,Карпинского 33к1,30.431526,60.012291
3956,1,12,4,88.0,15850000,Приморский,Камышовая ,42К1,Комендантский проспект,290512157,Камышовая 42К1,30.217682,60.009273
3957,2,5,4,89.1,16000000,Курортный,Комсомольская ,10,Беговая,299172974,Комсомольская 10,30.144209,59.841785
3958,12,19,4,108.0,15900000,Московский,5-й Предпортовый проезд,12к1,Звездная,280450416,5-й Предпортовый проезд 12к1,30.312329,59.833072
3959,4,6,4,95.7,16000000,Калининский,Кондратьевский проспект,42,Выборгская,299525260,Кондратьевский проспект 42,30.385299,59.970564
3960,5,5,4,95.0,15990000,Петроградский, Воскова,8/5,Горьковская,297103767,Воскова 8/5,30.304972,59.957836
3961,3,6,4,111.6,16000000,Петроградский, Подрезова,26бБ,Чкаловская,287170967,Подрезова 26бБ,30.299591,59.965665
3962,3,4,4,95.9,16000000,Фрунзенский,Лиговский проспект,247,Обводный канал,297754146,Лиговский проспект 247,30.345764,59.908561
3963,3,4,4,96.0,16000000,Фрунзенский,Лиговский проспект,247,Обводный канал,297681677,Лиговский проспект 247,30.345764,59.908561
3964,4,7,4,109.5,15970000,Адмиралтейский,Подольская ,38,Технологический институт,283478570,Подольская 38,30.326962,59.913835
3965,4,4,4,81.2,16000000,Петроградский,Мончегорская ,10б,Чкаловская,274206709,Мончегорская 10б,30.294003,59.957678
3966,4,12,4,95.8,15990000,Невский,Рыбацкий проспект,49К2,Рыбацкое,274312879,Рыбацкий проспект 49К2,30.514665,59.836147
3967,5,9,4,96.0,16000000,Калининский, Руставели,58К1,Гражданский проспект,295193231,Руставели 58К1,30.430861,60.035522
3968,3,4,4,74.5,16000000,Петроградский, Полозова,21,Чкаловская,292945920,Полозова 21,30.300588,59.964579
3969,1,12,4,95.3,16300000,Невский,Рыбацкий проспект,47,Рыбацкое,299121011,Рыбацкий проспект 47,30.51489,59.837038
3970,5,6,4,85.9,16200000,Петроградский,Большая Монетная ,22,Петроградская,298401527,Большая Монетная 22,30.323504,59.962931
3971,4,6,4,81.0,16350000,Московский,Смоленская ,1Д,Московские ворота,296476982,Смоленская 1Д,30.320171,59.903733
3972,2,5,4,100.6,16300000,Кировский,Оборонная ,14,Нарвская,286554052,Оборонная 14,30.264628,59.893556
3973,15,16,4,105.5,16250000,Невский,Союзный проспект,6к1,Проспект Большевиков,297942842,Союзный проспект 6к1,30.43997,59.917326
3974,3,5,4,90.1,16320000,Невский, Полярников,15,Ломоносовская,285791228,Полярников 15,30.435892,59.87747
3975,2,5,4,92.8,16500000,Красногвардейский,Среднеохтинский проспект,4,Новочеркасская,293864694,Среднеохтинский проспект 4,30.413847,59.947072
3976,7,10,4,74.6,16499999,Невский, Чудновского,8к4,Проспект Большевиков,298682144,Чудновского 8к4,30.480026,59.926215
3977,2,4,4,74.0,16500000,Василеостровский,18-я Васильевского острова линия,11,Василеостровская,293959533,18-я Васильевского острова линия 11,30.269668,59.933722
3978,9,19,4,113.4,16400000,Красносельский,Ленинский проспект,55к1,Ленинский проспект,294789025,Ленинский проспект 55к1,30.171608,59.862474
3979,5,5,4,98.0,16500000,Кировский,Огородный переулок,2,Кировский завод,298851117,Огородный переулок 2,30.269928,59.886862
3980,2,6,4,113.0,16500000,Адмиралтейский,Московский проспект,50,Технологический институт,290202231,Московский проспект 50,30.318788,59.910726
3981,5,6,4,80.6,16400000,Василеостровский,4-я Васильевского острова линия,39,Спортивная,296290803,4-я Васильевского острова линия 39,30.280151,59.945684
3982,4,8,4,90.0,16480000,Выборгский,Лесной проспект,61к1,Лесная,293102795,Лесной проспект 61к1,30.342997,59.984238
3983,3,7,4,84.3,16500000,Адмиралтейский,переулок Бойцова,4В,Садовая,284722578,переулок Бойцова 4В,30.311107,59.922287
3984,3,5,4,94.1,16500000,Выборгский,проспект Энгельса,70/1,Удельная,287616740,проспект Энгельса 70/1,30.320971,60.018668
3985,2,3,4,100.1,16500000,Адмиралтейский, Якубовича,14,Адмиралтейская,281166370,Якубовича 14,30.299528,59.932536
3986,2,4,4,83.0,16700000,Центральный,Полтавская ,14,Площадь Восстания,299015308,Полтавская 14,30.369884,59.927125
3987,7,7,4,84.2,16750000,Центральный,Мытнинская ,9,,294857663,Мытнинская 9,30.3776,59.93337
3988,1,5,4,100.5,16800000,Петроградский, Красного Курсанта,26,Чкаловская,296046319,Красного Курсанта 26,30.27972,59.959895
3989,2,6,4,89.9,16700000,Приморский,Белоостровская ,25,Черная речка,296487467,Белоостровская 25,30.316039,59.987551
3990,5,10,4,89.1,16700000,Приморский, Ильюшина,6,Комендантский проспект,297847251,Ильюшина 6,30.253372,60.007141
3991,2,4,4,76.5,16790000,Петроградский,Петровский проспект,3,Чкаловская,293216356,Петровский проспект 3,30.274833,59.959521
3992,2,4,4,83.0,16700000,Центральный,Полтавская ,14,Площадь Восстания,298510221,Полтавская 14,30.369884,59.927125
3993,2,6,4,98.1,16700000,Адмиралтейский,Старо-Петергофский проспект,37,Нарвская,295880561,Старо-Петергофский проспект 37,30.276639,59.903241
3994,1,5,4,100.0,16750000,Приморский,Торжковская ,2К3,Черная речка,291581258,Торжковская 2К3,30.304846,59.988568
3995,2,6,4,89.9,16900000,Приморский,Белоостровская ,25,Черная речка,296092909,Белоостровская 25,30.316039,59.987551
3996,6,6,4,109.1,16950000,Центральный, Константина Заслонова,9/4Б,Лиговский проспект,297038579,Константина Заслонова 9/4Б,30.350327,59.920524
3997,3,5,4,90.6,17000000,Центральный,Гончарная ,11а,Площадь Восстания,294231573,Гончарная 11а,30.364638,59.929177
3998,5,6,4,88.6,17000000,Василеостровский,7-я Васильевского острова линия,26,Василеостровская,267986618,7-я Васильевского острова линия 26,30.281732,59.940001
3999,4,6,4,90.4,17000000,Петроградский,Большая Посадская ,9/5Б,Горьковская,279178028,Большая Посадская 9/5Б,30.328094,59.959039
4000,2,5,4,121.0,17300000,Центральный, Рылеева,21,Чернышевская,292278052,Рылеева 21,30.357766,59.942286
4001,9,12,4,81.7,17300000,Василеостровский, Кораблестроителей,29К2,Приморская,295933676,Кораблестроителей 29К2,30.220997,59.952349
4002,4,4,4,146.0,17250000,Адмиралтейский,проспект Римского-Корсакова,97,Балтийская,292540314,проспект Римского-Корсакова 97,30.282478,59.919139
4003,9,25,4,105.1,17343000,Выборгский, Руднева,14к2,Проспект Просвещения,265838007,Руднева 14к2,30.361413,60.042586
4004,2,5,4,112.9,17500000,Колпинский, Анисимова,5к2,Шушары,281042676,Анисимова 5к2,30.605494,59.733886
4005,4,4,3,78.0,16800000,Приморский, Савушкина,15,Черная речка,287362808,Савушкина 15,30.291272,59.985827
4006,4,5,4,81.4,17950000,Центральный,проспект Чернышевского,10,Площадь Ленина,298457200,проспект Чернышевского 10,30.359724,59.947347
4007,4,8,3,67.9,16300000,Центральный,7-я Советская ,6,Площадь Восстания,299083057,7-я Советская 6,30.370558,59.936868
4008,2,8,1,32.9,5990000,Василеостровский,11-я Васильевского острова линия,20,Василеостровская,277896720,11-я Васильевского острова линия 20,30.276163,59.939027
4009,5,5,1,32.1,6965700,Василеостровский,4-я Васильевского острова линия,51,Спортивная,297045565,4-я Васильевского острова линия 51,30.277923,59.947068
4010,13,14,1,25.85,9939999,Красногвардейский,проспект Энергетиков,2,,279352025,проспект Энергетиков 2,30.434311,59.931134
4011,4,5,-1,20.9,7294933,Василеостровский,7-я Васильевского острова линия,62к2,Василеостровская,295938212,7-я Васильевского острова линия 62к2,30.275992,59.94431
4012,5,5,1,20.0,5825500,Василеостровский,4-я Васильевского острова линия,51,Спортивная,297045544,4-я Васильевского острова линия 51,30.277923,59.947068
4013,1,5,-1,25.3,7099344,Василеостровский,7-я Васильевского острова линия,62к2,Василеостровская,293687544,7-я Васильевского острова линия 62к2,30.275992,59.94431
4014,9,18,-1,35.58,9318402,Фрунзенский, Салова,61,Бухарестская,290539872,Салова 61,30.368563,59.885142
4015,3,9,1,23.71,8909999,Адмиралтейский, Шкапина,43-45,Балтийская,299481346,Шкапина 43-45,30.288622,59.903823
4016,9,18,-1,35.38,9234180,Фрунзенский, Салова,61,Бухарестская,296846414,Салова 61,30.368563,59.885142
4017,5,12,-1,22.8,8525376,Курортный,Приморское шоссе,570Л,,289388363,Приморское шоссе 570Л,29.662541,60.191798
4018,2,6,-1,23.7,5273365,Фрунзенский,Прилукская ,35,Обводный канал,299506288,Прилукская 35,30.353705,59.908493
4019,2,9,1,18.62,4973572,Красносельский, Тамбасова,5,Проспект Ветеранов,295859159,Тамбасова 5,30.154432,59.841401
4020,2,19,1,25.1,8400000,Приморский,переулок Ипподромный,1к2,Пионерская,293135775,переулок Ипподромный 1к2,30.307298,60.000294
4021,7,16,-1,24.4,8500000,Московский,Московский проспект,103к6Й,Московские ворота,297692860,Московский проспект 103к6Й,30.313613,59.890528
4022,8,18,-1,39.49,9880398,Фрунзенский, Салова,61,Бухарестская,290539857,Салова 61,30.368563,59.885142
4023,8,18,-1,40.86,10076076,Фрунзенский, Салова,61,Бухарестская,296846408,Салова 61,30.368563,59.885142
4024,6,8,1,28.1,10500000,Выборгский, Александра Матросова,3,Лесная,293955405,Александра Матросова 3,30.335182,59.978255
4025,3,4,1,28.98,4745000,Центральный,Разъезжая ,36,Лиговский проспект,299521411,Разъезжая 36,30.351073,59.922607
4026,3,23,1,25.09,5206765,Приморский, Ивинская,1к2,Зенит,298977395,Ивинская 1к2,30.135406,60.027862
4027,1,5,-1,18.7,3450000,Адмиралтейский,набережная Обводного Канала,142/16,Нарвская,299503783,набережная Обводного Канала 142/16,30.275938,59.908683
4028,12,27,1,20.12,5030000,Выборгский,Заречная ,54,Проспект Просвещения,297361025,Заречная 54,30.353579,60.083867
4029,3,5,1,26.68,7050000,Петроградский,проспект Малый Петроградской стороны,23,Чкаловская,288345392,проспект Малый Петроградской стороны 23,30.294246,59.95739
4030,1,7,1,24.8,5250184,Красносельский,проспект Буденного,21к1,Автово,298034331,проспект Буденного 21к1,30.092197,59.844615
4031,3,6,1,26.68,7040000,Петроградский,Мончегорская ,10,Чкаловская,296521881,Мончегорская 10,30.294479,59.957525
4032,2,4,1,30.0,7300000,Петроградский, Чапаева,11/4,Горьковская,287128743,Чапаева 11/4,30.331831,59.960201
4033,3,5,1,24.2,4994986,Пушкинский, Камероновская,20,,295183000,Камероновская 20,30.405583,59.695076
4034,4,21,1,28.1,6990000,Калининский,Пискарёвка,7к6,Лесная,297664728,Пискарёвка 7к6,30.418007,59.99062
4035,1,5,-1,32.0,8334033,Василеостровский,7-я Васильевского острова линия,62,Василеостровская,295363973,7-я Васильевского острова линия 62,30.276594,59.94453
4036,7,10,1,28.41,13753281,Приморский,Лисичанская ,22,Черная речка,297998447,Лисичанская 22,30.308116,59.986506
4037,6,14,1,26.0,8560000,Василеостровский,Уральская ,21,Василеостровская,299649242,Уральская 21,30.252896,59.955939
4038,3,11,-1,29.1,6690000,Московский,Детский переулок,2,Московские ворота,277270307,Детский переулок 2,30.31682,59.893768
4039,5,15,-1,21.57,5095891,Красногвардейский,проспект Энергетиков,6,Ладожская,298767309,проспект Энергетиков 6,30.434221,59.935926
4040,2,5,1,20.0,4100000,Василеостровский,15-я Васильевского острова линия,68,Василеостровская,297954435,15-я Васильевского острова линия 68,30.263433,59.944147
4041,5,10,1,26.6,9576000,Выборгский,Манчестерская ,5к1,Удельная,298355549,Манчестерская 5к1,30.335083,60.011441
4042,2,4,1,26.84,4950000,Адмиралтейский,набережная Крюкова Канала,8,Спасская,296321928,набережная Крюкова Канала 8,30.294991,59.926702
4043,4,9,1,23.0,9177000,Петроградский,Петровский проспект,9к2,Спортивная,294546137,Петровский проспект 9к2,30.266533,59.960994
4044,2,6,1,29.7,7500000,Петроградский,Введенская ,17,Горьковская,297264030,Введенская 17,30.304909,59.955642
4045,2,4,1,32.0,7600000,Петроградский, Чапаева,11/4,Горьковская,287171076,Чапаева 11/4,30.331831,59.960201
4046,2,4,1,20.0,4999000,Адмиралтейский,набережная Реки Фонтанки,93,Садовая,299646341,набережная Реки Фонтанки 93,30.322902,59.924163
4047,3,10,1,24.5,8000132,Выборгский,Светлановский проспект,12к1,Удельная,296659502,Светлановский проспект 12к1,30.342323,60.009197
4048,2,5,-1,31.9,14838358,Адмиралтейский,Гороховая ,47В,Сенная площадь,292492730,Гороховая 47В,30.322066,59.926805
4049,2,17,1,50.5,14150226,Невский,Фарфоровская ,7к2,Ломоносовская,296729906,Фарфоровская 7к2,30.429685,59.881358
4050,1,5,1,29.01,4990000,Адмиралтейский,набережная Реки Фонтанки,137,Технологический институт,299392821,набережная Реки Фонтанки 137,30.302995,59.918796
4051,1,5,1,20.81,3720000,Адмиралтейский,набережная Реки Фонтанки,137,Садовая,299180814,набережная Реки Фонтанки 137,30.302995,59.918796
4052,2,14,1,22.6,7192450,Фрунзенский,Волковское,1,Обводный канал,290735446,Волковское 1,30.366614,59.892067
4053,1,5,1,32.61,5390000,Адмиралтейский,набережная Реки Фонтанки,137,Садовая,299171718,набережная Реки Фонтанки 137,30.302995,59.918796
4054,2,14,1,20.0,6616320,Фрунзенский,Волковское,5,Обводный канал,293795738,Волковское 5,30.366614,59.892067
4055,2,5,1,26.33,4685000,Адмиралтейский,Лермонтовский проспект,23,Балтийская,293481854,Лермонтовский проспект 23,30.295243,59.919121
4056,2,4,1,28.48,5900215,Красносельский,проспект Буденного,15,Проспект Ветеранов,299312171,проспект Буденного 15,30.092682,59.838114
4057,2,5,1,18.73,3355000,Адмиралтейский,Лермонтовский проспект,23,Балтийская,298811369,Лермонтовский проспект 23,30.295243,59.919121
4058,5,6,1,28.8,7290000,Адмиралтейский,Загородный проспект,45,Пушкинская,296972364,Загородный проспект 45,30.329469,59.921637
4059,2,2,1,11.0,3690000,Адмиралтейский,Московский проспект,54,Фрунзенская,287446022,Московский проспект 54,30.318788,59.910167
4060,14,17,1,19.71,6218505,Василеостровский,Гавань,12,Горный институт,298050453,Гавань 12,30.241164,59.930038
4061,4,5,-1,35.2,9921008,Василеостровский,7-я Васильевского острова линия,62,Василеостровская,295664681,7-я Васильевского острова линия 62,30.276594,59.94453
4062,4,5,-1,35.9,9618890,Василеостровский,7-я Васильевского острова линия,62к2,Василеостровская,295664671,7-я Васильевского острова линия 62к2,30.275992,59.94431
4063,13,25,1,24.25,8244091,Приморский,Богатырский проспект,2А,Пионерская,297024827,Богатырский проспект 2А,30.304289,60.000857
4064,3,5,1,31.0,7150000,Пушкинский,Гусарская ,4к5,Купчино,294974843,Гусарская 4к5,30.38776,59.706499
4065,1,5,-1,34.9,9302020,Василеостровский,7-я Васильевского острова линия,62к2,Василеостровская,291165334,7-я Васильевского острова линия 62к2,30.275992,59.94431
4066,3,13,1,27.1,6352219,Приморский,Планерная ,87к1,Комендантский проспект,297182842,Планерная 87к1,30.2026,60.030245
4067,4,4,-1,50.0,7295000,Центральный,Социалистическая ,7/11В,Звенигородская,294651891,Социалистическая 7/11В,30.338209,59.922571
4068,7,21,1,29.4,6000000,Невский, Крыленко,1к1с7,Улица Дыбенко,291984646,Крыленко 1к1с7,30.451711,59.891503
4069,8,25,1,22.2,4907670,Приморский,набережная Реки Каменки,15к3,Озерки,299100880,набережная Реки Каменки 15к3,30.272641,60.055529
4070,5,5,1,44.42,10950000,Адмиралтейский,Спасский переулок,6-8,Сенная площадь,286202332,Спасский переулок 6-8,30.318231,59.928943
4071,15,21,1,26.7,5450000,Выборгский,Заречная ,13к1,Парнас,297640572,Заречная 13к1,30.146392,59.778045
4072,12,12,1,47.84,14208481,Приморский, Плесецкая,6,Комендантский проспект,292252113,Плесецкая 6,30.209427,60.031701
4073,5,5,1,33.65,9590000,Адмиралтейский,Спасский переулок,6-8,Сенная площадь,286192505,Спасский переулок 6-8,30.318231,59.928943
4074,4,23,1,25.0,5463250,Приморский, Ивинская,5к1,Зенит,297362003,Ивинская 5к1,30.133789,60.028833
4075,5,13,1,20.59,4293361,Приморский,аллея Арцеуловская,9,Старая Деревня,294365879,аллея Арцеуловская 9,30.19579,60.036443
4076,8,25,1,24.5,5100000,Приморский, Плесецкая,20к1,Комендантский проспект,299152850,Плесецкая 20к1,30.227968,60.039081
4077,2,3,1,21.0,4100000,Выборгский, Первомайская,26,Проспект Просвещения,296171651,Первомайская 26,30.304406,60.050246
4078,6,24,1,22.0,4800000,Приморский, Плесецкая,10,Комендантский проспект,297882983,Плесецкая 10,30.214808,60.03371
4079,3,10,1,28.7,7690000,Московский,Киевская ,5к6,Обводный канал,299495896,Киевская 5к6,30.326405,59.902961
4080,5,14,-1,24.55,5350000,Красногвардейский,Магнитогорская ,51,Новочеркасская,299196210,Магнитогорская 51,30.433835,59.939104
4081,1,8,1,21.3,2850000,Выборгский, Центральная,13,Озерки,298270946,Центральная 13,30.258349,59.761608
4082,5,8,1,24.8,4500000,Красносельский, Генерала Кравченко,7к3,Проспект Ветеранов,299372091,Генерала Кравченко 7к3,30.099347,59.841025
4083,10,13,1,23.93,4500000,Приморский,Планерная ,87к1,Комендантский проспект,293907097,Планерная 87к1,30.2026,60.030245
4084,2,12,1,21.1,5422700,Красногвардейский,Партизанская ,5Б,Ладожская,299403354,Партизанская 5Б,30.425858,59.943368
4085,2,5,1,27.9,7550000,Василеостровский,Кадетская линия,7/2,Спортивная,295934090,Кадетская линия 7/2,30.288982,59.943327
4086,1,5,1,20.9,6990000,Василеостровский,16-я Васильевского острова линия,97,Василеостровская,293373578,16-я Васильевского острова линия 97,30.258547,59.946518
4087,8,15,-1,24.5,5150000,Василеостровский,бульвар Александра Грина,3,Приморская,295373197,бульвар Александра Грина 3,30.200524,59.936007
4088,3,5,-1,28.2,12897164,Адмиралтейский,Гороховая ,47В,Сенная площадь,299249964,Гороховая 47В,30.322066,59.926805
4089,5,5,1,26.9,4990000,Московский,Пулковское шоссе,71к14,Звездная,289518002,Пулковское шоссе 71к14,30.3147,59.764776
4090,6,24,1,32.03,6949987,Приморский,шоссе Суздальское,18к2,Проспект Просвещения,298650663,шоссе Суздальское 18к2,30.280322,60.059813
4091,1,4,-1,12.0,2200000,Адмиралтейский,набережная Реки Фонтанки,189,Балтийская,297064199,набережная Реки Фонтанки 189,30.286098,59.916654
4092,4,25,1,24.7,6500052,Приморский,проспект Авиаконструкторов,69,Комендантский проспект,295774768,проспект Авиаконструкторов 69,30.199195,60.038573
4093,3,16,1,26.88,5500000,Московский,Пулковское шоссе,42к6,Звездная,299599046,Пулковское шоссе 42к6,30.3428,59.814808
4094,3,4,-1,20.0,4845000,Центральный,Социалистическая ,7/11В,Звенигородская,296170916,Социалистическая 7/11В,30.338209,59.922571
4095,4,4,1,33.65,9580000,Адмиралтейский,Спасский переулок,6-8,Спасская,296837352,Спасский переулок 6-8,30.318231,59.928943
4096,4,5,1,24.3,4750030,Московский, Струве,8к2,Звездная,299582455,Струве 8к2,30.320333,59.762972
4097,3,6,1,26.8,7000000,Центральный, Марата,40,Владимирская,294733087,Марата 40,30.352007,59.925362
4098,10,12,1,26.0,8600000,Адмиралтейский,Малая Митрофаньевская ,5к1,Московские ворота,294779923,Малая Митрофаньевская 5к1,30.30755,59.897952
4099,9,12,-1,35.62,6040000,Кировский,Автово,5к1,Автово,279676825,Автово 5к1,30.266218,59.872046
4100,2,5,1,18.2,5650000,Центральный,Гончарная ,17,Площадь Восстания,297265866,Гончарная 17,30.365698,59.928379
4101,8,20,1,23.0,6190000,Приморский,Комендантский проспект,60к3,Комендантский проспект,299292815,Комендантский проспект 60к3,30.226261,60.034546
4102,2,15,-1,26.9,5454366,Невский, Евдокима Огнева,3,Улица Дыбенко,296210650,Евдокима Огнева 3,30.465483,59.895772
4103,6,12,-1,27.6,6699000,Приморский,Озеро Долгое,15к3,Старая Деревня,298022675,Озеро Долгое 15к3,30.10975,59.714364
4104,3,5,1,35.97,6109150,Колпинский,проезд Понтонный,6,Рыбацкое,298794440,проезд Понтонный 6,30.628661,59.753078
4105,1,19,1,23.7,4900000,Василеостровский, Вадима Шефнера,10к1,Приморская,296710066,Вадима Шефнера 10к1,30.205591,59.938658
4106,12,23,1,25.0,7000000,Невский, Крыленко,2,,299485491,Крыленко 2,30.450076,59.893886
4107,1,25,1,22.3,4100000,Пушкинский,проспект Новгородский,7к2,Купчино,299419043,проспект Новгородский 7к2,30.364269,59.809803
4108,9,12,1,24.5,3800000,Колпинский, Севастьянова,28к2,,268687421,Севастьянова 28к2,30.328139,59.872317
4109,12,16,1,22.7,4900000,Невский, Крыленко,1к1с6,Ломоносовская,296231955,Крыленко 1к1с6,30.452825,59.891665
4110,21,27,1,25.5,5500000,Выборгский,Заречная ,36,Парнас,299606187,Заречная 36,30.342845,60.083697
4111,9,11,1,24.0,6560000,Невский,Октябрьская набережная,86К2,Елизаровская,297700502,Октябрьская набережная 86К2,30.469651,59.872227
4112,24,25,1,22.36,5850000,Красносельский, Маршала Казакова,21к2,Автово,297461092,Маршала Казакова 21к2,30.220988,59.861503
4113,1,5,1,26.45,5537500,Пушкинский, Нины Петровой,6к1,Купчино,279690642,Нины Петровой 6к1,30.324393,59.754234
4114,14,26,1,26.1,5600000,Выборгский, Михаила Дудина,10,Парнас,293294520,Михаила Дудина 10,30.326127,60.069809
4115,1,5,1,26.0,5392320,Пушкинский, Нины Петровой,8к1,Купчино,279688837,Нины Петровой 8к1,30.327097,59.753242
4116,4,7,-1,16.5,4100000,Приморский,Приморский проспект,6,Черная речка,299005882,Приморский проспект 6,30.283187,59.983265
4117,13,19,1,28.2,5990000,Московский, Федора Котанова,13к1,Звездная,298339220,Федора Котанова 13к1,30.347686,59.823787
4118,7,9,1,21.62,6110532,Красносельский, Тамбасова,5,Проспект Ветеранов,295858095,Тамбасова 5,30.154432,59.841401
4119,12,26,1,28.9,6640000,Невский,проспект Александровской фермы,8с1,Пролетарская,296358032,проспект Александровской фермы 8с1,30.452511,59.861711
4120,7,23,1,24.63,5486279,Приморский, Ивинская,1к1,Зенит,297361746,Ивинская 1к1,30.136582,60.027049
4121,25,25,1,25.9,6600000,Кировский,проспект Народного ополчения,10,Ленинский проспект,297728488,проспект Народного ополчения 10,30.282154,59.850156
4122,2,12,1,34.6,7980000,Приморский, Плесецкая,6,,281081916,Плесецкая 6,30.209427,60.031701
4123,15,26,1,26.0,5750000,Выборгский, Михаила Дудина,10,Парнас,298512415,Михаила Дудина 10,30.326127,60.069809
4124,6,12,-1,22.2,8940411,Курортный,Приморское шоссе,570Л,,295923677,Приморское шоссе 570Л,29.662541,60.191798
4125,17,28,1,28.6,5200000,Выборгский, Федора Абрамова,16к1,Парнас,297557069,Федора Абрамова 16к1,30.342153,60.078464
4126,8,19,1,25.97,6490000,Приморский,Комендантский проспект,55к1,Комендантский проспект,299519154,Комендантский проспект 55к1,30.233304,60.031575
4127,7,11,1,21.7,6777000,Невский,Октябрьская набережная,86К2,Пролетарская,294777969,Октябрьская набережная 86К2,30.469651,59.872227
4128,16,16,1,32.5,7800000,Приморский,Туристская ,24/42,Беговая,297845395,Туристская 24/42,30.208007,60.000402
4129,8,9,1,24.43,6712419,Красносельский, Тамбасова,5,Проспект Ветеранов,295858961,Тамбасова 5,30.154432,59.841401
4130,3,7,1,29.0,7200000,Адмиралтейский,Можайская ,37-39,Пушкинская,298745940,Можайская 37-39,30.328957,59.914443
4131,10,12,1,24.6,6800000,Выборгский,Светлановский проспект,8,Удельная,292149743,Светлановский проспект 8,30.338353,60.007722
4132,22,27,1,28.3,5300000,Выборгский, Архитектора Белова,6к5,Парнас,298969216,Архитектора Белова 6к5,30.322911,60.070496
4133,13,14,1,30.71,11049999,Красногвардейский,проспект Энергетиков,2,,279352022,проспект Энергетиков 2,30.434311,59.931134
4134,3,13,1,24.4,4890000,Приморский, Плесецкая,20к2,Комендантский проспект,299380619,Плесецкая 20к2,30.228956,60.038079
4135,3,9,1,34.72,12729999,Адмиралтейский, Шкапина,43-45,Балтийская,299481528,Шкапина 43-45,30.288622,59.903823
4136,17,17,1,34.0,7300000,Московский, Федора Котанова,5к1,Звездная,299152054,Федора Котанова 5к1,30.342755,59.826411
4137,5,6,1,25.55,5450000,Фрунзенский,Днепропетровская ,59,Обводный канал,294303916,Днепропетровская 59,30.358107,59.911859
4138,14,25,1,30.08,17338939,Московский,Алтайская ,39,Московская,296065119,Алтайская 39,30.333134,59.849103
4139,5,12,1,23.8,6990000,Невский,Железнодорожный проспект,14к3,Ломоносовская,293252681,Железнодорожный проспект 14к3,30.42946,59.881905
4140,6,8,1,27.2,4770000,Красносельский,проспект Буденного,23к3,,289912623,проспект Буденного 23к3,30.096176,59.849243
4141,11,14,1,31.78,11599999,Красногвардейский,проспект Энергетиков,2,,279351911,проспект Энергетиков 2,30.434311,59.931134
4142,11,18,1,27.6,5750000,Московский, Среднерогатская,20,Звездная,299382380,Среднерогатская 20,30.33829,59.820323
4143,20,25,1,24.0,5880000,Московский, Орджоникидзе,52,Звездная,298052502,Орджоникидзе 52,30.361772,59.844041
4144,11,11,1,21.1,6591000,Невский,Октябрьская набережная,86К2,Пролетарская,293297434,Октябрьская набережная 86К2,30.469651,59.872227
4145,16,19,1,29.0,6700000,Приморский,Комендантский проспект,57к1,Комендантский проспект,293806551,Комендантский проспект 57к1,30.232127,60.032627
4146,6,24,1,24.5,4900000,Приморский, Верхне-Каменская,9к1,Комендантский проспект,299105786,Верхне-Каменская 9к1,30.210765,60.036623
4147,8,24,1,27.06,4000000,Невский, Русановская,20к1,Ломоносовская,299017413,Русановская 20к1,30.513426,59.865384
4148,9,12,1,24.5,4350000,Красносельский, Летчика Лихолетова,14к2,Проспект Ветеранов,297459200,Летчика Лихолетова 14к2,30.105312,59.84329
4149,5,10,1,22.0,7950000,Центральный,Синопская набережная,24,,298229584,Синопская набережная 24,30.388048,59.929389
4150,13,17,1,24.08,7150000,Невский,Фарфоровская ,7к2,Ломоносовская,296685262,Фарфоровская 7к2,30.429685,59.881358
4151,4,16,-1,26.7,9450000,Московский,Московский проспект,103к6Й,Московские ворота,271710016,Московский проспект 103к6Й,30.313613,59.890528
4152,3,6,1,28.7,8100000,Центральный,Тележная ,21,Площадь Александра Невского,298392350,Тележная 21,30.375211,59.925606
4153,18,21,1,19.1,3560000,Красногвардейский, Чарушинская,26к1,Девяткино,298373909,Чарушинская 26к1,30.478409,60.000052
4154,11,18,1,23.2,6750000,Московский, Среднерогатская,16к2,Звездная,299111836,Среднерогатская 16к2,30.34138,59.822919
4155,3,26,1,28.5,5671500,Пушкинский,проспект Новгородский,2к3,Купчино,268906987,проспект Новгородский 2к3,30.371653,59.812193
4156,6,10,1,32.0,13600000,Петроградский,Аптекарский проспект,18,Петроградская,299191256,Аптекарский проспект 18,30.319515,59.974387
4157,2,19,1,25.05,5600000,Приморский,Комендантский проспект,59к1,Комендантский проспект,296745318,Комендантский проспект 59к1,30.231031,60.033585
4158,9,26,1,25.0,4650000,Пушкинский,проспект Новгородский,2к3,Купчино,296746313,проспект Новгородский 2к3,30.371653,59.812193
4159,3,12,1,30.5,7980000,Выборгский,Манчестерская ,3к2,Удельная,298524132,Манчестерская 3к2,30.329361,60.009242
4160,3,4,1,24.9,4700111,Пушкинский,шоссе Колпинское,127,Купчино,280678084,шоссе Колпинское 127,30.480215,59.738162
4161,4,13,1,24.3,7650000,Фрунзенский, Тосина,6,Обводный канал,297999208,Тосина 6,30.347659,59.904053
4162,23,25,1,18.06,4800000,Выборгский, Брюлловская,3,Парнас,296056538,Брюлловская 3,30.311826,60.069068
4163,22,22,-1,23.4,5500000,Красногвардейский,Бокситогорская ,27,Новочеркасская,271759366,Бокситогорская 27,30.447813,59.95593
4164,4,6,1,33.7,4690000,Петродворцовый, Войкова,68,,299103814,Войкова 68,29.837632,59.883065
4165,10,18,1,34.5,10964837,Адмиралтейский,бульвар Измайловский,9,Фрунзенская,298655478,бульвар Измайловский 9,30.306229,59.900448
4166,3,22,1,25.0,6699999,Красногвардейский,проспект Энергетиков,11к5,Ладожская,299241170,проспект Энергетиков 11к5,30.439342,59.939663
4167,17,18,-1,19.1,5385000,Фрунзенский, Салова,61,,299650835,Салова 61,30.368563,59.885142
4168,1,10,1,23.1,7000000,Центральный,Днепропетровская ,37,Лиговский проспект,297086444,Днепропетровская 37,30.361179,59.91641
4169,12,25,1,26.12,9248965,Приморский,Коломяжский проспект,13к2,Пионерская,297024574,Коломяжский проспект 13к2,30.302348,59.999615
4170,2,6,-1,24.8,5209866,Красносельский, Отважных,10,Ленинский проспект,298957965,Отважных 10,30.169092,59.835442
4171,11,18,1,33.0,10242168,Адмиралтейский,бульвар Измайловский,9,Фрунзенская,298655448,бульвар Измайловский 9,30.306229,59.900448
4172,25,27,1,29.0,4400000,Выборгский, Архитектора Белова,6к5,Парнас,294029303,Архитектора Белова 6к5,30.322911,60.070496
4173,20,25,1,23.91,8972771,Приморский,Коломяжский проспект,13к2,Пионерская,297024728,Коломяжский проспект 13к2,30.302348,59.999615
4174,15,25,1,23.01,3600000,Невский, Русановская,24,Улица Дыбенко,297836906,Русановская 24,30.516498,59.864814
4175,15,26,1,23.2,4000000,Пушкинский,проспект Новгородский,4,Звездная,297949535,проспект Новгородский 4,30.367656,59.811242
4176,9,27,1,24.4,4700000,Выборгский, Архитектора Белова,6к5,Парнас,296323850,Архитектора Белова 6к5,30.322911,60.070496
4177,3,5,-1,15.0,5100000,Приморский,Сердобольская ,7,Лесная,298841118,Сердобольская 7,30.323737,59.993293
4178,3,6,1,25.0,9000000,Центральный,Тележная ,21,Площадь Александра Невского,299288903,Тележная 21,30.375211,59.925606
4179,2,6,1,25.0,5450000,Петроградский,проспект Большой Петроградской стороны,7/4,Спортивная,298578317,проспект Большой Петроградской стороны 7/4,30.293518,59.954088
4180,1,10,1,32.1,9822600,Выборгский,Манчестерская ,3,Удельная,296753534,Манчестерская 3,30.331301,60.010731
4181,10,23,1,24.0,5350000,Приморский,Комендантский проспект,67,Комендантский проспект,296990964,Комендантский проспект 67,30.225578,60.037715
4182,1,27,1,23.24,5619432,Выборгский,проезд Толубеевский,34к2,,297361267,проезд Толубеевский 34к2,30.354002,60.085038
4183,4,6,1,23.0,7100000,Центральный,Тележная ,23,Площадь Александра Невского,298392347,Тележная 23,30.37566,59.925453
4184,9,13,-1,29.2,9200000,Московский,Заозерная ,3к3с2,Фрунзенская,286004823,Заозерная 3к3с2,30.3223,59.906097
4185,10,15,1,31.0,6350000,Приморский, Верхне-Каменская,9к1,Комендантский проспект,292678988,Верхне-Каменская 9к1,30.210765,60.036623
4186,7,27,1,21.26,5042872,Выборгский,Заречная ,54,Проспект Просвещения,297360993,Заречная 54,30.353579,60.083867
4187,6,11,-1,40.0,10000000,Василеостровский,проспект Средний Васильевского острова,87к3,Приморская,299336779,проспект Средний Васильевского острова 87к3,30.249204,59.937639
4188,4,22,1,20.3,3499000,Красногвардейский, Пейзажная,24к1,Гражданский проспект,299480551,Пейзажная 24к1,30.47796,60.01843
4189,2,13,-1,28.2,8900000,Московский,Заозерная ,3к3с2,Фрунзенская,286004817,Заозерная 3к3с2,30.3223,59.906097
4190,1,8,1,24.7,4250000,Красносельский,проспект Буденного,23к4,Проспект Ветеранов,297990909,проспект Буденного 23к4,30.096266,59.8481
4191,18,19,1,39.2,12052700,Московский, Парфеновская,17,Московские ворота,298657078,Парфеновская 17,30.312688,59.89357
4192,21,22,1,25.2,8290000,Приморский, Оптиков,34К1,Старая Деревня,299316588,Оптиков 34К1,30.216236,59.999764
4193,2,5,1,24.5,5118319,Пушкинский, Архитектора Данини,23к1,,295182913,Архитектора Данини 23к1,30.406984,59.694745
4194,3,13,1,23.2,4450000,Приморский,Планерная ,87к1,Комендантский проспект,296561861,Планерная 87к1,30.2026,60.030245
4195,2,10,1,30.4,9576000,Выборгский,Манчестерская ,5к1,Удельная,296753644,Манчестерская 5к1,30.335083,60.011441
4196,5,10,1,26.0,9200000,Центральный,Синопская набережная,24,,298229587,Синопская набережная 24,30.388048,59.929389
4197,10,10,1,27.19,13638504,Приморский,Лисичанская ,22,Черная речка,297998455,Лисичанская 22,30.308116,59.986506
4198,3,12,1,23.1,5200000,Красносельский,проспект Ветеранов,169к3,Проспект Ветеранов,298658426,проспект Ветеранов 169к3,30.114708,59.839565
4199,10,14,-1,43.33,9150675,Красногвардейский,Магнитогорская ,51,Площадь Александра Невского,279676543,Магнитогорская 51,30.433835,59.939104
4200,13,20,-1,22.1,4500000,Выборгский,проезд Толубеевский,8к2,Парнас,298067302,проезд Толубеевский 8к2,30.342925,60.071461
4201,9,10,-1,24.4,11104733,Центральный,Херсонский проезд,6,Площадь Александра Невского,296920364,Херсонский проезд 6,30.386188,59.929421
4202,10,13,1,26.3,4840000,Красносельский,проспект Ветеранов,171к4,Проспект Ветеранов,295841542,проспект Ветеранов 171к4,30.111825,59.839755
4203,9,13,-1,28.13,6700847,Приморский,Коломяжский проспект,4,Черная речка,297553051,Коломяжский проспект 4,30.295458,59.990638
4204,8,13,1,23.0,5000000,Приморский,Планерная ,87к1,,295342768,Планерная 87к1,30.2026,60.030245
4205,10,13,1,25.14,6376888,Приморский,аллея Арцеуловская,9,Старая Деревня,298731457,аллея Арцеуловская 9,30.19579,60.036443
4206,8,24,1,24.8,5400000,Приморский, Верхне-Каменская,11к1,Комендантский проспект,297659928,Верхне-Каменская 11к1,30.206381,60.036016
4207,8,12,1,23.0,6210000,Красногвардейский,Партизанская ,5Б,Ладожская,299403377,Партизанская 5Б,30.425858,59.943368
4208,2,25,1,24.7,4350000,Пушкинский, Вишерская,24,Купчино,298819695,Вишерская 24,30.375507,59.802929
4209,11,17,1,23.1,4550000,Красносельский, Коммунаров,190,,293839639,Коммунаров 190,30.161142,59.79522
4210,8,9,1,25.9,10774400,Петроградский,Петровский проспект,9к2,Спортивная,298366853,Петровский проспект 9к2,30.266533,59.960994
4211,10,13,1,21.1,5150959,Приморский,Планерная ,97к1,Комендантский проспект,299237873,Планерная 97к1,30.19597,60.033216
4212,13,25,1,25.13,5300000,Приморский,проспект Авиаконструкторов,69,Комендантский проспект,293079499,проспект Авиаконструкторов 69,30.199195,60.038573
4213,8,10,1,24.4,6191633,Приморский,Парашютная ,79к1,Озерки,292425369,Парашютная 79к1,30.241901,60.041251
4214,4,5,1,25.7,5050000,Красносельский, Ивана Куликова,4,Проспект Ветеранов,294945071,Ивана Куликова 4,30.115391,59.832828
4215,9,25,1,25.13,5600000,Приморский,Комендантский проспект,69к2,Комендантский проспект,295974746,Комендантский проспект 69к2,30.22548,60.040222
4216,14,14,1,29.3,9040808,Фрунзенский,Волковское,1,Обводный канал,293227163,Волковское 1,30.366614,59.892067
4217,10,12,1,24.5,4450000,Красносельский,проспект Ветеранов,171к5,Проспект Ветеранов,295557253,проспект Ветеранов 171к5,30.113109,59.841966
4218,9,13,1,25.03,6850000,Невский,Дальневосточный проспект,19к1,Проспект Большевиков,296195906,Дальневосточный проспект 19к1,30.447301,59.906982
4219,12,24,1,22.2,3700000,Невский, Русановская,20к3,Ломоносовская,299249983,Русановская 20к3,30.516219,59.865745
4220,4,5,1,24.22,4600165,Московский,Пулковское шоссе,95к3,Звездная,298634621,Пулковское шоссе 95к3,30.308322,59.754121
4221,3,24,1,25.4,4700000,Пушкинский, Вишерская,2,Купчино,293972421,Вишерская 2,30.370998,59.813183
4222,2,24,1,29.2,5700000,Пушкинский, Вишерская,2,Купчино,298975152,Вишерская 2,30.370998,59.813183
4223,7,10,1,35.3,8490000,Московский,Киевская ,5к6,Обводный канал,299495901,Киевская 5к6,30.326405,59.902961
4224,1,3,-1,18.9,3994000,Кировский,переулок Майков,4а,Нарвская,297039438,переулок Майков 4а,30.285451,59.898449
4225,3,18,1,28.5,8550000,Василеостровский,бульвар Головнина,3к1,Горный институт,292856901,бульвар Головнина 3к1,30.205285,59.933731
4226,9,17,1,18.97,3600000,Красногвардейский,Полюстрово,31к3,Гражданский проспект,297456206,Полюстрово 31к3,30.40234,59.973131
4227,4,9,1,24.8,10275929,Адмиралтейский,Измайловское,к 2.2,Балтийская,292688313,Измайловское к 2.2,30.308188,59.907501
4228,1,4,-1,43.4,3900000,Центральный,набережная Реки Фонтанки,8,Гостиный двор,299543950,набережная Реки Фонтанки 8,30.338533,59.94513
4229,2,7,1,15.3,4260000,Центральный,3-я Советская ,12,Площадь Восстания,292454066,3-я Советская 12,30.367431,59.93328
4230,2,4,1,20.1,4960000,Василеостровский,проспект Малый Васильевского острова,16,Василеостровская,296301502,проспект Малый Васильевского острова 16,30.274833,59.946955
4231,12,14,1,31.3,13027617,Красногвардейский,Магнитогорская ,5к3,Ладожская,298804748,Магнитогорская 5к3,30.420567,59.936611
4232,4,13,-1,26.3,5200000,Невский,Варфоломеевская ,6,Ломоносовская,298917733,Варфоломеевская 6,30.418779,59.87924
4233,10,13,1,26.8,8171212,Фрунзенский,Волковское,3,Обводный канал,287469451,Волковское 3,30.366614,59.892067
4234,2,6,1,18.9,5950000,Петроградский,Лахтинская ,9,Чкаловская,293907607,Лахтинская 9,30.301288,59.962534
4235,2,5,1,15.2,4390000,Центральный,Пушкинская ,3,Площадь Восстания,296305399,Пушкинская 3,30.35737,59.930561
4236,18,25,1,25.2,5500000,Приморский,проспект Авиаконструкторов,69,Комендантский проспект,297328704,проспект Авиаконструкторов 69,30.199195,60.038573
4237,12,12,1,22.4,8414044,Василеостровский,Гавань,1,Приморская,277117606,Гавань 1,30.241164,59.930038
4238,2,7,1,20.6,5300000,Центральный,Моховая ,18,Гостиный двор,296304223,Моховая 18,30.345539,59.943827
4239,2,3,1,23.5,7200000,Петроградский,Малая Посадская ,20,Горьковская,298269103,Малая Посадская 20,30.324779,59.957381
4240,5,5,1,36.55,7468950,Колпинский,шоссе Рубежное,14,Рыбацкое,298649533,шоссе Рубежное 14,30.626928,59.753645
4241,5,13,1,25.4,8490000,Выборгский,Большой Сампсониевский проспект,69к5,Лесная,279140428,Большой Сампсониевский проспект 69к5,30.338254,59.982896
4242,20,25,1,31.6,6950000,Приморский,шоссе Суздальское,20к4,Проспект Просвещения,298651622,шоссе Суздальское 20к4,30.277115,60.059234
4243,1,4,-1,24.03,5594000,Адмиралтейский,набережная Обводного Канала,142/16Б,Нарвская,285292728,набережная Обводного Канала 142/16Б,30.276594,59.908259
4244,3,3,1,31.8,6753231,Петродворцовый,Красносельское шоссе,22,Ленинский проспект,298402701,Красносельское шоссе 22,30.133618,59.779463
4245,10,10,1,27.42,10400000,Фрунзенский,Прилукская ,28к2,Обводный канал,297024644,Прилукская 28к2,30.354118,59.908989
4246,2,5,1,16.8,4400000,Центральный,Загородный проспект,12,Достоевская,294035439,Загородный проспект 12,30.344408,59.926715
4247,2,5,1,16.7,4560000,Центральный,Суворовский проспект,2,Площадь Восстания,297297225,Суворовский проспект 2,30.366614,59.931544
4248,12,12,-1,25.22,5100000,Кировский,Автово,5к1,Автово,279676941,Автово 5к1,30.266218,59.872046
4249,4,5,1,24.18,4290000,Московский,Пулковское шоссе,99к4,Московская,287702899,Пулковское шоссе 99к4,30.308322,59.753083
4250,4,18,1,28.4,8946000,Василеостровский,бульвар Головнина,3к1,Горный институт,294573102,бульвар Головнина 3к1,30.205285,59.933731
4251,8,16,1,20.9,5092337,Московский,Московское шоссе,13Ж,Звездная,299059197,Московское шоссе 13Ж,30.356238,59.823959
4252,9,15,1,21.2,6350000,Невский,Дальневосточный проспект,19к1,Проспект Большевиков,292307082,Дальневосточный проспект 19к1,30.447301,59.906982
4253,3,14,1,50.2,15000211,Невский,Фарфоровская ,7к1,Ломоносовская,293113210,Фарфоровская 7к1,30.430781,59.880505
4254,9,16,1,24.08,7550000,Невский,Фарфоровская ,7к2,Ломоносовская,297782842,Фарфоровская 7к2,30.429685,59.881358
4255,2,4,1,32.0,7690000,Центральный, Маяковского,20,Маяковская,299210804,Маяковского 20,30.354729,59.936891
4256,21,25,1,24.3,3800000,Невский, Русановская,18к6,Ломоносовская,298770295,Русановская 18к6,30.512267,59.868885
4257,5,5,1,21.1,4550109,Московский, Струве,12,Звездная,299582534,Струве 12,30.318958,59.76512
4258,3,6,1,28.2,7600000,Центральный,Моховая ,31,Гостиный двор,299521738,Моховая 31,30.344848,59.940898
4259,5,25,1,25.5,6550185,Приморский,проспект Авиаконструкторов,69,Комендантский проспект,297483166,проспект Авиаконструкторов 69,30.199195,60.038573
4260,3,4,1,18.2,5200000,Центральный,Дмитровский переулок,11,Владимирская,299294035,Дмитровский переулок 11,30.349726,59.929745
4261,10,25,1,32.5,6300000,Приморский,Туристская ,28к3,Комендантский проспект,299160663,Туристская 28к3,30.205824,60.004276
4262,1,4,1,24.85,5350118,Красносельский,проспект Буденного,13,Ленинский проспект,299394146,проспект Буденного 13,30.093876,59.836997
4263,5,5,1,35.79,7290000,Адмиралтейский,Загородный проспект,45,Пушкинская,299296270,Загородный проспект 45,30.329469,59.921637
4264,2,5,1,22.0,6120000,Центральный,4-я Советская ,7,Площадь Восстания,299093564,4-я Советская 7,30.367162,59.934163
4265,3,25,1,26.8,7100000,Выборгский,Новолитовская ,4,Лесная,298104540,Новолитовская 4,30.350417,59.980362
4266,2,4,1,25.0,6600000,Василеостровский,2-я Васильевского острова линия,35,Василеостровская,299553176,2-я Васильевского острова линия 35,30.284939,59.943881
4267,4,18,1,23.63,5954760,Невский, Тельмана,37,Ломоносовская,299555737,Тельмана 37,30.47999,59.891268
4268,2,5,1,28.5,6980000,Центральный,Загородный проспект,10,Достоевская,298965940,Загородный проспект 10,30.344794,59.926873
4269,14,25,1,28.8,7750000,Кировский,проспект Народного ополчения,10,Ленинский проспект,299422603,проспект Народного ополчения 10,30.282154,59.850156
4270,17,23,1,24.35,6390666,Невский,Рыбацкое,4,Рыбацкое,299037745,Рыбацкое 4,30.488803,59.99926
4271,1,4,-1,12.0,2200000,Адмиралтейский,набережная Реки Фонтанки,189,Балтийская,297040877,набережная Реки Фонтанки 189,30.286098,59.916654
4272,11,16,-1,28.4,6868533,Московский,Московское шоссе,13Ж,Звездная,298635371,Московское шоссе 13Ж,30.356238,59.823959
4273,2,4,1,32.0,7350000,Адмиралтейский,проспект Римского-Корсакова,107,Нарвская,299119492,проспект Римского-Корсакова 107,30.280457,59.9183
4274,9,14,-1,60.83,12815124,Красногвардейский,Магнитогорская ,51,Ладожская,292504237,Магнитогорская 51,30.433835,59.939104
4275,16,18,1,25.0,6750000,Московский, Среднерогатская,16к2,Звездная,298906901,Среднерогатская 16к2,30.34138,59.822919
4276,4,14,-1,39.23,8163579,Красногвардейский,Магнитогорская ,51,Ладожская,296045786,Магнитогорская 51,30.433835,59.939104
4277,11,12,1,23.8,4300000,Красносельский,проспект Ветеранов,171к4,Проспект Ветеранов,298831476,проспект Ветеранов 171к4,30.111825,59.839755
4278,10,14,-1,34.97,7475239,Красногвардейский,Магнитогорская ,51,Ладожская,279676521,Магнитогорская 51,30.433835,59.939104
4279,3,5,1,21.0,5700000,Центральный, Марата,37,Владимирская,299184032,Марата 37,30.351298,59.925511
4280,13,14,-1,51.26,11089450,Красногвардейский,Магнитогорская ,51,Новочеркасская,279676556,Магнитогорская 51,30.433835,59.939104
4281,2,5,1,14.8,4470000,Адмиралтейский,переулок Гривцова,24,Спасская,298976329,переулок Гривцова 24,30.316748,59.927802
4282,8,12,1,22.2,6293700,Красногвардейский,Партизанская ,5,,299010048,Партизанская 5,30.425139,59.944521
4283,1,4,1,16.73,4890000,Василеостровский,набережная Лейтенанта Шмидта,35,Василеостровская,299296465,набережная Лейтенанта Шмидта 35,30.273611,59.932437
4284,2,4,1,20.2,5850000,Кировский, Калинина,10,Нарвская,298071569,Калинина 10,30.254271,59.89765
4285,2,7,1,70.7,13490000,Адмиралтейский,11-я Красноармейская ,15Б,Балтийская,297585826,11-я Красноармейская 15Б,30.298099,59.912314
4286,10,12,1,20.39,5237888,Приморский,аллея Арцеуловская,7к2,Пионерская,297252241,аллея Арцеуловская 7к2,30.194928,60.03625
4287,4,10,1,32.0,13440000,Петроградский,Аптекарский проспект,18,,298977056,Аптекарский проспект 18,30.319515,59.974387
4288,9,13,1,20.48,4857888,Приморский,аллея Арцеуловская,9,Старая Деревня,273772782,аллея Арцеуловская 9,30.19579,60.036443
4289,13,18,-1,26.0,6787878,Фрунзенский, Салова,61,Бухарестская,298391858,Салова 61,30.368563,59.885142
4290,9,23,1,27.0,4900000,Пушкинский,Школьная ,17,Звездная,298236748,Школьная 17,30.28705,59.988235
4291,4,5,1,17.7,6195000,Кировский, Швецова,4,Нарвская,296788313,Швецова 4,30.279639,59.89612
4292,6,6,-1,25.6,11520000,Адмиралтейский,Мастерская ,9,Балтийская,289434570,Мастерская 9,30.288299,59.922467
4293,9,12,1,26.8,4958000,Пушкинский,проспект Старорусский,9,,296280879,проспект Старорусский 9,30.357586,59.807455
4294,10,25,1,19.3,4900000,Приморский,набережная Реки Каменки,21к1,,298391928,набережная Реки Каменки 21к1,30.269317,60.052339
4295,8,11,1,29.0,8050000,Приморский,Озеро Долгое,15к1,Старая Деревня,299113755,Озеро Долгое 15к1,30.10975,59.714364
4296,3,6,1,20.0,4900000,Центральный,Садовая ,34,,298701597,Садовая 34,30.323046,59.928762
4297,15,26,1,28.1,5400000,Выборгский, Михаила Дудина,23к1,Парнас,298959021,Михаила Дудина 23к1,30.329756,60.06962
4298,3,6,-1,36.5,6083351,Красносельский, Отважных,10,Ленинский проспект,292548624,Отважных 10,30.169092,59.835442
4299,16,16,1,31.8,6750000,Приморский,Туристская ,24/42,Беговая,295291853,Туристская 24/42,30.208007,60.000402
4300,13,16,-1,20.7,5246760,Московский,Московское шоссе,13Ж,Звездная,298146287,Московское шоссе 13Ж,30.356238,59.823959
4301,2,5,1,23.7,4500000,Петроградский,Петроградская набережная,26-28,Горьковская,297129083,Петроградская набережная 26-28,30.334463,59.961039
4302,5,16,-1,21.9,5435284,Московский,Московское шоссе,13Ж,Звездная,298146183,Московское шоссе 13Ж,30.356238,59.823959
4303,5,6,-1,23.6,3762850,Красносельский, Отважных,10,Ленинский проспект,294785316,Отважных 10,30.169092,59.835442
4304,4,8,1,26.51,4360895,Красносельский, Лермонтова,15к2Ж,Проспект Ветеранов,293979162,Лермонтова 15к2Ж,30.080671,59.735106
4305,7,13,1,19.2,4350000,Приморский,Планерная ,93,Комендантский проспект,298729595,Планерная 93,30.198647,60.032322
4306,19,19,1,30.7,4370000,Выборгский,Заречная ,13к1,Парнас,299131032,Заречная 13к1,30.146392,59.778045
4307,5,13,1,24.5,4390000,Красносельский, Летчика Лихолетова,14к2,Проспект Ветеранов,296961931,Летчика Лихолетова 14к2,30.105312,59.84329
4308,7,8,1,27.2,4433600,Красносельский, Лермонтова,15к2Б,Проспект Ветеранов,299599907,Лермонтова 15к2Б,30.081426,59.735038
4309,10,13,1,20.62,4437000,Приморский,аллея Арцеуловская,9,Старая Деревня,286068854,аллея Арцеуловская 9,30.19579,60.036443
4310,3,4,1,21.9,4450101,Пушкинский,шоссе Колпинское,127,Купчино,297392395,шоссе Колпинское 127,30.480215,59.738162
4311,4,25,1,20.81,4474150,Красносельский, Маршала Казакова,64к1,,294605911,Маршала Казакова 64к1,30.185397,59.864245
4312,12,12,1,26.3,4471000,Пушкинский,проспект Старорусский,9,,296280970,проспект Старорусский 9,30.357586,59.807455
4313,3,20,1,25.4,4490000,Пушкинский,Первомайская ,5к1,Звездная,298875151,Первомайская 5к1,30.307244,60.046508
4314,16,26,1,23.4,4492800,Пушкинский,проспект Новгородский,2к3,Шушары,296842494,проспект Новгородский 2к3,30.371653,59.812193
4315,13,18,1,17.0,4450000,Фрунзенский, Салова,61,Бухарестская,299034153,Салова 61,30.368563,59.885142
4316,2,5,1,24.44,4500063,Московский,Пулковское шоссе,95к3,Звездная,295774761,Пулковское шоссе 95к3,30.308322,59.754121
4317,1,5,1,24.62,4500142,Московский,Пулковское шоссе,95к3,Звездная,289807852,Пулковское шоссе 95к3,30.308322,59.754121
4318,5,5,1,24.04,4500179,Московский,Пулковское шоссе,103В,Звездная,298355540,Пулковское шоссе 103В,30.308646,59.751193
4319,22,25,1,25.5,4500000,Невский, Русановская,16к1,Ломоносовская,298222203,Русановская 16к1,30.509662,59.865777
4320,9,20,-1,22.1,4570000,Выборгский,проезд Толубеевский,8к2,,289902337,проезд Толубеевский 8к2,30.342925,60.071461
4321,1,4,1,24.6,4550016,Пушкинский,шоссе Колпинское,127,Купчино,297392410,шоссе Колпинское 127,30.480215,59.738162
4322,20,26,1,24.6,4575600,Пушкинский,проспект Новгородский,2к3,Купчино,296746332,проспект Новгородский 2к3,30.371653,59.812193
4323,4,4,-1,32.0,4595000,Центральный,Социалистическая ,7/11В,Звенигородская,299531114,Социалистическая 7/11В,30.338209,59.922571
4324,4,5,1,24.22,4600165,Московский,Пулковское шоссе,99к6,Звездная,297741478,Пулковское шоссе 99к6,30.304522,59.753822
4325,1,5,1,26.32,4600130,Московский,Пулковское шоссе,95к3,Звездная,292871095,Пулковское шоссе 95к3,30.308322,59.754121
4326,3,4,-1,13.1,4612031,Центральный, Константина Заслонова,8Б,Лиговский проспект,295271261,Константина Заслонова 8Б,30.349052,59.919288
4327,1,4,1,25.6,4650112,Пушкинский,шоссе Колпинское,127,Купчино,281018155,шоссе Колпинское 127,30.480215,59.738162
4328,5,5,1,24.18,4650116,Московский,Пулковское шоссе,95к4,Звездная,299178315,Пулковское шоссе 95к4,30.305052,59.756115
4329,5,5,1,25.38,4650060,Московский,Пулковское шоссе,103В,Звездная,297904400,Пулковское шоссе 103В,30.308646,59.751193
4330,5,5,1,25.53,4650200,Московский,Пулковское шоссе,103В,Звездная,295920928,Пулковское шоссе 103В,30.308646,59.751193
4331,2,26,1,21.7,4650000,Приморский,набережная Реки Каменки,21к1,Проспект Просвещения,295154125,набережная Реки Каменки 21к1,30.269317,60.052339
4332,1,5,1,24.5,4650014,Московский, Струве,12,Звездная,299582528,Струве 12,30.318958,59.76512
4333,1,5,1,25.9,4650008,Московский, Струве,12,Звездная,299582544,Струве 12,30.318958,59.76512
4334,17,21,-1,25.7,4650000,Выборгский,проезд Толубеевский,8к2,Парнас,298618769,проезд Толубеевский 8к2,30.342925,60.071461
4335,13,23,1,25.6,4699900,Красногвардейский,Полюстрово,8к4,Девяткино,297715920,Полюстрово 8к4,30.40234,59.973131
4336,2,16,-1,17.69,4670659,Московский,Московское шоссе,13Ж,Звездная,299081841,Московское шоссе 13Ж,30.356238,59.823959
4337,3,4,1,24.4,4700098,Пушкинский,шоссе Колпинское,127,Купчино,296729847,шоссе Колпинское 127,30.480215,59.738162
4338,12,12,1,27.7,4709000,Пушкинский,проспект Старорусский,9,,296280971,проспект Старорусский 9,30.357586,59.807455
4339,3,7,-1,19.2,4760000,Приморский,Приморский проспект,6,,297211538,Приморский проспект 6,30.283187,59.983265
4340,2,18,1,21.31,4794750,Невский, Тельмана,37,Ломоносовская,299556202,Тельмана 37,30.47999,59.891268
4341,7,13,1,20.39,4785888,Приморский,аллея Арцеуловская,9,Пионерская,298558864,аллея Арцеуловская 9,30.19579,60.036443
4342,2,25,1,22.77,4781700,Красносельский, Маршала Казакова,64к1,,294605926,Маршала Казакова 64к1,30.185397,59.864245
4343,3,14,-1,22.8,4750000,Выборгский,Большой Сампсониевский проспект,74к2,Лесная,295773953,Большой Сампсониевский проспект 74к2,30.333619,59.982059
4344,6,13,1,22.1,4790000,Приморский,Планерная ,87к1,Комендантский проспект,295730791,Планерная 87к1,30.2026,60.030245
4345,10,13,-1,30.8,4774000,Невский,Варфоломеевская ,6,Ломоносовская,298279653,Варфоломеевская 6,30.418779,59.87924
4346,1,6,1,25.2,4788000,Курортный, Строителей,3к1,,292413282,Строителей 3к1,29.683337,60.20749
4347,8,26,1,25.0,4770000,Пушкинский,проспект Новгородский,2к1,Звездная,299026636,проспект Новгородский 2к1,30.367162,59.812392
4348,20,24,1,21.0,4800000,Приморский, Плесецкая,10с1,Комендантский проспект,296205419,Плесецкая 10с1,30.214808,60.03371
4349,5,5,1,24.67,4800128,Московский,Пулковское шоссе,99к6,Звездная,294535252,Пулковское шоссе 99к6,30.304522,59.753822
4350,1,16,1,21.68,4832815,Невский, Гудиловская,9,Рыбацкое,284756176,Гудиловская 9,30.533144,59.82684
4351,4,25,1,23.61,4840050,Красносельский, Маршала Казакова,64к1,,294606171,Маршала Казакова 64к1,30.185397,59.864245
4352,1,6,1,25.3,4807000,Курортный, Строителей,3к2,,292413418,Строителей 3к2,29.681981,60.207919
4353,1,6,1,25.5,4845000,Курортный, Строителей,3к1,,292413226,Строителей 3к1,29.683337,60.20749
4354,2,5,1,26.2,4850183,Московский, Струве,10к2,Звездная,299582520,Струве 10к2,30.319479,59.763937
4355,3,5,1,24.8,4850086,Московский, Струве,10к2,Звездная,299582527,Струве 10к2,30.319479,59.763937
4356,4,5,1,24.2,4850200,Московский, Струве,12,Звездная,299582507,Струве 12,30.318958,59.76512
4357,2,12,1,23.6,4850000,Красносельский,проспект Ветеранов,171к4,Проспект Ветеранов,298986472,проспект Ветеранов 171к4,30.111825,59.839755
4358,8,24,1,22.0,4870000,Приморский, Плесецкая,10,Комендантский проспект,296440950,Плесецкая 10,30.214808,60.03371
4359,4,18,1,20.18,4903740,Невский, Тельмана,37,Ломоносовская,299556128,Тельмана 37,30.47999,59.891268
4360,2,18,1,21.9,4927500,Невский, Тельмана,37,Ломоносовская,299556182,Тельмана 37,30.47999,59.891268
4361,4,8,1,30.33,4943790,Красносельский, Лермонтова,15к2Ж,Проспект Ветеранов,293979034,Лермонтова 15к2Ж,30.080671,59.735106
4362,9,12,1,26.7,4939500,Пушкинский,проспект Старорусский,9,,296280875,проспект Старорусский 9,30.357586,59.807455
4363,13,16,-1,19.4,4937749,Московский,Московское шоссе,13Ж,Звездная,298635450,Московское шоссе 13Ж,30.356238,59.823959
4364,16,24,1,23.9,4900000,Приморский, Плесецкая,10,Комендантский проспект,298983185,Плесецкая 10,30.214808,60.03371
4365,11,13,-1,18.4,4900000,Приморский, Матроса Железняка,2,Черная речка,298727010,Матроса Железняка 2,30.292584,59.990242
4366,3,8,1,30.43,4960090,Красносельский, Лермонтова,15к2Б,Проспект Ветеранов,299600120,Лермонтова 15к2Б,30.081426,59.735038
4367,13,20,1,25.5,4980000,Приморский,аллея Арцеуловская,23к1,Комендантский проспект,298756071,аллея Арцеуловская 23к1,30.224626,60.042406
4368,24,25,1,23.4,4952310,Невский, Русановская,24,Пролетарская,295861398,Русановская 24,30.516498,59.864814
4369,15,25,1,25.2,4994769,Невский, Русановская,24,Пролетарская,293293223,Русановская 24,30.516498,59.864814
4370,1,5,1,22.3,4988510,Пушкинский, Нины Петровой,8к1,Купчино,279689007,Нины Петровой 8к1,30.327097,59.753242
4371,1,5,1,22.3,4988510,Пушкинский, Нины Петровой,10к1,Купчино,279690477,Нины Петровой 10к1,30.32937,59.752689
4372,1,5,1,22.3,4988510,Пушкинский, Нины Петровой,6к1,Купчино,279690634,Нины Петровой 6к1,30.324393,59.754234
4373,4,4,1,24.3,5000162,Пушкинский,шоссе Колпинское,129,Купчино,296145557,шоссе Колпинское 129,30.482191,59.739282
4374,1,5,1,24.8,5036904,Пушкинский, Архитектора Данини,23к2,,295182755,Архитектора Данини 23к2,30.406589,59.695181
4375,2,25,1,25.11,5022000,Красносельский, Маршала Казакова,64к1,,294606353,Маршала Казакова 64к1,30.185397,59.864245
4376,1,5,-1,20.6,5047000,Василеостровский,27-я Васильевского острова линия,10к2,Василеостровская,297540681,27-я Васильевского острова линия 10к2,30.256615,59.930065
4377,1,23,1,20.95,5063168,Невский,Рыбацкое,4,Рыбацкое,294577165,Рыбацкое 4,30.488803,59.99926
4378,7,13,-1,22.79,5069407,Приморский,Коломяжский проспект,4,Черная речка,297552969,Коломяжский проспект 4,30.295458,59.990638
4379,3,16,-1,20.0,5090466,Московский,Московское шоссе,13Ж,Звездная,298635461,Московское шоссе 13Ж,30.356238,59.823959
4380,1,23,1,21.45,5055102,Невский,Рыбацкое,5,Рыбацкое,299389557,Рыбацкое 5,30.489045,59.999399
4381,3,27,1,21.26,5081140,Выборгский,Заречная ,50,Парнас,297361478,Заречная 50,30.351343,60.084316
4382,7,12,1,22.9,5088888,Пушкинский,проспект Старорусский,5к1,Шушары,292227802,проспект Старорусский 5к1,30.356714,59.809754
4383,1,6,1,26.8,5092000,Курортный, Строителей,3к2,,292413399,Строителей 3к2,29.681981,60.207919
4384,12,12,-1,25.22,5100000,Кировский,Автово,5к1,Кировский завод,279676946,Автово 5к1,30.266218,59.872046
4385,2,15,-1,23.25,5123937,Красногвардейский,проспект Энергетиков,6,Ладожская,289280605,проспект Энергетиков 6,30.434221,59.935926
4386,4,4,1,24.6,5100158,Пушкинский,шоссе Колпинское,129,Купчино,296375852,шоссе Колпинское 129,30.482191,59.739282
4387,1,8,1,32.11,5137600,Красносельский, Лермонтова,15к2Б,Проспект Ветеранов,299599940,Лермонтова 15к2Б,30.081426,59.735038
4388,10,13,1,21.58,5136888,Приморский,аллея Арцеуловская,9,Пионерская,298845876,аллея Арцеуловская 9,30.19579,60.036443
4389,6,25,1,24.9,5100000,Невский,проспект Советский,34к2,Рыбацкое,298864355,проспект Советский 34к2,30.55288,59.827673
4390,13,16,-1,20.5,5196077,Московский,Московское шоссе,13Ж,Звездная,298635487,Московское шоссе 13Ж,30.356238,59.823959
4391,9,16,1,21.55,5185684,Московский,Московское шоссе,13Ж,Звездная,299059195,Московское шоссе 13Ж,30.356238,59.823959
4392,5,13,-1,18.4,5150000,Приморский, Матроса Железняка,2,Черная речка,299372531,Матроса Железняка 2,30.292584,59.990242
4393,6,25,1,26.18,5226102,Приморский,набережная Реки Каменки,15к3,Озерки,299571908,набережная Реки Каменки 15к3,30.272641,60.055529
4394,1,13,1,19.9,5237193,Приморский,Планерная ,87к1,Комендантский проспект,264975565,Планерная 87к1,30.2026,60.030245
4395,11,20,1,24.6,5200000,Приморский,аллея Арцеуловская,23к1,Комендантский проспект,297997189,аллея Арцеуловская 23к1,30.224626,60.042406
4396,3,13,-1,19.23,5249540,Приморский,Коломяжский проспект,4,Черная речка,298730007,Коломяжский проспект 4,30.295458,59.990638
4397,1,6,1,27.5,5225000,Курортный, Строителей,3к2,,292413420,Строителей 3к2,29.681981,60.207919
4398,1,23,1,19.78,5272986,Невский,Рыбацкое,4,Рыбацкое,294049878,Рыбацкое 4,30.488803,59.99926
4399,6,15,-1,24.65,5274637,Красногвардейский,проспект Энергетиков,6,Ладожская,290733281,проспект Энергетиков 6,30.434221,59.935926
4400,1,5,1,26.4,5296240,Пушкинский, Нины Петровой,8к1,Купчино,279688899,Нины Петровой 8к1,30.327097,59.753242
4401,1,5,1,26.4,5296240,Пушкинский, Нины Петровой,10к1,Купчино,279690599,Нины Петровой 10к1,30.32937,59.752689
4402,2,12,1,24.56,5250000,Пушкинский,проспект Старорусский,5к1,Шушары,292227395,проспект Старорусский 5к1,30.356714,59.809754
4403,15,16,-1,21.55,5348420,Московский,Московское шоссе,13Ж,Звездная,298635494,Московское шоссе 13Ж,30.356238,59.823959
4404,15,19,1,26.7,5300000,Выборгский,Заречная ,13к1,Парнас,298743664,Заречная 13к1,30.146392,59.778045
4405,4,25,1,25.39,5300000,Приморский,проспект Авиаконструкторов,69,Комендантский проспект,293240446,проспект Авиаконструкторов 69,30.199195,60.038573
4406,1,11,1,26.0,5304646,Пушкинский,проспект Старорусский,13к2,Звездная,294664570,проспект Старорусский 13к2,30.355825,59.805079
4407,15,25,1,24.0,5300000,Приморский,Комендантский проспект,67,Комендантский проспект,297517318,Комендантский проспект 67,30.225578,60.037715
4408,5,14,-1,24.3,5350000,Красногвардейский,Магнитогорская ,51,Новочеркасская,299196212,Магнитогорская 51,30.433835,59.939104
4409,6,18,-1,19.1,5350000,Фрунзенский, Салова,61,Бухарестская,299502431,Салова 61,30.368563,59.885142
4410,5,25,1,25.2,5350000,Приморский, Верхне-Каменская,9к2,,293139010,Верхне-Каменская 9к2,30.211313,60.038546
4411,1,5,1,26.0,5392320,Пушкинский, Нины Петровой,6к1,Купчино,279690651,Нины Петровой 6к1,30.324393,59.754234
4412,13,13,-1,23.3,5399728,Невский,Варфоломеевская ,6,Ломоносовская,292781828,Варфоломеевская 6,30.418779,59.87924
4413,4,17,1,27.0,5350000,Приморский, Верхне-Каменская,11к1,Комендантский проспект,298704570,Верхне-Каменская 11к1,30.206381,60.036016
4414,2,12,1,21.1,5443800,Красногвардейский,Партизанская ,5Б,Ладожская,299403355,Партизанская 5Б,30.425858,59.943368
4415,9,13,-1,24.5,5429886,Невский,Варфоломеевская ,6,Ломоносовская,292781689,Варфоломеевская 6,30.418779,59.87924
4416,1,8,1,34.23,5476800,Красносельский, Лермонтова,15к2Б,Проспект Ветеранов,299599939,Лермонтова 15к2Б,30.081426,59.735038
4417,19,23,1,25.0,5489900,Приморский, Ивинская,5к1,Зенит,297884772,Ивинская 5к1,30.133789,60.028833
4418,4,14,-1,26.08,5574266,Красногвардейский,Магнитогорская ,51,Ладожская,296045811,Магнитогорская 51,30.433835,59.939104
4419,2,18,1,25.29,5563800,Невский, Тельмана,37,Ломоносовская,299556029,Тельмана 37,30.47999,59.891268
4420,3,18,1,24.48,5508000,Невский, Тельмана,37,Ломоносовская,299556066,Тельмана 37,30.47999,59.891268
4421,14,14,-1,19.92,5505000,Кировский,проспект Стачек,64,Кировский завод,294571657,проспект Стачек 64,30.264314,59.881245
4422,3,15,-1,24.29,5580634,Красногвардейский,проспект Энергетиков,6,Ладожская,298767301,проспект Энергетиков 6,30.434221,59.935926
4423,7,15,-1,19.94,5591223,Красногвардейский,проспект Энергетиков,6,Ладожская,299174642,проспект Энергетиков 6,30.434221,59.935926
4424,9,11,1,25.3,5551652,Пушкинский,проспект Старорусский,13к2,Звездная,294664586,проспект Старорусский 13к2,30.355825,59.805079
4425,15,16,1,23.38,5579345,Московский,Московское шоссе,13Ж,Звездная,299059198,Московское шоссе 13Ж,30.356238,59.823959
4426,3,14,-1,26.63,5637599,Красногвардейский,Магнитогорская ,51,Ладожская,292504050,Магнитогорская 51,30.433835,59.939104
4427,13,13,1,21.9,5603154,Приморский,Планерная ,87к1,Комендантский проспект,283215680,Планерная 87к1,30.2026,60.030245
4428,18,26,1,28.1,5620000,Пушкинский,проспект Новгородский,2к3,Купчино,296746324,проспект Новгородский 2к3,30.371653,59.812193
4429,9,16,-1,22.6,5609022,Московский,Московское шоссе,13Ж,Звездная,298635410,Московское шоссе 13Ж,30.356238,59.823959
4430,2,12,1,22.2,5616600,Красногвардейский,Партизанская ,5Б,Ладожская,299403291,Партизанская 5Б,30.425858,59.943368
4431,1,13,1,26.39,5636888,Приморский,аллея Арцеуловская,9,Пионерская,298845874,аллея Арцеуловская 9,30.19579,60.036443
4432,2,26,1,28.5,5614500,Пушкинский,проспект Новгородский,2к3,Купчино,268906967,проспект Новгородский 2к3,30.371653,59.812193
4433,6,12,1,21.56,5631888,Приморский,аллея Арцеуловская,7к2,Пионерская,297252112,аллея Арцеуловская 7к2,30.194928,60.03625
4434,4,13,-1,27.0,5649561,Приморский,Коломяжский проспект,4,Черная речка,297552888,Коломяжский проспект 4,30.295458,59.990638
4435,2,5,1,21.2,5618000,Василеостровский,27-я Васильевского острова линия,10,Василеостровская,291187128,27-я Васильевского острова линия 10,30.25754,59.93034
4436,10,18,1,18.8,5650000,Фрунзенский, Салова,61,Бухарестская,298862103,Салова 61,30.368563,59.885142
4437,2,12,1,22.8,5654400,Красногвардейский,Партизанская ,5Б,Ладожская,299403391,Партизанская 5Б,30.425858,59.943368
4438,10,16,1,26.6,5660000,Красногвардейский,Ленская ,6к5,Проспект Большевиков,295434978,Ленская 6к5,30.483395,59.94184
4439,3,9,1,20.9,5692472,Красносельский, Тамбасова,5,Проспект Ветеранов,295858745,Тамбасова 5,30.154432,59.841401
4440,1,6,1,29.8,5662000,Курортный, Строителей,3к2,,292413303,Строителей 3к2,29.681981,60.207919
4441,18,23,1,22.3,5709941,Невский,Рыбацкое,4,Рыбацкое,299037754,Рыбацкое 4,30.488803,59.99926
4442,11,23,1,22.64,5731687,Невский,Рыбацкое,4,Рыбацкое,298422049,Рыбацкое 4,30.488803,59.99926
4443,3,18,1,25.92,5702400,Невский, Тельмана,37,Ломоносовская,299556089,Тельмана 37,30.47999,59.891268
4444,2,23,1,23.76,5726023,Невский,Рыбацкое,5,Рыбацкое,299260994,Рыбацкое 5,30.489045,59.999399
4445,19,27,1,22.34,5749610,Выборгский,проезд Толубеевский,34к2,,297361324,проезд Толубеевский 34к2,30.354002,60.085038
4446,10,15,-1,27.5,5744616,Невский, Евдокима Огнева,3,Улица Дыбенко,296835115,Евдокима Огнева 3,30.465483,59.895772
4447,1,4,1,28.76,5750285,Красносельский,проспект Буденного,15,Проспект Ветеранов,294799861,проспект Буденного 15,30.092682,59.838114
4448,1,4,1,27.08,5750195,Красносельский,проспект Буденного,15,Проспект Ветеранов,297980411,проспект Буденного 15,30.092682,59.838114
4449,4,4,1,24.39,5750088,Красносельский,проспект Буденного,13,Ленинский проспект,298674056,проспект Буденного 13,30.093876,59.836997
4450,2,3,-1,26.3,5786000,Невский,Рыбацкий проспект,18,Рыбацкое,297535851,Рыбацкий проспект 18,30.503589,59.840989
4451,11,13,1,22.4,5750000,Василеостровский, Чирикова,5,Приморская,299634595,Чирикова 5,30.200363,59.934109
4452,4,14,-1,27.61,5846070,Красногвардейский,Магнитогорская ,51,Ладожская,296045828,Магнитогорская 51,30.433835,59.939104
4453,4,13,-1,25.1,5812407,Приморский,Коломяжский проспект,4,Черная речка,297552896,Коломяжский проспект 4,30.295458,59.990638
4454,2,3,-1,26.5,5830000,Невский,Рыбацкий проспект,18,Рыбацкое,299333323,Рыбацкий проспект 18,30.503589,59.840989
4455,1,13,1,23.8,5808894,Приморский,Планерная ,87к1,Комендантский проспект,294458085,Планерная 87к1,30.2026,60.030245
4456,9,13,-1,25.68,5831619,Приморский,Коломяжский проспект,4,Черная речка,297553081,Коломяжский проспект 4,30.295458,59.990638
4457,3,25,1,22.2,5888922,Приморский,набережная Реки Каменки,15к1,Озерки,298093789,набережная Реки Каменки 15к1,30.273477,60.054469
4458,2,12,1,23.5,5898500,Красногвардейский,Партизанская ,5Б,Ладожская,299634321,Партизанская 5Б,30.425858,59.943368
4459,5,16,1,20.75,5881543,Невский, Гудиловская,9,Рыбацкое,296091929,Гудиловская 9,30.533144,59.82684
4460,4,6,1,22.9,5850000,Курортный, Строителей,3к2,Площадь Ленина,299643318,Строителей 3к2,29.681981,60.207919
4461,3,15,-1,25.66,5851250,Красногвардейский,проспект Энергетиков,6,Ладожская,291240186,проспект Энергетиков 6,30.434221,59.935926
4462,1,13,1,25.2,5860297,Приморский,Планерная ,87к1,Комендантский проспект,264976099,Планерная 87к1,30.2026,60.030245
4463,4,9,1,21.62,5888577,Красносельский, Тамбасова,5,Проспект Ветеранов,295859177,Тамбасова 5,30.154432,59.841401
4464,18,19,1,29.1,5850000,Выборгский, Михаила Дудина,12,Парнас,298235003,Михаила Дудина 12,30.324285,60.070558
4465,9,18,1,16.7,5980000,Фрунзенский, Салова,61,Бухарестская,298862110,Салова 61,30.368563,59.885142
4466,1,11,1,24.66,5982590,Невский, Гудиловская,6к1,Обухово,289396699,Гудиловская 6к1,30.532533,59.828663
4467,4,23,1,25.09,5991126,Приморский, Ивинская,5к2,Зенит,297885123,Ивинская 5к2,30.133088,60.029305
4468,6,13,-1,23.74,5960520,Приморский,Коломяжский проспект,4,Черная речка,299482184,Коломяжский проспект 4,30.295458,59.990638
4469,5,11,1,22.69,5934433,Невский, Гудиловская,6к1,Обухово,295478512,Гудиловская 6к1,30.532533,59.828663
4470,9,13,1,24.85,5981888,Приморский,аллея Арцеуловская,9,Старая Деревня,299112472,аллея Арцеуловская 9,30.19579,60.036443
4471,4,23,1,23.76,5989474,Невский,Рыбацкое,4,Рыбацкое,299037751,Рыбацкое 4,30.488803,59.99926
4472,3,11,1,20.34,5986213,Невский, Гудиловская,5к1,Рыбацкое,295426169,Гудиловская 5к1,30.531455,59.829075
4473,4,15,-1,32.16,5999532,Красногвардейский,проспект Энергетиков,6,Ладожская,289280496,проспект Энергетиков 6,30.434221,59.935926
4474,7,10,1,24.5,6040920,Приморский,Парашютная ,79к1,Комендантский проспект,292425354,Парашютная 79к1,30.241901,60.041251
4475,3,17,1,30.0,6000000,Московский,проезд Дизельный,11к2,Звездная,299335569,проезд Дизельный 11к2,30.341201,59.820761
4476,3,13,-1,21.4,6046184,Приморский,Коломяжский проспект,4,Черная речка,298730036,Коломяжский проспект 4,30.295458,59.990638
4477,2,12,-1,28.38,6067060,Кировский,Автово,5к1,Автово,279903524,Автово 5к1,30.266218,59.872046
4478,2,15,-1,32.76,6092679,Красногвардейский,проспект Энергетиков,6,Ладожская,289280484,проспект Энергетиков 6,30.434221,59.935926
4479,5,13,1,21.7,6087600,Приморский,Планерная ,91к2,Старая Деревня,294504961,Планерная 91к2,30.200336,60.03274
4480,14,19,1,24.6,6090000,Приморский,Комендантский проспект,60к1,Комендантский проспект,299114639,Комендантский проспект 60к1,30.225039,60.035495
4481,5,13,-1,28.47,6051668,Приморский,Коломяжский проспект,4,Черная речка,297552923,Коломяжский проспект 4,30.295458,59.990638
4482,2,23,1,25.5,6069294,Приморский, Ивинская,5к2,Зенит,297885110,Ивинская 5к2,30.133088,60.029305
4483,5,16,1,24.53,6102450,Невский, Гудиловская,9,Рыбацкое,293431278,Гудиловская 9,30.533144,59.82684
4484,2,12,1,24.5,6149500,Красногвардейский,Партизанская ,5Б,Ладожская,299403253,Партизанская 5Б,30.425858,59.943368
4485,2,12,1,23.3,6186150,Красногвардейский,Партизанская ,5,,299634308,Партизанская 5,30.425139,59.944521
4486,2,12,1,23.6,6171400,Красногвардейский,Партизанская ,5,,296463083,Партизанская 5,30.425139,59.944521
4487,5,12,1,22.2,6182700,Красногвардейский,Партизанская ,5,,294538766,Партизанская 5,30.425139,59.944521
4488,9,13,-1,28.6,6174253,Приморский,Коломяжский проспект,4,Черная речка,297553055,Коломяжский проспект 4,30.295458,59.990638
4489,2,18,1,28.7,6170500,Невский, Тельмана,37,Ломоносовская,299556081,Тельмана 37,30.47999,59.891268
4490,5,5,1,31.39,6154740,Колпинский,шоссе Рубежное,14,Рыбацкое,298649421,шоссе Рубежное 14,30.626928,59.753645
4491,18,21,-1,27.0,6150000,Московский,Витебский проспект,101к1,Купчино,299184875,Витебский проспект 101к1,30.372947,59.829853
4492,6,18,1,25.3,6194000,Московский, Среднерогатская,12к1,,294664706,Среднерогатская 12к1,30.337419,59.824597
4493,2,9,1,23.97,6166592,Красносельский, Тамбасова,5,Проспект Ветеранов,295858619,Тамбасова 5,30.154432,59.841401
4494,2,25,1,24.95,6294793,Приморский,набережная Реки Каменки,15к1,Озерки,298056517,набережная Реки Каменки 15к1,30.273477,60.054469
4495,6,18,1,21.3,6228120,Невский,проспект Большевиков,68к1,Ломоносовская,298678473,проспект Большевиков 68к1,30.479119,59.872692
4496,14,17,1,19.71,6218505,Василеостровский,Гавань,12,Горный институт,298050451,Гавань 12,30.241164,59.930038
4497,3,3,1,33.9,6200000,Петродворцовый,Красносельское шоссе,22,,289199838,Красносельское шоссе 22,30.133618,59.779463
4498,3,11,1,22.0,6279633,Невский, Гудиловская,5к1,Рыбацкое,295426174,Гудиловская 5к1,30.531455,59.829075
4499,4,16,1,23.9,6243230,Невский,проспект Советский,43к2,Рыбацкое,295114187,проспект Советский 43к2,30.538471,59.828686
4500,14,15,1,24.53,6250145,Невский,Октябрьская набережная,36к3,Проспект Большевиков,298589132,Октябрьская набережная 36к3,30.442863,59.904793
4501,4,9,1,23.46,6271633,Красносельский, Тамбасова,5,Проспект Ветеранов,295858754,Тамбасова 5,30.154432,59.841401
4502,16,21,1,27.55,6200000,Приморский,Полевая Сабировская ,45к1,Комендантский проспект,298233075,Полевая Сабировская 45к1,30.275094,59.994868
4503,8,10,1,25.6,6312145,Приморский,Парашютная ,79к1,Озерки,298402698,Парашютная 79к1,30.241901,60.041251
4504,5,18,1,27.57,6327315,Невский, Тельмана,37,Ломоносовская,299556164,Тельмана 37,30.47999,59.891268
4505,4,17,1,24.42,6341380,Невский,Октябрьская набережная,11Б,Пролетарская,297359547,Октябрьская набережная 11Б,30.496959,59.861652
4506,1,11,1,24.63,6314806,Невский, Гудиловская,5к1,Рыбацкое,295426167,Гудиловская 5к1,30.531455,59.829075
4507,7,16,1,26.81,6340719,Невский, Гудиловская,9,Обухово,292207756,Гудиловская 9,30.533144,59.82684
4508,3,4,-1,18.5,6319248,Центральный, Константина Заслонова,8Б,Лиговский проспект,295288046,Константина Заслонова 8Б,30.349052,59.919288
4509,15,19,1,23.4,6350000,Московский, Среднерогатская,14к1,Звездная,298092711,Среднерогатская 14к1,30.337526,59.823629
4510,3,24,1,21.98,6384597,Невский, Славянская,8,Рыбацкое,298009600,Славянская 8,30.526191,59.83324
4511,10,23,1,24.58,6374815,Невский,Рыбацкое,4,Рыбацкое,299173189,Рыбацкое 4,30.488803,59.99926
4512,7,14,1,24.8,6399999,Приморский,аллея Арцеуловская,17,Комендантский проспект,299092493,аллея Арцеуловская 17,30.205546,60.040339
4513,1,13,1,29.0,6368864,Приморский,Планерная ,87к1,Комендантский проспект,264975822,Планерная 87к1,30.2026,60.030245
4514,22,25,1,26.12,6492520,Приморский,набережная Реки Каменки,15к1,Проспект Просвещения,298056522,набережная Реки Каменки 15к1,30.273477,60.054469
4515,4,14,-1,31.15,6498228,Красногвардейский,Магнитогорская ,51,Новочеркасская,296045834,Магнитогорская 51,30.433835,59.939104
4516,4,10,1,26.9,6450289,Приморский,Парашютная ,79к1,Комендантский проспект,292425333,Парашютная 79к1,30.241901,60.041251
4517,2,10,1,27.8,6402541,Приморский,Парашютная ,79к1,Комендантский проспект,292425319,Парашютная 79к1,30.241901,60.041251
4518,3,18,1,27.03,6487200,Невский, Тельмана,37,Ломоносовская,299555720,Тельмана 37,30.47999,59.891268
4519,16,18,1,23.1,6468000,Василеостровский, Вадима Шефнера,4,Василеостровская,297667973,Вадима Шефнера 4,30.20869,59.934695
4520,15,15,1,19.02,6409740,Василеостровский,Гавань,12,Горный институт,298050440,Гавань 12,30.241164,59.930038
4521,11,18,1,23.9,6453000,Василеостровский, Вадима Шефнера,4,Василеостровская,296306138,Вадима Шефнера 4,30.20869,59.934695
4522,12,16,1,21.47,6463275,Московский,Кубинская ,82к1,Ленинский проспект,274433604,Кубинская 82к1,30.300902,59.840781
4523,7,25,1,25.0,6400000,Выборгский,проспект Просвещения,43,Проспект Просвещения,293945331,проспект Просвещения 43,30.363012,60.046221
4524,5,5,1,36.55,6459900,Колпинский,шоссе Рубежное,14,Рыбацкое,298649536,шоссе Рубежное 14,30.626928,59.753645
4525,1,17,1,26.9,6464070,Московский,Московское шоссе,13ВГ,Звездная,297034999,Московское шоссе 13ВГ,30.339377,59.827116
4526,10,16,1,22.22,6546242,Московский,Кубинская ,82к1,Ленинский проспект,276767084,Кубинская 82к1,30.300902,59.840781
4527,17,25,1,25.3,6500000,Калининский,Лабораторный проспект,20к3,Лесная,299631743,Лабораторный проспект 20к3,30.385245,59.983716
4528,4,5,-1,23.73,6550000,Курортный, Инструментальщиков,9Б,,297212645,Инструментальщиков 9Б,29.942573,60.087013
4529,17,18,1,25.9,6690000,Фрунзенский, Салова,61,Бухарестская,299649659,Салова 61,30.368563,59.885142
4530,10,14,1,20.0,6712320,Фрунзенский,Волковское,5,Обводный канал,293795736,Волковское 5,30.366614,59.892067
4531,4,10,1,28.9,6733909,Приморский,Парашютная ,79к1,Комендантский проспект,298402690,Парашютная 79к1,30.241901,60.041251
4532,17,18,1,26.1,6655500,Василеостровский, Вадима Шефнера,4,Василеостровская,296306235,Вадима Шефнера 4,30.20869,59.934695
4533,4,11,1,27.27,6730550,Невский, Гудиловская,5к1,Рыбацкое,295426177,Гудиловская 5к1,30.531455,59.829075
4534,2,11,1,23.35,6680169,Невский, Гудиловская,5к1,Рыбацкое,295426168,Гудиловская 5к1,30.531455,59.829075
4535,2,11,1,25.97,6682237,Невский, Гудиловская,6к1,Обухово,285024177,Гудиловская 6к1,30.532533,59.828663
4536,1,12,1,27.5,6650000,Выборгский,Манчестерская ,3к2,Удельная,299320588,Манчестерская 3к2,30.329361,60.009242
4537,1,11,1,39.0,6743100,Пушкинский,проспект Старорусский,13к2,Звездная,294664538,проспект Старорусский 13к2,30.355825,59.805079
4538,4,13,-1,31.07,6653329,Приморский,Коломяжский проспект,4,Черная речка,297552904,Коломяжский проспект 4,30.295458,59.990638
4539,11,11,1,21.6,6746000,Невский,Октябрьская набережная,86К2,Пролетарская,293297444,Октябрьская набережная 86К2,30.469651,59.872227
4540,3,9,1,25.2,6672730,Красносельский, Тамбасова,5,Проспект Ветеранов,295858749,Тамбасова 5,30.154432,59.841401
4541,1,17,1,27.9,6696000,Московский, Федора Котанова,5к2,Звездная,292227372,Федора Котанова 5к2,30.341632,59.826008
4542,13,16,-1,28.41,6870948,Московский,Московское шоссе,13Ж,Звездная,298146063,Московское шоссе 13Ж,30.356238,59.823959
4543,3,11,1,25.97,6872404,Невский, Гудиловская,5к1,Рыбацкое,295426202,Гудиловская 5к1,30.531455,59.829075
4544,3,17,1,23.33,6810458,Невский,Октябрьская набережная,11Б,Пролетарская,297359522,Октябрьская набережная 11Б,30.496959,59.861652
4545,4,15,-1,30.07,6871231,Красногвардейский,проспект Энергетиков,6,Ладожская,289280458,проспект Энергетиков 6,30.434221,59.935926
4546,2,15,-1,27.59,6826613,Красногвардейский,проспект Энергетиков,6,Ладожская,289280468,проспект Энергетиков 6,30.434221,59.935926
4547,4,13,1,30.7,6823896,Приморский,Планерная ,87к1,Комендантский проспект,297548220,Планерная 87к1,30.2026,60.030245
4548,1,3,1,35.8,6937377,Петродворцовый,Красносельское шоссе,22,Ленинский проспект,298402712,Красносельское шоссе 22,30.133618,59.779463
4549,8,25,1,31.6,6949991,Приморский,шоссе Суздальское,20к4,Проспект Просвещения,298651636,шоссе Суздальское 20к4,30.277115,60.059234
4550,11,23,1,29.0,6949000,Красногвардейский,проспект Энергетиков,11к2,Новочеркасская,298339302,проспект Энергетиков 11к2,30.437024,59.939293
4551,1,4,-1,30.0,6900000,Приморский, Новая,51к41,Беговая,293441590,Новая 51к41,30.159498,60.00608
4552,15,15,1,22.81,6984422,Василеостровский,Гавань,12,Горный институт,296662623,Гавань 12,30.241164,59.930038
4553,14,14,-1,36.54,6990000,Кировский,проспект Стачек,64,Кировский завод,294571658,проспект Стачек 64,30.264314,59.881245
4554,2,15,-1,36.89,6955964,Красногвардейский,проспект Энергетиков,6,Ладожская,290733274,проспект Энергетиков 6,30.434221,59.935926
4555,16,24,1,25.0,6990000,Приморский, Плесецкая,10,Комендантский проспект,299189228,Плесецкая 10,30.214808,60.03371
4556,3,7,-1,26.4,7000000,Приморский,Приморский проспект,6,,297211543,Приморский проспект 6,30.283187,59.983265
4557,3,3,1,33.1,7029306,Петродворцовый,Красносельское шоссе,22,Ленинский проспект,293828734,Красносельское шоссе 22,30.133618,59.779463
4558,8,18,1,26.5,7022500,Василеостровский, Вадима Шефнера,4,Василеостровская,296306156,Вадима Шефнера 4,30.20869,59.934695
4559,2,11,1,21.8,7073664,Фрунзенский,Волковское,3,Обводный канал,287469471,Волковское 3,30.366614,59.892067
4560,12,14,1,20.6,7036300,Фрунзенский,Волковское,5,Обводный канал,292512706,Волковское 5,30.366614,59.892067
4561,12,12,1,21.8,7079942,Фрунзенский,Волковское,5,Обводный канал,290223466,Волковское 5,30.366614,59.892067
4562,10,18,1,24.6,7134000,Василеостровский,бульвар Головнина,3к1,Горный институт,292855629,бульвар Головнина 3к1,30.205285,59.933731
4563,14,18,-1,25.0,7100000,Московский,5-й Предпортовый проезд,2,Московская,299137228,5-й Предпортовый проезд 2,30.312392,59.840849
4564,4,7,-1,26.6,7185000,Приморский,Приморский проспект,6,,289902310,Приморский проспект 6,30.283187,59.983265
4565,2,3,1,34.0,7220435,Петродворцовый,Красносельское шоссе,22,Проспект Ветеранов,298402725,Красносельское шоссе 22,30.133618,59.779463
4566,17,18,1,28.4,7242000,Василеостровский, Вадима Шефнера,4,Василеостровская,296306223,Вадима Шефнера 4,30.20869,59.934695
4567,4,6,1,19.6,7173169,Адмиралтейский,набережная Обводного Канала,118бБ,Балтийская,298163681,набережная Обводного Канала 118бБ,30.305546,59.907532
4568,11,14,1,23.6,7238592,Фрунзенский,Волковское,5,Обводный канал,294724133,Волковское 5,30.366614,59.892067
4569,2,12,1,22.1,7203384,Фрунзенский,Волковское,4,Обводный канал,277372984,Волковское 4,30.366614,59.892067
4570,2,5,1,29.3,7200000,Петроградский, Ленина,41,Чкаловская,299059285,Ленина 41,30.298665,59.964602
4571,17,18,1,28.6,7293000,Василеостровский, Вадима Шефнера,4,Василеостровская,296306218,Вадима Шефнера 4,30.20869,59.934695
4572,21,25,1,30.1,7250000,Калининский, Богословская,4к3,Лесная,299166705,Богословская 4к3,30.378669,59.985107
4573,2,11,1,23.8,7259000,Московский,Московский проспект,114Б,Московские ворота,294213911,Московский проспект 114Б,30.321015,59.891597
4574,3,14,-1,34.97,7349140,Красногвардейский,Магнитогорская ,51,Ладожская,292504134,Магнитогорская 51,30.433835,59.939104
4575,12,18,1,28.5,7300000,Фрунзенский, Салова,61,Бухарестская,298967970,Салова 61,30.368563,59.885142
4576,2,14,1,24.3,7403359,Фрунзенский,Волковское,1,Обводный канал,288160763,Волковское 1,30.366614,59.892067
4577,12,14,1,25.4,7412736,Фрунзенский,Волковское,5,Обводный канал,299174636,Волковское 5,30.366614,59.892067
4578,13,13,1,23.6,7403980,Фрунзенский,Волковское,3,Обводный канал,293354156,Волковское 3,30.366614,59.892067
4579,2,10,-1,35.2,7585600,Василеостровский, Одоевского,17,Василеостровская,295026147,Одоевского 17,30.261277,59.951957
4580,8,17,1,25.6,7600000,Приморский,переулок Ипподромный,1к2,Пионерская,298216616,переулок Ипподромный 1к2,30.307298,60.000294
4581,2,11,1,26.0,7600320,Фрунзенский,Волковское,3,Обводный канал,275298194,Волковское 3,30.366614,59.892067
4582,5,7,1,25.0,7625000,Петроградский,Каменноостровский проспект,45,Петроградская,298677646,Каменноостровский проспект 45,30.308996,59.968876
4583,4,10,-1,35.9,7736450,Василеостровский, Одоевского,17,Василеостровская,295026160,Одоевского 17,30.261277,59.951957
4584,1,11,1,33.34,7711409,Невский, Гудиловская,6к1,Обухово,285020664,Гудиловская 6к1,30.532533,59.828663
4585,10,18,-1,23.2,7830000,Фрунзенский, Салова,61,Бухарестская,297982363,Салова 61,30.368563,59.885142
4586,10,19,-1,23.1,7750000,Фрунзенский, Салова,61,Бухарестская,298648611,Салова 61,30.368563,59.885142
4587,12,18,1,26.52,7876440,Фрунзенский, Салова,61,Бухарестская,297982362,Салова 61,30.368563,59.885142
4588,9,10,1,27.7,7990000,Московский,Киевская ,5к6,Технологический институт,279676716,Киевская 5к6,30.326405,59.902961
4589,9,10,1,27.3,7990000,Московский,Киевская ,5к6,Технологический институт,279676710,Киевская 5к6,30.326405,59.902961
4590,8,18,-1,23.56,7951500,Фрунзенский, Салова,61,Бухарестская,293340260,Салова 61,30.368563,59.885142
4591,2,10,-1,36.8,7930400,Василеостровский, Одоевского,17,Василеостровская,295026151,Одоевского 17,30.261277,59.951957
4592,3,14,-1,39.23,8143392,Красногвардейский,Магнитогорская ,51,Площадь Александра Невского,292504048,Магнитогорская 51,30.433835,59.939104
4593,2,14,1,24.9,8063989,Фрунзенский,Волковское,1,Обводный канал,293227169,Волковское 1,30.366614,59.892067
4594,5,14,1,26.0,8100000,Василеостровский,Уральская ,21,Василеостровская,298095241,Уральская 21,30.252896,59.955939
4595,3,13,-1,30.0,8144790,Приморский,Коломяжский проспект,4,Черная речка,298730064,Коломяжский проспект 4,30.295458,59.990638
4596,8,12,1,24.8,8156472,Фрунзенский,Волковское,4,Обводный канал,299174525,Волковское 4,30.366614,59.892067
4597,5,10,-1,35.3,8290000,Московский,Киевская ,5к6,Фрунзенская,291029374,Киевская 5к6,30.326405,59.902961
4598,5,10,1,36.0,8290000,Московский,Киевская ,5к6,Обводный канал,293722066,Киевская 5к6,30.326405,59.902961
4599,9,10,1,30.0,8390000,Московский,Киевская ,5к6,Обводный канал,279676742,Киевская 5к6,30.326405,59.902961
4600,4,14,-1,39.9,8303002,Красногвардейский,Магнитогорская ,51,Ладожская,296045830,Магнитогорская 51,30.433835,59.939104
4601,14,23,1,24.9,8395999,Калининский,Полюстровский проспект,75,Лесная,299507407,Полюстровский проспект 75,30.366201,59.981708
4602,1,19,1,36.5,8300118,Невский,Дальневосточный проспект,19к1,Проспект Большевиков,299178327,Дальневосточный проспект 19к1,30.447301,59.906982
4603,12,18,1,28.3,8348500,Василеостровский,бульвар Головнина,3к1,Горный институт,294573254,бульвар Головнина 3к1,30.205285,59.933731
4604,11,12,1,23.2,8302468,Фрунзенский,Волковское,4,Обводный канал,287469096,Волковское 4,30.366614,59.892067
4605,12,18,1,28.5,8407500,Василеостровский,бульвар Головнина,3к1,Горный институт,294573248,бульвар Головнина 3к1,30.205285,59.933731
4606,3,25,1,23.24,8499966,Приморский,Коломяжский проспект,13к2,Пионерская,297024769,Коломяжский проспект 13к2,30.302348,59.999615
4607,8,12,1,24.6,8487738,Василеостровский,Гавань,1,Приморская,277780807,Гавань 1,30.241164,59.930038
4608,2,14,1,29.3,8492458,Фрунзенский,Волковское,1,Обводный канал,293227164,Волковское 1,30.366614,59.892067
4609,6,19,1,36.0,8500068,Невский,Дальневосточный проспект,19к1,Проспект Большевиков,299582558,Дальневосточный проспект 19к1,30.447301,59.906982
4610,4,5,-1,24.56,8514903,Курортный, Инструментальщиков,18,Беговая,293123129,Инструментальщиков 18,29.942726,60.086295
4611,11,12,1,24.0,8530704,Василеостровский,Гавань,1,Приморская,298242940,Гавань 1,30.241164,59.930038
4612,2,8,1,32.0,8629453,Московский,Черниговская ,11к1,Московские ворота,298657601,Черниговская 11к1,30.327196,59.895438
4613,5,5,-1,23.74,8630155,Курортный, Инструментальщиков,18,Беговая,293123103,Инструментальщиков 18,29.942726,60.086295
4614,6,10,-1,21.5,8550000,Центральный,Херсонский проезд,6,Площадь Александра Невского,299518634,Херсонский проезд 6,30.386188,59.929421
4615,20,25,1,29.0,8706118,Приморский,Богатырский проспект,2А,Пионерская,297024826,Богатырский проспект 2А,30.304289,60.000857
4616,11,12,1,29.6,8714388,Фрунзенский,Волковское,4,Обводный канал,299174524,Волковское 4,30.366614,59.892067
4617,19,25,1,30.26,8719832,Приморский,Богатырский проспект,2А,Пионерская,297024811,Богатырский проспект 2А,30.304289,60.000857
4618,9,10,-1,26.1,8748000,Василеостровский,проспект Малый Васильевского острова,54к2,Горный институт,292192711,проспект Малый Васильевского острова 54к2,30.25754,59.941781
4619,2,10,-1,40.4,8706200,Василеостровский, Одоевского,17,Василеостровская,295026152,Одоевского 17,30.261277,59.951957
4620,2,12,1,28.8,8797460,Московский,Черниговская ,17,Московские ворота,299132636,Черниговская 17,30.330717,59.8977
4621,2,25,1,28.06,8776159,Приморский,Коломяжский проспект,13к2,Пионерская,297024761,Коломяжский проспект 13к2,30.302348,59.999615
4622,3,25,1,23.76,8785522,Приморский,Коломяжский проспект,13к2,Пионерская,297024731,Коломяжский проспект 13к2,30.302348,59.999615
4623,6,12,1,26.2,8758791,Фрунзенский,Волковское,4,Обводный канал,294724109,Волковское 4,30.366614,59.892067
4624,2,19,1,30.92,8804246,Приморский,Коломяжский проспект,13,Пионерская,297025118,Коломяжский проспект 13,30.30101,59.998027
4625,5,5,-1,22.33,8850418,Курортный, Инструментальщиков,18,Беговая,291779585,Инструментальщиков 18,29.942726,60.086295
4626,14,25,1,29.43,8862762,Приморский,Коломяжский проспект,13к2,Пионерская,297024439,Коломяжский проспект 13к2,30.302348,59.999615
4627,4,14,1,29.9,8899286,Фрунзенский,Волковское,1,Обводный канал,294144813,Волковское 1,30.366614,59.892067
4628,3,10,-1,40.9,8813950,Василеостровский, Одоевского,17,Василеостровская,295026157,Одоевского 17,30.261277,59.951957
4629,10,10,-1,25.2,8850000,Василеостровский,проспект Малый Васильевского острова,54к2,Горный институт,268140002,проспект Малый Васильевского острова 54к2,30.25754,59.941781
4630,10,11,-1,29.8,8870000,Василеостровский,набережная Макарова,60,Приморская,298432660,набережная Макарова 60,30.242566,59.957449
4631,3,14,-1,43.33,8994473,Красногвардейский,Магнитогорская ,51,Ладожская,292504059,Магнитогорская 51,30.433835,59.939104
4632,2,25,1,26.12,8984475,Приморский,Коломяжский проспект,13к2,Пионерская,297024763,Коломяжский проспект 13к2,30.302348,59.999615
4633,9,9,1,20.0,8992040,Адмиралтейский,Измайловское,к 2.1,Балтийская,299176053,Измайловское к 2.1,30.308188,59.907501
4634,2,12,1,28.7,8922801,Василеостровский,Гавань,1,Приморская,277167918,Гавань 1,30.241164,59.930038
4635,4,12,1,26.0,8980000,Выборгский,Новолитовская ,12,Лесная,299341908,Новолитовская 12,30.35799,59.982356
4636,4,10,1,27.8,8990000,Василеостровский,проспект Малый Васильевского острова,63/14,Василеостровская,294174720,проспект Малый Васильевского острова 63/14,30.243913,59.93873
4637,24,25,1,31.38,8904617,Приморский,Богатырский проспект,2А,Пионерская,297024804,Богатырский проспект 2А,30.304289,60.000857
4638,7,18,-1,30.15,9090225,Фрунзенский, Салова,61,Бухарестская,294996567,Салова 61,30.368563,59.885142
4639,2,16,-1,27.3,9000000,Московский,Московский проспект,103к6Й,Московские ворота,286942198,Московский проспект 103к6Й,30.313613,59.890528
4640,13,23,1,27.9,9008756,Калининский,Полюстровский проспект,75,Лесная,299507405,Полюстровский проспект 75,30.366201,59.981708
4641,9,9,1,20.0,9074760,Адмиралтейский,Измайловское,к 2.2,Балтийская,295870052,Измайловское к 2.2,30.308188,59.907501
4642,7,12,1,27.1,9124593,Московский,Черниговская ,17,Московские ворота,298657656,Черниговская 17,30.330717,59.8977
4643,2,25,1,25.41,9171724,Приморский,Коломяжский проспект,13к2,Пионерская,297024755,Коломяжский проспект 13к2,30.302348,59.999615
4644,2,7,1,23.2,9150636,Адмиралтейский,Измайловское,к 2.1,Балтийская,299176051,Измайловское к 2.1,30.308188,59.907501
4645,6,9,1,21.2,9101117,Адмиралтейский,Измайловское,к 2.2,Балтийская,298768024,Измайловское к 2.2,30.308188,59.907501
4646,2,7,1,24.3,9191620,Адмиралтейский,Измайловское,к 2.2,Балтийская,292688315,Измайловское к 2.2,30.308188,59.907501
4647,12,16,-1,24.5,9200000,Московский,Московский проспект,103к6Й,Московские ворота,295869994,Московский проспект 103к6Й,30.313613,59.890528
4648,7,8,1,27.2,9208761,Московский,Черниговская ,13к2,Московские ворота,298657566,Черниговская 13к2,30.329271,59.896039
4649,4,10,-1,42.9,9244950,Василеостровский, Одоевского,17,Василеостровская,295026158,Одоевского 17,30.261277,59.951957
4650,4,8,1,24.6,9342997,Московский,Черниговская ,11к1,Московские ворота,298657617,Черниговская 11к1,30.327196,59.895438
4651,4,7,1,23.2,9314196,Адмиралтейский,Измайловское,к 2.2,Балтийская,299176018,Измайловское к 2.2,30.308188,59.907501
4652,18,18,1,30.4,9300000,Калининский, Обручевых,5,Политехническая,295914224,Обручевых 5,30.379235,60.012341
4653,6,11,1,23.4,9250000,Фрунзенский,Лиговский проспект,271,Обводный канал,299186864,Лиговский проспект 271,30.342404,59.905357
4654,9,12,1,27.4,9321343,Фрунзенский,Волковское,4,Обводный канал,277372926,Волковское 4,30.366614,59.892067
4655,4,5,-1,23.32,9380167,Курортный, Инструментальщиков,18,Беговая,293598990,Инструментальщиков 18,29.942726,60.086295
4656,2,9,1,24.8,9378417,Адмиралтейский,Измайловское,к 2.1,Балтийская,299176050,Измайловское к 2.1,30.308188,59.907501
4657,2,9,1,24.8,9436697,Адмиралтейский,Измайловское,к 2.2,Балтийская,292688314,Измайловское к 2.2,30.308188,59.907501
4658,2,10,-1,43.8,9438900,Василеостровский, Одоевского,17,Василеостровская,295026163,Одоевского 17,30.261277,59.951957
4659,3,9,1,24.1,9505040,Петроградский,Петровский проспект,9к2,Спортивная,298085164,Петровский проспект 9к2,30.266533,59.960994
4660,6,12,-1,23.7,9544492,Курортный,Приморское шоссе,570Л,,289388411,Приморское шоссе 570Л,29.662541,60.191798
4661,2,10,-1,22.7,9534000,Центральный,Херсонский проезд,6,Площадь Александра Невского,296920323,Херсонский проезд 6,30.386188,59.929421
4662,3,16,-1,26.4,9450000,Московский,Московский проспект,103к6Й,Московские ворота,271710044,Московский проспект 103к6Й,30.313613,59.890528
4663,9,10,-1,21.2,9648374,Центральный,Херсонский проезд,6,Площадь Александра Невского,299635046,Херсонский проезд 6,30.386188,59.929421
4664,9,10,-1,20.9,9608900,Центральный,Херсонский проезд,6,Площадь Александра Невского,299640628,Херсонский проезд 6,30.386188,59.929421
4665,2,10,-1,22.9,9618000,Центральный,Херсонский проезд,6,Площадь Александра Невского,299338004,Херсонский проезд 6,30.386188,59.929421
4666,2,8,1,30.4,9625596,Московский,Черниговская ,11к1,Московские ворота,298657620,Черниговская 11к1,30.327196,59.895438
4667,4,12,1,27.8,9582139,Московский,Черниговская ,17,Московские ворота,298657816,Черниговская 17,30.330717,59.8977
4668,3,11,1,30.43,9646310,Московский,Московский проспект,114Б,Московские ворота,294213912,Московский проспект 114Б,30.321015,59.891597
4669,3,7,1,24.3,9728407,Адмиралтейский,Измайловское,к 2.1,Балтийская,293408463,Измайловское к 2.1,30.308188,59.907501
4670,5,9,1,26.1,9761400,Петроградский,Петровский проспект,9к2,Спортивная,298085139,Петровский проспект 9к2,30.266533,59.960994
4671,5,8,1,24.3,9785260,Московский,Черниговская ,11к1,Московские ворота,298657608,Черниговская 11к1,30.327196,59.895438
4672,2,10,-1,23.6,9912000,Центральный,Херсонский проезд,6,Площадь Александра Невского,296920317,Херсонский проезд 6,30.386188,59.929421
4673,3,9,1,26.57,9949999,Адмиралтейский, Шкапина,43-45,Балтийская,299481419,Шкапина 43-45,30.288622,59.903823
4674,6,8,1,27.7,9892327,Московский,Черниговская ,13к2,Московские ворота,298657562,Черниговская 13к2,30.329271,59.896039
4675,5,5,-1,29.02,9987915,Курортный, Инструментальщиков,18,Беговая,293123107,Инструментальщиков 18,29.942726,60.086295
4676,16,25,1,27.26,10002645,Приморский,Коломяжский проспект,13к2,Пионерская,297024719,Коломяжский проспект 13к2,30.302348,59.999615
4677,3,9,1,27.6,10004006,Адмиралтейский,Измайловское,к 2.2,Балтийская,290945795,Измайловское к 2.2,30.308188,59.907501
4678,3,13,-1,39.13,9990202,Приморский,Коломяжский проспект,4,Черная речка,298729987,Коломяжский проспект 4,30.295458,59.990638
4679,2,8,-1,22.5,9970000,Петроградский,Ремесленная ,17литЗ,Спортивная,299601643,Ремесленная 17литЗ,30.272965,59.954908
4680,5,16,-1,34.9,10100000,Московский,Московский проспект,103к6Й,Московские ворота,297604371,Московский проспект 103к6Й,30.313613,59.890528
4681,5,16,-1,30.4,10100000,Московский,Московский проспект,103к6Й,Московские ворота,297604362,Московский проспект 103к6Й,30.313613,59.890528
4682,4,8,1,31.9,10104619,Московский,Черниговская ,13к2,Московские ворота,298657535,Черниговская 13к2,30.329271,59.896039
4683,9,10,-1,22.4,10194509,Центральный,Херсонский проезд,6,Площадь Александра Невского,299640627,Херсонский проезд 6,30.386188,59.929421
4684,1,5,-1,25.58,10160069,Курортный, Инструментальщиков,18,Беговая,293123118,Инструментальщиков 18,29.942726,60.086295
4685,6,12,1,26.0,10204434,Московский,Черниговская ,17,Московские ворота,298657818,Черниговская 17,30.330717,59.8977
4686,4,9,1,27.6,10177831,Адмиралтейский,Измайловское,к 2.1,Балтийская,290945865,Измайловское к 2.1,30.308188,59.907501
4687,9,18,1,33.8,10263337,Адмиралтейский,бульвар Измайловский,9,Фрунзенская,298655450,бульвар Измайловский 9,30.306229,59.900448
4688,7,8,1,31.4,10371200,Московский,Черниговская ,13к2,Московские ворота,298657541,Черниговская 13к2,30.329271,59.896039
4689,6,18,1,32.0,10529309,Адмиралтейский,бульвар Измайловский,9,Фрунзенская,298655458,бульвар Измайловский 9,30.306229,59.900448
4690,2,5,-1,29.98,10545375,Курортный, Инструментальщиков,18,Беговая,293598859,Инструментальщиков 18,29.942726,60.086295
4691,5,8,1,35.9,10536106,Московский,Черниговская ,13к2,Московские ворота,298657963,Черниговская 13к2,30.329271,59.896039
4692,7,8,1,38.0,10500000,Красносельский,Петергофское шоссе,84к19,,299376579,Петергофское шоссе 84к19,30.108106,59.846007
4693,2,10,-1,25.0,10500000,Центральный,Херсонский проезд,6,Площадь Александра Невского,296920318,Херсонский проезд 6,30.386188,59.929421
4694,10,17,1,34.88,10495392,Выборгский,Большой Сампсониевский проспект,77,Лесная,299273050,Большой Сампсониевский проспект 77,30.334598,59.987258
4695,1,10,1,29.7,10558350,Выборгский,Манчестерская ,3к1,Удельная,296753822,Манчестерская 3к1,30.328732,60.010456
4696,1,10,1,29.7,10558350,Выборгский,Манчестерская ,3к1,Удельная,296753822,Манчестерская 3к1,30.328732,60.010456
4697,4,9,1,28.95,10639999,Адмиралтейский, Шкапина,43-45,Балтийская,299481477,Шкапина 43-45,30.288622,59.903823
4698,1,5,-1,35.26,10578000,Курортный, Инструментальщиков,18,Беговая,289559413,Инструментальщиков 18,29.942726,60.086295
4699,2,7,1,23.2,10592145,Адмиралтейский,Измайловское,к1,Балтийская,274325237,Измайловское к1,30.308188,59.907501
4700,4,6,-1,26.57,10588145,Курортный,дорога Таможенная,11к1с4,Беговая,293980708,дорога Таможенная 11к1с4,29.942986,60.128471
4701,7,14,1,30.9,10550000,Выборгский, Грибалевой,7к3,Лесная,299468449,Грибалевой 7к3,30.356714,59.983675
4702,6,9,1,29.83,10679999,Адмиралтейский, Шкапина,43-45,Балтийская,299481546,Шкапина 43-45,30.288622,59.903823
4703,5,9,1,24.8,10788793,Адмиралтейский,Измайловское,к1,Балтийская,284669843,Измайловское к1,30.308188,59.907501
4704,4,14,-1,50.87,10795469,Красногвардейский,Магнитогорская ,51,Ладожская,296045824,Магнитогорская 51,30.433835,59.939104
4705,2,10,-1,26.4,10824000,Центральный,Херсонский проезд,6,Площадь Александра Невского,299337999,Херсонский проезд 6,30.386188,59.929421
4706,11,12,1,28.0,10777956,Василеостровский,Гавань,1,Приморская,289084223,Гавань 1,30.241164,59.930038
4707,2,7,1,24.3,10811118,Адмиралтейский,Измайловское,к1,Балтийская,275860537,Измайловское к1,30.308188,59.907501
4708,6,10,-1,26.8,10827950,Центральный,Херсонский проезд,6,Площадь Александра Невского,296920293,Херсонский проезд 6,30.386188,59.929421
4709,2,10,-1,26.7,10947000,Центральный,Херсонский проезд,6,Площадь Александра Невского,299338015,Херсонский проезд 6,30.386188,59.929421
4710,7,18,1,34.7,10984019,Адмиралтейский,бульвар Измайловский,9,Фрунзенская,298655486,бульвар Измайловский 9,30.306229,59.900448
4711,8,10,-1,25.9,10945444,Центральный,Херсонский проезд,6,Площадь Александра Невского,296920358,Херсонский проезд 6,30.386188,59.929421
4712,12,14,1,30.71,10949999,Красногвардейский,проспект Энергетиков,2,,279352009,проспект Энергетиков 2,30.434311,59.931134
4713,4,16,-1,39.9,11000000,Московский,Московский проспект,103к6Й,Московские ворота,299046054,Московский проспект 103к6Й,30.313613,59.890528
4714,8,9,1,27.4,11098260,Адмиралтейский,Измайловское,к 2.1,Балтийская,298894723,Измайловское к 2.1,30.308188,59.907501
4715,5,9,1,29.8,11210760,Петроградский,Петровский проспект,9к2,Спортивная,298366920,Петровский проспект 9к2,30.266533,59.960994
4716,5,16,-1,39.9,11200008,Московский,Московский проспект,103к6Й,Московские ворота,297604380,Московский проспект 103к6Й,30.313613,59.890528
4717,3,16,-1,38.7,11200000,Московский,Московский проспект,103к6Й,Московские ворота,273024315,Московский проспект 103к6Й,30.313613,59.890528
4718,6,9,1,31.62,11269999,Адмиралтейский, Шкапина,43-45,Балтийская,299481550,Шкапина 43-45,30.288622,59.903823
4719,2,10,-1,27.5,11275000,Центральный,Херсонский проезд,6,Площадь Александра Невского,296920344,Херсонский проезд 6,30.386188,59.929421
4720,6,6,1,31.4,11405000,Василеостровский,Морской,7,Горный институт,289707281,Морской 7,30.277097,59.971001
4721,7,9,1,29.1,11316990,Петроградский,Петровский проспект,9к2,Спортивная,298366965,Петровский проспект 9к2,30.266533,59.960994
4722,2,10,-1,27.7,11357000,Центральный,Херсонский проезд,6,Площадь Александра Невского,299337997,Херсонский проезд 6,30.386188,59.929421
4723,6,9,1,27.6,11495786,Адмиралтейский,Измайловское,к1,Балтийская,296296604,Измайловское к1,30.308188,59.907501
4724,1,13,1,36.1,11552902,Приморский,Коломяжский проспект,4,Черная речка,298220727,Коломяжский проспект 4,30.295458,59.990638
4725,6,11,-1,28.7,11600000,Центральный,Херсонский проезд,6,Площадь Александра Невского,297116332,Херсонский проезд 6,30.386188,59.929421
4726,3,5,-1,38.85,11654994,Курортный, Инструментальщиков,18,Беговая,285763039,Инструментальщиков 18,29.942726,60.086295
4727,2,4,1,24.5,11900000,Василеостровский,проспект Средний Васильевского острова,83с2,Василеостровская,299517776,проспект Средний Васильевского острова 83с2,30.25419,59.937553
4728,8,9,1,27.4,12015174,Адмиралтейский,Измайловское,к1,Балтийская,298894717,Измайловское к1,30.308188,59.907501
4729,12,14,1,33.79,12219999,Красногвардейский,проспект Энергетиков,2,,279352033,проспект Энергетиков 2,30.434311,59.931134
4730,2,9,1,34.34,12369999,Адмиралтейский, Шкапина,43-45,Балтийская,299481516,Шкапина 43-45,30.288622,59.903823
4731,2,9,1,34.72,12439999,Адмиралтейский, Шкапина,43-45,Балтийская,299481518,Шкапина 43-45,30.288622,59.903823
4732,3,14,-1,60.83,12627136,Красногвардейский,Магнитогорская ,51,Ладожская,292504112,Магнитогорская 51,30.433835,59.939104
4733,2,10,-1,30.7,12587000,Центральный,Херсонский проезд,6,Площадь Александра Невского,296920308,Херсонский проезд 6,30.386188,59.929421
4734,3,10,-1,34.3,13603298,Центральный,Херсонский проезд,6,Площадь Александра Невского,296920286,Херсонский проезд 6,30.386188,59.929421
4735,2,14,1,51.0,14150307,Невский,Фарфоровская ,7к1,Ломоносовская,299582555,Фарфоровская 7к1,30.430781,59.880505
4736,2,10,-1,34.7,14227000,Центральный,Херсонский проезд,6,Площадь Александра Невского,296920311,Херсонский проезд 6,30.386188,59.929421
4737,10,10,1,36.25,14300000,Фрунзенский,Прилукская ,28к2,Обводный канал,297024661,Прилукская 28к2,30.354118,59.908989
4738,4,10,-1,37.6,14842224,Центральный,Херсонский проезд,6,Площадь Александра Невского,299338034,Херсонский проезд 6,30.386188,59.929421
4739,2,10,-1,36.4,14924000,Центральный,Херсонский проезд,6,Площадь Александра Невского,296920310,Херсонский проезд 6,30.386188,59.929421
4740,3,10,-1,38.6,15165261,Центральный,Херсонский проезд,6,Площадь Александра Невского,296920285,Херсонский проезд 6,30.386188,59.929421
4741,7,25,1,30.32,15691282,Московский,Алтайская ,39,Московская,297319719,Алтайская 39,30.333134,59.849103
4742,2,12,-1,48.2,16154712,Курортный,Приморское шоссе,570Л,,289388271,Приморское шоссе 570Л,29.662541,60.191798
4743,5,12,-1,46.3,17158055,Курортный,Приморское шоссе,570Л,,296606507,Приморское шоссе 570Л,29.662541,60.191798
4744,10,12,-1,24.7,17331496,Курортный,Приморское шоссе,570Л,,290705960,Приморское шоссе 570Л,29.662541,60.191798
4745,5,12,-1,46.6,17271684,Курортный,Приморское шоссе,570Л,,289388327,Приморское шоссе 570Л,29.662541,60.191798
4746,9,10,-1,38.4,17832960,Центральный,Херсонский проезд,6,Площадь Александра Невского,296920381,Херсонский проезд 6,30.386188,59.929421
4747,1,13,1,59.36,18406348,Приморский,Коломяжский проспект,4,Черная речка,298220731,Коломяжский проспект 4,30.295458,59.990638
4748,6,12,-1,49.3,19089995,Курортный,Приморское шоссе,570Л,,289388395,Приморское шоссе 570Л,29.662541,60.191798
4749,3,12,-1,64.5,22205633,Курортный,Приморское шоссе,570Л,,289388278,Приморское шоссе 570Л,29.662541,60.191798
4750,12,12,-1,50.7,35505680,Курортный,Приморское шоссе,570Л,,290705992,Приморское шоссе 570Л,29.662541,60.191798
4751,11,12,-1,51.5,36077200,Курортный,Приморское шоссе,570Л,,290705973,Приморское шоссе 570Л,29.662541,60.191798
4752,11,12,-1,96.6,68296640,Курортный,Приморское шоссе,570Л,,290705980,Приморское шоссе 570Л,29.662541,60.191798
4753,11,12,-1,107.2,75869280,Курортный,Приморское шоссе,570Л,,290705979,Приморское шоссе 570Л,29.662541,60.191798
4754,1,5,1,14.0,2660000,Красносельский,Авангардная ,23,Проспект Ветеранов,288362894,Авангардная 23,30.180609,59.835247
4755,4,4,-1,15.3,2677500,Кировский,Морские ворота,17,Балтийская,294452552,Морские ворота 17,30.227267,59.900462
4756,1,3,-1,10.35,2990000,Центральный, Черняховского,32,Лиговский проспект,298226514,Черняховского 32,30.35808,59.919748
4757,1,3,-1,13.2,2990000,Кировский,проспект Стачек,38,Кировский завод,284009922,проспект Стачек 38,30.270261,59.887747
4758,9,9,1,15.0,3100000,Калининский, Руставели,37,Академическая,297048095,Руставели 37,30.435039,60.013011
4759,1,4,1,16.5,3200000,Невский, Ткачей,54,Елизаровская,296154760,Ткачей 54,30.42381,59.891503
4760,1,10,1,11.3,3200000,Приморский,проспект Авиаконструкторов,3К1,Комендантский проспект,299136434,проспект Авиаконструкторов 3К1,30.247381,60.010124
4761,1,5,-1,24.5,3280550,Красногвардейский,Челябинская ,37,Гражданский проспект,299104924,Челябинская 37,30.505053,59.983414
4762,1,5,-1,24.3,3253770,Красногвардейский,Челябинская ,37,Гражданский проспект,299234396,Челябинская 37,30.505053,59.983414
4763,2,4,-1,12.0,3260000,Центральный,переулок Апраксин,10,Сенная площадь,296708598,переулок Апраксин 10,30.326657,59.928361
4764,1,9,1,11.1,3300000,Выборгский,Поэтический бульвар,11К1,Проспект Просвещения,297461156,Поэтический бульвар 11К1,30.352744,60.042465
4765,1,5,-1,24.8,3320720,Красногвардейский,Челябинская ,37,Гражданский проспект,298784529,Челябинская 37,30.505053,59.983414
4766,4,4,1,18.74,3350000,Василеостровский,4-я Васильевского острова линия,5,Василеостровская,297590968,4-я Васильевского острова линия 5,30.285307,59.940632
4767,1,3,-1,16.0,3350000,Невский,проспект Обуховской обороны,123А,Елизаровская,296914920,проспект Обуховской обороны 123А,30.43997,59.890338
4768,15,23,-1,28.5,3400000,Невский,проспект Большевиков,54к2,Ломоносовская,295277584,проспект Большевиков 54к2,30.490051,59.881792
4769,4,4,1,21.54,3400000,Василеостровский,4-я Васильевского острова линия,5,Василеостровская,297590975,4-я Васильевского острова линия 5,30.285307,59.940632
4770,9,9,1,25.19,3430000,Петродворцовый,Михайловская ,51,,298883384,Михайловская 51,29.765982,59.897614
4771,19,24,1,20.8,3490000,Красногвардейский,Полюстрово,25к3,Гражданский проспект,285510881,Полюстрово 25к3,30.40234,59.973131
4772,2,4,1,12.6,3498000,Адмиралтейский,Верейская ,42/8,Пушкинская,299009967,Верейская 42/8,30.328678,59.913726
4773,7,26,-1,15.85,3499000,Московский, Орджоникидзе,44,Звездная,297902679,Орджоникидзе 44,30.344731,59.845808
4774,2,4,1,16.0,3490000,Центральный,Шпалерная ,13,Площадь Ленина,296781160,Шпалерная 13,30.345737,59.948528
4775,1,3,1,18.7,3500000,Кировский,переулок Майков,4а,,292846465,переулок Майков 4а,30.285451,59.898449
4776,3,5,1,18.0,3500000,Невский,бульвар Красных Зорь,10,Ломоносовская,296924716,бульвар Красных Зорь 10,30.443402,59.870578
4777,4,7,1,17.2,3500000,Московский,Московский проспект,186,Парк Победы,296647096,Московский проспект 186,30.320962,59.872331
4778,17,22,1,20.7,3550000,Красногвардейский, Пейзажная,26,Гражданский проспект,295691390,Пейзажная 26,30.476568,60.018871
4779,4,4,1,19.94,3570000,Василеостровский,4-я Васильевского острова линия,5,Василеостровская,297590970,4-я Васильевского острова линия 5,30.285307,59.940632
4780,19,25,1,22.56,3600000,Невский, Русановская,24,Ломоносовская,294769913,Русановская 24,30.516498,59.864814
4781,13,19,1,20.4,3600000,Красногвардейский,Полюстрово,25к2,Гражданский проспект,294089684,Полюстрово 25к2,30.40234,59.973131
4782,1,9,-1,19.6,3600000,Красногвардейский,Хасанская ,26К1,Проспект Большевиков,286331204,Хасанская 26К1,30.497687,59.935768
4783,19,24,1,19.0,3600000,Красногвардейский, Пахомовская,26,Девяткино,298406704,Пахомовская 26,30.482559,59.999944
4784,2,5,1,17.0,3699000,Центральный,Гороховая ,32,Сенная площадь,297193896,Гороховая 32,30.320988,59.929439
4785,9,19,1,20.4,3690000,Красногвардейский,Полюстрово,27к1,,292390889,Полюстрово 27к1,30.40234,59.973131
4786,22,23,1,20.2,3748000,Красногвардейский, Пейзажная,20,Девяткино,296395763,Пейзажная 20,30.47911,60.016618
4787,9,26,-1,13.24,3700000,Московский, Орджоникидзе,44,Звездная,297051641,Орджоникидзе 44,30.344731,59.845808
4788,6,22,-1,19.5,3700000,Выборгский,проезд Толубеевский,8к2,Парнас,298678147,проезд Толубеевский 8к2,30.342925,60.071461
4789,16,18,1,20.6,3750000,Красногвардейский,Полюстрово,27к2,Академическая,292565971,Полюстрово 27к2,30.40234,59.973131
4790,1,4,-1,21.9,3750000,Адмиралтейский,набережная Обводного Канала,142/16Б,Нарвская,294453489,набережная Обводного Канала 142/16Б,30.276594,59.908259
4791,21,24,1,24.3,3800000,Невский, Русановская,18к6,Обухово,299504832,Русановская 18к6,30.512267,59.868885
4792,15,24,1,20.7,3800000,Красногвардейский, Пейзажная,24к2,Гражданский проспект,296113075,Пейзажная 24к2,30.478373,60.017629
4793,3,18,1,19.7,3800000,Красногвардейский,Полюстрово,27к3,Гражданский проспект,297913344,Полюстрово 27к3,30.40234,59.973131
4794,5,18,1,20.0,3850000,Красногвардейский,Полюстрово,27к3,Гражданский проспект,293144046,Полюстрово 27к3,30.40234,59.973131
4795,1,5,1,13.1,3899999,Центральный, Чехова,9,Маяковская,299644293,Чехова 9,30.353166,59.937535
4796,3,12,1,29.0,3890000,Колпинский, Севастьянова,28к2,Рыбацкое,298736263,Севастьянова 28к2,30.328139,59.872317
4797,12,21,1,20.2,3850000,Красногвардейский,Полюстрово,12к1,Девяткино,287827148,Полюстрово 12к1,30.40234,59.973131
4798,13,24,1,21.8,3850000,Красногвардейский,Полюстрово,25к3,Девяткино,297543571,Полюстрово 25к3,30.40234,59.973131
4799,4,16,1,23.1,3900000,Фрунзенский,Загребский бульвар,21,,298878358,Загребский бульвар 21,30.402026,59.841527
4800,1,5,-1,28.8,3915648,Красногвардейский,Челябинская ,37,Ладожская,299610358,Челябинская 37,30.505053,59.983414
4801,16,24,1,18.6,3900000,Красногвардейский, Пахомовская,26,Гражданский проспект,280428734,Пахомовская 26,30.482559,59.999944
4802,1,5,1,11.2,3990000,Центральный, Чайковского,60,Чернышевская,298226517,Чайковского 60,30.3663,59.94659
4803,13,19,-1,24.4,3950000,Невский,Товарищеский проспект,19,Улица Дыбенко,279883263,Товарищеский проспект 19,30.483889,59.914434
4804,16,24,1,27.0,3950000,Невский, Русановская,20к1,Ломоносовская,295292418,Русановская 20к1,30.513426,59.865384
4805,8,12,1,23.35,3950000,Пушкинский,проспект Старорусский,5к1,Шушары,295933544,проспект Старорусский 5к1,30.356714,59.809754
4806,2,5,1,15.0,3980000,Центральный,Шпалерная ,34,Чернышевская,294573849,Шпалерная 34,30.356984,59.949163
4807,5,5,1,16.3,3990000,Центральный,Суворовский проспект,47,Чернышевская,279491290,Суворовский проспект 47,30.377933,59.939712
4808,19,25,1,22.2,4000000,Красногвардейский,Полюстрово,10к1,Академическая,285798856,Полюстрово 10к1,30.40234,59.973131
4809,2,18,-1,30.7,4000000,Невский,Товарищеский проспект,19,Улица Дыбенко,292271572,Товарищеский проспект 19,30.483889,59.914434
4810,10,23,1,25.5,4000000,Красногвардейский, Чарушинская,24к1,Гражданский проспект,294573455,Чарушинская 24к1,30.478328,60.001815
4811,15,26,-1,14.17,4040835,Московский, Орджоникидзе,44а,Московская,295141833,Орджоникидзе 44а,30.340473,59.844569
4812,1,7,-1,12.0,4000000,Адмиралтейский,набережная Обводного Канала,132,Балтийская,299036229,набережная Обводного Канала 132,30.291488,59.908529
4813,6,22,-1,22.5,4050000,Выборгский,проезд Толубеевский,8к2,Парнас,298678644,проезд Толубеевский 8к2,30.342925,60.071461
4814,23,24,1,24.8,4100000,Невский, Русановская,20к3,Ломоносовская,299120023,Русановская 20к3,30.516219,59.865745
4815,2,3,1,20.71,4100000,Выборгский, Первомайская,26,Озерки,284892762,Первомайская 26,30.304406,60.050246
4816,8,11,1,22.0,4100000,Пушкинский,проспект Старорусский,13к1,Купчино,293859883,проспект Старорусский 13к1,30.358529,59.804961
4817,7,12,1,22.96,4128000,Пушкинский,проспект Старорусский,5к1,Звездная,297670832,проспект Старорусский 5к1,30.356714,59.809754
4818,7,23,1,23.0,4100000,Красногвардейский, Чарушинская,24к1,Гражданский проспект,297311083,Чарушинская 24к1,30.478328,60.001815
4819,1,3,1,19.3,4190000,Кировский,переулок Майков,4а,,298727158,переулок Майков 4а,30.285451,59.898449
4820,18,25,1,19.8,4190000,Приморский,набережная Реки Каменки,21к1,Проспект Просвещения,298795756,набережная Реки Каменки 21к1,30.269317,60.052339
4821,20,20,-1,23.0,4150000,Выборгский,проезд Толубеевский,8к2,Парнас,297954250,проезд Толубеевский 8к2,30.342925,60.071461
4822,17,24,1,21.1,4200000,Красногвардейский, Пейзажная,24к2,Лесная,296021394,Пейзажная 24к2,30.478373,60.017629
4823,3,3,1,23.16,4200000,Выборгский, Первомайская,26,Озерки,287715396,Первомайская 26,30.304406,60.050246
4824,1,6,1,27.0,4200000,Красносельский, Первого Мая,3,Проспект Ветеранов,290453206,Первого Мая 3,30.259768,60.079168
4825,18,23,1,26.7,4200000,Красногвардейский,Полюстрово,8к4,Девяткино,298783339,Полюстрово 8к4,30.40234,59.973131
4826,8,15,1,23.0,4299000,Невский, Русановская,24,Пролетарская,296738869,Русановская 24,30.516498,59.864814
4827,19,23,1,21.0,4290000,Красногвардейский, Чарушинская,24к1,Девяткино,298690810,Чарушинская 24к1,30.478328,60.001815
4828,16,25,1,19.4,4300000,Приморский,набережная Реки Каменки,21к1,Проспект Просвещения,292859314,набережная Реки Каменки 21к1,30.269317,60.052339
4829,10,15,1,17.0,4300000,Красногвардейский,проспект Энергетиков,24,Новочеркасская,297459991,проспект Энергетиков 24,30.436054,59.953763
4830,4,4,1,23.64,4340000,Василеостровский,4-я Васильевского острова линия,5,Василеостровская,297590952,4-я Васильевского острова линия 5,30.285307,59.940632
4831,19,24,1,26.6,4300000,Пушкинский,проспект Новгородский,2к1,Купчино,295048650,проспект Новгородский 2к1,30.367162,59.812392
4832,1,5,1,13.7,4300000,Центральный,Полтавская ,10,Площадь Восстания,297470500,Полтавская 10,30.37062,59.927658
4833,6,13,1,24.0,4300000,Красносельский,проспект Ветеранов,171к5,Ленинский проспект,299666392,проспект Ветеранов 171к5,30.113109,59.841966
4834,21,25,1,24.2,4300000,Невский,проспект Советский,34к2,Рыбацкое,298106423,проспект Советский 34к2,30.55288,59.827673
4835,10,12,1,23.6,4300000,Красносельский,проспект Ветеранов,171к5,Ленинский проспект,299096396,проспект Ветеранов 171к5,30.113109,59.841966
4836,9,13,1,23.33,4350000,Приморский,Планерная ,87к1,Комендантский проспект,297415593,Планерная 87к1,30.2026,60.030245
4837,11,25,1,29.1,4380000,Красногвардейский, Чарушинская,2,Девяткино,299422671,Чарушинская 2,30.478346,60.011127
4838,2,24,1,27.1,4390000,Невский, Русановская,9,Ломоносовская,299111248,Русановская 9,30.50332,59.863229
4839,14,26,-1,15.67,4449134,Московский, Орджоникидзе,44а,Московская,295219232,Орджоникидзе 44а,30.340473,59.844569
4840,3,25,1,19.1,4450000,Приморский,набережная Реки Каменки,19к1,Озерки,297410237,набережная Реки Каменки 19к1,30.27097,60.053179
4841,16,26,1,29.7,4499000,Выборгский, Архитектора Белова,6к1,,294174097,Архитектора Белова 6к1,30.31992,60.071106
4842,3,14,-1,15.0,4500000,Выборгский,Большой Сампсониевский проспект,74к2,Лесная,298092139,Большой Сампсониевский проспект 74к2,30.333619,59.982059
4843,4,16,1,24.2,4535000,Невский, Славянская,28,Обухово,296598369,Славянская 28,30.54157,59.831517
4844,9,13,1,24.6,4500000,Красносельский,проспект Ветеранов,175,Проспект Ветеранов,298804288,проспект Ветеранов 175,30.108366,59.838304
4845,2,5,1,16.45,4524000,Центральный,Манежный переулок,15-17,Чернышевская,296301804,Манежный переулок 15-17,30.358852,59.943012
4846,17,27,1,28.7,4549999,Выборгский, Архитектора Белова,6к3,Парнас,299563800,Архитектора Белова 6к3,30.321366,60.070765
4847,3,5,1,26.0,4500000,Центральный,Кирочная ,11,Чернышевская,280186617,Кирочная 11,30.354559,59.943791
4848,1,5,1,15.0,4500000,Адмиралтейский,Рузовская ,29,Пушкинская,299044444,Рузовская 29,30.330035,59.914917
4849,14,14,1,26.0,4500000,Выборгский, Тихоокеанская,18к2,Комендантский проспект,275136349,Тихоокеанская 18к2,30.234364,60.070127
4850,7,24,1,23.0,4500000,Пушкинский,переулок Вилеровский,6,,298340784,переулок Вилеровский 6,30.364045,59.811609
4851,5,5,1,26.0,4500000,Адмиралтейский,Садовая ,112-114,Сенная площадь,292996297,Садовая 112-114,30.286655,59.917632
4852,9,12,1,23.27,4500000,Приморский,проспект Авиаконструкторов,61,Комендантский проспект,297328644,проспект Авиаконструкторов 61,30.210819,60.033158
4853,6,12,1,22.69,4550000,Невский, Гудиловская,6к1,Обухово,296570095,Гудиловская 6к1,30.532533,59.828663
4854,1,21,1,27.0,4580000,Приморский,Парашютная ,58,Комендантский проспект,299070061,Парашютная 58,30.243096,60.037948
4855,1,4,1,21.56,4550000,Центральный,Синопская набережная,32/35,Площадь Восстания,298751778,Синопская набережная 32/35,30.388272,59.930827
4856,25,25,1,26.9,4550000,Невский,проспект Советский,36к1,Рыбацкое,295326135,проспект Советский 36к1,30.553967,59.825868
4857,2,8,1,24.5,4550000,Красносельский, Генерала Кравченко,7к3,Проспект Ветеранов,280239713,Генерала Кравченко 7к3,30.099347,59.841025
4858,11,11,1,20.1,4550000,Пушкинский,проспект Старорусский,13к2,Купчино,299385634,проспект Старорусский 13к2,30.355825,59.805079
4859,2,5,-1,15.7,4580000,Василеостровский,27-я Васильевского острова линия,10к2,Горный институт,288741608,27-я Васильевского острова линия 10к2,30.256615,59.930065
4860,12,12,1,23.95,4550000,Красносельский,проспект Ветеранов,171к5,Ленинский проспект,299127798,проспект Ветеранов 171к5,30.113109,59.841966
4861,25,27,1,28.2,4600000,Выборгский, Архитектора Белова,6к3,Парнас,298213132,Архитектора Белова 6к3,30.321366,60.070765
4862,21,24,1,25.46,4600000,Приморский,шоссе Суздальское,18к4,Проспект Просвещения,287733598,шоссе Суздальское 18к4,30.28149,60.059418
4863,10,12,1,27.5,4600000,Красносельский, Летчика Лихолетова,14к2,Проспект Ветеранов,297850837,Летчика Лихолетова 14к2,30.105312,59.84329
4864,3,13,1,24.05,4600000,Приморский,Планерная ,87к1,Комендантский проспект,297324722,Планерная 87к1,30.2026,60.030245
4865,4,5,1,24.3,4600000,Пушкинский, Нины Петровой,6к1,Московская,298090734,Нины Петровой 6к1,30.324393,59.754234
4866,2,26,1,21.7,4650000,Приморский,набережная Реки Каменки,21к1,Озерки,298260224,набережная Реки Каменки 21к1,30.269317,60.052339
4867,3,25,1,26.2,4690000,Пушкинский, Валдайская,6к2,Купчино,298153934,Валдайская 6к2,30.377618,59.802418
4868,3,8,1,21.0,4650000,Василеостровский,12-я Васильевского острова линия,53,Василеостровская,296710892,12-я Васильевского острова линия 53,30.264826,59.946626
4869,3,8,1,26.2,4650000,Красносельский,проспект Буденного,21к1,Проспект Ветеранов,296513351,проспект Буденного 21к1,30.092197,59.844615
4870,2,5,1,25.6,4690000,Московский,Пулковское шоссе,99к4,Звездная,299436792,Пулковское шоссе 99к4,30.308322,59.753083
4871,4,6,1,18.6,4700000,Адмиралтейский,набережная Обводного Канала,113,,293953297,набережная Обводного Канала 113,30.327654,59.911881
4872,2,3,-1,26.5,4716000,Невский,Рыбацкий проспект,18,Рыбацкое,297885084,Рыбацкий проспект 18,30.503589,59.840989
4873,2,4,1,18.0,4700000,Центральный,Загородный проспект,24,Достоевская,295676672,Загородный проспект 24,30.341416,59.925466
4874,11,13,1,21.9,4799000,Приморский,проспект Авиаконструкторов,61,Комендантский проспект,296705193,проспект Авиаконструкторов 61,30.210819,60.033158
4875,3,4,1,24.0,4750000,Пушкинский,шоссе Колпинское,129,Шушары,288276065,шоссе Колпинское 129,30.482191,59.739282
4876,14,19,1,26.0,4750000,Выборгский,Заречная ,13к3,Парнас,297108112,Заречная 13к3,30.146392,59.778045
4877,21,21,1,21.56,4790000,Невский, Русановская,24,Ломоносовская,297137320,Русановская 24,30.516498,59.864814
4878,16,21,1,22.09,4790000,Невский, Русановская,24,Ломоносовская,296266051,Русановская 24,30.516498,59.864814
4879,17,18,1,21.4,4790000,Невский,Октябрьская набережная,102,Улица Дыбенко,290404279,Октябрьская набережная 102,30.480799,59.870411
4880,3,5,1,25.05,4750000,Пушкинский, Архитектора Данини,19к1,Московская,290510567,Архитектора Данини 19к1,30.408655,59.695122
4881,13,14,1,23.95,4800000,Приморский,Планерная ,87к1,Комендантский проспект,292048587,Планерная 87к1,30.2026,60.030245
4882,10,25,1,19.9,4800000,Приморский,набережная Реки Каменки,19к3,Проспект Просвещения,297496263,набережная Реки Каменки 19к3,30.270045,60.05278
4883,4,14,1,24.3,4849999,Приморский,аллея Арцеуловская,19,Комендантский проспект,297208637,аллея Арцеуловская 19,30.209921,60.04024
4884,3,25,1,25.8,4890000,Приморский,шоссе Суздальское,30к2,Парнас,284056829,шоссе Суздальское 30к2,30.269021,60.057774
4885,2,4,1,24.4,4900000,Пушкинский,шоссе Колпинское,129,Шушары,296779531,шоссе Колпинское 129,30.482191,59.739282
4886,9,23,1,27.0,4900000,Пушкинский,Школьная ,17,,299611479,Школьная 17,30.28705,59.988235
4887,8,16,1,22.1,4900000,Невский, Крыленко,1к1с7,Елизаровская,299269825,Крыленко 1к1с7,30.451711,59.891503
4888,10,14,1,21.35,4900000,Приморский,проспект Авиаконструкторов,61,,298526498,проспект Авиаконструкторов 61,30.210819,60.033158
4889,23,25,1,23.6,4930000,Приморский, Плесецкая,20к2,Комендантский проспект,294629236,Плесецкая 20к2,30.228956,60.038079
4890,4,5,1,32.1,4900000,Московский,Пулковское шоссе,71к3,Звездная,290974377,Пулковское шоссе 71к3,30.322929,59.761975
4891,9,25,1,24.5,4900000,Приморский, Верхне-Каменская,11к1,Комендантский проспект,298063471,Верхне-Каменская 11к1,30.206381,60.036016
4892,6,20,1,23.2,4950000,Красносельский, Маршала Казакова,70к1с1,Автово,293952418,Маршала Казакова 70к1с1,30.175003,59.866689
4893,4,4,1,25.8,4990000,Пушкинский,шоссе Колпинское,129,Шушары,298851049,шоссе Колпинское 129,30.482191,59.739282
4894,2,3,-1,27.7,4999850,Невский,Рыбацкий проспект,18,Рыбацкое,298832401,Рыбацкий проспект 18,30.503589,59.840989
4895,15,15,1,23.8,4990000,Московский,Пулковское шоссе,42к6,,297936140,Пулковское шоссе 42к6,30.3428,59.814808
4896,5,23,1,30.6,4950000,Невский, Русановская,15к1,Обухово,289120002,Русановская 15к1,30.509769,59.864661
4897,1,3,1,25.9,4990000,Невский,проспект Обуховской обороны,123А,Елизаровская,298067338,проспект Обуховской обороны 123А,30.43997,59.890338
4898,1,18,1,27.05,4999000,Приморский,аллея Арцеуловская,15,Комендантский проспект,296062824,аллея Арцеуловская 15,30.200012,60.039836
4899,13,19,-1,28.4,4950000,Василеостровский,бульвар Александра Грина,1,Василеостровская,295807228,бульвар Александра Грина 1,30.203902,59.937017
4900,16,16,1,28.0,4950000,Приморский, Плесецкая,10,Комендантский проспект,299163627,Плесецкая 10,30.214808,60.03371
4901,1,4,-1,12.4,4990000,Адмиралтейский,Английский проспект,30Б,Балтийская,299026979,Английский проспект 30Б,30.286331,59.923342
4902,5,5,1,25.17,4950000,Пушкинский, Архитектора Данини,19к2,Купчино,291271448,Архитектора Данини 19к2,30.40826,59.695612
4903,18,25,1,29.2,5015000,Приморский,аллея Арцеуловская,21,Комендантский проспект,299054999,аллея Арцеуловская 21,30.215571,60.04024
4904,20,25,1,21.0,5000000,Выборгский, Шишкина,311,Парнас,297409782,Шишкина 311,30.355744,60.08761
4905,6,24,1,26.7,5000000,Выборгский, Архитектора Белова,6к1,Парнас,293719803,Архитектора Белова 6к1,30.31992,60.071106
4906,11,19,-1,22.9,5000000,Василеостровский,бульвар Александра Грина,3,Василеостровская,299103462,бульвар Александра Грина 3,30.200524,59.936007
4907,20,20,1,24.0,5000000,Красносельский, Маршала Казакова,70к1с1,Ленинский проспект,294422779,Маршала Казакова 70к1с1,30.175003,59.866689
4908,6,14,-1,20.9,5000000,Выборгский,Большой Сампсониевский проспект,74к2,Лесная,292798336,Большой Сампсониевский проспект 74к2,30.333619,59.982059
4909,12,12,1,27.0,5000000,Красносельский,проспект Ветеранов,175,Проспект Ветеранов,298056111,проспект Ветеранов 175,30.108366,59.838304
4910,13,16,1,24.9,5050000,Приморский,Комендантский проспект,66к1,Комендантский проспект,298224865,Комендантский проспект 66к1,30.219614,60.040501
4911,4,14,1,24.0,5050000,Приморский,аллея Арцеуловская,19,Комендантский проспект,293803882,аллея Арцеуловская 19,30.209921,60.04024
4912,13,19,1,28.4,5090000,Василеостровский,бульвар Александра Грина,1,,297452972,бульвар Александра Грина 1,30.203902,59.937017
4913,13,13,1,21.3,5100000,Приморский,проспект Авиаконструкторов,61,Комендантский проспект,299558859,проспект Авиаконструкторов 61,30.210819,60.033158
4914,2,5,1,27.57,5100000,Московский,Пулковское шоссе,71к16,Звездная,299134820,Пулковское шоссе 71к16,30.31214,59.765704
4915,3,4,1,24.3,5100000,Красносельский, Владимира Пчелинцева,4,Проспект Ветеранов,279154958,Владимира Пчелинцева 4,30.111142,59.833023
4916,8,12,1,24.7,5100000,Красносельский, Генерала Кравченко,8,Проспект Ветеранов,298746009,Генерала Кравченко 8,30.104297,59.838937
4917,9,25,1,28.46,5110000,Приморский,проспект Авиаконструкторов,69,Комендантский проспект,298343462,проспект Авиаконструкторов 69,30.199195,60.038573
4918,10,25,1,26.62,5110000,Приморский,проспект Авиаконструкторов,69,Комендантский проспект,297885353,проспект Авиаконструкторов 69,30.199195,60.038573
4919,6,15,-1,26.0,5100000,Невский, Крыленко,14с2,Улица Дыбенко,294824502,Крыленко 14с2,30.463461,59.895551
4920,18,24,1,23.9,5100000,Приморский, Плесецкая,10,Комендантский проспект,297806607,Плесецкая 10,30.214808,60.03371
4921,3,5,-1,16.7,5100000,Василеостровский,27-я Васильевского острова линия,10к2,Василеостровская,295103684,27-я Васильевского острова линия 10к2,30.256615,59.930065
4922,5,18,1,23.43,5190000,Василеостровский, Вадима Шефнера,4,Приморская,293755356,Вадима Шефнера 4,30.20869,59.934695
4923,25,26,1,24.57,5150000,Приморский, Верхне-Каменская,11к1с1,Комендантский проспект,296027142,Верхне-Каменская 11к1с1,30.206381,60.036016
4924,17,25,1,24.1,5150000,Приморский, Верхне-Каменская,7к1,Комендантский проспект,293424624,Верхне-Каменская 7к1,30.213819,60.037081
4925,15,18,-1,29.0,5150000,Василеостровский,бульвар Александра Грина,1,Приморская,292571474,бульвар Александра Грина 1,30.203902,59.937017
4926,5,5,1,22.5,5155000,Московский, Орбитальная,7к1,Звездная,297370259,Орбитальная 7к1,30.316838,59.76101
4927,20,24,1,27.0,5200000,Приморский, Верхне-Каменская,11к1,Комендантский проспект,297850832,Верхне-Каменская 11к1,30.206381,60.036016
4928,3,4,1,24.3,5200000,Красносельский, Владимира Пчелинцева,4,Проспект Ветеранов,298070903,Владимира Пчелинцева 4,30.111142,59.833023
4929,4,5,1,25.4,5200000,Московский,Пулковское шоссе,95к3,Звездная,298689217,Пулковское шоссе 95к3,30.308322,59.754121
4930,7,26,-1,16.75,5250000,Московский, Орджоникидзе,44а,Московская,282723850,Орджоникидзе 44а,30.340473,59.844569
4931,10,18,1,24.3,5250000,Невский, Крыленко,1к1с1,Улица Дыбенко,298491576,Крыленко 1к1с1,30.450211,59.892554
4932,3,25,1,25.18,5300000,Приморский,Комендантский проспект,71,Комендантский проспект,297472819,Комендантский проспект 71,30.221617,60.041099
4933,12,18,-1,17.0,5300000,Фрунзенский, Салова,61,Бухарестская,298068179,Салова 61,30.368563,59.885142
4934,6,25,1,25.62,5300000,Приморский,проспект Авиаконструкторов,69,Комендантский проспект,299068214,проспект Авиаконструкторов 69,30.199195,60.038573
4935,7,8,1,23.8,5300000,Красносельский,проспект Ветеранов,185к2,Проспект Ветеранов,280249213,проспект Ветеранов 185к2,30.096697,59.841563
4936,9,28,1,33.2,5300000,Выборгский, Прокофьева,7к2,Проспект Просвещения,297048239,Прокофьева 7к2,30.323135,60.061852
4937,5,14,-1,23.0,5300000,Выборгский,Большой Сампсониевский проспект,74к2,Лесная,296699218,Большой Сампсониевский проспект 74к2,30.333619,59.982059
4938,10,25,1,26.0,5300000,Приморский,аллея Арцеуловская,21,Комендантский проспект,299166160,аллея Арцеуловская 21,30.215571,60.04024
4939,19,25,1,24.1,5300000,Приморский,Комендантский проспект,66к3,Комендантский проспект,299416299,Комендантский проспект 66к3,30.217512,60.03931
4940,5,5,1,28.0,5350000,Московский, Орбитальная,11,Звездная,293901878,Орбитальная 11,30.311646,59.762768
4941,4,4,1,25.59,5350000,Красносельский,проспект Буденного,13,Проспект Ветеранов,296087423,проспект Буденного 13,30.093876,59.836997
4942,4,14,-1,23.7,5390000,Выборгский,Политехническая ,6,Площадь Мужества,298136850,Политехническая 6,30.356948,59.993298
4943,2,25,1,26.0,5350000,Приморский,проспект Авиаконструкторов,69,Комендантский проспект,299294558,проспект Авиаконструкторов 69,30.199195,60.038573
4944,9,28,1,30.0,5390000,Выборгский, Федора Абрамова,23к1,Парнас,295443052,Федора Абрамова 23к1,30.345477,60.081511
4945,4,5,1,26.3,5350000,Московский,Пулковское шоссе,95к4,Проспект Ветеранов,298689118,Пулковское шоссе 95к4,30.305052,59.756115
4946,21,22,-1,25.0,5350000,Московский,Пулковское шоссе,14с6,Звездная,297988869,Пулковское шоссе 14с6,30.3299,59.831272
4947,15,18,1,27.0,5400000,Приморский,аллея Арцеуловская,15,Комендантский проспект,298662192,аллея Арцеуловская 15,30.200012,60.039836
4948,3,26,1,30.0,5400000,Выборгский, Архитектора Белова,9,Парнас,293529072,Архитектора Белова 9,30.315724,60.068637
4949,11,25,1,26.0,5400000,Приморский, Верхне-Каменская,5,Комендантский проспект,294881712,Верхне-Каменская 5,30.215365,60.036928
4950,27,27,1,28.35,5400000,Выборгский,проезд Толубеевский,24,Парнас,298367188,проезд Толубеевский 24,30.3519,60.079801
4951,16,27,1,24.2,5400000,Выборгский, Николая Рубцова,5к1,Парнас,292982453,Николая Рубцова 5к1,30.343114,60.076345
4952,13,25,1,25.13,5499000,Приморский,проспект Авиаконструкторов,69,Комендантский проспект,285802245,проспект Авиаконструкторов 69,30.199195,60.038573
4953,2,4,1,26.0,5490000,Адмиралтейский,Троицкий проспект,14,Балтийская,298804377,Троицкий проспект 14,30.299582,59.91567
4954,4,11,-1,23.7,5450000,Выборгский,Политехническая ,6,Площадь Мужества,298980162,Политехническая 6,30.356948,59.993298
4955,13,25,1,26.37,5550000,Приморский, Верхне-Каменская,11к1с1,Комендантский проспект,296521395,Верхне-Каменская 11к1с1,30.206381,60.036016
4956,2,6,1,26.0,5550000,Петроградский,проспект Большой Петроградской стороны,7/4,Крестовский остров,294773914,проспект Большой Петроградской стороны 7/4,30.293518,59.954088
4957,5,6,1,25.0,5500000,Курортный, Строителей,3к2,,299584211,Строителей 3к2,29.681981,60.207919
4958,12,25,1,24.2,5550000,Приморский,Комендантский проспект,69,Комендантский проспект,294866919,Комендантский проспект 69,30.224141,60.039589
4959,19,30,-1,26.36,5500000,Московский,Витебский проспект,101к1,Купчино,284906036,Витебский проспект 101к1,30.372947,59.829853
4960,2,3,-1,30.7,5526000,Невский,Рыбацкий проспект,18,Рыбацкое,296663301,Рыбацкий проспект 18,30.503589,59.840989
4961,3,3,-1,27.9,5580000,Невский,Рыбацкий проспект,18,Рыбацкое,289530582,Рыбацкий проспект 18,30.503589,59.840989
4962,7,26,1,27.0,5500000,Выборгский,Заречная ,11к2,Парнас,289004645,Заречная 11к2,30.146563,59.778262
4963,5,18,1,22.0,5500000,Московский, Среднерогатская,16к4,Звездная,295936665,Среднерогатская 16к4,30.343087,59.823643
4964,1,5,1,30.0,5500000,Колпинский,Понтонная ,9к1,,297119803,Понтонная 9к1,30.626973,59.75704
4965,9,14,-1,20.7,5500000,Кировский,проспект Стачек,64,Кировский завод,286934792,проспект Стачек 64,30.264314,59.881245
4966,6,18,1,26.0,5500000,Василеостровский, Вадима Шефнера,4,Приморская,291963671,Вадима Шефнера 4,30.20869,59.934695
4967,2,27,1,29.85,5540000,Выборгский,Заречная ,45к2,Парнас,297445703,Заречная 45к2,30.350516,60.08196
4968,3,3,1,18.44,5500000,Центральный,Суворовский проспект,1/8,Площадь Восстания,296979347,Суворовский проспект 1/8,30.368357,59.932144
4969,8,25,1,24.3,5600000,Приморский,аллея Арцеуловская,21,Комендантский проспект,297743667,аллея Арцеуловская 21,30.215571,60.04024
4970,4,4,1,24.7,5600000,Красносельский,проспект Ветеранов,210,Проспект Ветеранов,299641512,проспект Ветеранов 210,30.101494,59.837137
4971,12,25,1,24.3,5600000,Приморский,Комендантский проспект,69,Комендантский проспект,299628126,Комендантский проспект 69,30.224141,60.039589
4972,11,13,1,25.65,5600000,Приморский,Планерная ,97к1,Комендантский проспект,298057461,Планерная 97к1,30.19597,60.033216
4973,4,4,1,30.92,5640000,Василеостровский,4-я Васильевского острова линия,5,Василеостровская,297590963,4-я Васильевского острова линия 5,30.285307,59.940632
4974,7,11,-1,22.37,5600000,Выборгский,Политехническая ,6,Площадь Мужества,292799558,Политехническая 6,30.356948,59.993298
4975,3,5,1,28.4,5600000,Московский,Пулковское шоссе,95к4,Проспект Ветеранов,298689188,Пулковское шоссе 95к4,30.305052,59.756115
4976,10,13,-1,24.5,5650000,Невский,Варфоломеевская ,6,Ломоносовская,296612017,Варфоломеевская 6,30.418779,59.87924
4977,3,6,1,28.0,5650000,Фрунзенский,Днепропетровская ,59,Обводный канал,283509182,Днепропетровская 59,30.358107,59.911859
4978,22,24,1,22.0,5650000,Выборгский, Архитектора Белова,9,,290456237,Архитектора Белова 9,30.315724,60.068637
4979,8,24,1,22.8,5650000,Кировский,проспект Народного ополчения,149,Проспект Ветеранов,298701832,проспект Народного ополчения 149,30.246033,59.830924
4980,5,24,1,30.0,5700000,Выборгский, Михаила Дудина,10,Парнас,295333461,Михаила Дудина 10,30.326127,60.069809
4981,9,12,-1,25.6,5700000,Кировский,Автово,5к1,,297170185,Автово 5к1,30.266218,59.872046
4982,11,24,1,24.4,5700000,Приморский, Плесецкая,10с1,Комендантский проспект,295895938,Плесецкая 10с1,30.214808,60.03371
4983,8,25,1,27.7,5799000,Приморский,аллея Арцеуловская,19,Комендантский проспект,293236944,аллея Арцеуловская 19,30.209921,60.04024
4984,21,23,1,26.9,5810000,Невский,Октябрьская набережная,44,,293806538,Октябрьская набережная 44,30.447974,59.894102
4985,8,21,-1,23.7,5800000,Московский,Витебский проспект,101к2,Купчино,298161714,Витебский проспект 101к2,30.371555,59.829423
4986,13,18,1,23.8,5800000,Василеостровский, Вадима Шефнера,4,Приморская,298699780,Вадима Шефнера 4,30.20869,59.934695
4987,10,19,1,22.0,5800000,Василеостровский, Вадима Шефнера,10к1,Приморская,294252786,Вадима Шефнера 10к1,30.205591,59.938658
4988,8,13,1,24.0,5880000,Приморский,Планерная ,87к1,Комендантский проспект,297878632,Планерная 87к1,30.2026,60.030245
4989,15,18,1,27.0,5870000,Приморский, Верхне-Каменская,11к1с1,,295813264,Верхне-Каменская 11к1с1,30.206381,60.036016
4990,20,24,1,25.2,5850000,Приморский,проспект Королева,57к1,Комендантский проспект,297697529,проспект Королева 57к1,30.247138,60.028105
4991,18,19,1,29.1,5850000,Выборгский, Михаила Дудина,12,Парнас,299519152,Михаила Дудина 12,30.324285,60.070558
4992,13,20,1,19.8,5850000,Василеостровский,бульвар Головнина,10,,296126120,бульвар Головнина 10,30.199689,59.936629
4993,14,25,1,27.0,5890000,Приморский,аллея Арцеуловская,21,Комендантский проспект,297316966,аллея Арцеуловская 21,30.215571,60.04024
4994,16,17,1,26.7,5850000,Приморский, Верхне-Каменская,11к1,Комендантский проспект,295935724,Верхне-Каменская 11к1,30.206381,60.036016
4995,6,19,1,25.6,5850000,Приморский,проспект Королева,69,Комендантский проспект,298783399,проспект Королева 69,30.239691,60.034681
4996,21,21,1,28.6,5850000,Красносельский,проспект Героев,27к1,Ленинский проспект,295995211,проспект Героев 27к1,30.159103,59.861141
4997,15,15,1,26.0,5850000,Выборгский,Сиреневый бульвар,9,Проспект Просвещения,285914634,Сиреневый бульвар 9,30.355107,60.052775
4998,9,18,-1,24.6,5950000,Фрунзенский, Салова,61,Бухарестская,298755288,Салова 61,30.368563,59.885142
4999,16,18,1,26.75,5980000,Приморский, Верхне-Каменская,11к1,Комендантский проспект,296565925,Верхне-Каменская 11к1,30.206381,60.036016
5000,1,4,1,24.6,5900000,Красносельский,проспект Ветеранов,196,Проспект Ветеранов,292050811,проспект Ветеранов 196,30.112903,59.835166
5001,7,16,1,22.15,5900000,Калининский,проспект Маршала Блюхера,7к1,Лесная,293304958,проспект Маршала Блюхера 7к1,30.37425,59.980992
5002,5,18,-1,19.3,5990000,Фрунзенский, Салова,61,Бухарестская,299188543,Салова 61,30.368563,59.885142
5003,10,22,-1,26.2,6000000,Московский,Пулковское шоссе,14с6,Звездная,289345663,Пулковское шоссе 14с6,30.3299,59.831272
5004,5,11,1,25.0,6000000,Приморский, Плесецкая,16,Комендантский проспект,291883006,Плесецкая 16,30.222578,60.035962
5005,4,18,1,22.9,6000000,Невский,Октябрьская набережная,40,,298964435,Октябрьская набережная 40,30.443869,59.900128
5006,6,23,1,25.0,6090000,Калининский,Кондратьевский проспект,68к4,Лесная,298684136,Кондратьевский проспект 68к4,30.392045,59.984562
5007,2,25,1,22.52,6090000,Красносельский, Маршала Казакова,21к3,Автово,298924485,Маршала Казакова 21к3,30.220988,59.861973
5008,3,15,1,28.83,6100000,Приморский, Плесецкая,26,Комендантский проспект,287614607,Плесецкая 26,30.237418,60.040371
5009,8,18,1,28.29,6100000,Василеостровский, Вадима Шефнера,4,Приморская,294175360,Вадима Шефнера 4,30.20869,59.934695
5010,5,19,1,26.2,6100000,Московский,5-й Предпортовый проезд,12к2,Звездная,297215984,5-й Предпортовый проезд 12к2,30.314673,59.833226
5011,15,25,1,26.0,6150000,Приморский,Парашютная ,36к1,Комендантский проспект,298527434,Парашютная 36к1,30.253983,60.027494
5012,4,17,1,27.2,6150000,Приморский,Богатырский проспект,58к3,Комендантский проспект,296719458,Богатырский проспект 58к3,30.205789,60.00576
5013,7,25,1,26.7,6200000,Приморский,Камышовая ,38к1,Комендантский проспект,297129863,Камышовая 38к1,30.220126,60.009017
5014,11,15,1,26.26,6200000,Невский,Октябрьская набережная,34к4,Проспект Большевиков,292334931,Октябрьская набережная 34к4,30.440788,59.906585
5015,2,3,-1,28.4,6248000,Невский,Рыбацкий проспект,18,Рыбацкое,298832417,Рыбацкий проспект 18,30.503589,59.840989
5016,4,24,1,25.0,6230000,Приморский,проспект Королева,59к2,Комендантский проспект,297090351,проспект Королева 59к2,30.247668,60.029076
5017,8,16,-1,28.5,6150000,Выборгский, Хошимина,16,Проспект Просвещения,294164416,Хошимина 16,30.32486,60.053701
5018,12,25,1,31.2,6200000,Приморский,Полевая Сабировская ,47к1,Пионерская,298100864,Полевая Сабировская 47к1,30.273881,59.996704
5019,13,15,1,23.9,5950000,Невский,Союзный проспект,4,Проспект Большевиков,299127926,Союзный проспект 4,30.439557,59.916288
5020,6,23,1,30.4,6150000,Невский, Русановская,16к3,Ломоносовская,298806561,Русановская 16к3,30.507847,59.867037
5021,9,18,1,42.6,6150000,Красносельский,шоссе Красносельское,54к1,Проспект Ветеранов,293101780,шоссе Красносельское 54к1,30.151494,59.791341
5022,7,13,1,29.5,6150000,Приморский,Планерная ,97к2,,286917962,Планерная 97к2,30.194811,60.033665
