,floor,floors_count,rooms_count,total_meters,price,district,street,house_number,underground,cian_id,adress,longitude,latitude
0,7,9,1,42.3,16835400,Петроградский,Петровский проспект,9к2,Спортивная,298367029,Петровский проспект 9к2,30.26765705,59.96069285
1,4,25,1,37.0,10500000,Приморский,Байконурская ,26,Комендантский проспект,297442986,Байконурская 26,30.2793263,60.0149953
2,10,16,1,44.0,10000000,Приморский,Комендантский проспект,17к1,Комендантский проспект,298702714,Комендантский проспект 17к1,30.25636656619526,60.0118104
3,4,8,1,38.5,17500000,Петроградский,Ремесленная ,17,Василеостровская,298588228,Ремесленная 17,30.213089292604714,55.21163355
4,9,13,1,30.8,8000000,Приморский,Планерная ,91к2,Комендантский проспект,297243992,Планерная 91к2,30.20061515921462,60.03265415
5,2,17,1,48.0,14500000,Выборгский,Зеленогорская ,7,Пионерская,299595690,Зеленогорская 7,45.9145491,51.583766350000005
6,11,14,1,34.16,13079999,Красногвардейский,проспект Энергетиков,2,,279351973,проспект Энергетиков 2,83.63268820100387,53.33813195
7,6,11,1,40.46,16960832,Красногвардейский, Стахановцев,1,Новочеркасская,299636558,Стахановцев 1,33.5067021,44.5629575
8,9,16,1,46.6,11350000,Выборгский,проспект Тореза,44к2,Площадь Мужества,299399518,проспект Тореза 44к2,30.3480861,60.0090517
9,12,25,1,40.0,6890000,Красносельский,Ленинский проспект,51,Ленинский проспект,299378118,Ленинский проспект 51,39.23745387417472,51.651928749999996
10,3,23,1,62.1,20989800,Выборгский,аллея Академика Лихачева,7,Площадь Мужества,299451100,аллея Академика Лихачева 7,30.346896091843032,60.00261465
11,3,8,1,39.3,19118473,Петроградский,Петровский проспект,22к2,Крестовский остров,293496609,Петровский проспект 22к2,30.261877165769224,59.96039365
12,1,14,1,37.7,5950000,Красносельский,Брестский бульвар,11/36,Ленинский проспект,296856031,Брестский бульвар 11/36,30.19511664692162,59.8539443
13,2,9,1,35.99,11849999,Адмиралтейский, Шкапина,43-45,Балтийская,299481340,Шкапина 43-45,30.2959521,59.9087317
14,8,10,1,40.7,13850000,Приморский,Белоостровская ,28,Черная речка,299006414,Белоостровская 28,30.310033001602342,59.9872559
15,3,12,1,47.4,16225848,Курортный,Приморское шоссе,570Л,,289388509,Приморское шоссе 570Л,30.1755998,59.9892131
16,1,13,1,36.3,6100000,Красносельский, Летчика Лихолетова,14к2,Проспект Ветеранов,298375223,Летчика Лихолетова 14к2,30.1047948,59.8416666
17,2,9,1,29.11,7535060,Красносельский, Тамбасова,5,Проспект Ветеранов,298331096,Тамбасова 5,91.68953046810196,53.69713395
18,3,4,1,29.6,4913600,Красносельский,Стрельнинское шоссе,3а,Ленинский проспект,297719432,Стрельнинское шоссе 3а,30.09303844395157,59.743012050000004
19,7,12,1,32.2,7600000,Приморский,Озеро Долгое,15к3,Старая Деревня,272257905,Озеро Долгое 15к3,30.2563391,60.0121678
20,5,25,1,51.4,9406200,Калининский,Светлановский проспект,121к1,Гражданский проспект,292061882,Светлановский проспект 121к1,30.405512478277306,60.0461047
21,3,4,1,45.0,7999999,Петродворцовый,Красносельское шоссе,22,Ленинский проспект,298687821,Красносельское шоссе 22,30.07358835,59.84900105
22,19,24,1,34.5,6234150,Приморский, Ивинская,19к1,Комендантский проспект,297361104,Ивинская 19к1,30.12787427216709,60.03260765
23,2,4,1,31.0,5487000,Красносельский,Стрельнинское шоссе,3а,Проспект Ветеранов,290174351,Стрельнинское шоссе 3а,30.09303844395157,59.743012050000004
24,9,19,1,39.7,6790000,Василеостровский,бульвар Александра Грина,1,Приморская,298895332,бульвар Александра Грина 1,30.2049943,59.9369829
25,2,8,1,21.88,11933352,Петроградский,Пионерская ,53,Чкаловская,298529949,Пионерская 53,127.99603210000001,49.614011149999996
26,4,20,1,36.0,9890000,Красносельский, Катерников,7,Проспект Ветеранов,298574187,Катерников 7,30.1553947,59.8510945
27,2,8,1,39.5,17241750,Петроградский,Петровский проспект,28к2,Крестовский остров,298461605,Петровский проспект 28к2,30.2531546,59.9611345
28,4,25,1,50.4,10600000,Московский,Витебский проспект,97к1,Купчино,296238884,Витебский проспект 97к1,30.370525735,59.831519799999995
29,5,9,1,29.0,8500000,Приморский,Богатырский проспект,3К1,Пионерская,297427106,Богатырский проспект 3К1,30.29431090779631,60.0019579
30,5,11,1,41.7,9690000,Московский,Детский переулок,2,Московские ворота,277269506,Детский переулок 2,30.316789196328735,59.8937313
31,1,8,1,76.5,22950000,Петроградский,Петровский проспект,24к2,,296753880,Петровский проспект 24к2,30.25784072226221,59.9602408
32,7,16,1,40.6,19500000,Московский,Варшавская ,6к2,Электросила,299467095,Варшавская 6к2,30.3164104,59.8802729
33,7,7,1,58.7,28500000,Адмиралтейский,Звенигородская ,7к2,Звенигородская,268560184,Звенигородская 7к2,30.3406428,59.9177318
34,4,19,1,42.0,16700000,Адмиралтейский,Московский проспект,73к5,Фрунзенская,298331683,Московский проспект 73к5,30.3129543,59.9055198
35,5,5,1,42.0,8450000,Пушкинский, Образцовая,5к1,,297617210,Образцовая 5к1,30.37073809777705,59.7523833
36,9,20,1,34.59,10189999,Василеостровский, Челюскина,8,,279507019,Челюскина 8,77.21582407614503,43.313531100000006
37,4,10,1,41.3,16000000,Московский,Московский проспект,72к2,Фрунзенская,299192913,Московский проспект 72к2,30.3202041,59.906675
38,4,23,1,32.62,6207564,Приморский, Ивинская,1к2,Зенит,298977574,Ивинская 1к2,30.1260104,60.0327736
39,4,4,1,40.3,5964400,Красносельский,Стрельнинское шоссе,3а,Проспект Ветеранов,298267433,Стрельнинское шоссе 3а,30.09303844395157,59.743012050000004
40,3,8,1,40.5,20456954,Петроградский,набережная Реки Карповки,31к1,Спортивная,299196217,набережная Реки Карповки 31к1,30.2893783,59.9689199
41,6,23,1,38.7,6990000,Пушкинский,Школьная ,17,Звездная,293573680,Школьная 17,53.077626072094425,57.640691149999995
42,22,27,1,33.77,7799904,Выборгский,проезд Толубеевский,34к2,,297361344,проезд Толубеевский 34к2,30.357682,60.0861805
43,6,9,1,36.6,9000000,Василеостровский, Кораблестроителей,19К1,Приморская,299139282,Кораблестроителей 19К1,30.218893686132716,59.942325600000004
44,2,20,1,33.5,10990000,Приморский,Комендантский проспект,63,Комендантский проспект,299243910,Комендантский проспект 63,30.2284800349911,60.03545365
45,6,13,1,34.56,8100000,Василеостровский, Чирикова,5,Приморская,299517113,Чирикова 5,158.65593554999998,53.00883025
46,7,9,1,43.77,16990000,Петроградский,Петроградская набережная,38,Горьковская,296121150,Петроградская набережная 38,30.333000922013227,59.9637442
47,4,7,1,36.0,9999000,Адмиралтейский,Можайская ,37-39,Пушкинская,299667280,Можайская 37-39,30.3292099,59.9143099
48,11,12,1,39.6,15444000,Приморский,Белоостровская ,7,Лесная,293956325,Белоостровская 7,30.328233976336737,59.98569325
49,4,8,1,37.6,12100000,Красногвардейский,шоссе Революции,12к2,Новочеркасская,298169679,шоссе Революции 12к2,30.41722254915517,59.960977
50,2,10,1,33.18,6400000,Красносельский,проспект Ветеранов,169к6,Проспект Ветеранов,292885053,проспект Ветеранов 169к6,30.1164729874333,59.84212995
51,11,24,1,36.2,5980000,Невский, Русановская,18к6,Ломоносовская,287506866,Русановская 18к6,30.51243106542462,59.86901355
52,11,29,1,47.7,11300000,Выборгский,Выборгское шоссе,15,Проспект Просвещения,297370904,Выборгское шоссе 15,30.676213515793204,61.6935831
53,3,13,1,36.2,7550000,Приморский,проспект Авиаконструкторов,63,Комендантский проспект,292934116,проспект Авиаконструкторов 63,30.20729853144776,60.034273549999995
54,6,10,1,37.12,15122688,Приморский,Лисичанская ,22,Черная речка,297998586,Лисичанская 22,38.50636303490566,48.953288099999995
55,5,8,1,46.9,17300000,Петроградский,Петровский проспект,22к2,Крестовский остров,296170905,Петровский проспект 22к2,30.261877165769224,59.96039365
56,1,5,1,36.4,6150000,Приморский,проспект Юнтоловский,49к6,,269178916,проспект Юнтоловский 49к6,30.144122684770906,60.029129999999995
57,2,15,1,37.42,8085854,Красногвардейский,проспект Энергетиков,6,Ладожская,291938304,проспект Энергетиков 6,39.73775595,54.04316255
58,2,26,1,38.6,8600000,Фрунзенский,Дунайский проспект,55к1,Дунайская,298854923,Дунайский проспект 55к1,30.41927222308282,59.8438748
59,3,11,1,38.07,13478684,Московский,Благодатная ,50,Электросила,299555564,Благодатная 50,39.64660201576087,47.22425225
60,3,9,1,39.1,16200000,Выборгский, Александра Матросова,3,Лесная,297217133,Александра Матросова 3,30.747177996373562,46.46071245
61,7,9,1,42.7,16789640,Петроградский,Петровский проспект,9к2,Спортивная,298367006,Петровский проспект 9к2,30.26765705,59.96069285
62,5,16,1,36.8,12320000,Приморский,Богатырский проспект,25к1,Комендантский проспект,299561227,Богатырский проспект 25к1,30.251813797471375,60.002266500000005
63,6,10,1,33.3,5550000,Приморский, Репищева,19К1,Комендантский проспект,295161407,Репищева 19К1,30.284344150149654,60.025637849999995
64,4,10,1,41.1,8490000,Невский,Глазурная ,2,Площадь Александра Невского,298705717,Глазурная 2,30.399676503867283,59.9157426
65,9,11,1,37.7,8750000,Кировский,Дачный проспект,2к1,Проспект Ветеранов,296514485,Дачный проспект 2к1,30.241424539946465,59.850485199999994
66,6,9,1,30.2,8700000,Кировский,бульвар Новаторов,116,Проспект Ветеранов,299389917,бульвар Новаторов 116,30.24730665430485,59.841433949999995
67,3,10,1,41.98,20150400,Московский,Московский проспект,72к2,Фрунзенская,267475944,Московский проспект 72к2,30.3202041,59.906675
68,6,7,1,39.9,16799000,Выборгский,проспект Энгельса,2,Пионерская,298623712,проспект Энгельса 2,30.32670657313507,60.045468400000004
69,8,12,1,38.06,10995534,Приморский,проспект Авиаконструкторов,54,Комендантский проспект,266866924,проспект Авиаконструкторов 54,30.20655429169124,60.033274399999996
70,9,10,1,33.5,9100000,Приморский, Ильюшина,2,Комендантский проспект,296429310,Ильюшина 2,37.5381357,55.8027935
71,10,24,1,41.5,14550232,Невский,Фарфоровская ,9,Ломоносовская,294535347,Фарфоровская 9,30.428463049999998,59.88031945
72,1,9,1,31.7,5600000,Красносельский, Летчика Пилютова,46,Проспект Ветеранов,299029630,Летчика Пилютова 46,30.1408221,59.8310201
73,1,5,1,51.5,13400000,Курортный,переулок Большой Литейный,44Д,Комендантский проспект,294205466,переулок Большой Литейный 44Д,29.953307,60.0890959
74,2,13,1,33.7,9886232,Фрунзенский,Волковское,1,Обводный канал,292739077,Волковское 1,37.703800615062136,55.921193099999996
75,6,9,1,32.3,5800000,Калининский, Демьяна Бедного,30к1,Гражданский проспект,299186520,Демьяна Бедного 30к1,30.390684065324898,60.04828895
76,2,12,1,63.5,10960100,Московский,Московское шоссе,3к5,Звездная,294538515,Московское шоссе 3к5,30.3312062,59.8335256
77,4,7,1,47.4,14900000,Центральный,Полтавский проезд,2,Площадь Восстания,299206769,Полтавский проезд 2,30.3667088,59.9262941
78,2,12,1,32.4,9150796,Фрунзенский,Волковское,5,Обводный канал,292512705,Волковское 5,37.747821776003704,55.93213205
79,6,16,1,38.8,6150000,Красносельский, Маршала Захарова,50К1,Проспект Ветеранов,299071423,Маршала Захарова 50К1,30.203675049134034,59.85237255
80,2,5,1,41.29,9207670,Выборгский, Береговая,12,Проспект Просвещения,294693178,Береговая 12,92.84686067566929,53.8459085
81,12,29,1,39.4,8360000,Выборгский,Выборгское шоссе,15,Проспект Просвещения,292436369,Выборгское шоссе 15,30.676213515793204,61.6935831
82,5,5,1,31.0,5900000,Красногвардейский,Таллинская ,27,Новочеркасская,291921103,Таллинская 27,76.98572922288757,43.2748816
83,15,15,1,32.03,10025390,Василеостровский,Гавань,12,Горный институт,298050421,Гавань 12,59.321794049999994,57.234667
84,7,13,1,45.3,7790000,Невский, Дыбенко,42,Улица Дыбенко,296548554,Дыбенко 42,34.09860136265014,44.95635355
85,11,17,1,38.6,7590000,Невский,проспект Пятилеток,16к3,Проспект Большевиков,298378211,проспект Пятилеток 16к3,30.450623123974083,59.9231064
86,3,25,1,39.04,10090307,Приморский,Коломяжский проспект,13к2,Пионерская,297024768,Коломяжский проспект 13к2,30.2986208,60.0015533
87,12,14,1,39.8,15950000,Приморский,Белоостровская ,12,Лесная,298499897,Белоостровская 12,30.3204732,59.9860859
88,3,13,1,37.6,9317922,Приморский,Планерная ,87к1,Комендантский проспект,292452929,Планерная 87к1,30.2018577,60.0320667
89,16,25,1,35.2,7600000,Калининский,Кондратьевский проспект,64к9,Лесная,295268092,Кондратьевский проспект 64к9,30.390399949500285,59.9829622
90,18,24,1,35.5,6800000,Выборгский,Заречная ,15к1,Парнас,299096314,Заречная 15к1,56.057446,57.864151
91,23,25,1,37.07,7531446,Приморский,набережная Реки Каменки,15к3,Проспект Просвещения,298056575,набережная Реки Каменки 15к3,30.2697807,60.0468158
92,2,5,1,30.4,3790000,Колпинский,дорога На Петро-Славянку,2АБ,,296190867,дорога На Петро-Славянку 2АБ,30.5158147,59.81437965
93,11,12,1,45.51,13147839,Приморский, Плесецкая,2,Комендантский проспект,293371715,Плесецкая 2,30.2375999,60.0415645
94,6,24,1,33.8,6100000,Невский, Русановская,18к3,Ломоносовская,298715153,Русановская 18к3,30.509775737048667,59.86774725
95,10,13,1,34.55,7578888,Приморский,аллея Арцеуловская,9,Старая Деревня,299028880,аллея Арцеуловская 9,30.196216354600743,60.036259799999996
96,4,4,1,33.9,16500000,Центральный,набережная Воскресенская,28,Чернышевская,295659991,набережная Воскресенская 28,30.3531687,59.9497852
97,2,15,1,36.9,10837530,Невский,Октябрьская набережная,57к3,Елизаровская,294544573,Октябрьская набережная 57к3,30.4469472,59.8935011
98,12,22,1,37.9,9480000,Калининский, Бутлерова,11к4,Академическая,294867847,Бутлерова 11к4,30.4024962,60.0063672
99,18,26,1,39.98,7200000,Выборгский, Брюлловская,3кЕ,Парнас,297486994,Брюлловская 3кЕ,30.3122601,60.069288
100,3,9,1,32.7,6000000,Красносельский, Тамбасова,28,Проспект Ветеранов,295682288,Тамбасова 28,30.156714567938465,59.83023505
101,6,8,1,54.4,29376000,Петроградский,набережная Реки Карповки,27,Петроградская,280459325,набережная Реки Карповки 27,30.308582808874807,59.9702531
102,1,10,1,40.5,5100000,Пушкинский,Пушкинская ,48,,292406186,Пушкинская 48,132.54419435625783,44.34350595
103,7,10,1,38.4,6600000,Приморский, Репищева,19К1,Комендантский проспект,297075527,Репищева 19К1,30.284344150149654,60.025637849999995
104,2,18,1,41.6,6250000,Красносельский,Ленинский проспект,55к1,Ленинский проспект,297989469,Ленинский проспект 55к1,30.17328977158882,59.862289649999994
105,17,17,1,39.4,7299000,Московский,Дунайский проспект,5к5,Звездная,295283735,Дунайский проспект 5к5,30.33102808790109,59.828765149999995
106,14,14,1,41.0,7450000,Выборгский,Выборгское шоссе,23к2,Озерки,291808351,Выборгское шоссе 23к2,30.308390146422504,60.06017835
107,2,12,1,34.7,8241250,Красногвардейский,Партизанская ,5Б,Ладожская,299403387,Партизанская 5Б,135.45392159903076,48.476215350000004
108,5,12,1,34.5,6300000,Красногвардейский, Коммуны,32к2,Улица Дыбенко,296733100,Коммуны 32к2,30.498259329691123,59.950645050000006
109,10,10,1,45.6,14000000,Приморский,Приморский проспект,54к2,Старая Деревня,298739677,Приморский проспект 54к2,30.234212360458876,59.9834924
110,14,23,1,31.3,4590000,Пушкинский,проспект Старорусский,6,Купчино,294020465,проспект Старорусский 6,30.359352,59.809873
111,12,14,1,40.41,14900000,Приморский,Белоостровская ,12,Черная речка,297014130,Белоостровская 12,30.3204732,59.9860859
112,1,18,1,42.2,12600000,Фрунзенский,Белградская ,26к9,Международная,299398539,Белградская 26к9,30.3651326,59.8605056
113,2,19,1,32.0,8000000,Московский, Среднерогатская,16к2,Звездная,299099426,Среднерогатская 16к2,30.3416219,59.8228665
114,24,24,1,41.0,6425000,Пушкинский,переулок Вилеровский,6,Звездная,297227985,переулок Вилеровский 6,30.3642959,59.8111794
115,6,19,1,33.54,8300000,Невский,Дальневосточный проспект,19к1,Новочеркасская,296212408,Дальневосточный проспект 19к1,30.44800072881743,59.9065969
116,9,17,1,42.0,6800000,Красносельский,проспект Героев,24к1,Проспект Ветеранов,295879876,проспект Героев 24к1,30.1633588,59.8623436
117,2,10,1,41.0,10050043,Приморский,проспект Авиаконструкторов,67к1,Комендантский проспект,296851449,проспект Авиаконструкторов 67к1,30.201284557206442,60.037538749999996
118,15,17,1,33.7,7500000,Приморский,Богатырский проспект,51к1,Старая Деревня,294179154,Богатырский проспект 51к1,30.2193771,60.006414
119,12,14,1,37.0,7900000,Приморский,набережная Реки Каменки,19к4,Озерки,292434440,набережная Реки Каменки 19к4,30.269762493223986,60.0536556
120,16,24,1,34.7,6300000,Выборгский, Валерия Гаврилина,13к1,Парнас,295721078,Валерия Гаврилина 13к1,30.3356365,60.0798021
121,2,5,1,33.4,6950155,Московский,Пулковское шоссе,71к19,Звездная,299582550,Пулковское шоссе 71к19,30.3249394,59.7828449
122,3,12,1,49.0,13900000,Московский,Сызранская ,23,Электросила,292112525,Сызранская 23,55.12533779733761,51.784675699999994
123,2,7,1,29.1,7750000,Петроградский, Профессора Попова,26,Петроградская,294941822,Профессора Попова 26,30.3051118,59.9710745
124,5,5,1,30.2,5500000,Калининский,Гражданский проспект,9К8,Площадь Мужества,299110914,Гражданский проспект 9К8,30.389642887852283,59.9998682
125,2,15,1,39.5,8164532,Невский, Евдокима Огнева,3,Улица Дыбенко,296210633,Евдокима Огнева 3,30.467599157093858,59.8994079
126,5,5,1,31.1,5200000,Московский,проспект Космонавтов,30К3,Московская,297829100,проспект Космонавтов 30К3,30.35293511947591,59.857959199999996
127,3,4,1,26.22,5332010,Пушкинский, Образцовая,2,Купчино,293667114,Образцовая 2,82.54228579029655,50.035235799999995
128,10,10,1,33.8,6480000,Невский, Коллонтай,16К3,Проспект Большевиков,297849492,Коллонтай 16К3,30.460413305757214,59.9195036
129,1,5,1,42.86,7434350,Колпинский,шоссе Рубежное,14,Рыбацкое,298649495,шоссе Рубежное 14,30.62783528082336,59.7536247
130,10,24,1,33.2,5000000,Невский, Русановская,20к1,Ломоносовская,297757839,Русановская 20к1,30.513417450806458,59.8653365
131,7,9,1,33.4,5500000,Фрунзенский,Белградская ,42,Проспект Славы,297714144,Белградская 42,34.95684222449455,48.5285642
132,4,9,1,30.0,6300000,Выборгский, Карбышева,6К1,Площадь Мужества,296836302,Карбышева 6К1,30.356208613616978,59.9960949
133,1,12,1,33.6,4800000,Калининский,проспект Культуры,5к1,,299382297,проспект Культуры 5к1,30.368141,60.0393771
134,7,12,1,43.4,5300000,Выборгский, Жени Егоровой,12К2,Проспект Просвещения,299505788,Жени Егоровой 12К2,30.3121161225,60.06551675
135,2,5,1,30.2,4500000,Красногвардейский,Пискаревский проспект,155К2,Академическая,298731686,Пискаревский проспект 155К2,30.44954002390651,60.00369105
136,10,12,1,38.3,7300000,Приморский,проспект Авиаконструкторов,39К1,Комендантский проспект,299135050,проспект Авиаконструкторов 39К1,30.2330542050246,60.02237135
137,4,7,1,42.9,24980000,Центральный,Таврическая ,37,Чернышевская,292857535,Таврическая 37,34.103561351596376,44.944654
138,9,23,1,37.3,5850000,Невский, Русановская,17к4,Ломоносовская,297697704,Русановская 17к4,30.512125785679537,59.8625436
139,9,12,1,38.1,7200000,Приморский,Камышовая ,32К1,Комендантский проспект,298608906,Камышовая 32К1,30.224054812884624,60.0084431
140,2,16,1,38.0,9990000,Василеостровский, Кораблестроителей,32к3,Приморская,298870704,Кораблестроителей 32к3,30.21469161161839,59.9533482
141,13,19,1,44.8,8600000,Приморский,аллея Арцеуловская,23к1,Комендантский проспект,299321083,аллея Арцеуловская 23к1,30.225256428426995,60.041984549999995
142,14,23,1,39.68,7691513,Приморский, Ивинская,1к4,Зенит,297885525,Ивинская 1к4,30.1260104,60.0327736
143,1,4,1,28.3,3500000,Колпинский,проспект Ленина,73,,299095339,проспект Ленина 73,53.52059717253263,54.48281660000001
144,15,23,1,39.8,7200000,Выборгский,Заречная ,10,Парнас,299357595,Заречная 10,39.70055232118183,52.6718164
145,15,24,1,36.95,6000000,Приморский, Ивинская,19к1,Беговая,289786509,Ивинская 19к1,30.12787427216709,60.03260765
146,14,23,1,34.37,6893604,Приморский, Ивинская,1к4,Зенит,298459515,Ивинская 1к4,30.1260104,60.0327736
147,8,24,1,32.4,7500000,Московский,Дунайский проспект,28к2,Звездная,299374819,Дунайский проспект 28к2,30.3623844,59.8329
148,8,23,1,33.92,6718950,Приморский, Ивинская,5к1,Зенит,297362013,Ивинская 5к1,30.1260104,60.0327736
149,10,16,1,44.0,8800000,Московский,Краснопутиловская ,76к2,Московская,294965679,Краснопутиловская 76к2,30.300853603667093,59.85487185
150,11,14,1,36.0,8888888,Приморский,Приморский проспект,145К3,Беговая,296734435,Приморский проспект 145К3,30.206969056863983,59.985190450000005
151,3,4,1,41.1,20990000,Центральный,набережная Воскресенская,26,Чернышевская,294111461,набережная Воскресенская 26,30.3541362,59.9497646
152,8,9,1,41.7,13950000,Приморский,Фермское шоссе,12А,Удельная,298195620,Фермское шоссе 12А,49.1626717,55.7383149
153,20,23,1,28.2,4950000,Невский, Русановская,18к3,Ломоносовская,297795562,Русановская 18к3,30.509775737048667,59.86774725
154,1,5,1,30.7,5400000,Калининский,проспект Науки,27,Академическая,297684712,проспект Науки 27,30.53189482018316,50.39696345
155,4,9,1,33.72,9200731,Красносельский, Тамбасова,5,Проспект Ветеранов,295858926,Тамбасова 5,91.68953046810196,53.69713395
156,8,12,1,36.2,5800000,Красногвардейский,проспект Наставников,12,Ладожская,291372451,проспект Наставников 12,30.4885791,59.9409516
157,3,5,1,30.0,5500000,Выборгский, Орбели,31К2,Площадь Мужества,297994012,Орбели 31К2,30.34324377242767,60.00648985
158,1,9,1,36.81,8578900,Красносельский, Тамбасова,5,Проспект Ветеранов,295859089,Тамбасова 5,91.68953046810196,53.69713395
159,8,16,1,38.7,7650000,Приморский,Богатырский проспект,52к1,Комендантский проспект,299099830,Богатырский проспект 52к1,30.212841786996172,60.0055298
160,5,10,1,47.0,18000000,Петроградский,Ждановская ,29,Чкаловская,297961350,Ждановская 29,37.580116,59.327641
161,7,8,1,48.8,22210541,Петроградский,Петровский проспект,22к2,Крестовский остров,293496463,Петровский проспект 22к2,30.261877165769224,59.96039365
162,16,25,1,34.5,7500000,Невский, Коллонтай,5/1,Проспект Большевиков,298049316,Коллонтай 5/1,30.4519323,59.9140922
163,5,25,1,37.95,5290000,Невский, Русановская,20к1,Ломоносовская,295280586,Русановская 20к1,30.513417450806458,59.8653365
164,5,9,1,44.0,16500000,Петроградский,Петровский проспект,24к3,Крестовский остров,295323138,Петровский проспект 24к3,30.2598582,59.9594017
165,5,8,1,39.7,19740518,Петроградский,Петровский проспект,22к2,Крестовский остров,293496511,Петровский проспект 22к2,30.261877165769224,59.96039365
166,2,5,1,31.2,5000000,Петродворцовый,Блан-Менильская ,3,,298662189,Блан-Менильская 3,29.888814514196078,59.8769256
167,6,7,1,54.5,13790000,Центральный,переулок Апраксин,1,Сенная площадь,291460963,переулок Апраксин 1,30.3266669,59.9281256
168,10,25,1,36.94,18688685,Московский,Алтайская ,39,Московская,294551126,Алтайская 39,82.53230854532252,50.012163
169,13,14,1,37.0,6900000,Красногвардейский,шоссе Революции,27,Ладожская,299334139,шоссе Революции 27,30.425972301796275,59.9591805
170,2,9,1,49.19,15679999,Адмиралтейский, Шкапина,43-45,Балтийская,299481389,Шкапина 43-45,30.2959521,59.9087317
171,10,10,1,35.0,6000000,Красносельский,проспект Ветеранов,169к6,Проспект Ветеранов,299632115,проспект Ветеранов 169к6,30.1164729874333,59.84212995
172,2,10,1,43.0,13700000,Адмиралтейский, Парфеновская,11к1,Фрунзенская,296834271,Парфеновская 11к1,30.31132004975,59.89860575
173,6,17,1,44.8,8900000,Калининский,проспект Непокоренных,49к2,Площадь Мужества,297706736,проспект Непокоренных 49к2,30.3897951,59.9940404
174,6,9,1,41.6,15949999,Адмиралтейский, Шкапина,43-45,Балтийская,299481414,Шкапина 43-45,30.2959521,59.9087317
175,5,21,1,34.9,8700000,Василеостровский, Челюскина,8,Приморская,294034275,Челюскина 8,77.21582407614503,43.313531100000006
176,6,12,1,48.2,17877708,Курортный,Приморское шоссе,570Л,,289388425,Приморское шоссе 570Л,30.1755998,59.9892131
177,5,5,1,31.1,6100000,Фрунзенский,Софийская ,37К3,Международная,298329429,Софийская 37К3,30.39878289775268,59.8733493
178,9,9,1,34.4,5490000,Выборгский,проспект Культуры,22К1,Гражданский проспект,297516945,проспект Культуры 22К1,30.374453710542014,60.04708655
179,3,6,1,48.1,21607555,Центральный,Миргородская ,1,Площадь Александра Невского,299135829,Миргородская 1,55.918344228005026,58.0047043
180,12,16,1,33.6,11600000,Красногвардейский,Заневский проспект,42,Ладожская,295747960,Заневский проспект 42,30.432895217722617,59.93442345
181,13,14,1,43.2,15089999,Красногвардейский,проспект Энергетиков,2,,279352049,проспект Энергетиков 2,83.63268820100387,53.33813195
182,6,12,1,37.38,8200000,Приморский,проспект Авиаконструкторов,54,Комендантский проспект,287949090,проспект Авиаконструкторов 54,30.20655429169124,60.033274399999996
183,3,16,1,41.2,11290000,Московский,Краснопутиловская ,125,Московская,299363990,Краснопутиловская 125,30.310833427372334,59.8470779
184,3,12,1,71.8,25998780,Курортный,Приморское шоссе,570Л,,294180843,Приморское шоссе 570Л,30.1755998,59.9892131
185,5,12,1,31.0,11500000,Московский,Кузнецовская ,58к1,Бухарестская,269502406,Кузнецовская 58к1,30.34817993784913,59.8731806
186,8,13,1,30.8,5970000,Калининский,проспект Непокоренных,74,Академическая,298092726,проспект Непокоренных 74,30.43185,59.9941925
187,13,14,1,42.17,14989999,Красногвардейский,проспект Энергетиков,2,,279352061,проспект Энергетиков 2,83.63268820100387,53.33813195
188,22,24,1,54.2,13990000,Приморский,Мебельная ,49/92,Беговая,295364531,Мебельная 49/92,30.1938737,59.9937392
189,8,24,1,42.1,6912820,Приморский, Ивинская,19к1,Комендантский проспект,297361064,Ивинская 19к1,30.12787427216709,60.03260765
190,3,10,1,35.5,11600000,Фрунзенский,Днепропетровская ,65,Обводный канал,298255448,Днепропетровская 65,48.38358019408332,53.1816214
191,4,14,1,36.88,13119999,Красногвардейский,проспект Энергетиков,2,,298146758,проспект Энергетиков 2,83.63268820100387,53.33813195
192,6,7,1,40.0,9990000,Выборгский,проспект Энгельса,134к3,Проспект Просвещения,299505462,проспект Энгельса 134к3,30.3298788,60.0484414
193,2,9,1,46.26,14709999,Адмиралтейский, Шкапина,43-45,Балтийская,299481388,Шкапина 43-45,30.2959521,59.9087317
194,20,23,1,35.3,5600000,Красногвардейский, Корнея Чуковского,5к2,Девяткино,296031592,Корнея Чуковского 5к2,30.457751523085413,60.028988350000006
195,2,5,1,29.7,5599000,Калининский, Ушинского,41,Гражданский проспект,298074012,Ушинского 41,73.41297397494469,54.9381676
196,3,4,1,31.5,5500000,Пушкинский,Гуммолосаровская ,19,Купчино,295762890,Гуммолосаровская 19,30.426290175000002,59.6847261
197,1,9,1,47.5,12700000,Центральный,Кременчугская ,19к3,Площадь Александра Невского,289681131,Кременчугская 19к3,30.3694965,59.9198756
198,4,12,1,34.5,7290000,Приморский,проспект Орлово-Денисовский,19к1,Проспект Просвещения,299103855,проспект Орлово-Денисовский 19к1,30.2684742,60.056225
199,4,8,1,25.52,15132619,Петроградский,Пионерская ,53,Чкаловская,298529998,Пионерская 53,127.99603210000001,49.614011149999996
200,4,11,1,28.2,5500000,Пушкинский,проспект Старорусский,11,Купчино,292437729,проспект Старорусский 11,30.356542011182313,59.80602985
201,7,11,1,44.89,18404900,Красногвардейский, Стахановцев,1,Новочеркасская,299464106,Стахановцев 1,33.5067021,44.5629575
202,6,26,1,46.9,13990000,Невский,проспект Обуховской обороны,195,Пролетарская,297872990,проспект Обуховской обороны 195,30.4587774,59.8693212
203,10,11,1,35.2,10610000,Невский,Октябрьская набережная,86К2,Пролетарская,294777985,Октябрьская набережная 86К2,30.4690683,59.8722408
204,9,25,1,31.4,6780000,Приморский, Верхне-Каменская,7к1,Комендантский проспект,293041151,Верхне-Каменская 7к1,30.21383527508609,60.03694645
205,2,8,1,45.33,20277423,Петроградский,Пионерская ,53,Чкаловская,298529954,Пионерская 53,127.99603210000001,49.614011149999996
206,10,11,1,35.37,10990000,Центральный,Днепропетровская ,7,Лиговский проспект,296992432,Днепропетровская 7,30.363063100187034,59.9191354
207,1,17,1,38.4,7107840,Приморский, Ивинская,9,Комендантский проспект,297361142,Ивинская 9,30.132562320612973,60.03060175
208,6,8,1,40.55,23660000,Петроградский,набережная Реки Карповки,31к1,Петроградская,299637865,набережная Реки Карповки 31к1,30.2893783,59.9689199
209,1,6,1,30.3,8500000,Петроградский, Мира,24,Горьковская,294773629,Мира 24,82.71445240801187,50.0507513
210,2,11,1,55.77,22386078,Красногвардейский, Стахановцев,1,Новочеркасская,299464134,Стахановцев 1,33.5067021,44.5629575
211,11,18,1,33.4,7700000,Московский, Среднерогатская,16к2,Звездная,297458707,Среднерогатская 16к2,30.3416219,59.8228665
212,2,24,1,40.6,6540660,Приморский, Ивинская,19к1,Комендантский проспект,297361030,Ивинская 19к1,30.12787427216709,60.03260765
213,15,15,1,38.6,15940000,Красногвардейский,Магнитогорская ,3к2,Новочеркасская,298731633,Магнитогорская 3к2,30.420108096148898,59.93535765
214,7,25,1,34.56,19688676,Московский,Алтайская ,39,Московская,297316436,Алтайская 39,82.53230854532252,50.012163
215,2,5,1,31.1,5500000,Кировский, Козлова,27К1,Проспект Ветеранов,270168275,Козлова 27К1,54.534309,59.207275
216,6,23,1,66.5,21147000,Выборгский,аллея Академика Лихачева,7,Площадь Мужества,299451096,аллея Академика Лихачева 7,30.346896091843032,60.00261465
217,13,15,1,45.4,7700000,Красносельский,проспект Ветеранов,130,Проспект Ветеранов,297274171,проспект Ветеранов 130,30.1709129,59.8326653
218,11,15,1,34.3,6800000,Кировский, Лени Голикова,2,Проспект Ветеранов,299071751,Лени Голикова 2,33.29163155,58.39380335
219,5,25,1,51.7,9461100,Калининский,Светлановский проспект,121к1,Гражданский проспект,292061878,Светлановский проспект 121к1,30.405512478277306,60.0461047
220,2,4,1,40.9,15000000,Центральный,Малая Садовая ,4,Гостиный двор,296783105,Малая Садовая 4,21.01576385,54.4400965
221,9,11,1,46.37,10766000,Невский,Октябрьская набережная,86К2,Пролетарская,296399787,Октябрьская набережная 86К2,30.4690683,59.8722408
222,9,23,1,40.1,6500000,Невский,проспект Советский,41к1,Рыбацкое,298659871,проспект Советский 41к1,30.5352572,59.8296222
223,10,11,1,28.9,10809500,Невский,Октябрьская набережная,86К2,Пролетарская,294042869,Октябрьская набережная 86К2,30.4690683,59.8722408
224,5,9,1,58.33,41000000,Петроградский,набережная Адмирала Лазарева,22,Чкаловская,299336700,набережная Адмирала Лазарева 22,30.2770569,59.9640376
225,10,11,1,41.0,5800000,Выборгский, Тихоокеанская,5,Проспект Просвещения,298736745,Тихоокеанская 5,135.0497875228166,48.5386517
226,5,10,1,39.5,9500000,Курортный, Гагаринская,77к1,Беговая,294184360,Гагаринская 77к1,29.9674873,60.0778122
227,17,25,1,43.1,24880294,Московский,Алтайская ,39,Московская,287028904,Алтайская 39,82.53230854532252,50.012163
228,14,25,1,33.5,5899000,Невский,проспект Советский,39к1,Рыбацкое,297343485,проспект Советский 39к1,30.5328405,59.8294659
229,7,15,1,39.0,7200000,Выборгский,дорога Михайловская,14к1,Проспект Просвещения,296446881,дорога Михайловская 14к1,30.2588099,60.0705338
230,2,5,1,29.3,5690000,Выборгский, Орбели,31К2,Площадь Мужества,295940595,Орбели 31К2,30.34324377242767,60.00648985
231,1,4,1,34.3,6150247,Пушкинский,шоссе Колпинское,127,Купчино,296659706,шоссе Колпинское 127,30.5465822,59.7491975
232,13,13,1,33.7,15800000,Красногвардейский,Пискаревский проспект,1,Площадь Ленина,293254950,Пискаревский проспект 1,30.428490773189992,59.9892878
233,8,25,1,41.31,11218263,Приморский,Коломяжский проспект,13к2,Пионерская,297024654,Коломяжский проспект 13к2,30.2986208,60.0015533
234,9,10,1,46.7,9600000,Приморский,Мартыновская ,6,Комендантский проспект,296631786,Мартыновская 6,30.25885594727456,60.0211671
235,3,4,1,38.2,7050211,Пушкинский,шоссе Колпинское,127,Купчино,280678056,шоссе Колпинское 127,30.5465822,59.7491975
236,6,9,1,32.5,6300000,Невский,проспект Большевиков,13К3,Улица Дыбенко,292232141,проспект Большевиков 13К3,30.474913748451577,59.9103224
237,15,18,1,36.1,11335405,Адмиралтейский,бульвар Измайловский,11,Московские ворота,298656206,бульвар Измайловский 11,30.3046299,59.8989367
238,19,24,1,33.9,8500000,Красногвардейский,проспект Энергетиков,9К1,Ладожская,299583835,проспект Энергетиков 9К1,30.4360992,59.9377603
239,2,21,1,32.0,9300000,Фрунзенский, Турку,11к2,Международная,299055356,Турку 11к2,30.3801026,59.8658209
240,2,12,1,35.1,6750000,Выборгский,Манчестерская ,16,Удельная,297430999,Манчестерская 16,30.337208968367985,60.013020600000004
241,12,25,1,42.59,11086743,Приморский,Коломяжский проспект,13к2,Пионерская,297024575,Коломяжский проспект 13к2,30.2986208,60.0015533
242,2,12,1,36.73,10500000,Приморский,Белоостровская ,12,Лесная,298879842,Белоостровская 12,30.3204732,59.9860859
243,7,18,1,36.8,12016058,Адмиралтейский,бульвар Измайловский,9,Фрунзенская,298655591,бульвар Измайловский 9,37.7867031,55.7977305
244,4,4,1,31.1,12927000,Центральный,Фурштатская ,23,Чернышевская,296477514,Фурштатская 23,30.3570834,59.9450376
245,2,10,1,41.1,17482036,Приморский,Белоостровская ,28,Черная речка,298657299,Белоостровская 28,30.310033001602342,59.9872559
246,5,5,1,31.6,5300000,Невский, Цимбалина,46,Ломоносовская,299559466,Цимбалина 46,30.42192718916399,59.88312465
247,2,9,1,36.0,6150000,Красносельский,Петергофское шоссе,15к2,,298374900,Петергофское шоссе 15к2,30.188341100530664,59.8482456
248,2,16,1,46.0,8499999,Невский,Товарищеский проспект,32к1,Улица Дыбенко,299100668,Товарищеский проспект 32к1,30.49113780785256,59.90993275
249,3,5,1,31.0,6490000,Выборгский,Удельный проспект,51К1,Удельная,296197788,Удельный проспект 51К1,30.312645085194944,60.023918949999995
250,18,26,1,32.2,7084000,Пушкинский,проспект Новгородский,2к3,Шушары,268906782,проспект Новгородский 2к3,30.37221395516928,59.8117648
251,5,15,1,46.3,13200000,Фрунзенский, Тосина,6,Обводный канал,293797582,Тосина 6,25.310212564465985,53.64153265
252,1,12,1,35.9,8750000,Выборгский,Манчестерская ,3к2,Удельная,298791080,Манчестерская 3к2,30.331770218779397,60.009194050000005
253,13,24,1,36.8,6100000,Невский, Русановская,17к4,Пролетарская,288958467,Русановская 17к4,30.512125785679537,59.8625436
254,8,9,1,30.5,5200000,Красносельский,проспект Ветеранов,129к2,Проспект Ветеранов,294854766,проспект Ветеранов 129к2,30.2081652,59.8332048
255,8,12,1,34.99,12407000,Выборгский,Большой Сампсониевский проспект,70к3,Выборгская,265730967,Большой Сампсониевский проспект 70к3,30.330634895111956,59.98050535
256,6,18,1,40.3,9200000,Приморский, Матроса Железняка,57,Пионерская,293329983,Матроса Железняка 57,30.314484351171263,59.999746
257,7,10,1,36.8,14664779,Приморский,Белоостровская ,28,Черная речка,298657444,Белоостровская 28,30.310033001602342,59.9872559
258,5,9,1,60.15,42000000,Петроградский,набережная Адмирала Лазарева,22,Чкаловская,299336702,набережная Адмирала Лазарева 22,30.2770569,59.9640376
259,4,25,1,40.01,8199000,Приморский,проспект Авиаконструкторов,69,Комендантский проспект,296411711,проспект Авиаконструкторов 69,30.199956904334798,60.0380875
260,18,27,1,38.9,7580000,Невский,проспект Советский,36к2,Рыбацкое,297267506,проспект Советский 36к2,33.020719607975145,68.8801124
261,1,27,1,41.29,8493353,Выборгский,Заречная ,52к1,,297905085,Заречная 52к1,55.700733,57.550739
262,13,26,1,39.5,10900000,Приморский,проспект Авиаконструкторов,2,Комендантский проспект,299055703,проспект Авиаконструкторов 2,30.216198527675644,60.02853125
263,7,12,1,45.75,12970125,Приморский,проспект Авиаконструкторов,54,Комендантский проспект,266866573,проспект Авиаконструкторов 54,30.20655429169124,60.033274399999996
264,7,24,1,34.78,5170000,Невский, Русановская,20к1,,299387511,Русановская 20к1,30.513417450806458,59.8653365
265,9,27,1,37.65,8116032,Выборгский,Заречная ,52к1,,297905161,Заречная 52к1,55.700733,57.550739
266,7,16,1,35.1,8500000,Калининский,Кондратьевский проспект,70к1,Площадь Мужества,296601592,Кондратьевский проспект 70к1,30.39634987762208,59.9838051
267,4,9,1,29.0,5850000,Невский,проспект Солидарности,7К1,Проспект Большевиков,292240491,проспект Солидарности 7К1,30.490216562116593,59.92274275
268,9,17,1,50.5,20950000,Приморский,Ушаковская набережная,3к2,Черная речка,293992137,Ушаковская набережная 3к2,30.3139789,59.9822766
269,6,9,1,51.04,18813344,Петроградский,Петроградская набережная,38,Горьковская,258156062,Петроградская набережная 38,30.333000922013227,59.9637442
270,7,10,1,38.6,11199000,Фрунзенский,Лиговский проспект,271,Обводный канал,298194738,Лиговский проспект 271,30.3412558,59.9049854
271,8,24,1,32.6,4900000,Красногвардейский,Полюстрово,25к3,Гражданский проспект,298375857,Полюстрово 25к3,30.406887,59.966259
272,5,12,1,48.34,12138175,Приморский,проспект Авиаконструкторов,54,Комендантский проспект,266867937,проспект Авиаконструкторов 54,30.20655429169124,60.033274399999996
273,2,7,1,38.1,8900000,Красносельский, Адмирала Черокова,18к2,Проспект Ветеранов,298732256,Адмирала Черокова 18к2,30.1433182,59.852999
274,5,9,1,53.88,19337532,Петроградский,Петроградская набережная,38,Горьковская,258156041,Петроградская набережная 38,30.333000922013227,59.9637442
275,1,6,1,37.9,6490000,Выборгский,Новороссийская ,2К2,Пионерская,268472350,Новороссийская 2К2,44.504955690810704,48.7113383
276,1,14,1,37.8,7500000,Калининский,Сибирская ,9,,297689225,Сибирская 9,103.45749294999999,52.8719302
277,16,26,1,34.6,7093000,Пушкинский,проспект Новгородский,2к3,Шушары,298728776,проспект Новгородский 2к3,30.37221395516928,59.8117648
278,9,24,1,45.0,17500000,Московский, Типанова,23с1,Московская,299010990,Типанова 23с1,30.34459237329186,59.8533372
279,21,25,1,30.8,4970000,Красногвардейский,Полюстрово,25к3,Гражданский проспект,299371546,Полюстрово 25к3,30.406887,59.966259
280,1,18,1,41.9,8500000,Невский, Ворошилова,31к3,Проспект Большевиков,299587695,Ворошилова 31к3,30.4638618521978,59.93194595
281,4,10,1,58.2,23500000,Красногвардейский,Пискаревский проспект,1,Площадь Ленина,298818734,Пискаревский проспект 1,30.428490773189992,59.9892878
282,5,8,1,59.9,31762275,Петроградский,набережная Реки Карповки,31к1,Чкаловская,297863442,набережная Реки Карповки 31к1,30.2893783,59.9689199
283,6,8,1,42.0,15850000,Адмиралтейский,12-я Красноармейская ,26,Балтийская,298269492,12-я Красноармейская 26,30.3002056,59.9113926
284,7,25,1,33.6,6150000,Невский, Русановская,20к1,Пролетарская,293605050,Русановская 20к1,30.513417450806458,59.8653365
285,3,8,1,44.5,24900000,Центральный,Полтавский проезд,3,Площадь Восстания,296838576,Полтавский проезд 3,30.3673949,59.9267695
286,2,4,1,32.9,7600000,Красносельский,проспект Ветеранов,194,Проспект Ветеранов,299250635,проспект Ветеранов 194,30.114763432568584,59.834320649999995
287,5,14,1,40.7,11990000,Приморский,Белоостровская ,10к2,Лесная,296572902,Белоостровская 10к2,30.324596073323946,59.98418515
288,10,12,1,38.9,12500000,Приморский,Приморский проспект,167К3,Беговая,298648359,Приморский проспект 167К3,30.193843616253183,59.988513850000004
289,12,27,1,37.4,7300000,Выборгский, Николая Рубцова,12к1,Парнас,297533814,Николая Рубцова 12к1,30.3380463,60.0763553
290,1,6,1,38.4,17280000,Адмиралтейский,Мастерская ,9,Балтийская,291267845,Мастерская 9,33.53337219512859,44.5926365
291,1,8,1,47.5,18037434,Петроградский,Петровский проспект,22к2,Крестовский остров,298980289,Петровский проспект 22к2,30.261877165769224,59.96039365
292,3,8,1,42.8,18000000,Петроградский,Петровский проспект,28к1,Крестовский остров,296285672,Петровский проспект 28к1,30.254376199844216,59.961605500000005
293,12,26,1,45.3,19000000,Выборгский,проспект Тореза,118,Озерки,299025669,проспект Тореза 118,30.322561908115404,60.0266419
294,2,9,1,56.4,21500000,Центральный,Миргородская ,1,Площадь Александра Невского,291869224,Миргородская 1,55.918344228005026,58.0047043
295,3,8,1,74.58,22177350,Петроградский,набережная Реки Карповки,27,Петроградская,290207979,набережная Реки Карповки 27,30.308582808874807,59.9702531
296,7,8,1,48.8,22210000,Петроградский,Петровский проспект,22к2,Спортивная,299336888,Петровский проспект 22к2,30.261877165769224,59.96039365
297,3,8,1,44.0,22900000,Петроградский,Петровский проспект,26к2,Крестовский остров,298295357,Петровский проспект 26к2,30.254776622413942,59.96051075
298,5,20,1,73.5,27900000,Выборгский,аллея Академика Лихачева,7,Площадь Мужества,298685891,аллея Академика Лихачева 7,30.346896091843032,60.00261465
299,8,9,1,60.0,48000000,Петроградский,набережная Адмирала Лазарева,22,Чкаловская,299336711,набережная Адмирала Лазарева 22,30.2770569,59.9640376
300,2,7,1,93.8,79700000,Центральный,Шпалерная ,26,Чернышевская,299336176,Шпалерная 26,30.35177880487436,59.9495663
301,1,4,1,17.25,2890000,Центральный,Суворовский проспект,39,Площадь Восстания,291073133,Суворовский проспект 39,30.29735225,59.3781281
302,5,9,1,30.2,3850000,Петродворцовый, Победы,36к1,Проспект Ветеранов,298732535,Победы 36к1,116.34363082810904,50.53946115
303,1,3,1,19.3,4050000,Кировский,переулок Майков,4а,Нарвская,292488026,переулок Майков 4а,30.28535708866443,59.89839835
304,4,5,1,34.5,4390000,Колпинский, Танкистов,20,Шушары,287493774,Танкистов 20,30.565106272064867,59.7465205
305,3,7,1,27.86,4875500,Красногвардейский,Полюстрово,69,,297024084,Полюстрово 69,30.406887,59.966259
306,2,7,1,28.72,4882400,Красногвардейский,Полюстрово,69,,297024109,Полюстрово 69,30.406887,59.966259
307,4,9,1,33.8,4900000,Колпинский,бульвар Трудящихся,20,Шушары,298554222,бульвар Трудящихся 20,30.583812733830285,59.7365442
308,2,24,1,34.38,4949999,Невский, Русановская,20к1,Ломоносовская,296169509,Русановская 20к1,30.513417450806458,59.8653365
309,4,12,1,38.9,4950000,Колпинский,Московская ,11,,298482312,Московская 11,71.43012685,42.897082600000005
310,9,18,1,32.4,5040000,Невский, Крыленко,34,Улица Дыбенко,294480752,Крыленко 34,37.66691123356905,47.92643835
311,14,15,1,36.2,5040000,Невский, Русановская,24,Ломоносовская,292498344,Русановская 24,30.51660729098161,59.86497575
312,9,13,1,32.5,5037500,Невский,Варфоломеевская ,6,Ломоносовская,292781492,Варфоломеевская 6,30.41965948839928,59.879154
313,2,22,1,32.8,5051200,Красногвардейский, Пейзажная,6,Девяткино,299237083,Пейзажная 6,49.281411750000004,55.8276094
314,5,24,1,31.0,5100000,Невский, Русановская,18к6,Ломоносовская,297182614,Русановская 18к6,30.51243106542462,59.86901355
315,13,22,1,32.0,5136000,Красногвардейский, Пейзажная,6,Девяткино,299237160,Пейзажная 6,49.281411750000004,55.8276094
316,10,17,1,33.37,5100000,Красногвардейский,Полюстрово,31к1,Девяткино,298299816,Полюстрово 31к1,30.406887,59.966259
317,5,9,1,26.0,5240000,Кировский, Лени Голикова,18,Проспект Ветеранов,298522474,Лени Голикова 18,33.295335949999995,58.3919821
318,6,26,1,30.0,5290000,Красногвардейский,Полюстрово,10к1,Гражданский проспект,292401197,Полюстрово 10к1,30.406887,59.966259
319,2,4,1,26.6,5346119,Пушкинский, Образцовая,2,Купчино,293667096,Образцовая 2,82.54228579029655,50.035235799999995
320,6,25,1,33.5,5350000,Красногвардейский, Пейзажная,10,Девяткино,299319112,Пейзажная 10,37.189284400000005,54.710301
321,5,5,1,32.0,5400000,Московский,Ленинский проспект,170,Московская,297121336,Ленинский проспект 170,30.311438,59.852419
322,2,7,1,34.96,5593600,Красногвардейский,Полюстрово,69,,297024103,Полюстрово 69,30.406887,59.966259
323,2,4,1,30.2,5500000,Пушкинский,Ленинградская ,33,Купчино,294824838,Ленинградская 33,55.929051125286776,53.3355859
324,22,25,1,34.0,5500000,Красногвардейский,проспект Васнецовский,18,Гражданский проспект,298194124,проспект Васнецовский 18,30.48112755,60.00739735
325,3,7,1,34.22,5646300,Красногвардейский,Полюстрово,69,,297024092,Полюстрово 69,30.406887,59.966259
326,2,25,1,36.43,5646650,Красногвардейский,Полюстрово,69,,297023657,Полюстрово 69,30.406887,59.966259
327,7,9,1,31.1,5600000,Красногвардейский,проспект Энергетиков,35к1,Ладожская,298907245,проспект Энергетиков 35к1,30.43870566005161,59.95776075
328,1,5,1,31.08,5650017,Московский,Пулковское шоссе,103В,Звездная,297904370,Пулковское шоссе 103В,30.3249394,59.7828449
329,3,13,1,34.2,5699000,Красногвардейский,Пискаревский проспект,165к1,,293565921,Пискаревский проспект 165к1,30.451191983637194,60.007525799999996
330,11,11,1,32.1,5664202,Пушкинский,проспект Старорусский,13к2,Звездная,294664625,проспект Старорусский 13к2,30.35577234379145,59.805106499999994
331,2,9,1,36.8,5700000,Колпинский,Загородная ,43к4,Рыбацкое,298561685,Загородная 43к4,23.32295,52.25861
332,2,25,1,26.71,5742650,Красносельский, Маршала Казакова,64к1,,294605976,Маршала Казакова 64к1,43.9294829,56.3244174
333,3,9,1,30.0,5700000,Кировский,Дачный проспект,33К1,Проспект Ветеранов,295221207,Дачный проспект 33К1,30.263239466471944,59.8368892
334,4,12,1,31.6,5700000,Красносельский,проспект Ветеранов,171к5,Ленинский проспект,298436138,проспект Ветеранов 171к5,30.1132513,59.8420306
335,10,12,1,32.9,5757500,Пушкинский,проспект Старорусский,9,,296711212,проспект Старорусский 9,30.35638559044976,59.80763035
336,3,4,1,28.65,5800034,Пушкинский,шоссе Колпинское,127,Купчино,297392396,шоссе Колпинское 127,30.5465822,59.7491975
337,10,12,1,34.2,5814000,Пушкинский,проспект Старорусский,9,,296280938,проспект Старорусский 9,30.35638559044976,59.80763035
338,3,9,1,32.1,5850000,Красносельский,Петергофское шоссе,11/21Б,Ленинский проспект,297256776,Петергофское шоссе 11/21Б,30.1371288,59.8471471
339,2,7,1,36.75,5880000,Красногвардейский,Полюстрово,69,,297023973,Полюстрово 69,30.406887,59.966259
340,15,19,1,36.1,5900000,Красногвардейский,проспект Маршака,22,Девяткино,296283475,проспект Маршака 22,30.453241650153608,60.027692099999996
341,6,9,1,32.0,5990000,Выборгский,Выборгское шоссе,25,Проспект Просвещения,286026450,Выборгское шоссе 25,30.674456322059356,61.691913850000006
342,1,4,1,30.71,5936027,Пушкинский, Образцовая,2,Купчино,293666953,Образцовая 2,82.54228579029655,50.035235799999995
343,2,10,1,40.4,5970000,Пушкинский,Московское шоссе,256к6,Шушары,299365785,Московское шоссе 256к6,30.46378968532222,59.75605075
344,4,11,1,34.3,6000000,Невский,проспект Советский,41к1,Рыбацкое,283971107,проспект Советский 41к1,30.5352572,59.8296222
345,1,4,1,32.25,6000048,Пушкинский,шоссе Колпинское,127,Купчино,289768291,шоссе Колпинское 127,30.5465822,59.7491975
346,14,24,1,37.1,6000000,Невский, Русановская,18к8,Ломоносовская,298680192,Русановская 18к8,30.514669899549812,59.86757325
347,1,11,1,36.3,6034875,Пушкинский,проспект Старорусский,13к1,Звездная,294664648,проспект Старорусский 13к1,30.357291061413747,59.80492175
348,5,13,1,40.1,6015000,Невский,Варфоломеевская ,6,Ломоносовская,292781539,Варфоломеевская 6,30.41965948839928,59.879154
349,2,13,1,35.3,6001000,Невский,Варфоломеевская ,6,Ломоносовская,292781827,Варфоломеевская 6,30.41965948839928,59.879154
350,21,25,1,35.3,6000000,Пушкинский,проспект Новгородский,10,Купчино,299632304,проспект Новгородский 10,30.369217594701762,59.8068447
351,1,4,1,32.7,6050137,Пушкинский,шоссе Колпинское,127,Купчино,295505214,шоссе Колпинское 127,30.5465822,59.7491975
352,10,12,1,35.8,6086000,Пушкинский,проспект Старорусский,9,,296280940,проспект Старорусский 9,30.35638559044976,59.80763035
353,11,25,1,37.94,6129999,Выборгский,Заречная ,17,Парнас,297157401,Заречная 17,114.9041922,51.266339
354,4,5,1,41.0,6100000,Пушкинский,Железнодорожная ,40,,296922031,Железнодорожная 40,68.36017644778622,51.80911695
355,1,4,1,34.3,6100100,Пушкинский,шоссе Колпинское,127,Купчино,295505229,шоссе Колпинское 127,30.5465822,59.7491975
356,6,13,1,40.7,6105000,Невский,Варфоломеевская ,6,Ломоносовская,292781465,Варфоломеевская 6,30.41965948839928,59.879154
357,1,5,1,34.77,6250185,Московский,Пулковское шоссе,103В,Звездная,298999819,Пулковское шоссе 103В,30.3249394,59.7828449
358,1,5,1,34.37,6250150,Московский,Пулковское шоссе,103В,Звездная,295920854,Пулковское шоссе 103В,30.3249394,59.7828449
359,5,5,1,31.76,6200171,Московский,Пулковское шоссе,103В,Звездная,297904371,Пулковское шоссе 103В,30.3249394,59.7828449
360,8,23,1,32.7,6263384,Приморский, Ивинская,1к2,Зенит,298977591,Ивинская 1к2,30.1260104,60.0327736
361,12,12,1,38.0,6270000,Пушкинский,проспект Старорусский,9,,296280932,проспект Старорусский 9,30.35638559044976,59.80763035
362,4,10,1,31.8,6250000,Выборгский,Светлановский проспект,37,Площадь Мужества,294352034,Светлановский проспект 37,30.34642346650397,60.00953355
363,10,12,1,36.7,6239000,Пушкинский,проспект Старорусский,9,,296280988,проспект Старорусский 9,30.35638559044976,59.80763035
364,1,11,1,35.6,6251762,Пушкинский,проспект Старорусский,13к2,Звездная,294664609,проспект Старорусский 13к2,30.35577234379145,59.805106499999994
365,1,11,1,35.1,6250021,Пушкинский,проспект Старорусский,13к2,Звездная,294664546,проспект Старорусский 13к2,30.35577234379145,59.805106499999994
366,5,16,1,37.21,6200000,Выборгский,дорога Михайловская,16к3,Озерки,295700815,дорога Михайловская 16к3,30.25767193621195,60.068688800000004
367,7,15,1,36.97,6200000,Выборгский,дорога Михайловская,14к1,Парнас,299484119,дорога Михайловская 14к1,30.2588099,60.0705338
368,4,5,1,30.8,6250000,Приморский,Омская ,24,Пионерская,299437599,Омская 24,30.311867599109174,59.996263150000004
369,3,4,1,31.0,6200000,Пушкинский,Ахматовская ,7,Купчино,298778895,Ахматовская 7,48.0365011935839,46.351045400000004
370,2,5,1,30.95,6300120,Московский,Пулковское шоссе,95к3,Звездная,298405598,Пулковское шоссе 95к3,30.3249394,59.7828449
371,1,4,1,34.9,6300252,Пушкинский,шоссе Колпинское,127,Купчино,292788683,шоссе Колпинское 127,30.5465822,59.7491975
372,1,4,1,35.8,6300227,Пушкинский,шоссе Колпинское,127,Купчино,296659715,шоссе Колпинское 127,30.5465822,59.7491975
373,8,12,1,33.24,6382402,Пушкинский,проспект Старорусский,5к1,Шушары,292227845,проспект Старорусский 5к1,30.3580552,59.8081506
374,11,11,1,37.2,6361200,Пушкинский,проспект Старорусский,13к1,Звездная,294664687,проспект Старорусский 13к1,30.357291061413747,59.80492175
375,10,11,1,34.3,6382065,Пушкинский,проспект Старорусский,13к2,Звездная,294664517,проспект Старорусский 13к2,30.35577234379145,59.805106499999994
376,1,11,1,37.8,6356070,Пушкинский,проспект Старорусский,13к2,Звездная,294664499,проспект Старорусский 13к2,30.35577234379145,59.805106499999994
377,2,12,1,33.54,6363092,Пушкинский,проспект Старорусский,5к1,Шушары,292227376,проспект Старорусский 5к1,30.3580552,59.8081506
378,5,23,1,34.61,6474301,Приморский, Ивинская,1к2,Зенит,299058370,Ивинская 1к2,30.1260104,60.0327736
379,2,20,1,28.11,6465300,Красносельский, Маршала Казакова,64к1,,294606809,Маршала Казакова 64к1,43.9294829,56.3244174
380,3,4,1,36.5,6467106,Пушкинский, Образцовая,2,Купчино,293667112,Образцовая 2,82.54228579029655,50.035235799999995
381,1,11,1,37.3,6404238,Пушкинский,проспект Старорусский,13к2,Звездная,294664618,проспект Старорусский 13к2,30.35577234379145,59.805106499999994
382,2,4,1,28.53,6409296,Пушкинский, Образцовая,2,Купчино,293666960,Образцовая 2,82.54228579029655,50.035235799999995
383,1,23,1,34.69,6441933,Приморский, Ивинская,1к4,Зенит,297885363,Ивинская 1к4,30.1260104,60.0327736
384,1,17,1,32.8,6464880,Приморский, Ивинская,9,Комендантский проспект,297361140,Ивинская 9,30.132562320612973,60.03060175
385,26,27,1,33.7,6400000,Выборгский, Валерия Гаврилина,3к1,Парнас,298973011,Валерия Гаврилина 3к1,30.33057984251208,60.074278699999994
386,2,9,1,33.6,6500000,Невский,Искровский проспект,15К2,Улица Дыбенко,299283718,Искровский проспект 15К2,30.464534833212205,59.90606685
387,3,9,1,33.0,6500000,Кировский,Двинская ,16к1,Нарвская,298593382,Двинская 16к1,30.24345525609366,59.90875595
388,4,4,1,35.0,6535837,Пушкинский, Образцовая,2,Купчино,293667137,Образцовая 2,82.54228579029655,50.035235799999995
389,1,4,1,40.09,6520652,Пушкинский, Образцовая,2,Купчино,293667171,Образцовая 2,82.54228579029655,50.035235799999995
390,23,23,1,37.1,6500000,Красногвардейский,Полюстрово,61,Девяткино,297688524,Полюстрово 61,30.406887,59.966259
391,7,9,1,34.42,6590000,Кировский,проспект Ветеранов,78,Проспект Ветеранов,299165443,проспект Ветеранов 78,30.2179272,59.833094
392,1,23,1,35.85,6582060,Приморский, Ивинская,1к4,Зенит,297361438,Ивинская 1к4,30.1260104,60.0327736
393,2,20,1,28.63,6584900,Красносельский, Маршала Казакова,64к1,,294606852,Маршала Казакова 64к1,43.9294829,56.3244174
394,4,23,1,32.92,6560816,Приморский, Ивинская,5к1,Зенит,297993519,Ивинская 5к1,30.1260104,60.0327736
395,18,19,1,32.9,6550000,Приморский,аллея Арцеуловская,23к1,Комендантский проспект,284656827,аллея Арцеуловская 23к1,30.225256428426995,60.041984549999995
396,6,11,1,38.6,6562000,Пушкинский,проспект Старорусский,11,Звездная,285297790,проспект Старорусский 11,30.356542011182313,59.80602985
397,1,4,1,34.9,6600106,Пушкинский,шоссе Колпинское,129,Купчино,284671753,шоссе Колпинское 129,30.5465822,59.7491975
398,5,5,1,31.71,6600103,Московский,Пулковское шоссе,95к3,Звездная,294535253,Пулковское шоссе 95к3,30.3249394,59.7828449
399,1,5,1,36.51,6600204,Московский,Пулковское шоссе,103В,Звездная,296054909,Пулковское шоссе 103В,30.3249394,59.7828449
400,1,11,1,39.7,6600125,Пушкинский,проспект Старорусский,13к1,Звездная,294664657,проспект Старорусский 13к1,30.357291061413747,59.80492175
401,7,29,1,35.7,6745000,Московский,Витебский проспект,99к1,,290519316,Витебский проспект 99к1,30.372254523666292,59.83116165
402,1,4,1,35.8,6700259,Пушкинский,шоссе Колпинское,129,Купчино,288794068,шоссе Колпинское 129,30.5465822,59.7491975
403,4,4,1,32.6,6650122,Пушкинский,шоссе Колпинское,129,Купчино,292788622,шоссе Колпинское 129,30.5465822,59.7491975
404,3,18,1,29.69,6680250,Невский, Тельмана,37,Ломоносовская,299556090,Тельмана 37,80.27410090000001,50.422221500000006
405,1,23,1,39.0,6650000,Невский,проспект Советский,34к2,,295854561,проспект Советский 34к2,30.553049237990848,59.82740215
406,5,23,1,32.11,6716421,Приморский, Ивинская,1к1,Зенит,298260266,Ивинская 1к1,30.1260104,60.0327736
407,1,5,1,34.1,6650028,Московский, Струве,12,Звездная,299582529,Струве 12,14.21432972499748,51.023425450000005
408,1,5,1,36.8,6650128,Московский, Струве,10к2,Звездная,299582526,Струве 10к2,20.4653803,54.5287492
409,1,5,1,35.1,6650221,Московский, Струве,10к2,Звездная,299582522,Струве 10к2,20.4653803,54.5287492
410,3,20,1,32.92,6748600,Красносельский, Маршала Казакова,64к1,,297419383,Маршала Казакова 64к1,43.9294829,56.3244174
411,13,24,1,38.0,6739220,Невский, Русановская,24,Пролетарская,299468667,Русановская 24,30.51660729098161,59.86497575
412,1,5,1,36.11,6700000,Московский, Орбитальная,7к1,Московская,299058599,Орбитальная 7к1,30.317041514929834,59.76117045
413,14,23,1,33.92,6740280,Приморский, Ивинская,5к1,Зенит,297884758,Ивинская 5к1,30.1260104,60.0327736
414,11,11,1,38.6,6657951,Пушкинский,проспект Старорусский,13к2,Звездная,296594578,проспект Старорусский 13к2,30.35577234379145,59.805106499999994
415,1,11,1,39.5,6690557,Пушкинский,проспект Старорусский,13к2,Звездная,294664602,проспект Старорусский 13к2,30.35577234379145,59.805106499999994
416,6,23,1,32.43,6717822,Приморский, Ивинская,5к1,Зенит,297884795,Ивинская 5к1,30.1260104,60.0327736
417,1,5,1,34.9,6750270,Московский,Пулковское шоссе,99к6,Звездная,291984313,Пулковское шоссе 99к6,30.3249394,59.7828449
418,5,5,1,31.5,6750245,Московский,Пулковское шоссе,99к6,Звездная,291619287,Пулковское шоссе 99к6,30.3249394,59.7828449
419,1,5,1,34.9,6750270,Московский,Пулковское шоссе,95к3,Звездная,296659558,Пулковское шоссе 95к3,30.3249394,59.7828449
420,1,5,1,34.8,6750156,Московский,Пулковское шоссе,95к4,Звездная,291619281,Пулковское шоссе 95к4,30.3249394,59.7828449
421,3,23,1,34.33,6792138,Приморский, Ивинская,1к4,Зенит,297885383,Ивинская 1к4,30.1260104,60.0327736
422,2,20,1,32.19,6759900,Красносельский, Маршала Казакова,64к1,,294606894,Маршала Казакова 64к1,43.9294829,56.3244174
423,5,5,1,31.7,6750261,Московский, Струве,12,Звездная,299582531,Струве 12,14.21432972499748,51.023425450000005
424,24,24,1,39.93,6780000,Красногвардейский,аллея Евгения Шварца,13к1,Девяткино,294571474,аллея Евгения Шварца 13к1,30.457275965944373,60.03671625
425,4,23,1,34.61,6793125,Приморский, Ивинская,5к2,Зенит,297710646,Ивинская 5к2,30.1260104,60.0327736
426,1,4,1,38.7,6850054,Пушкинский,шоссе Колпинское,127,Купчино,296659716,шоссе Колпинское 127,30.5465822,59.7491975
427,2,4,1,37.9,6850197,Пушкинский,шоссе Колпинское,127,Купчино,296985453,шоссе Колпинское 127,30.5465822,59.7491975
428,3,4,1,34.45,6850055,Пушкинский,шоссе Колпинское,129,Купчино,296538601,шоссе Колпинское 129,30.5465822,59.7491975
429,3,5,1,32.85,6850226,Московский,Пулковское шоссе,95к3,Звездная,298405602,Пулковское шоссе 95к3,30.3249394,59.7828449
430,16,24,1,33.8,6847880,Приморский, Ивинская,13,Комендантский проспект,297361330,Ивинская 13,30.13038029636285,60.03115115
431,14,24,1,34.8,6890400,Приморский, Ивинская,13,Комендантский проспект,297361315,Ивинская 13,30.13038029636285,60.03115115
432,5,5,1,33.3,6850093,Московский, Струве,8к2,Звездная,299582453,Струве 8к2,20.4653803,54.5287492
433,5,5,1,33.6,6850116,Московский, Струве,8к3,Звездная,299582480,Струве 8к3,20.4653803,54.5287492
434,1,5,1,35.8,6850097,Московский, Струве,8к3,Звездная,299582483,Струве 8к3,20.4653803,54.5287492
435,8,12,1,41.8,6897000,Пушкинский,проспект Старорусский,9,,296280934,проспект Старорусский 9,30.35638559044976,59.80763035
436,2,20,1,30.91,6800200,Красносельский, Маршала Казакова,64к1,,294606998,Маршала Казакова 64к1,43.9294829,56.3244174
437,24,25,1,34.7,6887377,Невский, Русановская,24,Пролетарская,299468664,Русановская 24,30.51660729098161,59.86497575
438,5,5,1,38.4,6800000,Невский,Ивановская ,30,Ломоносовская,296569504,Ивановская 30,42.3671518,61.292928
439,6,24,1,42.0,6896400,Приморский, Ивинская,19к1,Комендантский проспект,297361053,Ивинская 19к1,30.12787427216709,60.03260765
440,12,19,1,35.6,6800000,Василеостровский,бульвар Александра Грина,1,Приморская,290211656,бульвар Александра Грина 1,30.2049943,59.9369829
441,1,12,1,35.0,6800000,Калининский,Кондратьевский проспект,83К2,Лесная,299027081,Кондратьевский проспект 83К2,30.399901678370306,59.98154555
442,6,24,1,34.9,6910200,Приморский, Ивинская,19к3,Комендантский проспект,297361209,Ивинская 19к3,30.13193927114612,60.033446999999995
443,2,20,1,34.59,6918000,Красносельский, Маршала Казакова,64к1,,297419353,Маршала Казакова 64к1,43.9294829,56.3244174
444,2,7,1,43.28,6924800,Красногвардейский,Полюстрово,69,,297023967,Полюстрово 69,30.406887,59.966259
445,6,23,1,33.51,6936370,Приморский, Ивинская,1к1,Зенит,297884859,Ивинская 1к1,30.1260104,60.0327736
446,1,6,1,43.2,6912000,Курортный, Строителей,3к2,,292413481,Строителей 3к2,29.68056272511327,60.2077282
447,10,21,1,44.4,6900000,Приморский,Парашютная ,58,Комендантский проспект,295132398,Парашютная 58,30.243455118633918,60.0372116
448,2,18,1,36.3,6950000,Приморский,Парашютная ,61к4,Комендантский проспект,297502786,Парашютная 61к4,30.254803,60.036831
449,2,18,1,31.6,6952000,Невский, Тельмана,37,Ломоносовская,299556160,Тельмана 37,80.27410090000001,50.422221500000006
450,25,25,1,37.5,6950000,Невский,проспект Советский,36к2,,297610570,проспект Советский 36к2,33.020719607975145,68.8801124
451,3,9,1,30.0,6999999,Фрунзенский,Альпийский переулок,45,Проспект Славы,299463025,Альпийский переулок 45,30.394243320221186,59.8540316
452,5,6,1,30.0,6990000,Пушкинский,Ахматовская ,6,Купчино,274752387,Ахматовская 6,30.4241475,59.727345
453,2,4,1,40.62,6952050,Пушкинский, Образцовая,2,Купчино,293666957,Образцовая 2,82.54228579029655,50.035235799999995
454,2,4,1,38.61,6970477,Пушкинский, Образцовая,2,Купчино,293667012,Образцовая 2,82.54228579029655,50.035235799999995
455,9,24,1,42.5,6978500,Приморский, Ивинская,19к1,Комендантский проспект,297361070,Ивинская 19к1,30.12787427216709,60.03260765
456,7,29,1,37.54,7035000,Московский,Витебский проспект,99к1,,290514177,Витебский проспект 99к1,30.372254523666292,59.83116165
457,17,26,1,34.6,7093000,Пушкинский,проспект Новгородский,2к3,Шушары,268906753,проспект Новгородский 2к3,30.37221395516928,59.8117648
458,20,26,1,32.2,7084000,Пушкинский,проспект Новгородский,2к3,Шушары,296842501,проспект Новгородский 2к3,30.37221395516928,59.8117648
459,4,23,1,36.78,7099068,Приморский, Ивинская,1к4,Зенит,297361486,Ивинская 1к4,30.1260104,60.0327736
460,5,25,1,38.0,7050000,Выборгский, Михаила Дудина,25к1,Парнас,294945283,Михаила Дудина 25к1,30.326335968085477,60.07138985
461,6,24,1,37.4,7023720,Приморский, Ивинская,19к3,Комендантский проспект,297361212,Ивинская 19к3,30.13193927114612,60.033446999999995
462,14,15,1,28.1,7000000,Выборгский,проспект Энгельса,113К2,Озерки,299370211,проспект Энгельса 113К2,30.3266055,60.0377118
463,4,17,1,37.9,7053190,Приморский, Ивинская,9,Комендантский проспект,297361159,Ивинская 9,30.132562320612973,60.03060175
464,2,4,1,37.75,7015860,Пушкинский, Образцовая,2,Купчино,293667177,Образцовая 2,82.54228579029655,50.035235799999995
465,2,12,1,36.91,7096561,Пушкинский,проспект Старорусский,5к1,Шушары,293752180,проспект Старорусский 5к1,30.3580552,59.8081506
466,2,13,1,38.3,7000000,Выборгский, Тихоокеанская,1к2,Проспект Просвещения,298985630,Тихоокеанская 1к2,30.243015,60.073876
467,1,5,1,37.6,7100233,Московский, Струве,12,Звездная,299582505,Струве 12,14.21432972499748,51.023425450000005
468,1,5,1,39.1,7100325,Московский, Струве,8к3,Звездная,299582488,Струве 8к3,20.4653803,54.5287492
469,1,5,1,37.4,7100296,Московский, Струве,8к2,Звездная,299582462,Струве 8к2,20.4653803,54.5287492
470,10,13,1,44.5,7120000,Невский,Варфоломеевская ,6,Ломоносовская,292781502,Варфоломеевская 6,30.41965948839928,59.879154
471,1,6,1,44.4,7104000,Курортный, Строителей,3к2,,292413435,Строителей 3к2,29.68056272511327,60.2077282
472,5,5,1,34.38,7200254,Московский,Пулковское шоссе,95к3,Звездная,299178312,Пулковское шоссе 95к3,30.3249394,59.7828449
473,1,23,1,39.74,7220758,Приморский, Ивинская,1к4,Зенит,297361433,Ивинская 1к4,30.1260104,60.0327736
474,3,18,1,29.49,7225050,Невский, Тельмана,37,Ломоносовская,299555705,Тельмана 37,80.27410090000001,50.422221500000006
475,3,16,1,30.15,7196240,Московский,Московское шоссе,13Ж,Звездная,298145926,Московское шоссе 13Ж,30.356223367561018,59.822617199999996
476,1,11,1,28.39,7150220,Невский, Гудиловская,6к1,Обухово,285014750,Гудиловская 6к1,30.53247648935025,59.82824855
477,24,27,1,39.3,7200000,Невский,проспект Советский,36к1,Рыбацкое,299404957,проспект Советский 36к1,30.553812,59.8257446
478,2,13,1,46.2,7161000,Невский,Варфоломеевская ,6,Ломоносовская,292781638,Варфоломеевская 6,30.41965948839928,59.879154
479,2,10,1,30.0,7199000,Фрунзенский,Будапештская ,9к1,Международная,296510309,Будапештская 9к1,30.368427,59.8697772
480,4,13,1,34.42,7287849,Приморский,Коломяжский проспект,4,Черная речка,297552909,Коломяжский проспект 4,30.299884099999993,60.001830600000005
481,3,6,1,45.4,7264000,Курортный, Строителей,3к2,,292413427,Строителей 3к2,29.68056272511327,60.2077282
482,7,14,1,35.3,7290000,Приморский,Планерная ,87к1,Комендантский проспект,292155905,Планерная 87к1,30.2018577,60.0320667
483,1,5,1,37.02,7300029,Московский,Пулковское шоссе,95к3,Звездная,298405606,Пулковское шоссе 95к3,30.3249394,59.7828449
484,8,17,1,32.3,7300000,Невский,проспект Солидарности,14к1,,299650719,проспект Солидарности 14к1,30.49568,59.918957
485,9,23,1,38.19,7314687,Приморский, Ивинская,1к2,Зенит,298977598,Ивинская 1к2,30.1260104,60.0327736
486,2,6,1,45.8,7328000,Курортный, Строителей,3к2,,292413426,Строителей 3к2,29.68056272511327,60.2077282
487,19,27,1,44.0,7300000,Выборгский, Архитектора Белова,6к1,Парнас,299666176,Архитектора Белова 6к1,30.31984449481317,60.0710275
488,13,20,1,35.5,7300000,Приморский,Комендантский проспект,55к1,Комендантский проспект,299268613,Комендантский проспект 55к1,30.2331841,60.0314206
489,7,13,1,35.3,7445000,Приморский,Планерная ,87к1,,289698322,Планерная 87к1,30.2018577,60.0320667
490,10,12,1,38.0,7389000,Невский,Караваевская ,42,Рыбацкое,299377383,Караваевская 42,30.51850423019231,59.830062999999996
491,1,23,1,31.61,7353524,Невский,Рыбацкое,4,Рыбацкое,294049834,Рыбацкое 4,142.5252448,46.6983225
492,9,24,1,37.5,7361250,Приморский, Ивинская,19к3,Комендантский проспект,297361260,Ивинская 19к3,30.13193927114612,60.033446999999995
493,1,13,1,34.03,7447888,Приморский,аллея Арцеуловская,9,Пионерская,280840799,аллея Арцеуловская 9,30.196216354600743,60.036259799999996
494,24,24,1,39.8,7440365,Невский, Русановская,24,Пролетарская,294090972,Русановская 24,30.51660729098161,59.86497575
495,8,13,1,34.72,7417650,Приморский,Коломяжский проспект,4,Черная речка,297553019,Коломяжский проспект 4,30.299884099999993,60.001830600000005
496,3,5,1,31.2,7350000,Фрунзенский,Лиговский проспект,251,Обводный канал,294215677,Лиговский проспект 251,30.3454047,59.9079729
497,6,25,1,37.0,7430000,Приморский,аллея Арцеуловская,19,Комендантский проспект,297918540,аллея Арцеуловская 19,30.210050626702333,60.040251350000005
498,3,5,1,39.4,7400000,Красногвардейский,проспект Наставников,36к1,Ладожская,298310823,проспект Наставников 36к1,30.4831043,59.9528024
499,2,4,1,39.1,7450057,Пушкинский,шоссе Колпинское,129,Купчино,282420034,шоссе Колпинское 129,30.5465822,59.7491975
500,1,5,1,38.68,7450154,Московский,Пулковское шоссе,99к6,Звездная,296336642,Пулковское шоссе 99к6,30.3249394,59.7828449
501,11,26,1,37.1,7457100,Пушкинский,проспект Новгородский,2к3,Шушары,296842429,проспект Новгородский 2к3,30.37221395516928,59.8117648
502,9,16,1,31.4,7494589,Московский,Московское шоссе,13Ж,Звездная,298146235,Московское шоссе 13Ж,30.356223367561018,59.822617199999996
503,1,5,1,42.86,7457360,Колпинский,шоссе Рубежное,14,Рыбацкое,298649537,шоссе Рубежное 14,30.62783528082336,59.7536247
504,1,11,1,31.6,7473684,Невский, Гудиловская,6к1,Обухово,299173187,Гудиловская 6к1,30.53247648935025,59.82824855
505,3,16,1,42.0,7450000,Красносельский,Ленинский проспект,67к2,Ленинский проспект,286808714,Ленинский проспект 67к2,37.553885674318096,55.6902149
506,2,25,1,37.36,7472000,Красносельский, Маршала Казакова,64к1,,294606177,Маршала Казакова 64к1,43.9294829,56.3244174
507,5,9,1,57.4,7490000,Колпинский, Красных Партизан,5,Купчино,297711365,Красных Партизан 5,77.00972912629635,43.248739
508,2,23,1,38.93,7495098,Приморский, Ивинская,1к4,Зенит,297885374,Ивинская 1к4,30.1260104,60.0327736
509,2,9,1,37.1,7450000,Невский, Белышева,4И,Проспект Большевиков,298151164,Белышева 4И,30.4549764,59.9116284
510,18,19,1,44.0,7450000,Приморский,Парашютная ,56к3,Комендантский проспект,298117104,Парашютная 56к3,30.24251466371556,60.03530375
511,1,10,1,37.5,7450000,Невский, Крыленко,13к4,Улица Дыбенко,299328977,Крыленко 13к4,30.47216104003584,59.8938529
512,1,11,1,32.92,7589805,Невский, Гудиловская,6к1,Обухово,298762033,Гудиловская 6к1,30.53247648935025,59.82824855
513,13,17,1,35.5,7550000,Московский,Пулковское шоссе,20к4,Звездная,298793376,Пулковское шоссе 20к4,30.3269083,59.8278937
514,4,17,1,39.0,7550000,Красногвардейский,проспект Энтузиастов,31к3,,296420832,проспект Энтузиастов 31к3,30.480132670485936,59.94708825
515,18,20,1,37.2,7530000,Приморский,Комендантский проспект,55к1,,297684047,Комендантский проспект 55к1,30.2331841,60.0314206
516,3,17,1,45.3,7500000,Красносельский,проспект Ветеранов,122,,269266431,проспект Ветеранов 122,30.1766966,59.8321822
517,7,13,1,33.4,7584739,Приморский,Коломяжский проспект,4,Черная речка,297553250,Коломяжский проспект 4,30.299884099999993,60.001830600000005
518,1,5,1,44.06,7567560,Колпинский,шоссе Рубежное,14,Рыбацкое,298649491,шоссе Рубежное 14,30.62783528082336,59.7536247
519,12,13,1,33.3,7500000,Приморский,проспект Авиаконструкторов,63,Комендантский проспект,296717073,проспект Авиаконструкторов 63,30.20729853144776,60.034273549999995
520,10,13,1,31.42,7554970,Приморский,Коломяжский проспект,4,Черная речка,297553110,Коломяжский проспект 4,30.299884099999993,60.001830600000005
521,1,6,1,46.9,7504000,Курортный, Строителей,3к2,,292413400,Строителей 3к2,29.68056272511327,60.2077282
522,12,13,1,35.6,7529685,Невский,Варфоломеевская ,6,Ломоносовская,292781508,Варфоломеевская 6,30.41965948839928,59.879154
523,5,23,1,39.79,7625862,Приморский, Ивинская,1к1,Зенит,297884994,Ивинская 1к1,30.1260104,60.0327736
524,6,13,1,31.79,7628105,Приморский,Коломяжский проспект,4,Черная речка,299636729,Коломяжский проспект 4,30.299884099999993,60.001830600000005
525,1,13,1,36.02,7620888,Приморский,аллея Арцеуловская,9,Пионерская,298845873,аллея Арцеуловская 9,30.196216354600743,60.036259799999996
526,1,11,1,33.92,7634408,Невский, Гудиловская,6к1,Обухово,285014748,Гудиловская 6к1,30.53247648935025,59.82824855
527,1,27,1,41.16,7622832,Выборгский,Заречная ,48к2,Парнас,297361437,Заречная 48к2,55.700733,57.550739
528,2,24,1,40.0,7632000,Приморский, Ивинская,11,Комендантский проспект,297361165,Ивинская 11,30.131235399968567,60.03055545
529,9,13,1,30.75,7749000,Невский, Тельмана,37,Ломоносовская,299555925,Тельмана 37,80.27410090000001,50.422221500000006
530,7,23,1,41.18,7747707,Приморский, Ивинская,1к1,Зенит,297885000,Ивинская 1к1,30.1260104,60.0327736
531,9,23,1,42.4,7723718,Приморский, Ивинская,1к2,Зенит,298977446,Ивинская 1к2,30.1260104,60.0327736
532,2,13,1,34.4,7728272,Приморский,Планерная ,95к1,Комендантский проспект,294504986,Планерная 95к1,30.1970923,60.0323392
533,1,16,1,31.35,7717022,Невский,проспект Советский,43к2,Рыбацкое,295114181,проспект Советский 43к2,30.53843744582284,59.828671650000004
534,1,5,1,41.7,7650094,Московский, Струве,12,Звездная,299582494,Струве 12,14.21432972499748,51.023425450000005
535,9,13,1,38.92,7672105,Приморский,Коломяжский проспект,4,Черная речка,297553061,Коломяжский проспект 4,30.299884099999993,60.001830600000005
536,5,5,1,43.69,7667430,Колпинский,проезд Понтонный,6,Рыбацкое,298649325,проезд Понтонный 6,30.622320100000003,59.7593327
537,1,9,1,32.69,7687294,Красносельский, Тамбасова,5,Проспект Ветеранов,295858979,Тамбасова 5,91.68953046810196,53.69713395
538,10,17,1,40.0,7700000,Приморский, Шаврова,13к1,Комендантский проспект,296759402,Шаврова 13к1,30.235630461967332,60.02393655
539,1,4,1,53.0,7650000,Пушкинский, Анциферовская,7,Купчино,298764525,Анциферовская 7,30.410865458925343,59.6878796
540,5,5,1,38.15,7800110,Московский,Пулковское шоссе,99к6,Звездная,296336641,Пулковское шоссе 99к6,30.3249394,59.7828449
541,5,5,1,38.46,7800072,Московский,Пулковское шоссе,95к4,Звездная,292077109,Пулковское шоссе 95к4,30.3249394,59.7828449
542,1,27,1,37.4,7790420,Выборгский,проезд Толубеевский,34к2,,297361373,проезд Толубеевский 34к2,30.357682,60.0861805
543,1,5,1,42.8,7750031,Московский,Пулковское шоссе,71к3,Звездная,295872541,Пулковское шоссе 71к3,30.3249394,59.7828449
544,5,5,1,40.32,7777500,Колпинский,шоссе Рубежное,14,Рыбацкое,298649523,шоссе Рубежное 14,30.62783528082336,59.7536247
545,20,27,1,35.23,7803235,Выборгский,проезд Толубеевский,34к2,,297361412,проезд Толубеевский 34к2,30.357682,60.0861805
546,1,16,1,34.9,7754780,Выборгский, Федора Абрамова,29,Проспект Просвещения,297361565,Федора Абрамова 29,44.44660249424107,63.99699285
547,1,16,1,34.3,7765520,Выборгский, Федора Абрамова,29,Проспект Просвещения,297361559,Федора Абрамова 29,44.44660249424107,63.99699285
548,4,23,1,38.13,7838556,Приморский, Ивинская,5к2,Зенит,297885275,Ивинская 5к2,30.1260104,60.0327736
549,1,6,1,48.9,7824000,Курортный, Строителей,3к2,,292413471,Строителей 3к2,29.68056272511327,60.2077282
550,1,5,1,39.72,7850137,Московский,Пулковское шоссе,99к6,Звездная,291717477,Пулковское шоссе 99к6,30.3249394,59.7828449
551,10,13,1,33.76,7890000,Василеостровский, Чирикова,5,Приморская,298329840,Чирикова 5,158.65593554999998,53.00883025
552,2,9,1,26.6,7886900,Выборгский,Светлановский проспект,45,Политехническая,299252937,Светлановский проспект 45,30.3516502,60.0114732
553,1,13,1,39.2,7874807,Приморский,Планерная ,87к1,Комендантский проспект,298164345,Планерная 87к1,30.2018577,60.0320667
554,11,19,1,36.4,7999999,Приморский,аллея Арцеуловская,19,Комендантский проспект,298927656,аллея Арцеуловская 19,30.210050626702333,60.040251350000005
555,2,5,1,39.37,7900299,Московский,Пулковское шоссе,95к3,Звездная,299312161,Пулковское шоссе 95к3,30.3249394,59.7828449
556,1,11,1,31.1,7954945,Невский, Гудиловская,6к1,Обухово,285024170,Гудиловская 6к1,30.53247648935025,59.82824855
557,5,23,1,45.05,7969170,Приморский, Ивинская,1к2,Зенит,298977412,Ивинская 1к2,30.1260104,60.0327736
558,2,23,1,36.3,7950454,Невский,Рыбацкое,5,Рыбацкое,299260982,Рыбацкое 5,142.5252448,46.6983225
559,1,11,1,30.56,7975344,Невский, Гудиловская,5к1,Рыбацкое,295426162,Гудиловская 5к1,30.53141285020367,59.828977699999996
560,2,13,1,36.3,7984514,Приморский,Планерная ,95к1,Комендантский проспект,294504988,Планерная 95к1,30.1970923,60.0323392
561,3,5,1,40.9,7900346,Московский, Струве,8к2,Звездная,299582458,Струве 8к2,20.4653803,54.5287492
562,3,13,1,36.83,7915888,Приморский,аллея Арцеуловская,9,Старая Деревня,283548873,аллея Арцеуловская 9,30.196216354600743,60.036259799999996
563,24,27,1,40.29,7993536,Выборгский,Заречная ,50,Парнас,297361556,Заречная 50,55.700733,57.550739
564,19,24,1,42.28,7950000,Приморский,аллея Арцеуловская,15,Комендантский проспект,297468597,аллея Арцеуловская 15,30.2016135196031,60.0403582
565,1,13,1,34.5,7901739,Приморский,Планерная ,87к1,Комендантский проспект,261618752,Планерная 87к1,30.2018577,60.0320667
566,11,18,1,46.5,7900000,Красногвардейский,Хасанская ,10к2,,290331282,Хасанская 10к2,30.483053767390402,59.9378155
567,4,27,1,35.91,7936938,Выборгский,проезд Толубеевский,34к2,,297361390,проезд Толубеевский 34к2,30.357682,60.0861805
568,1,9,1,34.22,7975277,Красносельский, Тамбасова,5,Проспект Ветеранов,295859148,Тамбасова 5,91.68953046810196,53.69713395
569,2,23,1,38.77,7938609,Приморский, Ивинская,5к2,Зенит,297885267,Ивинская 5к2,30.1260104,60.0327736
570,6,13,1,41.5,7937622,Невский,Варфоломеевская ,6,Ломоносовская,292781464,Варфоломеевская 6,30.41965948839928,59.879154
571,2,12,1,40.0,7900000,Фрунзенский,Будапештская ,17к3,Международная,294422192,Будапештская 17к3,30.3709201,59.8653139
572,3,18,1,36.57,8045400,Невский, Тельмана,37,Ломоносовская,299556109,Тельмана 37,80.27410090000001,50.422221500000006
573,17,27,1,37.19,8040630,Выборгский,Заречная ,52к1,,297905233,Заречная 52к1,55.700733,57.550739
574,11,26,1,34.3,8000000,Калининский,проспект Луначарского,78к5,Гражданский проспект,298102076,проспект Луначарского 78к5,30.37483210688473,60.034965299999996
575,9,26,1,39.6,8000000,Выборгский, Федора Абрамова,8,Парнас,299159480,Федора Абрамова 8,44.451476299999996,63.99602795
576,22,24,1,41.4,8023320,Приморский, Ивинская,13,Комендантский проспект,297361388,Ивинская 13,30.13038029636285,60.03115115
577,20,24,1,41.5,8001200,Приморский, Ивинская,13,Комендантский проспект,297361374,Ивинская 13,30.13038029636285,60.03115115
578,1,5,1,41.5,8100198,Московский,Пулковское шоссе,99к6,Звездная,291717479,Пулковское шоссе 99к6,30.3249394,59.7828449
579,3,27,1,37.65,8116032,Выборгский,Заречная ,52к1,,297905097,Заречная 52к1,55.700733,57.550739
580,2,18,1,37.83,8133450,Невский, Тельмана,37,Ломоносовская,299556084,Тельмана 37,80.27410090000001,50.422221500000006
581,2,13,1,39.01,8098888,Приморский,аллея Арцеуловская,9,Старая Деревня,292286460,аллея Арцеуловская 9,30.196216354600743,60.036259799999996
582,2,13,1,36.6,8050502,Приморский,Планерная ,95к1,Комендантский проспект,294504992,Планерная 95к1,30.1970923,60.0323392
583,6,9,1,26.3,8139850,Выборгский,Светлановский проспект,45,Политехническая,299252954,Светлановский проспект 45,30.3516502,60.0114732
584,2,9,1,31.47,8106852,Красносельский, Тамбасова,5,Проспект Ветеранов,295858818,Тамбасова 5,91.68953046810196,53.69713395
585,1,6,1,50.5,8080000,Курортный, Строителей,3к2,,292414712,Строителей 3к2,29.68056272511327,60.2077282
586,6,27,1,37.43,8246798,Выборгский,проезд Толубеевский,34к3,,297361194,проезд Толубеевский 34к3,30.357682,60.0861805
587,3,13,1,38.09,8238888,Приморский,аллея Арцеуловская,9,Старая Деревня,299028858,аллея Арцеуловская 9,30.196216354600743,60.036259799999996
588,1,15,1,33.24,8200158,Невский,Октябрьская набережная,36к3,Проспект Большевиков,295216919,Октябрьская набережная 36к3,30.4469472,59.8935011
589,1,5,1,43.7,8150000,Пушкинский, Архитектора Данини,17к2,,289009454,Архитектора Данини 17к2,30.40907250562142,59.6957047
590,5,13,1,44.4,8200000,Невский,Варфоломеевская ,6,Ломоносовская,292781520,Варфоломеевская 6,30.41965948839928,59.879154
591,12,13,1,38.7,8185360,Невский,Варфоломеевская ,6,Ломоносовская,292781511,Варфоломеевская 6,30.41965948839928,59.879154
592,11,23,1,36.04,8282320,Невский,Рыбацкое,4,Рыбацкое,298813566,Рыбацкое 4,142.5252448,46.6983225
593,3,16,1,35.28,8261474,Невский, Гудиловская,9,Рыбацкое,296760144,Гудиловская 9,30.5320953,59.8294995
594,12,12,1,32.8,8268880,Московский,Московское шоссе,3к5,Звездная,294538586,Московское шоссе 3к5,30.3312062,59.8335256
595,2,25,1,38.59,8296850,Красносельский, Маршала Казакова,64к1,,294605833,Маршала Казакова 64к1,43.9294829,56.3244174
596,8,13,1,36.02,8251461,Приморский,Коломяжский проспект,4,Черная речка,297552979,Коломяжский проспект 4,30.299884099999993,60.001830600000005
597,1,27,1,41.06,8277696,Выборгский,Заречная ,52к1,,297905086,Заречная 52к1,55.700733,57.550739
598,1,13,1,36.2,8279633,Приморский,Планерная ,87к1,Комендантский проспект,294458084,Планерная 87к1,30.2018577,60.0320667
599,4,5,1,40.01,8300114,Московский,Пулковское шоссе,95к3,Звездная,297741433,Пулковское шоссе 95к3,30.3249394,59.7828449
600,5,26,1,39.5,8383875,Пушкинский,проспект Новгородский,2к3,Купчино,296718684,проспект Новгородский 2к3,30.37221395516928,59.8117648
601,3,12,1,33.6,8332800,Красногвардейский,Партизанская ,5Б,Ладожская,299403395,Партизанская 5Б,135.45392159903076,48.476215350000004
602,1,23,1,34.93,8338611,Невский,Рыбацкое,4,Рыбацкое,293529893,Рыбацкое 4,142.5252448,46.6983225
603,3,16,1,36.48,8313497,Невский, Гудиловская,9,Рыбацкое,299577862,Гудиловская 9,30.5320953,59.8294995
604,17,17,1,50.0,8375000,Московский,Краснопутиловская ,66к2,Московская,297473105,Краснопутиловская 66к2,30.29904450976027,59.85583445
605,5,5,1,41.32,8375900,Колпинский,шоссе Рубежное,12,Рыбацкое,299312035,шоссе Рубежное 12,30.62656118082336,59.754711
606,7,9,1,29.63,8387872,Красносельский, Тамбасова,5,Проспект Ветеранов,295859031,Тамбасова 5,91.68953046810196,53.69713395
607,4,26,1,39.4,8362650,Пушкинский,проспект Новгородский,2к3,Купчино,296746294,проспект Новгородский 2к3,30.37221395516928,59.8117648
608,2,6,1,52.2,8352000,Курортный, Строителей,3к2,,292413393,Строителей 3к2,29.68056272511327,60.2077282
609,2,12,1,36.0,8442000,Красногвардейский,Партизанская ,5Б,Ладожская,299403290,Партизанская 5Б,135.45392159903076,48.476215350000004
610,3,15,1,37.0,8400000,Василеостровский,проспект Крузенштерна,2,Приморская,299607104,проспект Крузенштерна 2,30.20421669916771,59.9307765
611,3,12,1,35.89,8491888,Приморский,аллея Арцеуловская,7к2,Пионерская,297252057,аллея Арцеуловская 7к2,30.19470187152298,60.036122000000006
612,1,15,1,34.07,8400282,Невский,Октябрьская набережная,36к3,Проспект Большевиков,295216920,Октябрьская набережная 36к3,30.4469472,59.8935011
613,9,9,1,38.2,8450000,Выборгский,Северный проспект,10К1,Озерки,299065835,Северный проспект 10К1,30.333442867044138,60.0316419
614,3,15,1,41.1,8466600,Невский, Евдокима Огнева,3,Улица Дыбенко,298605022,Евдокима Огнева 3,30.467599157093858,59.8994079
615,1,9,1,36.59,8446113,Красносельский, Тамбасова,5,Проспект Ветеранов,295859055,Тамбасова 5,91.68953046810196,53.69713395
616,4,12,1,35.8,8400000,Приморский,проспект Авиаконструкторов,54,Комендантский проспект,295770254,проспект Авиаконструкторов 54,30.20655429169124,60.033274399999996
617,5,23,1,45.05,8530050,Приморский, Ивинская,5к2,Зенит,297361893,Ивинская 5к2,30.1260104,60.0327736
618,6,17,1,35.82,8545506,Невский,Октябрьская набережная,11Б,Пролетарская,297359569,Октябрьская набережная 11Б,30.4469472,59.8935011
619,2,12,1,37.7,8539050,Красногвардейский,Партизанская ,5Б,Ладожская,299403384,Партизанская 5Б,135.45392159903076,48.476215350000004
620,18,24,1,40.5,8500000,Невский, Архивная,11к3,Проспект Большевиков,297014592,Архивная 11к3,30.450720674644895,59.90219215
621,12,17,1,35.45,8638656,Невский,Октябрьская набережная,11Б,Пролетарская,297359640,Октябрьская набережная 11Б,30.4469472,59.8935011
622,2,12,1,39.31,8575888,Приморский,аллея Арцеуловская,7к2,Пионерская,287076880,аллея Арцеуловская 7к2,30.19470187152298,60.036122000000006
623,3,16,1,32.1,8616064,Невский, Гудиловская,9,Рыбацкое,296862489,Гудиловская 9,30.5320953,59.8294995
624,6,6,1,27.2,8627296,Адмиралтейский,набережная Обводного Канала,118бБ,Балтийская,298163680,набережная Обводного Канала 118бБ,30.3067682,59.9090462
625,2,23,1,45.76,8635900,Приморский, Ивинская,5к2,Зенит,297885116,Ивинская 5к2,30.1260104,60.0327736
626,11,12,1,36.05,8715000,Приморский,проспект Авиаконструкторов,54,,289698328,проспект Авиаконструкторов 54,30.20655429169124,60.033274399999996
627,4,18,1,32.06,8685054,Фрунзенский, Салова,61,Бухарестская,294676144,Салова 61,30.3696003,59.8854551
628,4,10,1,37.8,8653324,Приморский,Парашютная ,79к1,Озерки,293828764,Парашютная 79к1,30.24186287206487,60.0419148
629,8,10,1,34.7,8653483,Приморский,Парашютная ,79к1,Комендантский проспект,298402670,Парашютная 79к1,30.24186287206487,60.0419148
630,14,23,1,42.4,8741504,Приморский, Ивинская,5к2,Зенит,297361919,Ивинская 5к2,30.1260104,60.0327736
631,3,17,1,37.66,8713598,Невский,Октябрьская набережная,11Б,Пролетарская,297359516,Октябрьская набережная 11Б,30.4469472,59.8935011
632,8,12,1,39.2,8697000,Выборгский,проспект Просвещения,46К1,Проспект Просвещения,298279591,проспект Просвещения 46К1,30.349587080309743,60.0504567
633,3,27,1,37.97,8699671,Выборгский,проезд Толубеевский,32,Проспект Просвещения,297992646,проезд Толубеевский 32,30.357682,60.0861805
634,1,11,1,36.79,8670226,Невский, Гудиловская,6к1,Обухово,285014744,Гудиловская 6к1,30.53247648935025,59.82824855
635,1,26,1,42.0,8700000,Московский,Дунайский проспект,14к1,Звездная,294418388,Дунайский проспект 14к1,30.3314727,59.8326034
636,4,13,1,36.83,8715193,Приморский,Коломяжский проспект,4,Черная речка,297552890,Коломяжский проспект 4,30.299884099999993,60.001830600000005
637,3,18,1,32.67,8791497,Фрунзенский, Салова,61,Бухарестская,294676138,Салова 61,30.3696003,59.8854551
638,1,9,1,39.08,8767263,Красносельский, Тамбасова,5,Проспект Ветеранов,295859149,Тамбасова 5,91.68953046810196,53.69713395
639,2,23,1,42.82,8758112,Приморский, Ивинская,5к2,Зенит,297885113,Ивинская 5к2,30.1260104,60.0327736
640,17,17,1,38.0,8790000,Калининский,Пискарёвка,3к2,Лесная,299357511,Пискарёвка 3к2,30.4182017,59.9924121
641,6,23,1,50.26,8881673,Приморский, Ивинская,1к2,Зенит,298977422,Ивинская 1к2,30.1260104,60.0327736
642,2,12,1,38.7,8862300,Красногвардейский,Партизанская ,5Б,Ладожская,299413116,Партизанская 5Б,135.45392159903076,48.476215350000004
643,4,15,1,39.47,8898496,Красногвардейский,проспект Энергетиков,6,Ладожская,290733260,проспект Энергетиков 6,39.73775595,54.04316255
644,12,17,1,37.17,8879975,Невский,Октябрьская набережная,11Б,Пролетарская,297359631,Октябрьская набережная 11Б,30.4469472,59.8935011
645,7,17,1,37.8,8850000,Калининский,проспект Науки,17к2,Академическая,294783945,проспект Науки 17к2,30.3866962,60.0150341
646,2,9,1,34.55,8820625,Красносельский, Тамбасова,5,Проспект Ветеранов,295858618,Тамбасова 5,91.68953046810196,53.69713395
647,3,9,1,34.4,8850000,Фрунзенский,Бухарестская ,35К6,Проспект Славы,299605037,Бухарестская 35К6,30.38270007562798,59.8626979
648,5,18,1,35.21,8904609,Фрунзенский, Салова,61,Бухарестская,296851395,Салова 61,30.3696003,59.8854551
649,1,11,1,36.95,8952320,Невский, Гудиловская,5к1,Рыбацкое,295426165,Гудиловская 5к1,30.53141285020367,59.828977699999996
650,5,13,1,33.55,8999999,Приморский,Планерная ,97к1,Комендантский проспект,293278068,Планерная 97к1,30.195940882143525,60.03332305
651,2,23,1,50.67,8925552,Приморский, Ивинская,1к2,Зенит,298977392,Ивинская 1к2,30.1260104,60.0327736
652,6,13,1,36.1,8900000,Приморский, Плесецкая,6,Комендантский проспект,296713599,Плесецкая 6,40.21871310704713,61.68484245
653,2,5,1,45.19,9050133,Московский,Пулковское шоссе,99к6,Звездная,297741475,Пулковское шоссе 99к6,30.3249394,59.7828449
654,2,5,1,44.71,9050153,Московский,Пулковское шоссе,95к3,Звездная,291346168,Пулковское шоссе 95к3,30.3249394,59.7828449
655,2,16,1,38.1,9000000,Приморский,Комендантский проспект,21к1,Комендантский проспект,284538761,Комендантский проспект 21к1,30.254064903867317,60.01362965
656,12,13,1,37.45,9064888,Приморский,проспект Авиаконструкторов,61,Комендантский проспект,292031921,проспект Авиаконструкторов 61,30.21071969475075,60.03313165
657,11,16,1,32.2,9045648,Московский,Кубинская ,82к1,Ленинский проспект,274433381,Кубинская 82к1,39.5951176,60.5251412
658,2,13,1,39.5,9047888,Приморский,аллея Арцеуловская,9,Старая Деревня,297252445,аллея Арцеуловская 9,30.196216354600743,60.036259799999996
659,2,23,1,36.66,9007891,Невский,Рыбацкое,4,Рыбацкое,294577143,Рыбацкое 4,142.5252448,46.6983225
660,1,11,1,36.28,9023715,Невский, Гудиловская,5к1,Рыбацкое,295426164,Гудиловская 5к1,30.53141285020367,59.828977699999996
661,1,11,1,39.16,9093073,Невский, Гудиловская,5к1,Рыбацкое,295426163,Гудиловская 5к1,30.53141285020367,59.828977699999996
662,2,13,1,40.61,9098888,Приморский,аллея Арцеуловская,9,Старая Деревня,299028816,аллея Арцеуловская 9,30.196216354600743,60.036259799999996
663,13,13,1,43.71,9069825,Приморский,Коломяжский проспект,4,Черная речка,299482243,Коломяжский проспект 4,30.299884099999993,60.001830600000005
664,7,9,1,40.8,9050000,Фрунзенский, Ярослава Гашека,24к1,Дунайская,298985023,Ярослава Гашека 24к1,30.41583343992776,59.839605750000004
665,2,15,1,47.6,9030896,Невский, Евдокима Огнева,3,Улица Дыбенко,296210659,Евдокима Огнева 3,30.467599157093858,59.8994079
666,1,9,1,40.1,9082859,Красносельский, Тамбасова,5,Проспект Ветеранов,298331248,Тамбасова 5,91.68953046810196,53.69713395
667,2,14,1,32.4,9194342,Фрунзенский,Волковское,5,Обводный канал,289171067,Волковское 5,37.747821776003704,55.93213205
668,15,16,1,38.85,9190714,Московский,Московское шоссе,13Ж,Звездная,298146092,Московское шоссе 13Ж,30.356223367561018,59.822617199999996
669,7,13,1,37.48,9199000,Калининский,Полюстровский проспект,77З,Лесная,299606946,Полюстровский проспект 77З,30.4127376,59.961665
670,9,12,1,38.6,9100000,Приморский,Беговая ,5К2,Беговая,298868436,Беговая 5К2,30.20728651875,59.98589145
671,5,24,1,35.94,9155212,Невский, Славянская,8,Рыбацкое,291969168,Славянская 8,82.70871249999999,55.03492435
672,8,9,1,43.6,9100000,Пушкинский,Кедринская ,8,Купчино,298157643,Кедринская 8,30.414778145046377,59.6986727
673,2,18,1,39.1,9188500,Невский, Тельмана,37,Ломоносовская,299555961,Тельмана 37,80.27410090000001,50.422221500000006
674,2,9,1,36.07,9120337,Красносельский, Тамбасова,5,Проспект Ветеранов,295858633,Тамбасова 5,91.68953046810196,53.69713395
675,6,8,1,34.42,9235000,Кировский,Двинская ,6,,289707293,Двинская 6,40.70588733242522,44.6704121
676,4,10,1,40.3,9225633,Приморский,Парашютная ,79к1,Комендантский проспект,295329509,Парашютная 79к1,30.24186287206487,60.0419148
677,11,12,1,40.54,9213888,Приморский,аллея Арцеуловская,7к2,Пионерская,297252298,аллея Арцеуловская 7к2,30.19470187152298,60.036122000000006
678,9,9,1,44.0,9200000,Фрунзенский, Димитрова,20К1,Проспект Славы,289879502,Димитрова 20К1,30.3933864,59.8505271
679,5,18,1,35.58,9318402,Фрунзенский, Салова,61,Бухарестская,296731350,Салова 61,30.3696003,59.8854551
680,5,13,1,46.0,9277740,Приморский,Коломяжский проспект,4,Черная речка,299482180,Коломяжский проспект 4,30.299884099999993,60.001830600000005
681,14,16,1,33.29,9325888,Московский,Кубинская ,82к1,Ленинский проспект,274433429,Кубинская 82к1,39.5951176,60.5251412
682,2,17,1,38.97,9269708,Невский,Октябрьская набережная,11Б,Пролетарская,297359348,Октябрьская набережная 11Б,30.4469472,59.8935011
683,13,18,1,31.5,9258768,Адмиралтейский,бульвар Измайловский,11,Московские ворота,298656014,бульвар Измайловский 11,30.3046299,59.8989367
684,11,16,1,33.55,9251313,Московский,Кубинская ,82к1,Ленинский проспект,274433378,Кубинская 82к1,39.5951176,60.5251412
685,1,4,1,38.94,9345600,Выборгский, Береговая,8,Проспект Просвещения,296810974,Береговая 8,69.7642946,56.306909149999996
686,1,15,1,39.03,9350182,Невский,Октябрьская набережная,36к3,Проспект Большевиков,298589109,Октябрьская набережная 36к3,30.4469472,59.8935011
687,1,5,1,42.63,9378600,Выборгский, Береговая,12,Проспект Просвещения,297558267,Береговая 12,92.84686067566929,53.8459085
688,2,12,1,35.7,9406950,Красногвардейский,Партизанская ,5,,294538741,Партизанская 5,34.3005965625,45.047545799999995
689,2,12,1,36.5,9398750,Красногвардейский,Партизанская ,5,,294538748,Партизанская 5,34.3005965625,45.047545799999995
690,3,16,1,39.33,9394795,Невский, Гудиловская,9,Рыбацкое,295478525,Гудиловская 9,30.5320953,59.8294995
691,12,12,1,40.44,9438888,Приморский,аллея Арцеуловская,7к2,Пионерская,297252398,аллея Арцеуловская 7к2,30.19470187152298,60.036122000000006
692,12,15,1,37.7,9400080,Невский,Октябрьская набережная,36к3,Проспект Большевиков,298999845,Октябрьская набережная 36к3,30.4469472,59.8935011
693,2,3,1,35.8,9400000,Адмиралтейский,Галерная ,57,Адмиралтейская,297684628,Галерная 57,30.2875941,59.9314278
694,3,14,1,32.5,9416160,Фрунзенский,Волковское,5,Обводный канал,291986464,Волковское 5,37.747821776003704,55.93213205
695,11,23,1,50.32,9401821,Приморский, Ивинская,5к2,Зенит,297885196,Ивинская 5к2,30.1260104,60.0327736
696,2,23,1,50.67,9412686,Приморский, Ивинская,5к2,Зенит,297361884,Ивинская 5к2,30.1260104,60.0327736
697,9,25,1,36.46,9350000,Приморский,Коломяжский проспект,13к2,Пионерская,299257494,Коломяжский проспект 13к2,30.2986208,60.0015533
698,5,25,1,47.0,9390000,Выборгский, Есенина,1к1,Озерки,280073299,Есенина 1к1,30.3303209,60.0276122
699,1,5,1,41.0,9500000,Калининский, Комсомола,49,Площадь Ленина,259666288,Комсомола 49,30.352768217543804,59.95648915
700,2,24,1,45.4,9525380,Приморский,Парашютная ,54,Комендантский проспект,298574194,Парашютная 54,30.2438378,60.0348772
701,6,17,1,48.4,9499000,Кировский,проспект Ветеранов,108к1,Проспект Ветеранов,296650932,проспект Ветеранов 108к1,30.20724005201519,59.832542000000004
702,13,15,1,36.68,9580000,Невский,Дальневосточный проспект,19к1,Проспект Большевиков,297137349,Дальневосточный проспект 19к1,30.44800072881743,59.9065969
703,9,14,1,38.9,9600000,Василеостровский,Морская набережная,17Г,Приморская,297344649,Морская набережная 17Г,30.1028961,59.860478
704,14,24,1,36.54,9624490,Невский, Славянская,8,Рыбацкое,285189660,Славянская 8,82.70871249999999,55.03492435
705,2,24,1,46.6,9603435,Приморский,Парашютная ,54,Комендантский проспект,298574193,Парашютная 54,30.2438378,60.0348772
706,17,25,1,45.5,9555000,Невский,проспект Большевиков,79к4,Ломоносовская,299460702,проспект Большевиков 79к4,30.474903405381937,59.8732842
707,2,12,1,34.1,9608016,Фрунзенский,Волковское,5,Обводный канал,287469248,Волковское 5,37.747821776003704,55.93213205
708,2,14,1,36.0,9635328,Фрунзенский,Волковское,5,Обводный канал,287469233,Волковское 5,37.747821776003704,55.93213205
709,11,13,1,34.3,9572169,Фрунзенский,Волковское,3,Обводный канал,298768041,Волковское 3,37.748983793671826,55.932123000000004
710,12,13,1,32.5,9634560,Фрунзенский,Волковское,3,Обводный канал,299174617,Волковское 3,37.748983793671826,55.932123000000004
711,1,16,1,44.9,9700000,Невский,Складская ,5,Проспект Большевиков,298754585,Складская 5,135.1434659889359,48.4262492
712,19,24,1,43.0,9650000,Калининский, Бутлерова,40,Академическая,299338681,Бутлерова 40,76.88087066991403,43.242548
713,13,15,1,35.08,9700000,Невский,Дальневосточный проспект,19к1,,299030639,Дальневосточный проспект 19к1,30.44800072881743,59.9065969
714,8,13,1,38.36,9691730,Приморский,Коломяжский проспект,4,Черная речка,297552991,Коломяжский проспект 4,30.299884099999993,60.001830600000005
715,12,19,1,40.5,9650000,Калининский,Северный проспект,75к1,Академическая,297620727,Северный проспект 75к1,30.411858860929648,60.01998705
716,4,9,1,38.33,9692757,Красносельский, Тамбасова,5,Проспект Ветеранов,295859179,Тамбасова 5,91.68953046810196,53.69713395
717,14,15,1,38.67,9755000,Василеостровский,проспект Крузенштерна,2,Приморская,290068364,проспект Крузенштерна 2,30.20421669916771,59.9307765
718,6,18,1,39.49,9844857,Фрунзенский, Салова,61,Бухарестская,296731344,Салова 61,30.3696003,59.8854551
719,3,17,1,39.94,9800658,Невский,Октябрьская набережная,11Б,Пролетарская,297359524,Октябрьская набережная 11Б,30.4469472,59.8935011
720,1,15,1,40.49,9750194,Невский,Октябрьская набережная,36к3,Проспект Большевиков,298999849,Октябрьская набережная 36к3,30.4469472,59.8935011
721,5,18,1,39.91,9913644,Фрунзенский, Салова,61,Бухарестская,297888593,Салова 61,30.3696003,59.8854551
722,2,16,1,47.2,9890000,Фрунзенский,Дунайский проспект,34/16,Купчино,291855522,Дунайский проспект 34/16,30.3823867804478,59.835911100000004
723,1,12,1,40.2,9944849,Московский,Черниговская ,17,Московские ворота,298657634,Черниговская 17,50.307503972209446,53.295697950000005
724,3,17,1,33.57,9866659,Невский,Октябрьская набережная,11Б,Пролетарская,297359357,Октябрьская набережная 11Б,30.4469472,59.8935011
725,16,35,1,37.0,9850000,Невский,проспект Обуховской обороны,138к2,Пролетарская,299297560,проспект Обуховской обороны 138к2,30.4848788,59.8457642
726,2,11,1,36.2,9900844,Фрунзенский,Волковское,3,Обводный канал,275298102,Волковское 3,37.748983793671826,55.932123000000004
727,4,6,1,37.1,9935380,Фрунзенский,Лиговский проспект,251,Обводный канал,293465857,Лиговский проспект 251,30.3454047,59.9079729
728,16,25,1,40.5,9900000,Приморский,Байконурская ,26,Комендантский проспект,299243940,Байконурская 26,30.2793263,60.0149953
729,2,17,1,47.4,9900000,Калининский, Веденеева,2,Политехническая,296959460,Веденеева 2,30.8331767,52.60079005
730,7,19,1,38.5,9900000,Московский,проспект Юрия Гагарина,32В,Московская,297787581,проспект Юрия Гагарина 32В,30.3390976,59.8516477
731,15,15,1,32.06,10034780,Василеостровский,Гавань,12,Горный институт,298050431,Гавань 12,59.321794049999994,57.234667
732,12,12,1,45.1,10025730,Московский,Московское шоссе,3к5,Звездная,294538589,Московское шоссе 3к5,30.3312062,59.8335256
733,14,25,1,37.7,9950000,Московский,5-й Предпортовый проезд,1,Московская,298835885,5-й Предпортовый проезд 1,30.312275133200238,59.82124675
734,3,10,1,34.5,9990000,Выборгский,Манчестерская ,5к1,Удельная,299415787,Манчестерская 5к1,30.336413905566257,60.01132695
735,4,16,1,36.82,10032384,Московский,Кубинская ,82к1,Ленинский проспект,298643984,Кубинская 82к1,39.5951176,60.5251412
736,5,17,1,42.0,9950000,Московский,Варшавская ,19к2,Электросила,299168182,Варшавская 19к2,30.3129077,59.8729156
737,1,12,1,40.5,10052573,Московский,Черниговская ,17,Московские ворота,298657840,Черниговская 17,50.307503972209446,53.295697950000005
738,2,14,1,34.3,10065506,Фрунзенский,Волковское,1,Обводный канал,288568686,Волковское 1,37.703800615062136,55.921193099999996
739,12,12,1,46.8,10164960,Московский,Московское шоссе,3к5,Звездная,294538588,Московское шоссе 3к5,30.3312062,59.8335256
740,4,11,1,42.85,10188059,Невский, Гудиловская,6к1,Обухово,292393168,Гудиловская 6к1,30.53247648935025,59.82824855
741,10,16,1,38.35,10235845,Московский,Кубинская ,82к1,Ленинский проспект,293304665,Кубинская 82к1,39.5951176,60.5251412
742,15,17,1,41.22,10183640,Невский,Октябрьская набережная,11Б,Пролетарская,297359482,Октябрьская набережная 11Б,30.4469472,59.8935011
743,2,13,1,38.0,10243584,Фрунзенский,Волковское,3,Обводный канал,275339633,Волковское 3,37.748983793671826,55.932123000000004
744,1,5,1,48.7,10300000,Адмиралтейский, Лабутина,3,Балтийская,298751637,Лабутина 3,30.294379092178524,59.9189056
745,5,13,1,35.5,10326595,Фрунзенский,Волковское,1,Обводный канал,293409151,Волковское 1,37.703800615062136,55.921193099999996
746,15,15,1,33.42,10276650,Василеостровский,Гавань,12,Горный институт,298050436,Гавань 12,59.321794049999994,57.234667
747,2,19,1,42.98,10299848,Приморский,Коломяжский проспект,13,Пионерская,297025120,Коломяжский проспект 13,30.303107024011773,60.0018695
748,2,18,1,43.76,10283600,Невский, Тельмана,37,Ломоносовская,299555950,Тельмана 37,80.27410090000001,50.422221500000006
749,4,18,1,32.8,10292240,Адмиралтейский,бульвар Измайловский,11,Московские ворота,298656057,бульвар Измайловский 11,30.3046299,59.8989367
750,2,16,1,39.1,10283963,Приморский,Коломяжский проспект,13к3,Пионерская,297024327,Коломяжский проспект 13к3,30.2986208,60.0015533
751,2,6,1,43.9,10316500,Фрунзенский,Лиговский проспект,251,Обводный канал,293465828,Лиговский проспект 251,30.3454047,59.9079729
752,8,26,1,36.46,10300000,Приморский,Коломяжский проспект,13к2,Пионерская,299573562,Коломяжский проспект 13к2,30.2986208,60.0015533
753,22,23,1,33.0,10424065,Калининский,Полюстровский проспект,75,Лесная,299507434,Полюстровский проспект 75,30.366242481841205,59.98172635
754,1,8,1,40.5,10415769,Московский,Черниговская ,13к2,Московские ворота,298657543,Черниговская 13к2,30.330460784129077,59.8957585
755,1,8,1,38.0,10424382,Московский,Черниговская ,11к1,Московские ворота,298657611,Черниговская 11к1,30.32696614320617,59.8953421
756,4,19,1,41.36,10400160,Приморский,Коломяжский проспект,13,Пионерская,297024937,Коломяжский проспект 13,30.303107024011773,60.0018695
757,4,18,1,42.55,10531125,Невский, Тельмана,37,Ломоносовская,299555947,Тельмана 37,80.27410090000001,50.422221500000006
758,20,20,1,43.6,10500000,Московский,Варшавская ,19к5,Электросила,297276573,Варшавская 19к5,30.310442980107467,59.87372585
759,1,12,1,43.1,10541000,Московский,Черниговская ,17,Московские ворота,298657871,Черниговская 17,50.307503972209446,53.295697950000005
760,6,7,1,36.35,10495440,Приморский,набережная Реки Каменки,3к3,Озерки,298770162,набережная Реки Каменки 3к3,30.2819109,60.0577206
761,7,13,1,34.6,10531548,Фрунзенский,Волковское,1,Обводный канал,290735434,Волковское 1,37.703800615062136,55.921193099999996
762,6,14,1,36.6,10463500,Фрунзенский,Волковское,5,Обводный канал,288568720,Волковское 5,37.747821776003704,55.93213205
763,3,9,1,41.89,10493456,Красносельский, Тамбасова,5,Проспект Ветеранов,295859060,Тамбасова 5,91.68953046810196,53.69713395
764,7,19,1,41.97,10543942,Приморский,Коломяжский проспект,13,Пионерская,297024987,Коломяжский проспект 13,30.303107024011773,60.0018695
765,7,12,1,36.03,10600000,Выборгский,Большой Сампсониевский проспект,70к3,Выборгская,298256658,Большой Сампсониевский проспект 70к3,30.330634895111956,59.98050535
766,2,11,1,38.8,10554000,Калининский, Академика Константинова,1к1,Академическая,289786778,Академика Константинова 1к1,30.1169694,59.5758075
767,2,19,1,37.0,10570000,Московский, Среднерогатская,16к2,Звездная,299636534,Среднерогатская 16к2,30.3416219,59.8228665
768,2,10,1,30.5,10590000,Выборгский,Манчестерская ,3,Удельная,297529518,Манчестерская 3,30.3300709,60.0101292
769,1,12,1,42.3,10614858,Московский,Черниговская ,17,Московские ворота,298657519,Черниговская 17,50.307503972209446,53.295697950000005
770,2,16,1,39.92,10622557,Приморский,Коломяжский проспект,13к3,Пионерская,297024321,Коломяжский проспект 13к3,30.2986208,60.0015533
771,2,16,1,42.66,10579381,Приморский,Коломяжский проспект,13к3,Пионерская,297024300,Коломяжский проспект 13к3,30.2986208,60.0015533
772,1,7,1,40.03,10614660,Приморский,шоссе Суздальское,18к3,Проспект Просвещения,298651121,шоссе Суздальское 18к3,30.2807336,60.0593315
773,3,9,1,40.58,10705000,Приморский,Студенческая ,14к1,,289698342,Студенческая 14к1,30.32615328124468,59.9908717
774,1,10,1,36.7,10734750,Выборгский,Манчестерская ,3,Удельная,296753492,Манчестерская 3,30.3300709,60.0101292
775,15,15,1,36.01,10712975,Василеостровский,Гавань,12,Горный институт,296662575,Гавань 12,59.321794049999994,57.234667
776,1,12,1,38.6,10701959,Московский,Черниговская ,17,Московские ворота,298657503,Черниговская 17,50.307503972209446,53.295697950000005
777,1,8,1,39.3,10748787,Московский,Черниговская ,11к1,Московские ворота,298657619,Черниговская 11к1,30.32696614320617,59.8953421
778,9,17,1,41.64,10707909,Невский,Октябрьская набережная,11Б,Пролетарская,297359399,Октябрьская набережная 11Б,30.4469472,59.8935011
779,1,10,1,29.7,10558350,Выборгский,Манчестерская ,3к1,Удельная,296753822,Манчестерская 3к1,30.3433279,60.0130169
780,1,10,1,29.7,10558350,Выборгский,Манчестерская ,3к1,Удельная,296753822,Манчестерская 3к1,30.3433279,60.0130169
781,2,14,1,33.6,10500000,Приморский,Красногвардейский переулок,8,Лесная,298653953,Красногвардейский переулок 8,38.89153185000001,47.20322645
782,6,14,1,35.9,10500000,Приморский,Земледельческая ,3,Лесная,299078734,Земледельческая 3,57.144964011312844,50.32287575
783,3,14,1,40.58,10650000,Приморский,Студенческая ,14к1,Лесная,299385773,Студенческая 14к1,30.32615328124468,59.9908717
784,2,13,1,39.7,11772803,Приморский,Студенческая ,14к2,Лесная,278767288,Студенческая 14к2,30.3251034,59.9915701
785,1,6,2,76.0,54999000,Петроградский,Петровский проспект,2с2,Спортивная,289871014,Петровский проспект 2с2,30.27870659310934,59.9532902
786,7,10,2,60.0,27000000,Петроградский,Аптекарский проспект,18,Петроградская,295652549,Аптекарский проспект 18,30.318481538650065,59.9756442
787,5,6,2,86.1,50004000,Центральный,Захарьевская ,41,Чернышевская,299243368,Захарьевская 41,30.367264847690116,59.94722865
788,4,8,2,65.77,26000000,Петроградский,Ремесленная ,17,Василеостровская,298588030,Ремесленная 17,30.213089292604714,55.21163355
789,23,23,2,51.3,11400000,Невский, Славянская,8,Рыбацкое,285396474,Славянская 8,82.70871249999999,55.03492435
790,7,7,2,94.5,39500000,Петроградский,Малая Разночинная ,10,,297470518,Малая Разночинная 10,30.2904129,59.9585127
791,12,13,2,52.0,10990000,Приморский,проспект Авиаконструкторов,61,Комендантский проспект,298974299,проспект Авиаконструкторов 61,30.21071969475075,60.03313165
792,7,14,2,58.0,21000000,Приморский,Белоостровская ,10к1,Лесная,299283976,Белоостровская 10к1,30.3266748,59.9842728
793,7,8,2,107.7,53000000,Приморский,Приморский проспект,78к4,Беговая,299568156,Приморский проспект 78к4,30.1960299,59.9851657
794,3,5,2,48.4,9690000,Выборгский,Дрезденская ,4,Удельная,295684966,Дрезденская 4,30.326124888944225,60.0133782
795,10,14,2,58.17,19019999,Красногвардейский,проспект Энергетиков,2,,279351684,проспект Энергетиков 2,83.63268820100387,53.33813195
796,12,12,2,79.9,24000000,Приморский,проспект Авиаконструкторов,54,Комендантский проспект,293338134,проспект Авиаконструкторов 54,30.20655429169124,60.033274399999996
797,2,11,2,71.87,24359720,Красногвардейский, Стахановцев,1,Новочеркасская,299636365,Стахановцев 1,33.5067021,44.5629575
798,3,8,2,79.6,42500000,Центральный,Кирочная ,31к2,Чернышевская,294216272,Кирочная 31к2,30.364977904003492,59.94280785
799,3,23,2,124.4,40193640,Выборгский,аллея Академика Лихачева,7,Площадь Мужества,299451114,аллея Академика Лихачева 7,30.346896091843032,60.00261465
800,4,5,2,51.5,15500000,Василеостровский,Гаванская ,7,Василеостровская,297860705,Гаванская 7,30.24194916046624,59.9291076
801,6,8,2,68.9,29137942,Петроградский,Петровский проспект,22к2,Крестовский остров,293496486,Петровский проспект 22к2,30.261877165769224,59.96039365
802,7,11,2,76.5,22500000,Василеостровский,набережная Реки Смоленки,3к2,Спортивная,298710770,набережная Реки Смоленки 3к2,30.2618396,59.9494519
803,2,9,2,59.87,17009999,Адмиралтейский, Шкапина,43-45,Балтийская,299481464,Шкапина 43-45,30.2959521,59.9087317
804,11,18,2,65.5,16600000,Василеостровский,Морская набережная,37к1Б,Приморская,297411594,Морская набережная 37к1Б,30.1028961,59.860478
805,5,12,2,46.0,16826400,Курортный,Приморское шоссе,570Л,,289388356,Приморское шоссе 570Л,30.1755998,59.9892131
806,3,11,2,45.9,14458500,Приморский,Фермское шоссе,12Б,Удельная,299178610,Фермское шоссе 12Б,49.1626717,55.7383149
807,2,9,2,49.64,11676359,Красносельский, Тамбасова,5,Проспект Ветеранов,295858733,Тамбасова 5,91.68953046810196,53.69713395
808,4,13,2,43.0,16200000,Василеостровский, Беринга,27к6,Приморская,291444345,Беринга 27к6,30.239559734083223,59.9461809
809,5,25,2,78.7,14402100,Калининский,Светлановский проспект,121к1,Гражданский проспект,292061881,Светлановский проспект 121к1,30.405512478277306,60.0461047
810,7,17,2,74.5,17890000,Василеостровский, Нахимова,20,Приморская,298701825,Нахимова 20,38.227438592240645,49.05761845
811,17,24,2,53.8,9221320,Приморский, Ивинская,19к1,Комендантский проспект,297361093,Ивинская 19к1,30.12787427216709,60.03260765
812,3,5,2,42.6,7990000,Московский,Благодатная ,29,Электросила,298654211,Благодатная 29,39.65012320050273,47.225569199999995
813,2,7,2,69.9,20131000,Адмиралтейский,Галерная ,40,Адмиралтейская,299243370,Галерная 40,30.2881636,59.9314115
814,3,3,2,81.9,45000000,Центральный,набережная Реки Фонтанки,47,,299568164,набережная Реки Фонтанки 47,30.338507227144113,59.930335799999995
815,3,8,2,68.34,30076946,Петроградский,Пионерская ,53,Чкаловская,298529997,Пионерская 53,127.99603210000001,49.614011149999996
816,3,11,2,77.0,43900000,Петроградский,Петровский проспект,11к3,Спортивная,298484165,Петровский проспект 11к3,30.2623162584233,59.962701949999996
817,5,8,2,64.9,27160650,Петроградский,Петровский проспект,28к2,Крестовский остров,296753925,Петровский проспект 28к2,30.2531546,59.9611345
818,4,8,2,70.0,32000000,Петроградский,Петровский проспект,22к2,Крестовский остров,299243373,Петровский проспект 22к2,30.261877165769224,59.96039365
819,5,15,2,57.3,24500000,Красногвардейский,Магнитогорская ,3к2,Новочеркасская,294764537,Магнитогорская 3к2,30.420108096148898,59.93535765
820,3,17,2,65.7,15300000,Московский,Варшавская ,19к2,Электросила,298759184,Варшавская 19к2,30.3129077,59.8729156
821,4,14,2,73.5,16900000,Московский,Черниговская ,17,Фрунзенская,295371498,Черниговская 17,50.307503972209446,53.295697950000005
822,2,8,2,70.0,22400000,Петроградский,Петровский проспект,24к2,,296753885,Петровский проспект 24к2,30.25784072226221,59.9602408
823,3,6,2,72.3,40343400,Московский, Гастелло,7,Московская,296753480,Гастелло 7,47.31394767436609,56.10741075
824,3,10,2,78.8,37400000,Центральный,Кирочная ,70,Чернышевская,285457456,Кирочная 70,30.390973,59.939657
825,7,7,2,54.7,27000000,Адмиралтейский,Звенигородская ,7к2,Звенигородская,268560182,Звенигородская 7к2,30.3406428,59.9177318
826,4,4,2,89.0,84500000,Центральный,Гагаринская ,1/24,,295476817,Гагаринская 1/24,30.341136413993542,59.94830915
827,4,6,2,76.6,37103093,Петроградский,Петровский проспект,2с2,,297371569,Петровский проспект 2с2,30.27870659310934,59.9532902
828,1,4,2,111.3,127666888,Петроградский,1-я Березовая аллея,7,,287440982,1-я Березовая аллея 7,30.294332592828567,59.9786866
829,3,20,2,86.4,22339999,Василеостровский, Челюскина,8,,279506976,Челюскина 8,77.21582407614503,43.313531100000006
830,4,6,2,77.0,38134021,Петроградский,Петровский проспект,2с2,,297720134,Петровский проспект 2с2,30.27870659310934,59.9532902
831,3,23,2,50.14,8772153,Приморский, Ивинская,1к2,Зенит,298977566,Ивинская 1к2,30.1260104,60.0327736
832,23,25,2,59.2,7210000,Выборгский, Тихоокеанская,1к2,Проспект Просвещения,293810985,Тихоокеанская 1к2,30.243015,60.073876
833,3,7,2,59.2,23680000,Петроградский,набережная Реки Карповки,31к2,Петроградская,284740254,набережная Реки Карповки 31к2,30.2893783,59.9689199
834,1,5,2,101.6,84858453,Петроградский,набережная Гребного канала,1,Крестовский остров,292047743,набережная Гребного канала 1,30.242982081234814,59.977279800000005
835,25,27,2,44.0,9760212,Выборгский,проезд Толубеевский,34к2,,297361356,проезд Толубеевский 34к2,30.357682,60.0861805
836,2,13,2,53.7,6200000,Пушкинский,Московское шоссе,286,Шушары,294840766,Московское шоссе 286,30.47729617195695,59.75522535
837,4,9,2,45.9,9700000,Калининский, Черкасова,4К1,Гражданский проспект,293609105,Черкасова 4К1,30.41941840457622,60.02586735
838,4,5,2,37.0,7295000,Фрунзенский,Будапештская ,40к1,Проспект Славы,292459289,Будапештская 40к1,33.4504074,48.0087822
839,8,25,2,70.0,27900000,Выборгский,Большой Сампсониевский проспект,4-6,Площадь Ленина,296307739,Большой Сампсониевский проспект 4-6,30.34376708508626,59.95730935
840,4,9,2,58.16,22100800,Петроградский,Петроградская набережная,38,Горьковская,296517684,Петроградская набережная 38,30.333000922013227,59.9637442
841,3,5,2,71.3,39950000,Курортный, Максима Горького,2Ас3,,297228540,Максима Горького 2Ас3,33.315964,47.080311
842,11,12,2,58.6,20510000,Приморский,Белоостровская ,7,Лесная,295734467,Белоостровская 7,30.328233976336737,59.98569325
843,5,5,2,57.14,8650000,Петродворцовый, Парковая,14к2,Проспект Ветеранов,293974978,Парковая 14к2,37.79768122526173,55.7922874
844,13,13,2,55.0,24000000,Красногвардейский,Пискаревский проспект,1,Площадь Ленина,295993227,Пискаревский проспект 1,30.428490773189992,59.9892878
845,6,10,2,60.1,12500000,Фрунзенский,Бухарестская ,156к1,Дунайская,299165441,Бухарестская 156к1,30.422972777313205,59.8302492
846,6,7,2,67.6,54900000,Адмиралтейский,Конногвардейский бульвар,5,,293981424,Конногвардейский бульвар 5,30.300438304856474,59.93467225
847,5,12,2,48.0,9300000,Выборгский,проспект Просвещения,35,Проспект Просвещения,296405733,проспект Просвещения 35,30.3526017,60.0486016
848,8,17,2,55.0,9990000,Невский,Народная ,53к2,Ломоносовская,292550784,Народная 53к2,27.636371037519254,53.87145625
849,3,8,2,72.9,30618000,Петроградский,Петровский проспект,26к2,Чкаловская,296753449,Петровский проспект 26к2,30.254776622413942,59.96051075
850,8,25,2,56.5,12250000,Приморский,шоссе Суздальское,26к2,Проспект Просвещения,298924530,шоссе Суздальское 26к2,30.272207899999998,60.0583514
851,3,10,2,53.98,20345062,Приморский,Лисичанская ,22,Черная речка,297998518,Лисичанская 22,38.50636303490566,48.953288099999995
852,5,8,2,73.0,31900000,Петроградский,Петровский проспект,26к2,Крестовский остров,286119678,Петровский проспект 26к2,30.254776622413942,59.96051075
853,5,5,2,98.0,48900000,Петроградский,Константиновский проспект,26,Крестовский остров,299463854,Константиновский проспект 26,30.2675263,59.9729531
854,2,10,2,62.3,16821000,Выборгский,Манчестерская ,3к1,Удельная,296753784,Манчестерская 3к1,30.3433279,60.0130169
855,5,15,2,64.2,17990000,Приморский, Савушкина,36,Черная речка,296905182,Савушкина 36,142.7154735,47.0389346
856,2,11,2,56.13,17694982,Московский,Благодатная ,50,Электросила,267475792,Благодатная 50,39.64660201576087,47.22425225
857,4,4,2,76.0,17500000,Центральный, Печатника Григорьева,14,Лиговский проспект,290982257,Печатника Григорьева 14,30.35012469795159,59.9189699
858,5,9,2,73.2,23292240,Петроградский,Петровский проспект,9к2,Спортивная,298366966,Петровский проспект 9к2,30.26765705,59.96069285
859,6,19,2,54.0,13000000,Выборгский,проспект Энгельса,126К2,Озерки,299637754,проспект Энгельса 126К2,30.3233753,60.0419543
860,3,14,2,71.3,30500000,Калининский, Жукова,1,Площадь Ленина,298751505,Жукова 1,107.40361145,51.7650301
861,5,5,2,45.0,5600000,Красносельский,проспект Народного ополчения,231,Проспект Ветеранов,297486726,проспект Народного ополчения 231,30.159159798547865,59.8258788
862,8,12,2,68.8,19800000,Приморский,Белоостровская ,28,Черная речка,296594096,Белоостровская 28,30.310033001602342,59.9872559
863,2,10,2,61.65,24660000,Московский,Московский проспект,72к2,Фрунзенская,267475925,Московский проспект 72к2,30.3202041,59.906675
864,3,5,2,45.7,7700000,Красногвардейский,шоссе Революции,33К5,Новочеркасская,298109201,шоссе Революции 33К5,30.430094834302466,59.9586325
865,2,12,2,65.08,14643000,Приморский,проспект Авиаконструкторов,54,Комендантский проспект,266867765,проспект Авиаконструкторов 54,30.20655429169124,60.033274399999996
866,3,9,2,76.1,33300000,Петроградский,Петровский проспект,9к2,Василеостровская,299145153,Петровский проспект 9к2,30.26765705,59.96069285
867,3,14,2,51.5,14447552,Фрунзенский,Волковское,1,Обводный канал,295906217,Волковское 1,37.703800615062136,55.921193099999996
868,2,5,2,43.1,10100000,Выборгский,Дрезденская ,22,Удельная,298639567,Дрезденская 22,30.33408181894837,60.015289
869,10,12,2,54.2,11441620,Московский,Московское шоссе,3к5,Звездная,294538554,Московское шоссе 3к5,30.3312062,59.8335256
870,8,8,2,58.0,8000000,Невский,Народная ,81,Ломоносовская,297416495,Народная 81,44.6093094,43.0728281
871,2,12,2,47.8,12949593,Фрунзенский,Волковское,5,Обводный канал,290735524,Волковское 5,37.747821776003704,55.93213205
872,2,4,2,54.08,9000000,Выборгский,Нейшлотский переулок,6,Выборгская,292244955,Нейшлотский переулок 6,30.345742731467645,59.967307950000006
873,3,5,2,66.2,15557000,Выборгский, Береговая,12,Проспект Просвещения,291961828,Береговая 12,92.84686067566929,53.8459085
874,3,9,2,45.9,10200000,Выборгский,проспект Энгельса,143К1,Проспект Просвещения,297571570,проспект Энгельса 143К1,30.3369523,60.0541713
875,2,10,2,66.86,26680015,Адмиралтейский,Малодетскосельский проспект,40,Технологический институт,299648236,Малодетскосельский проспект 40,30.31980418891118,59.91094985
876,5,5,2,43.0,6300000,Невский, Шелгунова,12,Пролетарская,292003709,Шелгунова 12,37.80050779129281,47.9495728
877,1,4,2,55.32,11500499,Красносельский,проспект Буденного,13,Ленинский проспект,294799843,проспект Буденного 13,37.720891217165416,55.77562865
878,11,11,2,52.1,11000000,Выборгский,проспект Луначарского,1К1,Озерки,290837931,проспект Луначарского 1К1,30.3188641,60.0437362
879,9,17,2,61.39,14426650,Василеостровский,Гавань,12,Горный институт,294545597,Гавань 12,59.321794049999994,57.234667
880,3,4,2,52.2,8895000,Выборгский,Лесной проспект,8Б,Выборгская,291600690,Лесной проспект 8Б,30.3420288,59.9846779
881,4,13,2,62.5,17000000,Василеостровский,набережная Реки Смоленки,35к1,Приморская,298662692,набережная Реки Смоленки 35к1,30.2521152,59.948765
882,2,16,2,56.74,14756890,Приморский,Коломяжский проспект,13к3,Пионерская,297023885,Коломяжский проспект 13к3,30.2986208,60.0015533
883,2,6,2,75.8,19999000,Центральный,Невский проспект,23,Гостиный двор,299463371,Невский проспект 23,30.3227934,59.9356187
884,8,9,2,44.1,6400000,Невский,проспект Солидарности,8К1,Проспект Большевиков,295276074,проспект Солидарности 8К1,30.491488733861633,59.9233012
885,7,8,2,60.4,11800000,Московский, Типанова,36к3,Московская,286725714,Типанова 36к3,30.361478103980737,59.852251249999995
886,3,7,2,75.0,26000000,Центральный,9-я Советская ,5,Площадь Восстания,298065790,9-я Советская 5,30.452293472638637,59.7271269
887,2,5,2,42.0,7200000,Московский,Звездная ,18,Звездная,299479582,Звездная 18,76.9291373472904,43.31879845
888,2,12,2,68.56,16882215,Приморский, Плесецкая,2,Комендантский проспект,275720462,Плесецкая 2,30.2375999,60.0415645
889,4,5,2,54.8,26000000,Петроградский,набережная Мартынова,12,Крестовский остров,292370655,набережная Мартынова 12,30.261500666355058,59.9738526
890,2,13,2,51.53,12348888,Приморский,аллея Арцеуловская,9,Пионерская,298845828,аллея Арцеуловская 9,30.196216354600743,60.036259799999996
891,12,12,2,54.1,8000000,Фрунзенский,Малая Карпатская ,23К1,Дунайская,284105381,Малая Карпатская 23К1,30.430948848014236,59.8324729
892,2,15,2,71.1,16928910,Невский,Октябрьская набережная,57к3,Елизаровская,294544586,Октябрьская набережная 57к3,30.4469472,59.8935011
893,7,16,2,57.8,10800000,Василеостровский,Морская набережная,15Б,Приморская,292937959,Морская набережная 15Б,30.2108041,59.9398991
894,14,17,2,75.1,17500000,Василеостровский, Нахимова,20,Приморская,299032311,Нахимова 20,38.227438592240645,49.05761845
895,4,4,2,40.0,11500000,Петроградский,Резная ,15/4,Чкаловская,298437263,Резная 15/4,30.28194712924804,59.96564995
896,3,8,2,70.7,31108000,Петроградский,набережная Реки Карповки,27,Петроградская,280459404,набережная Реки Карповки 27,30.308582808874807,59.9702531
897,6,16,2,56.0,11290000,Красносельский,Ленинский проспект,92К3,Проспект Ветеранов,294693733,Ленинский проспект 92К3,30.2133401,59.8567353
898,2,9,2,43.8,6300000,Кировский, Генерала Симоняка,7,Проспект Ветеранов,295535186,Генерала Симоняка 7,30.20138123396434,59.83019109999999
899,6,6,2,41.8,7200000,Кировский,Автовская ,19,Автово,296593315,Автовская 19,30.270890993600354,59.86908185
900,14,25,2,53.0,8200000,Пушкинский,переулок Вилеровский,6,Звездная,297731190,переулок Вилеровский 6,30.3642959,59.8111794
901,2,7,2,81.5,15950000,Курортный, Воскова,12,Беговая,297325182,Воскова 12,38.93511694237034,47.2618352
902,2,12,2,54.3,13575000,Красногвардейский,Партизанская ,5Б,Ладожская,299403393,Партизанская 5Б,135.45392159903076,48.476215350000004
903,11,17,2,65.8,9790000,Красносельский,Ленинский проспект,53к1,Ленинский проспект,298806104,Ленинский проспект 53к1,30.170302005117296,59.8629612
904,3,4,2,71.0,26900000,Адмиралтейский, Декабристов,17,Спасская,297949275,Декабристов 17,71.39736837744155,42.8752561
905,4,5,2,83.2,22600000,Центральный,Малая Морская ,7,Адмиралтейская,297235392,Малая Морская 7,30.31302295911143,59.93625539999999
906,1,9,2,45.1,6490000,Кировский, Генерала Симоняка,17,Проспект Ветеранов,295972798,Генерала Симоняка 17,30.204016847373914,59.8284643
907,7,10,2,57.8,8997000,Кировский, Стойкости,13К2,Проспект Ветеранов,292879702,Стойкости 13К2,30.213515949232647,59.82988374999999
908,4,10,2,73.3,15800000,Невский, Подвойского,13к2,Улица Дыбенко,298273587,Подвойского 13к2,30.469504225505247,59.910984049999996
909,1,5,2,55.4,10990000,Приморский,Торжковская ,2К3,Черная речка,293276247,Торжковская 2К3,30.30474534209366,59.9886187
910,6,9,2,50.8,8150000,Красногвардейский, Петра Смородина,20,Ладожская,298041399,Петра Смородина 20,30.44413312042912,59.959509499999996
911,2,7,2,62.26,12790410,Приморский,шоссе Суздальское,18к3,Проспект Просвещения,298651126,шоссе Суздальское 18к3,30.2807336,60.0593315
912,2,15,2,73.5,25000000,Московский,Заозерная ,3к2,Фрунзенская,291396724,Заозерная 3к2,30.3239162,59.9063682
913,20,25,2,65.3,14200000,Калининский, Богословская,4к3,Лесная,297115564,Богословская 4к3,30.378673882652535,59.98513915
914,9,9,2,44.6,7100000,Фрунзенский,Загребский бульвар,5К3,Проспект Славы,298743940,Загребский бульвар 5К3,30.394416726632368,59.8478135
915,9,9,2,45.1,7900000,Калининский,проспект Луначарского,106,Гражданский проспект,296437668,проспект Луначарского 106,30.414058812305193,60.0251164
916,4,5,2,51.22,10300418,Московский,Пулковское шоссе,103В,Звездная,296336632,Пулковское шоссе 103В,30.3249394,59.7828449
917,3,17,2,75.0,19900000,Фрунзенский,Бухарестская ,118к1,Дунайская,297514992,Бухарестская 118к1,30.4065245,59.8466257
918,2,15,2,52.6,9703130,Невский, Евдокима Огнева,3,Улица Дыбенко,296835112,Евдокима Огнева 3,30.467599157093858,59.8994079
919,10,26,2,76.6,16100000,Приморский,Коломяжский проспект,20,Пионерская,291868184,Коломяжский проспект 20,30.2957256,59.9997871
920,4,5,2,56.14,10415600,Колпинский,шоссе Рубежное,14,Рыбацкое,298649486,шоссе Рубежное 14,30.62783528082336,59.7536247
921,4,9,2,50.4,8500000,Колпинский,Загородная ,43к4,,297617236,Загородная 43к4,23.32295,52.25861
922,4,12,2,50.7,10900000,Красносельский, Чекистов,22,Ленинский проспект,293753119,Чекистов 22,60.63644229761363,56.86332645
923,3,3,2,58.0,25000000,Центральный, Черняховского,9,Обводный канал,298393519,Черняховского 9,71.37560476436406,42.88382595
924,4,5,2,45.1,6700000,Кировский, Солдата Корзуна,44,Проспект Ветеранов,299601900,Солдата Корзуна 44,30.221957887939745,59.83050605
925,18,23,2,54.54,9809028,Приморский, Ивинская,1к1,Зенит,297361785,Ивинская 1к1,30.1260104,60.0327736
926,8,12,2,47.3,8000000,Красносельский, Доблести,18к1В,Ленинский проспект,293976317,Доблести 18к1В,39.2585722,51.6728248
927,7,23,2,54.51,9432038,Приморский, Ивинская,5к1,Зенит,297362011,Ивинская 5к1,30.1260104,60.0327736
928,3,6,2,62.0,13990000,Московский,Московский проспект,138,Московские ворота,279017624,Московский проспект 138,30.320441917886136,59.8867788
929,3,9,2,65.33,15154350,Красносельский, Тамбасова,5,Проспект Ветеранов,298331379,Тамбасова 5,91.68953046810196,53.69713395
930,7,7,2,116.6,52470000,Центральный,Стремянная ,15/1,,298229654,Стремянная 15/1,30.3523104,59.9307609
931,9,9,2,64.17,16106458,Красносельский, Тамбасова,5,Проспект Ветеранов,295858886,Тамбасова 5,91.68953046810196,53.69713395
932,3,9,2,58.01,14050012,Красносельский, Тамбасова,5,Проспект Ветеранов,295859099,Тамбасова 5,91.68953046810196,53.69713395
933,4,5,2,43.7,14000000,Петроградский,Большая Пушкарская ,21Б,Горьковская,285711049,Большая Пушкарская 21Б,30.3079508,59.9614317
934,11,23,2,53.94,9393984,Приморский, Ивинская,5к2,Зенит,297885187,Ивинская 5к2,30.1260104,60.0327736
935,1,9,2,44.1,6840000,Выборгский, Есенина,8К1,Озерки,299230397,Есенина 8К1,30.33034242288148,60.03783685
936,3,4,2,67.6,15000000,Адмиралтейский,Казанская ,41В,Спасская,298724576,Казанская 41В,40.4406018,45.4074844
937,3,5,2,52.8,7800000,Выборгский,Лесной проспект,39к3,Лесная,296648769,Лесной проспект 39к3,30.34473764090859,59.98199915
938,4,5,2,53.1,7450000,Адмиралтейский,набережная Обводного Канала,156К3,Нарвская,293176699,набережная Обводного Канала 156К3,30.264672854225644,59.9083607
939,12,12,2,52.5,8900000,Калининский,проспект Луначарского,108К1,Гражданский проспект,299498233,проспект Луначарского 108К1,30.41771805402378,60.02423265
940,1,5,2,43.9,8000000,Адмиралтейский,13-я Красноармейская ,20,Технологический институт,295726773,13-я Красноармейская 20,30.30085929338879,59.9149781
941,7,8,2,70.6,31076907,Петроградский,Петровский проспект,22к2,Крестовский остров,293496569,Петровский проспект 22к2,30.261877165769224,59.96039365
942,8,9,2,44.1,7500000,Невский,Октябрьская набережная,70К1,Ломоносовская,299049038,Октябрьская набережная 70К1,30.458633738007684,59.8762897
943,2,9,2,45.7,5600000,Колпинский,Раумская ,7,Купчино,298428917,Раумская 7,30.58425840962971,59.7369472
944,9,9,2,45.5,5900000,Красносельский, Партизана Германа,33,Проспект Ветеранов,298211567,Партизана Германа 33,30.174548342378692,59.83084555
945,11,12,2,52.2,10510000,Приморский,Планерная ,21К1,Комендантский проспект,295684227,Планерная 21К1,30.236098415408062,60.00235415
946,7,12,2,53.5,9990000,Московский,проспект Юрия Гагарина,28К4,Московская,294303330,проспект Юрия Гагарина 28К4,30.344734020276057,59.85459615
947,3,4,2,49.3,10190000,Красносельский, Ивана Куликова,4к2,Проспект Ветеранов,299061370,Ивана Куликова 4к2,30.113932290367536,59.83101635
948,14,17,2,55.18,14200000,Красногвардейский,Пискаревский проспект,25к2,Ладожская,295176570,Пискаревский проспект 25к2,30.4137236,59.9707377
949,7,11,2,60.9,15518210,Невский,Октябрьская набережная,86К2,Пролетарская,293297402,Октябрьская набережная 86К2,30.4690683,59.8722408
950,3,4,2,70.1,20790000,Адмиралтейский,Садовая ,49,Садовая,293912097,Садовая 49,34.247992142273795,45.4972669
951,12,14,2,61.06,19719999,Красногвардейский,проспект Энергетиков,2,,279351843,проспект Энергетиков 2,83.63268820100387,53.33813195
952,3,5,2,90.9,17300000,Центральный,Невский проспект,164,Площадь Александра Невского,298016418,Невский проспект 164,30.37702385187448,59.92692305
953,7,11,2,55.9,14248242,Невский,Октябрьская набережная,86К2,Пролетарская,293297393,Октябрьская набережная 86К2,30.4690683,59.8722408
954,3,25,2,62.0,16700000,Московский,проспект Космонавтов,102к1,Купчино,291953907,проспект Космонавтов 102к1,30.3637871,59.8309802
955,14,26,2,52.5,14300000,Фрунзенский,Южное шоссе,55к3,Проспект Славы,299380139,Южное шоссе 55к3,30.402702806742248,59.8570364
956,12,14,2,69.95,21409999,Красногвардейский,проспект Энергетиков,2,,279351846,проспект Энергетиков 2,83.63268820100387,53.33813195
957,2,5,2,76.9,17700000,Василеостровский, Опочинина,11,Приморская,298905487,Опочинина 11,30.24042505297649,59.9287477
958,5,8,2,96.8,37674665,Петроградский,Петровский проспект,22к2,Крестовский остров,293496526,Петровский проспект 22к2,30.261877165769224,59.96039365
959,7,19,2,60.5,15890000,Невский,Общественный переулок,5,Елизаровская,296941532,Общественный переулок 5,135.0574747559836,48.585788050000005
960,7,8,2,78.1,32749038,Петроградский,Петровский проспект,22к2,Крестовский остров,293496467,Петровский проспект 22к2,30.261877165769224,59.96039365
961,3,8,2,89.1,45000000,Петроградский,Морской проспект,15,Крестовский остров,293860329,Морской проспект 15,83.1079836,54.8391811
962,6,9,2,58.74,19629999,Адмиралтейский, Шкапина,43-45,Балтийская,299481544,Шкапина 43-45,30.2959521,59.9087317
963,5,6,2,91.0,23500000,Центральный,Караванная ,8,Гостиный двор,296481010,Караванная 8,71.34481249999999,42.87457245
964,1,9,2,49.1,7250000,Фрунзенский,Будапештская ,42К5,Проспект Славы,299017524,Будапештская 42К5,30.381509609537993,59.86034915
965,7,9,2,60.72,17849999,Адмиралтейский, Шкапина,43-45,Балтийская,299481379,Шкапина 43-45,30.2959521,59.9087317
966,2,9,2,47.0,6500000,Красносельский, Тамбасова,36к1,,282604777,Тамбасова 36к1,30.156562706051545,59.82697735
967,9,9,2,52.1,12250000,Фрунзенский, Турку,17К2,Проспект Славы,296200382,Турку 17К2,30.39159413797173,59.864754399999995
968,8,14,2,58.8,13490000,Фрунзенский,Загребский бульвар,9,Дунайская,295371225,Загребский бульвар 9,30.398469,59.844141
969,14,14,2,50.7,9200000,Выборгский, Ивана Фомина,13К1,Проспект Просвещения,298961570,Ивана Фомина 13К1,30.349872,60.0529647
970,1,24,2,52.7,9338440,Приморский, Ивинская,19к3,Комендантский проспект,297361204,Ивинская 19к3,30.13193927114612,60.033446999999995
971,3,5,2,44.3,6100000,Невский, Тельмана,32К5,Улица Дыбенко,297039548,Тельмана 32К5,30.470805208053093,59.892527349999995
972,4,14,2,71.36,20309999,Красногвардейский,проспект Энергетиков,2,,279351709,проспект Энергетиков 2,83.63268820100387,53.33813195
973,3,5,2,49.0,14700000,Центральный, Белинского,3,Гостиный двор,298541362,Белинского 3,57.14134096153846,50.31778
974,5,6,2,54.9,9900000,Адмиралтейский,набережная Обводного Канала,183,Балтийская,290834282,набережная Обводного Канала 183,30.2930793,59.9094121
975,2,5,2,45.0,8000000,Московский,проспект Юрия Гагарина,14К3,Парк Победы,299558905,проспект Юрия Гагарина 14К3,30.34021443659084,59.8616478
976,4,9,2,61.8,19409999,Адмиралтейский, Шкапина,43-45,Балтийская,299481531,Шкапина 43-45,30.2959521,59.9087317
977,2,3,2,106.3,110000000,Адмиралтейский,Английская набережная,26,Адмиралтейская,295910389,Английская набережная 26,30.2944015,59.9342058
978,5,25,2,71.72,28063918,Московский,Алтайская ,39,Московская,295136747,Алтайская 39,82.53230854532252,50.012163
979,5,9,2,57.4,7490000,Колпинский, Красных Партизан,5,Купчино,292988692,Красных Партизан 5,77.00972912629635,43.248739
980,1,17,2,54.9,9854550,Приморский, Ивинская,15,Комендантский проспект,297361395,Ивинская 15,30.130779435529256,60.0317939
981,10,11,2,53.2,15379261,Невский,Октябрьская набережная,86К2,Пролетарская,294042872,Октябрьская набережная 86К2,30.4690683,59.8722408
982,7,12,2,54.0,12250000,Приморский,Озеро Долгое,17к6,Старая Деревня,298294112,Озеро Долгое 17к6,30.2563391,60.0121678
983,11,25,2,77.6,15698480,Калининский,Светлановский проспект,121к1,Гражданский проспект,292061875,Светлановский проспект 121к1,30.405512478277306,60.0461047
984,2,8,2,52.0,18850000,Адмиралтейский,набережная Обводного Канала,106,Фрунзенская,298848119,набережная Обводного Канала 106,30.31464210105552,59.9073095
985,6,9,2,50.6,8280000,Колпинский, Ремизова,21,Шушары,299508453,Ремизова 21,63.35496532412536,61.3216204
986,1,17,2,52.2,9197640,Приморский, Ивинская,15,Комендантский проспект,297361411,Ивинская 15,30.130779435529256,60.0317939
987,4,5,2,64.4,13524000,Выборгский, Смолячкова,15-17,Выборгская,295694942,Смолячкова 15-17,30.3448907,59.97099
988,4,11,2,77.58,25896204,Красногвардейский, Стахановцев,1,Новочеркасская,299464060,Стахановцев 1,33.5067021,44.5629575
989,2,8,2,73.31,31838533,Петроградский,Пионерская ,53,Чкаловская,298529962,Пионерская 53,127.99603210000001,49.614011149999996
990,3,15,2,73.6,27850000,Московский,Заозерная ,3к2,Фрунзенская,299505455,Заозерная 3к2,30.3239162,59.9063682
991,8,12,2,70.7,34842333,Курортный,Приморское шоссе,570Л,,289388531,Приморское шоссе 570Л,30.1755998,59.9892131
992,4,5,2,43.6,6200000,Кировский, Козлова,27К1,Проспект Ветеранов,298726720,Козлова 27К1,54.534309,59.207275
993,8,8,2,94.93,106905419,Петроградский,Пионерская ,53,Чкаловская,298530005,Пионерская 53,127.99603210000001,49.614011149999996
994,6,25,2,47.8,9600000,Приморский,набережная Реки Каменки,19к3,Озерки,299464020,набережная Реки Каменки 19к3,30.270022291486164,60.05280045
995,3,8,2,73.8,32479933,Петроградский,Пионерская ,53,Чкаловская,298529976,Пионерская 53,127.99603210000001,49.614011149999996
996,7,14,2,46.3,9500000,Калининский,проспект Просвещения,76К1,Гражданский проспект,298250206,проспект Просвещения 76К1,30.3947483,60.0410584
997,2,10,2,67.0,15580000,Фрунзенский,Днепропетровская ,65,Обводный канал,296917198,Днепропетровская 65,48.38358019408332,53.1816214
998,6,6,2,52.2,10500000,Кировский, Новостроек,3,Кировский завод,299372594,Новостроек 3,141.9442368,51.57515015
999,2,12,2,50.6,9590000,Московский,Варшавская ,71,Московская,294514908,Варшавская 71,30.3130582,59.8448665
1000,4,12,2,81.5,35900000,Центральный,Новгородская ,23,Чернышевская,299371381,Новгородская 23,37.57934995,55.90184315
1001,9,12,2,70.2,36288480,Курортный,Приморское шоссе,570Л,,290545812,Приморское шоссе 570Л,30.1755998,59.9892131
1002,7,9,2,47.2,8200000,Московский, Орджоникидзе,63К2,Звездная,298595254,Орджоникидзе 63К2,30.365298824349985,59.842438650000005
1003,1,5,2,53.0,11200000,Выборгский,Дрезденская ,5,Удельная,299649250,Дрезденская 5,30.326404857176918,60.012662500000005
1004,17,23,2,59.1,9500000,Невский, Русановская,19к3,Ломоносовская,298225015,Русановская 19к3,30.51510654310536,59.8636522
1005,3,11,2,92.18,30778902,Красногвардейский, Стахановцев,1,Новочеркасская,299464040,Стахановцев 1,33.5067021,44.5629575
1006,4,5,2,44.1,6990000,Фрунзенский,проспект Славы,11,Проспект Славы,299564232,проспект Славы 11,61.6125137,55.1116388
1007,7,11,2,83.91,32817201,Красногвардейский, Стахановцев,1,Новочеркасская,299464130,Стахановцев 1,33.5067021,44.5629575
1008,2,4,2,76.4,10500000,Фрунзенский,Боровая ,110,Обводный канал,297749767,Боровая 110,30.34028810587086,59.908440549999995
1009,20,23,2,169.7,67964850,Выборгский,аллея Академика Лихачева,7,Площадь Мужества,299451084,аллея Академика Лихачева 7,30.346896091843032,60.00261465
1010,6,16,2,48.0,11000000,Василеостровский, Кораблестроителей,42К1,Приморская,299644458,Кораблестроителей 42К1,30.22602365502571,59.95753295
1011,4,23,2,124.6,40544840,Выборгский,аллея Академика Лихачева,7,Площадь Мужества,299451122,аллея Академика Лихачева 7,30.346896091843032,60.00261465
1012,23,26,2,76.5,14500000,Выборгский,проспект Луначарского,15к1,Озерки,297903321,проспект Луначарского 15к1,30.33336512989071,60.04199655
1013,3,18,2,59.3,8700000,Красногвардейский,проспект Маршака,12к2,Парнас,287589708,проспект Маршака 12к2,30.449322986240173,60.0325629
1014,3,6,2,66.2,13175000,Приморский, Щербакова,27к1,Удельная,296028368,Щербакова 27к1,30.28632548676171,60.027901549999996
1015,4,12,2,90.66,25049358,Приморский,проспект Авиаконструкторов,54,Комендантский проспект,266867635,проспект Авиаконструкторов 54,30.20655429169124,60.033274399999996
1016,6,16,2,68.9,15500000,Красносельский,Петергофское шоссе,53,Ленинский проспект,298226814,Петергофское шоссе 53,30.1408995,59.8493637
1017,23,27,2,53.76,10592098,Выборгский,Заречная ,54,Проспект Просвещения,297361052,Заречная 54,56.05728794400089,57.860366049999996
1018,4,17,2,56.5,11700000,Приморский,Мебельная ,25к1,Беговая,297910415,Мебельная 25к1,30.211521794336562,59.99589625
1019,32,36,2,51.4,10250000,Невский,проспект Обуховской обороны,138к2,Обухово,298558559,проспект Обуховской обороны 138к2,30.4848788,59.8457642
1020,9,12,2,47.3,8300000,Невский,Товарищеский проспект,28К1,Улица Дыбенко,298697368,Товарищеский проспект 28К1,30.48861046587659,59.912345099999996
1021,2,14,2,55.0,16450000,Московский,Заозерная ,3к2,Фрунзенская,294968146,Заозерная 3к2,30.3239162,59.9063682
1022,7,12,2,48.3,9490000,Приморский, Маршала Новикова,8К1,Комендантский проспект,298732055,Маршала Новикова 8К1,30.267272839517545,60.01191475
1023,17,27,2,52.94,10843797,Выборгский,проезд Толубеевский,32,Проспект Просвещения,297361110,проезд Толубеевский 32,30.357682,60.0861805
1024,8,29,2,65.0,13800000,Выборгский, Федора Абрамова,21к1,Парнас,299640591,Федора Абрамова 21к1,30.3444448,60.0799805
1025,3,8,2,65.96,29540000,Петроградский,набережная Реки Карповки,31к1,Петроградская,299638667,набережная Реки Карповки 31к1,30.2893783,59.9689199
1026,10,25,2,67.48,16432206,Приморский,Коломяжский проспект,13к2,Пионерская,297024410,Коломяжский проспект 13к2,30.2986208,60.0015533
1027,6,25,2,68.64,15961708,Приморский,Коломяжский проспект,13к2,Пионерская,297024601,Коломяжский проспект 13к2,30.2986208,60.0015533
1028,5,8,2,68.2,11600000,Красносельский, Маршала Захарова,12к2,Ленинский проспект,297530819,Маршала Захарова 12к2,30.162826580342035,59.8588702
1029,10,18,2,67.1,17332793,Адмиралтейский,бульвар Измайловский,11,Московские ворота,298656558,бульвар Измайловский 11,30.3046299,59.8989367
1030,5,5,2,59.4,11980000,Пушкинский, Архитектора Данини,15к2,Купчино,298014888,Архитектора Данини 15к2,30.41004570562142,59.6958884
1031,2,10,2,77.5,25171590,Приморский,Белоостровская ,28,Черная речка,298657269,Белоостровская 28,30.310033001602342,59.9872559
1032,15,24,2,50.0,8450000,Приморский, Ивинская,17,Беговая,298006014,Ивинская 17,30.129453633688215,60.0317553
1033,10,18,2,64.8,17680315,Адмиралтейский,бульвар Измайловский,9,Фрунзенская,298655864,бульвар Измайловский 9,37.7867031,55.7977305
1034,5,5,2,41.3,6700000,Калининский,Тихорецкий проспект,9К10,Политехническая,295806862,Тихорецкий проспект 9К10,30.375644963039015,60.01404475
1035,4,10,2,79.9,25267437,Приморский,Белоостровская ,28,Черная речка,298657227,Белоостровская 28,30.310033001602342,59.9872559
1036,1,8,2,69.0,18950000,Петроградский,Петровский проспект,26к2,Крестовский остров,295135007,Петровский проспект 26к2,30.254776622413942,59.96051075
1037,4,9,2,69.94,24762257,Петроградский,Петроградская набережная,38,Горьковская,258156470,Петроградская набережная 38,30.333000922013227,59.9637442
1038,4,10,2,74.0,22200000,Василеостровский,Детская ,18,Василеостровская,299188695,Детская 18,37.48931469758301,51.26944455
1039,1,5,2,46.0,6000000,Невский, Шелгунова,37,Ломоносовская,295666069,Шелгунова 37,37.79780904916507,47.9500382
1040,5,13,2,76.6,30257000,Петроградский,Барочная ,12,Чкаловская,298888216,Барочная 12,36.43274304924104,61.0068537
1041,3,5,2,69.0,13300000,Красногвардейский,проспект Наставников,36к1,Ладожская,298138926,проспект Наставников 36к1,30.4831043,59.9528024
1042,9,12,2,57.64,17000000,Выборгский,Большой Сампсониевский проспект,70К2,Выборгская,265779340,Большой Сампсониевский проспект 70К2,30.333641505625877,59.980883000000006
1043,5,5,2,41.5,7800000,Красногвардейский, Буренина,3,Ладожская,299546612,Буренина 3,30.42861435006234,59.9721762
1044,8,12,2,52.3,9300000,Приморский,проспект Королева,44К1,Комендантский проспект,296836497,проспект Королева 44К1,30.25269786711116,60.021497249999996
1045,8,12,2,57.44,16900000,Выборгский,Большой Сампсониевский проспект,70К2,Выборгская,293125454,Большой Сампсониевский проспект 70К2,30.333641505625877,59.980883000000006
1046,4,4,2,48.5,6950000,Колпинский,Центральная ,10,,298678066,Центральная 10,76.915074,52.3233167
1047,7,8,2,95.5,48691256,Петроградский,набережная Реки Карповки,31к1,Петроградская,297863413,набережная Реки Карповки 31к1,30.2893783,59.9689199
1048,2,5,2,44.0,5900000,Колпинский,Пролетарская ,131,,294025655,Пролетарская 131,30.5656466,59.7436492
1049,5,9,2,66.86,23671783,Петроградский,Петроградская набережная,38,Горьковская,258156147,Петроградская набережная 38,30.333000922013227,59.9637442
1050,6,9,2,45.5,7950000,Выборгский,проспект Просвещения,32К2,Проспект Просвещения,298109872,проспект Просвещения 32К2,30.33175089189944,60.05541135
1051,9,26,2,62.2,10387400,Пушкинский,проспект Новгородский,2к3,Звездная,281157634,проспект Новгородский 2к3,30.37221395516928,59.8117648
1052,5,11,2,63.5,21900000,Василеостровский,набережная Макарова,60,Приморская,299094159,набережная Макарова 60,30.24245152642299,59.9574584
1053,6,14,2,50.5,6500000,Красносельский,Нарвская ,2,Проспект Ветеранов,299609121,Нарвская 2,34.872194491808756,48.4789334
1054,8,10,2,61.3,17930250,Выборгский,Манчестерская ,3к1,Удельная,296753779,Манчестерская 3к1,30.3433279,60.0130169
1055,10,12,2,55.6,10850000,Приморский,Вербная ,20/2,Удельная,290384678,Вербная 20/2,30.3001482,60.0250548
1056,3,15,2,74.6,19800000,Калининский,Гжатская ,5к3,Площадь Мужества,299483060,Гжатская 5к3,30.3787405,59.9983383
1057,4,7,2,93.5,45036429,Петроградский,набережная Реки Карповки,31к1,Петроградская,297863386,набережная Реки Карповки 31к1,30.2893783,59.9689199
1058,6,7,2,74.3,36550000,Петроградский, Рентгена,25,Выборгская,298769858,Рентгена 25,55.12531695,51.774750600000004
1059,4,5,2,43.8,6700000,Невский,Ново-Александровская ,15,Пролетарская,296649065,Ново-Александровская 15,30.46292196452273,59.8659352
1060,1,5,2,33.2,9000000,Петроградский,Петрозаводская ,3Е,Чкаловская,297999294,Петрозаводская 3Е,34.26947883682912,61.8040246
1061,11,13,2,52.4,10799000,Приморский,Комендантский проспект,31К1,Комендантский проспект,299344732,Комендантский проспект 31К1,30.2453764,60.0208924
1062,3,5,2,45.0,6950000,Калининский,Тимуровская ,18,Гражданский проспект,291278086,Тимуровская 18,60.79323727084464,54.35727915
1063,18,25,2,55.0,10000000,Кировский,проспект Маршала Жукова,48к1,Ленинский проспект,296518584,проспект Маршала Жукова 48к1,37.4656105,55.777626
1064,3,10,2,62.14,22749454,Приморский,Лисичанская ,22,Черная речка,297998523,Лисичанская 22,38.50636303490566,48.953288099999995
1065,3,9,2,45.0,8800000,Невский, Крыленко,21К2,Улица Дыбенко,298835361,Крыленко 21К2,30.478360708509236,59.89599955
1066,6,12,2,50.0,8500000,Красногвардейский,проспект Маршала Блюхера,42,Лесная,298071185,проспект Маршала Блюхера 42,30.423360587777374,59.97594915
1067,2,10,2,64.26,23152878,Приморский,Лисичанская ,22,Черная речка,297998511,Лисичанская 22,38.50636303490566,48.953288099999995
1068,3,7,2,45.0,18800000,Адмиралтейский,Галерная ,40,Василеостровская,299435000,Галерная 40,30.2881636,59.9314115
1069,8,12,2,93.1,32900000,Петроградский,Корпусная ,9,Чкаловская,286808660,Корпусная 9,30.2892106,59.9625996
1070,7,12,2,54.7,9990000,Приморский,проспект Королева,49,Комендантский проспект,297424191,проспект Королева 49,30.2509963,60.0245154
1071,1,5,2,51.3,9979000,Центральный, Моисеенко,8/1А,Площадь Восстания,298483799,Моисеенко 8/1А,39.1037782,55.8687863
1072,5,5,2,42.7,7200000,Кировский, Маршала Говорова,24,Кировский завод,288654816,Маршала Говорова 24,30.493327349999998,50.4035124
1073,5,8,2,65.7,22000000,Московский, Севастьянова,14,Парк Победы,289712319,Севастьянова 14,20.510247523724544,54.715016899999995
1074,5,15,2,55.1,13100000,Невский,Союзный проспект,4,Проспект Большевиков,297756919,Союзный проспект 4,43.85584325630458,56.3591905
1075,7,7,2,55.8,27220000,Адмиралтейский,Звенигородская ,7к2,Звенигородская,292053293,Звенигородская 7к2,30.3406428,59.9177318
1076,18,24,2,67.1,16997000,Невский, Архивная,11к1,Улица Дыбенко,298225441,Архивная 11к1,30.4499643,59.9038795
1077,6,19,2,68.4,23800000,Адмиралтейский,Московский проспект,73к5,Фрунзенская,293261128,Московский проспект 73к5,30.3129543,59.9055198
1078,1,4,2,69.0,24150000,Адмиралтейский, Якубовича,14,Адмиралтейская,295916812,Якубовича 14,33.3046831556098,58.42400015
1079,5,15,2,59.64,24500000,Красногвардейский,Магнитогорская ,3к2,,298156829,Магнитогорская 3к2,30.420108096148898,59.93535765
1080,4,4,2,81.8,24900000,Петроградский, Чапаева,11/4,Горьковская,299575711,Чапаева 11/4,30.33183491371089,59.96018445
1081,5,9,2,58.8,25000000,Московский,Черниговская ,17,Московские ворота,299021839,Черниговская 17,50.307503972209446,53.295697950000005
1082,5,9,2,53.8,25850733,Петроградский,Лодейнопольская ,7,Чкаловская,299315514,Лодейнопольская 7,30.290884734005065,59.9644068
1083,8,20,2,70.8,27500000,Приморский,Ушаковская набережная,3к4,Черная речка,297844203,Ушаковская набережная 3к4,30.31450461612542,59.983523500000004
1084,2,8,2,83.0,27990000,Петроградский,Малая Разночинная ,10,Чкаловская,286478517,Малая Разночинная 10,30.2904129,59.9585127
1085,19,24,2,104.0,28990000,Московский, Типанова,27/39,,295874599,Типанова 27/39,30.34899133779046,59.8538248
1086,7,8,2,75.0,29490000,Адмиралтейский,12-я Красноармейская ,24,,299336896,12-я Красноармейская 24,30.301667666036813,59.911354450000005
1087,7,8,2,75.5,29900000,Петроградский,Петровский проспект,22к2,Чкаловская,297246870,Петровский проспект 22к2,30.261877165769224,59.96039365
1088,1,5,2,60.0,29990000,Центральный,Невский проспект,109,Площадь Восстания,296569745,Невский проспект 109,30.36981305483563,59.92890505
1089,9,14,2,73.5,30400000,Московский,Заозерная ,3к2,Фрунзенская,298260786,Заозерная 3к2,30.3239162,59.9063682
1090,5,10,2,80.8,30990000,Красногвардейский,Пискаревский проспект,1,Площадь Ленина,297426812,Пискаревский проспект 1,30.428490773189992,59.9892878
1091,2,9,2,65.3,31800000,Петроградский,Петровский проспект,24к3,Крестовский остров,292596205,Петровский проспект 24к3,30.2598582,59.9594017
1092,23,23,2,92.0,31900000,Невский,проспект Обуховской обороны,195,Пролетарская,288901989,проспект Обуховской обороны 195,30.4587774,59.8693212
1093,8,10,2,70.1,31900000,Петроградский,Ждановская ,45,Спортивная,293021766,Ждановская 45,30.2683398,59.9626211
1094,7,8,2,68.0,32000000,Приморский,Приморский проспект,78к2,Беговая,286808734,Приморский проспект 78к2,30.18763020434698,59.988003
1095,2,4,2,81.3,32650000,Курортный, Первого Мая,3,Беговая,284015152,Первого Мая 3,48.094903416645536,52.503603749999996
1096,4,14,2,76.2,33490000,Петроградский,Дивенская ,5,Горьковская,296560059,Дивенская 5,30.3216612,59.9600935
1097,5,5,2,86.9,35000000,Петроградский,Каменноостровский проспект,19/13,Петроградская,298944202,Каменноостровский проспект 19/13,30.31640914767345,59.96117875
1098,4,5,2,75.4,35500000,Центральный,Миллионная ,12,Адмиралтейская,297809474,Миллионная 12,33.097623850000005,57.16172075
1099,2,14,2,62.0,35800000,Петроградский,Петрозаводская ,13,Чкаловская,299604120,Петрозаводская 13,37.4924,55.8663
1100,4,8,2,70.0,35900000,Петроградский,Петровский проспект,24к2,Крестовский остров,298751122,Петровский проспект 24к2,30.25784072226221,59.9602408
1101,3,5,2,66.1,36999000,Курортный, Максима Горького,2Ас2,Беговая,294853703,Максима Горького 2Ас2,33.315964,47.080311
1102,3,10,2,79.0,37400000,Центральный,Кирочная ,70,Чернышевская,296250144,Кирочная 70,30.390973,59.939657
1103,8,12,2,70.0,38000000,Петроградский,Пионерская ,50,Чкаловская,298613089,Пионерская 50,45.28558334377023,61.773922049999996
1104,2,6,2,99.3,40000000,Московский,Московский проспект,200,Парк Победы,280464382,Московский проспект 200,30.3213962,59.8607556
1105,2,4,2,92.9,41900000,Центральный, Рубинштейна,11,Владимирская,287406880,Рубинштейна 11,30.344001664280388,59.93006325
1106,7,7,2,91.9,46239000,Петроградский, Рентгена,25,Петроградская,299336690,Рентгена 25,55.12531695,51.774750600000004
1107,7,9,2,67.59,47313000,Петроградский,проспект Добролюбова,18а,Спортивная,299107649,проспект Добролюбова 18а,30.2985037,59.9498849
1108,5,6,2,84.2,50000000,Центральный,Захарьевская ,41,Чернышевская,299336128,Захарьевская 41,30.367264847690116,59.94722865
1109,6,6,2,81.98,53280000,Центральный,Захарьевская ,41,Чернышевская,299336281,Захарьевская 41,30.367264847690116,59.94722865
1110,7,11,2,101.7,55000000,Центральный, Восстания,6а,Площадь Восстания,299126204,Восстания 6а,30.35852016019416,59.933450300000004
1111,5,8,2,82.3,59000000,Центральный,Дегтярный переулок,26,Площадь Александра Невского,298086502,Дегтярный переулок 26,30.38276873811879,59.94052565
1112,5,5,2,88.0,62400000,Петроградский,проспект Добролюбова,21а,Спортивная,298673862,проспект Добролюбова 21а,30.2982628,59.950187
1113,4,8,2,150.0,79900000,Петроградский,Морской проспект,33,Крестовский остров,292011737,Морской проспект 33,83.09576942816605,54.83346415
1114,6,9,2,107.14,80410106,Петроградский,набережная Адмирала Лазарева,22,Чкаловская,299336151,набережная Адмирала Лазарева 22,30.2770569,59.9640376
1115,1,6,2,126.91,95182500,Петроградский, Эсперова,8,Крестовский остров,297046767,Эсперова 8,30.2731171,59.9739724
1116,5,5,2,42.0,4600000,Колпинский,Павловская ,54,Шушары,298617681,Павловская 54,55.0817366148423,51.7633156
1117,5,5,2,43.0,5190000,Колпинский,Пролетарская ,5,Шушары,299005772,Пролетарская 5,83.68455356855345,53.6616267
1118,1,2,2,35.0,5200000,Петродворцовый, Юты Бондаровской,20,Ленинский проспект,290914274,Юты Бондаровской 20,29.929868189737842,59.861124950000004
1119,5,5,2,51.5,5325000,Пушкинский,шоссе Колпинское,53,Купчино,297311184,шоссе Колпинское 53,30.469498799999997,59.7296707
1120,3,5,2,45.4,5500000,Невский, Новоселов,27,Ломоносовская,298726797,Новоселов 27,71.34530604530178,42.87157675
1121,4,5,2,42.0,6200000,Красносельский,Авангардная ,23,Проспект Ветеранов,296118537,Авангардная 23,27.628279749999997,53.90553275
1122,1,5,2,44.2,6200000,Калининский,проспект Культуры,29К3,Гражданский проспект,299372478,проспект Культуры 29К3,30.38181560396918,60.04825445
1123,1,5,2,43.0,6300000,Калининский, Верности,46К2,,294737864,Верности 46К2,30.43286085558215,60.00112795
1124,21,23,2,36.6,6400000,Красногвардейский, Чарушинская,24к1,Девяткино,299434758,Чарушинская 24к1,30.478300437880968,60.0017324
1125,3,5,2,43.4,6400000,Петродворцовый,бульвар Разведчика,12к1,,296485716,бульвар Разведчика 12к1,29.894053716939904,59.877789449999995
1126,2,12,2,42.6,6490000,Красногвардейский,Пискаревский проспект,9к1,Выборгская,299255191,Пискаревский проспект 9к1,30.4284939,59.986913
1127,8,9,2,50.0,6500000,Колпинский,бульвар Трудящихся,4,Шушары,290407202,бульвар Трудящихся 4,30.5697747,59.7388696
1128,2,9,2,45.5,6800000,Красногвардейский,проспект Маршала Блюхера,65,,294522924,проспект Маршала Блюхера 65,30.431511222553432,59.9729744
1129,1,5,2,45.5,6850000,Красногвардейский,Гранитная ,46,Ладожская,280811824,Гранитная 46,86.73607175074962,53.938354700000005
1130,6,9,2,44.3,7200000,Фрунзенский,Бухарестская ,33К5,Международная,299059243,Бухарестская 33К5,30.38144994426549,59.8642955
1131,2,25,2,48.15,7222500,Красногвардейский,Полюстрово,69,,297023674,Полюстрово 69,30.406887,59.966259
1132,3,9,2,63.5,7150000,Пушкинский, Центральная,12,Шушары,282388326,Центральная 12,76.9142358,52.32330685
1133,9,10,2,51.3,7300000,Красногвардейский,Рябовское шоссе,119К4,Ладожская,295876655,Рябовское шоссе 119К4,30.52325278583772,59.984380400000006
1134,11,25,2,46.0,7300000,Красногвардейский,Полюстрово,25к3,Гражданский проспект,296717074,Полюстрово 25к3,30.406887,59.966259
1135,5,5,2,44.0,7300000,Калининский,Меншиковский проспект,5К1,Площадь Мужества,298806253,Меншиковский проспект 5К1,30.424800092912612,59.9907048
1136,2,5,2,45.0,7400000,Калининский,проспект Культуры,11К2,Политехническая,294502624,проспект Культуры 11К2,30.373022688862697,60.03799415
1137,16,23,2,71.0,7490000,Выборгский, Тихоокеанская,1к2,Проспект Просвещения,297883482,Тихоокеанская 1к2,30.243015,60.073876
1138,3,3,2,46.2,7500000,Пушкинский,Павловское шоссе,95,Купчино,297138152,Павловское шоссе 95,30.4272056,59.69511915
1139,1,9,2,50.3,7505000,Выборгский, Хошимина,7к3,Проспект Просвещения,296278611,Хошимина 7к3,30.320631036450084,60.05007895
1140,2,25,2,51.22,7683000,Красногвардейский,Полюстрово,69,,297024608,Полюстрово 69,30.406887,59.966259
1141,8,25,2,49.12,7736400,Красногвардейский,Полюстрово,69,,297023692,Полюстрово 69,30.406887,59.966259
1142,2,5,2,45.5,7700000,Невский, Шотмана,8К1,Улица Дыбенко,298054621,Шотмана 8К1,30.477227238232086,59.901502449999995
1143,9,11,2,59.5,7735000,Пушкинский,проспект Старорусский,11,Звездная,285297812,проспект Старорусский 11,30.356542011182313,59.80602985
1144,1,14,2,45.1,7750000,Приморский,Мартыновская ,14к1,Комендантский проспект,295936660,Мартыновская 14к1,30.2570478943856,60.02357845
1145,5,5,2,42.2,7800000,Московский, Пилотов,19,Звездная,299328819,Пилотов 19,38.96111431676466,45.625718649999996
1146,11,11,2,60.6,7878000,Пушкинский,проспект Старорусский,11,Звездная,285297796,проспект Старорусский 11,30.356542011182313,59.80602985
1147,2,22,2,52.2,7986600,Красногвардейский, Пейзажная,6,Девяткино,299237084,Пейзажная 6,49.281411750000004,55.8276094
1148,9,10,2,57.1,7990000,Приморский,Камышовая ,28К2,Комендантский проспект,297761471,Камышовая 28К2,30.230229523263187,60.00744505
1149,3,9,2,44.2,8000000,Фрунзенский, Димитрова,4К1,Проспект Славы,293053165,Димитрова 4К1,82.91014718235137,55.030224649999994
1150,8,12,2,52.2,8000000,Приморский,проспект Авиаконструкторов,18К1,Комендантский проспект,299531822,проспект Авиаконструкторов 18К1,30.2350107,60.0188166
1151,13,22,2,50.7,8137350,Красногвардейский, Пейзажная,6,Девяткино,299237162,Пейзажная 6,49.281411750000004,55.8276094
1152,4,10,2,43.3,8100000,Приморский,Аэродромная ,9,Пионерская,297326444,Аэродромная 9,37.430476938910964,55.846999800000006
1153,3,10,2,50.1,8050000,Фрунзенский,Купчинская ,24,Купчино,294696681,Купчинская 24,30.3937176,59.8325002
1154,2,25,2,46.91,8209250,Красногвардейский,Полюстрово,69,,297023891,Полюстрово 69,30.406887,59.966259
1155,10,25,2,51.91,8175825,Красногвардейский,Полюстрово,69,,297023702,Полюстрово 69,30.406887,59.966259
1156,4,5,2,45.0,8200000,Выборгский,Светлановский проспект,59К2,Политехническая,299372535,Светлановский проспект 59К2,30.364210927733495,60.01575405
1157,2,12,2,42.7,8200000,Московский, Ленсовета,43,Московская,293835139,Ленсовета 43,30.329831050402667,59.842685349999996
1158,14,14,2,52.0,8280000,Выборгский, Композиторов,11К1,Проспект Просвещения,299203572,Композиторов 11К1,30.317031672185177,60.053851800000004
1159,1,23,2,37.54,8389357,Невский,Рыбацкое,4,Рыбацкое,293529887,Рыбацкое 4,142.5252448,46.6983225
1160,8,9,2,50.7,8360000,Выборгский, Руднева,13,Проспект Просвещения,299099232,Руднева 13,24.5303367,48.8132249
1161,3,5,2,50.7,8350000,Невский,Караваевская ,41/3,Рыбацкое,297495206,Караваевская 41/3,37.806822,57.8690461
1162,1,6,2,56.5,8305500,Курортный, Строителей,3к2,,292413351,Строителей 3к2,29.68056272511327,60.2077282
1163,8,16,2,51.2,8500000,Красногвардейский,проспект Наставников,21,Проспект Большевиков,296745283,проспект Наставников 21,30.4921684,59.9458901
1164,2,9,2,50.5,8500000,Красногвардейский,проспект Энергетиков,68,Лесная,298335675,проспект Энергетиков 68,30.43584251211478,59.97107905
1165,8,10,2,62.6,8600000,Пушкинский,Красносельское шоссе,55,Купчино,298210491,Красносельское шоссе 55,30.3622896,59.7040716
1166,2,25,2,49.96,8743000,Красногвардейский,Полюстрово,69,,297023711,Полюстрово 69,30.406887,59.966259
1167,1,6,2,59.5,8746500,Курортный, Строителей,3к1,,292413239,Строителей 3к1,29.683278519000154,60.207436400000006
1168,1,24,2,52.5,8762250,Приморский, Ивинская,19к1,Комендантский проспект,297361015,Ивинская 19к1,30.12787427216709,60.03260765
1169,4,23,2,48.97,8899638,Приморский, Ивинская,5к1,Зенит,297362077,Ивинская 5к1,30.1260104,60.0327736
1170,4,10,2,39.0,8803883,Приморский,Парашютная ,79к1,Комендантский проспект,295329496,Парашютная 79к1,30.24186287206487,60.0419148
1171,4,9,2,44.0,8800000,Калининский,Гражданский проспект,90К1,,297360429,Гражданский проспект 90К1,30.401409952978305,60.018283
1172,1,17,2,49.4,8892000,Приморский, Ивинская,15,Комендантский проспект,297361399,Ивинская 15,30.130779435529256,60.0317939
1173,6,9,2,46.0,8949000,Выборгский, Асафьева,2К1,Проспект Просвещения,298528192,Асафьева 2К1,30.322526552112787,60.0487866
1174,17,23,2,36.5,8986249,Невский,Рыбацкое,5,Рыбацкое,299260924,Рыбацкое 5,142.5252448,46.6983225
1175,9,14,2,55.8,8900000,Фрунзенский,Софийская ,30К2,Международная,295434840,Софийская 30К2,30.4063524,59.8763819
1176,12,12,2,55.8,8928000,Пушкинский,проспект Старорусский,9,,299172855,проспект Старорусский 9,30.35638559044976,59.80763035
1177,3,5,2,41.2,8900000,Курортный, Воскова,11,Беговая,298735007,Воскова 11,29.96089400000001,60.09182615
1178,11,11,2,57.6,8974080,Пушкинский,проспект Старорусский,13к1,Звездная,294664679,проспект Старорусский 13к1,30.357291061413747,59.80492175
1179,1,17,2,52.0,8970000,Приморский, Ивинская,15,Комендантский проспект,297361391,Ивинская 15,30.130779435529256,60.0317939
1180,1,6,2,60.9,8952300,Курортный, Строителей,3к2,,292413318,Строителей 3к2,29.68056272511327,60.2077282
1181,3,5,2,44.4,8999000,Калининский, Руставели,64К2,Гражданский проспект,296015483,Руставели 64К2,30.42834767628701,60.0373103
1182,10,23,2,53.94,9088624,Приморский, Ивинская,1к2,Зенит,298977453,Ивинская 1к2,30.1260104,60.0327736
1183,12,12,2,56.5,9040000,Пушкинский,проспект Старорусский,9,,296280981,проспект Старорусский 9,30.35638559044976,59.80763035
1184,19,23,2,48.24,9097039,Приморский, Ивинская,5к1,Зенит,297884774,Ивинская 5к1,30.1260104,60.0327736
1185,4,23,2,50.14,9068475,Приморский, Ивинская,5к2,Зенит,297885273,Ивинская 5к2,30.1260104,60.0327736
1186,1,24,2,52.0,9001200,Приморский, Ивинская,19к1,Комендантский проспект,297361007,Ивинская 19к1,30.12787427216709,60.03260765
1187,1,17,2,51.4,9097800,Приморский, Ивинская,9,Комендантский проспект,297361151,Ивинская 9,30.132562320612973,60.03060175
1188,1,24,2,52.1,9117500,Приморский, Ивинская,19к2,Комендантский проспект,297361185,Ивинская 19к2,30.129944076254827,60.033027000000004
1189,4,23,2,55.01,9162720,Приморский, Ивинская,1к2,Зенит,298977572,Ивинская 1к2,30.1260104,60.0327736
1190,4,12,2,53.8,9146000,Пушкинский,проспект Старорусский,9,,296280983,проспект Старорусский 9,30.35638559044976,59.80763035
1191,2,23,2,50.69,9145444,Приморский, Ивинская,5к2,Зенит,297885263,Ивинская 5к2,30.1260104,60.0327736
1192,1,17,2,48.9,9124740,Приморский, Ивинская,9,Комендантский проспект,297361124,Ивинская 9,30.132562320612973,60.03060175
1193,1,24,2,51.2,9113600,Приморский, Ивинская,19к3,Комендантский проспект,297361226,Ивинская 19к3,30.13193927114612,60.033446999999995
1194,1,6,2,62.5,9187500,Курортный, Строителей,3к2,,292413403,Строителей 3к2,29.68056272511327,60.2077282
1195,2,6,2,62.02,9116940,Курортный, Строителей,3к2,,292413381,Строителей 3к2,29.68056272511327,60.2077282
1196,24,24,2,56.4,9190000,Невский, Русановская,16к1,Ломоносовская,293865252,Русановская 16к1,30.507895432601856,59.865744
1197,15,15,2,54.6,9100000,Кировский,Ленинский проспект,127,Ленинский проспект,294512510,Ленинский проспект 127,20.5038837,54.6995504
1198,2,12,2,59.4,9207000,Пушкинский,проспект Старорусский,9,,296280899,проспект Старорусский 9,30.35638559044976,59.80763035
1199,2,12,2,59.5,9222500,Пушкинский,проспект Старорусский,9,,296280893,проспект Старорусский 9,30.35638559044976,59.80763035
1200,1,24,2,53.0,9237900,Приморский, Ивинская,19к3,Комендантский проспект,297361195,Ивинская 19к3,30.13193927114612,60.033446999999995
1201,1,17,2,53.3,9204910,Приморский, Ивинская,9,Комендантский проспект,297361122,Ивинская 9,30.132562320612973,60.03060175
1202,6,10,2,40.1,9316435,Приморский,Парашютная ,79к1,Комендантский проспект,298402678,Парашютная 79к1,30.24186287206487,60.0419148
1203,4,23,2,53.78,9339232,Приморский, Ивинская,5к2,Зенит,297361888,Ивинская 5к2,30.1260104,60.0327736
1204,2,24,2,51.8,9334360,Приморский, Ивинская,19к3,Комендантский проспект,297361207,Ивинская 19к3,30.13193927114612,60.033446999999995
1205,10,12,2,58.2,9312000,Пушкинский,проспект Старорусский,9,,296280914,проспект Старорусский 9,30.35638559044976,59.80763035
1206,1,23,2,52.39,9293986,Приморский, Ивинская,1к4,Зенит,297885367,Ивинская 1к4,30.1260104,60.0327736
1207,2,23,2,55.6,9258064,Приморский, Ивинская,1к2,Зенит,298977561,Ивинская 1к2,30.1260104,60.0327736
1208,1,17,2,53.6,9267440,Приморский, Ивинская,15,Комендантский проспект,297361397,Ивинская 15,30.130779435529256,60.0317939
1209,5,6,2,63.6,9349200,Курортный, Строителей,3к2,,292413410,Строителей 3к2,29.68056272511327,60.2077282
1210,4,5,2,46.2,9300000,Курортный, Первого Мая,5,Беговая,295661935,Первого Мая 5,33.3830271491433,47.0202982
1211,12,25,2,60.0,9300000,Пушкинский,переулок Вилеровский,8,Купчино,297472378,переулок Вилеровский 8,30.3604489,59.811034
1212,2,3,2,48.9,9446975,Петродворцовый,Красносельское шоссе,22,Ленинский проспект,285685237,Красносельское шоссе 22,30.07358835,59.84900105
1213,3,23,2,54.69,9448675,Приморский, Ивинская,5к1,Зенит,297884712,Ивинская 5к1,30.1260104,60.0327736
1214,9,12,2,47.8,9395000,Московский,Пулковское шоссе,9К2,Московская,298736830,Пулковское шоссе 9К2,30.316432205737733,59.8369998
1215,10,23,2,55.21,9542130,Приморский, Ивинская,5к2,Зенит,297361959,Ивинская 5к2,30.1260104,60.0327736
1216,17,24,2,63.2,9500000,Пушкинский,проспект Новгородский,10,Купчино,297299916,проспект Новгородский 10,30.369217594701762,59.8068447
1217,13,13,2,54.95,9500000,Красногвардейский,Северный проспект,123к3,Академическая,296580984,Северный проспект 123к3,30.4060219,60.0222985
1218,7,10,2,57.28,9500000,Московский,Витебский проспект,99к1,Купчино,286278702,Витебский проспект 99к1,30.372254523666292,59.83116165
1219,1,17,2,54.7,9523270,Приморский, Ивинская,9,Комендантский проспект,297361146,Ивинская 9,30.132562320612973,60.03060175
1220,6,6,2,34.9,9458633,Адмиралтейский,набережная Обводного Канала,118бБ,Балтийская,295855434,набережная Обводного Канала 118бБ,30.3067682,59.9090462
1221,1,10,2,56.9,9500000,Приморский,Камышовая ,20,Комендантский проспект,285686689,Камышовая 20,82.64608829975346,55.0924524
1222,2,3,2,49.9,9640165,Петродворцовый,Красносельское шоссе,22,Ленинский проспект,285685240,Красносельское шоссе 22,30.07358835,59.84900105
1223,2,23,2,55.7,9581916,Приморский, Ивинская,5к1,Зенит,297884783,Ивинская 5к1,30.1260104,60.0327736
1224,2,23,2,36.41,9639107,Невский,Рыбацкое,4,Рыбацкое,295253867,Рыбацкое 4,142.5252448,46.6983225
1225,2,23,2,55.6,9555972,Приморский, Ивинская,5к2,Зенит,297361941,Ивинская 5к2,30.1260104,60.0327736
1226,2,23,2,54.55,9715251,Приморский, Ивинская,1к1,Зенит,297361726,Ивинская 1к1,30.1260104,60.0327736
1227,3,3,2,47.1,9708388,Петродворцовый,Красносельское шоссе,22,Автово,293828728,Красносельское шоссе 22,30.07358835,59.84900105
1228,2,3,2,50.8,9720178,Петродворцовый,Красносельское шоссе,22,Проспект Ветеранов,298402715,Красносельское шоссе 22,30.07358835,59.84900105
1229,4,13,2,47.43,9743307,Приморский,Коломяжский проспект,4,Черная речка,297552906,Коломяжский проспект 4,30.299884099999993,60.001830600000005
1230,5,12,2,49.2,9690000,Московский,Московское шоссе,3к5,Звездная,296384603,Московское шоссе 3к5,30.3312062,59.8335256
1231,24,24,2,50.3,9674169,Невский, Русановская,24,Пролетарская,292031207,Русановская 24,30.51660729098161,59.86497575
1232,1,27,2,45.38,9652326,Выборгский,проезд Толубеевский,34к2,,297361265,проезд Толубеевский 34к2,30.357682,60.0861805
1233,1,27,2,50.81,9745358,Выборгский,проезд Толубеевский,34к2,,297361368,проезд Толубеевский 34к2,30.357682,60.0861805
1234,4,23,2,54.34,9706932,Приморский, Ивинская,1к1,Зенит,297361737,Ивинская 1к1,30.1260104,60.0327736
1235,8,13,2,52.5,9722790,Невский,Варфоломеевская ,6,Ломоносовская,292781676,Варфоломеевская 6,30.41965948839928,59.879154
1236,1,17,2,54.7,9785830,Приморский, Ивинская,15,Комендантский проспект,297361417,Ивинская 15,30.130779435529256,60.0317939
1237,1,9,2,36.6,9790500,Выборгский,Светлановский проспект,45,Политехническая,299252998,Светлановский проспект 45,30.3516502,60.0114732
1238,1,27,2,55.1,9791270,Выборгский,проезд Толубеевский,36к1,,297360958,проезд Толубеевский 36к1,30.35627658387903,60.085553899999994
1239,9,13,2,52.4,9757299,Невский,Варфоломеевская ,6,Ломоносовская,292781688,Варфоломеевская 6,30.41965948839928,59.879154
1240,1,6,2,66.7,9804900,Курортный, Строителей,3к2,,292413437,Строителей 3к2,29.68056272511327,60.2077282
1241,1,5,2,51.82,9900003,Московский,Пулковское шоссе,103В,Звездная,295920886,Пулковское шоссе 103В,30.3249394,59.7828449
1242,3,23,2,55.09,9910475,Приморский, Ивинская,1к4,Зенит,297885388,Ивинская 1к4,30.1260104,60.0327736
1243,6,6,2,67.6,9937200,Курортный, Строителей,3к2,,292413494,Строителей 3к2,29.68056272511327,60.2077282
1244,25,27,2,48.79,9925068,Выборгский,проезд Толубеевский,34к2,,297361365,проезд Толубеевский 34к2,30.357682,60.0861805
1245,10,12,2,62.0,9920000,Пушкинский,проспект Старорусский,9,,296280894,проспект Старорусский 9,30.35638559044976,59.80763035
1246,2,20,2,50.83,9911850,Красносельский, Маршала Казакова,64к1,,297419306,Маршала Казакова 64к1,43.9294829,56.3244174
1247,3,25,2,48.17,9874850,Красносельский, Маршала Казакова,64к1,,294606055,Маршала Казакова 64к1,43.9294829,56.3244174
1248,10,15,2,52.3,9938162,Невский, Евдокима Огнева,3,Улица Дыбенко,296835119,Евдокима Огнева 3,30.467599157093858,59.8994079
1249,13,26,2,58.5,9945000,Пушкинский,проспект Новгородский,2к3,Шушары,293279864,проспект Новгородский 2к3,30.37221395516928,59.8117648
1250,18,27,2,54.31,10033485,Выборгский,Заречная ,48к2,Парнас,297361464,Заречная 48к2,55.700733,57.550739
1251,2,10,2,45.0,10036827,Приморский,Парашютная ,79к1,Комендантский проспект,292425307,Парашютная 79к1,30.24186287206487,60.0419148
1252,9,10,2,42.0,10034620,Приморский,Парашютная ,79к1,Комендантский проспект,292425358,Парашютная 79к1,30.24186287206487,60.0419148
1253,4,4,2,47.65,10000067,Пушкинский,шоссе Колпинское,127,Купчино,295505290,шоссе Колпинское 127,30.5465822,59.7491975
1254,1,5,2,54.4,10033200,Колпинский,шоссе Рубежное,14,Рыбацкое,298649430,шоссе Рубежное 14,30.62783528082336,59.7536247
1255,4,25,2,48.71,9985550,Красносельский, Маршала Казакова,64к1,,294606123,Маршала Казакова 64к1,43.9294829,56.3244174
1256,2,23,2,55.92,10046652,Приморский, Ивинская,1к1,Зенит,297884971,Ивинская 1к1,30.1260104,60.0327736
1257,20,27,2,52.51,10032048,Выборгский,проезд Толубеевский,34к2,,298603018,проезд Толубеевский 34к2,30.357682,60.0861805
1258,9,9,2,51.7,9990000,Василеостровский, Кораблестроителей,35Г,Приморская,298939767,Кораблестроителей 35Г,30.238145245110342,59.95670155
1259,3,3,2,51.5,10139571,Петродворцовый,Красносельское шоссе,22,Ленинский проспект,298402720,Красносельское шоссе 22,30.07358835,59.84900105
1260,1,5,2,63.04,10125360,Колпинский,проезд Понтонный,6,Рыбацкое,298649333,проезд Понтонный 6,30.622320100000003,59.7593327
1261,5,6,2,68.7,10098900,Курортный, Строителей,3к2,,292413491,Строителей 3к2,29.68056272511327,60.2077282
1262,12,17,2,48.8,10115315,Выборгский,Заречная ,48к1,Парнас,297361578,Заречная 48к1,55.700733,57.550739
1263,10,13,2,47.7,10115500,Приморский,Коломяжский проспект,4,Черная речка,297553104,Коломяжский проспект 4,30.299884099999993,60.001830600000005
1264,3,15,2,55.0,10137820,Невский, Евдокима Огнева,3,Улица Дыбенко,296210611,Евдокима Огнева 3,30.467599157093858,59.8994079
1265,8,27,2,49.77,10113130,Выборгский,проезд Толубеевский,34к2,,297361287,проезд Толубеевский 34к2,30.357682,60.0861805
1266,2,11,2,69.1,10240620,Пушкинский,проспект Старорусский,13к1,Звездная,294664664,проспект Старорусский 13к1,30.357291061413747,59.80492175
1267,4,15,2,52.4,10200000,Невский, Крыленко,14с2,Улица Дыбенко,296210568,Крыленко 14с2,30.463369865589748,59.8955546
1268,24,27,2,54.2,10221420,Выборгский,проезд Толубеевский,34к3,,297361253,проезд Толубеевский 34к3,30.357682,60.0861805
1269,1,27,2,56.2,10217160,Выборгский,проезд Толубеевский,36к1,,297360956,проезд Толубеевский 36к1,30.35627658387903,60.085553899999994
1270,1,23,2,59.44,10223680,Приморский, Ивинская,1к4,Зенит,297885365,Ивинская 1к4,30.1260104,60.0327736
1271,21,27,2,52.72,10324046,Выборгский,проезд Толубеевский,34к3,,297361246,проезд Толубеевский 34к3,30.357682,60.0861805
1272,22,27,2,54.31,10286430,Выборгский,проезд Толубеевский,32,Проспект Просвещения,297361131,проезд Толубеевский 32,30.357682,60.0861805
1273,8,16,2,52.0,10300000,Василеостровский, Нахимова,5к4,Приморская,298147508,Нахимова 5к4,30.22395166906084,59.94278155000001
1274,1,23,2,59.75,10259075,Приморский, Ивинская,1к4,Зенит,297361429,Ивинская 1к4,30.1260104,60.0327736
1275,4,5,2,52.3,10400000,Пушкинский, Образцовая,5к1с2,Звездная,294563598,Образцовая 5к1с2,30.37073809777705,59.7523833
1276,14,26,2,62.2,10387400,Пушкинский,проспект Новгородский,2к3,Звездная,297261162,проспект Новгородский 2к3,30.37221395516928,59.8117648
1277,25,27,2,54.04,10443998,Выборгский,Заречная ,52к1,,297905340,Заречная 52к1,55.700733,57.550739
1278,12,21,2,66.0,10400000,Приморский,Парашютная ,58,Комендантский проспект,295131720,Парашютная 58,30.243455118633918,60.0372116
1279,21,27,2,52.94,10482901,Выборгский,Заречная ,52к1,,297905265,Заречная 52к1,55.700733,57.550739
1280,21,27,2,54.52,10488478,Выборгский,Заречная ,52к1,,297905269,Заречная 52к1,55.700733,57.550739
1281,4,20,2,52.51,10502000,Красносельский, Маршала Казакова,64к1,,297419316,Маршала Казакова 64к1,43.9294829,56.3244174
1282,1,24,2,55.9,10500000,Приморский, Верхне-Каменская,5,,290292225,Верхне-Каменская 5,30.21531557524252,60.03690345
1283,1,6,2,71.1,10451700,Курортный, Строителей,3к2,,292413374,Строителей 3к2,29.68056272511327,60.2077282
1284,14,17,2,60.5,10500000,Приморский,Парашютная ,61к4,Комендантский проспект,297360578,Парашютная 61к4,30.254803,60.036831
1285,2,3,2,53.8,10592407,Петродворцовый,Красносельское шоссе,22,Ленинский проспект,298402727,Красносельское шоссе 22,30.07358835,59.84900105
1286,6,6,2,72.0,10584000,Курортный, Строителей,3к2,,292413390,Строителей 3к2,29.68056272511327,60.2077282
1287,18,27,2,53.76,10619928,Выборгский,Заречная ,54,Проспект Просвещения,297361041,Заречная 54,56.05728794400089,57.860366049999996
1288,23,27,2,52.94,10612598,Выборгский,проезд Толубеевский,32,Проспект Просвещения,297361141,проезд Толубеевский 32,30.357682,60.0861805
1289,2,20,2,54.17,10563150,Красносельский, Маршала Казакова,64к1,,297419360,Маршала Казакова 64к1,43.9294829,56.3244174
1290,1,11,2,71.4,10581480,Пушкинский,проспект Старорусский,13к1,Звездная,294664641,проспект Старорусский 13к1,30.357291061413747,59.80492175
1291,7,23,2,52.43,10637648,Приморский, Ивинская,1к1,Зенит,297885002,Ивинская 1к1,30.1260104,60.0327736
1292,2,5,2,56.0,10550000,Кировский,Краснопутиловская ,26,Автово,295859400,Краснопутиловская 26,52.04324959179185,53.676050000000004
1293,6,23,2,60.65,10700195,Приморский, Ивинская,1к1,Зенит,297884996,Ивинская 1к1,30.1260104,60.0327736
1294,18,23,2,52.55,10744481,Приморский, Ивинская,1к1,Зенит,298604534,Ивинская 1к1,30.1260104,60.0327736
1295,2,23,2,51.83,10725302,Невский,Рыбацкое,5,Рыбацкое,299260921,Рыбацкое 5,142.5252448,46.6983225
1296,7,9,2,55.0,10650000,Приморский,Комендантский проспект,40К3,,298561367,Комендантский проспект 40К3,30.23872749332171,60.0226644
1297,1,5,2,58.65,10714700,Колпинский,шоссе Рубежное,14,Рыбацкое,298685981,шоссе Рубежное 14,30.62783528082336,59.7536247
1298,7,13,2,48.65,10692491,Приморский,Коломяжский проспект,4,Черная речка,297552968,Коломяжский проспект 4,30.299884099999993,60.001830600000005
1299,6,20,2,64.0,10700000,Приморский,проспект Королева,73,Комендантский проспект,297523313,проспект Королева 73,30.23707349304408,60.03664415
1300,3,3,2,55.1,10848357,Петродворцовый,Красносельское шоссе,22,Ленинский проспект,298402702,Красносельское шоссе 22,30.07358835,59.84900105
1301,13,26,2,60.5,10890000,Пушкинский,проспект Новгородский,2к3,Купчино,268907131,проспект Новгородский 2к3,30.37221395516928,59.8117648
1302,10,26,2,63.0,10836000,Пушкинский,проспект Новгородский,2к3,Шушары,268906512,проспект Новгородский 2к3,30.37221395516928,59.8117648
1303,1,9,2,48.77,10774481,Красносельский, Тамбасова,5,Проспект Ветеранов,295858980,Тамбасова 5,91.68953046810196,53.69713395
1304,1,27,2,57.1,10809030,Выборгский,проезд Толубеевский,32,Проспект Просвещения,297361062,проезд Толубеевский 32,30.357682,60.0861805
1305,1,4,2,58.9,10900301,Пушкинский,шоссе Колпинское,129,Купчино,279212798,шоссе Колпинское 129,30.5465822,59.7491975
1306,2,5,2,51.51,10950253,Московский,Пулковское шоссе,95к3,Звездная,299312165,Пулковское шоссе 95к3,30.3249394,59.7828449
1307,7,23,2,61.28,10992960,Приморский, Ивинская,1к4,Зенит,297361558,Ивинская 1к4,30.1260104,60.0327736
1308,3,5,2,58.0,10957870,Колпинский,шоссе Рубежное,14,Рыбацкое,298649478,шоссе Рубежное 14,30.62783528082336,59.7536247
1309,2,5,2,64.37,10931750,Колпинский,проезд Понтонный,6,Рыбацкое,298649359,проезд Понтонный 6,30.622320100000003,59.7593327
1310,4,13,2,51.07,10948846,Приморский,Коломяжский проспект,4,Черная речка,297552886,Коломяжский проспект 4,30.299884099999993,60.001830600000005
1311,16,17,2,53.18,10935054,Выборгский,Заречная ,48к1,Парнас,297361584,Заречная 48к1,55.700733,57.550739
1312,1,27,2,61.2,10918080,Выборгский,проезд Толубеевский,36к1,,297360960,проезд Толубеевский 36к1,30.35627658387903,60.085553899999994
1313,8,23,2,40.25,11042622,Невский,Рыбацкое,4,Рыбацкое,296410635,Рыбацкое 4,142.5252448,46.6983225
1314,4,9,2,38.7,11010150,Выборгский,Светлановский проспект,45,Политехническая,299252957,Светлановский проспект 45,30.3516502,60.0114732
1315,2,7,2,57.0,11000000,Василеостровский, Опочинина,9,Василеостровская,298753935,Опочинина 9,30.24071158368733,59.9284884
1316,8,12,2,57.0,11072592,Пушкинский,проспект Старорусский,5к1,Шушары,293752173,проспект Старорусский 5к1,30.3580552,59.8081506
1317,23,23,2,51.28,11137296,Невский,Рыбацкое,5,Рыбацкое,299260903,Рыбацкое 5,142.5252448,46.6983225
1318,1,5,2,62.42,11174640,Колпинский,шоссе Рубежное,14,Рыбацкое,299031046,шоссе Рубежное 14,30.62783528082336,59.7536247
1319,1,5,2,58.64,11200445,Московский,Пулковское шоссе,103В,Звездная,295920901,Пулковское шоссе 103В,30.3249394,59.7828449
1320,6,23,2,60.73,11244894,Приморский, Ивинская,5к1,Зенит,297884797,Ивинская 5к1,30.1260104,60.0327736
1321,5,5,2,56.63,11234160,Колпинский,шоссе Рубежное,14,Рыбацкое,298649512,шоссе Рубежное 14,30.62783528082336,59.7536247
1322,3,17,2,60.4,11350000,Приморский, Оптиков,52к1,Беговая,297461307,Оптиков 52к1,30.2021179,60.0013837
1323,1,4,2,58.4,11350186,Пушкинский,шоссе Колпинское,127,Купчино,287425813,шоссе Колпинское 127,30.5465822,59.7491975
1324,1,4,2,58.9,11350236,Пушкинский,шоссе Колпинское,127,Купчино,292788666,шоссе Колпинское 127,30.5465822,59.7491975
1325,4,5,2,56.51,11400270,Московский,Пулковское шоссе,103В,Звездная,297868734,Пулковское шоссе 103В,30.3249394,59.7828449
1326,15,23,2,41.17,11437695,Невский,Рыбацкое,4,Рыбацкое,299389586,Рыбацкое 4,142.5252448,46.6983225
1327,4,20,2,50.25,11306250,Красносельский, Маршала Казакова,64к1,,294606869,Маршала Казакова 64к1,43.9294829,56.3244174
1328,2,27,2,61.34,11407542,Выборгский,Заречная ,50,Парнас,297361468,Заречная 50,55.700733,57.550739
1329,2,17,2,56.92,11425038,Выборгский,Заречная ,56,Проспект Просвещения,297360964,Заречная 56,56.05712569531336,57.86122855
1330,2,27,2,61.34,11332410,Выборгский,Заречная ,46к1,Парнас,297360967,Заречная 46к1,55.700733,57.550739
1331,4,23,2,51.55,11534558,Невский,Рыбацкое,4,Рыбацкое,296760154,Рыбацкое 4,142.5252448,46.6983225
1332,17,26,2,72.0,11520000,Пушкинский,проспект Новгородский,2к3,Шушары,291304601,проспект Новгородский 2к3,30.37221395516928,59.8117648
1333,10,13,2,51.4,11464106,Приморский,Планерная ,97к2,Беговая,294504960,Планерная 97к2,30.194711104662133,60.0336171
1334,9,9,2,36.0,11502000,Выборгский,Светлановский проспект,45,Политехническая,299252984,Светлановский проспект 45,30.3516502,60.0114732
1335,5,5,2,59.63,11545360,Колпинский,шоссе Рубежное,14,Рыбацкое,298649466,шоссе Рубежное 14,30.62783528082336,59.7536247
1336,21,27,2,60.52,11511477,Выборгский,Заречная ,54,Проспект Просвещения,297361045,Заречная 54,56.05728794400089,57.860366049999996
1337,5,26,2,72.5,11600000,Пушкинский,проспект Новгородский,2к3,Шушары,268905843,проспект Новгородский 2к3,30.37221395516928,59.8117648
1338,5,5,2,56.49,11550369,Московский,Пулковское шоссе,103В,Звездная,295920889,Пулковское шоссе 103В,30.3249394,59.7828449
1339,5,5,2,53.81,11566700,Колпинский,шоссе Рубежное,12,Рыбацкое,298649312,шоссе Рубежное 12,30.62656118082336,59.754711
1340,3,18,2,56.18,11797800,Невский, Тельмана,37,Ломоносовская,299556088,Тельмана 37,80.27410090000001,50.422221500000006
1341,12,12,2,49.5,11731500,Московский,Московское шоссе,3к5,Звездная,294538574,Московское шоссе 3к5,30.3312062,59.8335256
1342,7,13,2,63.37,11744932,Приморский,Коломяжский проспект,4,Черная речка,297552966,Коломяжский проспект 4,30.305596104633878,59.99647395
1343,1,16,2,65.9,11690660,Выборгский, Федора Абрамова,29,Проспект Просвещения,297361562,Федора Абрамова 29,44.737315163123355,63.8325902
1344,1,4,2,61.8,11800339,Пушкинский,шоссе Колпинское,127,Купчино,295505178,шоссе Колпинское 127,30.5568018,59.7496618
1345,22,23,2,51.28,11854447,Невский,Рыбацкое,4,Рыбацкое,295776611,Рыбацкое 4,142.5252448,46.6983225
1346,3,16,2,48.84,11858217,Невский, Гудиловская,9,Рыбацкое,293437750,Гудиловская 9,30.5320953,59.8294995
1347,1,16,2,51.15,11866902,Невский,проспект Советский,43к2,Рыбацкое,295114176,проспект Советский 43к2,30.53843744582284,59.828671650000004
1348,2,18,2,57.67,11822350,Невский, Тельмана,37,Ломоносовская,299556095,Тельмана 37,80.27410090000001,50.422221500000006
1349,2,17,2,59.51,11818853,Невский,Октябрьская набережная,11Б,Пролетарская,297359510,Октябрьская набережная 11Б,30.4469472,59.8935011
1350,1,5,2,64.93,11957440,Колпинский,шоссе Рубежное,14,Рыбацкое,298697654,шоссе Рубежное 14,30.62783528082336,59.7536247
1351,12,25,2,68.0,11999000,Приморский,Парашютная ,54,Комендантский проспект,296855173,Парашютная 54,30.2442456,60.0350499
1352,1,5,2,76.84,11912642,Колпинский,шоссе Рубежное,12,Рыбацкое,298649266,шоссе Рубежное 12,30.62656118082336,59.754711
1353,3,24,2,45.12,11999000,Московский, Среднерогатская,13к2,Звездная,291285573,Среднерогатская 13к2,30.3296363,59.8219472
1354,3,25,2,51.81,12002306,Приморский,набережная Реки Каменки,15к1,Проспект Просвещения,298056519,набережная Реки Каменки 15к1,30.273510120261435,60.05444730000001
1355,9,10,2,49.2,12098495,Приморский,Парашютная ,79к1,Комендантский проспект,292425342,Парашютная 79к1,30.24186287206487,60.0419148
1356,1,16,2,50.4,12007800,Невский,проспект Советский,43к2,Рыбацкое,295114179,проспект Советский 43к2,30.53843744582284,59.828671650000004
1357,8,13,2,63.68,12013805,Приморский,Коломяжский проспект,4,Черная речка,297553003,Коломяжский проспект 4,30.305596104633878,59.99647395
1358,9,13,2,52.6,12135233,Приморский,Планерная ,91к2,Старая Деревня,294504970,Планерная 91к2,37.3687,55.9195
1359,2,20,2,55.14,12130800,Красносельский, Маршала Казакова,64к1,,294606539,Маршала Казакова 64к1,43.9305145,56.3207465
1360,1,5,2,58.86,12200059,Московский,Пулковское шоссе,99к4,Звездная,291717484,Пулковское шоссе 99к4,30.3249756,59.7820499
1361,2,18,2,59.4,12177000,Невский, Тельмана,37,Ломоносовская,299556067,Тельмана 37,80.27410090000001,50.422221500000006
1362,2,9,2,52.52,12233913,Красносельский, Тамбасова,5,Проспект Ветеранов,295859157,Тамбасова 5,91.68953046810196,53.69713395
1363,5,5,2,57.98,12173720,Колпинский,шоссе Рубежное,12,Рыбацкое,298649284,шоссе Рубежное 12,30.62656118082336,59.754711
1364,7,15,2,58.0,12300000,Приморский,Мебельная ,21к1,Беговая,295371904,Мебельная 21к1,30.215050122621975,59.99554045
1365,22,23,2,56.87,12368147,Невский,Рыбацкое,4,Рыбацкое,296091936,Рыбацкое 4,142.5252448,46.6983225
1366,10,16,2,47.85,12372890,Невский, Гудиловская,9,Рыбацкое,292292178,Гудиловская 9,30.5320953,59.8294995
1367,8,8,2,35.0,12250000,Центральный,Херсонская ,43/12,Площадь Александра Невского,299357417,Херсонская 43/12,30.38435,59.9270118
1368,3,25,2,57.55,12373250,Красносельский, Маршала Казакова,64к1,,294605876,Маршала Казакова 64к1,43.9305145,56.3207465
1369,8,15,2,54.5,12300000,Приморский, Савушкина,121К2,Крестовский остров,298778371,Савушкина 121К2,30.225228781406106,59.98706505
1370,7,10,2,55.0,12438415,Приморский,Парашютная ,79к1,Комендантский проспект,293828755,Парашютная 79к1,30.24186287206487,60.0419148
1371,5,5,2,56.73,12400383,Московский,Пулковское шоссе,95к3,Звездная,299312167,Пулковское шоссе 95к3,30.3249756,59.7820499
1372,17,24,2,54.0,12400000,Калининский,Лабораторный проспект,20к3,Лесная,299316703,Лабораторный проспект 20к3,30.385399,59.984085
1373,7,12,2,63.7,12421500,Пушкинский,проспект Старорусский,9,,296280861,проспект Старорусский 9,30.357513802164405,59.8074899
1374,3,5,2,42.0,12450000,Фрунзенский,Лиговский проспект,257,Обводный канал,298983647,Лиговский проспект 257,30.344748289774195,59.90735465
1375,5,16,2,64.9,12400000,Невский, Латышских Стрелков,15к1,Проспект Большевиков,295011449,Латышских Стрелков 15к1,30.4599302,59.9299626
1376,8,10,2,55.5,12551491,Приморский,Парашютная ,79к1,Комендантский проспект,295329498,Парашютная 79к1,30.24186287206487,60.0419148
1377,7,13,2,52.71,12543888,Приморский,аллея Арцеуловская,9,Старая Деревня,299028859,аллея Арцеуловская 9,30.196216354600743,60.036259799999996
1378,1,11,2,50.94,12631612,Невский, Гудиловская,5к1,Рыбацкое,295426173,Гудиловская 5к1,30.53141285020367,59.828977699999996
1379,1,11,2,57.46,12546219,Невский, Гудиловская,6к1,Обухово,292207779,Гудиловская 6к1,30.53247648935025,59.82824855
1380,5,13,2,64.59,12684055,Приморский,Коломяжский проспект,4,Черная речка,297552925,Коломяжский проспект 4,30.305596104633878,59.99647395
1381,1,7,2,57.51,12676950,Приморский,шоссе Суздальское,18к3,Проспект Просвещения,298651116,шоссе Суздальское 18к3,30.279475876411816,60.0588629
1382,11,12,2,60.4,12786680,Московский,Московское шоссе,3к5,Звездная,294538565,Московское шоссе 3к5,30.3312062,59.8335256
1383,1,16,2,58.7,12756097,Невский,проспект Советский,43к2,Рыбацкое,295114189,проспект Советский 43к2,30.53843744582284,59.828671650000004
1384,1,7,2,59.66,12871440,Приморский,шоссе Суздальское,18к3,Проспект Просвещения,298651124,шоссе Суздальское 18к3,30.279475876411816,60.0588629
1385,1,7,2,58.72,12841470,Приморский,набережная Реки Каменки,3к3,Озерки,298728494,набережная Реки Каменки 3к3,30.2819109,60.0577206
1386,5,5,2,60.76,12886620,Колпинский,проезд Понтонный,6,Рыбацкое,298649346,проезд Понтонный 6,30.622320100000003,59.7593327
1387,1,5,2,62.51,12950227,Московский,Пулковское шоссе,95к3,Звездная,294338103,Пулковское шоссе 95к3,30.3249756,59.7820499
1388,5,18,2,54.45,12986325,Невский, Тельмана,37,Ломоносовская,299555740,Тельмана 37,80.27410090000001,50.422221500000006
1389,4,17,2,58.96,12934160,Невский,Октябрьская набережная,11Б,Пролетарская,297359528,Октябрьская набережная 11Б,30.4469472,59.8935011
1390,3,14,2,49.7,12900000,Приморский,Планерная ,91к2,Комендантский проспект,296995439,Планерная 91к2,37.3687,55.9195
1391,17,17,2,47.71,13053456,Василеостровский,Гавань,12,Горный институт,296662595,Гавань 12,59.321794049999994,57.234667
1392,1,11,2,63.32,13119018,Невский, Гудиловская,6к1,Обухово,286877774,Гудиловская 6к1,30.53247648935025,59.82824855
1393,4,9,2,54.0,13015617,Красносельский, Тамбасова,5,Проспект Ветеранов,298331320,Тамбасова 5,91.68953046810196,53.69713395
1394,10,12,2,52.63,13078888,Приморский,аллея Арцеуловская,7к2,Пионерская,293380292,аллея Арцеуловская 7к2,30.19470187152298,60.036122000000006
1395,10,10,2,50.4,13259278,Приморский,Парашютная ,79к1,Озерки,293828768,Парашютная 79к1,30.24186287206487,60.0419148
1396,9,16,2,53.59,13293803,Московский,Кубинская ,82к1,Ленинский проспект,274433562,Кубинская 82к1,39.5951176,60.5251412
1397,2,9,2,57.22,13271774,Красносельский, Тамбасова,5,Проспект Ветеранов,298331036,Тамбасова 5,91.68953046810196,53.69713395
1398,12,14,2,46.7,13203024,Фрунзенский,Волковское,5,Обводный канал,288385655,Волковское 5,37.747821776003704,55.93213205
1399,4,7,2,62.06,13275090,Приморский,набережная Реки Каменки,3к3,Озерки,298651768,набережная Реки Каменки 3к3,30.2819109,60.0577206
1400,5,5,2,62.33,13236130,Колпинский,шоссе Рубежное,12,Рыбацкое,298649280,шоссе Рубежное 12,30.62656118082336,59.754711
1401,4,7,2,61.37,13316050,Приморский,набережная Реки Каменки,3к3,Озерки,298651813,набережная Реки Каменки 3к3,30.2819109,60.0577206
1402,3,12,2,51.59,13385888,Приморский,аллея Арцеуловская,7к2,Пионерская,297252074,аллея Арцеуловская 7к2,30.19470187152298,60.036122000000006
1403,2,12,2,56.77,13333888,Приморский,аллея Арцеуловская,7к2,Пионерская,287076882,аллея Арцеуловская 7к2,30.19470187152298,60.036122000000006
1404,5,9,2,57.3,13300000,Выборгский,Костромской проспект,24,Удельная,299434460,Костромской проспект 24,30.317215453396855,60.01588905
1405,6,14,2,50.5,13525920,Фрунзенский,Волковское,5,Обводный канал,299174622,Волковское 5,37.747821776003704,55.93213205
1406,9,10,2,59.4,13433488,Приморский,Парашютная ,79к1,Комендантский проспект,295329500,Парашютная 79к1,30.24186287206487,60.0419148
1407,15,15,2,51.72,13498920,Василеостровский,Гавань,12,Горный институт,298050419,Гавань 12,59.321794049999994,57.234667
1408,4,12,2,44.0,13500000,Приморский, Плесецкая,6,Комендантский проспект,294999423,Плесецкая 6,40.21871310704713,61.68484245
1409,4,19,2,63.3,13500000,Василеостровский,бульвар Александра Грина,3,Приморская,298977124,бульвар Александра Грина 3,30.200995061222663,59.93617515
1410,13,14,2,49.5,13471920,Фрунзенский,Волковское,5,Обводный канал,299174623,Волковское 5,37.747821776003704,55.93213205
1411,3,9,2,56.43,13537233,Красносельский, Тамбасова,5,Проспект Ветеранов,295859104,Тамбасова 5,91.68953046810196,53.69713395
1412,5,5,2,68.4,13500000,Центральный,Невский проспект,146,Площадь Восстания,299550299,Невский проспект 146,30.372275933011053,59.92941845
1413,4,6,2,49.7,13500000,Петроградский,Зверинская ,17б,Спортивная,299206748,Зверинская 17б,30.29976102352164,59.95270655
1414,2,12,2,55.1,13637250,Красногвардейский,Партизанская ,5Б,Ладожская,299403252,Партизанская 5Б,135.45392159903076,48.476215350000004
1415,4,11,2,52.67,13689159,Невский, Гудиловская,5к1,Рыбацкое,295426186,Гудиловская 5к1,30.53141285020367,59.828977699999996
1416,1,11,2,56.93,13602225,Невский, Гудиловская,5к1,Рыбацкое,295426160,Гудиловская 5к1,30.53141285020367,59.828977699999996
1417,3,12,2,56.37,13582888,Приморский,аллея Арцеуловская,7к2,Пионерская,291398795,аллея Арцеуловская 7к2,30.19470187152298,60.036122000000006
1418,2,16,2,58.8,13699297,Московский,Кубинская ,82к1,Ленинский проспект,274433465,Кубинская 82к1,39.5951176,60.5251412
1419,4,8,2,60.12,13550000,Кировский,Двинская ,6,Нарвская,288684272,Двинская 6,41.158236337091495,64.35402595
1420,2,9,2,58.53,13575619,Красносельский, Тамбасова,5,Проспект Ветеранов,298331253,Тамбасова 5,91.68953046810196,53.69713395
1421,5,5,2,63.31,13598680,Колпинский,шоссе Рубежное,12,Рыбацкое,298649300,шоссе Рубежное 12,30.62656118082336,59.754711
1422,4,12,2,52.9,13754000,Красногвардейский,Партизанская ,5Б,Ладожская,299403411,Партизанская 5Б,135.45392159903076,48.476215350000004
1423,3,16,2,58.13,13735562,Московский,Кубинская ,82к1,Ленинский проспект,274433479,Кубинская 82к1,39.5951176,60.5251412
1424,15,17,2,57.54,13766213,Невский,Октябрьская набережная,11Б,Пролетарская,297359653,Октябрьская набережная 11Б,30.4469472,59.8935011
1425,4,26,2,63.75,13750000,Приморский,проспект Авиаконструкторов,67к1,Комендантский проспект,291977980,проспект Авиаконструкторов 67к1,30.201284557206442,60.037538749999996
1426,2,17,2,63.94,13881991,Невский,Октябрьская набережная,11Б,Пролетарская,297359514,Октябрьская набережная 11Б,30.4469472,59.8935011
1427,2,24,2,54.77,13859494,Невский, Славянская,8,Рыбацкое,291969165,Славянская 8,92.473935615507,58.23735525
1428,7,13,2,58.94,13920888,Приморский,аллея Арцеуловская,9,Старая Деревня,299028853,аллея Арцеуловская 9,30.196216354600743,60.036259799999996
1429,13,19,2,67.9,13800000,Приморский,проспект Королева,65,Комендантский проспект,297759062,проспект Королева 65,30.2418798,60.0333579
1430,7,16,2,65.0,13900000,Приморский,проспект Сизова,22,,299052802,проспект Сизова 22,30.273627151295337,60.01032015
1431,1,7,2,64.57,13804840,Приморский,набережная Реки Каменки,3к3,Озерки,298651749,набережная Реки Каменки 3к3,30.2819109,60.0577206
1432,1,3,2,68.0,13962371,Петродворцовый,Красносельское шоссе,22,Ленинский проспект,285685218,Красносельское шоссе 22,30.073854247506883,59.82415265
1433,2,10,2,35.0,14000000,Центральный,Херсонский проезд,6,Площадь Александра Невского,296920330,Херсонский проезд 6,87.34593906500979,53.78735065
1434,15,15,2,56.35,14081865,Василеостровский,Гавань,12,Горный институт,297578745,Гавань 12,59.321794049999994,57.234667
1435,9,13,2,49.8,13988620,Фрунзенский,Волковское,3,Обводный канал,292960599,Волковское 3,37.748983793671826,55.932123000000004
1436,10,15,2,73.0,13950000,Фрунзенский,Софийская ,48к4,Ломоносовская,296073719,Софийская 48к4,30.41643186639498,59.869609049999994
1437,3,9,2,57.95,14035480,Красносельский, Тамбасова,5,Проспект Ветеранов,295859161,Тамбасова 5,91.68953046810196,53.69713395
1438,15,18,2,51.03,13990000,Фрунзенский, Салова,61,Бухарестская,291058944,Салова 61,30.3690298,59.8850676
1439,2,12,2,59.2,14237600,Красногвардейский,Партизанская ,5Б,Ладожская,299403258,Партизанская 5Б,135.45392159903076,48.476215350000004
1440,2,4,2,80.0,14150000,Петроградский,Стрельнинская ,12,Чкаловская,297940795,Стрельнинская 12,30.298185178519958,59.95997745
1441,3,11,2,59.28,14190565,Невский, Гудиловская,6к1,Обухово,292014917,Гудиловская 6к1,30.53247648935025,59.82824855
1442,15,17,2,54.57,14174542,Невский,Октябрьская набережная,11Б,Пролетарская,297359487,Октябрьская набережная 11Б,30.4469472,59.8935011
1443,1,5,2,79.7,14171350,Колпинский,шоссе Рубежное,14,Рыбацкое,298649455,шоссе Рубежное 14,30.62783528082336,59.7536247
1444,7,13,2,70.93,14170466,Приморский,Коломяжский проспект,4,Черная речка,297552965,Коломяжский проспект 4,30.305596104633878,59.99647395
1445,2,12,2,59.5,14309750,Красногвардейский,Партизанская ,5Б,Ладожская,299403351,Партизанская 5Б,135.45392159903076,48.476215350000004
1446,4,11,2,59.0,14383305,Невский, Гудиловская,5к1,Рыбацкое,295426178,Гудиловская 5к1,30.53141285020367,59.828977699999996
1447,9,16,2,59.64,14293104,Московский,Кубинская ,82к1,Ленинский проспект,274433568,Кубинская 82к1,39.5951176,60.5251412
1448,4,5,2,79.28,14325600,Колпинский,шоссе Рубежное,14,Рыбацкое,298649541,шоссе Рубежное 14,30.62783528082336,59.7536247
1449,2,13,2,66.01,14522200,Невский, Тельмана,37,Ломоносовская,299555849,Тельмана 37,80.27410090000001,50.422221500000006
1450,10,17,2,61.39,14549430,Василеостровский,Гавань,12,Горный институт,294545603,Гавань 12,59.321794049999994,57.234667
1451,16,17,2,54.47,14480303,Невский,Октябрьская набережная,11Б,Пролетарская,297359504,Октябрьская набережная 11Б,30.4469472,59.8935011
1452,5,9,2,53.6,14525600,Выборгский,Светлановский проспект,45,Политехническая,299252982,Светлановский проспект 45,30.35119813750005,60.0114092
1453,4,14,2,56.0,14488320,Фрунзенский,Волковское,5,Обводный канал,295643034,Волковское 5,37.747821776003704,55.93213205
1454,8,14,2,53.2,14459494,Фрунзенский,Волковское,1,Обводный канал,293227156,Волковское 1,37.74837375434552,55.930746
1455,2,12,2,55.2,14466816,Фрунзенский,Волковское,5,Обводный канал,290849907,Волковское 5,37.747821776003704,55.93213205
1456,2,10,2,36.2,14480000,Центральный,Херсонский проезд,6,Площадь Александра Невского,296920339,Херсонский проезд 6,87.34593906500979,53.78735065
1457,2,13,2,55.6,14636422,Фрунзенский,Волковское,1,Обводный канал,289171928,Волковское 1,37.74837375434552,55.930746
1458,3,12,2,58.1,14699300,Красногвардейский,Партизанская ,5Б,Ладожская,299403357,Партизанская 5Б,135.45392159903076,48.476215350000004
1459,5,14,2,51.6,14558940,Фрунзенский,Волковское,1,Обводный канал,294724095,Волковское 1,37.74837375434552,55.930746
1460,17,17,2,56.76,14610024,Василеостровский,Гавань,12,Горный институт,296662607,Гавань 12,59.321794049999994,57.234667
1461,15,17,2,64.3,14602530,Василеостровский,Гавань,12,Горный институт,298050398,Гавань 12,59.321794049999994,57.234667
1462,5,9,2,59.3,14587800,Выборгский,Светлановский проспект,45,Политехническая,299252981,Светлановский проспект 45,30.35119813750005,60.0114092
1463,1,9,2,54.5,14578750,Выборгский,Светлановский проспект,45,Политехническая,299252935,Светлановский проспект 45,30.35119813750005,60.0114092
1464,2,10,2,36.5,14600000,Центральный,Херсонский проезд,6,Площадь Александра Невского,296920319,Херсонский проезд 6,87.34593906500979,53.78735065
1465,1,7,2,59.65,14662320,Приморский,набережная Реки Каменки,3к3,Озерки,298651791,набережная Реки Каменки 3к3,30.2819109,60.0577206
1466,15,15,2,58.24,14705600,Василеостровский,Гавань,12,Горный институт,296662629,Гавань 12,59.321794049999994,57.234667
1467,2,18,2,67.18,14779600,Невский, Тельмана,37,Ломоносовская,299555944,Тельмана 37,80.27410090000001,50.422221500000006
1468,2,11,2,61.4,14793368,Невский,Октябрьская набережная,86К2,Пролетарская,293297284,Октябрьская набережная 86К2,30.4690683,59.8722408
1469,22,25,2,73.0,14700000,Выборгский, Есенина,1к1,Озерки,298773326,Есенина 1к1,30.3303405,60.0282886
1470,9,11,2,56.7,14745628,Фрунзенский,Волковское,3,Обводный канал,298768040,Волковское 3,37.748983793671826,55.932123000000004
1471,2,9,2,64.68,14786725,Красносельский, Тамбасова,5,Проспект Ветеранов,295858811,Тамбасова 5,91.68953046810196,53.69713395
1472,2,17,2,67.29,14938380,Василеостровский,Гавань,12,Горный институт,294545577,Гавань 12,59.321794049999994,57.234667
1473,9,10,2,33.1,14910491,Центральный,Херсонский проезд,6,Площадь Александра Невского,299338092,Херсонский проезд 6,87.34593906500979,53.78735065
1474,5,18,2,70.5,14805000,Василеостровский,бульвар Головнина,3к1,Горный институт,294573207,бульвар Головнина 3к1,30.20716529397076,59.932884900000005
1475,11,18,2,61.0,14945000,Василеостровский,бульвар Головнина,3к1,Горный институт,294573103,бульвар Головнина 3к1,30.20716529397076,59.932884900000005
1476,4,9,2,61.6,14845600,Выборгский,Светлановский проспект,45,Политехническая,299252967,Светлановский проспект 45,30.35119813750005,60.0114092
1477,4,14,2,59.8,14901263,Фрунзенский,Волковское,1,Обводный канал,299174537,Волковское 1,37.74837375434552,55.930746
1478,1,7,2,63.12,14928870,Приморский,набережная Реки Каменки,3к3,Озерки,298651697,набережная Реки Каменки 3к3,30.2819109,60.0577206
1479,9,19,2,67.2,14800000,Василеостровский,бульвар Вилькицкий,7,Приморская,297757618,бульвар Вилькицкий 7,30.1964934,59.9375359
1480,3,14,2,57.4,14924000,Василеостровский,набережная Реки Смоленки,35к1,Приморская,298552754,набережная Реки Смоленки 35к1,30.25267755424528,59.9487955
1481,6,13,2,65.38,15004710,Невский, Тельмана,37,Ломоносовская,299555889,Тельмана 37,80.27410090000001,50.422221500000006
1482,4,16,2,64.46,15017970,Московский,Кубинская ,82к1,Ленинский проспект,274433490,Кубинская 82к1,39.5951176,60.5251412
1483,2,12,2,61.0,15090056,Московский,Черниговская ,17,Московские ворота,298657644,Черниговская 17,50.307503972209446,53.295697950000005
1484,1,12,2,68.1,15072285,Московский,Черниговская ,17,Московские ворота,298657841,Черниговская 17,50.307503972209446,53.295697950000005
1485,2,17,2,62.41,15010936,Невский,Октябрьская набережная,11Б,Пролетарская,297359345,Октябрьская набережная 11Б,30.4469472,59.8935011
1486,10,16,2,82.3,15000000,Калининский,Кондратьевский проспект,62к6,Выборгская,275616756,Кондратьевский проспект 62к6,30.38999750929335,59.98098555
1487,3,17,2,68.02,15032420,Василеостровский,Гавань,12,Горный институт,294545578,Гавань 12,59.321794049999994,57.234667
1488,1,11,2,48.0,15000000,Выборгский,проспект Энгельса,2,Пионерская,295659299,проспект Энгельса 2,30.327488986727563,60.0395802
1489,9,21,2,77.5,15098000,Красносельский,Ленинский проспект,82к1,Ленинский проспект,298847281,Ленинский проспект 82к1,30.1946523,59.8586584
1490,2,7,2,64.86,14950000,Приморский,шоссе Суздальское,18к3,Проспект Просвещения,298651130,шоссе Суздальское 18к3,30.279475876411816,60.0588629
1491,6,9,2,59.8,15069600,Выборгский,Светлановский проспект,45,Политехническая,299252996,Светлановский проспект 45,30.35119813750005,60.0114092
1492,4,16,2,53.06,15092439,Приморский,Коломяжский проспект,13к3,Пионерская,296705446,Коломяжский проспект 13к3,30.2946471,60.0121522
1493,2,5,2,64.3,14990000,Центральный,Поварской переулок,12,Маяковская,286808822,Поварской переулок 12,30.3523655,59.929241
1494,12,13,2,53.6,15056025,Фрунзенский,Волковское,3,Обводный канал,299174616,Волковское 3,37.748983793671826,55.932123000000004
1495,13,13,2,53.7,15000000,Невский,Варфоломеевская ,6,Ломоносовская,294929836,Варфоломеевская 6,30.41965948839928,59.879154
1496,18,24,2,63.4,14990000,Московский, Федора Котанова,13к1,Звездная,297031674,Федора Котанова 13к1,30.347946347610687,59.82344205
1497,2,13,2,70.38,15225888,Приморский,аллея Арцеуловская,9,Старая Деревня,299604003,аллея Арцеуловская 9,30.196216354600743,60.036259799999996
1498,9,18,2,72.4,15204000,Василеостровский,бульвар Головнина,3к1,Горный институт,297667971,бульвар Головнина 3к1,30.20716529397076,59.932884900000005
1499,5,9,2,48.8,15190000,Центральный,Кременчугская ,9К1,Площадь Александра Невского,296086772,Кременчугская 9К1,30.3717645,59.9234107
1500,5,18,2,72.5,15225000,Василеостровский,бульвар Головнина,3к1,Горный институт,294573271,бульвар Головнина 3к1,30.20716529397076,59.932884900000005
1501,2,18,2,74.2,15211000,Василеостровский,бульвар Головнина,3к1,Горный институт,294573165,бульвар Головнина 3к1,30.20716529397076,59.932884900000005
1502,7,17,2,56.51,15197993,Невский,Октябрьская набережная,11Б,Пролетарская,297359387,Октябрьская набережная 11Б,30.4469472,59.8935011
1503,2,16,2,72.1,15200000,Московский, Среднерогатская,16к5,,297562583,Среднерогатская 16к5,30.343987446593033,59.8248734
1504,8,11,2,53.4,15151947,Невский,Октябрьская набережная,86К2,Пролетарская,294042865,Октябрьская набережная 86К2,30.4690683,59.8722408
1505,6,13,2,71.87,15151633,Приморский,Коломяжский проспект,4,Черная речка,297552944,Коломяжский проспект 4,30.305596104633878,59.99647395
1506,3,9,2,64.17,15244661,Красносельский, Тамбасова,5,Проспект Ветеранов,295858821,Тамбасова 5,91.68953046810196,53.69713395
1507,1,12,2,72.6,15340809,Московский,Черниговская ,17,Московские ворота,299132637,Черниговская 17,50.307503972209446,53.295697950000005
1508,2,12,2,67.87,15270751,Приморский,проспект Авиаконструкторов,54,Комендантский проспект,295158777,проспект Авиаконструкторов 54,30.2049243,60.0329587
1509,7,23,2,53.9,15424621,Калининский,Полюстровский проспект,75,Лесная,299507388,Полюстровский проспект 75,30.366242481841205,59.98172635
1510,1,9,2,58.1,15396500,Выборгский,Светлановский проспект,45,Политехническая,299252985,Светлановский проспект 45,30.35119813750005,60.0114092
1511,6,9,2,55.7,15428900,Выборгский,Светлановский проспект,45,Политехническая,299252997,Светлановский проспект 45,30.35119813750005,60.0114092
1512,8,11,2,58.5,15354144,Фрунзенский,Волковское,3,Обводный канал,296296114,Волковское 3,37.748983793671826,55.932123000000004
1513,7,17,2,61.2,15257472,Приморский,переулок Ипподромный,1к2,Пионерская,297050487,переулок Ипподромный 1к2,30.3076737544702,60.0001943
1514,2,13,2,70.49,15507800,Невский, Тельмана,37,Ломоносовская,299555936,Тельмана 37,80.27410090000001,50.422221500000006
1515,4,7,2,75.24,15589420,Приморский,набережная Реки Каменки,3к3,Озерки,298651809,набережная Реки Каменки 3к3,30.2819109,60.0577206
1516,2,4,2,69.0,15500000,Центральный,Гороховая ,44,Сенная площадь,299477816,Гороховая 44,30.32452518980705,59.92703985
1517,2,13,2,61.85,15494000,Калининский, Академика Константинова,1к1,Академическая,294617970,Академика Константинова 1к1,30.1169694,59.5758075
1518,3,11,2,59.65,15569000,Калининский, Академика Константинова,1к1,Академическая,298534365,Академика Константинова 1к1,30.1169694,59.5758075
1519,2,12,2,57.18,15500000,Выборгский,Большой Сампсониевский проспект,70К2,Выборгская,265730391,Большой Сампсониевский проспект 70К2,30.333641505625877,59.980883000000006
1520,1,8,2,67.8,15541277,Московский,Черниговская ,13к2,Московские ворота,298657946,Черниговская 13к2,30.330460784129077,59.8957585
1521,2,25,2,64.41,15555643,Приморский,Коломяжский проспект,13к2,Пионерская,297024619,Коломяжский проспект 13к2,30.2946471,60.0121522
1522,6,7,2,66.77,15531600,Приморский,набережная Реки Каменки,3к3,Озерки,298651734,набережная Реки Каменки 3к3,30.2819109,60.0577206
1523,9,10,2,34.5,15477059,Центральный,Херсонский проезд,6,Площадь Александра Невского,299338081,Херсонский проезд 6,87.34593906500979,53.78735065
1524,1,9,2,57.0,15475500,Выборгский,Светлановский проспект,45,Политехническая,299252966,Светлановский проспект 45,30.35119813750005,60.0114092
1525,9,16,2,65.19,15571449,Приморский,Коломяжский проспект,13к3,Пионерская,297024265,Коломяжский проспект 13к3,30.2946471,60.0121522
1526,8,16,2,66.36,15569017,Приморский,Коломяжский проспект,13к3,Пионерская,288158016,Коломяжский проспект 13к3,30.2946471,60.0121522
1527,2,25,2,68.64,15519171,Приморский,Коломяжский проспект,13к2,Пионерская,297024583,Коломяжский проспект 13к2,30.2946471,60.0121522
1528,2,25,2,64.54,15573881,Приморский,Коломяжский проспект,13к2,Пионерская,297024552,Коломяжский проспект 13к2,30.2946471,60.0121522
1529,2,16,2,67.13,15604274,Приморский,Коломяжский проспект,13к3,Пионерская,297024179,Коломяжский проспект 13к3,30.2946471,60.0121522
1530,7,18,2,64.0,15680000,Василеостровский,бульвар Головнина,3к1,Горный институт,297709791,бульвар Головнина 3к1,30.20716529397076,59.932884900000005
1531,1,8,2,67.5,15741764,Московский,Черниговская ,11к1,Московские ворота,298657610,Черниговская 11к1,30.32696614320617,59.8953421
1532,11,25,2,67.65,15665062,Приморский,Коломяжский проспект,13к2,Пионерская,297024416,Коломяжский проспект 13к2,30.2946471,60.0121522
1533,8,25,2,60.11,15614000,Приморский,Коломяжский проспект,13к2,Пионерская,288159537,Коломяжский проспект 13к2,30.2946471,60.0121522
1534,2,12,2,53.8,15610608,Василеостровский,Гавань,1,Приморская,290849902,Гавань 1,30.18184861947747,59.871402700000004
1535,2,12,2,58.17,15600000,Выборгский, Александра Матросова,8к3,Выборгская,280852955,Александра Матросова 8к3,30.331578535187674,59.97968735
1536,7,22,2,46.0,15600000,Приморский, Оптиков,34К1,Старая Деревня,295988037,Оптиков 34К1,30.2173028,59.9993166
1537,2,12,2,61.08,15860000,Выборгский,Большой Сампсониевский проспект,70К2,Выборгская,265730202,Большой Сампсониевский проспект 70К2,30.333641505625877,59.980883000000006
1538,1,12,2,66.6,15757027,Василеостровский,Гавань,1,Приморская,279628300,Гавань 1,30.18184861947747,59.871402700000004
1539,8,12,2,56.16,15800000,Выборгский, Александра Матросова,8к3,Выборгская,296636129,Александра Матросова 8к3,30.331578535187674,59.97968735
1540,1,4,2,69.55,15857400,Выборгский, Береговая,8,Проспект Просвещения,281600996,Береговая 8,92.8467561,53.8464699
1541,11,14,2,65.5,15795456,Фрунзенский,Волковское,5,Обводный канал,295643028,Волковское 5,37.747821776003704,55.93213205
1542,2,7,2,67.64,15768000,Приморский,набережная Реки Каменки,3к3,Озерки,298651730,набережная Реки Каменки 3к3,30.2819109,60.0577206
1543,8,10,2,55.0,16026636,Калининский,Нейшлотский переулок,19к2,,298658305,Нейшлотский переулок 19к2,30.3518458,59.9677392
1544,6,8,2,62.3,16000000,Московский,Черниговская ,11к1,Московские ворота,298657580,Черниговская 11к1,30.32696614320617,59.8953421
1545,8,18,2,53.7,16021362,Адмиралтейский,бульвар Измайловский,9,Фрунзенская,298655754,бульвар Измайловский 9,37.7867031,55.7977305
1546,23,25,2,60.57,15984807,Приморский,Коломяжский проспект,13к2,Пионерская,297024752,Коломяжский проспект 13к2,30.2946471,60.0121522
1547,2,25,2,67.48,15947118,Приморский,Коломяжский проспект,13к2,Пионерская,297024391,Коломяжский проспект 13к2,30.2946471,60.0121522
1548,4,12,2,54.8,15945000,Выборгский,Большой Сампсониевский проспект,70К2,Выборгская,265730347,Большой Сампсониевский проспект 70К2,30.333641505625877,59.980883000000006
1549,9,12,2,55.87,16000000,Выборгский,Большой Сампсониевский проспект,70к3,Выборгская,265732761,Большой Сампсониевский проспект 70к3,30.330634895111956,59.98050535
1550,2,12,2,60.5,15930000,Выборгский,Большой Сампсониевский проспект,70к3,Выборгская,291414212,Большой Сампсониевский проспект 70к3,30.330634895111956,59.98050535
1551,11,25,2,78.4,15990000,Выборгский,проспект Луначарского,15к1,Озерки,292632843,проспект Луначарского 15к1,30.3332286,60.0419626
1552,9,25,2,61.9,15950000,Приморский,проспект Сизова,25,Комендантский проспект,299018574,проспект Сизова 25,30.2803211,60.0163001
1553,2,18,2,66.7,16185939,Адмиралтейский,бульвар Измайловский,9,Фрунзенская,298655758,бульвар Измайловский 9,37.7867031,55.7977305
1554,3,11,2,62.72,16057000,Калининский, Академика Константинова,1к1,Академическая,298534367,Академика Константинова 1к1,30.1169694,59.5758075
1555,17,26,2,54.5,15900000,Выборгский, Орбели,17,Площадь Мужества,298984095,Орбели 17,44.48904271360668,40.801649049999995
1556,23,25,2,62.77,15950000,Приморский,Коломяжский проспект,13,Пионерская,286016480,Коломяжский проспект 13,30.30213416017964,59.9981279
1557,3,25,2,64.41,15999396,Приморский,Коломяжский проспект,13к2,Пионерская,297024621,Коломяжский проспект 13к2,30.2946471,60.0121522
1558,3,8,3,96.0,54000000,Центральный,Парадная ,3к2,Чернышевская,293686843,Парадная 3к2,30.36608156312665,59.940674349999995
1559,2,7,3,107.2,80000000,Центральный,Большая Морская ,4,Адмиралтейская,294201834,Большая Морская 4,30.317923,59.9373753
1560,6,9,3,142.6,39000000,Петроградский, Малая Зеленина,8,Чкаловская,299446065,Малая Зеленина 8,30.279711833952682,59.96349705
1561,6,6,3,153.6,43900000,Петроградский,Съезжинская ,24,Спортивная,288722870,Съезжинская 24,30.30087382351554,59.95431245
1562,6,9,3,95.0,34500000,Петроградский,Большая Посадская ,12,Горьковская,297340742,Большая Посадская 12,49.799227,58.651079949999996
1563,3,4,3,93.2,19880000,Приморский,Парашютная ,15,Комендантский проспект,296073186,Парашютная 15,50.18361505472076,53.22150055
1564,7,14,3,91.14,21919999,Красногвардейский,проспект Энергетиков,2,,291004590,проспект Энергетиков 2,30.435320207456087,59.96158675
1565,1,6,3,201.8,58320000,Петроградский,набережная Мартынова,74Д,Крестовский остров,289478924,набережная Мартынова 74Д,30.2511569,59.9755889
1566,2,11,3,91.75,29635250,Красногвардейский, Стахановцев,1,Новочеркасская,299636437,Стахановцев 1,63.7149417,58.0274811
1567,15,23,3,157.0,54431900,Выборгский,аллея Академика Лихачева,7,Площадь Мужества,299540715,аллея Академика Лихачева 7,30.346896091843032,60.00261465
1568,3,10,3,150.0,105000000,Петроградский,Вязовая ,8,Крестовский остров,298017709,Вязовая 8,60.16894621086142,56.6723553
1569,6,9,3,62.8,19729999,Адмиралтейский, Шкапина,43-45,Балтийская,299481506,Шкапина 43-45,30.2959521,59.9087317
1570,2,9,3,73.04,15585144,Красносельский, Тамбасова,5,Проспект Ветеранов,295858534,Тамбасова 5,91.68953046810196,53.69713395
1571,3,11,3,64.0,19520000,Приморский,Фермское шоссе,12Б,Удельная,297078434,Фермское шоссе 12Б,30.3121204,60.0172791
1572,24,25,3,108.5,22900000,Калининский,Светлановский проспект,121к1,Гражданский проспект,290341286,Светлановский проспект 121к1,30.405512478277306,60.0461047
1573,3,5,3,132.0,34000000,Выборгский,Калязинская ,7,Удельная,298048424,Калязинская 7,37.52217563518818,56.730361349999995
1574,5,24,3,54.9,9195750,Приморский, Ивинская,19к1,Комендантский проспект,297361049,Ивинская 19к1,30.12787427216709,60.03260765
1575,3,3,3,125.0,160000000,Петроградский,2-я Березовая аллея,13-15,Крестовский остров,299243392,2-я Березовая аллея 13-15,30.287983424731763,59.981041250000004
1576,2,8,3,92.32,37081235,Петроградский,Пионерская ,53,Чкаловская,298529950,Пионерская 53,127.99603210000001,49.614011149999996
1577,3,5,3,55.0,12900000,Приморский,Школьная ,70,Старая Деревня,297329095,Школьная 70,44.582646331169755,43.4831303
1578,2,7,3,129.6,61819200,Петроградский,Петровский проспект,28к2,Крестовский остров,298769234,Петровский проспект 28к2,30.2531546,59.9611345
1579,20,25,3,80.0,17700000,Приморский,проспект Королева,7,Пионерская,299095961,проспект Королева 7,30.290825441970703,60.01067845
1580,3,9,3,83.1,33500000,Петроградский,проспект Медиков,10к5,Петроградская,299243396,проспект Медиков 10к5,30.315193549999996,59.974638999999996
1581,5,5,3,92.5,21000000,Адмиралтейский,Троицкий проспект,10,Технологический институт,293749751,Троицкий проспект 10,40.5334684,64.5318701
1582,3,9,3,65.7,11999999,Невский, Подвойского,34к1,Улица Дыбенко,299055905,Подвойского 34к1,30.487452408966227,59.91629535
1583,6,6,3,140.0,79380000,Московский, Гастелло,7,Московская,296753484,Гастелло 7,47.31394767436609,56.10741075
1584,1,6,3,192.7,58800000,Петроградский,набережная Мартынова,74Д,,297327666,набережная Мартынова 74Д,30.2511569,59.9755889
1585,2,9,3,126.7,36900000,Петроградский,Петровский проспект,11к2,,286662063,Петровский проспект 11к2,30.259412625520834,59.9624914
1586,2,6,3,97.7,36067792,Центральный,Миргородская ,1,Площадь Александра Невского,299135837,Миргородская 1,55.918344228005026,58.0047043
1587,8,11,3,108.5,32500000,Центральный,Кременчугская ,17к3,Площадь Восстания,298695832,Кременчугская 17к3,30.3701481,59.9205468
1588,2,20,3,80.3,20679999,Василеостровский, Челюскина,8,,299064304,Челюскина 8,77.21582407614503,43.313531100000006
1589,3,5,3,138.0,150000000,Петроградский,набережная Мартынова,62И,,298277726,набережная Мартынова 62И,30.2511569,59.9755889
1590,2,23,3,62.57,11910212,Приморский, Ивинская,1к4,Зенит,297361443,Ивинская 1к4,30.1260104,60.0327736
1591,5,6,3,86.8,89000000,Петроградский,Спортивная ,2,Крестовский остров,298392017,Спортивная 2,30.2833282,59.9480129
1592,3,9,3,107.9,43299445,Петроградский,Лодейнопольская ,7,Чкаловская,299294160,Лодейнопольская 7,30.290884734005065,59.9644068
1593,6,21,3,77.6,21000000,Красногвардейский,проспект Энергетиков,9к3,Новочеркасская,299009879,проспект Энергетиков 9к3,30.43870143720715,59.93686445
1594,17,27,3,65.99,12729480,Выборгский,проезд Толубеевский,34к2,,297361409,проезд Толубеевский 34к2,30.3418015,60.066545
1595,5,9,3,103.95,38900000,Центральный,Миргородская ,20,Площадь Александра Невского,285457188,Миргородская 20,30.37362416837516,59.92523425
1596,2,7,3,101.4,34476000,Петроградский,набережная Реки Карповки,31к2,Петроградская,284740242,набережная Реки Карповки 31к2,30.3180725,59.9680798
1597,2,5,3,216.4,207531061,Петроградский,набережная Гребного канала,1,Крестовский остров,286484033,набережная Гребного канала 1,30.242982081234814,59.977279800000005
1598,9,9,3,108.04,64824000,Петроградский,Большая Разночинная ,21,Чкаловская,298467199,Большая Разночинная 21,30.2885656,59.9603341
1599,4,5,3,60.7,7300000,Невский,3-й Рабфаковский переулок,8,Обухово,279933895,3-й Рабфаковский переулок 8,30.467419227995038,59.85252
1600,3,9,3,87.73,28082373,Петроградский,Петроградская набережная,38,Горьковская,288420252,Петроградская набережная 38,30.333000922013227,59.9637442
1601,24,28,3,94.5,13000000,Выборгский,Заречная ,11к6,Парнас,299168449,Заречная 11к6,56.057446,57.864151
1602,6,12,3,98.1,28449000,Приморский,Белоостровская ,7,Лесная,291806237,Белоостровская 7,30.328233976336737,59.98569325
1603,16,18,3,102.9,21900000,Василеостровский,бульвар Александра Грина,2к2,Приморская,257443065,бульвар Александра Грина 2к2,30.206002297833763,59.93513085
1604,2,11,3,97.8,45000000,Красногвардейский,Пискаревский проспект,1,,298392016,Пискаревский проспект 1,30.4060576,59.9579605
1605,3,9,3,137.0,65000000,Петроградский,Кемская ,1,Крестовский остров,285457308,Кемская 1,34.45487324911504,61.7576624
1606,4,4,3,134.0,145000000,Петроградский,Чкаловское,5,Крестовский остров,299568113,Чкаловское 5,36.9345851,49.7154088
1607,5,5,3,79.4,20247000,Пушкинский, Камероновская,14к1,,299383441,Камероновская 14к1,30.40852511969875,59.696466099999995
1608,8,16,3,81.4,13850000,Красносельский,шоссе Красносельское,56к2,Проспект Ветеранов,292144791,шоссе Красносельское 56к2,30.1541583,59.7944909
1609,8,16,3,87.6,15000000,Красносельский, Доблести,28к1,Ленинский проспект,299610962,Доблести 28к1,30.1766002,59.850953
1610,2,8,3,122.9,38099000,Петроградский,Петровский проспект,26к2,Чкаловская,296753472,Петровский проспект 26к2,30.254776622413942,59.96051075
1611,7,10,3,72.9,9850000,Красносельский, Коммунаров,118к1,Проспект Ветеранов,270083815,Коммунаров 118к1,30.150435104583224,59.786164150000005
1612,3,11,3,128.5,24499000,Выборгский,Манчестерская ,4,Удельная,283214295,Манчестерская 4,30.3278412,60.0115214
1613,6,6,3,380.0,300000000,Центральный,Итальянская ,12а,Гостиный двор,299243363,Итальянская 12а,30.338697850000003,59.9364455
1614,2,11,3,75.95,23206522,Московский,Благодатная ,50,Электросила,267475645,Благодатная 50,39.64660201576087,47.22425225
1615,7,14,3,141.0,123500000,Петроградский,Песочная набережная,40,Чкаловская,299568150,Песочная набережная 40,30.28573272832862,59.96785255
1616,5,9,3,93.4,32540560,Петроградский,Петровский проспект,11к3,Спортивная,294545826,Петровский проспект 11к3,30.2623162584233,59.962701949999996
1617,5,10,3,67.3,14100000,Приморский,Приморский проспект,151,Беговая,299529021,Приморский проспект 151,30.19762930120978,59.98594645
1618,7,25,3,92.4,22500000,Калининский,проспект Просвещения,99,Гражданский проспект,292865568,проспект Просвещения 99,30.4301574,60.0315565
1619,4,7,3,133.8,134000000,Петроградский,Депутатская ,26,Крестовский остров,292289237,Депутатская 26,30.270108438204524,59.97448815
1620,4,10,3,159.1,59000000,Петроградский,Ждановская ,45,Крестовский остров,285555839,Ждановская 45,30.2683398,59.9626211
1621,2,10,3,86.26,22000699,Выборгский,Светлановский проспект,12к1,Удельная,299043804,Светлановский проспект 12к1,30.3687835,60.0194335
1622,3,10,3,150.0,96000000,Петроградский,Ждановская ,45,Крестовский остров,292149080,Ждановская 45,30.2683398,59.9626211
1623,4,9,3,99.5,27650353,Выборгский, Александра Матросова,1,Лесная,296753837,Александра Матросова 1,55.94695216625276,54.716917949999996
1624,3,3,3,94.0,20000000,Калининский,Герасимовская ,16,Лесная,299529961,Герасимовская 16,54.99689932515584,51.165030900000005
1625,4,10,3,94.12,34824400,Московский,Московский проспект,72к2,Фрунзенская,267475887,Московский проспект 72к2,30.3202041,59.906675
1626,9,17,3,107.3,17999999,Выборгский,Зеленогорская ,7,Пионерская,299461261,Зеленогорская 7,45.91249785,51.5849373
1627,6,12,3,82.84,20599823,Приморский,проспект Авиаконструкторов,54,Комендантский проспект,294460935,проспект Авиаконструкторов 54,30.2049243,60.0329587
1628,8,16,3,97.2,18700000,Калининский,Кондратьевский проспект,62к6,Лесная,285251748,Кондратьевский проспект 62к6,30.38999750929335,59.98098555
1629,2,14,3,69.4,17194544,Фрунзенский,Волковское,1,Обводный канал,295642921,Волковское 1,37.74837375434552,55.930746
1630,5,8,3,143.0,220000000,Петроградский,Вязовая ,8,Крестовский остров,299329502,Вязовая 8,60.16894621086142,56.6723553
1631,2,12,3,70.3,16932739,Фрунзенский,Волковское,5,Обводный канал,284566351,Волковское 5,37.747821776003704,55.93213205
1632,15,15,3,78.6,24000000,Невский,Союзный проспект,4,Проспект Большевиков,293953976,Союзный проспект 4,43.85584325630458,56.3591905
1633,2,5,3,85.37,19635100,Выборгский, Береговая,12,Проспект Просвещения,293991870,Береговая 12,77.0963269073217,43.89875825
1634,2,7,3,120.0,122800000,Центральный,набережная Воскресенская,32,Чернышевская,299568177,набережная Воскресенская 32,30.350467236282675,59.9497714
1635,2,4,3,106.32,19050417,Красносельский,проспект Буденного,15,Проспект Ветеранов,295827646,проспект Буденного 15,44.167328999999995,44.770835649999995
1636,4,15,3,87.6,17484960,Василеостровский,проспект Крузенштерна,2,Горный институт,294545441,проспект Крузенштерна 2,30.20421669916771,59.9307765
1637,14,17,3,90.1,14950000,Приморский,Планерная ,73к6,Комендантский проспект,298531162,Планерная 73к6,37.3687,55.9195
1638,11,12,3,84.7,24990000,Приморский,Фермское шоссе,12А,Удельная,297776015,Фермское шоссе 12А,30.3121204,60.0172791
1639,7,7,3,77.1,17500000,Московский,Кузнецовская ,44,Международная,293125782,Кузнецовская 44,30.3312255,59.8722131
1640,2,25,3,85.23,18133963,Приморский,Коломяжский проспект,13к2,Пионерская,297024339,Коломяжский проспект 13к2,30.2946471,60.0121522
1641,7,12,3,62.4,9500000,Красногвардейский, Коммуны,48Б,Улица Дыбенко,294559645,Коммуны 48Б,44.493671,56.106907
1642,18,19,3,78.7,18000000,Приморский, Оптиков,45к1,Комендантский проспект,295367406,Оптиков 45к1,30.2065442,60.0021837
1643,21,25,3,114.0,42000000,Приморский,Мебельная ,49/92,Беговая,298625915,Мебельная 49/92,30.193117849632554,59.99418435
1644,2,5,3,57.6,8800000,Невский, Ольги Берггольц,29К2,Елизаровская,297929237,Ольги Берггольц 29К2,30.410989429265125,59.8911514
1645,9,23,3,157.0,40000000,Московский, Ленсовета,87к3,Звездная,294775384,Ленсовета 87к3,30.34255664999999,59.8350179
1646,14,14,3,87.0,17200000,Красносельский,Ленинский проспект,72к1,Ленинский проспект,288870055,Ленинский проспект 72к1,30.181825,59.8627099
1647,5,12,3,92.28,22050306,Приморский, Плесецкая,2,Комендантский проспект,275720486,Плесецкая 2,30.206368410991637,60.02979465
1648,12,16,3,108.6,23900000,Невский, Шелгунова,9к1,Пролетарская,294371889,Шелгунова 9к1,30.45749495840336,59.867013549999996
1649,1,13,3,94.61,17866888,Приморский,аллея Арцеуловская,9,Пионерская,298845877,аллея Арцеуловская 9,30.196216354600743,60.036259799999996
1650,3,5,3,61.7,7500000,Красносельский, Юных пионеров,18к2,,299372591,Юных пионеров 18к2,30.07559675,59.7337158
1651,3,18,3,76.2,19491960,Невский,Октябрьская набережная,57к3,Елизаровская,294544562,Октябрьская набережная 57к3,30.4469472,59.8935011
1652,9,9,3,59.5,8150000,Кировский,проспект Маршала Жукова,34К1,Ленинский проспект,298465166,проспект Маршала Жукова 34К1,30.23014774657765,59.854105950000005
1653,3,5,3,71.1,8750000,Петродворцовый,Ботаническая ,20к1,Проспект Ветеранов,297892205,Ботаническая 20к1,29.85282224552964,59.87130875
1654,6,9,3,58.9,9095000,Фрунзенский,Купчинская ,10К2,Дунайская,296958539,Купчинская 10К2,30.388146752854365,59.8396636
1655,3,8,3,84.1,37004000,Петроградский,набережная Реки Карповки,27,Петроградская,280459396,набережная Реки Карповки 27,30.308582808874807,59.9702531
1656,1,6,3,78.9,15399000,Петроградский, Блохина,4,Спортивная,295246145,Блохина 4,47.976220100000006,46.40927105
1657,4,4,3,86.2,16600000,Петроградский,Мичуринская ,12,Горьковская,292167327,Мичуринская 12,28.38334314012431,57.8054089
1658,2,5,3,74.0,21900000,Петроградский,Большая Пушкарская ,38,Петроградская,294261417,Большая Пушкарская 38,30.305957,59.9603477
1659,2,12,3,77.4,17956800,Красногвардейский,Партизанская ,5Б,Ладожская,299403293,Партизанская 5Б,135.45392159903076,48.476215350000004
1660,8,14,3,109.2,26972440,Василеостровский,набережная Реки Смоленки,35к1,Приморская,291898483,набережная Реки Смоленки 35к1,30.25267755424528,59.9487955
1661,9,9,3,56.7,11350000,Московский,Новоизмайловский проспект,3,Электросила,295458726,Новоизмайловский проспект 3,30.30797900063539,59.869716600000004
1662,4,4,3,101.0,21000000,Адмиралтейский,Конногвардейский бульвар,6,Адмиралтейская,294249466,Конногвардейский бульвар 6,30.294291340890766,59.93164765
1663,5,10,3,60.0,11800000,Выборгский,Светлановский проспект,37,Площадь Мужества,298923070,Светлановский проспект 37,30.34642346650397,60.00953355
1664,4,6,3,83.3,15790000,Центральный,Конная ,5/3Б,Площадь Александра Невского,295230667,Конная 5/3Б,30.1130887,60.0123778
1665,5,7,3,79.54,16956000,Приморский,шоссе Суздальское,18к3,Проспект Просвещения,298651113,шоссе Суздальское 18к3,30.279475876411816,60.0588629
1666,4,17,3,69.4,14000000,Приморский,Туристская ,6К3,Беговая,284404150,Туристская 6К3,30.198016960437105,59.9868406
1667,3,16,3,87.8,18450028,Приморский,аллея Арцеуловская,15,Комендантский проспект,299582452,аллея Арцеуловская 15,30.2016135196031,60.0403582
1668,3,4,3,67.6,12099900,Центральный,Лиговский проспект,110Б,Лиговский проспект,297727619,Лиговский проспект 110Б,30.3613336,59.9314368
1669,2,5,3,85.5,15400559,Московский,Пулковское шоссе,73к8,Звездная,297694500,Пулковское шоссе 73к8,30.3249756,59.7820499
1670,8,15,3,83.3,19039848,Московский, Типанова,32к2,Московская,298301227,Типанова 32к2,30.359022886855094,59.852218300000004
1671,2,5,3,109.33,18900205,Московский,Пулковское шоссе,95к3,Звездная,298634647,Пулковское шоссе 95к3,30.3249756,59.7820499
1672,3,4,3,58.8,11500000,Адмиралтейский,Спасский переулок,7,Садовая,287542565,Спасский переулок 7,39.85002468117225,44.77262715
1673,4,5,3,60.07,10860420,Колпинский,проезд Понтонный,6,Рыбацкое,298649330,проезд Понтонный 6,30.622320100000003,59.7593327
1674,8,9,3,81.3,12000000,Василеостровский,Гаванская ,49К2,Приморская,297749818,Гаванская 49К2,30.23895004390244,59.9392634
1675,3,6,3,86.2,21500000,Петроградский, Ленина,12/36,Петроградская,298979138,Ленина 12/36,39.1489049,48.4351608
1676,1,2,3,73.3,9999000,Фрунзенский,Андреевская ,5,Волковская,297772585,Андреевская 5,29.7632551,59.9962013
1677,10,14,3,66.3,7600000,Красносельский,Нарвская ,2,Проспект Ветеранов,298456058,Нарвская 2,40.9120934,56.9868837
1678,3,5,3,60.0,8600000,Кировский,бульвар Новаторов,4,Ленинский проспект,298749417,бульвар Новаторов 4,30.27035735286585,59.8531045
1679,2,5,3,73.1,11000000,Невский,проспект Обуховской обороны,107,Елизаровская,299184020,проспект Обуховской обороны 107,30.436069719790897,59.894357400000004
1680,4,6,3,138.0,29000000,Адмиралтейский,набережная Канала Грибоедова,170,Садовая,296776308,набережная Канала Грибоедова 170,30.283510594485286,59.9185258
1681,4,6,3,95.3,27000000,Центральный,Конная ,8,Площадь Восстания,290251514,Конная 8,30.37475695941349,59.9292484
1682,11,14,3,78.79,23429999,Красногвардейский,проспект Энергетиков,2,,291004595,проспект Энергетиков 2,30.435320207456087,59.96158675
1683,1,4,3,71.1,10799000,Фрунзенский,Боровая ,42,Обводный канал,299028086,Боровая 42,30.345467193777527,59.91547695
1684,12,23,3,80.59,14842515,Приморский, Ивинская,5к2,Зенит,297361965,Ивинская 5к2,30.1260104,60.0327736
1685,3,8,3,119.0,55900000,Центральный,Орловская ,1,Чернышевская,292816692,Орловская 1,30.77538244503215,46.57212235
1686,2,7,3,82.0,26900000,Петроградский,Ропшинская ,24,Чкаловская,296314378,Ропшинская 24,30.2925358,59.9596604
1687,8,13,3,90.3,35217000,Петроградский,Барочная ,12,Чкаловская,296688689,Барочная 12,40.097467749463796,47.402923599999994
1688,10,14,3,113.03,29729999,Красногвардейский,проспект Энергетиков,2,,291004566,проспект Энергетиков 2,30.435320207456087,59.96158675
1689,16,22,3,93.7,17300000,Невский,проспект Советский,36к2,Рыбацкое,288824191,проспект Советский 36к2,33.020719607975145,68.8801124
1690,5,11,3,83.6,20124032,Невский,Октябрьская набережная,86К2,Пролетарская,293297395,Октябрьская набережная 86К2,30.4690683,59.8722408
1691,6,8,3,128.8,47702078,Петроградский,Петровский проспект,22к2,Крестовский остров,293496476,Петровский проспект 22к2,30.261877165769224,59.96039365
1692,7,9,3,70.0,11200000,Выборгский,проспект Культуры,22К1,Гражданский проспект,298324779,проспект Культуры 22К1,30.3739534,60.0463978
1693,1,9,3,60.2,7500000,Выборгский, Руднева,27К1,Проспект Просвещения,297583648,Руднева 27К1,30.37097934984329,60.051476550000004
1694,12,12,3,68.0,11000000,Приморский, Щербакова,9,Удельная,298163292,Щербакова 9,38.05390158336532,48.0645447
1695,1,4,3,71.1,12500000,Центральный,Суворовский проспект,33,Площадь Восстания,290409997,Суворовский проспект 33,30.29809780013389,59.379593850000006
1696,11,15,3,80.9,14000000,Фрунзенский,Софийская ,38к2,Проспект Славы,297956509,Софийская 38к2,30.410800083471017,59.8733426
1697,3,3,3,115.8,21900000,Выборгский, Береговая,25к3,Проспект Просвещения,299108749,Береговая 25к3,30.292871031200576,60.0615588
1698,4,9,3,78.17,21649999,Адмиралтейский, Шкапина,43-45,Балтийская,299481494,Шкапина 43-45,30.2959521,59.9087317
1699,2,17,3,72.0,23900000,Василеостровский, Челюскина,6,Приморская,296614879,Челюскина 6,77.21623475603342,43.313514049999995
1700,4,11,3,132.93,42816753,Красногвардейский, Стахановцев,1,Новочеркасская,299464092,Стахановцев 1,63.7149417,58.0274811
1701,4,12,3,69.0,16300000,Московский,1-й Предпортовый проезд,13,Московская,295800416,1-й Предпортовый проезд 13,30.30267,59.8431063
1702,13,25,3,72.3,20900000,Приморский,Фермское шоссе,32,Удельная,299022192,Фермское шоссе 32,30.3096147,60.0176099
1703,3,8,3,127.5,43135063,Петроградский,Петровский проспект,22к2,Крестовский остров,293496456,Петровский проспект 22к2,30.261877165769224,59.96039365
1704,3,4,3,116.3,36900000,Выборгский,Большая Озерная ,77,Проспект Просвещения,297774441,Большая Озерная 77,30.300204830835064,60.046008400000005
1705,3,9,3,87.46,23459999,Адмиралтейский, Шкапина,43-45,Балтийская,299481344,Шкапина 43-45,30.2959521,59.9087317
1706,5,6,3,60.5,15000000,Центральный,Ульяны Громовой переулок,8,Площадь Восстания,295694237,Ульяны Громовой переулок 8,30.36251403105613,59.93461265
1707,8,11,3,102.34,34171326,Красногвардейский, Стахановцев,1,Новочеркасская,299464030,Стахановцев 1,63.7149417,58.0274811
1708,1,9,3,69.1,9600000,Калининский, Демьяна Бедного,26к3,Гражданский проспект,298450511,Демьяна Бедного 26к3,63.4236279,55.9345938
1709,5,11,3,112.68,36981576,Красногвардейский, Стахановцев,1,Новочеркасская,299464042,Стахановцев 1,63.7149417,58.0274811
1710,6,8,3,83.0,20489000,Василеостровский, Челюскина,8,Приморская,294515927,Челюскина 8,77.21582407614503,43.313531100000006
1711,6,6,3,111.0,49000000,Петроградский,Кронверкский проспект,23,Горьковская,278624236,Кронверкский проспект 23,30.31815,59.956962
1712,3,3,3,82.4,34900000,Центральный,Миллионная ,19,Гостиный двор,296188335,Миллионная 19,33.099120400000004,57.160573549999995
1713,1,16,3,79.2,10800000,Невский,Караваевская ,22,Рыбацкое,294740369,Караваевская 22,49.086115376967065,55.872304650000004
1714,2,4,3,74.5,10800000,Адмиралтейский,Рижский проспект,46,Балтийская,266215444,Рижский проспект 46,28.3036609,57.8154099
1715,2,10,3,98.9,20763500,Фрунзенский,Днепропетровская ,65,Обводный канал,296917202,Днепропетровская 65,37.5115604,47.08363455
1716,1,7,3,90.3,9500000,Красносельский, Политрука Пасечника,8к2,Ленинский проспект,285283341,Политрука Пасечника 8к2,30.10810737648896,59.7789056
1717,3,9,3,60.8,8000000,Выборгский, Кустодиева,20К1,Проспект Просвещения,297200241,Кустодиева 20К1,30.362301909080806,60.049577549999995
1718,2,5,3,59.4,7790000,Красносельский,проспект Ветеранов,151К2,Ленинский проспект,298823524,проспект Ветеранов 151К2,30.13130347740132,59.8368856
1719,3,6,3,71.0,26500000,Василеостровский, Челюскина,4,Василеостровская,293824980,Челюскина 4,77.2167822404495,43.31356865
1720,7,9,3,77.57,17613135,Красносельский, Тамбасова,5,Проспект Ветеранов,298331172,Тамбасова 5,91.68953046810196,53.69713395
1721,5,6,3,75.0,12500000,Московский, Коли Томчака,11/17Б,Московские ворота,297470507,Коли Томчака 11/17Б,30.3248734,59.8884814
1722,6,9,3,82.89,23779999,Адмиралтейский, Шкапина,43-45,Балтийская,299481425,Шкапина 43-45,30.2959521,59.9087317
1723,7,7,3,65.7,18500000,Московский,Варшавская ,124,Московская,285860592,Варшавская 124,30.3156740200328,59.84348615
1724,2,11,3,84.5,18987464,Невский,Октябрьская набережная,86К2,Пролетарская,293297371,Октябрьская набережная 86К2,30.4690683,59.8722408
1725,2,4,3,120.6,39999000,Выборгский,Выборгское шоссе,112,Проспект Просвещения,299555049,Выборгское шоссе 112,30.30691671779855,60.055169899999996
1726,3,6,3,87.0,40700000,Петроградский, Яблочкова,22/3,Спортивная,295419883,Яблочкова 22/3,30.2970225,59.9512002
1727,4,9,3,81.81,18078811,Красносельский, Тамбасова,5,Проспект Ветеранов,298331407,Тамбасова 5,91.68953046810196,53.69713395
1728,3,10,3,71.3,26737500,Петроградский,Аптекарский проспект,18,Петроградская,298095776,Аптекарский проспект 18,30.318481538650065,59.9756442
1729,7,8,3,117.4,44210364,Петроградский,Петровский проспект,22к2,Крестовский остров,293496578,Петровский проспект 22к2,30.261877165769224,59.96039365
1730,7,8,3,105.0,35900000,Адмиралтейский,набережная Обводного Канала,106,Фрунзенская,294203928,набережная Обводного Канала 106,30.31464210105552,59.9073095
1731,10,23,3,173.0,55930900,Выборгский,аллея Академика Лихачева,7,Площадь Мужества,299451105,аллея Академика Лихачева 7,30.346896091843032,60.00261465
1732,4,9,3,77.6,9500000,Красносельский,Гатчинское шоссе,4к1,Проспект Ветеранов,299653556,Гатчинское шоссе 4к1,30.082036524453617,59.722071799999995
1733,19,24,3,56.5,9661500,Приморский, Ивинская,19к1,Комендантский проспект,297361100,Ивинская 19к1,30.12787427216709,60.03260765
1734,1,9,3,62.9,9200000,Фрунзенский,Загребский бульвар,31/5,Дунайская,294403206,Загребский бульвар 31/5,30.41015093323209,59.8344853
1735,6,6,3,83.6,21300000,Центральный, Маяковского,3,Маяковская,298830635,Маяковского 3,30.670125349999996,59.98243895
1736,5,5,3,88.3,21500000,Приморский,Сердобольская ,73/27,Черная речка,298255204,Сердобольская 73/27,30.313293947642396,59.9849614
1737,3,10,3,84.4,19327600,Фрунзенский,Днепропетровская ,65,Обводный канал,296917200,Днепропетровская 65,37.5115604,47.08363455
1738,4,9,3,91.0,36000000,Центральный,Боровая ,19А,Лиговский проспект,297857787,Боровая 19А,30.34617709916205,59.91950165
1739,2,14,3,75.67,21900000,Приморский,Студенческая ,14к2,Лесная,297149034,Студенческая 14к2,30.3251034,59.9915701
1740,6,8,3,77.3,39650335,Петроградский,набережная Реки Карповки,31к1,Чкаловская,297863468,набережная Реки Карповки 31к1,30.3180725,59.9680798
1741,3,7,3,74.4,15900000,Кировский,Турбинная ,35к1,,299249465,Турбинная 35к1,30.26692525708333,59.890140599999995
1742,8,15,3,85.0,34900000,Красногвардейский,Магнитогорская ,3к2,Новочеркасская,299414657,Магнитогорская 3к2,30.420108096148898,59.93535765
1743,5,5,3,68.0,13800000,Курортный, Токарева,1,Беговая,292550202,Токарева 1,86.24709926042533,54.600625199999996
1744,4,9,3,97.2,32056560,Петроградский,Петроградская набережная,38,Горьковская,258155932,Петроградская набережная 38,30.333000922013227,59.9637442
1745,6,15,3,78.4,19750000,Московский,Пулковское шоссе,32к2,Звездная,299071635,Пулковское шоссе 32к2,30.327940121671524,59.8245227
1746,6,7,3,118.2,63281510,Петроградский,набережная Реки Карповки,31к1,Чкаловская,297863505,набережная Реки Карповки 31к1,30.3180725,59.9680798
1747,3,5,3,57.2,10500000,Московский,Новоизмайловский проспект,36К1,Московская,297450758,Новоизмайловский проспект 36К1,30.3063591,59.8575353
1748,17,26,3,78.2,12521000,Пушкинский,проспект Новгородский,2к3,Звездная,297714752,проспект Новгородский 2к3,30.37221395516928,59.8117648
1749,10,10,3,63.9,29500000,Центральный,Социалистическая ,21,Звенигородская,291706025,Социалистическая 21,42.1419178,47.68147225
1750,2,10,3,86.4,26242049,Приморский,Белоостровская ,28,Черная речка,298657319,Белоостровская 28,30.310033001602342,59.9872559
1751,4,6,3,96.0,43900000,Петроградский,Каменноостровский проспект,73-75,Петроградская,285773471,Каменноостровский проспект 73-75,30.30395880124178,59.97532365
1752,1,19,3,104.2,18584593,Московский, Парфеновская,17,Московские ворота,298656973,Парфеновская 17,30.31249306459226,59.8934103
1753,2,4,3,140.5,48900000,Адмиралтейский,набережная Реки Мойки,100,Спасская,297226533,набережная Реки Мойки 100,30.2950029,59.9278481
1754,20,25,3,102.0,28500000,Приморский,проспект Королева,65,Комендантский проспект,299528663,проспект Королева 65,30.2418798,60.0333579
1755,4,12,3,106.87,29528181,Приморский,проспект Авиаконструкторов,54,Комендантский проспект,266866832,проспект Авиаконструкторов 54,30.2049243,60.0329587
1756,5,14,3,67.8,11700000,Выборгский, Композиторов,1К1,,297580009,Композиторов 1К1,30.320120064326858,60.04591265
1757,7,26,3,78.7,12592000,Пушкинский,проспект Новгородский,2к3,Звездная,293054960,проспект Новгородский 2к3,30.37221395516928,59.8117648
1758,14,15,3,61.1,12990000,Василеостровский,проспект Крузенштерна,2,,298226720,проспект Крузенштерна 2,30.20421669916771,59.9307765
1759,16,23,3,83.0,26990000,Невский,Октябрьская набережная,44,Ломоносовская,296775632,Октябрьская набережная 44,30.4478601,59.8935246
1760,11,28,3,77.5,12350000,Выборгский, Федора Абрамова,16к1,,297810397,Федора Абрамова 16к1,40.6087515,64.5286942
1761,8,10,3,109.9,31471546,Приморский,Белоостровская ,28,Черная речка,298657470,Белоостровская 28,30.310033001602342,59.9872559
1762,2,4,3,79.0,24490000,Приморский, Новая,51к7,Беговая,292144145,Новая 51к7,41.1716186,55.8743515
1763,6,19,3,91.63,20112959,Приморский,Коломяжский проспект,13,Пионерская,297025030,Коломяжский проспект 13,30.30213416017964,59.9981279
1764,3,6,3,80.9,23000000,Центральный, Марата,55,Лиговский проспект,299509405,Марата 55,30.44385610037415,54.520555200000004
1765,7,16,3,87.37,20206435,Приморский,Коломяжский проспект,13к3,Пионерская,297024154,Коломяжский проспект 13к3,30.2946471,60.0121522
1766,2,8,3,91.0,51900000,Центральный,Парадная ,3к2,Чернышевская,295910651,Парадная 3к2,30.36608156312665,59.940674349999995
1767,4,8,3,97.5,41600000,Петроградский,Петровский проспект,24к1,Крестовский остров,297795213,Петровский проспект 24к1,30.258733300000003,59.960905350000004
1768,4,9,3,67.5,9500000,Кировский,проспект Стачек,95К1,Автово,298274613,проспект Стачек 95К1,30.250149594950912,59.8605382
1769,10,19,3,106.1,22825738,Московский, Парфеновская,17,Московские ворота,298657051,Парфеновская 17,30.31249306459226,59.8934103
1770,5,10,3,90.4,21500000,Красносельский,проспект Героев,32,Ленинский проспект,294268308,проспект Героев 32,29.083823899493503,59.9050427
1771,2,12,3,98.04,24000000,Выборгский,Большой Сампсониевский проспект,70к3,Выборгская,265730831,Большой Сампсониевский проспект 70к3,30.330634895111956,59.98050535
1772,4,13,3,103.3,17500000,Красносельский,проспект Ветеранов,122,Проспект Ветеранов,296311042,проспект Ветеранов 122,30.176695,59.8322469
1773,6,12,3,101.22,27967086,Приморский,проспект Авиаконструкторов,54,Комендантский проспект,266867558,проспект Авиаконструкторов 54,30.2049243,60.0329587
1774,17,27,3,70.85,13728507,Выборгский,Заречная ,52к1,,297905237,Заречная 52к1,55.700733,57.550739
1775,8,9,3,65.0,7890000,Колпинский,бульвар Трудящихся,5,,296650965,бульвар Трудящихся 5,30.568138403222154,59.73982075
1776,4,20,3,86.4,22359999,Василеостровский, Челюскина,8,,279506984,Челюскина 8,77.21582407614503,43.313531100000006
1777,5,5,3,76.2,33500000,Центральный,Большая Морская ,7,Адмиралтейская,282553305,Большая Морская 7,30.31671668370508,59.9367953
1778,2,11,3,55.0,10500000,Калининский,проспект Просвещения,84К1,Гражданский проспект,298648287,проспект Просвещения 84К1,30.4137793,60.0370638
1779,11,13,3,82.6,12400000,Красногвардейский,проспект Косыгина,13,Улица Дыбенко,297960621,проспект Косыгина 13,30.473106935381743,59.94269545
1780,4,21,3,104.0,25500000,Красносельский,Петергофское шоссе,45,Проспект Ветеранов,299507378,Петергофское шоссе 45,30.1553315,59.8481056
1781,2,10,3,68.4,25650000,Петроградский,Аптекарский проспект,18,Петроградская,299191555,Аптекарский проспект 18,30.318481538650065,59.9756442
1782,13,21,3,125.0,45000000,Красногвардейский,Большеохтинский проспект,9,Новочеркасская,298093953,Большеохтинский проспект 9,30.410759592652184,59.948169
1783,4,8,3,112.8,37224000,Петроградский, Графтио,5,Петроградская,299187559,Графтио 5,83.30218815,49.679855
1784,9,12,3,84.36,21660000,Выборгский,Большой Сампсониевский проспект,70к3,Выборгская,265735769,Большой Сампсониевский проспект 70к3,30.330634895111956,59.98050535
1785,12,14,3,81.2,22500000,Московский, Типанова,36к1,Московская,297849291,Типанова 36к1,30.3594559,59.8527706
1786,5,25,3,82.0,18500000,Приморский,Шуваловский проспект,37к1,Комендантский проспект,294877709,Шуваловский проспект 37к1,30.246634,60.0320048
1787,1,5,3,58.4,7480000,Фрунзенский,Бухарестская ,27К2,Международная,298170973,Бухарестская 27К2,30.376691093851328,59.8721946
1788,1,4,3,325.2,164999999,Петроградский,Крестовский проспект,4,Крестовский остров,250578892,Крестовский проспект 4,30.274045162805642,59.96962465
1789,2,6,3,99.9,39900000,Петроградский,Петровский проспект,2с2,Спортивная,293911873,Петровский проспект 2с2,30.27870659310934,59.9532902
1790,4,10,3,60.0,10500000,Приморский,Парашютная ,12,Пионерская,296219349,Парашютная 12,50.18300601193404,53.2215654
1791,6,9,3,107.9,28900907,Выборгский, Александра Матросова,3,Лесная,296753859,Александра Матросова 3,30.747177996373562,46.46071245
1792,1,2,3,70.0,7980000,Красногвардейский,Беломорская ,40,Ладожская,270930303,Беломорская 40,30.51693729222403,59.97767615
1793,4,17,3,105.9,29900000,Василеостровский, Одоевского,28,Приморская,296738127,Одоевского 28,30.2405382057519,59.9474699
1794,5,7,3,116.0,30500000,Центральный, Марата,47-49,Владимирская,299336764,Марата 47-49,30.3507337,59.9243926
1795,10,12,3,121.0,39963000,Приморский,Белоостровская ,7,Лесная,295196327,Белоостровская 7,30.328233976336737,59.98569325
1796,11,15,3,64.0,10880000,Красносельский, Рихарда Зорге,10,Ленинский проспект,297372010,Рихарда Зорге 10,77.22212479356043,43.3067971
1797,10,11,3,110.5,34476000,Адмиралтейский,набережная Обводного Канала,108,Фрунзенская,298889879,набережная Обводного Канала 108,30.3138459,59.9075508
1798,2,20,3,86.6,22259999,Василеостровский, Челюскина,8,,279506981,Челюскина 8,77.21582407614503,43.313531100000006
1799,3,5,3,57.7,10100000,Колпинский,Понтонная ,7к2,Рыбацкое,299371542,Понтонная 7к2,30.62470807288345,59.75792515
1800,4,9,3,107.3,28750820,Выборгский, Александра Матросова,1,Лесная,296753830,Александра Матросова 1,30.7487098,46.460846149999995
1801,3,5,3,91.9,19800000,Центральный,Гончарная ,20,Площадь Восстания,292988832,Гончарная 20,30.3679142,59.9286493
1802,1,6,3,126.6,49900000,Курортный,дорога Таможенная,11к1с10,Беговая,298625611,дорога Таможенная 11к1с10,29.939962363141838,60.130129600000004
1803,4,4,3,114.0,65000000,Адмиралтейский,набережная Адмиралтейского Канала,5,Садовая,292014438,набережная Адмиралтейского Канала 5,30.290480516652682,59.931329950000006
1804,14,18,3,89.4,25021948,Адмиралтейский,бульвар Измайловский,11,Московские ворота,298656697,бульвар Измайловский 11,30.3046299,59.8989367
1805,7,7,3,161.0,49000000,Курортный,Приморское шоссе,424,Старая Деревня,286808882,Приморское шоссе 424,29.85864265317282,60.16358445
1806,6,8,3,114.5,52555500,Петроградский,Петровский проспект,26к2,Чкаловская,296753462,Петровский проспект 26к2,30.254776622413942,59.96051075
1807,8,22,3,100.0,45000000,Выборгский,Оренбургская ,2,Площадь Ленина,288719480,Оренбургская 2,76.97655971767097,43.2744452
1808,2,4,3,100.2,49700000,Центральный,Виленский переулок,9,Чернышевская,295989142,Виленский переулок 9,30.362711539521285,59.94002055
1809,8,12,3,115.3,35759106,Красногвардейский,проспект Шаумяна,14,Новочеркасская,298267779,проспект Шаумяна 14,30.416846665442602,59.9343962
1810,15,20,3,83.2,26200000,Василеостровский, Челюскина,8,Приморская,297444820,Челюскина 8,77.21582407614503,43.313531100000006
1811,3,8,3,77.46,35600000,Петроградский,набережная Реки Карповки,31к1,Петроградская,299639156,набережная Реки Карповки 31к1,30.2893783,59.9689199
1812,2,12,3,124.8,36965214,Красногвардейский,проспект Шаумяна,14,Новочеркасская,298267785,проспект Шаумяна 14,30.416846665442602,59.9343962
1813,4,9,3,105.0,39600000,Петроградский,Аптекарский проспект,5,Петроградская,275301522,Аптекарский проспект 5,30.3209142,59.9733978
1814,8,8,3,85.9,50251500,Петроградский,Петровский проспект,28к1,Крестовский остров,298589033,Петровский проспект 28к1,30.254376199844216,59.961605500000005
1815,2,5,3,55.9,8240000,Красногвардейский, Лазо,8К1,,296805248,Лазо 8К1,55.12453846707131,51.8281307
1816,6,26,3,165.8,25499000,Василеостровский, Нахимова,20,Приморская,297086441,Нахимова 20,38.227438592240645,49.05761845
1817,1,8,3,106.7,40332600,Петроградский,Петровский проспект,26к2,Чкаловская,296753455,Петровский проспект 26к2,30.254776622413942,59.96051075
1818,1,12,3,69.0,12150000,Приморский,Яхтенная ,9К2,Беговая,293250613,Яхтенная 9К2,30.21930967916365,59.989030799999995
1819,18,18,3,93.6,27032012,Адмиралтейский,бульвар Измайловский,9,Фрунзенская,299459366,бульвар Измайловский 9,37.7867031,55.7977305
1820,1,10,3,57.3,10900000,Фрунзенский, Турку,27,Проспект Славы,296714615,Турку 27,22.298750554138397,60.46364945
1821,5,13,3,90.3,45000000,Красногвардейский,Пискаревский проспект,1,Чернышевская,294176886,Пискаревский проспект 1,30.428490773189992,59.9892878
1822,5,11,3,109.24,28403000,Калининский, Академика Константинова,1к1,Академическая,298534336,Академика Константинова 1к1,30.1169694,59.5758075
1823,10,14,3,131.0,35000000,Василеостровский, Нахимова,11,Приморская,297175185,Нахимова 11,71.39880220408733,42.8850571
1824,17,17,3,91.9,48800000,Василеостровский, Челюскина,2,Приморская,299137104,Челюскина 2,77.21713419916435,43.313682650000004
1825,9,17,3,102.6,21000000,Фрунзенский, Димитрова,2,Купчино,297457745,Димитрова 2,20.4924136,54.727298
1826,11,12,3,105.6,33500000,Красногвардейский,проспект Шаумяна,14,Новочеркасская,292329018,проспект Шаумяна 14,30.416846665442602,59.9343962
1827,4,12,3,100.0,32000000,Выборгский,проспект Энгельса,2,Пионерская,285376981,проспект Энгельса 2,30.32670657313507,60.045468400000004
1828,6,9,3,79.8,29502219,Адмиралтейский,Измайловское,к 2.1,Балтийская,295870054,Измайловское к 2.1,30.308070824137843,59.90891895
1829,7,10,3,99.3,33300000,Невский,проспект Обуховской обороны,70к4,Елизаровская,292771139,проспект Обуховской обороны 70к4,30.430761,59.900343
1830,6,12,3,76.0,18924000,Красногвардейский,Партизанская ,5Б,Ладожская,299403334,Партизанская 5Б,135.45392159903076,48.476215350000004
1831,13,23,3,109.6,34000000,Приморский,Дибуновская ,50,Старая Деревня,298751124,Дибуновская 50,30.2604648,59.9849201
1832,3,18,3,95.3,20489500,Василеостровский,бульвар Головнина,3к1,Горный институт,294573126,бульвар Головнина 3к1,30.20716529397076,59.932884900000005
1833,6,8,3,107.0,45990000,Петроградский,Зверинская ,22,Спортивная,298744433,Зверинская 22,30.2992799,59.9531295
1834,1,5,3,102.2,17300160,Московский, Струве,12,Звездная,299582533,Струве 12,14.21432972499748,51.023425450000005
1835,9,12,3,80.0,9900000,Колпинский,Тверская ,60,Купчино,285283290,Тверская 60,44.82363590863309,48.737306399999994
1836,6,6,3,137.7,34000000,Центральный,Невский проспект,88,Маяковская,298527845,Невский проспект 88,30.3511919,59.9325341
1837,8,8,3,117.9,54575910,Петроградский,Петровский проспект,11к2,Крестовский остров,294546051,Петровский проспект 11к2,30.259412625520834,59.9624914
1838,1,16,3,79.4,9990000,Красногвардейский,проспект Косыгина,31К2,Улица Дыбенко,289176764,проспект Косыгина 31К2,30.497248853472122,59.944228550000005
1839,9,12,3,94.42,17800000,Выборгский,проспект Просвещения,14к4,Проспект Просвещения,296189684,проспект Просвещения 14к4,30.310863213320516,60.058743050000004
1840,4,5,3,54.8,6600000,Колпинский, Адмиралтейская,27,Купчино,295396042,Адмиралтейская 27,30.591160171793327,59.7417172
1841,3,5,3,58.3,6890000,Кировский,проспект Маршала Жукова,72К5,Проспект Ветеранов,298490572,проспект Маршала Жукова 72К5,30.19799590187428,59.8299112
1842,4,5,3,55.3,6800000,Пушкинский,Гуммолосаровская ,29,Звездная,299102369,Гуммолосаровская 29,30.4228861,59.6851525
1843,4,4,3,55.1,6900000,Пушкинский,Березовая ,19,Купчино,283488250,Березовая 19,77.05367312527576,52.306837900000005
1844,10,15,3,52.0,7090000,Выборгский, Кустодиева,4К2,Проспект Просвещения,298732166,Кустодиева 4К2,30.354806062439003,60.0431854
1845,6,12,3,52.3,7600000,Калининский, Ушинского,22/97,Гражданский проспект,297037467,Ушинского 22/97,77.9837621,45.265528
1846,1,9,3,60.12,8000000,Кировский,проспект Ветеранов,112,Проспект Ветеранов,298091678,проспект Ветеранов 112,30.200181531060604,59.831441
1847,6,9,3,57.3,8000000,Выборгский,проспект Художников,18К1,Проспект Просвещения,297584363,проспект Художников 18К1,30.34810589760572,60.0425075
1848,6,9,3,64.0,8200000,Красносельский,Петергофское шоссе,11/21,Ленинский проспект,296021112,Петергофское шоссе 11/21,30.193410171259046,59.847931450000004
1849,1,16,3,65.9,8300000,Красногвардейский,проспект Энтузиастов,47К4,Проспект Большевиков,290014553,проспект Энтузиастов 47К4,30.495884327261244,59.9496021
1850,3,9,3,60.1,8450000,Приморский,Серебристый бульвар,34К1,Комендантский проспект,299414118,Серебристый бульвар 34К1,30.283370387152317,60.01403285
1851,6,9,3,64.6,8700000,Кировский, Генерала Симоняка,17,Проспект Ветеранов,298479237,Генерала Симоняка 17,30.204016847373914,59.8284643
1852,2,9,3,58.3,8700000,Колпинский,Пролетарская ,48,Шушары,299024277,Пролетарская 48,68.35632094780706,51.815059500000004
1853,8,9,3,65.5,8650000,Калининский, Демьяна Бедного,30к1,Гражданский проспект,298021208,Демьяна Бедного 30к1,30.390684065324898,60.04828895
1854,1,9,3,66.7,8800000,Красносельский,проспект Кузнецова,20,Ленинский проспект,297049021,проспект Кузнецова 20,30.1874845,59.8567991
1855,8,9,3,61.7,8850000,Калининский, Вавиловых,7К3,Академическая,297535706,Вавиловых 7К3,30.393695733897857,60.017602749999995
1856,8,9,3,59.0,9000000,Невский, Евдокима Огнева,8К1,Улица Дыбенко,297537449,Евдокима Огнева 8К1,30.46845494121827,59.8971626
1857,4,9,3,63.0,9000000,Невский, Антонова-Овсеенко,9К1,Улица Дыбенко,297128617,Антонова-Овсеенко 9К1,30.462358255374177,59.9067017
1858,3,9,3,58.3,9100000,Фрунзенский, Белы Куна,23,Международная,297080484,Белы Куна 23,30.395864884474598,59.87672415
1859,1,24,3,50.9,9167090,Приморский, Ивинская,19к3,Комендантский проспект,297361201,Ивинская 19к3,30.13193927114612,60.033446999999995
1860,1,17,3,52.9,9241630,Приморский, Ивинская,15,Комендантский проспект,297361401,Ивинская 15,30.130779435529256,60.0317939
1861,1,24,3,56.7,9304470,Приморский, Ивинская,19к1,Комендантский проспект,297361023,Ивинская 19к1,30.12787427216709,60.03260765
1862,2,25,3,65.0,9425000,Красногвардейский,Полюстрово,69,,297023532,Полюстрово 69,30.406887,59.966259
1863,6,9,3,60.8,9400000,Невский, Подвойского,42,Улица Дыбенко,299114342,Подвойского 42,39.77387156153358,47.224228499999995
1864,3,5,3,54.6,9390000,Невский, Бабушкина,36,Ломоносовская,291381480,Бабушкина 36,39.13974865,44.6320144
1865,3,9,3,60.2,9480000,Приморский,Серебристый бульвар,6К1,Пионерская,293609520,Серебристый бульвар 6К1,30.282681633056967,59.99732255
1866,6,9,3,62.4,9500000,Фрунзенский,Будапештская ,101К1,Дунайская,299404106,Будапештская 101К1,30.407670712096266,59.8270445
1867,10,24,3,56.3,9599150,Приморский, Ивинская,19к1,Комендантский проспект,297407577,Ивинская 19к1,30.12787427216709,60.03260765
1868,1,24,3,51.0,9562500,Приморский, Ивинская,19к2,Комендантский проспект,297361178,Ивинская 19к2,30.129944076254827,60.033027000000004
1869,2,22,3,64.7,9672650,Красногвардейский, Пейзажная,6,Девяткино,299237079,Пейзажная 6,49.281411750000004,55.8276094
1870,2,9,3,61.6,9700000,Фрунзенский,Софийская ,55,Проспект Славы,299350318,Софийская 55,38.83786590721833,58.030902850000004
1871,1,17,3,52.3,9759180,Приморский, Ивинская,9,Комендантский проспект,297361126,Ивинская 9,30.132562320612973,60.03060175
1872,1,3,3,69.0,9899000,Фрунзенский,Витебская Сортировочная ,14,Волковская,298994127,Витебская Сортировочная 14,30.35074890866589,59.88844305
1873,7,22,3,63.9,9936450,Красногвардейский, Пейзажная,6,Девяткино,299237118,Пейзажная 6,49.281411750000004,55.8276094
1874,17,17,3,78.7,9900000,Выборгский,Юкковское шоссе,14к8,Проспект Просвещения,299168333,Юкковское шоссе 14к8,30.270415492978778,60.10713395
1875,1,24,3,55.7,9881180,Приморский, Ивинская,19к2,Комендантский проспект,297361176,Ивинская 19к2,30.129944076254827,60.033027000000004
1876,1,6,3,82.3,9876000,Курортный, Строителей,3к2,,292413397,Строителей 3к2,29.68056272511327,60.2077282
1877,6,25,3,65.64,10042920,Красногвардейский,Полюстрово,69,,297023686,Полюстрово 69,30.406887,59.966259
1878,3,6,3,83.0,9960000,Курортный, Строителей,3к2,,292413407,Строителей 3к2,29.68056272511327,60.2077282
1879,2,6,3,83.9,10068000,Курортный, Строителей,3к2,,292413405,Строителей 3к2,29.68056272511327,60.2077282
1880,20,21,3,58.88,10215680,Красногвардейский,Полюстрово,149/5,Гражданский проспект,294543946,Полюстрово 149/5,30.406887,59.966259
1881,1,24,3,53.9,10195185,Приморский, Ивинская,19к3,Комендантский проспект,297361228,Ивинская 19к3,30.13193927114612,60.033446999999995
1882,3,9,3,57.5,10250000,Фрунзенский,проспект Славы,4,Международная,299168568,проспект Славы 4,61.61040175161942,55.1158052
1883,2,25,3,63.28,10441200,Красногвардейский,Полюстрово,69,,297023726,Полюстрово 69,30.406887,59.966259
1884,9,12,3,63.0,10500000,Выборгский,проспект Энгельса,145К3,Проспект Просвещения,272335952,проспект Энгельса 145К3,30.33993817385575,60.05502585
1885,1,6,3,88.9,10668000,Курортный, Строителей,3к2,,292413320,Строителей 3к2,29.68056272511327,60.2077282
1886,2,23,3,53.46,10876316,Невский,Рыбацкое,5,Рыбацкое,299260915,Рыбацкое 5,142.5252448,46.6983225
1887,4,8,3,83.4,10800000,Красносельский,Красногородская ,5к1,Проспект Ветеранов,298612472,Красногородская 5к1,30.087399534468283,59.718417450000004
1888,3,6,3,90.5,10860000,Курортный, Строителей,3к2,,292413457,Строителей 3к2,29.68056272511327,60.2077282
1889,3,6,3,89.9,10788000,Курортный, Строителей,3к2,,292413330,Строителей 3к2,29.68056272511327,60.2077282
1890,8,25,3,63.93,10932030,Красногвардейский,Полюстрово,69,,297023913,Полюстрово 69,30.406887,59.966259
1891,1,6,3,68.4,11000000,Пушкинский,Ленинградская ,99,Шушары,299066716,Ленинградская 99,30.5460315,60.2244643
1892,1,6,3,91.9,11028000,Курортный, Строителей,3к2,,292413354,Строителей 3к2,29.68056272511327,60.2077282
1893,3,6,3,93.1,11172000,Курортный, Строителей,3к2,,292413357,Строителей 3к2,29.68056272511327,60.2077282
1894,10,12,3,77.2,11194000,Пушкинский,проспект Старорусский,9,,296280930,проспект Старорусский 9,30.35638559044976,59.80763035
1895,4,11,3,76.8,11136000,Пушкинский,проспект Старорусский,11,Звездная,285297786,проспект Старорусский 11,30.356542011182313,59.80602985
1896,2,6,3,94.1,11292000,Курортный, Строителей,3к2,,292413474,Строителей 3к2,29.68056272511327,60.2077282
1897,12,12,3,78.0,11310000,Пушкинский,проспект Старорусский,9,,296280954,проспект Старорусский 9,30.35638559044976,59.80763035
1898,3,5,3,79.0,11300000,Колпинский,проспект Ленина,19/3,Шушары,291690931,проспект Ленина 19/3,30.5841695,59.75061025
1899,23,23,3,54.32,11518713,Невский,Рыбацкое,5,Рыбацкое,299260885,Рыбацкое 5,142.5252448,46.6983225
1900,1,23,3,63.3,11564910,Приморский, Ивинская,1к4,Зенит,297885360,Ивинская 1к4,30.1260104,60.0327736
1901,3,9,3,57.0,11600000,Московский, Ленсовета,73К3,Звездная,297049015,Ленсовета 73К3,30.336244987069865,59.8374699
1902,1,23,3,55.8,11721546,Невский,Рыбацкое,4,Рыбацкое,293529827,Рыбацкое 4,142.5252448,46.6983225
1903,7,12,3,62.0,11750000,Кировский,Ленинский проспект,117К1,Ленинский проспект,299319992,Ленинский проспект 117К1,37.4905958,55.6516358
1904,9,12,3,81.1,11759500,Пушкинский,проспект Старорусский,9,,296280903,проспект Старорусский 9,30.35638559044976,59.80763035
1905,4,11,3,81.1,11759500,Пушкинский,проспект Старорусский,11,Звездная,285297787,проспект Старорусский 11,30.356542011182313,59.80602985
1906,2,4,3,64.0,11999000,Калининский,проспект Науки,44,Академическая,295777711,проспект Науки 44,30.4270035,60.0061306
1907,1,5,3,60.64,11966160,Колпинский,проезд Понтонный,6,Рыбацкое,298649361,проезд Понтонный 6,30.622320100000003,59.7593327
1908,4,5,3,67.6,11900000,Выборгский,Лесной проспект,59к4,Лесная,298704853,Лесной проспект 59к4,30.3420288,59.9846779
1909,21,23,3,49.59,12137460,Невский,Рыбацкое,4,Рыбацкое,297429040,Рыбацкое 4,142.5252448,46.6983225
1910,2,23,3,50.62,12004119,Невский,Рыбацкое,4,Рыбацкое,293529844,Рыбацкое 4,142.5252448,46.6983225
1911,6,23,3,53.43,12026833,Невский,Рыбацкое,4,Рыбацкое,296862481,Рыбацкое 4,142.5252448,46.6983225
1912,17,25,3,76.4,12000000,Выборгский, Валерия Гаврилина,5,Парнас,297884713,Валерия Гаврилина 5,30.3351883,60.0744085
1913,5,11,3,75.1,12046032,Пушкинский,проспект Старорусский,13к2,Звездная,294664504,проспект Старорусский 13к2,30.35577234379145,59.805106499999994
1914,17,23,3,54.46,12225760,Невский,Рыбацкое,4,Рыбацкое,296689388,Рыбацкое 4,142.5252448,46.6983225
1915,10,23,3,55.0,12200551,Невский,Рыбацкое,4,Рыбацкое,299389579,Рыбацкое 4,142.5252448,46.6983225
1916,11,16,3,65.8,12200000,Приморский,Богатырский проспект,35К2,Комендантский проспект,290550505,Богатырский проспект 35К2,30.2418827,60.0048719
1917,1,5,3,72.45,12167840,Колпинский,проезд Понтонный,6,Рыбацкое,298649322,проезд Понтонный 6,30.622320100000003,59.7593327
1918,9,10,3,71.1,12350000,Кировский, Лени Голикова,29к5,Проспект Ветеранов,295047380,Лени Голикова 29к5,30.2282533,59.84221165
1919,7,11,3,75.8,12364117,Пушкинский,проспект Старорусский,13к2,Звездная,294664510,проспект Старорусский 13к2,30.35577234379145,59.805106499999994
1920,14,26,3,78.7,12592000,Пушкинский,проспект Новгородский,2к3,Звездная,297714737,проспект Новгородский 2к3,30.37221395516928,59.8117648
1921,14,26,3,79.0,12500000,Выборгский, Михаила Дудина,25к2,Парнас,294120396,Михаила Дудина 25к2,30.3295208,60.0709993
1922,9,10,3,69.4,12500000,Приморский, Савушкина,145,Беговая,299528669,Савушкина 145,30.19650409698245,59.9903783
1923,9,27,3,66.93,12871875,Выборгский,проезд Толубеевский,34к2,,297361394,проезд Толубеевский 34к2,30.357682,60.0861805
1924,4,6,3,70.9,12900000,Петроградский, Мира,23Б,Горьковская,294454401,Мира 23Б,28.63087193041763,50.2787305
1925,3,6,3,108.1,12972000,Курортный, Строителей,3к2,,292413453,Строителей 3к2,29.68056272511327,60.2077282
1926,1,27,3,72.06,13086096,Выборгский,Заречная ,52к1,,297905082,Заречная 52к1,55.700733,57.550739
1927,13,23,3,51.88,13041067,Невский,Рыбацкое,4,Рыбацкое,297429039,Рыбацкое 4,142.5252448,46.6983225
1928,5,6,3,108.8,13056000,Курортный, Строителей,3к2,,292413463,Строителей 3к2,29.68056272511327,60.2077282
1929,1,5,3,77.0,13250352,Московский, Струве,12,Звездная,299582501,Струве 12,14.21432972499748,51.023425450000005
1930,13,15,3,75.0,13200000,Приморский,Богатырский проспект,29К1,Комендантский проспект,293251040,Богатырский проспект 29К1,30.24783465481031,60.0027432
1931,1,5,3,81.89,13181049,Колпинский,шоссе Рубежное,12,Рыбацкое,298649286,шоссе Рубежное 12,30.62656118082336,59.754711
1932,3,27,3,71.63,13285155,Выборгский,Заречная ,48к2,Парнас,297361447,Заречная 48к2,55.700733,57.550739
1933,2,27,3,71.47,13241893,Выборгский,Заречная ,48к2,Парнас,297361439,Заречная 48к2,55.700733,57.550739
1934,2,5,3,74.9,13248900,Колпинский,проезд Понтонный,6,Рыбацкое,298649327,проезд Понтонный 6,30.622320100000003,59.7593327
1935,1,14,3,69.9,13398000,Василеостровский,Морская набережная,17к1,Приморская,297922315,Морская набережная 17к1,30.1028961,59.860478
1936,9,10,3,60.3,13440359,Приморский,Парашютная ,79к1,Комендантский проспект,292425359,Парашютная 79к1,30.24186287206487,60.0419148
1937,18,27,3,70.64,13674948,Выборгский,Заречная ,52к1,,297905240,Заречная 52к1,55.700733,57.550739
1938,2,12,3,79.1,13550000,Приморский,Вербная ,20/2,Удельная,299064522,Вербная 20/2,30.3001482,60.0250548
1939,16,27,3,70.85,13780650,Выборгский,проезд Толубеевский,34к3,,297361230,проезд Толубеевский 34к3,30.357682,60.0861805
1940,16,17,3,70.77,13727380,Выборгский,проезд Толубеевский,34к1,,297361172,проезд Толубеевский 34к1,30.357682,60.0861805
1941,10,27,3,71.63,13887315,Выборгский,проезд Толубеевский,34к3,,297361211,проезд Толубеевский 34к3,30.357682,60.0861805
1942,5,5,3,82.8,13800000,Центральный,Боровая ,19Б,Лиговский проспект,296027889,Боровая 19Б,61.2715464,54.502153899999996
1943,1,5,3,85.67,13834651,Колпинский,шоссе Рубежное,12,Рыбацкое,298649319,шоссе Рубежное 12,30.62656118082336,59.754711
1944,12,27,3,71.63,13827099,Выборгский,проезд Толубеевский,32,Проспект Просвещения,297361096,проезд Толубеевский 32,30.357682,60.0861805
1945,2,16,3,76.0,13990000,Приморский,проспект Юнтоловский,43к1,Беговая,298727725,проспект Юнтоловский 43к1,30.137240976884662,60.0305892
1946,7,23,3,86.1,13990000,Красносельский,проспект Ветеранов,133к1,Проспект Ветеранов,299059423,проспект Ветеранов 133к1,30.155592,59.835495
1947,10,14,3,69.0,13990000,Фрунзенский,Будапештская ,87к2,Дунайская,292602980,Будапештская 87к2,30.398952399386605,59.8333786
1948,3,10,3,64.6,14100175,Приморский,Парашютная ,79к1,Озерки,292425363,Парашютная 79к1,30.24186287206487,60.0419148
1949,16,23,3,80.59,14184675,Приморский, Ивинская,1к2,Зенит,298977643,Ивинская 1к2,30.1260104,60.0327736
1950,3,16,3,63.98,14116203,Невский, Гудиловская,9,Рыбацкое,297298340,Гудиловская 9,30.5320953,59.8294995
1951,1,5,3,79.57,14114880,Колпинский,шоссе Рубежное,14,Рыбацкое,298649499,шоссе Рубежное 14,30.62783528082336,59.7536247
1952,19,27,3,101.6,14100000,Выборгский, Федора Абрамова,21к3,Парнас,298959238,Федора Абрамова 21к3,30.3488064,60.0797653
1953,1,25,3,75.9,14200000,Приморский,Яхтенная ,30к4,Комендантский проспект,299478663,Яхтенная 30к4,30.218142909349794,60.00265925
1954,5,10,3,64.3,14343761,Приморский,Парашютная ,79к1,Комендантский проспект,292425339,Парашютная 79к1,30.24186287206487,60.0419148
1955,4,6,3,70.3,14300000,Петроградский,Большая Монетная ,7,Горьковская,292824961,Большая Монетная 7,30.3138321,59.9604958
1956,9,10,3,63.2,14497797,Приморский,Парашютная ,79к1,Озерки,298402694,Парашютная 79к1,30.24186287206487,60.0419148
1957,4,5,3,78.84,14470680,Колпинский,шоссе Рубежное,14,Рыбацкое,298649507,шоссе Рубежное 14,30.62783528082336,59.7536247
1958,1,5,3,81.83,14550315,Московский,Пулковское шоссе,95к4,Звездная,292871148,Пулковское шоссе 95к4,30.3249394,59.7828449
1959,4,6,3,80.9,14550000,Пушкинский,Красносельское шоссе,48/60,Купчино,297902986,Красносельское шоссе 48/60,30.373476993266976,59.7039391
1960,5,7,3,88.7,14700000,Центральный,Невский проспект,147,Площадь Александра Невского,282974920,Невский проспект 147,30.3786209,59.9258148
1961,1,11,3,65.77,14739223,Невский, Гудиловская,5к1,Рыбацкое,295426182,Гудиловская 5к1,30.53141285020367,59.828977699999996
1962,5,23,3,80.38,14763600,Приморский, Ивинская,5к2,Зенит,297885280,Ивинская 5к2,30.1260104,60.0327736
1963,3,5,3,76.11,14854070,Колпинский,шоссе Рубежное,12,Рыбацкое,298649271,шоссе Рубежное 12,30.62656118082336,59.754711
1964,3,16,3,67.54,14845812,Невский, Гудиловская,9,Рыбацкое,299577861,Гудиловская 9,30.5320953,59.8294995
1965,21,23,3,80.59,14924745,Приморский, Ивинская,5к2,Зенит,297885356,Ивинская 5к2,30.1260104,60.0327736
1966,1,7,3,61.11,14873800,Приморский,шоссе Суздальское,18к3,Проспект Просвещения,298651103,шоссе Суздальское 18к3,30.2807336,60.0593315
1967,1,7,3,64.12,14822770,Приморский,шоссе Суздальское,18к3,Проспект Просвещения,298651096,шоссе Суздальское 18к3,30.2807336,60.0593315
1968,3,10,3,67.3,15000000,Калининский, Замшина,58,,295101157,Замшина 58,30.404120173953345,59.98011135
1969,1,11,3,68.69,15074127,Невский, Гудиловская,5к1,Рыбацкое,295426194,Гудиловская 5к1,30.53141285020367,59.828977699999996
1970,17,17,3,73.2,14990000,Невский, Белышева,5/6,Проспект Большевиков,298976631,Белышева 5/6,30.4557055,59.9098208
1971,5,5,3,78.0,14999000,Колпинский, Анисимова,5к7,,284435062,Анисимова 5к7,30.6057926,59.7325333
1972,5,5,3,83.51,14968200,Колпинский,шоссе Рубежное,12,Рыбацкое,298649282,шоссе Рубежное 12,30.62656118082336,59.754711
1973,9,10,3,66.6,15157862,Приморский,Парашютная ,79к1,Комендантский проспект,298402672,Парашютная 79к1,30.24186287206487,60.0419148
1974,5,5,3,73.47,15126804,Колпинский,шоссе Рубежное,12,Рыбацкое,298649308,шоссе Рубежное 12,30.62656118082336,59.754711
1975,13,17,3,78.8,15400000,Калининский,проспект Металлистов,117,Выборгская,289317245,проспект Металлистов 117,30.3874949,59.9753259
1976,5,5,3,75.13,15353840,Колпинский,шоссе Рубежное,12,Рыбацкое,298649273,шоссе Рубежное 12,30.62656118082336,59.754711
1977,9,10,3,67.5,15484198,Приморский,Парашютная ,79к1,Комендантский проспект,292425344,Парашютная 79к1,30.24186287206487,60.0419148
1978,1,5,3,87.3,15450223,Московский,Пулковское шоссе,99к6,Звездная,296054922,Пулковское шоссе 99к6,30.3249394,59.7828449
1979,2,8,3,80.0,15500000,Петроградский,Ординарная ,21,Петроградская,298854078,Ординарная 21,30.30501532569445,59.968364199999996
1980,1,5,3,87.95,15593340,Колпинский,шоссе Рубежное,14,Рыбацкое,298697653,шоссе Рубежное 14,30.62783528082336,59.7536247
1981,4,25,3,86.0,15500000,Кировский,проспект Маршала Жукова,48к1,Ленинский проспект,299060656,проспект Маршала Жукова 48к1,37.4656105,55.777626
1982,1,7,3,76.91,15455990,Приморский,шоссе Суздальское,18к3,Проспект Просвещения,298651119,шоссе Суздальское 18к3,30.2807336,60.0593315
1983,7,7,3,81.5,15500000,Адмиралтейский,набережная Канала Грибоедова,148-150,Балтийская,297215460,набережная Канала Грибоедова 148-150,30.288891116996368,59.9204445
1984,5,6,3,80.0,15700000,Петроградский, Блохина,4,Спортивная,299343353,Блохина 4,43.6580547,53.53117715
1985,5,5,3,86.53,15687840,Колпинский,шоссе Рубежное,12,Рыбацкое,298649316,шоссе Рубежное 12,30.62656118082336,59.754711
1986,5,5,3,84.06,15789760,Колпинский,шоссе Рубежное,14,Рыбацкое,298649470,шоссе Рубежное 14,30.62783528082336,59.7536247
1987,1,5,3,74.21,15757000,Колпинский,шоссе Рубежное,14,Рыбацкое,298649454,шоссе Рубежное 14,30.62783528082336,59.7536247
1988,4,4,3,90.0,16000000,Центральный,Невский проспект,103,Площадь Восстания,297071747,Невский проспект 103,30.3679623,59.9296448
1989,3,5,3,86.29,16032000,Колпинский,шоссе Рубежное,14,Рыбацкое,298923949,шоссе Рубежное 14,30.62783528082336,59.7536247
1990,2,5,3,86.92,16044000,Колпинский,шоссе Рубежное,14,Рыбацкое,298649456,шоссе Рубежное 14,30.62783528082336,59.7536247
1991,5,5,3,70.04,16224000,Колпинский,шоссе Рубежное,14,Рыбацкое,298649394,шоссе Рубежное 14,30.62783528082336,59.7536247
1992,26,26,3,71.1,16200000,Невский, Дыбенко,5к1,Улица Дыбенко,295239682,Дыбенко 5к1,30.4514225,59.8990112
1993,3,16,3,80.0,16200000,Фрунзенский,Софийская ,38к2,Международная,299531865,Софийская 38к2,30.410800083471017,59.8733426
1994,7,7,3,78.1,16500000,Невский, Седова,94,Ломоносовская,299164003,Седова 94,73.32185668188109,54.946545549999996
1995,5,5,3,92.3,16650504,Московский, Струве,12,Звездная,299582532,Струве 12,14.21432972499748,51.023425450000005
1996,4,5,3,83.43,16596120,Колпинский,шоссе Рубежное,14,Рыбацкое,298649528,шоссе Рубежное 14,30.62783528082336,59.7536247
1997,4,9,3,77.5,16792578,Красносельский, Тамбасова,5,Проспект Ветеранов,298331223,Тамбасова 5,91.68953046810196,53.69713395
1998,5,5,3,85.03,16762900,Колпинский,шоссе Рубежное,14,Рыбацкое,298649410,шоссе Рубежное 14,30.62783528082336,59.7536247
1999,1,15,3,78.1,17100112,Невский,Дальневосточный проспект,19к1,Проспект Большевиков,298292409,Дальневосточный проспект 19к1,30.44800072881743,59.9065969
2000,5,5,3,80.95,17159700,Колпинский,шоссе Рубежное,14,Рыбацкое,298649548,шоссе Рубежное 14,30.62783528082336,59.7536247
2001,3,4,3,126.0,17100000,Пушкинский,Набережная ,1,Купчино,275932867,Набережная 1,104.8373634,51.3945927
2002,1,4,3,96.82,17250274,Красносельский,проспект Буденного,13,Ленинский проспект,295774774,проспект Буденного 13,37.720891217165416,55.77562865
2003,2,18,3,90.55,17204500,Невский, Тельмана,37,Ломоносовская,299556060,Тельмана 37,80.27410090000001,50.422221500000006
2004,1,4,3,95.17,17250752,Красносельский,проспект Буденного,15,Проспект Ветеранов,295827644,проспект Буденного 15,44.167328999999995,44.770835649999995
2005,16,26,3,68.5,17290000,Невский, Дыбенко,7к2,Улица Дыбенко,299552430,Дыбенко 7к2,30.456610154085723,59.899431
2006,4,5,3,99.4,17400715,Московский, Струве,8к3,Звездная,299582489,Струве 8к3,20.4653803,54.5287492
2007,4,5,3,97.0,17500000,Центральный, Жуковского,32,Площадь Восстания,299474046,Жуковского 32,47.27039265541641,60.62911605
2008,10,10,3,71.9,17643514,Приморский,Парашютная ,79к1,Комендантский проспект,292425360,Парашютная 79к1,30.24186287206487,60.0419148
2009,15,15,3,78.8,17643320,Василеостровский,проспект Крузенштерна,2,,294545436,проспект Крузенштерна 2,30.20421669916771,59.9307765
2010,2,14,3,83.4,17731674,Фрунзенский,Волковское,1,Обводный канал,290735404,Волковское 1,37.703800615062136,55.921193099999996
2011,12,12,3,69.2,17690841,Фрунзенский,Волковское,5,Обводный канал,287140616,Волковское 5,37.747821776003704,55.93213205
2012,13,14,3,99.8,17600000,Приморский,проспект Авиаконструкторов,42к3,,289712007,проспект Авиаконструкторов 42к3,30.21767122102474,60.0276688
2013,1,7,3,85.49,17718910,Приморский,шоссе Суздальское,18к3,Проспект Просвещения,298651134,шоссе Суздальское 18к3,30.2807336,60.0593315
2014,1,16,3,85.3,17550022,Московский, Федора Котанова,5к2,Звездная,292227245,Федора Котанова 5к2,30.341617982615034,59.8259877
2015,5,17,3,72.45,17822700,Василеостровский,Гавань,12,Горный институт,294545394,Гавань 12,59.321794049999994,57.234667
2016,3,3,3,81.7,17763033,Петродворцовый,Красносельское шоссе,22,Ленинский проспект,285685066,Красносельское шоссе 22,30.07358835,59.84900105
2017,15,15,3,79.6,17822440,Василеостровский,проспект Крузенштерна,2,Горный институт,294545449,проспект Крузенштерна 2,30.20421669916771,59.9307765
2018,2,17,3,73.02,17846088,Василеостровский,Гавань,12,Горный институт,294545364,Гавань 12,59.321794049999994,57.234667
2019,12,23,3,68.9,17894035,Калининский,Полюстровский проспект,75,Лесная,299507393,Полюстровский проспект 75,30.366242481841205,59.98172635
2020,9,18,3,88.19,17858475,Невский, Тельмана,37,Ломоносовская,299556053,Тельмана 37,80.27410090000001,50.422221500000006
2021,9,14,3,74.4,17820288,Фрунзенский,Волковское,5,Обводный канал,295643026,Волковское 5,37.747821776003704,55.93213205
2022,4,10,3,82.6,17800000,Калининский,проспект Науки,79к3,Академическая,298093233,проспект Науки 79к3,30.431939756114417,60.00239605
2023,3,3,3,79.4,18050908,Петродворцовый,Красносельское шоссе,22,Ленинский проспект,285685196,Красносельское шоссе 22,30.07358835,59.84900105
2024,9,18,3,89.29,18081225,Невский, Тельмана,37,Ломоносовская,299556050,Тельмана 37,80.27410090000001,50.422221500000006
2025,2,12,3,77.5,17980000,Красногвардейский,Партизанская ,5Б,Ладожская,299403319,Партизанская 5Б,135.45392159903076,48.476215350000004
2026,14,23,3,74.21,18090621,Невский,Рыбацкое,4,Рыбацкое,299389560,Рыбацкое 4,142.5252448,46.6983225
2027,21,26,3,80.1,17940000,Приморский,проспект Королева,7,Пионерская,295040057,проспект Королева 7,48.40741832170344,53.128100200000006
2028,14,15,3,87.3,17998000,Красносельский, Рихарда Зорге,4к2,Ленинский проспект,297079059,Рихарда Зорге 4к2,30.182278,59.8511658
2029,3,23,3,103.0,18000000,Выборгский,проспект Луначарского,76К2,,293835473,проспект Луначарского 76К2,30.3644336,60.03703
2030,4,5,3,87.9,18000000,Колпинский, Анисимова,5к7,Шушары,299136877,Анисимова 5к7,30.6057926,59.7325333
2031,2,11,3,74.5,18001584,Фрунзенский,Волковское,3,Обводный канал,278117225,Волковское 3,37.748983793671826,55.932123000000004
2032,2,14,3,77.2,18195654,Фрунзенский,Волковское,1,Обводный канал,288160196,Волковское 1,37.703800615062136,55.921193099999996
2033,16,24,3,77.93,18263441,Невский, Славянская,8,Рыбацкое,298813572,Славянская 8,82.70871249999999,55.03492435
2034,4,4,3,95.98,18250117,Красносельский,проспект Буденного,13,Ленинский проспект,295704542,проспект Буденного 13,37.720891217165416,55.77562865
2035,2,25,3,84.06,18224076,Приморский,Коломяжский проспект,13к2,Пионерская,297024582,Коломяжский проспект 13к2,30.2986208,60.0015533
2036,15,24,3,106.2,18263966,Приморский,проспект Королева,63к1,Комендантский проспект,299120871,проспект Королева 63к1,30.2432098,60.0326687
2037,2,13,3,76.3,18237226,Фрунзенский,Волковское,1,Обводный канал,291847028,Волковское 1,37.703800615062136,55.921193099999996
2038,10,10,3,72.5,18311221,Приморский,Парашютная ,79к1,Комендантский проспект,298402688,Парашютная 79к1,30.24186287206487,60.0419148
2039,5,17,3,75.18,18434136,Василеостровский,Гавань,12,Горный институт,294545369,Гавань 12,59.321794049999994,57.234667
2040,4,25,3,88.44,18380898,Приморский,Коломяжский проспект,13к2,Пионерская,297024482,Коломяжский проспект 13к2,30.2986208,60.0015533
2041,5,11,3,74.2,18434841,Фрунзенский,Волковское,3,Обводный канал,293875621,Волковское 3,37.748983793671826,55.932123000000004
2042,2,19,3,85.72,18452287,Приморский,Коломяжский проспект,13,Пионерская,298257064,Коломяжский проспект 13,30.303107024011773,60.0018695
2043,4,12,3,76.0,18620000,Красногвардейский,Партизанская ,5Б,Ладожская,299403302,Партизанская 5Б,135.45392159903076,48.476215350000004
2044,2,9,3,79.5,18642750,Выборгский,Светлановский проспект,45,Политехническая,299252946,Светлановский проспект 45,30.3516502,60.0114732
2045,6,7,3,82.5,18500000,Василеостровский,Гаванская ,12к2,Приморская,299274353,Гаванская 12к2,30.240232030966585,59.93072895
2046,12,17,3,80.24,18728738,Невский,Октябрьская набережная,11Б,Пролетарская,297359635,Октябрьская набережная 11Б,30.4469472,59.8935011
2047,19,23,3,68.4,18830758,Калининский,Полюстровский проспект,75,Лесная,299507424,Полюстровский проспект 75,30.366242481841205,59.98172635
2048,2,11,3,79.58,18760587,Невский, Гудиловская,6к1,Обухово,291122681,Гудиловская 6к1,30.53247648935025,59.82824855
2049,3,16,3,84.62,18770021,Приморский,Коломяжский проспект,13к3,Пионерская,297023986,Коломяжский проспект 13к3,30.2986208,60.0015533
2050,1,4,3,106.5,18700654,Красносельский,проспект Буденного,15,Проспект Ветеранов,296297119,проспект Буденного 15,44.167328999999995,44.770835649999995
2051,12,17,3,74.5,18754941,Невский,Октябрьская набережная,11Б,Пролетарская,297359447,Октябрьская набережная 11Б,30.4469472,59.8935011
2052,13,25,3,88.72,18796359,Приморский,Коломяжский проспект,13к2,Пионерская,297024498,Коломяжский проспект 13к2,30.2986208,60.0015533
2053,2,17,3,94.0,18651908,Московский, Федора Котанова,5к1,Звездная,292227298,Федора Котанова 5к1,30.342724461132292,59.82641395
2054,2,5,3,109.33,18900205,Московский,Пулковское шоссе,95к3,Звездная,298634626,Пулковское шоссе 95к3,30.3249394,59.7828449
2055,15,24,3,107.1,18985262,Приморский,проспект Королева,63к1,Комендантский проспект,299120869,проспект Королева 63к1,30.2432098,60.0326687
2056,5,5,3,77.0,19000000,Центральный,Большая Морская ,23/12,Адмиралтейская,265206983,Большая Морская 23/12,30.3137038,59.9343842
2057,6,16,3,83.38,19017185,Московский,Кубинская ,82к1,Ленинский проспект,274433313,Кубинская 82к1,39.5951176,60.5251412
2058,13,17,3,77.17,18923030,Невский,Октябрьская набережная,11Б,Пролетарская,297359458,Октябрьская набережная 11Б,30.4469472,59.8935011
2059,12,25,3,85.65,18994141,Приморский,Коломяжский проспект,13к2,Пионерская,288159791,Коломяжский проспект 13к2,30.2986208,60.0015533
2060,6,7,3,87.92,19018200,Приморский,шоссе Суздальское,18к3,Проспект Просвещения,298651107,шоссе Суздальское 18к3,30.2807336,60.0593315
2061,4,25,3,81.36,19028547,Приморский,Богатырский проспект,2А,Пионерская,296739174,Богатырский проспект 2А,30.304165603503527,60.000785050000005
2062,13,17,3,77.86,19184105,Невский,Октябрьская набережная,11Б,Пролетарская,297359644,Октябрьская набережная 11Б,30.4469472,59.8935011
2063,1,7,3,82.52,19193700,Приморский,набережная Реки Каменки,3к3,Озерки,298651757,набережная Реки Каменки 3к3,30.2819109,60.0577206
2064,5,17,3,93.2,19160988,Московский, Федора Котанова,5к1,Звездная,292227269,Федора Котанова 5к1,30.342724461132292,59.82641395
2065,11,25,3,82.19,19388398,Приморский,Богатырский проспект,2А,Пионерская,297024799,Богатырский проспект 2А,30.304165603503527,60.000785050000005
2066,4,12,3,81.8,19316589,Московский,Черниговская ,17,Московские ворота,298657777,Черниговская 17,50.307503972209446,53.295697950000005
2067,3,7,3,85.16,19247250,Приморский,набережная Реки Каменки,3к3,Озерки,298651712,набережная Реки Каменки 3к3,30.2819109,60.0577206
2068,2,16,3,86.37,19283794,Московский,Кубинская ,82к1,Ленинский проспект,274433467,Кубинская 82к1,39.5951176,60.5251412
2069,2,19,3,90.23,19265654,Приморский,Коломяжский проспект,13,Пионерская,297025004,Коломяжский проспект 13,30.303107024011773,60.0018695
2070,1,6,3,120.2,19232000,Выборгский,шоссе Суздальское,10,Проспект Просвещения,295461270,шоссе Суздальское 10,30.2913623434797,60.062754
2071,19,25,3,78.61,19540805,Приморский,Богатырский проспект,2А,Пионерская,296406901,Богатырский проспект 2А,30.304165603503527,60.000785050000005
2072,1,8,3,83.8,19444649,Московский,Черниговская ,13к2,Московские ворота,298657942,Черниговская 13к2,30.330460784129077,59.8957585
2073,9,9,3,101.0,19500000,Красногвардейский,Большеохтинский проспект,15К2,Новочеркасская,297574481,Большеохтинский проспект 15К2,30.411995796870272,59.950732599999995
2074,15,15,3,91.0,19419400,Василеостровский,проспект Крузенштерна,2,Горный институт,294545445,проспект Крузенштерна 2,30.20421669916771,59.9307765
2075,1,19,3,107.3,19535200,Московский, Парфеновская,17,Московские ворота,298656981,Парфеновская 17,30.31249306459226,59.8934103
2076,1,7,3,85.84,19408500,Приморский,набережная Реки Каменки,3к3,Озерки,298651692,набережная Реки Каменки 3к3,30.2819109,60.0577206
2077,15,17,3,80.55,19751847,Невский,Октябрьская набережная,11Б,Пролетарская,297359494,Октябрьская набережная 11Б,30.4469472,59.8935011
2078,2,16,3,87.37,19644515,Приморский,Коломяжский проспект,13к3,Пионерская,297024140,Коломяжский проспект 13к3,30.2986208,60.0015533
2079,2,7,3,88.41,19699680,Приморский,набережная Реки Каменки,3к3,Озерки,298651804,набережная Реки Каменки 3к3,30.2819109,60.0577206
2080,3,19,3,86.1,19966590,Невский,Октябрьская набережная,57к3,Елизаровская,294544634,Октябрьская набережная 57к3,30.4469472,59.8935011
2081,2,19,3,87.2,19872880,Невский,Октябрьская набережная,57к3,Елизаровская,294544635,Октябрьская набережная 57к3,30.4469472,59.8935011
2082,7,8,3,82.0,19990000,Адмиралтейский,Подъездной переулок,12,Пушкинская,298333887,Подъездной переулок 12,42.46108159167119,47.12962465
2083,9,18,3,90.8,19976000,Василеостровский,бульвар Головнина,3к1,Горный институт,294573119,бульвар Головнина 3к1,30.20716529397076,59.932884900000005
2084,9,13,3,83.6,19967692,Фрунзенский,Волковское,3,Обводный канал,276514783,Волковское 3,37.748983793671826,55.932123000000004
2085,3,24,3,74.1,19990000,Московский, Среднерогатская,16к5,Звездная,296840978,Среднерогатская 16к5,30.343987446593033,59.8248734
2086,7,14,3,83.54,19945000,Приморский,Студенческая ,14к1,Лесная,298140549,Студенческая 14к1,30.32615328124468,59.9908717
2087,1,3,3,88.4,20096981,Петродворцовый,Красносельское шоссе,22,Ленинский проспект,297863668,Красносельское шоссе 22,30.07358835,59.84900105
2088,9,19,3,83.7,20163330,Невский,Октябрьская набережная,57к3,Елизаровская,294544655,Октябрьская набережная 57к3,30.4469472,59.8935011
2089,3,15,3,95.39,20150374,Невский,Октябрьская набережная,36к3,Проспект Большевиков,298589100,Октябрьская набережная 36к3,30.4469472,59.8935011
2090,1,12,3,93.1,20143141,Московский,Черниговская ,17,Московские ворота,298657692,Черниговская 17,50.307503972209446,53.295697950000005
2091,9,13,3,85.4,20061484,Фрунзенский,Волковское,3,Обводный канал,288388047,Волковское 3,37.748983793671826,55.932123000000004
2092,8,19,3,91.63,20112959,Приморский,Коломяжский проспект,13,Пионерская,297025048,Коломяжский проспект 13,30.303107024011773,60.0018695
2093,15,15,3,96.5,20255350,Василеостровский,проспект Крузенштерна,2,,294545430,проспект Крузенштерна 2,30.20421669916771,59.9307765
2094,2,19,3,106.1,20348124,Московский, Парфеновская,17,Московские ворота,298657088,Парфеновская 17,30.31249306459226,59.8934103
2095,1,4,3,131.4,20370000,Курортный, Тарховская,84Б,Зенит,299315555,Тарховская 84Б,29.9714787,60.0765824
2096,12,17,3,79.33,20251042,Невский,Октябрьская набережная,11Б,Пролетарская,297359446,Октябрьская набережная 11Б,30.4469472,59.8935011
2097,2,24,3,101.6,20221368,Приморский,проспект Королева,65,Комендантский проспект,294844855,проспект Королева 65,30.2437747,60.034649
2098,6,10,3,63.8,20416000,Приморский,Фермское шоссе,12Б,Удельная,297991460,Фермское шоссе 12Б,49.1626717,55.7383149
2099,5,18,3,94.9,20403500,Василеостровский,бульвар Головнина,3к1,Горный институт,294573202,бульвар Головнина 3к1,30.20716529397076,59.932884900000005
2100,2,8,3,83.8,20430051,Московский,Лиговский проспект,287,Московские ворота,298657924,Лиговский проспект 287,30.332359551943217,59.8961806
2101,3,12,3,88.6,20440891,Московский,Черниговская ,17,Московские ворота,298657739,Черниговская 17,50.307503972209446,53.295697950000005
2102,2,12,3,89.9,20415120,Московский,Черниговская ,17,Московские ворота,298657735,Черниговская 17,50.307503972209446,53.295697950000005
2103,15,17,3,86.94,20497882,Невский,Октябрьская набережная,11Б,Пролетарская,297359485,Октябрьская набережная 11Б,30.4469472,59.8935011
2104,2,16,3,87.59,20464131,Приморский,Коломяжский проспект,13к3,Пионерская,297024100,Коломяжский проспект 13к3,30.2986208,60.0015533
2105,2,24,3,103.5,20500070,Приморский,проспект Королева,65,Комендантский проспект,294844854,проспект Королева 65,30.2437747,60.034649
2106,6,19,3,90.52,20579912,Приморский,Коломяжский проспект,13,Пионерская,297025024,Коломяжский проспект 13,30.303107024011773,60.0018695
2107,8,11,3,92.25,20690000,Центральный,Днепропетровская ,5,Лиговский проспект,294879370,Днепропетровская 5,33.440895600000005,47.9742298
2108,8,18,3,96.6,20769000,Василеостровский,бульвар Головнина,3к1,Горный институт,294573098,бульвар Головнина 3к1,30.20716529397076,59.932884900000005
2109,5,18,3,96.3,20704500,Василеостровский,бульвар Головнина,3к1,Горный институт,294573211,бульвар Головнина 3к1,30.20716529397076,59.932884900000005
2110,2,8,3,82.5,20706993,Московский,Лиговский проспект,287,Московские ворота,298657889,Лиговский проспект 287,30.332359551943217,59.8961806
2111,16,17,3,83.32,20723622,Невский,Октябрьская набережная,11Б,Пролетарская,297359508,Октябрьская набережная 11Б,30.4469472,59.8935011
2112,3,5,3,87.1,20650000,Центральный,Невский проспект,51,Маяковская,295694937,Невский проспект 51,37.992323625,55.6536657
2113,3,5,3,75.0,20790000,Центральный,Волоколамский переулок,1,Лиговский проспект,299183851,Волоколамский переулок 1,37.18249074533581,55.85300905
2114,5,13,3,87.53,20833000,Калининский, Академика Константинова,1к1,Академическая,297263179,Академика Константинова 1к1,30.1169694,59.5758075
2115,3,11,3,85.43,20931000,Калининский, Академика Константинова,1к1,Академическая,298534369,Академика Константинова 1к1,30.1169694,59.5758075
2116,6,12,3,83.74,20823626,Приморский,проспект Авиаконструкторов,54,Комендантский проспект,266867977,проспект Авиаконструкторов 54,30.20655429169124,60.033274399999996
2117,2,19,3,96.05,20898237,Приморский,Коломяжский проспект,13,Пионерская,299571701,Коломяжский проспект 13,30.303107024011773,60.0018695
2118,6,12,3,66.0,20800000,Московский, Решетникова,29,Электросила,297797951,Решетникова 29,132.04529569150148,44.73596455
2119,5,18,3,97.6,20984000,Василеостровский,бульвар Головнина,3к1,Горный институт,294573194,бульвар Головнина 3к1,30.20716529397076,59.932884900000005
2120,3,3,3,84.0,20900000,Адмиралтейский,2-я Красноармейская ,13,Технологический институт,297557960,2-я Красноармейская 13,44.93081065264061,54.06805405
2121,2,16,3,103.2,21150169,Приморский,аллея Арцеуловская,15,Комендантский проспект,291984385,аллея Арцеуловская 15,30.2016135196031,60.0403582
2122,9,13,3,75.2,21056000,Калининский, Академика Константинова,1к1,Академическая,294618030,Академика Константинова 1к1,30.1169694,59.5758075
2123,2,13,3,87.06,21156000,Калининский, Академика Константинова,1к1,Академическая,297263175,Академика Константинова 1к1,30.1169694,59.5758075
2124,2,8,3,86.3,21143877,Московский,Лиговский проспект,287,Московские ворота,298657926,Лиговский проспект 287,30.332359551943217,59.8961806
2125,17,17,3,85.1,21166349,Невский,Октябрьская набережная,11Б,Пролетарская,297359509,Октябрьская набережная 11Б,30.4469472,59.8935011
2126,1,12,3,85.9,21241953,Василеостровский,Гавань,1,Приморская,279628295,Гавань 1,30.18184861947747,59.871402700000004
2127,2,25,3,88.54,21137138,Приморский,Богатырский проспект,2А,Пионерская,297024805,Богатырский проспект 2А,30.304165603503527,60.000785050000005
2128,2,9,3,78.17,21259999,Адмиралтейский, Шкапина,43-45,Балтийская,299481486,Шкапина 43-45,30.2959521,59.9087317
2129,14,15,3,88.4,21366280,Невский,Октябрьская набережная,57к3,Елизаровская,294544489,Октябрьская набережная 57к3,30.4469472,59.8935011
2130,2,4,3,98.1,21360000,Курортный, Тарховская,84Б,Зенит,299315567,Тарховская 84Б,29.9714787,60.0765824
2131,1,6,3,76.6,21256500,Выборгский,Зеленогорская ,3,Удельная,298198034,Зеленогорская 3,45.902260745468496,51.58098175
2132,5,11,3,89.5,21340000,Центральный,Днепропетровская ,7,Лиговский проспект,293426149,Днепропетровская 7,30.363063100187034,59.9191354
2133,2,5,3,93.75,21562500,Выборгский, Береговая,12,Проспект Просвещения,294140959,Береговая 12,92.84686067566929,53.8459085
2134,2,12,3,97.7,21648146,Московский,Черниговская ,17,Московские ворота,298657755,Черниговская 17,50.307503972209446,53.295697950000005
2135,2,12,3,94.1,21464163,Московский,Черниговская ,17,Московские ворота,298657704,Черниговская 17,50.307503972209446,53.295697950000005
2136,6,16,3,99.9,21500000,Приморский, Савушкина,127,Беговая,287392183,Савушкина 127,30.2188831,59.9872313
2137,3,10,3,94.0,21500000,Красносельский, Адмирала Коновалова,2-4,Проспект Ветеранов,277257698,Адмирала Коновалова 2-4,30.1478473,59.8503253
2138,6,19,3,96.86,21660109,Приморский,Коломяжский проспект,13,Пионерская,299571710,Коломяжский проспект 13,30.303107024011773,60.0018695
2139,4,12,3,96.8,21843291,Московский,Черниговская ,17,Московские ворота,298657764,Черниговская 17,50.307503972209446,53.295697950000005
2140,5,19,3,105.2,21700000,Московский, Парфеновская,17,Московские ворота,298657098,Парфеновская 17,30.31249306459226,59.8934103
2141,15,15,3,90.4,21876800,Невский,Октябрьская набережная,57к3,Елизаровская,294544495,Октябрьская набережная 57к3,30.4469472,59.8935011
2142,5,12,3,84.36,21800000,Выборгский,Большой Сампсониевский проспект,70к3,Выборгская,292991790,Большой Сампсониевский проспект 70к3,30.330634895111956,59.98050535
2143,3,8,3,78.5,21805716,Московский,Черниговская ,13к2,Московские ворота,298657966,Черниговская 13к2,30.330460784129077,59.8957585
2144,2,19,3,109.3,21883945,Московский, Парфеновская,17,Московские ворота,298657009,Парфеновская 17,30.31249306459226,59.8934103
2145,2,13,3,91.31,21915000,Калининский, Академика Константинова,1к1,Академическая,283448897,Академика Константинова 1к1,30.1169694,59.5758075
2146,11,18,3,105.2,22092000,Василеостровский,бульвар Александра Грина,2к2,Приморская,294573304,бульвар Александра Грина 2к2,30.206002297833763,59.93513085
2147,8,10,3,91.8,22000000,Фрунзенский,Днепропетровская ,65,Обводный канал,296604378,Днепропетровская 65,48.38358019408332,53.1816214
2148,6,18,3,87.7,22000000,Приморский,Фермское шоссе,14к1,Удельная,298755301,Фермское шоссе 14к1,30.312610759790626,60.01274695
2149,6,13,3,89.69,22244000,Калининский, Академика Константинова,1к1,Академическая,297263189,Академика Константинова 1к1,30.1169694,59.5758075
2150,7,18,3,100.5,22110000,Василеостровский,бульвар Александра Грина,2к2,Приморская,296079713,бульвар Александра Грина 2к2,30.206002297833763,59.93513085
2151,6,18,3,105.5,22155000,Василеостровский,бульвар Александра Грина,2к2,Приморская,294573300,бульвар Александра Грина 2к2,30.206002297833763,59.93513085
2152,13,19,3,103.1,22280618,Московский, Парфеновская,17,Московские ворота,298657046,Парфеновская 17,30.31249306459226,59.8934103
2153,4,20,3,85.8,22379999,Василеостровский, Челюскина,8,,287253517,Челюскина 8,77.21582407614503,43.313531100000006
2154,2,13,3,93.12,22349000,Калининский, Академика Константинова,1к1,Академическая,289786762,Академика Константинова 1к1,30.1169694,59.5758075
2155,5,11,3,89.46,22365000,Калининский, Академика Константинова,1к1,Академическая,298534387,Академика Константинова 1к1,30.1169694,59.5758075
2156,8,14,3,94.02,22309999,Красногвардейский,проспект Энергетиков,2,,291004611,проспект Энергетиков 2,83.63268820100387,53.33813195
2157,7,25,3,101.1,22500000,Выборгский, Композиторов,12,Проспект Просвещения,297155703,Композиторов 12,30.1199466,59.6783559
2158,9,17,3,88.79,22352653,Невский,Октябрьская набережная,11Б,Пролетарская,297359658,Октябрьская набережная 11Б,30.4469472,59.8935011
2159,15,17,3,90.56,22531047,Невский,Октябрьская набережная,11Б,Пролетарская,297359491,Октябрьская набережная 11Б,30.4469472,59.8935011
2160,2,12,3,79.6,22482303,Василеостровский,Гавань,1,Приморская,291846335,Гавань 1,30.18184861947747,59.871402700000004
2161,10,13,3,77.6,22376368,Приморский,Студенческая ,14к2,Лесная,299384031,Студенческая 14к2,30.3251034,59.9915701
2162,3,4,3,90.3,22700000,Центральный,Стремянная ,2/4,Достоевская,290781470,Стремянная 2/4,30.348282486283185,59.93154835
2163,2,12,3,101.4,22703891,Московский,Черниговская ,17,Московские ворота,298657709,Черниговская 17,50.307503972209446,53.295697950000005
2164,4,5,3,81.2,22900000,Центральный,Большая Конюшенная ,3,Адмиралтейская,298962706,Большая Конюшенная 3,30.32386143754849,59.94069985
2165,4,23,3,105.5,22840750,Невский,Октябрьская набережная,57к3,Елизаровская,294544538,Октябрьская набережная 57к3,30.4469472,59.8935011
2166,2,23,3,107.0,22769600,Невский,Октябрьская набережная,57к3,Елизаровская,294544522,Октябрьская набережная 57к3,30.4469472,59.8935011
2167,4,12,3,100.1,22819131,Московский,Черниговская ,17,Московские ворота,298657728,Черниговская 17,50.307503972209446,53.295697950000005
2168,11,12,3,80.7,22915168,Фрунзенский,Волковское,4,Обводный канал,294724107,Волковское 4,30.40290288710417,59.8820492
2169,7,18,3,103.1,23197500,Василеостровский,бульвар Александра Грина,2к2,Приморская,296079711,бульвар Александра Грина 2к2,30.206002297833763,59.93513085
2170,9,18,3,110.1,23121000,Василеостровский,бульвар Александра Грина,2к2,Приморская,294573275,бульвар Александра Грина 2к2,30.206002297833763,59.93513085
2171,6,18,3,110.5,23205000,Василеостровский,бульвар Александра Грина,2к2,Приморская,294573299,бульвар Александра Грина 2к2,30.206002297833763,59.93513085
2172,3,12,3,92.4,23022995,Московский,Черниговская ,17,Московские ворота,298657747,Черниговская 17,50.307503972209446,53.295697950000005
2173,1,9,3,96.0,23000000,Фрунзенский,Будапештская ,8к4,Международная,262891116,Будапештская 8к4,30.3687218,59.8717171
2174,8,12,3,82.4,23170880,Фрунзенский,Волковское,4,Обводный канал,287469061,Волковское 4,30.40290288710417,59.8820492
2175,3,9,3,82.94,23369999,Адмиралтейский, Шкапина,43-45,Балтийская,299481421,Шкапина 43-45,30.2959521,59.9087317
2176,6,13,3,95.34,23359000,Калининский, Академика Константинова,1к1,Академическая,295287488,Академика Константинова 1к1,30.1169694,59.5758075
2177,12,23,3,103.4,23358060,Невский,Октябрьская набережная,57к3,Елизаровская,294544681,Октябрьская набережная 57к3,30.4469472,59.8935011
2178,2,9,3,86.38,23379999,Адмиралтейский, Шкапина,43-45,Балтийская,299481489,Шкапина 43-45,30.2959521,59.9087317
2179,1,4,3,148.0,23260000,Курортный, Тарховская,84Б,Зенит,299315547,Тарховская 84Б,29.9714787,60.0765824
2180,5,6,3,80.1,23389200,Выборгский,Зеленогорская ,3,Удельная,298198018,Зеленогорская 3,45.902260745468496,51.58098175
2181,6,6,3,69.0,23400000,Центральный, Маяковского,3,Маяковская,299241251,Маяковского 3,80.4307197378034,47.9476679
2182,11,12,3,93.25,23339543,Приморский, Плесецкая,2,Комендантский проспект,292291410,Плесецкая 2,30.2375999,60.0415645
2183,2,10,3,90.45,23500673,Выборгский,Светлановский проспект,12к1,Удельная,296054879,Светлановский проспект 12к1,30.3400495,60.0081056
2184,7,18,3,104.3,23467500,Василеостровский,бульвар Александра Грина,2к2,Приморская,296079709,бульвар Александра Грина 2к2,30.206002297833763,59.93513085
2185,11,18,3,112.6,23646000,Василеостровский,бульвар Александра Грина,2к2,Приморская,292856750,бульвар Александра Грина 2к2,30.206002297833763,59.93513085
2186,10,17,3,92.4,23587498,Невский,Октябрьская набережная,11Б,Пролетарская,297359659,Октябрьская набережная 11Б,30.4469472,59.8935011
2187,11,12,3,73.8,23562052,Василеостровский,Гавань,1,Приморская,290945874,Гавань 1,30.18184861947747,59.871402700000004
2188,1,9,3,81.7,23538587,Адмиралтейский,Измайловское,к 2.2,Балтийская,290945742,Измайловское к 2.2,30.308070824137843,59.90891895
2189,4,12,3,98.28,23484006,Приморский, Плесецкая,2,Комендантский проспект,275720484,Плесецкая 2,30.2375999,60.0415645
2190,15,24,3,88.5,23500000,Московский,проспект Космонавтов,61к1,Звездная,299314732,проспект Космонавтов 61к1,30.356757,59.8401216
2191,3,18,3,116.6,23903000,Василеостровский,бульвар Александра Грина,2к2,Приморская,294573282,бульвар Александра Грина 2к2,30.206002297833763,59.93513085
2192,16,17,3,94.26,23787523,Невский,Октябрьская набережная,11Б,Пролетарская,297359507,Октябрьская набережная 11Б,30.4469472,59.8935011
2193,10,12,3,84.1,23700000,Выборгский, Александра Матросова,8к1,Лесная,298392607,Александра Матросова 8к1,30.333143,59.978264
2194,2,14,3,90.03,23859999,Красногвардейский,проспект Энергетиков,2,,291004582,проспект Энергетиков 2,83.63268820100387,53.33813195
2195,2,4,3,95.9,24166800,Красносельский,проспект Патриотов,33,,296569848,проспект Патриотов 33,30.146756789232814,59.86290045
2196,2,18,3,120.6,24120000,Василеостровский,бульвар Головнина,3к1,Горный институт,294573174,бульвар Головнина 3к1,30.20716529397076,59.932884900000005
2197,4,14,3,88.92,24199999,Красногвардейский,проспект Энергетиков,2,,291004617,проспект Энергетиков 2,83.63268820100387,53.33813195
2198,8,12,3,88.8,24228192,Фрунзенский,Волковское,4,Обводный канал,292514253,Волковское 4,30.40290288710417,59.8820492
2199,2,4,3,119.8,24200000,Курортный, Тарховская,84Б,Зенит,299315564,Тарховская 84Б,29.9714787,60.0765824
2200,2,4,3,120.7,24200000,Курортный, Тарховская,84Б,Зенит,299315561,Тарховская 84Б,29.9714787,60.0765824
2201,5,6,3,86.5,24349750,Выборгский,Зеленогорская ,3,Удельная,298197988,Зеленогорская 3,45.902260745468496,51.58098175
2202,7,18,3,105.3,24219000,Василеостровский,бульвар Головнина,3к1,Горный институт,297709759,бульвар Головнина 3к1,30.20716529397076,59.932884900000005
2203,3,18,3,119.0,24395000,Василеостровский,бульвар Головнина,3к1,Горный институт,294573167,бульвар Головнина 3к1,30.20716529397076,59.932884900000005
2204,9,9,3,81.3,24268050,Выборгский,Светлановский проспект,45,Политехническая,299252983,Светлановский проспект 45,30.3516502,60.0114732
2205,2,14,3,92.71,24289999,Красногвардейский,проспект Энергетиков,2,,288171977,проспект Энергетиков 2,83.63268820100387,53.33813195
2206,6,13,3,103.7,24629000,Выборгский,Лиственная ,20к2,Озерки,274590055,Лиственная 20к2,134.5312968,43.3291373
2207,11,13,3,103.1,24487000,Выборгский,Лиственная ,20к2,Озерки,293207368,Лиственная 20к2,134.5312968,43.3291373
2208,4,12,3,102.64,24608967,Приморский, Плесецкая,4,Комендантский проспект,275720147,Плесецкая 4,30.2077138,60.0305148
2209,1,9,3,81.7,24444803,Адмиралтейский,Измайловское,к 2.1,Балтийская,295870076,Измайловское к 2.1,30.308070824137843,59.90891895
2210,1,7,3,89.1,24632051,Адмиралтейский,Измайловское,к 2.2,Балтийская,290945735,Измайловское к 2.2,30.308070824137843,59.90891895
2211,4,12,3,102.63,24523439,Приморский, Плесецкая,2,Комендантский проспект,275720528,Плесецкая 2,30.2375999,60.0415645
2212,2,11,3,77.67,24636147,Московский,Благодатная ,50,Электросила,267475627,Благодатная 50,39.64660201576087,47.22425225
2213,2,8,3,105.5,24566632,Красносельский,проспект Патриотов,35,Проспект Ветеранов,296258548,проспект Патриотов 35,30.14466298156439,59.8622765
2214,8,13,3,96.6,24710000,Выборгский,Лиственная ,20к2,Озерки,299255835,Лиственная 20к2,134.5312968,43.3291373
2215,12,13,3,104.5,24819000,Выборгский,Лиственная ,20к2,Озерки,274590039,Лиственная 20к2,134.5312968,43.3291373
2216,14,19,3,99.1,24875370,Московский, Парфеновская,17,Московские ворота,298657114,Парфеновская 17,30.31249306459226,59.8934103
2217,2,9,3,80.0,24823520,Адмиралтейский,Измайловское,к 2.2,Балтийская,291240202,Измайловское к 2.2,30.308070824137843,59.90891895
2218,3,12,3,88.1,24748611,Фрунзенский,Волковское,4,Обводный канал,277372718,Волковское 4,30.40290288710417,59.8820492
2219,3,14,3,101.55,24990000,Адмиралтейский,бульвар Измайловский,9,Фрунзенская,292308447,бульвар Измайловский 9,37.7867031,55.7977305
2220,3,9,3,91.24,25039999,Адмиралтейский, Шкапина,43-45,Балтийская,299481445,Шкапина 43-45,30.2959521,59.9087317
2221,4,8,3,83.3,24990000,Центральный,Херсонская ,43/12,Площадь Александра Невского,299370271,Херсонская 43/12,30.38435,59.9270118
2222,2,9,3,80.0,24928800,Адмиралтейский,Измайловское,к 2.1,Балтийская,292512722,Измайловское к 2.1,30.308070824137843,59.90891895
2223,2,8,3,95.8,25108222,Красносельский,проспект Патриотов,33,,297300050,проспект Патриотов 33,30.146756789232814,59.86290045
2224,19,22,3,82.0,24900000,Московский,Варшавская ,19к5,Электросила,298731193,Варшавская 19к5,30.310442980107467,59.87372585
2225,6,6,3,78.5,25316250,Выборгский,Зеленогорская ,3,Удельная,299372497,Зеленогорская 3,45.902260745468496,51.58098175
2226,2,4,3,96.7,25335400,Красносельский,проспект Патриотов,33,,296569857,проспект Патриотов 33,30.146756789232814,59.86290045
2227,18,18,3,87.2,25326705,Адмиралтейский,бульвар Измайловский,9,Фрунзенская,299459363,бульвар Измайловский 9,37.7867031,55.7977305
2228,15,17,3,96.76,25181361,Невский,Октябрьская набережная,11Б,Пролетарская,297359652,Октябрьская набережная 11Б,30.4469472,59.8935011
2229,2,7,3,86.7,25329578,Адмиралтейский,Измайловское,к 2.2,Балтийская,293408417,Измайловское к 2.2,30.308070824137843,59.90891895
2230,6,14,3,92.37,25279999,Красногвардейский,проспект Энергетиков,2,,291004602,проспект Энергетиков 2,83.63268820100387,53.33813195
2231,3,8,3,104.5,25377552,Красносельский,проспект Патриотов,35,Проспект Ветеранов,296258507,проспект Патриотов 35,30.14466298156439,59.8622765
2232,2,5,3,94.4,25600000,Приморский,1-я Утиная ,32,Озерки,298680780,1-я Утиная 32,30.2967238,60.0348077
2233,6,6,3,87.9,25491000,Выборгский,Зеленогорская ,3,Удельная,298198005,Зеленогорская 3,45.902260745468496,51.58098175
2234,13,17,3,94.71,25599471,Невский,Октябрьская набережная,11Б,Пролетарская,297359642,Октябрьская набережная 11Б,30.4469472,59.8935011
2235,3,7,3,86.7,25508874,Адмиралтейский,Измайловское,к 2.1,Балтийская,290945806,Измайловское к 2.1,30.308070824137843,59.90891895
2236,1,7,3,89.1,25486342,Адмиралтейский,Измайловское,к 2.1,Балтийская,296794264,Измайловское к 2.1,30.308070824137843,59.90891895
2237,5,7,3,79.7,25500000,Центральный,Днепропетровская ,37,Лиговский проспект,299482020,Днепропетровская 37,30.3613269,59.9164023
2238,14,16,3,93.4,25500000,Выборгский, Композиторов,22к4,Проспект Просвещения,299251078,Композиторов 22к4,30.316597348701297,60.0607826
2239,3,13,3,107.1,25919000,Выборгский,Лиственная ,20к2,Озерки,293207354,Лиственная 20к2,134.5312968,43.3291373
2240,2,4,3,126.9,25650000,Курортный, Тарховская,84Б,Зенит,299315565,Тарховская 84Б,29.9714787,60.0765824
2241,1,9,3,81.7,25742689,Адмиралтейский,Измайловское,к1,Балтийская,278054280,Измайловское к1,37.7261279,55.7785201
2242,2,6,3,101.0,25800000,Василеостровский,переулок Тучков,3,Василеостровская,293163775,переулок Тучков 3,30.29090889898287,59.943749499999996
2243,9,16,3,98.9,25800000,Красносельский,Петергофское шоссе,53,Ленинский проспект,297488821,Петергофское шоссе 53,30.1408995,59.8493637
2244,6,9,3,94.0,25950000,Выборгский,Большой Сампсониевский проспект,69к4,Лесная,292405508,Большой Сампсониевский проспект 69к4,30.337731743634997,59.98225585
2245,6,13,3,95.4,25997000,Выборгский,Лиственная ,20к2,Озерки,290580261,Лиственная 20к2,134.5312968,43.3291373
2246,6,6,3,83.8,26145600,Выборгский,Зеленогорская ,3,Удельная,298198024,Зеленогорская 3,45.902260745468496,51.58098175
2247,1,9,3,97.5,25973610,Адмиралтейский,Измайловское,к 2.2,Балтийская,290945731,Измайловское к 2.2,30.308070824137843,59.90891895
2248,2,10,3,107.09,26250222,Выборгский,Светлановский проспект,12к1,Удельная,298674049,Светлановский проспект 12к1,30.3400495,60.0081056
2249,7,10,3,122.5,26400000,Выборгский,Выборгское шоссе,5к1Д,Озерки,289196048,Выборгское шоссе 5к1Д,30.6597385,61.6821438
2250,8,12,3,79.1,26409117,Василеостровский,Гавань,1,Приморская,278054314,Гавань 1,30.18184861947747,59.871402700000004
2251,2,11,3,84.39,26603948,Московский,Благодатная ,50,Электросила,275655546,Благодатная 50,39.64660201576087,47.22425225
2252,3,11,3,104.59,26671000,Калининский, Академика Константинова,1к1,Академическая,298534317,Академика Константинова 1к1,30.1169694,59.5758075
2253,8,13,3,107.5,26607000,Выборгский,Лиственная ,20к2,Озерки,293207360,Лиственная 20к2,134.5312968,43.3291373
2254,7,25,3,85.3,26500000,Московский,Дунайский проспект,14к1,Звездная,297246872,Дунайский проспект 14к1,30.3314727,59.8326034
2255,4,4,3,145.6,26500000,Курортный, Тарховская,84Б,Зенит,299315537,Тарховская 84Б,29.9714787,60.0765824
2256,1,4,3,105.9,26686800,Красносельский,проспект Патриотов,33,,296569922,проспект Патриотов 33,30.146756789232814,59.86290045
2257,8,9,3,78.3,26658644,Адмиралтейский,Измайловское,к 2.2,Балтийская,298768008,Измайловское к 2.2,30.308070824137843,59.90891895
2258,1,9,3,97.5,26468520,Адмиралтейский,Измайловское,к 2.1,Балтийская,290945805,Измайловское к 2.1,30.308070824137843,59.90891895
2259,6,12,3,95.91,26499933,Приморский,проспект Авиаконструкторов,54,Комендантский проспект,266867241,проспект Авиаконструкторов 54,30.20655429169124,60.033274399999996
2260,1,8,3,105.9,26695272,Красносельский,проспект Патриотов,33,,297300154,проспект Патриотов 33,30.146756789232814,59.86290045
2261,2,17,3,105.35,26600875,Выборгский,Большой Сампсониевский проспект,77,Лесная,299273049,Большой Сампсониевский проспект 77,30.334469,59.9876928
2262,8,13,3,99.9,26463809,Приморский,Студенческая ,14к1,Лесная,278767295,Студенческая 14к1,30.32615328124468,59.9908717
2263,6,11,3,85.2,26838000,Адмиралтейский,набережная Обводного Канала,108,Фрунзенская,298721635,набережная Обводного Канала 108,30.3138459,59.9075508
2264,10,18,3,127.7,26817000,Василеостровский,бульвар Александра Грина,2к2,Приморская,298345098,бульвар Александра Грина 2к2,30.206002297833763,59.93513085
2265,4,11,3,85.26,26878215,Московский,Благодатная ,50,Электросила,289060872,Благодатная 50,39.64660201576087,47.22425225
2266,1,9,3,99.1,26968083,Адмиралтейский,Измайловское,к 2.2,Балтийская,290945730,Измайловское к 2.2,30.308070824137843,59.90891895
2267,1,9,3,117.0,26700921,Выборгский, Александра Матросова,3,Лесная,296753871,Александра Матросова 3,30.747177996373562,46.46071245
2268,12,12,3,90.06,26747820,Приморский, Плесецкая,6,Комендантский проспект,275720094,Плесецкая 6,40.21871310704713,61.68484245
2269,5,8,3,96.2,26936000,Адмиралтейский,Подъездной переулок,12,Пушкинская,298923197,Подъездной переулок 12,42.46108159167119,47.12962465
2270,2,8,3,102.8,26941824,Красносельский,проспект Патриотов,33,,297687695,проспект Патриотов 33,30.146756789232814,59.86290045
2271,2,6,3,80.2,26949800,Курортный,дорога Таможенная,11к1с4,Беговая,293980696,дорога Таможенная 11к1с4,29.942946223640487,60.128459750000005
2272,5,7,3,86.7,27130684,Адмиралтейский,Измайловское,к1,Балтийская,274416466,Измайловское к1,37.7261279,55.7785201
2273,3,13,3,109.4,27077000,Выборгский,Лиственная ,20к2,Озерки,291308879,Лиственная 20к2,134.5312968,43.3291373
2274,1,4,3,179.3,27050000,Курортный, Тарховская,84Б,Зенит,299315551,Тарховская 84Б,29.9714787,60.0765824
2275,12,12,3,88.5,27061884,Василеостровский,Гавань,1,Приморская,282740893,Гавань 1,30.18184861947747,59.871402700000004
2276,6,9,3,80.0,27072000,Адмиралтейский,Измайловское,к1,Балтийская,283176999,Измайловское к1,37.7261279,55.7785201
2277,5,8,3,104.3,27126344,Красносельский,проспект Патриотов,35,Проспект Ветеранов,296258470,проспект Патриотов 35,30.14466298156439,59.8622765
2278,3,12,3,101.22,27511596,Приморский,проспект Авиаконструкторов,54,Комендантский проспект,266867533,проспект Авиаконструкторов 54,30.20655429169124,60.033274399999996
2279,1,6,3,106.7,27528600,Выборгский,Зеленогорская ,3,Удельная,298198007,Зеленогорская 3,45.902260745468496,51.58098175
2280,8,9,3,79.0,27461348,Адмиралтейский,Измайловское,к1,Балтийская,276272572,Измайловское к1,37.7261279,55.7785201
2281,12,12,3,92.64,27514080,Приморский, Плесецкая,6,Комендантский проспект,275720126,Плесецкая 6,40.21871310704713,61.68484245
2282,2,8,3,97.4,27475566,Красносельский,проспект Патриотов,33,,297300116,проспект Патриотов 33,30.146756789232814,59.86290045
2283,19,27,3,123.1,27360000,Приморский,Планерная ,63к1,Комендантский проспект,299121813,Планерная 63к1,30.220009,60.0233967
2284,7,8,3,83.5,27555000,Центральный,Херсонская ,43/12,Площадь Александра Невского,299370272,Херсонская 43/12,30.38435,59.9270118
2285,3,9,3,105.4,27700068,Выборгский, Александра Матросова,1,Лесная,296753826,Александра Матросова 1,30.7487098,46.460846149999995
2286,18,18,3,127.4,28028000,Василеостровский,бульвар Александра Грина,2к2,Приморская,294573333,бульвар Александра Грина 2к2,30.206002297833763,59.93513085
2287,8,9,3,99.2,28050883,Выборгский, Александра Матросова,1,Лесная,296753836,Александра Матросова 1,30.7487098,46.460846149999995
2288,12,12,3,94.57,28087290,Приморский, Плесецкая,6,Комендантский проспект,276977337,Плесецкая 6,40.21871310704713,61.68484245
2289,2,8,3,98.9,28052856,Красносельский,проспект Патриотов,35,Проспект Ветеранов,296258464,проспект Патриотов 35,30.14466298156439,59.8622765
2290,5,11,3,108.62,28242000,Калининский, Академика Константинова,1к1,Академическая,298534331,Академика Константинова 1к1,30.1169694,59.5758075
2291,8,9,3,99.8,28250186,Выборгский, Александра Матросова,3,Лесная,299266560,Александра Матросова 3,30.747177996373562,46.46071245
2292,2,10,3,95.0,28364888,Приморский,Белоостровская ,28,Черная речка,298657315,Белоостровская 28,30.310033001602342,59.9872559
2293,3,9,3,114.4,28600228,Выборгский, Александра Матросова,1,Лесная,296753864,Александра Матросова 1,30.7487098,46.460846149999995
2294,2,11,3,95.8,28435356,Московский,Благодатная ,50,Электросила,267475714,Благодатная 50,39.64660201576087,47.22425225
2295,3,5,3,96.31,28893000,Курортный, Инструментальщиков,18,Беговая,299233997,Инструментальщиков 18,30.42075216303855,54.5430239
2296,9,13,3,109.5,28744000,Выборгский,Лиственная ,20к2,Озерки,293207361,Лиственная 20к2,134.5312968,43.3291373
2297,11,12,3,90.1,28832000,Приморский,Белоостровская ,7,Лесная,298198119,Белоостровская 7,30.328233976336737,59.98569325
2298,2,4,3,101.9,28735800,Красносельский,проспект Патриотов,33,,296569893,проспект Патриотов 33,30.146756789232814,59.86290045
2299,8,12,3,86.8,28795000,Приморский,Белоостровская ,7,Лесная,295734465,Белоостровская 7,30.328233976336737,59.98569325
2300,4,9,3,110.8,28697200,Выборгский,Светлановский проспект,45,Политехническая,299252965,Светлановский проспект 45,30.3516502,60.0114732
2301,12,12,3,93.28,28711584,Приморский,проспект Авиаконструкторов,54,Комендантский проспект,266867439,проспект Авиаконструкторов 54,30.20655429169124,60.033274399999996
2302,2,8,3,102.1,28800368,Красносельский,проспект Патриотов,33,,297300139,проспект Патриотов 33,30.146756789232814,59.86290045
2303,5,6,3,92.8,29139200,Выборгский,Зеленогорская ,3,Удельная,298198046,Зеленогорская 3,45.902260745468496,51.58098175
2304,3,12,3,106.87,29047266,Приморский,проспект Авиаконструкторов,54,Комендантский проспект,266866827,проспект Авиаконструкторов 54,30.20655429169124,60.033274399999996
2305,11,12,3,83.0,29050000,Приморский,Белоостровская ,7,Лесная,299247046,Белоостровская 7,30.328233976336737,59.98569325
2306,2,9,3,118.7,29437600,Выборгский,Светлановский проспект,45,Политехническая,299252945,Светлановский проспект 45,30.3516502,60.0114732
2307,1,4,3,199.9,29350000,Курортный, Тарховская,84Б,Зенит,299315553,Тарховская 84Б,29.9714787,60.0765824
2308,1,4,3,200.7,29350000,Курортный, Тарховская,84Б,Зенит,299315550,Тарховская 84Б,29.9714787,60.0765824
2309,5,10,3,109.6,29301869,Приморский,Белоостровская ,28,Черная речка,298657363,Белоостровская 28,30.310033001602342,59.9872559
2310,4,10,3,109.4,29428007,Приморский,Белоостровская ,28,Черная речка,298657461,Белоостровская 28,30.310033001602342,59.9872559
2311,8,9,3,79.0,29317848,Адмиралтейский,Измайловское,к 2.1,Балтийская,295870055,Измайловское к 2.1,30.308070824137843,59.90891895
2312,10,12,3,94.7,29357000,Приморский,Белоостровская ,7,Лесная,299335942,Белоостровская 7,30.328233976336737,59.98569325
2313,10,11,3,103.03,29363550,Московский, Решетникова,29,Электросила,267975655,Решетникова 29,132.04529569150148,44.73596455
2314,8,14,3,113.03,29519999,Красногвардейский,проспект Энергетиков,2,,291004607,проспект Энергетиков 2,83.63268820100387,53.33813195
2315,2,6,3,87.73,29439170,Курортный,дорога Таможенная,11к1с4,Беговая,293980695,дорога Таможенная 11к1с4,29.942946223640487,60.128459750000005
2316,2,11,3,91.68,29722656,Красногвардейский, Стахановцев,1,Новочеркасская,299636478,Стахановцев 1,33.5067021,44.5629575
2317,6,6,3,94.5,29607795,Выборгский,Зеленогорская ,3,Удельная,298198058,Зеленогорская 3,45.902260745468496,51.58098175
2318,5,9,3,112.3,29647200,Выборгский,Светлановский проспект,45,Политехническая,299252979,Светлановский проспект 45,30.3516502,60.0114732
2319,12,12,3,101.18,29595151,Приморский, Плесецкая,2,Комендантский проспект,275720401,Плесецкая 2,30.2375999,60.0415645
2320,1,9,3,98.46,29606922,Петроградский,Петроградская набережная,38,Горьковская,258156108,Петроградская набережная 38,30.333000922013227,59.9637442
2321,12,12,3,90.8,29964000,Приморский,Белоостровская ,7,Лесная,299592383,Белоостровская 7,30.328233976336737,59.98569325
2322,3,9,3,115.7,29850947,Выборгский, Александра Матросова,1,Лесная,296753842,Александра Матросова 1,30.7487098,46.460846149999995
2323,1,6,3,117.3,29970150,Выборгский,Зеленогорская ,3,Удельная,298198027,Зеленогорская 3,45.902260745468496,51.58098175
2324,2,10,3,101.9,29839229,Приморский,Белоостровская ,28,Черная речка,298657183,Белоостровская 28,30.310033001602342,59.9872559
2325,8,9,3,78.3,29911852,Адмиралтейский,Измайловское,к1,Балтийская,287651417,Измайловское к1,37.7261279,55.7785201
2326,4,8,3,97.9,29898820,Красносельский,проспект Патриотов,35,Проспект Ветеранов,296258453,проспект Патриотов 35,30.14466298156439,59.8622765
2327,2,9,3,89.63,29994680,Петроградский,Петроградская набережная,38,Горьковская,258156439,Петроградская набережная 38,30.333000922013227,59.9637442
2328,2,11,3,105.72,30130200,Московский,Благодатная ,50,Электросила,267475755,Благодатная 50,39.64660201576087,47.22425225
2329,2,9,3,92.11,30377878,Петроградский,Петроградская набережная,38,Горьковская,258155972,Петроградская набережная 38,30.333000922013227,59.9637442
2330,2,9,3,90.63,30329330,Петроградский,Петроградская набережная,38,Горьковская,258155777,Петроградская набережная 38,30.333000922013227,59.9637442
2331,10,12,3,87.0,30450000,Приморский,Белоостровская ,7,Лесная,299315296,Белоостровская 7,30.328233976336737,59.98569325
2332,10,10,3,98.0,30664872,Приморский,Белоостровская ,28,Черная речка,298657365,Белоостровская 28,30.310033001602342,59.9872559
2333,1,9,3,97.5,30611100,Адмиралтейский,Измайловское,к1,Балтийская,279628266,Измайловское к1,37.7261279,55.7785201
2334,2,9,3,111.6,30700490,Выборгский, Александра Матросова,1,Лесная,296753862,Александра Матросова 1,30.7487098,46.460846149999995
2335,7,11,3,107.72,30700200,Московский,Благодатная ,50,Электросила,294662303,Благодатная 50,39.64660201576087,47.22425225
2336,11,11,3,106.96,30483600,Московский,Благодатная ,50,Электросила,294555796,Благодатная 50,39.64660201576087,47.22425225
2337,3,5,3,86.1,30500000,Центральный,проспект Чернышевского,13,Чернышевская,298681503,проспект Чернышевского 13,30.3589827,59.9457724
2338,3,5,3,76.77,31008938,Курортный, Инструментальщиков,18,Беговая,291779588,Инструментальщиков 18,30.42075216303855,54.5430239
2339,6,9,3,114.3,30861000,Выборгский,Светлановский проспект,45,Политехническая,299252995,Светлановский проспект 45,30.3516502,60.0114732
2340,4,10,3,91.8,30915248,Приморский,набережная Черной речки,1,Черная речка,298474370,набережная Черной речки 1,30.302786659263433,59.98711865
2341,1,7,3,89.1,31005730,Адмиралтейский,Измайловское,к1,Балтийская,275536764,Измайловское к1,37.7261279,55.7785201
2342,1,9,3,102.29,30758603,Петроградский,Петроградская набережная,38,Горьковская,258155921,Петроградская набережная 38,30.333000922013227,59.9637442
2343,2,9,3,93.51,30839598,Петроградский,Петроградская набережная,38,Горьковская,258156119,Петроградская набережная 38,30.333000922013227,59.9637442
2344,6,9,3,86.37,30998193,Петроградский,Петроградская набережная,38,Горьковская,258156508,Петроградская набережная 38,30.333000922013227,59.9637442
2345,13,13,3,100.3,31344000,Выборгский,Лиственная ,20к2,Озерки,274971647,Лиственная 20к2,134.5312968,43.3291373
2346,4,4,3,194.0,31300000,Курортный, Тарховская,84Б,Зенит,299315542,Тарховская 84Б,29.9714787,60.0765824
2347,8,9,3,115.8,31050264,Выборгский, Александра Матросова,3,Лесная,296753869,Александра Матросова 3,30.747177996373562,46.46071245
2348,4,9,3,89.43,31228956,Петроградский,Петроградская набережная,38,Горьковская,258156473,Петроградская набережная 38,30.333000922013227,59.9637442
2349,12,13,3,100.5,31407000,Выборгский,Лиственная ,20к2,Озерки,275565760,Лиственная 20к2,134.5312968,43.3291373
2350,19,20,3,96.2,31509999,Василеостровский, Челюскина,8,,292728302,Челюскина 8,77.21582407614503,43.313531100000006
2351,10,11,3,99.43,31538202,Московский,Благодатная ,50,Электросила,267475626,Благодатная 50,39.64660201576087,47.22425225
2352,7,11,3,92.57,31895480,Красногвардейский, Стахановцев,1,Новочеркасская,299636590,Стахановцев 1,33.5067021,44.5629575
2353,4,4,3,189.5,31900000,Курортный, Тарховская,84Б,Зенит,299315540,Тарховская 84Б,29.9714787,60.0765824
2354,1,4,3,108.6,31711200,Красносельский,проспект Патриотов,33,,296569866,проспект Патриотов 33,30.146756789232814,59.86290045
2355,8,16,3,113.8,31896342,Адмиралтейский,Московский проспект,71к3,Фрунзенская,292149689,Московский проспект 71к3,30.31573164357349,59.905744799999994
2356,11,26,3,143.0,31990000,Выборгский,проспект Энгельса,93,Удельная,294815486,проспект Энгельса 93,30.3222646,60.0251617
2357,12,12,3,103.71,31735260,Приморский, Плесецкая,2,Комендантский проспект,275720460,Плесецкая 2,30.2375999,60.0415645
2358,12,12,3,105.21,31720815,Приморский, Плесецкая,4,Комендантский проспект,275720208,Плесецкая 4,30.2077138,60.0305148
2359,1,8,3,108.6,31719888,Красносельский,проспект Патриотов,33,,297300167,проспект Патриотов 33,30.146756789232814,59.86290045
2360,2,9,3,96.12,31700376,Петроградский,Петроградская набережная,38,Горьковская,258156111,Петроградская набережная 38,30.333000922013227,59.9637442
2361,1,9,3,105.55,31738885,Петроградский,Петроградская набережная,38,Горьковская,258156106,Петроградская набережная 38,30.333000922013227,59.9637442
2362,1,9,3,105.42,31699794,Петроградский,Петроградская набережная,38,Горьковская,258155966,Петроградская набережная 38,30.333000922013227,59.9637442
2363,10,14,3,92.0,31900000,Василеостровский,Уральская ,21,Василеостровская,299105627,Уральская 21,74.55641725109031,42.89215135
2364,6,10,3,94.9,32247742,Приморский,набережная Черной речки,1,Черная речка,298474355,набережная Черной речки 1,30.302786659263433,59.98711865
2365,12,12,3,106.29,32046435,Приморский, Плесецкая,4,Комендантский проспект,275720195,Плесецкая 4,30.2077138,60.0305148
2366,2,8,3,112.6,32042992,Красносельский,проспект Патриотов,35,Проспект Ветеранов,296258560,проспект Патриотов 35,30.14466298156439,59.8622765
2367,4,4,3,101.3,32618600,Красносельский,проспект Патриотов,33,,296569899,проспект Патриотов 33,30.146756789232814,59.86290045
2368,4,12,3,118.0,32312500,Приморский,Белоостровская ,7,Лесная,291806251,Белоостровская 7,30.328233976336737,59.98569325
2369,12,12,3,106.31,32530860,Приморский, Плесецкая,2,Комендантский проспект,275720482,Плесецкая 2,30.2375999,60.0415645
2370,2,11,3,118.97,32478810,Московский,Московский проспект,114Б,Московские ворота,294213908,Московский проспект 114Б,28.8626318,47.0476217
2371,6,11,3,102.34,32902500,Красногвардейский, Стахановцев,1,Новочеркасская,299464031,Стахановцев 1,33.5067021,44.5629575
2372,1,5,3,93.73,32732625,Курортный, Инструментальщиков,18,Беговая,293123142,Инструментальщиков 18,30.42075216303855,54.5430239
2373,3,10,3,108.1,32705436,Приморский,Белоостровская ,28,Черная речка,298657145,Белоостровская 28,30.310033001602342,59.9872559
2374,12,12,3,108.81,32806215,Приморский, Плесецкая,4,Комендантский проспект,275720163,Плесецкая 4,30.2077138,60.0305148
2375,1,4,3,130.8,32961600,Красносельский,проспект Патриотов,33,,296569906,проспект Патриотов 33,30.146756789232814,59.86290045
2376,6,10,3,84.1,33486543,Приморский,набережная Черной речки,1,Черная речка,298474327,набережная Черной речки 1,30.302786659263433,59.98711865
2377,12,12,3,108.99,33547122,Приморский,проспект Авиаконструкторов,54,Комендантский проспект,266866819,проспект Авиаконструкторов 54,30.20655429169124,60.033274399999996
2378,1,7,3,99.6,33864000,Петроградский,набережная Реки Карповки,31к2,Петроградская,284740226,набережная Реки Карповки 31к2,30.2893783,59.9689199
2379,2,9,3,112.8,33727200,Петроградский,Петровский проспект,11к3,Спортивная,294575852,Петровский проспект 11к3,30.2623162584233,59.962701949999996
2380,4,9,3,74.99,33745500,Петроградский,проспект Добролюбова,18а,Спортивная,299099161,проспект Добролюбова 18а,30.2985037,59.9498849
2381,4,16,3,127.1,33733859,Адмиралтейский, Парфеновская,6к1,Фрунзенская,292149741,Парфеновская 6к1,30.312553,59.905714
2382,12,12,3,109.83,33607980,Приморский, Плесецкая,2,Комендантский проспект,275720336,Плесецкая 2,30.2375999,60.0415645
2383,1,7,3,100.6,34204000,Петроградский,набережная Реки Карповки,31к2,Петроградская,284740222,набережная Реки Карповки 31к2,30.2893783,59.9689199
2384,5,16,3,127.5,34110860,Адмиралтейский, Парфеновская,6к1,Фрунзенская,292149739,Парфеновская 6к1,30.312553,59.905714
2385,1,8,3,96.8,34066425,Петроградский,Петровский проспект,22к2,Крестовский остров,293496549,Петровский проспект 22к2,30.261877165769224,59.96039365
2386,5,7,3,93.6,34631991,Петроградский,набережная Реки Карповки,31к2,Горьковская,284740273,набережная Реки Карповки 31к2,30.2893783,59.9689199
2387,9,11,3,116.31,34523134,Московский,Благодатная ,50,Электросила,299555565,Благодатная 50,39.64660201576087,47.22425225
2388,4,11,3,126.38,34501740,Московский,Московский проспект,114Б,Московские ворота,294213914,Московский проспект 114Б,28.8626318,47.0476217
2389,2,8,3,77.2,34836036,Петроградский,набережная Реки Карповки,31к1,Петроградская,297863455,набережная Реки Карповки 31к1,30.2893783,59.9689199
2390,3,10,3,94.12,34824400,Московский,Московский проспект,72к2,Фрунзенская,267475892,Московский проспект 72к2,30.3202041,59.906675
2391,9,10,3,97.1,34846342,Приморский,Белоостровская ,28,Черная речка,298657382,Белоостровская 28,30.310033001602342,59.9872559
2392,2,9,3,142.9,34867600,Выборгский,Светлановский проспект,45,Политехническая,299252943,Светлановский проспект 45,30.3516502,60.0114732
2393,2,9,3,113.2,35103320,Петроградский,Петровский проспект,9к2,Спортивная,298085143,Петровский проспект 9к2,30.26765705,59.96069285
2394,2,9,3,144.2,35184800,Выборгский,Светлановский проспект,45,Политехническая,299252944,Светлановский проспект 45,30.3516502,60.0114732
2395,12,12,3,117.23,35344845,Приморский, Плесецкая,4,Комендантский проспект,292252117,Плесецкая 4,30.2077138,60.0305148
2396,3,7,3,101.5,35525000,Петроградский,набережная Реки Карповки,31к2,Чкаловская,284740257,набережная Реки Карповки 31к2,30.2893783,59.9689199
2397,10,12,3,113.0,36000000,Приморский,Белоостровская ,7,Лесная,298198102,Белоостровская 7,30.328233976336737,59.98569325
2398,8,10,3,89.63,35852000,Московский,Московский проспект,72к2,Фрунзенская,283504964,Московский проспект 72к2,30.3202041,59.906675
2399,12,12,3,117.26,35881560,Приморский, Плесецкая,2,Комендантский проспект,294834091,Плесецкая 2,30.2375999,60.0415645
2400,2,9,3,109.9,36376900,Петроградский,Петровский проспект,11к2,Крестовский остров,294545948,Петровский проспект 11к2,30.259412625520834,59.9624914
2401,2,11,3,113.62,36119798,Красногвардейский, Стахановцев,1,Новочеркасская,299464044,Стахановцев 1,33.5067021,44.5629575
2402,7,9,3,118.7,36797000,Петроградский,Петровский проспект,11к2,Крестовский остров,294545972,Петровский проспект 11к2,30.259412625520834,59.9624914
2403,4,11,3,109.63,36638346,Красногвардейский, Стахановцев,1,Новочеркасская,299464125,Стахановцев 1,33.5067021,44.5629575
2404,4,8,3,76.1,36900694,Петроградский,набережная Реки Карповки,31к1,Петроградская,297863464,набережная Реки Карповки 31к1,30.2893783,59.9689199
2405,1,9,3,140.7,37004100,Петроградский,Петровский проспект,9к2,Спортивная,298085181,Петровский проспект 9к2,30.26765705,59.96069285
2406,2,5,3,86.03,36921065,Курортный, Инструментальщиков,18,Беговая,298007307,Инструментальщиков 18,30.42075216303855,54.5430239
2407,8,9,3,109.3,37200000,Выборгский,Нейшлотский переулок,3,Выборгская,298804861,Нейшлотский переулок 3,30.344424354437216,59.96664595
2408,1,5,3,104.87,37505445,Курортный, Инструментальщиков,18,Беговая,293123144,Инструментальщиков 18,30.42075216303855,54.5430239
2409,2,8,3,93.21,37545375,Петроградский,Пионерская ,53,Чкаловская,298529956,Пионерская 53,127.99603210000001,49.614011149999996
2410,3,7,3,85.8,37754247,Петроградский,набережная Реки Карповки,31к1,Петроградская,297863365,набережная Реки Карповки 31к1,30.2893783,59.9689199
2411,2,9,3,108.8,37851520,Петроградский,Петровский проспект,11к3,Спортивная,294545881,Петровский проспект 11к3,30.2623162584233,59.962701949999996
2412,6,6,3,116.7,38000000,Центральный, Маяковского,14,Маяковская,279090664,Маяковского 14,59.20544697066023,53.860310049999995
2413,2,9,3,108.92,38259999,Адмиралтейский, Шкапина,43-45,Балтийская,299481367,Шкапина 43-45,30.2959521,59.9087317
2414,1,8,3,106.3,38268000,Петроградский,Петровский проспект,26к2,Чкаловская,296753454,Петровский проспект 26к2,30.254776622413942,59.96051075
2415,9,10,3,88.84,38201200,Московский,Московский проспект,72к2,Фрунзенская,267475840,Московский проспект 72к2,30.3202041,59.906675
2416,6,9,3,101.1,38377560,Петроградский,Петровский проспект,9к2,Спортивная,298085160,Петровский проспект 9к2,30.26765705,59.96069285
2417,2,9,3,147.1,38334260,Петроградский,Петровский проспект,9к2,Спортивная,298085156,Петровский проспект 9к2,30.26765705,59.96069285
2418,3,8,3,110.4,38353197,Петроградский,Петровский проспект,22к2,Крестовский остров,298980279,Петровский проспект 22к2,30.261877165769224,59.96039365
2419,2,9,3,103.6,38435288,Петроградский,Аптекарский проспект,5,Петроградская,298575201,Аптекарский проспект 5,30.3209142,59.9733978
2420,3,16,3,144.6,38547396,Адмиралтейский, Парфеновская,6к1,Фрунзенская,292149732,Парфеновская 6к1,30.312553,59.905714
2421,11,12,3,110.0,38430000,Приморский,Белоостровская ,7,Лесная,291806209,Белоостровская 7,30.328233976336737,59.98569325
2422,4,7,3,84.9,38786811,Петроградский,набережная Реки Карповки,31к1,Петроградская,297863368,набережная Реки Карповки 31к1,30.2893783,59.9689199
2423,8,9,3,105.29,39000000,Выборгский,Нейшлотский переулок,3,Выборгская,298804867,Нейшлотский переулок 3,30.344424354437216,59.96664595
2424,7,11,3,103.88,38937600,Красногвардейский, Стахановцев,1,Новочеркасская,299636428,Стахановцев 1,33.5067021,44.5629575
2425,4,8,3,88.04,38787523,Петроградский,Пионерская ,53,Чкаловская,298529960,Пионерская 53,127.99603210000001,49.614011149999996
2426,6,9,3,106.86,38870325,Петроградский,Петроградская набережная,38,Горьковская,258156361,Петроградская набережная 38,30.333000922013227,59.9637442
2427,7,10,3,97.07,38828000,Московский,Московский проспект,72к2,Фрунзенская,267475848,Московский проспект 72к2,30.3202041,59.906675
2428,2,9,3,151.0,39229800,Петроградский,Петровский проспект,9к2,Спортивная,298085148,Петровский проспект 9к2,30.26765705,59.96069285
2429,2,9,3,121.0,39385500,Петроградский,Петровский проспект,11к3,Спортивная,294545924,Петровский проспект 11к3,30.2623162584233,59.962701949999996
2430,5,9,3,67.67,39079425,Петроградский,проспект Добролюбова,18а,Спортивная,299107642,проспект Добролюбова 18а,30.2985037,59.9498849
2431,4,8,3,88.83,39055320,Петроградский,Пионерская ,53,Чкаловская,299021186,Пионерская 53,127.99603210000001,49.614011149999996
2432,7,8,3,103.7,39342526,Петроградский,Петровский проспект,22к2,Крестовский остров,293496494,Петровский проспект 22к2,30.261877165769224,59.96039365
2433,8,9,3,100.3,39839160,Петроградский,Петровский проспект,9к2,Спортивная,298085163,Петровский проспект 9к2,30.26765705,59.96069285
2434,6,8,3,107.0,39590000,Петроградский,Петровский проспект,28к2,Крестовский остров,297945686,Петровский проспект 28к2,30.2531546,59.9611345
2435,7,11,3,108.83,39853546,Красногвардейский, Стахановцев,1,Новочеркасская,299464123,Стахановцев 1,33.5067021,44.5629575
2436,4,8,3,121.2,40359600,Петроградский,Петровский проспект,11к2,Крестовский остров,294640046,Петровский проспект 11к2,30.259412625520834,59.9624914
2437,3,9,3,155.9,40705490,Петроградский,Петровский проспект,9к2,Спортивная,298085145,Петровский проспект 9к2,30.26765705,59.96069285
2438,2,6,3,132.0,41000000,Петроградский,Аптекарский проспект,8,Петроградская,294115501,Аптекарский проспект 8,30.319127,59.9709732
2439,2,10,3,127.56,40819200,Московский,Московский проспект,72к2,Фрунзенская,267475895,Московский проспект 72к2,30.3202041,59.906675
2440,6,9,3,112.5,41062500,Петроградский,Петровский проспект,11к2,Крестовский остров,294546013,Петровский проспект 11к2,30.259412625520834,59.9624914
2441,7,9,3,120.36,43197204,Петроградский,Петроградская набережная,38,Горьковская,291971004,Петроградская набережная 38,30.333000922013227,59.9637442
2442,5,8,4,120.0,39900000,Петроградский,Петровский проспект,11к2,Крестовский остров,299064807,Петровский проспект 11к2,30.259412625520834,59.9624914
2443,5,8,4,120.0,39900000,Петроградский,Петровский проспект,11к2,Крестовский остров,299064807,Петровский проспект 11к2,30.259412625520834,59.9624914
2444,7,9,4,168.96,60639744,Петроградский,Петроградская набережная,38,Горьковская,258155755,Петроградская набережная 38,30.333000922013227,59.9637442
2445,7,9,4,168.96,60639744,Петроградский,Петроградская набережная,38,Горьковская,258155755,Петроградская набережная 38,30.333000922013227,59.9637442
2446,7,9,4,141.0,83500000,Центральный,Парадная ,3к2,Чернышевская,297319476,Парадная 3к2,30.36608156312665,59.940674349999995
2447,4,4,4,135.0,165000000,Центральный,набережная Кутузова,24,,291632305,набережная Кутузова 24,30.3383494,59.9482394
2448,4,4,4,135.0,165000000,Центральный,набережная Кутузова,24,Чернышевская,292438602,набережная Кутузова 24,30.3383494,59.9482394
2449,2,4,4,443.0,400000000,Петроградский,Чкаловское,5,,297403314,Чкаловское 5,36.9345851,49.7154088
2450,5,8,4,212.3,101990000,Петроградский,Каменноостровский проспект,64К2,,298746817,Каменноостровский проспект 64К2,30.302634353286074,59.97478825
2451,2,8,4,99.72,50358600,Петроградский,Пионерская ,53,Чкаловская,298529990,Пионерская 53,127.99603210000001,49.614011149999996
2452,4,6,4,127.6,67000000,Петроградский,Петровский проспект,2,Спортивная,299243371,Петровский проспект 2,30.27870659310934,59.9532902
2453,2,7,4,129.7,61866900,Петроградский,Петровский проспект,28к2,Крестовский остров,296753968,Петровский проспект 28к2,30.2531546,59.9611345
2454,7,7,4,222.0,104900000,Петроградский,Каменноостровский проспект,54/31,,291683449,Каменноостровский проспект 54/31,30.305929,59.9717403
2455,6,6,4,140.7,78510600,Московский, Гастелло,7,Московская,296753486,Гастелло 7,47.31394767436609,56.10741075
2456,6,6,4,200.0,275000000,Петроградский,Спортивная ,2,,297829056,Спортивная 2,30.2833282,59.9480129
2457,19,20,4,106.6,31679999,Василеостровский, Челюскина,8,,279506975,Челюскина 8,77.21582407614503,43.313531100000006
2458,3,3,4,122.7,22000000,Курортный, Мира,19,Беговая,291482300,Мира 19,82.70869909336454,50.05307115
2459,4,5,4,93.2,18700000,Адмиралтейский, Егорова,28Г,Фрунзенская,296671521,Егорова 28Г,54.711216,59.262115
2460,3,23,4,108.2,19208081,Приморский, Ивинская,1к1,Зенит,297884845,Ивинская 1к1,30.1260104,60.0327736
2461,9,11,4,248.0,300000000,Петроградский,Ждановская ,45,Спортивная,296471256,Ждановская 45,30.2683398,59.9626211
2462,7,8,4,120.7,88256202,Петроградский,набережная Реки Карповки,31к1,Петроградская,297863432,набережная Реки Карповки 31к1,30.2893783,59.9689199
2463,5,6,4,170.0,85000000,Центральный,Таврическая ,5,,299599858,Таврическая 5,39.6862753,47.24229775
2464,9,9,4,189.2,87852239,Петроградский,Лодейнопольская ,7,Чкаловская,299294167,Лодейнопольская 7,30.290884734005065,59.9644068
2465,7,7,4,133.7,60200000,Центральный,Стремянная ,15/1,,297310313,Стремянная 15/1,30.3523104,59.9307609
2466,3,27,4,112.2,18299820,Выборгский,проезд Толубеевский,36к2,,297360931,проезд Толубеевский 36к2,30.355514299999996,60.085999
2467,9,9,4,153.0,92500000,Петроградский,Петровский проспект,11к3,,291499936,Петровский проспект 11к3,30.2623162584233,59.962701949999996
2468,2,5,4,190.5,140000000,Петроградский,Морской проспект,28,,299521413,Морской проспект 28,83.1050088,54.8385068
2469,1,5,4,178.5,105000000,Петроградский,Чкаловское,5,,290502429,Чкаловское 5,36.9345851,49.7154088
2470,7,9,4,168.96,60639744,Петроградский,Петроградская набережная,38,Горьковская,258155755,Петроградская набережная 38,30.333000922013227,59.9637442
2471,7,9,4,168.96,60639744,Петроградский,Петроградская набережная,38,Горьковская,258155755,Петроградская набережная 38,30.333000922013227,59.9637442
2472,3,4,4,280.0,392000000,Центральный,набережная Кутузова,24,,299519150,набережная Кутузова 24,30.3383494,59.9482394
2473,5,12,4,122.0,37149000,Приморский,Белоостровская ,7,Лесная,291806189,Белоостровская 7,30.328233976336737,59.98569325
2474,4,8,4,228.13,200000000,Петроградский,Вязовая ,8,Крестовский остров,299243384,Вязовая 8,60.16894621086142,56.6723553
2475,4,8,4,204.0,83950000,Петроградский,Петровский проспект,11к2,,287817163,Петровский проспект 11к2,30.259412625520834,59.9624914
2476,4,8,4,118.1,37792000,Петроградский,Петровский проспект,26к2,Чкаловская,296753474,Петровский проспект 26к2,30.254776622413942,59.96051075
2477,16,16,4,260.0,100000000,Петроградский,Пионерская ,50,,290247521,Пионерская 50,45.28558334377023,61.773922049999996
2478,2,10,4,112.6,26855100,Выборгский,Манчестерская ,3,Удельная,296753533,Манчестерская 3,30.3300709,60.0101292
2479,4,4,4,310.0,116900000,Петроградский,Константиновский проспект,26Г,Крестовский остров,298326191,Константиновский проспект 26Г,30.2745933,59.9715905
2480,2,11,4,142.64,39939200,Московский,Благодатная ,50,Электросила,267475759,Благодатная 50,39.64660201576087,47.22425225
2481,1,6,4,78.1,18490000,Адмиралтейский,Гороховая ,58,Звенигородская,290314392,Гороховая 58,30.32965249082401,59.9237531
2482,2,9,4,146.8,38217912,Петроградский,Петровский проспект,9к2,Спортивная,298366945,Петровский проспект 9к2,30.26765705,59.96069285
2483,3,4,4,152.9,38900000,Адмиралтейский,Вознесенский проспект,20,Адмиралтейская,297989120,Вознесенский проспект 20,30.308557723766818,59.9291352
2484,4,4,4,129.7,140000000,Петроградский,Чкаловское,5,Крестовский остров,286846342,Чкаловское 5,36.9345851,49.7154088
2485,2,9,4,142.1,142000000,Петроградский,набережная Адмирала Лазарева,22,Чкаловская,299289644,набережная Адмирала Лазарева 22,30.2770569,59.9640376
2486,2,7,4,100.34,32130000,Адмиралтейский,Малодетскосельский проспект,40,Фрунзенская,299648237,Малодетскосельский проспект 40,30.31980418891118,59.91094985
2487,3,6,4,130.0,39990000,Адмиралтейский,набережная Канала Грибоедова,85/9,Спасская,291794849,набережная Канала Грибоедова 85/9,30.305315783694606,59.92748585
2488,7,18,4,93.1,14200000,Красногвардейский,проспект Маршака,4,Девяткино,294367202,проспект Маршака 4,30.4462918,60.0355405
2489,15,25,4,115.31,27489801,Приморский,Коломяжский проспект,13к2,Пионерская,297024764,Коломяжский проспект 13к2,30.2986208,60.0015533
2490,3,5,4,90.0,17300000,Центральный,переулок Щербаков,2/58,Достоевская,294687087,переулок Щербаков 2/58,30.3402186,59.9290896
2491,7,23,4,160.3,41000000,Московский, Ленсовета,87к3,Звездная,296738901,Ленсовета 87к3,30.34255664999999,59.8350179
2492,3,4,4,102.7,13900000,Курортный, Николая Соколова,31,,297617253,Николая Соколова 31,30.005229040953054,60.05214985
2493,3,8,4,204.67,98241600,Петроградский,набережная Реки Карповки,27,Петроградская,280459375,набережная Реки Карповки 27,30.308582808874807,59.9702531
2494,3,15,4,106.0,25000000,Московский,Свеаборгская ,12,Парк Победы,296612271,Свеаборгская 12,30.33105736687417,59.873149850000004
2495,5,20,4,114.7,29700000,Василеостровский, Челюскина,8,Приморская,292278676,Челюскина 8,77.21582407614503,43.313531100000006
2496,4,5,4,134.0,20494000,Пушкинский,Малиновская ,17,Звездная,295220652,Малиновская 17,129.85328346297595,49.78946315
2497,6,7,4,145.5,39800000,Петроградский,проспект Добролюбова,19,Спортивная,294417712,проспект Добролюбова 19,30.2993569,59.9499041
2498,1,10,4,90.0,11900000,Невский,проспект Большевиков,30К4,Улица Дыбенко,288709028,проспект Большевиков 30К4,30.49536079889677,59.89829585
2499,13,14,4,139.0,31800000,Приморский, Савушкина,117к2,Старая Деревня,296645426,Савушкина 117к2,30.232527,59.986326
2500,3,7,4,187.0,89900000,Петроградский,проспект Добролюбова,19,Спортивная,292460437,проспект Добролюбова 19,30.2993569,59.9499041
2501,5,8,4,96.7,51665843,Петроградский,Пионерская ,53,Чкаловская,298530000,Пионерская 53,127.99603210000001,49.614011149999996
2502,3,5,4,88.5,11200000,Выборгский,Лесной проспект,39к2,Лесная,296011662,Лесной проспект 39к2,30.344129572905054,59.9815593
2503,3,10,4,111.9,27695250,Выборгский,Манчестерская ,3к1,Удельная,296753812,Манчестерская 3к1,30.3433279,60.0130169
2504,5,5,4,91.6,10900000,Выборгский,Лесной проспект,39к3,Лесная,298609403,Лесной проспект 39к3,30.34473764090859,59.98199915
2505,4,10,4,129.1,41701307,Приморский,Белоостровская ,28,Черная речка,298657259,Белоостровская 28,30.310033001602342,59.9872559
2506,4,4,4,237.7,55000000,Василеостровский,Морская набережная,31К2,Приморская,298804781,Морская набережная 31К2,30.216387817093196,59.95788835
2507,6,10,4,112.1,28753650,Выборгский,Манчестерская ,3,Удельная,296753528,Манчестерская 3,30.3300709,60.0101292
2508,4,5,4,133.7,27500000,Петроградский, Мира,10,Горьковская,294739706,Мира 10,82.71134909336455,50.05351375
2509,3,4,4,182.0,69000000,Красносельский, Катерников,6к1,Автово,297217177,Катерников 6к1,30.15688461364663,59.8535241
2510,6,27,4,112.5,20175863,Выборгский,проезд Толубеевский,36к2,,297360939,проезд Толубеевский 36к2,30.355514299999996,60.085999
2511,3,4,4,153.5,70000000,Центральный,Шпалерная ,50а,Чернышевская,295910561,Шпалерная 50а,30.3701836,59.9489443
2512,4,4,4,254.7,195000000,Петроградский,Крестовский проспект,4,Крестовский остров,265781311,Крестовский проспект 4,30.274045162805642,59.96962465
2513,7,9,4,75.7,11000000,Фрунзенский, Турку,9К3,Международная,298382717,Турку 9К3,30.3783935,59.86581
2514,4,5,4,157.0,59000000,Адмиралтейский,набережная Канала Грибоедова,71,Сенная площадь,295910473,набережная Канала Грибоедова 71,30.3130003,59.926069
2515,8,9,4,112.6,36000000,Выборгский, Александра Матросова,1,Лесная,296210961,Александра Матросова 1,30.7487098,46.460846149999995
2516,15,25,4,117.87,27874981,Приморский,Коломяжский проспект,13к2,Пионерская,297024786,Коломяжский проспект 13к2,30.2986208,60.0015533
2517,3,8,4,163.1,92106484,Петроградский,набережная Реки Карповки,31к1,Чкаловская,297863427,набережная Реки Карповки 31к1,30.2893783,59.9689199
2518,4,4,4,240.5,79990000,Центральный,набережная Реки Фонтанки,24,Гостиный двор,284799600,набережная Реки Фонтанки 24,30.3418095,59.9400232
2519,7,9,4,154.38,67386870,Петроградский,Петроградская набережная,38,Горьковская,295104207,Петроградская набережная 38,30.333000922013227,59.9637442
2520,2,7,4,105.9,26500000,Центральный,Мытнинская ,5/2,Площадь Восстания,293076334,Мытнинская 5/2,30.37681195950114,59.93271265
2521,4,7,4,141.3,37500000,Петроградский,Каменноостровский проспект,39,Петроградская,295148527,Каменноостровский проспект 39,30.310790143132646,59.967013300000005
2522,6,21,4,112.8,23500000,Выборгский,проспект Просвещения,33к1,Проспект Просвещения,297411718,проспект Просвещения 33к1,30.34489258976754,60.050231350000004
2523,7,22,4,91.5,32500000,Красносельский,проспект Героев,31,Ленинский проспект,299101727,проспект Героев 31,30.041456349999997,59.345201450000005
2524,11,11,4,144.75,40530000,Московский,Благодатная ,50,Электросила,299555569,Благодатная 50,39.64660201576087,47.22425225
2525,7,7,4,157.0,46000000,Центральный,10-я Советская ,4-6,Площадь Восстания,295885342,10-я Советская 4-6,30.3792551,59.9372579
2526,8,17,4,104.4,48450000,Приморский,Ушаковская набережная,3к2,Черная речка,296213687,Ушаковская набережная 3к2,30.3139789,59.9822766
2527,3,18,4,128.3,25660000,Василеостровский,бульвар Головнина,3к1,Горный институт,294573113,бульвар Головнина 3к1,30.20716529397076,59.932884900000005
2528,2,3,4,81.3,10990000,Красногвардейский,Магнитогорская ,65,Ладожская,292378916,Магнитогорская 65,30.436983294396093,59.94084245
2529,8,10,4,82.9,19580238,Приморский,Парашютная ,79к1,Комендантский проспект,292425293,Парашютная 79к1,30.24186287206487,60.0419148
2530,2,4,4,96.0,31490000,Центральный,набережная Реки Фонтанки,11,Невский проспект,292404258,набережная Реки Фонтанки 11,30.3429733,59.9366687
2531,8,10,4,240.0,74000000,Петроградский,Корпусная ,9,Спортивная,294658647,Корпусная 9,30.2892106,59.9625996
2532,1,18,4,132.8,32098800,Невский,проспект Обуховской обороны,70к4,Елизаровская,298656918,проспект Обуховской обороны 70к4,30.430761,59.900343
2533,7,14,4,108.0,15500000,Пушкинский,проспект Старорусский,8к2,Звездная,299483531,проспект Старорусский 8к2,30.361876105048907,59.80910935
2534,3,3,4,105.5,22023119,Петродворцовый,Красносельское шоссе,22,Проспект Ветеранов,285685179,Красносельское шоссе 22,30.07358835,59.84900105
2535,16,23,4,98.0,22300000,Красносельский,бульвар Балтийский,4,Автово,289813265,бульвар Балтийский 4,30.15559465106345,59.86902705
2536,23,23,4,159.4,51000000,Московский, Ленсовета,87к3,Звездная,294775395,Ленсовета 87к3,30.34255664999999,59.8350179
2537,19,20,4,99.8,16000000,Красносельский, Маршала Казакова,68к1,Автово,298661177,Маршала Казакова 68к1,30.17944050025472,59.86571625
2538,6,9,4,197.8,83076000,Петроградский,Петровский проспект,11к3,Спортивная,294545813,Петровский проспект 11к3,30.2623162584233,59.962701949999996
2539,2,8,4,90.0,20650000,Кировский,Двинская ,6,Нарвская,298848116,Двинская 6,40.70588733242522,44.6704121
2540,7,8,4,168.62,111289200,Петроградский,набережная Реки Карповки,27,Петроградская,280459333,набережная Реки Карповки 27,30.308582808874807,59.9702531
2541,16,25,4,120.0,26480000,Калининский,Учительская ,18к1,Гражданский проспект,291908137,Учительская 18к1,30.404988,60.0326597
2542,13,13,4,144.3,45094000,Выборгский,Лиственная ,20к2,Озерки,282690405,Лиственная 20к2,134.5312968,43.3291373
2543,3,5,4,182.6,79990000,Петроградский,Гатчинская ,11,Чкаловская,295910402,Гатчинская 11,50.113180308670614,53.1840141
2544,13,14,4,168.8,53647880,Красногвардейский,Магнитогорская ,1,Новочеркасская,298804765,Магнитогорская 1,69.28573564999999,41.331904800000004
2545,14,14,4,147.7,29300000,Выборгский,Северный проспект,18/1,Озерки,276352044,Северный проспект 18/1,30.3450778,60.0319953
2546,6,8,4,153.0,85000000,Центральный,Парадная ,3к2,Чернышевская,298223095,Парадная 3к2,30.36608156312665,59.940674349999995
2547,3,4,4,142.2,50000080,Красносельский,проспект Патриотов,33,,296569864,проспект Патриотов 33,30.146756789232814,59.86290045
2548,2,9,4,73.8,9500000,Колпинский,Раумская ,7,Звездная,298464707,Раумская 7,30.58425840962971,59.7369472
2549,3,4,4,137.8,31700000,Адмиралтейский,Измайловский проспект,2,Технологический институт,299137102,Измайловский проспект 2,30.3080569,59.9187584
2550,9,15,4,112.0,38200000,Приморский, Савушкина,140,Беговая,299504246,Савушкина 140,30.1915312,59.9898784
2551,2,4,4,108.5,43500000,Адмиралтейский,Конногвардейский бульвар,6,Адмиралтейская,273738486,Конногвардейский бульвар 6,30.294291340890766,59.93164765
2552,3,3,4,166.0,35000000,Пушкинский, Гумилевская,13к2,Купчино,298531065,Гумилевская 13к2,30.411059443428414,59.69059275
2553,24,24,4,216.0,65000000,Московский,проспект Космонавтов,63к1,Звездная,298686289,проспект Космонавтов 63к1,30.3574914,59.8385665
2554,4,4,4,117.4,20990000,Петроградский,Малая Посадская ,17,Горьковская,298255797,Малая Посадская 17,38.15953875175748,54.83722385
2555,3,6,4,150.0,48800000,Московский,Московский проспект,151,Электросила,298283348,Московский проспект 151,39.1789359,51.7409458
2556,17,18,4,141.1,29900000,Приморский,Стародеревенская ,33/10,Комендантский проспект,259267625,Стародеревенская 33/10,30.250889492486408,60.00735555
2557,9,12,4,122.0,38398500,Приморский,Белоостровская ,7,Лесная,298198078,Белоостровская 7,30.328233976336737,59.98569325
2558,7,7,4,173.6,96000000,Петроградский,Каменноостровский проспект,62,Петроградская,293746976,Каменноостровский проспект 62,30.3035492,59.9726758
2559,4,8,4,157.2,75000000,Приморский,Приморский проспект,78к5,Беговая,286808631,Приморский проспект 78к5,30.187194251561117,59.9870913
2560,2,3,4,220.0,55000000,Курортный,Дубковское шоссе,40к1,,289070923,Дубковское шоссе 40к1,29.94608389264451,60.091312200000004
2561,2,17,4,104.0,22700000,Невский,переулок Клочков,10к2,Проспект Большевиков,294107190,переулок Клочков 10к2,30.4632812,59.9211161
2562,18,18,4,156.9,85000000,Невский,проспект Обуховской обороны,70к4,Елизаровская,299042720,проспект Обуховской обороны 70к4,30.430761,59.900343
2563,14,23,4,77.1,17968855,Невский,Рыбацкое,4,Рыбацкое,298422033,Рыбацкое 4,142.5252448,46.6983225
2564,5,6,4,110.0,75000000,Петроградский,набережная Реки Карповки,23,Петроградская,298888779,набережная Реки Карповки 23,30.309390492819837,59.9701455
2565,6,6,4,133.0,94000000,Центральный,Малая Конюшенная ,5,Гостиный двор,298743732,Малая Конюшенная 5,30.324954,59.9372933
2566,2,9,4,179.4,110000000,Петроградский,Кемская ,1,Крестовский остров,295910416,Кемская 1,40.5259071167338,64.57623699999999
2567,4,7,4,125.15,51679240,Петроградский,набережная Адмирала Лазарева,14,Чкаловская,298202371,набережная Адмирала Лазарева 14,30.2804729,59.9655014
2568,9,14,4,120.6,39000000,Московский,Смоленская ,13,Фрунзенская,296366690,Смоленская 13,71.36667994999999,42.8765793
2569,14,14,4,207.0,64900000,Красногвардейский,Перевозный переулок,4,Новочеркасская,292036474,Перевозный переулок 4,30.4040734217742,59.9310208
2570,1,9,4,110.0,14500000,Красносельский, Маршала Захарова,18к2,Ленинский проспект,295331345,Маршала Захарова 18к2,37.696896,55.6207651
2571,4,5,4,212.0,251600557,Петроградский,набережная Гребного канала,1,Крестовский остров,244728301,набережная Гребного канала 1,30.242982081234814,59.977279800000005
2572,2,9,4,180.0,125000000,Петроградский,Кемская ,1,Крестовский остров,284977134,Кемская 1,40.5259071167338,64.57623699999999
2573,3,6,4,88.1,25108500,Выборгский,Зеленогорская ,3,Удельная,298197981,Зеленогорская 3,45.902260745468496,51.58098175
2574,2,4,4,443.0,400000000,Петроградский,Чкаловское,5,Крестовский остров,299566955,Чкаловское 5,36.9345851,49.7154088
2575,5,10,4,170.0,220000000,Петроградский,Вязовая ,8,Крестовский остров,296441423,Вязовая 8,60.16894621086142,56.6723553
2576,3,10,4,118.1,37790000,Петроградский,Петровский проспект,26к2,Чкаловская,286796506,Петровский проспект 26к2,30.254776622413942,59.96051075
2577,6,8,4,180.0,89000000,Петроградский,Морской проспект,33,Крестовский остров,295994104,Морской проспект 33,83.09576942816605,54.83346415
2578,16,16,4,262.2,100000000,Петроградский,Пионерская ,50,,295910375,Пионерская 50,45.28558334377023,61.773922049999996
2579,3,4,4,280.0,392000000,Центральный,Гагаринская ,1/24,Чернышевская,299568168,Гагаринская 1/24,30.341136413993542,59.94830915
2580,4,4,4,254.7,195000000,Петроградский,Крестовский проспект,4,,299336232,Крестовский проспект 4,30.274045162805642,59.96962465
2581,6,17,4,128.12,32350300,Выборгский,Большой Сампсониевский проспект,77,Лесная,299249826,Большой Сампсониевский проспект 77,30.334469,59.9876928
2582,5,8,4,264.5,185000000,Петроградский,Крестовский проспект,30,Крестовский остров,295910493,Крестовский проспект 30,30.263572946825764,59.96598655
2583,11,11,4,102.7,31323500,Московский, Решетникова,29,Электросила,298800503,Решетникова 29,132.04529569150148,44.73596455
2584,6,6,4,91.9,27432150,Выборгский,Зеленогорская ,3,Удельная,298197993,Зеленогорская 3,45.902260745468496,51.58098175
2585,3,6,4,123.9,17700000,Центральный,5-я Советская ,7-9,Площадь Восстания,299606608,5-я Советская 7-9,30.368405015930662,59.934841899999995
2586,1,5,4,60.01,7100000,Фрунзенский, Турку,23К3,Проспект Славы,298271333,Турку 23К3,30.396547835177078,59.8652619
2587,1,6,4,78.8,13790000,Пушкинский, Архитектора Данини,19к1,Купчино,295942577,Архитектора Данини 19к1,30.40868802682601,59.695075849999995
2588,1,4,4,149.4,42130800,Красносельский,проспект Патриотов,33,,296569861,проспект Патриотов 33,30.146756789232814,59.86290045
2589,3,3,4,250.0,55000000,Приморский,1-я Утиная ,17к1,Озерки,297218809,1-я Утиная 17к1,30.2987346,60.0349797
2590,7,10,4,88.1,20206445,Приморский,Парашютная ,79к1,Озерки,292425364,Парашютная 79к1,30.24186287206487,60.0419148
2591,2,4,4,190.0,129500000,Петроградский,набережная Мартынова,62Е,Крестовский остров,297860311,набережная Мартынова 62Е,30.2511569,59.9755889
2592,3,12,4,83.0,17790000,Приморский,Дибуновская ,37,Старая Деревня,288009985,Дибуновская 37,30.26992,59.985883
2593,4,6,4,97.3,15900000,Адмиралтейский,Бронницкая ,22,Технологический институт,293650125,Бронницкая 22,38.1475408,55.5921382
2594,1,6,4,122.8,32000000,Петроградский, Подрезова,18,Петроградская,293911859,Подрезова 18,30.302043339160008,59.96497235
2595,2,5,4,93.4,19400000,Адмиралтейский,Галерная ,46,Василеостровская,297789928,Галерная 46,30.28749351045265,59.93078005
2596,4,6,4,110.1,17700000,Центральный,Гангутская ,16,,287087868,Гангутская 16,30.3418315,59.9450384
2597,3,4,4,135.4,47660800,Красносельский,проспект Патриотов,33,,296569901,проспект Патриотов 33,30.146756789232814,59.86290045
2598,8,18,4,128.6,25720000,Василеостровский,бульвар Головнина,3к1,Горный институт,297709745,бульвар Головнина 3к1,30.20716529397076,59.932884900000005
2599,7,16,4,135.0,23000000,Калининский,проспект Непокоренных,49к2,Площадь Мужества,292946106,проспект Непокоренных 49к2,30.3897951,59.9940404
2600,1,3,4,116.8,22557811,Петродворцовый,Красносельское шоссе,22,Проспект Ветеранов,293828725,Красносельское шоссе 22,30.07358835,59.84900105
2601,16,16,4,111.4,24800000,Калининский, Ушинского,2к1,Гражданский проспект,294688938,Ушинского 2к1,30.4030269,60.0287046
2602,3,5,4,59.0,8700000,Московский, Костюшко,90,Московская,293032379,Костюшко 90,44.546289897029695,48.4850158
2603,4,14,4,79.4,9500000,Красногвардейский, Передовиков,29К1,Улица Дыбенко,297504537,Передовиков 29К1,30.46197675916138,59.950044399999996
2604,3,3,4,105.1,21939619,Петродворцовый,Красносельское шоссе,22,Ленинский проспект,285685213,Красносельское шоссе 22,30.07358835,59.84900105
2605,3,8,4,177.7,56000000,Центральный,набережная Воскресенская,12,Площадь Ленина,297901385,набережная Воскресенская 12,30.364717,59.9495192
2606,4,23,4,75.64,16823125,Невский,Рыбацкое,4,Рыбацкое,296654423,Рыбацкое 4,142.5252448,46.6983225
2607,9,9,4,150.5,66776850,Петроградский,Петровский проспект,11к2,Крестовский остров,294546000,Петровский проспект 11к2,30.259412625520834,59.9624914
2608,16,16,4,132.5,26500000,Василеостровский,Морская набережная,39к3,Приморская,297724408,Морская набережная 39к3,30.22823337703701,59.9598493
2609,1,18,4,151.1,35475660,Невский,проспект Обуховской обороны,70к4,Елизаровская,299324379,проспект Обуховской обороны 70к4,30.430761,59.900343
2610,6,7,4,240.0,65000000,Петроградский,Каменноостровский проспект,54/31,Петроградская,299348378,Каменноостровский проспект 54/31,30.305929,59.9717403
2611,3,3,4,225.3,157710000,Петроградский,Санаторная аллея,3,Черная речка,244728473,Санаторная аллея 3,30.287039612343417,59.97530985
2612,5,5,4,104.3,19000000,Центральный,Дегтярная ,13,Площадь Восстания,295978709,Дегтярная 13,30.37386126770793,59.93364735
2613,2,3,4,257.6,218960000,Петроградский,Санаторная аллея,3,Черная речка,244728465,Санаторная аллея 3,30.287039612343417,59.97530985
2614,6,8,4,130.5,41000000,Петроградский, Кропоткина,24Б,Горьковская,298771765,Кропоткина 24Б,74.6274143,42.846415
2615,3,18,4,134.4,26880000,Василеостровский,бульвар Головнина,3к1,Горный институт,294573115,бульвар Головнина 3к1,30.20716529397076,59.932884900000005
2616,10,15,4,173.4,55000000,Приморский,Дибуновская ,50,Старая Деревня,295910523,Дибуновская 50,30.2604648,59.9849201
2617,1,8,4,149.5,42167970,Красносельский,проспект Патриотов,33,,297300193,проспект Патриотов 33,30.146756789232814,59.86290045
2618,1,15,4,124.7,34499000,Красногвардейский,Магнитогорская ,3к2,Новочеркасская,289687176,Магнитогорская 3к2,30.420108096148898,59.93535765
2619,2,7,4,138.4,50930000,Адмиралтейский,Малодетскосельский проспект,40,Фрунзенская,299336198,Малодетскосельский проспект 40,30.31980418891118,59.91094985
2620,7,9,4,154.6,46843800,Петроградский,Петровский проспект,11к2,Крестовский остров,294545978,Петровский проспект 11к2,30.259412625520834,59.9624914
2621,6,8,4,157.0,69500000,Приморский,Приморский проспект,78к5,Беговая,295910462,Приморский проспект 78к5,30.187194251561117,59.9870913
2622,2,20,4,113.0,21500000,Невский, Ворошилова,31к3,Проспект Большевиков,298366333,Ворошилова 31к3,30.4638618521978,59.93194595
2623,1,9,4,178.8,60827760,Петроградский,Петровский проспект,11к3,Спортивная,294545773,Петровский проспект 11к3,30.2623162584233,59.962701949999996
2624,10,16,4,206.8,175000000,Выборгский,Большой Сампсониевский проспект,4-6,Площадь Ленина,291788206,Большой Сампсониевский проспект 4-6,30.34376708508626,59.95730935
2625,7,7,4,213.4,88117000,Петроградский, Рентгена,25,Петроградская,299336131,Рентгена 25,55.12531695,51.774750600000004
2626,7,7,4,363.0,350000000,Петроградский,Динамовская ,2,Крестовский остров,297418798,Динамовская 2,45.93196428152615,51.510169950000005
2627,2,5,4,216.4,207531061,Петроградский,набережная Гребного канала,1,Крестовский остров,244728275,набережная Гребного канала 1,30.242982081234814,59.977279800000005
2628,7,7,4,212.4,88922000,Петроградский, Рентгена,25,Петроградская,299336278,Рентгена 25,55.12531695,51.774750600000004
2629,1,4,4,151.6,173893083,Петроградский,1-я Березовая аллея,7,Черная речка,288144324,1-я Березовая аллея 7,30.294332592828567,59.9786866
2630,7,9,4,156.0,160000000,Петроградский,набережная Адмирала Лазарева,22,Чкаловская,299336158,набережная Адмирала Лазарева 22,30.2770569,59.9640376
2631,4,7,4,211.5,94329000,Петроградский,Петровский проспект,11к3,Спортивная,294545870,Петровский проспект 11к3,30.2623162584233,59.962701949999996
2632,4,4,4,96.7,13900000,Московский,Московский проспект,78К,Фрунзенская,294827990,Московский проспект 78К,28.8626318,47.0476217
2633,7,10,4,85.7,19655985,Приморский,Парашютная ,79к1,Комендантский проспект,292425353,Парашютная 79к1,30.24186287206487,60.0419148
2634,5,12,4,110.0,27000000,Невский,проспект Обуховской обороны,70к4,Елизаровская,295328673,проспект Обуховской обороны 70к4,30.430761,59.900343
2635,4,6,4,120.0,30000000,Петроградский, Большая Зеленина,3,Чкаловская,298922049,Большая Зеленина 3,30.29543490401786,59.9598536
2636,2,18,4,137.2,26754000,Василеостровский,бульвар Головнина,3к1,Горный институт,294573112,бульвар Головнина 3к1,30.20716529397076,59.932884900000005
2637,2,5,4,130.0,30000000,Приморский,Школьная ,8,Черная речка,296221278,Школьная 8,41.88597939275617,43.746828449999995
2638,2,3,4,130.6,19900000,Адмиралтейский,Садовая ,89,Балтийская,296307988,Садовая 89,77.00568170227635,52.24303075
2639,1,3,4,115.7,22345366,Петродворцовый,Красносельское шоссе,22,Ленинский проспект,293828750,Красносельское шоссе 22,30.07358835,59.84900105
2640,22,25,4,117.0,20500000,Красносельский,Ленинский проспект,51,Ленинский проспект,299094191,Ленинский проспект 51,39.23745387417472,51.651928749999996
2641,7,8,4,175.3,79077830,Петроградский,Петровский проспект,11к3,Спортивная,294545918,Петровский проспект 11к3,30.2623162584233,59.962701949999996
2642,6,8,4,123.4,61685000,Петроградский,Петровский проспект,26к2,Чкаловская,280937837,Петровский проспект 26к2,30.254776622413942,59.96051075
2643,10,17,4,155.0,42000000,Московский,Московский проспект,183-185,Московская,254021459,Московский проспект 183-185,30.3149592,59.855295
2644,5,8,4,180.7,80339220,Петроградский,Петровский проспект,11к3,Спортивная,294545902,Петровский проспект 11к3,30.2623162584233,59.962701949999996
2645,11,25,4,120.5,20500000,Приморский,аллея Поликарпова,2,Пионерская,294468954,аллея Поликарпова 2,30.2960896,60.0056331
2646,1,4,4,251.3,301560000,Петроградский,1-я Березовая аллея,7,Черная речка,260854425,1-я Березовая аллея 7,30.294332592828567,59.9786866
2647,4,4,4,115.3,17500000,Адмиралтейский,Подольская ,17,Пушкинская,299278811,Подольская 17,74.57001913143625,42.80635225
2648,2,3,4,102.2,20033124,Петродворцовый,Красносельское шоссе,22,Ленинский проспект,293828743,Красносельское шоссе 22,30.07358835,59.84900105
2649,5,6,4,100.0,24000000,Московский,Московский проспект,175,Парк Победы,299565469,Московский проспект 175,137.05285372521732,50.595867999999996
2650,3,4,4,95.7,20000000,Адмиралтейский, Глинки,3-5-7,Садовая,287868763,Глинки 3-5-7,30.295313,59.9264825
2651,1,7,4,155.5,58545750,Петроградский,Петровский проспект,11к3,Спортивная,294545866,Петровский проспект 11к3,30.2623162584233,59.962701949999996
2652,5,10,4,89.1,16800000,Приморский, Ильюшина,6,Комендантский проспект,298052507,Ильюшина 6,37.54080116410009,55.80353345
2653,1,18,4,151.9,35663340,Невский,проспект Обуховской обороны,70к4,Елизаровская,298656920,проспект Обуховской обороны 70к4,30.430761,59.900343
2654,3,4,4,74.0,11990000,Адмиралтейский,Рижский проспект,54,Нарвская,294573039,Рижский проспект 54,28.3007583,57.8147778
2655,1,4,4,111.3,127666888,Петроградский,1-я Березовая аллея,7,Черная речка,288144330,1-я Березовая аллея 7,30.294332592828567,59.9786866
2656,4,5,4,101.7,16760000,Василеостровский,проспект Кима,7/19,Приморская,298654722,проспект Кима 7/19,30.24692076573807,59.95218965
2657,2,4,4,79.4,12300000,Невский,проспект Обуховской обороны,33,Площадь Александра Невского,280167220,проспект Обуховской обороны 33,30.404931005294493,59.9128654
2658,5,9,4,175.5,71955000,Петроградский,Петровский проспект,11к3,Спортивная,294545787,Петровский проспект 11к3,30.2623162584233,59.962701949999996
2659,6,8,4,199.7,80279400,Петроградский,Петровский проспект,11к2,Крестовский остров,294546057,Петровский проспект 11к2,30.259412625520834,59.9624914
2660,5,5,4,175.7,28990000,Центральный,Фурштатская ,47/11,Чернышевская,286149343,Фурштатская 47/11,30.367094492769183,59.944699549999996
2661,21,22,4,85.5,17680000,Приморский,Лыжный переулок,4к3,Беговая,291095058,Лыжный переулок 4к3,30.1976931,59.9983249
2662,1,18,4,163.0,39392100,Невский,проспект Обуховской обороны,70к4,Елизаровская,298656930,проспект Обуховской обороны 70к4,30.430761,59.900343
2663,5,5,4,74.0,18050000,Петроградский,Кронверкский проспект,23,Горьковская,297008329,Кронверкский проспект 23,30.3183081,59.956877
2664,6,8,4,198.05,122791000,Петроградский,набережная Реки Карповки,27,Петроградская,280459322,набережная Реки Карповки 27,30.308582808874807,59.9702531
2665,3,5,4,118.9,23700000,Петроградский, Ленина,28,Чкаловская,291359384,Ленина 28,53.0293231609017,57.2986947
2666,2,7,4,210.7,83226500,Петроградский,Петровский проспект,11к3,Спортивная,294545846,Петровский проспект 11к3,30.2623162584233,59.962701949999996
2667,4,4,4,183.5,44500000,Петроградский,Большая Посадская ,4,Горьковская,295687793,Большая Посадская 4,49.7977875,58.651881450000005
2668,7,9,4,126.0,45536400,Петроградский,Петровский проспект,11к2,Крестовский остров,294545976,Петровский проспект 11к2,30.259412625520834,59.9624914
2669,4,9,4,73.3,11300000,Выборгский,проспект Художников,3К1,Озерки,298804842,проспект Художников 3К1,30.34536043858369,60.0328997
2670,6,18,4,85.0,18800000,Приморский,аллея Арцеуловская,17,Комендантский проспект,297091463,аллея Арцеуловская 17,30.20424840166767,60.04038285
2671,11,19,4,93.1,15600000,Невский, Латышских Стрелков,15к2,Проспект Большевиков,294303762,Латышских Стрелков 15к2,30.4599203,59.9303649
2672,3,6,4,122.0,24900000,Петроградский,Сытнинская ,10,Горьковская,294204209,Сытнинская 10,30.308191743467038,59.95778935
2673,5,11,4,108.0,34020000,Приморский,Фермское шоссе,10,Удельная,296288436,Фермское шоссе 10,30.3114626,60.012072
2674,9,9,4,188.5,73326500,Петроградский,Петровский проспект,11к2,Крестовский остров,294546002,Петровский проспект 11к2,30.259412625520834,59.9624914
2675,2,6,4,108.6,19500000,Адмиралтейский,набережная Реки Фонтанки,126,Садовая,286430736,набережная Реки Фонтанки 126,30.30593855945397,59.9180596
2676,3,3,4,99.4,20749744,Петродворцовый,Красносельское шоссе,22,Ленинский проспект,285685208,Красносельское шоссе 22,30.07358835,59.84900105
2677,5,9,4,73.9,11350000,Фрунзенский,Купчинская ,20К3,Дунайская,288960556,Купчинская 20К3,30.393991639410125,59.83520335
2678,2,7,4,141.59,55641600,Адмиралтейский,Малодетскосельский проспект,40,Фрунзенская,299648242,Малодетскосельский проспект 40,30.31980418891118,59.91094985
2679,5,5,4,75.0,12900000,Адмиралтейский, Володи Ермака,2,Садовая,287170370,Володи Ермака 2,30.281171526839778,59.92195835
2680,7,7,4,101.99,42269400,Адмиралтейский,Малодетскосельский проспект,40,Фрунзенская,299648240,Малодетскосельский проспект 40,30.31980418891118,59.91094985
2681,4,6,4,110.1,17700000,Центральный,Гангутская ,16,Чернышевская,299369314,Гангутская 16,30.3418315,59.9450384
2682,2,7,4,100.69,36382320,Адмиралтейский,Малодетскосельский проспект,40,Фрунзенская,299648238,Малодетскосельский проспект 40,30.31980418891118,59.91094985
2683,8,8,4,148.0,57000000,Петроградский, Большая Зеленина,34,Чкаловская,294266311,Большая Зеленина 34,30.284067021893897,59.96483895
2684,1,8,4,183.7,66793320,Петроградский,Петровский проспект,11к3,Спортивная,294545895,Петровский проспект 11к3,30.2623162584233,59.962701949999996
2685,2,3,4,107.0,20974014,Петродворцовый,Красносельское шоссе,22,Ленинский проспект,285685146,Красносельское шоссе 22,30.07358835,59.84900105
2686,5,5,4,50.0,6390000,Кировский, Лени Голикова,10,Проспект Ветеранов,299109035,Лени Голикова 10,33.293525599999995,58.39284635
2687,5,5,4,107.5,18900000,Московский, Севастьянова,5,Электросила,268147453,Севастьянова 5,39.04588595,45.0816139
2688,1,3,4,111.7,12295000,Калининский, Академика Лебедева,20,Площадь Ленина,295734252,Академика Лебедева 20,30.357904304018277,59.964100450000004
2689,7,8,4,143.7,61900000,Петроградский,Каменноостровский проспект,64К2,Петроградская,293072667,Каменноостровский проспект 64К2,30.302634353286074,59.97478825
2690,4,17,4,117.0,20000000,Красногвардейский, Коммуны,50,Проспект Большевиков,282211442,Коммуны 50,48.43500204693394,53.11570815
2691,8,8,4,149.38,134442000,Петроградский,набережная Реки Карповки,27,Петроградская,280459344,набережная Реки Карповки 27,30.308582808874807,59.9702531
2692,1,3,4,84.7,10200000,Калининский,Бестужевская ,29,Ладожская,299334765,Бестужевская 29,133.12977501953162,43.16482775
2693,5,5,4,77.5,14500000,Кировский, Швецова,10,Нарвская,292875116,Швецова 10,37.9657125143657,47.957082099999994
2694,3,3,4,100.8,20125353,Петродворцовый,Красносельское шоссе,22,Автово,293828741,Красносельское шоссе 22,30.07358835,59.84900105
2695,12,14,4,87.0,22000000,Невский,Октябрьская набережная,34к2,Новочеркасская,283949328,Октябрьская набережная 34к2,30.4384294,59.905247
2696,9,9,4,73.5,11500000,Выборгский,Поэтический бульвар,5,Проспект Просвещения,296426270,Поэтический бульвар 5,30.345862957254397,60.0438334
2697,1,3,4,123.1,23774543,Петродворцовый,Красносельское шоссе,22,Ленинский проспект,285685242,Красносельское шоссе 22,30.07358835,59.84900105
2698,21,22,4,85.0,17700000,Приморский,Лыжный переулок,4к3,Беговая,291732092,Лыжный переулок 4к3,30.1976931,59.9983249
2699,3,3,4,230.0,188600000,Петроградский,Санаторная аллея,3,Черная речка,244728468,Санаторная аллея 3,30.287039612343417,59.97530985
2700,4,5,4,86.0,14200000,Кировский, Маринеско,1,Автово,270992717,Маринеско 1,39.458040049999994,51.656699849999995
2701,7,7,4,201.8,120373700,Петроградский,Петровский проспект,11к3,Спортивная,294545861,Петровский проспект 11к3,30.2623162584233,59.962701949999996
2702,3,6,4,85.2,17500000,Адмиралтейский,Подольская ,45,Технологический институт,291322758,Подольская 45,74.56936588656592,42.8082822
2703,5,5,4,104.0,18500000,Центральный,Загородный проспект,9,Достоевская,293373912,Загородный проспект 9,30.3432805,59.9266722
2704,1,3,4,113.5,21920476,Петродворцовый,Красносельское шоссе,22,Проспект Ветеранов,285685210,Красносельское шоссе 22,30.07358835,59.84900105
2705,2,3,4,100.2,18500000,Петродворцовый,Красносельское шоссе,22,Автово,295157847,Красносельское шоссе 22,30.07358835,59.84900105
2706,5,9,4,73.0,10100000,Выборгский,Суздальский проспект,9,Проспект Просвещения,298048287,Суздальский проспект 9,40.467191049893366,56.16429925
2707,3,9,4,144.2,44702000,Петроградский,Петровский проспект,11к3,Спортивная,294545925,Петровский проспект 11к3,30.2623162584233,59.962701949999996
2708,3,3,4,225.0,27000000,Курортный, Коробицына,2Т,Беговая,280798559,Коробицына 2Т,29.9832397,60.0489278
2709,5,5,4,160.0,48000000,Петроградский, Ленина,8,Горьковская,293738865,Ленина 8,74.96783144802637,46.83772675
2710,1,4,4,72.0,16700000,Центральный,Фурштатская ,3,Чернышевская,297701760,Фурштатская 3,30.3502345,59.9451327
2711,2,23,4,108.93,19277544,Приморский, Ивинская,1к1,Зенит,297361728,Ивинская 1к1,30.1260104,60.0327736
2712,4,5,4,49.1,7300000,Фрунзенский, Белы Куна,7К3,Международная,299247319,Белы Куна 7К3,30.38475928483726,59.8713463
2713,25,25,4,110.0,30000000,Калининский, Брянцева,13к1,Гражданский проспект,295926570,Брянцева 13к1,30.409250484502635,60.04039205
2714,8,8,4,125.43,112887000,Петроградский,набережная Реки Карповки,27,Петроградская,280459354,набережная Реки Карповки 27,30.308582808874807,59.9702531
2715,2,8,4,203.6,69834800,Петроградский,Петровский проспект,11к2,Крестовский остров,294546022,Петровский проспект 11к2,30.259412625520834,59.9624914
2716,5,5,4,102.0,25000000,Адмиралтейский, Декабристов,18,Садовая,295067905,Декабристов 18,71.3979651,42.87077535
2717,3,9,4,159.0,67734000,Петроградский,Петровский проспект,11к3,Спортивная,294545805,Петровский проспект 11к3,30.2623162584233,59.962701949999996
2718,5,6,4,83.4,10400000,Пушкинский, Ростовская,1,,292857915,Ростовская 1,76.97043967827102,43.27423105
2719,2,8,4,178.4,71360000,Петроградский,Петровский проспект,11к3,Спортивная,299324618,Петровский проспект 11к3,30.2623162584233,59.962701949999996
2720,4,8,4,204.36,106267200,Петроградский,набережная Реки Карповки,27,Петроградская,280459377,набережная Реки Карповки 27,30.308582808874807,59.9702531
2721,5,5,4,117.0,23000000,Петроградский,Лахтинская ,28,Чкаловская,295034200,Лахтинская 28,30.297632094094382,59.963520149999994
2722,7,7,4,203.4,121328100,Петроградский,Петровский проспект,11к3,Спортивная,294545876,Петровский проспект 11к3,30.2623162584233,59.962701949999996
2723,3,5,4,100.0,18000000,Калининский, Комсомола,17,Площадь Ленина,296326762,Комсомола 17,29.7841723,59.987475
2724,7,8,4,174.12,125366400,Петроградский,набережная Реки Карповки,27,Петроградская,280459442,набережная Реки Карповки 27,30.308582808874807,59.9702531
2725,4,5,4,196.3,31000000,Курортный, Николая Соколова,31,Беговая,290781046,Николая Соколова 31,30.005229040953054,60.05214985
2726,8,9,4,173.7,83410740,Петроградский,Петровский проспект,11к3,Спортивная,294545798,Петровский проспект 11к3,30.2623162584233,59.962701949999996
2727,1,8,4,149.4,42139764,Красносельский,проспект Патриотов,33,,297300190,проспект Патриотов 33,30.146756789232814,59.86290045
2728,15,16,4,119.7,21000000,Московский, Ленсовета,90,Звездная,286019442,Ленсовета 90,30.3521964,59.8319637
2729,9,9,4,146.3,60076632,Петроградский,Петровский проспект,9к2,Спортивная,298366956,Петровский проспект 9к2,30.26765705,59.96069285
2730,13,16,4,153.09,28600000,Красногвардейский, Маршала Тухачевского,13,Ладожская,294420801,Маршала Тухачевского 13,30.4317534,59.9663218
2731,3,9,4,176.7,73683900,Петроградский,Петровский проспект,11к3,Спортивная,294545780,Петровский проспект 11к3,30.2623162584233,59.962701949999996
2732,1,9,4,75.7,10800000,Красногвардейский,Ириновский проспект,17К3,Улица Дыбенко,295039262,Ириновский проспект 17К3,30.46513705,59.95403205
2733,5,8,4,205.89,115298400,Петроградский,набережная Реки Карповки,27,Петроградская,288819509,набережная Реки Карповки 27,30.308582808874807,59.9702531
2734,2,3,4,100.9,13499000,Колпинский,набережная Комсомольского Канала,24/1,Шушары,274757002,набережная Комсомольского Канала 24/1,30.611190637255625,59.74814925
2735,2,7,4,189.9,28000000,Петроградский,набережная Реки Карповки,30,Петроградская,292699650,набережная Реки Карповки 30,30.301313677139603,59.969595999999996
2736,1,9,4,159.6,58254000,Петроградский,Петровский проспект,11к3,Спортивная,294545801,Петровский проспект 11к3,30.2623162584233,59.962701949999996
2737,3,9,4,201.4,77136200,Петроградский,Петровский проспект,11к3,Спортивная,294545806,Петровский проспект 11к3,30.2623162584233,59.962701949999996
2738,5,9,4,76.0,10700000,Фрунзенский,Софийская ,29К1,Международная,297766741,Софийская 29К1,30.51603601307137,50.45339075
2739,3,9,4,94.51,12500000,Колпинский,Загородная ,43к5,,293264517,Загородная 43к5,23.32295,52.25861
2740,12,25,4,116.5,16400000,Красносельский,Ленинский проспект,51,Ленинский проспект,292452136,Ленинский проспект 51,39.23745387417472,51.651928749999996
2741,2,6,4,109.4,18700000,Невский,Ивановская ,13,Ломоносовская,292543409,Ивановская 13,42.370181941859855,61.29209765
2742,4,4,4,91.0,18950000,Пушкинский, Гренадерская,12к2,,291486836,Гренадерская 12к2,30.37780603336258,59.70508005
2743,4,6,4,117.1,19600000,Центральный,Тележная ,26-28,Площадь Восстания,298746017,Тележная 26-28,30.376572252282998,59.9255143
2744,5,5,4,89.6,20700000,Московский,Благодатная ,28,Электросила,286545056,Благодатная 28,39.64978984814459,47.22566225
2745,2,4,4,138.0,21500000,Центральный,Моховая ,30,,296563183,Моховая 30,30.345914,59.9410941
2746,2,6,4,114.0,22000000,Центральный,Невский проспект,131,Площадь Александра Невского,273493241,Невский проспект 131,30.3744829,59.9262319
2747,2,7,4,113.6,22500000,Центральный,Свечной переулок,27,Лиговский проспект,291314572,Свечной переулок 27,30.355698970650145,59.9236135
2748,6,7,4,133.1,22400000,Центральный,Свечной переулок,27,Лиговский проспект,297963579,Свечной переулок 27,30.355698970650145,59.9236135
2749,9,10,4,116.0,22900000,Калининский,Политехническая ,17К1,Площадь Мужества,287302394,Политехническая 17К1,30.383880462805006,60.010174
2750,6,6,4,145.8,23000000,Петроградский, Куйбышева,36,Горьковская,298526638,Куйбышева 36,92.21843743783958,58.4551486
2751,1,6,4,130.0,23500000,Адмиралтейский,набережная Реки Фонтанки,165,Балтийская,297774493,набережная Реки Фонтанки 165,30.29337748521072,59.91670805
2752,3,4,4,151.4,23500000,Адмиралтейский,Садовая ,56,Садовая,295728289,Садовая 56,43.642997699999995,49.7648004
2753,4,12,4,129.45,26293815,Приморский,Белоостровская ,7,Лесная,291838231,Белоостровская 7,30.328233976336737,59.98569325
2754,3,5,4,95.6,27400000,Петроградский, Куйбышева,23,Горьковская,291550931,Куйбышева 23,79.68990685105115,50.71912445
2755,5,5,4,100.3,28000000,Центральный, Ломоносова,20,Достоевская,299249709,Ломоносова 20,78.45333635489315,44.93449615
2756,23,23,4,101.3,28200000,Калининский,Пискарёвка,5к8,Лесная,293521801,Пискарёвка 5к8,30.4182017,59.9924121
2757,13,24,4,148.9,28800000,Калининский,Гражданский проспект,36,Академическая,289479283,Гражданский проспект 36,36.596968655737435,50.59431605
2758,2,5,4,101.5,28900000,Центральный,Тульская ,9,Чернышевская,296686971,Тульская 9,76.96725227476514,43.2757263
2759,1,6,4,93.1,29900000,Центральный,Кирочная ,32-34,Чернышевская,262743416,Кирочная 32-34,30.362956874261105,59.944277799999995
2760,2,3,4,126.0,30900000,Красносельский,Петергофское шоссе,76к13,Ленинский проспект,295052109,Петергофское шоссе 76к13,30.1150778,59.844054
2761,9,11,4,114.0,34900000,Московский,Сызранская ,23,Электросила,297173416,Сызранская 23,55.12533779733761,51.784675699999994
2762,15,16,4,220.0,34999999,Выборгский,проспект Просвещения,14к4,Проспект Просвещения,296993470,проспект Просвещения 14к4,30.310863213320516,60.058743050000004
2763,5,5,4,148.4,37500000,Центральный, Рылеева,10,Чернышевская,293311236,Рылеева 10,77.25412640513217,43.30918935
2764,4,4,4,157.9,37850000,Адмиралтейский,Большая Морская ,31,Адмиралтейская,294314170,Большая Морская 31,30.3109433,59.9339274
2765,4,4,4,170.9,38850000,Адмиралтейский,Большая Морская ,31,Адмиралтейская,287265523,Большая Морская 31,30.3109433,59.9339274
2766,5,8,4,120.0,39900000,Петроградский,Петровский проспект,11к2,Крестовский остров,299064807,Петровский проспект 11к2,30.259412625520834,59.9624914
2767,5,8,4,120.0,39900000,Петроградский,Петровский проспект,11к2,Крестовский остров,299064807,Петровский проспект 11к2,30.259412625520834,59.9624914
2768,8,26,4,145.1,39900000,Приморский,Коломяжский проспект,20,Пионерская,294168068,Коломяжский проспект 20,30.2957256,59.9997871
2769,10,21,4,120.6,42000000,Василеостровский, Челюскина,8,Приморская,298297162,Челюскина 8,77.21582407614503,43.313531100000006
2770,15,21,4,120.5,42000000,Василеостровский, Челюскина,8,Приморская,298297156,Челюскина 8,77.21582407614503,43.313531100000006
2771,10,13,4,116.0,44500000,Приморский,Приморский проспект,62к1,Беговая,297550138,Приморский проспект 62к1,30.2244535217437,59.981954599999995
2772,2,8,4,122.0,44500000,Адмиралтейский,набережная Обводного Канала,106,Фрунзенская,299410581,набережная Обводного Канала 106,30.31464210105552,59.9073095
2773,5,14,4,187.0,49000000,Красногвардейский,Свердловская набережная,58,Площадь Ленина,285382250,Свердловская набережная 58,30.406798,59.956189
2774,3,8,4,137.0,54000000,Петроградский, Графтио,5,Петроградская,291330843,Графтио 5,83.3021164,49.679792
2775,5,5,4,135.0,55000000,Центральный,Смольный проспект,7,Чернышевская,297246884,Смольный проспект 7,30.3930662,59.9443537
2776,6,10,4,162.7,59700000,Петроградский,набережная Реки Карповки,10,Петроградская,298926000,набережная Реки Карповки 10,30.31221548353375,59.9673899
2777,7,7,4,133.7,60200000,Центральный,Стремянная ,15/1,Маяковская,295993566,Стремянная 15/1,30.3523104,59.9307609
2778,4,5,4,166.9,67000000,Центральный,Большая Конюшенная ,13,Невский проспект,292624048,Большая Конюшенная 13,30.322198,59.9391066
2779,4,6,4,196.7,71000000,Центральный,Таврическая ,1,Маяковская,291595398,Таврическая 1,20.590347774044105,54.71226135
2780,4,6,4,196.9,73000000,Центральный,набережная Канала Грибоедова,19,Невский проспект,285834848,набережная Канала Грибоедова 19,30.3262308,59.936131
2781,4,8,4,184.2,75900000,Петроградский,Каменноостровский проспект,64К2,Петроградская,268787095,Каменноостровский проспект 64К2,30.302634353286074,59.97478825
2782,5,7,4,146.0,80385000,Центральный,Таврическая ,37,Чернышевская,291253661,Таврическая 37,34.103561351596376,44.944654
2783,1,5,4,149.7,85500000,Петроградский,Морской проспект,11,Крестовский остров,295061211,Морской проспект 11,83.108716,54.8395269
2784,2,7,4,241.8,99000000,Петроградский,Морской проспект,33,Крестовский остров,270887431,Морской проспект 33,83.09576942816605,54.83346415
2785,2,4,4,170.0,99000000,Центральный,Итальянская ,12Е,Гостиный двор,295292042,Итальянская 12Е,30.3377495,59.9364757
2786,5,5,4,235.4,115000000,Центральный,Большая Конюшенная ,13,Гостиный двор,297163040,Большая Конюшенная 13,30.322198,59.9391066
2787,3,5,4,186.1,120000000,Центральный,Невский проспект,88,Маяковская,284332202,Невский проспект 88,30.3511919,59.9325341
2788,2,2,4,160.0,150000000,Адмиралтейский,Почтамтская ,12,Адмиралтейская,294294743,Почтамтская 12,104.22146075584999,52.33726835
2789,5,5,4,260.0,157500000,Центральный,Большая Конюшенная ,13,Невский проспект,264558452,Большая Конюшенная 13,30.322198,59.9391066
2790,1,6,4,199.8,220000000,Петроградский,Спортивная ,2,Крестовский остров,295932765,Спортивная 2,30.2833282,59.9480129
2791,5,5,-1,121.4,3200000,Центральный,Мучной переулок,3,Сенная площадь,298636537,Мучной переулок 3,30.321818000073343,59.93026505
2792,1,6,-1,109.1,3300000,Адмиралтейский,Верейская ,46,Пушкинская,298976691,Верейская 46,30.32890325621411,59.913525050000004
2793,5,5,4,49.5,5790000,Кировский, Лени Голикова,23К4,Ленинский проспект,294738086,Лени Голикова 23К4,30.226779846672954,59.84374525
2794,5,5,4,47.3,5800000,Колпинский, Танкистов,16,Купчино,294872755,Танкистов 16,30.561602602813284,59.7457505
2795,5,5,4,49.0,5900000,Колпинский, Танкистов,30,Шушары,292229475,Танкистов 30,30.56126392487129,59.74344775
2796,5,5,4,49.0,6000000,Кировский, Бурцева,13,Ленинский проспект,296523229,Бурцева 13,60.23661481502677,57.48292185
2797,1,5,4,49.0,6100000,Кировский, Лени Голикова,21,Проспект Ветеранов,290748961,Лени Голикова 21,39.05687512560099,45.09937875
2798,3,5,4,48.2,6450000,Кировский,Трамвайный проспект,9К1,Ленинский проспект,295931193,Трамвайный проспект 9К1,30.2595256,59.85604775
2799,3,5,4,49.1,6400000,Кировский,проспект Народного ополчения,29,Ленинский проспект,295365610,проспект Народного ополчения 29,30.278455610122165,59.8477751
2800,5,5,4,49.3,6400000,Кировский,Трамвайный проспект,27К2,Ленинский проспект,298071292,Трамвайный проспект 27К2,30.27854293872908,59.85345195
2801,3,5,4,48.0,6500000,Кировский,Трамвайный проспект,9К1,,298935387,Трамвайный проспект 9К1,30.2595256,59.85604775
2802,4,5,4,48.6,6500000,Кировский, Бурцева,14,Ленинский проспект,296573117,Бурцева 14,30.208519005064364,59.83737365
2803,5,5,4,49.0,6590000,Кировский,Дачный проспект,16К2,Проспект Ветеранов,299338676,Дачный проспект 16К2,30.2550803577534,59.84358455
2804,4,5,4,48.9,6550000,Московский, Костюшко,64,Московская,299281335,Костюшко 64,73.13412299999999,49.81601055
2805,3,5,4,48.6,6600000,Кировский, Бурцева,11,Ленинский проспект,295935155,Бурцева 11,49.61451690000001,54.22912715
2806,3,5,4,48.2,6670000,Кировский,Трамвайный проспект,9К1,Ленинский проспект,298223248,Трамвайный проспект 9К1,30.2595256,59.85604775
2807,4,5,4,48.2,6750000,Кировский, Червонного Казачества,20,Автово,294138365,Червонного Казачества 20,30.271166631386407,59.8653456
2808,5,6,4,47.9,6750000,Кировский,Краснопутиловская ,55,Автово,298253737,Краснопутиловская 55,30.27511216712301,59.8672493
2809,4,5,4,49.0,6890000,Кировский,бульвар Новаторов,20,,280333052,бульвар Новаторов 20,30.2733078,59.848919499999994
2810,5,5,4,48.81,6800000,Московский, Костюшко,9,Московская,296225752,Костюшко 9,27.44442409435483,52.7552141
2811,3,5,4,49.6,6850000,Кировский,проспект Стачек,220К2,Ленинский проспект,292265872,проспект Стачек 220К2,30.222937887816485,59.845340199999995
2812,2,5,4,49.5,6850000,Кировский,проспект Маршала Жукова,56К9,Проспект Ветеранов,293548171,проспект Маршала Жукова 56К9,30.210058383120725,59.83835015
2813,2,5,4,63.0,6800000,Петродворцовый,Кронштадтская ,4,,293955544,Кронштадтская 4,30.239353245148685,59.8512369
2814,4,5,4,49.3,6900000,Кировский, Бурцева,3,Ленинский проспект,297421368,Бурцева 3,49.61602555,54.228696
2815,1,5,4,49.0,7100000,Кировский,проспект Народного ополчения,121,Проспект Ветеранов,294342723,проспект Народного ополчения 121,30.268062290211038,59.83727405
2816,4,5,4,48.7,7200000,Кировский,Краснопутиловская ,43,Автово,299297347,Краснопутиловская 43,52.04168505434251,53.674722
2817,4,5,4,48.8,7200000,Кировский,проспект Маршала Жукова,56К6,Ленинский проспект,294954614,проспект Маршала Жукова 56К6,30.209163767008846,59.8395409
2818,3,9,4,68.3,7189000,Красносельский,Кингисеппское шоссе,10к1,,297413403,Кингисеппское шоссе 10к1,30.072895136959982,59.722238149999995
2819,3,5,4,54.0,7300000,Красносельский, Тамбасова,25К1,Проспект Ветеранов,276828574,Тамбасова 25К1,30.155746899734382,59.8290959
2820,4,5,4,49.1,7300000,Фрунзенский, Белы Куна,7К3,Международная,293870127,Белы Куна 7К3,30.38475928483726,59.8713463
2821,4,5,4,48.7,7300000,Кировский, Бурцева,15,,291598974,Бурцева 15,49.613654350000004,54.229640849999996
2822,1,5,4,49.0,7500000,Московский, Костюшко,24,Московская,273808799,Костюшко 24,27.45005326930189,52.7541578
2823,5,5,4,48.0,7600000,Красносельский,проспект Народного ополчения,241К4,Проспект Ветеранов,298819035,проспект Народного ополчения 241К4,30.152099998044644,59.8264567
2824,5,5,4,60.3,7700000,Петродворцовый, Победы,19,,281298850,Победы 19,78.4808889706051,44.92489285
2825,5,5,4,48.4,7700000,Кировский, Лени Голикова,44,Проспект Ветеранов,296440340,Лени Голикова 44,30.23647249165077,59.84355165
2826,5,5,4,48.9,7777000,Кировский,проспект Ветеранов,17,Проспект Ветеранов,294909678,проспект Ветеранов 17,30.244077779772184,59.844046750000004
2827,4,5,4,59.5,7990000,Кировский,проспект Стачек,220К2,Проспект Ветеранов,294370852,проспект Стачек 220К2,30.222937887816485,59.845340199999995
2828,5,5,4,49.0,7900000,Московский, Костюшко,64,Московская,292976950,Костюшко 64,73.13412299999999,49.81601055
2829,2,5,4,49.4,8000000,Московский, Костюшко,15,Московская,299467117,Костюшко 15,27.44638543521574,52.754736300000005
2830,4,5,4,59.6,8100000,Кировский,бульвар Новаторов,90,Проспект Ветеранов,288758716,бульвар Новаторов 90,30.259996855344944,59.841400750000005
2831,1,9,4,72.5,8200000,Колпинский,Тверская ,48,Шушары,298924600,Тверская 48,53.11135858816391,56.8531394
2832,3,5,4,59.4,8300000,Кировский,проспект Ветеранов,107,Ленинский проспект,299246025,проспект Ветеранов 107,30.20055121131687,59.8341786
2833,3,5,4,60.0,8300000,Красносельский, Пограничника Гарькавого,46К3,Проспект Ветеранов,290398045,Пограничника Гарькавого 46К3,30.146406,59.8274325
2834,4,5,4,59.01,8400000,Кировский,проспект Ветеранов,27,Проспект Ветеранов,294140098,проспект Ветеранов 27,30.242211256875358,59.844332800000004
2835,1,9,4,73.4,8500000,Колпинский,Заводской проспект,20к3,Шушары,291914478,Заводской проспект 20к3,30.56759745,59.73432485
2836,2,3,4,81.4,8500000,Красносельский,проспект Ленина,61к1,,284953523,проспект Ленина 61к1,30.088783627083334,59.7371846
2837,1,9,4,74.0,8800000,Приморский,проспект Авиаконструкторов,13,Комендантский проспект,299587478,проспект Авиаконструкторов 13,30.24899133598101,60.01235145
2838,1,9,4,73.8,8900000,Невский,проспект Солидарности,9К2,Проспект Большевиков,292489011,проспект Солидарности 9К2,30.4872866141707,59.92110745
2839,3,4,4,66.5,8900000,Кировский, Метростроевцев,3,Нарвская,298072946,Метростроевцев 3,30.283908604046665,59.900399449999995
2840,2,5,4,49.3,9000000,Кировский,проспект Ветеранов,18,Проспект Ветеранов,293025492,проспект Ветеранов 18,30.25487138554844,59.84483765
2841,1,3,4,64.4,9000000,Кировский, Трефолева,14,Кировский завод,294780857,Трефолева 14,39.88946395248675,57.62931815
2842,3,9,-1,67.5,9000000,Московский,Новоизмайловский проспект,3,Электросила,291874363,Новоизмайловский проспект 3,30.30797900063539,59.869716600000004
2843,1,9,4,74.2,9150000,Фрунзенский,Бухарестская ,33К5,,297797029,Бухарестская 33К5,30.38144994426549,59.8642955
2844,9,9,4,73.3,9300000,Красногвардейский, Передовиков,33К2,Ладожская,299250455,Передовиков 33К2,30.462896391443845,59.9524012
2845,4,4,4,84.5,9500000,Петродворцовый, Красного Флота,1,Проспект Ветеранов,297333772,Красного Флота 1,29.78389218456128,59.912029950000004
2846,1,9,4,76.6,9500000,Выборгский, Шостаковича,1/9,Проспект Просвещения,296782157,Шостаковича 1/9,30.3258157,60.0591406
2847,1,9,4,72.9,9500000,Красногвардейский,Хасанская ,24,,291256489,Хасанская 24,132.22081045,43.36188445
2848,1,10,4,70.8,9500000,Красносельский, Партизана Германа,18К1,Проспект Ветеранов,285022779,Партизана Германа 18К1,30.17682894323096,59.831061950000006
2849,1,9,4,77.9,9500000,Невский, Дыбенко,12К3,Улица Дыбенко,290971859,Дыбенко 12К3,30.461890647198064,59.9042814
2850,6,9,4,77.7,9700000,Колпинский,Полевая ,14,Рыбацкое,298255018,Полевая 14,77.06997425,52.33690955
2851,1,5,4,78.9,9700000,Фрунзенский,Софийская ,40К2,Ломоносовская,294365594,Софийская 40К2,30.410498511967788,59.871363
2852,1,5,4,90.4,9900000,Колпинский,Стахановская ,20,Шушары,290630898,Стахановская 20,60.59804976748437,56.893530150000004
2853,1,10,4,72.5,9900000,Приморский,Ситцевая ,11К2,Старая Деревня,293974386,Ситцевая 11К2,30.23977450374366,59.999857250000005
2854,5,9,4,74.2,9990000,Фрунзенский, Белы Куна,27к1,Международная,294043575,Белы Куна 27к1,30.3987585,59.878368
2855,1,5,4,66.6,9999999,Московский, Костюшко,70,Московская,298852667,Костюшко 70,44.54853051292798,48.4869396
2856,4,9,4,73.0,10000000,Колпинский,Полевая ,25,Рыбацкое,295291476,Полевая 25,77.07186250000001,52.336673149999996
2857,1,9,4,72.6,10100000,Калининский,проспект Науки,4К2,Академическая,292847740,проспект Науки 4К2,30.38340517714655,60.01699
2858,7,9,4,72.2,10200000,Красногвардейский,Ириновский проспект,17К1,Ладожская,293816839,Ириновский проспект 17К1,30.463792161893323,59.9545345
2859,2,9,4,73.8,10300000,Красносельский, Партизана Германа,33К3,Проспект Ветеранов,299224094,Партизана Германа 33К3,30.1756646,59.8360549
2860,2,9,4,75.0,10300000,Выборгский,проспект Луначарского,62К1,Озерки,296940810,проспект Луначарского 62К1,30.3425327,60.0412747
2861,20,26,4,103.6,10300000,Пушкинский,проспект Новгородский,4с1,Звездная,291802618,проспект Новгородский 4с1,40.5282564,64.5430928
2862,1,9,4,82.3,10400000,Петродворцовый, Шахматова,4к1,Автово,294701846,Шахматова 4к1,29.86419134269663,59.8671448
2863,4,5,4,93.0,10400000,Красногвардейский,шоссе Революции,112,Ладожская,297562458,шоссе Революции 112,30.475211675110085,59.96610725
2864,4,10,4,77.7,10490000,Колпинский,Пролетарская ,54,Шушары,291410730,Пролетарская 54,68.355281600246,51.8150048
2865,3,9,4,72.6,10500000,Колпинский,Октябрьская ,67,Шушары,298391704,Октябрьская 67,40.08481185,43.3805233
2866,7,10,4,88.0,10500000,Колпинский,Тверская ,33,Шушары,296094167,Тверская 33,53.1115045985666,56.8540952
2867,5,14,4,74.0,10500000,Колпинский,Октябрьская ,61,Шушары,298741170,Октябрьская 61,71.4287442,42.85920315
2868,1,9,4,84.0,10600000,Приморский,Серебристый бульвар,34К1,Комендантский проспект,294560963,Серебристый бульвар 34К1,30.283370387152317,60.01403285
2869,1,10,4,72.5,10600000,Приморский,проспект Авиаконструкторов,3К2,Комендантский проспект,289460468,проспект Авиаконструкторов 3К2,30.250737408756805,60.0105281
2870,4,14,4,74.9,10800000,Выборгский, Композиторов,19,Проспект Просвещения,296635858,Композиторов 19,30.1207352,59.6792902
2871,5,9,4,73.4,10800000,Калининский, Академика Байкова,9,Политехническая,295731181,Академика Байкова 9,30.372679214023535,60.027529200000004
2872,4,9,4,73.4,10900000,Приморский, Шаврова,17,Комендантский проспект,298528487,Шаврова 17,76.95337912610584,43.27570729999999
2873,9,12,4,107.1,10900000,Пушкинский,Московское шоссе,246,Шушары,292485378,Московское шоссе 246,30.4728035,59.7602414
2874,9,9,4,72.0,10900000,Красногвардейский,проспект Ударников,19К3,Улица Дыбенко,298678583,проспект Ударников 19К3,30.46791284432608,59.94871605
2875,1,9,4,78.1,11000000,Кировский, Стойкости,7,,299294720,Стойкости 7,30.2148781,59.8281781
2876,1,5,4,91.1,11050000,Красносельский, Добровольцев,52,Проспект Ветеранов,297589998,Добровольцев 52,94.55824725,51.695108149999996
2877,1,9,4,77.6,11000000,Кировский, Генерала Симоняка,7,Проспект Ветеранов,297782860,Генерала Симоняка 7,30.20138123396434,59.83019109999999
2878,8,9,4,72.8,11000000,Приморский, Маршала Новикова,6К1,Комендантский проспект,298122386,Маршала Новикова 6К1,30.26538123360612,60.010900649999996
2879,1,9,4,78.1,11000000,Кировский, Стойкости,7,,299159449,Стойкости 7,30.2148781,59.8281781
2880,5,10,4,74.0,11200000,Приморский, Шаврова,11,Комендантский проспект,297353025,Шаврова 11,76.95246914238481,43.27564135
2881,8,9,4,77.5,11250000,Невский, Дыбенко,36К1,Улица Дыбенко,296055279,Дыбенко 36К1,37.48448407834914,55.87605055
2882,4,5,4,104.6,11300000,Колпинский,проспект Ленина,24/8,,294273069,проспект Ленина 24/8,60.59306927845489,56.836842700000005
2883,1,10,4,89.2,11500000,Красносельский, Маршала Казакова,38К1,Автово,298301196,Маршала Казакова 38К1,30.211265551253533,59.8593808
2884,1,9,4,76.8,11500000,Выборгский,проспект Энгельса,135,Проспект Просвещения,294863638,проспект Энгельса 135,30.3345432,60.0502138
2885,1,6,4,100.1,11500000,Пушкинский, Галицкая,6к1,Шушары,299014471,Галицкая 6к1,30.46077579907959,59.73238095
2886,1,6,4,96.4,11700000,Пушкинский, Ростовская,6к1,Шушары,294226391,Ростовская 6к1,30.461981552775555,59.7363079
2887,21,26,4,101.0,11800000,Пушкинский,проспект Новгородский,4с1,,290707694,проспект Новгородский 4с1,40.5282564,64.5430928
2888,7,9,4,75.0,11900000,Выборгский,Северный проспект,12К1,Озерки,299631783,Северный проспект 12К1,40.589940200000015,64.5078067
2889,1,9,4,86.7,11999000,Калининский,Гражданский проспект,108К1,Гражданский проспект,295118047,Гражданский проспект 108К1,30.413223334162378,60.029887599999995
2890,4,4,4,80.1,11900000,Пушкинский,Ленинградская ,87,,297515654,Ленинградская 87,39.84086867197813,59.20641325
2891,5,9,4,73.2,12000000,Калининский,проспект Науки,2,Политехническая,285927103,проспект Науки 2,30.531229138601006,50.38165735
2892,4,5,4,72.3,12000000,Московский,Пулковское шоссе,91,,291272417,Пулковское шоссе 91,30.315131495967904,59.75311295
2893,8,9,4,75.1,12000000,Выборгский,Сиреневый бульвар,7К1,Проспект Просвещения,296047258,Сиреневый бульвар 7К1,30.353802351255748,60.05330575
2894,4,9,4,92.2,12100000,Колпинский,бульвар Трудящихся,33к2,Шушары,297885723,бульвар Трудящихся 33к2,30.582423600059798,59.7330869
2895,1,9,4,89.3,12000000,Приморский,Комендантский проспект,18,Комендантский проспект,262478682,Комендантский проспект 18,30.252141042473426,60.0095941
2896,1,9,4,86.1,12000000,Красносельский, Доблести,24К1,Ленинский проспект,261213346,Доблести 24К1,30.177160957575865,59.85458075
2897,6,11,4,67.2,12000000,Московский,Московское шоссе,4,Московская,299224928,Московское шоссе 4,45.94001071632262,51.5946093
2898,4,16,4,87.2,12200000,Невский, Ткачей,70,Елизаровская,296801700,Ткачей 70,30.422423953870954,59.89129385
2899,2,9,4,64.6,12200000,Невский, Дыбенко,27К1,Улица Дыбенко,294197183,Дыбенко 27К1,30.4780942,59.9052002
2900,1,5,4,85.0,12250000,Петродворцовый,Озерковая ,49к1,Автово,299260164,Озерковая 49к1,29.8918969169586,59.8732276
2901,1,5,4,86.2,12300000,Кировский, Танкиста Хрустицкого,116,Проспект Ветеранов,293841914,Танкиста Хрустицкого 116,30.259318871480804,59.8351332
2902,5,9,4,73.5,12300000,Приморский, Уточкина,5,Комендантский проспект,298156231,Уточкина 5,39.27575985,51.6645215
2903,9,9,4,79.8,12300000,Фрунзенский,Загребский бульвар,7К1,Дунайская,298520507,Загребский бульвар 7К1,30.397928860271318,59.84650905
2904,2,17,4,92.7,12550000,Красногвардейский,Полюстрово,68к1,Девяткино,285169972,Полюстрово 68к1,30.406887,59.966259
2905,9,14,4,80.4,12500000,Петродворцовый,Ботаническая ,18к6,Автово,294141753,Ботаническая 18к6,29.854564053248623,59.86977315
2906,5,5,4,88.5,12500000,Адмиралтейский,4-я Красноармейская ,2/35,Технологический институт,298107450,4-я Красноармейская 2/35,30.3169645,59.9137885
2907,4,9,4,64.5,12500000,Невский, Дыбенко,23К1,Улица Дыбенко,299419327,Дыбенко 23К1,30.4725739,59.903898
2908,5,9,4,72.9,12500000,Выборгский,Поэтический бульвар,5,Проспект Просвещения,295322663,Поэтический бульвар 5,30.345862957254397,60.0438334
2909,1,9,4,77.9,12500000,Калининский,Суздальский проспект,67,Гражданский проспект,297097510,Суздальский проспект 67,30.413932552832826,60.04416635
2910,1,6,4,115.0,12500000,Адмиралтейский, Союза печатников,27,Балтийская,283352274,Союза печатников 27,30.2938976,59.924152
2911,2,6,4,95.2,12500000,Адмиралтейский,Нарвский проспект,9А,Нарвская,291595319,Нарвский проспект 9А,30.27253549497441,59.9053093
2912,10,11,4,101.0,12599000,Выборгский,Приозерское шоссе,18к7,Парнас,292774807,Приозерское шоссе 18к7,30.26185094762985,60.107542949999996
2913,4,9,4,84.0,12750000,Выборгский,проспект Энгельса,135,Проспект Просвещения,299296112,проспект Энгельса 135,30.3345432,60.0502138
2914,2,4,4,104.5,12800000,Пушкинский, Обороны,4,Купчино,297129340,Обороны 4,76.96281010526891,43.26605375
2915,5,5,4,111.5,12830000,Центральный, Черняховского,43,Лиговский проспект,279496555,Черняховского 43,132.80532163489585,42.918856
2916,4,9,4,79.5,12850000,Фрунзенский,Будапештская ,14К1,Международная,276517062,Будапештская 14К1,30.370003586218907,59.86964135
2917,4,6,4,85.2,12990000,Василеостровский,Весельная ,4Б,Василеостровская,280883240,Весельная 4Б,30.2434456,59.9284904
2918,4,16,4,87.2,12900000,Невский, Ткачей,70,Елизаровская,299098721,Ткачей 70,30.422423953870954,59.89129385
2919,4,15,4,105.3,12999000,Красносельский, Маршала Захарова,12к1,Ленинский проспект,286434269,Маршала Захарова 12к1,37.69998359568318,55.6224688
2920,1,9,4,73.1,12900000,Красногвардейский,проспект Косыгина,28К4,Ладожская,299293647,проспект Косыгина 28К4,30.49426183164619,59.9473614
2921,4,10,4,89.2,13100000,Выборгский,Приозерское шоссе,20к5,Парнас,299029458,Приозерское шоссе 20к5,30.263886585199227,60.10681155
2922,3,8,4,89.6,13000000,Невский, Бабушкина,64,Пролетарская,297379335,Бабушкина 64,31.04125485579151,52.405433349999996
2923,5,9,4,77.8,13000000,Невский, Антонова-Овсеенко,25К1,Улица Дыбенко,297401976,Антонова-Овсеенко 25К1,30.476784926627204,59.91019675
2924,3,19,4,93.7,13200000,Красногвардейский,проспект Маршака,4,Гражданский проспект,271800267,проспект Маршака 4,30.4463375,60.0352499
2925,15,24,4,104.2,13200000,Красносельский, Доблести,17к2,,296116065,Доблести 17к2,30.173572051103964,59.8600145
2926,6,18,4,93.0,13300000,Красногвардейский, Даниила Хармса,4,Академическая,283557681,Даниила Хармса 4,30.4485634,60.0347059
2927,5,6,4,102.0,13500000,Центральный,Херсонская ,10,Площадь Александра Невского,298878504,Херсонская 10,50.18399999314384,53.175282100000004
2928,1,5,4,89.3,13500000,Московский,Бассейная ,71,Парк Победы,292388539,Бассейная 71,42.85163054078171,45.3406485
2929,13,18,4,92.5,13500000,Красногвардейский, Даниила Хармса,4,Девяткино,294370908,Даниила Хармса 4,30.4485634,60.0347059
2930,5,5,4,98.6,13500000,Кировский, Ивана Черных,21,Нарвская,296757936,Ивана Черных 21,86.14046295,56.9725698
2931,2,9,4,74.5,13500000,Фрунзенский, Белы Куна,15К1,Международная,299005479,Белы Куна 15К1,30.391074203513433,59.87489615
2932,3,4,4,89.7,13500000,Пушкинский,Красносельское шоссе,37,,280941970,Красносельское шоссе 37,30.066871499999998,59.848151099999995
2933,9,10,4,78.3,13500000,Приморский, Ильюшина,15К1,Комендантский проспект,298977105,Ильюшина 15К1,37.842875145861356,55.41222755
2934,3,4,4,91.9,13500000,Пушкинский,Красносельское шоссе,31,Купчино,296593543,Красносельское шоссе 31,30.135584820046898,59.78284455
2935,16,18,4,95.7,13500000,Красногвардейский, Корнея Чуковского,10,Девяткино,297676350,Корнея Чуковского 10,30.456084686854858,60.0308226
2936,3,10,4,87.4,13699000,Фрунзенский,Белградская ,6К7,Международная,297472059,Белградская 6К7,30.360309693396225,59.87146905
2937,1,3,4,98.1,13899000,Центральный,Днепропетровская ,6,Обводный канал,271596382,Днепропетровская 6,30.361253222490248,59.9155171
2938,6,6,4,86.7,13850000,Центральный, Тюшина,10,Обводный канал,293892003,Тюшина 10,30.349416193259902,59.9167061
2939,3,25,4,102.0,13900000,Красносельский,Ленинский проспект,55к3,Ленинский проспект,297181992,Ленинский проспект 55к3,30.17057301111294,59.8607911
2940,4,4,4,90.5,13900000,Выборгский,Лесной проспект,75,Лесная,297979553,Лесной проспект 75,30.3410641,59.9883501
2941,1,20,4,96.8,13850000,Красносельский, Доблести,14к1,Автово,295000023,Доблести 14к1,30.18303412670916,59.863766299999995
2942,2,12,4,95.3,14000000,Невский,Рыбацкий проспект,51К1,Рыбацкое,298731207,Рыбацкий проспект 51К1,30.516310263313354,59.8362393
2943,1,4,4,92.0,14000000,Фрунзенский,Волковский проспект,12,Волковская,299476395,Волковский проспект 12,30.3611511,59.8997292
2944,7,9,4,89.6,13999000,Красносельский,Петергофское шоссе,84,Проспект Ветеранов,298024684,Петергофское шоссе 84,30.11201790050095,59.847316649999996
2945,14,17,4,93.4,14000000,Красногвардейский,проспект Маршака,4,Девяткино,294443672,проспект Маршака 4,30.4463375,60.0352499
2946,8,25,4,90.3,14000000,Красногвардейский,Полюстрово,14к2,Гражданский проспект,286724706,Полюстрово 14к2,30.406887,59.966259
2947,6,10,4,87.0,13950000,Приморский,Планерная ,73К2,,298978798,Планерная 73К2,30.215353404200847,60.0267439
2948,1,5,4,99.2,14200000,Центральный,Херсонская ,5-7,Площадь Александра Невского,287451643,Херсонская 5-7,30.376350815507443,59.92941935
2949,16,18,4,91.9,14300000,Красногвардейский, Даниила Хармса,4,,295417950,Даниила Хармса 4,30.4485634,60.0347059
2950,3,5,4,112.0,14300000,Пушкинский, Галицкая,10к4,Шушары,299331310,Галицкая 10к4,30.457791021735332,59.73116525
2951,3,7,4,89.5,14500000,Центральный,Лиговский проспект,44,Площадь Восстания,299056633,Лиговский проспект 44,30.358565,59.9262409
2952,5,7,4,87.9,14500000,Центральный,Коломенская ,27,Лиговский проспект,289127994,Коломенская 27,92.96200265548696,56.01487745
2953,6,6,4,73.7,14499000,Адмиралтейский,Московский проспект,7А,Садовая,291445707,Московский проспект 7А,39.1834515,51.6818632
2954,4,5,4,90.2,14750000,Выборгский,Дрезденская ,5,Удельная,299027642,Дрезденская 5,38.92168932244035,45.1167626
2955,1,5,4,153.1,14750000,Петродворцовый,Кооперативная ,62,,295874522,Кооперативная 62,128.07056799849624,50.0961676
2956,6,7,4,96.0,14700000,Калининский, Академика Лебедева,14/2,Площадь Ленина,294366951,Академика Лебедева 14/2,30.35541829520168,59.9626328
2957,2,6,4,83.5,14800000,Василеостровский, Карташихина,6,Приморская,299549603,Карташихина 6,30.241650651398064,59.931244050000004
2958,1,5,4,79.6,14800000,Калининский,Кондратьевский проспект,18-20,Площадь Ленина,299467884,Кондратьевский проспект 18-20,30.3795004,59.9632125
2959,1,17,4,89.1,14900000,Московский,Дунайский проспект,5к7,Звездная,274206729,Дунайский проспект 5к7,30.33043600663568,59.8277301
2960,5,5,4,100.4,14900000,Калининский,Финский переулок,6,Площадь Ленина,295443218,Финский переулок 6,87.35304825,53.7939599
2961,4,4,4,95.6,14900000,Центральный,Херсонская ,6/13,Площадь Александра Невского,294971223,Херсонская 6/13,30.379239140164113,59.929423650000004
2962,3,5,4,87.2,14900000,Петроградский, Маркина,10,Горьковская,270066611,Маркина 10,48.36648885,55.872778499999995
2963,4,5,4,100.3,14970000,Адмиралтейский,Курляндская ,19-21,Балтийская,294080703,Курляндская 19-21,30.281766887534605,59.91195915
2964,2,4,4,86.0,14999999,Адмиралтейский, Декабристов,43-45,Василеостровская,295202005,Декабристов 43-45,30.286647556192484,59.924591649999996
2965,6,16,4,81.0,15000000,Приморский, Ивинская,9,Беговая,299446289,Ивинская 9,30.132562320612973,60.03060175
2966,3,7,4,123.8,14950000,Выборгский,Лесной проспект,13,Выборгская,295758245,Лесной проспект 13,30.5169120079958,59.79792225
2967,15,18,4,92.5,14990000,Красногвардейский, Даниила Хармса,4,Девяткино,298680344,Даниила Хармса 4,30.4485634,60.0347059
2968,7,7,4,63.4,14990000,Красногвардейский,Новочеркасский проспект,26/16,Новочеркасская,299018374,Новочеркасский проспект 26/16,30.4131401,59.9294588
2969,3,12,4,95.8,15000000,Невский,Шлиссельбургский проспект,12К1,Рыбацкое,298958395,Шлиссельбургский проспект 12К1,30.49508607318392,59.8404577
2970,2,6,4,95.5,15000000,Московский, Коли Томчака,11/17Б,Московские ворота,258889938,Коли Томчака 11/17Б,30.3248734,59.8884814
2971,2,5,4,109.3,15200000,Адмиралтейский,Садовая ,127,Нарвская,298298216,Садовая 127,76.90198480062898,52.34280295
2972,2,5,4,109.3,15200000,Адмиралтейский,Садовая ,127,Балтийская,297350425,Садовая 127,76.90198480062898,52.34280295
2973,5,5,4,93.3,15300000,Невский, Профессора Качалова,6,Площадь Александра Невского,296423185,Профессора Качалова 6,30.39950689611295,59.91617375
2974,5,5,4,93.0,15300000,Невский, Профессора Качалова,6,Площадь Александра Невского,295696797,Профессора Качалова 6,30.39950689611295,59.91617375
2975,6,6,4,99.2,15400000,Центральный,Саперный переулок,13,Чернышевская,289204044,Саперный переулок 13,30.358965447068464,59.94067725
2976,2,3,4,86.6,15250000,Кировский,проспект Стачек,160,Ленинский проспект,291872035,проспект Стачек 160,30.244726216387456,59.8539753
2977,1,4,4,90.5,15550000,Красногвардейский,Краснодонская ,4,Новочеркасская,290923611,Краснодонская 4,30.412762299999997,59.95578355000001
2978,3,3,4,108.4,15500000,Центральный, Марата,70а-70б,Звенигородская,281569527,Марата 70а-70б,30.3436093,59.9207282
2979,3,16,4,70.8,15500000,Василеостровский, Кораблестроителей,40К1,Приморская,293569601,Кораблестроителей 40К1,30.222813903391017,59.957111
2980,4,5,4,93.0,15500000,Адмиралтейский,набережная Обводного Канала,123,Фрунзенская,261956802,набережная Обводного Канала 123,30.323341254276148,59.9103262
2981,3,7,4,108.9,15600000,Центральный,Лиговский проспект,65,Площадь Восстания,293528161,Лиговский проспект 65,30.3581348,59.9271395
2982,5,6,4,95.1,15700000,Центральный,Греческий проспект,15,Площадь Восстания,295112299,Греческий проспект 15,30.3672769,59.9358303
2983,7,8,4,98.6,15800000,Красносельский, Партизана Германа,13,Проспект Ветеранов,297953054,Партизана Германа 13,30.17320360946399,59.8384525
2984,1,7,-1,138.1,15899000,Петроградский,Кронверкская ,29/37Б,Петроградская,294495551,Кронверкская 29/37Б,30.3100627,59.9621838
2985,1,5,4,105.3,15795000,Центральный, Александра Невского,10,Площадь Александра Невского,280332249,Александра Невского 10,34.09681565693431,44.95418035
2986,13,14,4,108.2,15800000,Приморский,Богатырский проспект,51к1,Комендантский проспект,295798689,Богатырский проспект 51к1,30.2210862,60.0061467
2987,5,5,4,72.4,15930000,Адмиралтейский,Витебская ,12,Балтийская,299254220,Витебская 12,30.350533601496082,59.8887155
2988,8,23,4,94.8,16026000,Выборгский,Парнас,3/20,Парнас,299112284,Парнас 3/20,30.3650399,60.065508
2989,6,7,4,92.6,16000000,Петроградский,Гатчинская ,31-33,Чкаловская,294612657,Гатчинская 31-33,30.2966856,59.9632803
2990,6,6,4,84.0,15950000,Центральный,Невский проспект,119,Площадь Александра Невского,294346234,Невский проспект 119,30.372984476766092,59.926868400000004
2991,4,11,4,108.0,16000000,Московский,5-й Предпортовый проезд,10к1,Московская,299515851,5-й Предпортовый проезд 10к1,30.312176403378665,59.8347468
2992,1,5,4,124.3,16000000,Петроградский,Ждановская набережная,7,Спортивная,292103156,Ждановская набережная 7,30.28816302766491,59.9536986
2993,6,7,4,104.0,15900000,Петроградский, Куйбышева,20,Горьковская,275161935,Куйбышева 20,79.68814319795352,50.71870065
2994,3,4,4,95.9,16000000,Фрунзенский,Лиговский проспект,247,,296739035,Лиговский проспект 247,30.345239580118793,59.9085719
2995,3,4,4,79.2,15999000,Центральный,Лиговский проспект,84/2,Лиговский проспект,291899921,Лиговский проспект 84/2,30.354963,59.9212467
2996,3,9,4,106.5,16000000,Калининский,проспект Культуры,25К1,Гражданский проспект,295919592,проспект Культуры 25К1,30.379447144063988,60.04829625
2997,14,14,4,75.4,16000000,Фрунзенский,проспект Славы,40К1,Проспект Славы,297986779,проспект Славы 40К1,30.399123771318127,59.86148785
2998,2,4,4,79.7,15900000,Адмиралтейский, Декабристов,8,Спасская,299004719,Декабристов 8,71.39697445962517,42.875769649999995
2999,2,5,4,89.6,15990000,Кировский, Новостроек,17,Автово,292640296,Новостроек 17,94.50857945,51.70586735
3000,7,7,4,104.1,15900000,Центральный,Лиговский проспект,71,Владимирская,262828687,Лиговский проспект 71,30.3575271,59.9262309
3001,2,5,4,131.1,15900000,Центральный, Ломоносова,20,Достоевская,285505459,Ломоносова 20,71.35069190934215,42.907881149999994
3002,3,3,4,107.3,15990000,Адмиралтейский,Мясная ,19-21,Нарвская,293418411,Мясная 19-21,30.280687698196566,59.918711849999994
3003,4,5,4,94.6,16100000,Центральный,Социалистическая ,9,Звенигородская,294632935,Социалистическая 9,76.87935515,43.27218945
3004,2,8,4,103.3,16190000,Кировский, Генерала Симоняка,4к5,Проспект Ветеранов,296311765,Генерала Симоняка 4к5,30.206980556312793,59.8307906
3005,3,4,4,105.9,16150000,Центральный,проспект Бакунина,11,Площадь Александра Невского,294452114,проспект Бакунина 11,30.378244925903207,59.930109200000004
3006,4,5,4,64.5,16250000,Фрунзенский,Альпийский переулок,7,Проспект Славы,298254581,Альпийский переулок 7,83.00216495538585,55.05418435
3007,2,5,4,96.8,16370000,Адмиралтейский,Московский проспект,59,Фрунзенская,294679077,Московский проспект 59,30.248999900468647,55.1717413
3008,3,5,4,70.7,16200000,Петроградский, Подрезова,10,Петроградская,293433112,Подрезова 10,30.304852972636404,59.9638676
3009,3,3,4,104.0,16500000,Фрунзенский,набережная Обводного Канала,66,Обводный канал,299629766,набережная Обводного Канала 66,30.337202515836026,59.91373875
3010,3,6,4,110.0,16499000,Центральный,Коломенская ,13,Лиговский проспект,298955840,Коломенская 13,38.189202249999994,55.1091709
3011,5,7,4,81.5,16500000,Петроградский, Блохина,3/1,Спортивная,294868481,Блохина 3/1,30.3042669,59.9508284
3012,3,4,4,95.0,16500000,Пушкинский,Широкая ,20,Звездная,295103012,Широкая 20,51.93991957564115,47.190421900000004
3013,4,5,4,107.4,16500000,Петроградский,Ропшинская ,12,Чкаловская,292210540,Ропшинская 12,30.2962375,59.9581283
3014,2,16,4,91.6,16500000,Красносельский,Ленинский проспект,91,Ленинский проспект,293449124,Ленинский проспект 91,39.24388125,51.65687695
3015,5,5,4,90.0,16499000,Невский,Октябрьская набережная,74К2,Ломоносовская,274206544,Октябрьская набережная 74К2,30.4639834,59.8748631
3016,2,15,4,104.0,16400000,Невский,Союзный проспект,6к1,Проспект Большевиков,299263831,Союзный проспект 6к1,30.43995206169209,59.9174359
3017,4,5,4,72.9,16500000,Адмиралтейский,Гороховая ,5,Адмиралтейская,298392127,Гороховая 5,30.31098719726923,59.935568
3018,3,15,4,104.0,16480000,Невский,Союзный проспект,8к1,Проспект Большевиков,292282766,Союзный проспект 8к1,30.4395677250552,59.91848485
3019,1,10,4,108.2,16500000,Невский,проспект Пятилеток,7К1,Проспект Большевиков,294193234,проспект Пятилеток 7К1,30.459327192602473,59.9230643
3020,1,8,4,100.0,16499999,Адмиралтейский,Гражданская ,10,Спасская,299080739,Гражданская 10,42.059599109762985,44.2325563
3021,2,16,4,91.6,16500000,Красносельский,Ленинский проспект,91,,297851285,Ленинский проспект 91,39.24388125,51.65687695
3022,2,5,4,100.9,16500000,Центральный,Гончарная ,6,Площадь Восстания,292649914,Гончарная 6,30.3650281,59.9297566
3023,4,5,4,90.2,16497000,Центральный,Гончарная ,5,Площадь Восстания,296757453,Гончарная 5,37.651334979454674,55.74122935
3024,3,4,4,121.3,16500000,Адмиралтейский,Подъездной переулок,17,Пушкинская,269313761,Подъездной переулок 17,30.334744091130705,59.91581145
3025,4,4,4,92.6,16500000,Центральный,Озерной переулок,12,Площадь Восстания,295995366,Озерной переулок 12,34.50983571473381,57.599685699999995
3026,4,5,4,74.4,16600000,Василеостровский,Железноводская ,24,Приморская,297334563,Железноводская 24,50.13323106638417,53.181308099999995
3027,2,6,4,92.2,16647000,Адмиралтейский,Садовая ,59,,293531055,Садовая 59,34.248057900000006,45.4960601
3028,2,6,4,108.7,16698000,Фрунзенский,Тамбовская ,26,Обводный канал,287998895,Тамбовская 26,48.44376120147119,53.172310800000005
3029,15,25,4,100.1,16590000,Красносельский, Маршала Казакова,68к1,Автово,299416271,Маршала Казакова 68к1,30.17841016668947,59.86511885
3030,3,5,4,96.0,16800000,Адмиралтейский,Старо-Петергофский проспект,37,Нарвская,299508827,Старо-Петергофский проспект 37,30.2764679,59.9031299
3031,1,6,4,91.1,16800000,Адмиралтейский,6-я Красноармейская ,8,Технологический институт,287692037,6-я Красноармейская 8,30.304685145941654,59.91423795
3032,4,7,4,111.5,16800000,Калининский, Академика Лебедева,12,Площадь Ленина,238739647,Академика Лебедева 12,43.95810915,56.2320685
3033,1,5,4,100.3,16750000,Приморский,Торжковская ,2К3,Черная речка,291887965,Торжковская 2К3,30.30474534209366,59.9886187
3034,1,5,4,108.2,16700000,Адмиралтейский,Можайская ,10,Пушкинская,292065624,Можайская 10,30.326305804691593,59.9175177
3035,1,5,4,100.0,16750000,Приморский,Торжковская ,2К3,,298973374,Торжковская 2К3,30.30474534209366,59.9886187
3036,2,4,4,77.4,16700000,Центральный,Полтавская ,14,Площадь Восстания,292594830,Полтавская 14,134.49376254789695,45.84853215
3037,4,6,4,85.0,17000000,Петроградский, Яблочкова,3,Спортивная,280926746,Яблочкова 3,76.92927019596898,43.2827602
3038,17,23,4,98.6,16990000,Красносельский,проспект Ветеранов,133к1,Проспект Ветеранов,295865473,проспект Ветеранов 133к1,30.1551432,59.8352564
3039,3,8,4,105.2,17000000,Центральный, Рылеева,2/6,Маяковская,298573344,Рылеева 2/6,30.353487,59.9428195
3040,5,5,4,86.7,17000000,Центральный,Невский проспект,146,Площадь Восстания,296619284,Невский проспект 146,30.372275933011053,59.92941845
3041,4,5,4,102.2,17000000,Центральный,переулок Апраксин,20,Спасская,299360378,переулок Апраксин 20,30.329122805371885,59.9271361
3042,3,5,4,99.3,16900000,Петроградский,Введенская ,17Б,,286820716,Введенская 17Б,48.6983102,55.7548862
3043,3,6,4,93.1,16990000,Петроградский,Введенская ,19,Горьковская,289506919,Введенская 19,63.663993350000005,53.22902995
3044,5,5,4,74.8,17000000,Петроградский,Большая Пушкарская ,21,Чкаловская,299477577,Большая Пушкарская 21,30.304566858979257,59.95908715
3045,1,5,4,105.0,17000000,Красногвардейский,Малоохтинский проспект,6,Новочеркасская,293903277,Малоохтинский проспект 6,30.4045719,59.9390954
3046,4,5,4,108.5,17100000,Красногвардейский,шоссе Революции,15,Ладожская,281181743,шоссе Революции 15,30.4184834,59.9591521
3047,3,5,4,131.0,17160000,Калининский,Финский переулок,6,Площадь Ленина,296420106,Финский переулок 6,87.35304825,53.7939599
3048,2,6,4,84.9,17200000,Центральный,Саперный переулок,16/36,Чернышевская,299261249,Саперный переулок 16/36,30.3603584,59.9415449
3049,4,5,4,89.2,17499000,Приморский,набережная Черной речки,31,Черная речка,285245287,набережная Черной речки 31,30.311146494418068,59.98512755
3050,1,5,4,90.2,17490000,Центральный,Ковенский переулок,23,Площадь Восстания,292416265,Ковенский переулок 23,30.3624435,59.9370446
3051,2,4,4,91.1,17490000,Петроградский, Воскова,6,Чкаловская,299034498,Воскова 6,30.3038112,59.9575415
3052,1,5,4,117.1,17500000,Адмиралтейский,Курляндская ,22-24,Технологический институт,281355073,Курляндская 22-24,30.28282538816739,59.911664349999995
3053,1,4,4,115.4,17500000,Адмиралтейский,Столярный переулок,4,Сенная площадь,294043218,Столярный переулок 4,92.20325185700811,58.4583509
3054,1,4,4,106.4,17490000,Красносельский,Петергофское шоссе,78к21,,295100199,Петергофское шоссе 78к21,30.112210656411946,59.84528885
3055,1,7,4,106.7,17600000,Центральный,Загородный проспект,21-23,Достоевская,294970939,Загородный проспект 21-23,30.338275779283713,59.92520475
3056,4,5,4,123.0,17600000,Адмиралтейский,набережная Обводного Канала,121,Технологический институт,283115331,набережная Обводного Канала 121,30.3242172,59.9105842
3057,2,5,4,112.9,17650000,Адмиралтейский,Рижский проспект,50,Балтийская,279660073,Рижский проспект 50,28.3029338,57.8159639
3058,4,6,4,92.5,17550000,Приморский,Лисичанская ,8,Черная речка,291573758,Лисичанская 8,44.45932075,48.53532319999999
3059,5,5,4,108.2,17770000,Центральный,набережная Реки Фонтанки,51-53,Гостиный двор,297735315,набережная Реки Фонтанки 51-53,30.3367849,59.9294041
3060,1,3,4,115.0,17800000,Адмиралтейский,Рузовская ,27,Пушкинская,299558229,Рузовская 27,30.3298281,59.9152075
3061,5,7,4,127.44,18000000,Выборгский,шоссе Суздальское,12,Озерки,291694050,шоссе Суздальское 12,30.28970717954548,60.063103600000005
3062,25,25,4,150.0,18000000,Приморский,Коломяжский проспект,20,Пионерская,294823557,Коломяжский проспект 20,30.2959773,59.9998404
3063,3,10,4,114.0,18000000,Калининский,проспект Просвещения,53К1,Гражданский проспект,298969871,проспект Просвещения 53К1,30.381384364409126,60.0426663
3064,2,4,4,120.0,18000000,Адмиралтейский,проспект Римского-Корсакова,8/18,Садовая,286396646,проспект Римского-Корсакова 8/18,30.3058882,59.9243299
3065,3,5,4,93.0,18000000,Фрунзенский,Мгинская ,7,Волковская,277921381,Мгинская 7,30.36931025064014,59.900676000000004
3066,1,7,4,85.8,17900000,Адмиралтейский,Измайловский проспект,16/30,Балтийская,284509511,Измайловский проспект 16/30,30.3081974,59.9114009
3067,1,6,4,136.6,18100000,Кировский, Зенитчиков,3к1,Автово,298613961,Зенитчиков 3к1,30.260456882227913,59.873047850000006
3068,2,5,4,90.5,18100000,Приморский, Савушкина,9,Черная речка,295758147,Савушкина 9,48.05048455993733,46.3730262
3069,7,8,4,120.2,18300000,Центральный,Волоколамский переулок,1,Лиговский проспект,298905089,Волоколамский переулок 1,37.18249074533581,55.85300905
3070,1,6,4,97.7,18600000,Петроградский,Большая Монетная ,30,Петроградская,297505645,Большая Монетная 30,30.32551720742824,59.963235
3071,1,6,4,79.7,18500000,Выборгский,Лесной проспект,32,Выборгская,299533204,Лесной проспект 32,30.347289710072467,59.9721718
3072,3,4,4,95.8,18500000,Центральный, Ломоносова,16,Достоевская,279493025,Ломоносова 16,71.3511755947633,42.908281
3073,2,6,4,95.6,18500000,Петроградский, Лизы Чайкиной,22,Горьковская,289351148,Лизы Чайкиной 22,30.304319481011312,59.9550475
3074,3,4,4,85.1,18500000,Петроградский,Провиантская ,8,Спортивная,292246478,Провиантская 8,104.29803389195646,52.27034905
3075,7,7,4,113.0,18550000,Красносельский, Маршала Захарова,39,Ленинский проспект,282511925,Маршала Захарова 39,30.21233073378213,59.8489506
3076,3,7,4,115.8,18500000,Центральный,Моховая ,28,Чернышевская,288183864,Моховая 28,30.3459117637727,59.94158775
3077,4,5,4,79.3,18700000,Красногвардейский,Заневский проспект,7/7,Новочеркасская,297325107,Заневский проспект 7/7,30.4065044,59.9276422
3078,15,15,4,124.3,18800000,Невский, Дыбенко,21к3,Улица Дыбенко,297358343,Дыбенко 21к3,30.475450020232778,59.9021783
3079,2,5,4,100.0,19000000,Центральный,Греческий проспект,15,Площадь Восстания,298391948,Греческий проспект 15,30.3672769,59.9358303
3080,2,6,4,100.9,19000000,Петроградский,Лахтинская ,28,Чкаловская,299255530,Лахтинская 28,30.297632094094382,59.963520149999994
3081,2,22,4,98.8,19000000,Красносельский,Ленинский проспект,64к1,Ленинский проспект,299360239,Ленинский проспект 64к1,30.1696729,59.8643023
3082,2,5,4,86.0,19000000,Выборгский,Большой Сампсониевский проспект,74,Лесная,274745349,Большой Сампсониевский проспект 74,30.335613776747145,59.9825611
3083,5,5,4,126.4,18970000,Пушкинский,Малиновская ,11,Купчино,286552661,Малиновская 11,129.85369515244702,49.7889584
3084,9,23,4,110.2,19138000,Выборгский,Парнас,3/20,Парнас,299377471,Парнас 3/20,30.3650399,60.065508
3085,7,7,4,89.3,19199500,Кировский,проспект Стачек,75,Автово,296899845,проспект Стачек 75,30.2586986,59.8677539
3086,3,5,4,90.0,19200000,Выборгский,Лесной проспект,61,Лесная,299666304,Лесной проспект 61,30.3450617,59.9841833
3087,2,6,4,95.8,19200000,Красногвардейский,Малоохтинский проспект,86,Новочеркасская,253569288,Малоохтинский проспект 86,30.40418283861314,59.924445750000004
3088,3,7,4,109.0,19200000,Адмиралтейский,Бронницкая ,19,Технологический институт,291589897,Бронницкая 19,38.2370515,55.5633632
3089,2,5,4,89.0,19400000,Адмиралтейский,Московский проспект,79,Фрунзенская,284542325,Московский проспект 79,39.18066422876994,51.70135075
3090,8,13,4,87.2,19700000,Приморский,Комендантский проспект,25К1,Комендантский проспект,299255618,Комендантский проспект 25К1,30.2516018,60.0155649
3091,5,6,4,91.5,19900000,Адмиралтейский, Писарева,18,Спасская,281501906,Писарева 18,69.65202215,42.3102181
3092,3,5,4,101.4,19900000,Выборгский,Костромской проспект,7,,299012608,Костромской проспект 7,30.31929178658236,60.01296735
3093,4,5,4,83.1,19800000,Центральный,Гончарная ,11а,Площадь Восстания,299318562,Гончарная 11а,33.90020426146789,58.37952295
3094,3,4,4,92.0,19800000,Центральный, Моисеенко,15-17,Площадь Восстания,297802071,Моисеенко 15-17,133.1689253,43.0534602
3095,5,5,4,106.0,19990000,Петроградский, Красного Курсанта,9а,Спортивная,277377330,Красного Курсанта 9а,30.290945250574993,59.955986800000005
3096,3,5,4,108.8,20000000,Адмиралтейский,Галерная ,44Б,Адмиралтейская,297190848,Галерная 44Б,30.2941101,59.9332567
3097,1,8,4,87.6,20000000,Центральный,Коломенская ,10,Владимирская,299357343,Коломенская 10,76.94137546692673,43.3396696
3098,2,6,4,101.0,20000000,Адмиралтейский,7-я Красноармейская ,20,Фрунзенская,295057365,7-я Красноармейская 20,30.3113724,59.9115319
3099,5,7,4,121.1,20000000,Кировский,проспект Стачек,67К5,Автово,298135821,проспект Стачек 67К5,30.25690650271794,59.87149205
3100,2,20,4,106.5,20150000,Московский, Парфеновская,17,Московские ворота,298868754,Парфеновская 17,30.31249306459226,59.8934103
3101,4,5,4,134.0,20500000,Пушкинский,Малиновская ,17,Купчино,299612218,Малиновская 17,129.85328346297595,49.78946315
3102,1,5,4,84.8,20499000,Красногвардейский,Заневский проспект,7/7,Новочеркасская,299554872,Заневский проспект 7/7,30.4065044,59.9276422
3103,2,7,4,139.7,20500000,Центральный,Гороховая ,32,Сенная площадь,287441525,Гороховая 32,30.320740806769194,59.92963575
3104,1,5,4,88.0,20700000,Адмиралтейский,Малодетскосельский проспект,36,Технологический институт,296391541,Малодетскосельский проспект 36,30.3209535,59.9115699
3105,5,5,4,116.2,20900000,Центральный,Ульяны Громовой переулок,5,Площадь Восстания,299569306,Ульяны Громовой переулок 5,30.362079,59.9341312
3106,13,20,4,115.0,20990000,Красногвардейский,проспект Косыгина,17к1,Ладожская,293780330,проспект Косыгина 17к1,30.4759504,59.9438377
3107,1,4,4,120.0,21000000,Адмиралтейский,Садовая ,107,Балтийская,299639842,Садовая 107,77.03701870227636,52.22201765
3108,23,23,4,110.4,21090000,Выборгский,Парнас,3/20,Парнас,299377475,Парнас 3/20,30.3650399,60.065508
3109,5,7,4,120.0,21000000,Петроградский, Подрезова,1,Петроградская,295848283,Подрезова 1,67.9085399,58.0516847
3110,7,7,4,98.8,21000000,Невский, Бабушкина,81к1,Ломоносовская,298845003,Бабушкина 81к1,30.446029,59.8737272
3111,5,7,4,140.0,21100000,Адмиралтейский,набережная Реки Фонтанки,103,Спасская,294108373,набережная Реки Фонтанки 103,30.3206432,59.9232466
3112,2,5,4,101.1,21500000,Калининский,Финляндский,8/8,,298214396,Финляндский 8/8,30.38021510310851,59.968449
3113,4,6,4,136.0,21499000,Адмиралтейский,Гороховая ,58,Пушкинская,289052096,Гороховая 58,30.3296994,59.9235559
3114,2,5,4,113.8,21500000,Пушкинский,Слуцкая ,13к2,Купчино,299234272,Слуцкая 13к2,30.42870485001105,59.6881372
3115,9,23,4,129.4,21893000,Выборгский,Парнас,3/20,Парнас,299374845,Парнас 3/20,30.3650399,60.065508
3116,8,23,4,128.2,21690000,Выборгский,Парнас,3/20,Парнас,299142194,Парнас 3/20,30.3650399,60.065508
3117,3,5,4,129.0,21750000,Центральный,Захарьевская ,21,Площадь Ленина,297349671,Захарьевская 21,29.996782592800088,60.02692965
3118,12,14,4,108.5,21790000,Московский, Парфеновская,17,Московские ворота,296684386,Парфеновская 17,30.31249306459226,59.8934103
3119,1,9,4,129.2,21700000,Невский, Дыбенко,40К1,Улица Дыбенко,298116058,Дыбенко 40К1,30.497935544355773,59.9110486
3120,1,2,4,94.4,22000000,Петродворцовый,Лихардовская ,6,Проспект Ветеранов,297277215,Лихардовская 6,29.91886383765717,59.8794298
3121,13,27,4,99.4,22000000,Московский,Витебский проспект,101к4,Купчино,299629917,Витебский проспект 101к4,30.3686227,59.8290438
3122,4,12,4,83.8,22000000,Приморский,Белоостровская ,7,Лесная,299069292,Белоостровская 7,30.328233976336737,59.98569325
3123,9,15,4,121.0,22000000,Выборгский,проспект Пархоменко,39,Площадь Мужества,298004059,проспект Пархоменко 39,30.354384117064342,59.99753525
3124,4,7,4,107.7,22000000,Московский,Ленинский проспект,161,Московская,291469586,Ленинский проспект 161,20.5008478,54.6959759
3125,2,6,4,114.5,21999000,Центральный,Тележная ,16,Площадь Александра Невского,299486466,Тележная 16,45.97652435117483,51.5903708
3126,3,7,4,107.7,22000000,Адмиралтейский,Бородинская ,1/88,Звенигородская,294627478,Бородинская 1/88,30.3309731,59.925641
3127,15,16,4,102.3,22000000,Приморский,Сердобольская ,7к2,Лесная,290579582,Сердобольская 7к2,30.322295206099483,59.993397900000005
3128,2,3,4,95.0,22000000,Калининский,Герасимовская ,18,Лесная,276668938,Герасимовская 18,54.9967115,51.1650733
3129,3,4,4,118.9,22000000,Адмиралтейский,Вознесенский проспект,45,Садовая,298683666,Вознесенский проспект 45,30.3077431,59.9219794
3130,18,24,4,116.0,22100000,Красносельский,бульвар Балтийский,4,Ленинский проспект,296201320,бульвар Балтийский 4,30.1556175,59.8691355
3131,4,4,4,148.0,22250000,Центральный,Греческий проспект,13,Площадь Восстания,271981968,Греческий проспект 13,30.3665872,59.9351731
3132,13,16,4,142.0,22200000,Василеостровский,Морская набережная,33,Приморская,295473659,Морская набережная 33,30.218701821469523,59.95870975
3133,13,14,4,100.0,22300000,Калининский,Кондратьевский проспект,64к4,Лесная,294164551,Кондратьевский проспект 64к4,30.393356128826635,59.98282045
3134,2,6,4,100.0,22400000,Центральный,Невский проспект,156,,285355254,Невский проспект 156,30.374593501445847,59.9278329
3135,4,7,4,85.0,22450000,Центральный,Караванная ,14,Гостиный двор,290048956,Караванная 14,71.34518265,42.8741518
3136,19,24,4,107.8,22500000,Красносельский,бульвар Балтийский,4,Ленинский проспект,294272735,бульвар Балтийский 4,30.1556175,59.8691355
3137,12,17,4,113.6,22900000,Приморский,Комендантский проспект,34к1,Комендантский проспект,296413084,Комендантский проспект 34к1,30.242470700006493,60.0211621
3138,1,15,4,103.6,22999000,Приморский,Мебельная ,21к1,Беговая,297577252,Мебельная 21к1,30.215050122621975,59.99554045
3139,3,4,4,147.2,22950000,Адмиралтейский,Казанская ,45,Спасская,299344729,Казанская 45,48.37441923700306,54.3482359
3140,3,6,4,109.4,22890000,Московский,Московское шоссе,14к1,Звездная,298536519,Московское шоссе 14к1,30.3343035,59.8367764
3141,3,4,4,115.2,22777000,Адмиралтейский,Конногвардейский бульвар,9Б,Адмиралтейская,294998391,Конногвардейский бульвар 9Б,30.2958371,59.9322594
3142,16,17,4,107.0,22900000,Приморский,Парашютная ,61к4,,256066239,Парашютная 61к4,30.255323,60.037377
3143,2,25,4,105.7,22990000,Приморский,проспект Королева,63к1,Комендантский проспект,299417617,проспект Королева 63к1,30.243536669243824,60.032436149999995
3144,7,9,4,107.0,23000000,Фрунзенский,Альпийский переулок,37к1,Проспект Славы,298784254,Альпийский переулок 37к1,30.3890317,59.8534141
3145,1,5,4,90.0,23000000,Московский, Севастьянова,1к2,,296696401,Севастьянова 1к2,30.3290276,59.8778899
3146,4,6,4,107.7,23000000,Центральный,Кирочная ,25,Площадь Восстания,299466514,Кирочная 25,30.362374678283565,59.943544700000004
3147,7,12,4,90.5,23500000,Выборгский,Светлановский проспект,8,Пионерская,299481732,Светлановский проспект 8,30.336440376051304,60.0071704
3148,1,15,4,103.7,23500000,Приморский,Мебельная ,21к1,Беговая,299328822,Мебельная 21к1,30.215050122621975,59.99554045
3149,2,17,4,104.0,23500000,Невский,переулок Клочков,10к2,Проспект Большевиков,298845729,переулок Клочков 10к2,30.4632812,59.9211161
3150,13,21,4,109.9,23500000,Московский,Московское шоссе,26к2,Звездная,295423373,Московское шоссе 26к2,30.341272019791987,59.8346005
3151,2,6,4,127.7,23800000,Адмиралтейский,Серпуховская ,48,Технологический институт,296963207,Серпуховская 48,76.92919567548824,43.32057405
3152,3,4,4,119.1,23800000,Пушкинский,Жуковско-Волынская ,1/18,,274207007,Жуковско-Волынская 1/18,30.427561,59.7186099
3153,2,4,4,104.9,24000000,Центральный,Кузнечный переулок,13,Владимирская,298565321,Кузнечный переулок 13,30.353917515192023,59.9268819
3154,4,7,4,78.3,23999999,Центральный, Моисеенко,5,Площадь Восстания,299419793,Моисеенко 5,133.1692263487597,43.053520899999995
3155,11,15,4,120.0,24000000,Фрунзенский,Софийская ,37к2,Международная,298326050,Софийская 37к2,30.39968013410448,59.8738512
3156,2,6,4,111.5,23950000,Невский,Ивановская ,17,Ломоносовская,296125538,Ивановская 17,42.3689445,61.29196825
3157,4,4,4,111.5,24000000,Центральный,Невский проспект,22-24,Гостиный двор,280087905,Невский проспект 22-24,30.323962,59.9360478
3158,7,7,4,102.3,24000000,Петроградский,Съезжинская ,29,Спортивная,297942481,Съезжинская 29,30.302660265964068,59.95386125
3159,4,6,4,98.6,24200000,Василеостровский, Челюскина,6,Приморская,298825757,Челюскина 6,77.21623475603342,43.313514049999995
3160,2,4,4,100.9,24200000,Адмиралтейский, Декабристов,19,Спасская,294423056,Декабристов 19,77.25587948153853,43.3402698
3161,8,16,4,106.9,24600000,Василеостровский,Морская набережная,15Б,Приморская,295985369,Морская набережная 15Б,30.2108041,59.9398991
3162,3,5,4,90.0,24500000,Приморский,Школьная ,15,Черная речка,296473636,Школьная 15,75.3617155,53.45665175
3163,4,6,4,160.0,24400000,Центральный, Правды,22,Звенигородская,274871381,Правды 22,40.07874625,47.48092185
3164,20,24,4,100.0,24700000,Выборгский,Выборгское шоссе,17к2,Проспект Просвещения,295378570,Выборгское шоссе 17к2,30.31208586389728,60.053811749999994
3165,2,7,4,128.0,24700000,Центральный,Лиговский проспект,65,Площадь Восстания,298701107,Лиговский проспект 65,30.3581348,59.9271395
3166,13,19,4,136.0,24900000,Кировский,проспект Маршала Жукова,54к1,Ленинский проспект,299560216,проспект Маршала Жукова 54к1,30.207797319527153,59.8415134
3167,2,3,4,104.0,25000000,Центральный,Графский переулок,10/11,Достоевская,273993460,Графский переулок 10/11,30.3474158,59.9302715
3168,3,7,4,120.8,25000000,Кировский,проспект Стачек,57,Кировский завод,282242656,проспект Стачек 57,30.256112,59.876192
3169,2,4,4,104.5,24990000,Адмиралтейский,Садовая ,91,Балтийская,295094575,Садовая 91,77.03539690227635,52.223117450000004
3170,2,5,4,110.0,25000000,Адмиралтейский,Садовая ,65,Садовая,295331357,Садовая 65,77.03270490227635,52.22492125
3171,5,7,4,150.0,25000000,Выборгский,шоссе Суздальское,10,Озерки,299437479,шоссе Суздальское 10,30.2913623434797,60.062754
3172,4,5,4,104.0,25000000,Адмиралтейский,Почтамтский переулок,2,Адмиралтейская,297922108,Почтамтский переулок 2,30.3014874,59.9327546
3173,2,3,4,104.1,25000000,Центральный,Графский переулок,10/11,Достоевская,294426610,Графский переулок 10/11,30.3474158,59.9302715
3174,2,7,4,156.1,24900000,Выборгский,шоссе Суздальское,12к2,,297660619,шоссе Суздальское 12к2,30.29003702553895,60.06221195
3175,2,10,4,118.1,25000000,Приморский,Новоколомяжский проспект,4К1,Удельная,285494358,Новоколомяжский проспект 4К1,30.2977533,60.026591
3176,3,3,4,108.3,24997000,Адмиралтейский, Декабристов,51,Балтийская,297326941,Декабристов 51,48.37355875,54.35456695
3177,4,10,4,112.3,25000000,Кировский,проспект Стачек,79,Автово,298784768,проспект Стачек 79,30.25976385498356,59.865531849999996
3178,1,7,4,101.1,24900000,Адмиралтейский,Измайловский проспект,16/30,Балтийская,284601167,Измайловский проспект 16/30,30.3081974,59.9114009
3179,2,14,4,110.0,24900000,Приморский,набережная Черной речки,9,Черная речка,297642930,набережная Черной речки 9,30.31856991695915,59.9839801
3180,5,6,4,167.5,25000000,Выборгский, Руднева,22/1,Проспект Просвещения,276489058,Руднева 22/1,26.73295,51.0028667
3181,4,6,4,112.3,25000000,Центральный,Думская ,5/22,Невский проспект,295895775,Думская 5/22,30.32795241801619,59.933419
3182,9,17,4,103.3,24900000,Фрунзенский,проспект Славы,52к1,Проспект Славы,293942118,проспект Славы 52к1,30.4102206,59.8647826
3183,3,18,4,128.3,25018500,Василеостровский,бульвар Александра Грина,2к2,Приморская,297679158,бульвар Александра Грина 2к2,30.206002297833763,59.93513085
3184,9,25,4,115.3,26199999,Калининский, Брянцева,13к1,Гражданский проспект,298331281,Брянцева 13к1,30.40833037486111,60.03984765
3185,4,5,4,138.0,26000000,Пушкинский, Глинки,17,,285102268,Глинки 17,71.36362292583479,42.8923981
3186,6,7,4,172.2,25990000,Калининский, Хлопина,7К3,Площадь Мужества,290951818,Хлопина 7К3,30.371074051835762,59.999587649999995
3187,4,7,4,131.7,25990000,Петроградский, Ленина,52,Чкаловская,296973237,Ленина 52,69.06653169631724,41.112714600000004
3188,23,24,4,105.0,26400000,Красносельский,бульвар Балтийский,4,,291256296,бульвар Балтийский 4,30.1556175,59.8691355
3189,11,17,4,130.0,26500000,Приморский,Коломяжский проспект,20,Пионерская,284814518,Коломяжский проспект 20,30.2959773,59.9998404
3190,3,3,4,106.0,26500000,Василеостровский,Кадетская линия,17,Спортивная,296401388,Кадетская линия 17,30.2875702,59.9444402
3191,5,25,4,166.1,26500000,Василеостровский, Нахимова,20,Приморская,295860767,Нахимова 20,31.850113741225186,49.2259074
3192,4,4,4,100.0,26800000,Выборгский,Большой Сампсониевский проспект,38-40,Выборгская,299422704,Большой Сампсониевский проспект 38-40,30.340141,59.9702479
3193,2,10,4,112.6,26856000,Выборгский,Манчестерская ,3,Удельная,299399141,Манчестерская 3,30.3318468,60.0111199
3194,13,13,4,153.8,26950000,Василеостровский,Морская набережная,33,Приморская,292421539,Морская набережная 33,30.218701821469523,59.95870975
3195,3,6,4,106.2,27000000,Центральный, Рубинштейна,2/45,Достоевская,295372903,Рубинштейна 2/45,30.346902,59.9324741
3196,3,3,4,132.3,27000000,Центральный, Чайковского,33-37,Площадь Ленина,290434875,Чайковского 33-37,30.3540223,59.9462932
3197,3,6,4,103.3,27400000,Московский,Московский проспект,216,Московская,290546481,Московский проспект 216,30.3235497,59.8487949
3198,3,7,4,95.7,27295000,Центральный,Лиговский проспект,139,Обводный канал,298986454,Лиговский проспект 139,30.3514433,59.9172151
3199,2,3,4,165.0,27600000,Приморский,1-я Утиная ,17к1,Озерки,290075085,1-я Утиная 17к1,30.2987346,60.0349797
3200,4,5,4,135.3,28000000,Петроградский,Каменноостровский проспект,59,Петроградская,297182637,Каменноостровский проспект 59,30.3059127,59.9724821
3201,7,9,4,140.0,28000000,Выборгский,проспект Энгельса,126К1,Озерки,295198038,проспект Энгельса 126К1,30.3232368,60.03979
3202,5,6,4,170.4,27900000,Петродворцовый,Разводная ,12,,287402885,Разводная 12,29.902846026838667,59.8779709
3203,1,3,4,90.8,28000000,Фрунзенский,Лиговский проспект,201,Обводный канал,299555456,Лиговский проспект 201,30.347634298187923,59.9114718
3204,15,25,4,117.87,27850000,Приморский,Коломяжский проспект,13,Пионерская,285390605,Коломяжский проспект 13,30.30213416017964,59.9981279
3205,4,7,4,129.0,28000000,Кировский,проспект Стачек,67К3,Автово,299149656,проспект Стачек 67К3,30.257094430660572,59.870574700000006
3206,5,6,4,188.6,27900000,Петродворцовый,Разводная ,12,,293457788,Разводная 12,29.902846026838667,59.8779709
3207,4,5,4,145.4,28000000,Центральный,Пушкинская ,6,Площадь Восстания,294269313,Пушкинская 6,133.05351869999998,42.92828195
3208,16,20,4,129.2,28000000,Приморский,Долгоозерная ,14,Комендантский проспект,295375392,Долгоозерная 14,30.2464321,60.017471
3209,7,15,4,108.3,28500000,Выборгский,Новолитовская ,14,Лесная,298570176,Новолитовская 14,30.3589517,59.9826576
3210,4,6,4,128.9,28400000,Центральный,Невский проспект,151,Площадь Александра Невского,295047485,Невский проспект 151,30.3792569,59.9256012
3211,11,12,4,114.0,28490000,Курортный,Дубковское шоссе,38,Беговая,298074089,Дубковское шоссе 38,29.948295266260473,60.090985149999995
3212,3,3,4,115.0,28400000,Центральный, Чайковского,33-37,Чернышевская,294605770,Чайковского 33-37,30.3540223,59.9462932
3213,1,9,4,132.3,28890000,Выборгский,проспект Энгельса,126К1,Озерки,290501717,проспект Энгельса 126К1,30.3232368,60.03979
3214,4,5,4,115.5,28800000,Центральный,Казанская ,8-10,Гостиный двор,290344605,Казанская 8-10,30.3219124,59.9324571
3215,3,11,4,106.7,28800000,Центральный,Кременчугская ,17к3,Площадь Александра Невского,279028513,Кременчугская 17к3,30.3701481,59.9205468
3216,2,5,4,132.5,29500000,Центральный,Большая Морская ,23/12,Адмиралтейская,295324533,Большая Морская 23/12,30.3129262,59.9347279
3217,4,5,4,113.2,30000000,Московский,Московский проспект,149А,Электросила,293615061,Московский проспект 149А,39.1788636,51.7338243
3218,2,4,4,101.7,30000000,Адмиралтейский,набережная Реки Мойки,62/2,Адмиралтейская,296501288,набережная Реки Мойки 62/2,30.3126049,59.9318609
3219,3,15,4,141.4,29950000,Калининский,проспект Науки,19К2,Академическая,290943879,проспект Науки 19К2,30.3938324,60.0131402
3220,1,4,4,104.8,29999000,Центральный, Рубинштейна,15-17,Достоевская,292240600,Рубинштейна 15-17,30.342477631726933,59.9293639
3221,2,3,4,170.0,30000000,Петродворцовый, Аврова,26к1,,298170378,Аврова 26к1,29.920919683130215,59.8706552
3222,2,16,4,116.0,29995000,Московский,Краснопутиловская ,125,Московская,294366944,Краснопутиловская 125,30.310833427372334,59.8470779
3223,1,9,4,109.1,29800000,Петроградский,Петровский проспект,11к2,Крестовский остров,283440909,Петровский проспект 11к2,30.259412625520834,59.9624914
3224,2,4,4,100.2,29900000,Центральный,Парадная ,4,Площадь Восстания,296681696,Парадная 4,50.238341857950445,53.26635885
3225,13,15,4,160.2,30000000,Приморский,Комендантский проспект,27К1,Комендантский проспект,243131157,Комендантский проспект 27К1,30.2487809,60.0181936
3226,11,27,4,114.0,29848000,Московский,проспект Космонавтов,37,Московская,296786834,проспект Космонавтов 37,23.8479893,53.6750412
3227,12,12,4,141.4,31000000,Выборгский,Ярославский проспект,66к1,Удельная,291532110,Ярославский проспект 66к1,30.315996793456883,60.0250343
3228,10,12,4,102.9,30900000,Московский, Решетникова,29,Электросила,295003407,Решетникова 29,80.88448869999999,51.752623
3229,3,3,4,102.0,31000000,Приморский, Новая,51к27,Беговая,298042859,Новая 51к27,41.1716186,55.8743515
3230,2,4,4,144.0,31072765,Адмиралтейский,Казначейская ,4,Сенная площадь,295227027,Казначейская 4,142.6710551731788,46.94965225
3231,2,6,4,112.3,31500000,Адмиралтейский,Садовая ,97,Сенная площадь,299660633,Садовая 97,77.03600630227635,52.22269095
3232,8,14,4,128.0,31700000,Московский,Бассейная ,73к1,Парк Победы,295162597,Бассейная 73к1,30.341708999364158,59.86419025
3233,3,4,4,131.0,32000000,Приморский,Новосельковская ,12,Пионерская,297247847,Новосельковская 12,31.096460901576894,52.61561075
3234,3,15,4,160.9,32000000,Невский,проспект Пятилеток,13к1,Проспект Большевиков,294966239,проспект Пятилеток 13к1,30.4537066,59.9243293
3235,2,6,4,112.5,32000000,Красносельский,проспект Патриотов,35,Ленинский проспект,293718116,проспект Патриотов 35,39.122728650000006,51.64442875
3236,5,5,4,97.7,32000000,Петроградский, Мира,10,Горьковская,299060597,Мира 10,44.182564587756175,49.4355745
3237,12,19,4,122.0,32000000,Московский,Малая Митрофаньевская ,8к1,Московские ворота,299190042,Малая Митрофаньевская 8к1,30.3118234,59.895403
3238,7,15,4,132.1,32000000,Василеостровский, Кораблестроителей,34,Приморская,299016869,Кораблестроителей 34,30.216583757552733,59.95415755
3239,3,7,4,150.7,32990000,Василеостровский,Гаванская ,20,Приморская,298949464,Гаванская 20,30.239152159886117,59.933031650000004
3240,33,35,4,130.0,33000000,Невский,проспект Обуховской обороны,138к2,Обухово,299522479,проспект Обуховской обороны 138к2,30.4843425,59.8458858
3241,3,8,4,80.5,33999999,Петроградский,Ремесленная ,21,Спортивная,294109474,Ремесленная 21,30.213568,55.2119747
3242,12,16,4,153.0,33999000,Василеостровский,Морская набережная,35К2,Приморская,286718359,Морская набережная 35К2,30.22039595246472,59.959172249999995
3243,2,4,4,143.0,33999999,Центральный,Суворовский проспект,37,Площадь Восстания,294562882,Суворовский проспект 37,30.297574750000003,59.378377799999996
3244,5,5,4,112.6,34000000,Петроградский,Ждановская набережная,11Д,Спортивная,297319628,Ждановская набережная 11Д,30.2887464,59.9531371
3245,12,12,4,92.7,34500000,Красногвардейский,Магнитогорская ,3к2,Новочеркасская,275924129,Магнитогорская 3к2,30.420108096148898,59.93535765
3246,2,8,4,158.1,34500000,Центральный,Конная ,24,Площадь Александра Невского,296336383,Конная 24,30.377888435750318,59.92800225
3247,3,15,4,139.7,34500000,Выборгский,проспект Луначарского,11к3,Озерки,298417497,проспект Луначарского 11к3,30.3287345,60.0421577
3248,11,14,4,110.0,34600000,Приморский,набережная Черной речки,9,Черная речка,298755978,набережная Черной речки 9,30.31856991695915,59.9839801
3249,6,18,4,102.4,34900000,Фрунзенский,Загребский бульвар,9,Дунайская,285947778,Загребский бульвар 9,30.3996365,59.8446241
3250,3,6,4,123.8,34900000,Центральный,Суворовский проспект,38Б,Чернышевская,299573807,Суворовский проспект 38Б,30.3818558,59.9420234
3251,4,6,4,114.6,35000000,Центральный, Чайковского,2/7Б,Чернышевская,299570668,Чайковского 2/7Б,36.7897,56.2857
3252,3,6,4,160.0,35000000,Центральный,Кирочная ,49,Чернышевская,294383214,Кирочная 49,30.379289642755893,59.94236555
3253,2,10,4,159.7,35000000,Выборгский,проспект Тореза,81к1,Удельная,295015630,проспект Тореза 81к1,30.3329382,60.0196268
3254,16,21,4,120.0,35000000,Василеостровский, Челюскина,8,Приморская,289202007,Челюскина 8,77.21582407614503,43.313531100000006
3255,7,9,4,123.1,35000000,Адмиралтейский,Серпуховская ,34,Технологический институт,287605685,Серпуховская 34,76.93223462311477,43.320526799999996
3256,5,6,4,101.2,35000000,Центральный, Жуковского,43,Площадь Восстания,298724968,Жуковского 43,80.27520730246074,50.416150200000004
3257,19,23,4,106.0,35000000,Калининский,Пискарёвка,5к8,Лесная,278144927,Пискарёвка 5к8,30.4182017,59.9924121
3258,22,25,4,120.0,36000000,Московский, Типанова,27/39,Московская,296006405,Типанова 27/39,30.34899133779046,59.8538248
3259,2,7,4,195.6,36000000,Центральный,Пушкинская ,10,Маяковская,294969950,Пушкинская 10,30.359036,59.9292066
3260,2,6,4,127.0,36490000,Центральный,Смольный проспект,9,Новочеркасская,291926055,Смольный проспект 9,30.394474673171175,59.94413405
3261,5,9,4,134.1,36877000,Василеостровский,Детская ,18,Приморская,297991497,Детская 18,89.52307188721846,56.2059298
3262,4,8,4,122.0,37700000,Петроградский,Петровский проспект,26к2,Крестовский остров,298579972,Петровский проспект 26к2,30.254776622413942,59.96051075
3263,4,8,4,118.0,37800000,Петроградский,Петровский проспект,26к2,Крестовский остров,293812066,Петровский проспект 26к2,30.254776622413942,59.96051075
3264,13,25,4,151.1,38000000,Василеостровский, Нахимова,20,Приморская,298515597,Нахимова 20,86.14234474417738,57.005242949999996
3265,3,8,4,145.0,38000000,Московский,Алтайская ,12,Московская,266372444,Алтайская 12,77.23688701590655,43.316111750000005
3266,22,23,4,171.1,38000000,Выборгский,проспект Тореза,112к1,Удельная,292595265,проспект Тореза 112к1,30.326802299676316,60.02272585
3267,4,10,4,118.0,39000000,Московский,Московское шоссе,16к1,Звездная,298555281,Московское шоссе 16к1,30.3380222,59.8360303
3268,5,7,4,170.1,38950000,Адмиралтейский,набережная Реки Фонтанки,131,Сенная площадь,299239814,набережная Реки Фонтанки 131,30.3053909,59.9196007
3269,8,20,4,122.0,38800000,Василеостровский, Челюскина,8,Приморская,292902987,Челюскина 8,77.21582407614503,43.313531100000006
3270,25,25,4,120.0,39500000,Московский,Краснопутиловская ,113К1,Московская,299596881,Краснопутиловская 113К1,30.30821229901703,59.84821805
3271,14,14,4,159.8,39500000,Московский,Смоленская ,14,Фрунзенская,293984607,Смоленская 14,71.36624725,42.87705335
3272,2,3,4,210.0,39500000,Приморский,Эстонская ,19,Комендантский проспект,297692432,Эстонская 19,48.08176565,46.4021562
3273,2,3,4,216.5,39990000,Приморский,проспект Авиаконструкторов,55К2,Комендантский проспект,292590084,проспект Авиаконструкторов 55К2,30.219671598197564,60.02973265
3274,3,10,4,104.7,39950000,Красногвардейский,Магнитогорская ,11,Новочеркасская,294509119,Магнитогорская 11,69.28699624175758,41.3323707
3275,5,8,4,118.4,39900000,Петроградский,Петровский проспект,26Д,Крестовский остров,297157220,Петровский проспект 26Д,30.2575856,59.9613023
3276,4,7,4,134.1,40000000,Адмиралтейский,набережная Канала Грибоедова,144,Балтийская,262828758,набережная Канала Грибоедова 144,30.289778344285708,59.920715200000004
3277,3,9,4,175.83,39900000,Выборгский,Костромской проспект,71,Удельная,290783858,Костромской проспект 71,30.313609189195205,60.0268069
3278,3,8,4,125.0,40450000,Петроградский,Петровский проспект,26к2,Крестовский остров,299618680,Петровский проспект 26к2,30.254776622413942,59.96051075
3279,4,11,4,144.6,41800000,Адмиралтейский,набережная Обводного Канала,108,Фрунзенская,297991510,набережная Обводного Канала 108,30.31301493605263,59.9072927
3280,21,23,4,170.0,41500000,Московский, Ленсовета,87к3,Звездная,289672681,Ленсовета 87к3,30.34255664999999,59.8350179
3281,5,5,4,166.7,41800000,Центральный,Невский проспект,180/2,Площадь Александра Невского,296405519,Невский проспект 180/2,30.3827157,59.9249049
3282,12,12,4,158.5,43100000,Фрунзенский,Тамбовская ,7к2,Обводный канал,298535093,Тамбовская 7к2,30.353252727512213,59.91372905
3283,4,4,4,152.0,42950000,Приморский, Новая,51к1,Беговая,287844931,Новая 51к1,41.1716186,55.8743515
3284,7,8,4,137.0,43500000,Пушкинский,Детскосельский бульвар,5а,Купчино,286530380,Детскосельский бульвар 5а,30.404916978107803,59.740307
3285,2,7,4,134.4,43800000,Адмиралтейский,Малодетскосельский проспект,40,Фрунзенская,297950958,Малодетскосельский проспект 40,30.31980418891118,59.91094985
3286,6,7,4,140.3,44500000,Петроградский, Блохина,13,Спортивная,286204787,Блохина 13,43.65798955,53.5323758
3287,2,8,4,130.0,44680000,Петроградский,Петровский проспект,22к2,Крестовский остров,299022445,Петровский проспект 22к2,30.261877165769224,59.96039365
3288,3,10,4,127.0,45000000,Петроградский,Офицерский переулок,8,Спортивная,289485792,Офицерский переулок 8,85.00494755,56.5097424
3289,4,4,4,150.0,44950000,Приморский, Новая,51к1,Беговая,287845209,Новая 51к1,41.1716186,55.8743515
3290,10,12,4,129.9,45000000,Красносельский,проспект Героев,30,Ленинский проспект,295207970,проспект Героев 30,29.082686627468618,59.90501835
3291,7,8,4,101.9,44999999,Адмиралтейский,набережная Обводного Канала,106,Фрунзенская,296476921,набережная Обводного Канала 106,30.31464210105552,59.9073095
3292,3,4,4,168.3,45700000,Адмиралтейский,набережная Канала Грибоедова,105,Спасская,283322030,набережная Канала Грибоедова 105,30.2999532,59.9261033
3293,1,6,4,158.0,47000000,Адмиралтейский,Адмиралтейская набережная,12-14,Адмиралтейская,299136243,Адмиралтейская набережная 12-14,30.3066519,59.9379516
3294,6,7,4,181.3,47000000,Московский,Свеаборгская ,11,Электросила,290501646,Свеаборгская 11,30.332631596874805,59.874707400000005
3295,3,7,4,152.1,48000000,Центральный,Тележная ,32,Площадь Александра Невского,292044299,Тележная 32,30.38057057986918,59.924433199999996
3296,10,11,4,215.0,48368000,Василеостровский, Одоевского,21к1,Приморская,299336692,Одоевского 21к1,30.258875133939036,59.95182435
3297,4,4,4,205.3,48245500,Пушкинский,Захаржевская ,14,Звездная,297818910,Захаржевская 14,30.4068357,59.7071483
3298,2,8,4,135.75,49105000,Адмиралтейский,Московский проспект,65,Фрунзенская,292684092,Московский проспект 65,52.37967116608695,55.718019600000005
3299,10,15,4,184.0,48700000,Красногвардейский,Большеохтинский проспект,16к1,Новочеркасская,273036197,Большеохтинский проспект 16к1,30.4094146,59.9558272
3300,3,6,4,140.4,50000000,Петроградский,проспект Добролюбова,19,Спортивная,276142024,проспект Добролюбова 19,30.2993569,59.9499041
3301,2,5,4,216.4,50000000,Красногвардейский,Большеохтинский проспект,31,Новочеркасская,279276155,Большеохтинский проспект 31,30.41088921942332,59.95529655
3302,5,5,4,221.0,49900000,Адмиралтейский,Адмиралтейская набережная,12-14,Адмиралтейская,265222288,Адмиралтейская набережная 12-14,30.3066519,59.9379516
3303,2,7,4,138.5,50930000,Адмиралтейский,Малодетскосельский проспект,40,Фрунзенская,298853371,Малодетскосельский проспект 40,30.31980418891118,59.91094985
3304,12,15,4,150.0,51000000,Московский,Московское шоссе,3к4,Звездная,292176968,Московское шоссе 3к4,30.332521621723792,59.834199
3305,2,9,4,175.0,53280000,Петроградский,Петровский проспект,9к2,Крестовский остров,299481969,Петровский проспект 9к2,30.26765705,59.96069285
3306,3,5,4,136.0,53900000,Центральный,Итальянская ,33,Гостиный двор,295910633,Итальянская 33,30.34007964976361,59.9353253
3307,8,10,4,150.34,53900000,Петроградский,Большая Разночинная ,19а,Чкаловская,294580796,Большая Разночинная 19а,30.2885656,59.9603341
3308,2,7,4,142.0,55640000,Адмиралтейский,Малодетскосельский проспект,40,Фрунзенская,294392840,Малодетскосельский проспект 40,30.31980418891118,59.91094985
3309,3,7,4,161.0,56000000,Адмиралтейский,Можайская ,18,Пушкинская,275054966,Можайская 18,30.326841137586158,59.917033450000005
3310,7,8,4,132.3,56000000,Петроградский,Петровский проспект,22к2,Спортивная,292438984,Петровский проспект 22к2,30.261877165769224,59.96039365
3311,15,20,4,154.5,57000000,Приморский,Ушаковская набережная,3к4,Черная речка,269181088,Ушаковская набережная 3к4,30.31450461612542,59.983523500000004
3312,2,4,4,126.3,58500000,Красносельский,Петергофское шоссе,45,Проспект Ветеранов,298378202,Петергофское шоссе 45,30.1540794,59.8479918
3313,1,6,4,192.7,58800000,Петроградский,набережная Мартынова,74Д,Крестовский остров,297374266,набережная Мартынова 74Д,30.2511569,59.9755889
3314,9,20,4,168.0,58400000,Выборгский,аллея Академика Лихачева,7,Площадь Мужества,296193876,аллея Академика Лихачева 7,30.346896091843032,60.00261465
3315,9,10,4,170.0,59400000,Петроградский,Песочная набережная,18,Петроградская,290886392,Песочная набережная 18,30.29160478671318,59.972829149999995
3316,35,36,4,250.0,60000000,Невский,проспект Обуховской обороны,138к2,Рыбацкое,298945107,проспект Обуховской обороны 138к2,30.485474,59.8462586
3317,5,5,4,210.0,59900000,Приморский,Нижне-Каменская ,7к1,Комендантский проспект,295910376,Нижне-Каменская 7к1,30.22635879777274,60.031859350000005
3318,4,6,4,147.4,60000000,Центральный,набережная Канала Грибоедова,10,Гостиный двор,294007241,набережная Канала Грибоедова 10,30.327409920467602,59.936424849999995
3319,4,25,4,148.9,59500000,Приморский,Дибуновская ,50,Старая Деревня,299359968,Дибуновская 50,30.26080447778182,59.98459285
3320,6,6,4,213.3,60000000,Петроградский,Кронверкская ,29/37Б,Петроградская,287951168,Кронверкская 29/37Б,30.3100627,59.9621838
3321,1,7,4,133.0,60990000,Петроградский,Морской проспект,24,,297810396,Морской проспект 24,83.1055385,54.8390961
3322,2,7,4,179.7,61000000,Петроградский,Петровский проспект,11к3,Крестовский остров,299323420,Петровский проспект 11к3,30.2623162584233,59.962701949999996
3323,13,26,4,207.0,62100000,Приморский,Приморский проспект,137к1,Беговая,288004485,Приморский проспект 137к1,30.2177931,59.9837606
3324,2,6,4,151.5,63000000,Московский,Московский проспект,151,Электросила,298433620,Московский проспект 151,39.1778941,51.7405712
3325,5,5,4,153.0,64000000,Адмиралтейский,Адмиралтейская набережная,12-14,Адмиралтейская,294252568,Адмиралтейская набережная 12-14,30.3066519,59.9379516
3326,6,10,4,123.0,65000000,Петроградский,Петровский проспект,5,Спортивная,299243400,Петровский проспект 5,30.25833822464884,59.96301725
3327,4,5,4,135.0,65000000,Петроградский,Барочная ,6,Чкаловская,296537059,Барочная 6,30.2847216,59.9652481
3328,8,8,4,212.0,64500000,Адмиралтейский,Серпуховская ,34,Технологический институт,257998266,Серпуховская 34,76.93223462311477,43.320526799999996
3329,3,3,4,187.7,65000000,Адмиралтейский,Почтамтская ,8,Адмиралтейская,299137107,Почтамтская 8,104.22194289999999,52.3369206
3330,4,4,4,234.1,65000000,Петроградский,Каменноостровский проспект,50,Петроградская,294351726,Каменноостровский проспект 50,30.3068091,59.9706251
3331,9,9,4,177.3,69000000,Петроградский,Офицерский переулок,8с2,Спортивная,281123691,Офицерский переулок 8с2,30.28942942666321,59.955831700000005
3332,9,9,4,128.4,69000000,Петроградский,Аптекарский проспект,5,Петроградская,299243409,Аптекарский проспект 5,30.3209142,59.9733978
3333,5,7,4,157.0,69500000,Приморский,Приморский проспект,78к5,Беговая,293126915,Приморский проспект 78к5,30.187194251561117,59.9870913
3334,12,14,4,124.5,69800000,Красногвардейский,Магнитогорская ,3к2,Новочеркасская,299666206,Магнитогорская 3к2,30.420108096148898,59.93535765
3335,7,13,4,157.0,69900000,Петроградский,Песочная набережная,12,Петроградская,295416231,Песочная набережная 12,30.295003184583408,59.9735764
3336,4,9,4,170.3,70000000,Петроградский,Крестовский проспект,15,Крестовский остров,281852622,Крестовский проспект 15,30.259654024405194,59.969514200000006
3337,2,4,4,238.1,70000000,Центральный,Гагаринская ,12,Площадь Ленина,298661433,Гагаринская 12,30.342915204209945,59.946140650000004
3338,3,8,4,157.0,72000000,Приморский,Приморский проспект,78к5,Беговая,299293501,Приморский проспект 78к5,30.187194251561117,59.9870913
3339,8,15,4,140.0,74000000,Приморский,Ушаковская набережная,3к2,Черная речка,297961352,Ушаковская набережная 3к2,30.31383156807182,59.982343900000004
3340,5,6,4,223.0,73900000,Центральный, Рубинштейна,2/45,Достоевская,298897512,Рубинштейна 2/45,30.34623809680399,59.9324291
3341,5,6,4,211.0,75000000,Центральный,Моховая ,47,Гостиный двор,298450551,Моховая 47,30.344454786913595,59.93866885
3342,3,9,4,171.0,75000000,Петроградский,Петровский проспект,1,Чкаловская,297507834,Петровский проспект 1,30.258312600000004,59.96174125
3343,1,11,4,202.9,77600000,Петроградский,Петровский проспект,11к3,Спортивная,282918307,Петровский проспект 11к3,30.2623162584233,59.962701949999996
3344,9,9,4,479.0,78000000,Василеостровский,Морская набережная,21к1,Приморская,292706028,Морская набережная 21к1,30.211888214772728,59.9536267
3345,2,9,4,220.4,78900000,Петроградский,Крестовский проспект,15,Крестовский остров,295910505,Крестовский проспект 15,30.259654024405194,59.969514200000006
3346,5,7,4,146.0,80385000,Центральный,Таврическая ,37,Чернышевская,295132580,Таврическая 37,30.3786201,59.9470758
3347,4,7,4,175.0,81900000,Центральный, Восстания,8а,Площадь Восстания,297891598,Восстания 8а,49.09875226534989,55.837753
3348,5,6,4,180.0,84990000,Центральный,Таврическая ,5,Чернышевская,284914584,Таврическая 5,85.00165299630208,56.49576235
3349,2,6,4,138.4,85000000,Центральный,переулок Басков,2,Чернышевская,299006648,переулок Басков 2,42.276083536318055,59.0805824
3350,11,12,4,163.4,85000000,Петроградский,Песочная набережная,18,Петроградская,293136992,Песочная набережная 18,30.29160478671318,59.972829149999995
3351,3,5,4,149.8,85000000,Центральный,Смольный проспект,13,Чернышевская,295198536,Смольный проспект 13,30.3955888,59.9443291
3352,3,5,4,149.8,85000000,Центральный,Смольный проспект,13,Чернышевская,299339909,Смольный проспект 13,30.3955888,59.9443291
3353,3,5,4,149.0,85000000,Центральный,Смольный проспект,13,Чернышевская,260000419,Смольный проспект 13,30.3955888,59.9443291
3354,4,8,4,137.9,89000000,Центральный,Смольная набережная,12,Маяковская,296804785,Смольная набережная 12,30.393831892363437,59.95373295
3355,7,7,4,212.4,88722774,Петроградский, Рентгена,25,Петроградская,291495866,Рентгена 25,30.329909157051283,59.9658465
3356,3,6,4,200.0,95000000,Петроградский,Морской проспект,11,Крестовский остров,297306325,Морской проспект 11,83.10858439426951,54.83947035
3357,10,10,4,216.5,95000000,Петроградский,Петровский проспект,14,Спортивная,287547621,Петровский проспект 14,30.273210446435137,59.95794895
3358,4,9,4,143.9,96000000,Петроградский,Кемская ,1,Крестовский остров,299058387,Кемская 1,34.45487324911504,61.7576624
3359,9,13,4,147.6,96600000,Петроградский,Ждановская ,45,Чкаловская,299654414,Ждановская 45,30.2671408,59.9638214
3360,10,10,4,176.7,99000000,Центральный,Кирочная ,70,Чернышевская,299078902,Кирочная 70,30.390910650803733,59.93983205000001
3361,2,7,4,203.0,99000000,Петроградский,Морской проспект,33,Крестовский остров,294864394,Морской проспект 33,83.09576942816605,54.83346415
3362,5,8,4,152.0,100000000,Центральный,Смольный проспект,17,Чернышевская,296636206,Смольный проспект 17,30.3960208,59.9432511
3363,3,8,4,145.3,105000000,Центральный,Дегтярный переулок,26,Площадь Александра Невского,297776580,Дегтярный переулок 26,30.38276873811879,59.94052565
3364,4,7,4,172.0,109000000,Петроградский,Каменноостровский проспект,38/96,Петроградская,227534278,Каменноостровский проспект 38/96,30.311187,59.9656133
3365,5,6,4,200.0,110000000,Центральный,переулок Басков,2,Чернышевская,295910428,переулок Басков 2,42.276083536318055,59.0805824
3366,2,6,4,200.0,113000000,Петроградский, Эсперова,10,Крестовский остров,298628259,Эсперова 10,30.270678248195424,59.9737851
3367,3,9,4,181.1,120000000,Петроградский, Рюхина,10,Крестовский остров,285910194,Рюхина 10,30.2600276,59.9707968
3368,9,9,4,450.0,119900000,Петроградский, Рентгена,19,Петроградская,238626248,Рентгена 19,55.125669899057414,51.7743011
3369,8,12,4,280.0,125500000,Петроградский,Ждановская ,45,Спортивная,293618840,Ждановская 45,30.2671408,59.9638214
3370,2,8,4,187.0,128980000,Петроградский,Кемская ,1,Крестовский остров,279496497,Кемская 1,34.45487324911504,61.7576624
3371,6,6,4,238.0,135900000,Петроградский,Петровский проспект,2,Спортивная,296334068,Петровский проспект 2,30.2590253,59.9612788
3372,4,7,4,215.2,150000000,Центральный,Смольный проспект,17,Чернышевская,298984530,Смольный проспект 17,30.3960208,59.9432511
3373,7,10,4,162.6,160000000,Петроградский,Вязовая ,8,Крестовский остров,296556401,Вязовая 8,60.16894621086142,56.6723553
3374,8,9,4,156.0,170000000,Петроградский,набережная Адмирала Лазарева,22,Чкаловская,299336167,набережная Адмирала Лазарева 22,30.2770569,59.9640376
3375,3,7,4,209.1,178000000,Петроградский,Вязовая ,8,Крестовский остров,299243407,Вязовая 8,60.16894621086142,56.6723553
3376,7,7,4,163.7,180000000,Центральный,Невский проспект,137,Площадь Восстания,299243403,Невский проспект 137,30.3761047,59.9262705
3377,2,7,4,244.2,179000000,Петроградский,Кемская ,7,Крестовский остров,299179541,Кемская 7,34.451430783699124,61.7535758
3378,6,10,4,170.6,185000000,Центральный,набережная Воскресенская,4,Чернышевская,295956131,набережная Воскресенская 4,30.3740819,59.9507234
3379,12,12,4,243.0,190000000,Центральный,Кирочная ,64,Чернышевская,294647620,Кирочная 64,30.38666243954977,59.9405808
3380,4,10,4,228.0,197287399,Петроградский,Вязовая ,8,Чкаловская,288282481,Вязовая 8,60.16894621086142,56.6723553
3381,4,10,4,228.0,197287399,Петроградский,Вязовая ,8,Крестовский остров,277970074,Вязовая 8,60.16894621086142,56.6723553
3382,3,7,4,198.0,200000000,Петроградский,Мытнинская набережная,5,Горьковская,298506520,Мытнинская набережная 5,30.305646664021744,59.9484378
3383,1,6,4,199.8,220000000,Петроградский,Спортивная ,2,Крестовский остров,296202225,Спортивная 2,30.2833282,59.9480129
3384,4,9,4,185.0,230000000,Центральный,набережная Воскресенская,32,Площадь Ленина,295678321,набережная Воскресенская 32,30.350467236282675,59.9497714
3385,4,4,4,254.7,231000000,Петроградский,Крестовский проспект,4,Крестовский остров,298277223,Крестовский проспект 4,30.274045162805642,59.96962465
3386,4,4,4,257.4,231000000,Петроградский,Крестовский проспект,4,Крестовский остров,293619243,Крестовский проспект 4,30.274045162805642,59.96962465
3387,4,6,4,203.0,295000000,Центральный,Большая Морская ,4,Адмиралтейская,294761095,Большая Морская 4,30.317885,59.9373704
3388,7,7,4,240.7,349000000,Центральный,Шпалерная ,26,Чернышевская,299336190,Шпалерная 26,30.35177880487436,59.9495663
3389,7,7,4,240.7,349000000,Центральный,набережная Воскресенская,32,Площадь Ленина,297296551,набережная Воскресенская 32,30.350467236282675,59.9497714
3390,3,5,-1,88.6,860000,Петроградский, Мира,1,Горьковская,296611025,Мира 1,19.725261142238622,46.10523175
3391,6,7,4,192.7,260000000,Петроградский,Константиновский проспект,23,Крестовский остров,297260161,Константиновский проспект 23,30.2689842633569,59.97370215
3392,4,5,-1,89.7,1880000,Невский,2-й Рабфаковский переулок,1К1,Обухово,298255790,2-й Рабфаковский переулок 1К1,30.469312036959188,59.856157499999995
3393,5,9,-1,86.0,2450000,Колпинский,Раумская ,11,Шушары,296519985,Раумская 11,30.586912907230534,59.73669545
3394,4,5,-1,73.8,3500000,Московский,Пулковское шоссе,97,Звездная,297548500,Пулковское шоссе 97,30.314225140104153,59.751990250000006
3395,5,5,-1,120.0,3550000,Центральный, Моисеенко,3/14,Площадь Восстания,297429425,Моисеенко 3/14,30.3757861251634,59.9374245
3396,4,4,-1,107.0,3600000,Фрунзенский,Боровая ,58,Обводный канал,299652116,Боровая 58,30.343625130403556,59.913821150000004
3397,8,9,-1,74.0,4800000,Фрунзенский, Турку,32К1,Проспект Славы,293959293,Турку 32К1,30.40899566501077,59.8670776
3398,7,10,-1,86.0,5000000,Фрунзенский,Бухарестская ,72К1,Международная,298483550,Бухарестская 72К1,30.3766712,59.8765906
3399,3,5,4,64.0,5500000,Петродворцовый, Пулеметчиков,20,Проспект Ветеранов,285486992,Пулеметчиков 20,29.713389029599327,59.9202547
3400,5,5,4,49.0,6400000,Кировский,Ленинский проспект,137К4,Ленинский проспект,294392900,Ленинский проспект 137К4,30.278652685,59.85054485
3401,5,5,4,49.8,6400000,Кировский, Подводника Кузьмина,36,Ленинский проспект,272176725,Подводника Кузьмина 36,30.262644712767155,59.84518965
3402,1,5,4,49.0,6450000,Кировский,Дачный проспект,9К6,Проспект Ветеранов,297376164,Дачный проспект 9К6,30.24125697994221,59.8450661
3403,4,5,4,49.2,6500000,Московский, Костюшко,54,Московская,294847362,Костюшко 54,27.447604752830195,52.7479537
3404,3,5,4,49.0,6500000,Кировский, Зины Портновой,14,Ленинский проспект,298944705,Зины Портновой 14,30.25747427575,59.8547271
3405,3,5,4,49.5,6500000,Кировский,бульвар Новаторов,46,Ленинский проспект,297494537,бульвар Новаторов 46,30.269155294224333,59.84527825
3406,3,5,4,49.0,6600000,Красносельский, Пограничника Гарькавого,48К1,Проспект Ветеранов,295733397,Пограничника Гарькавого 48К1,30.147494557675238,59.8267481
3407,5,5,4,51.6,6750000,Московский,Ленинский проспект,148К2,Ленинский проспект,298257142,Ленинский проспект 148К2,30.29420110440077,59.85300395
3408,5,6,4,47.9,6750000,Кировский,Краснопутиловская ,55,Автово,297274747,Краснопутиловская 55,30.2748403,59.8674307
3409,3,5,4,49.1,6850000,Московский,Краснопутиловская ,117,Московская,298757068,Краснопутиловская 117,30.309459567976276,59.8476772
3410,5,5,4,49.0,6950000,Московский,Краснопутиловская ,105,Ленинский проспект,287148007,Краснопутиловская 105,30.306891167001382,59.84901575000001
3411,1,5,4,49.1,6999000,Кировский,Дачный проспект,20,Проспект Ветеранов,296508916,Дачный проспект 20,39.34912570509828,51.73590685
3412,4,5,4,49.1,6990000,Кировский,Дачный проспект,5К1,Проспект Ветеранов,298144402,Дачный проспект 5К1,30.241778940617934,59.847993349999996
3413,3,5,4,49.0,7000000,Кировский, Лени Голикова,46,Проспект Ветеранов,277725187,Лени Голикова 46,30.23696031706794,59.84386345
3414,1,5,4,48.9,7000000,Кировский, Подводника Кузьмина,13,Проспект Ветеранов,299357192,Подводника Кузьмина 13,30.261333074947878,59.8449923
3415,3,5,4,48.6,7000000,Кировский,Дачный проспект,20,Проспект Ветеранов,297322786,Дачный проспект 20,39.34912570509828,51.73590685
3416,1,5,4,49.0,7000000,Кировский, Танкиста Хрустицкого,23,Проспект Ветеранов,288875854,Танкиста Хрустицкого 23,30.252459316216814,59.836017749999996
3417,3,5,4,49.0,7199000,Кировский, Подводника Кузьмина,13,Проспект Ветеранов,299142294,Подводника Кузьмина 13,30.261333074947878,59.8449923
3418,2,5,4,49.0,7200000,Кировский,бульвар Новаторов,68,Проспект Ветеранов,296944525,бульвар Новаторов 68,30.265802621916723,59.842675
3419,1,5,4,49.0,7350000,Фрунзенский, Белы Куна,26К2,Международная,299145721,Белы Куна 26К2,30.3930838667559,59.87772615
3420,1,5,4,48.6,7499000,Кировский,бульвар Новаторов,60,Ленинский проспект,298165768,бульвар Новаторов 60,30.267384801938487,59.84365445
3421,3,9,4,68.0,7490000,Красносельский,Кингисеппское шоссе,10к1,,297444378,Кингисеппское шоссе 10к1,30.072895136959982,59.722238149999995
3422,2,5,4,58.7,7500000,Кировский, Примакова,6,Автово,299470030,Примакова 6,32.01905274196746,47.03658835
3423,2,5,4,49.4,7500000,Кировский, Солдата Корзуна,54,Проспект Ветеранов,298133101,Солдата Корзуна 54,30.222347196461186,59.82847625
3424,4,5,4,60.2,7500000,Кировский, Танкиста Хрустицкого,33,Проспект Ветеранов,286148624,Танкиста Хрустицкого 33,30.257302411603668,59.83407475
3425,3,5,4,49.1,7500000,Кировский,бульвар Новаторов,86,Проспект Ветеранов,282636286,бульвар Новаторов 86,30.262945028839113,59.84068665
3426,4,5,4,49.0,7500000,Фрунзенский, Турку,8К4,Международная,299328943,Турку 8К4,30.38629554173865,59.868891649999995
3427,5,9,4,74.0,7500000,Колпинский,Раумская ,11,Шушары,296572787,Раумская 11,30.586912907230534,59.73669545
3428,4,10,4,73.0,7600000,Красносельский, Коммунаров,114,Проспект Ветеранов,298633278,Коммунаров 114,30.147370283937462,59.78436215
3429,2,5,4,49.3,7600000,Кировский, Зины Портновой,20,Ленинский проспект,299497225,Зины Портновой 20,30.256738115704543,59.8540264
3430,5,5,4,48.9,7600000,Красносельский,проспект Народного ополчения,241К3,Проспект Ветеранов,297448551,проспект Народного ополчения 241К3,30.15134952953594,59.82644965
3431,1,5,4,48.5,7650000,Красносельский,проспект Народного ополчения,241К4,Проспект Ветеранов,297454290,проспект Народного ополчения 241К4,30.152099998044644,59.8264567
3432,3,5,4,49.9,7700000,Кировский,Дачный проспект,24,Проспект Ветеранов,292389551,Дачный проспект 24,30.25932826687435,59.840818850000005
3433,5,5,4,60.2,7849999,Кировский,проспект Народного ополчения,31,Ленинский проспект,284247026,проспект Народного ополчения 31,30.27694593716216,59.8479728
3434,4,5,4,49.0,7800000,Кировский,проспект Народного ополчения,93,Проспект Ветеранов,298081789,проспект Народного ополчения 93,30.271039743174732,59.839874699999996
3435,4,5,4,59.5,7850000,Кировский,проспект Стачек,220К2,Проспект Ветеранов,294315717,проспект Стачек 220К2,30.222937887816485,59.845340199999995
3436,3,5,4,49.0,7900000,Кировский,Краснопутиловская ,57,Автово,297188751,Краснопутиловская 57,52.039921995041325,53.673520100000005
3437,3,5,4,49.0,8000000,Кировский,Ленинский проспект,129К4,Ленинский проспект,298745516,Ленинский проспект 129К4,30.271998492970475,59.850642050000005
3438,9,9,4,79.8,8000000,Колпинский,бульвар Трудящихся,15к3,Шушары,299111978,бульвар Трудящихся 15к3,30.566755171027218,59.7354365
3439,5,5,4,48.1,8000000,Красносельский,проспект Народного ополчения,241К4,Проспект Ветеранов,278513551,проспект Народного ополчения 241К4,30.152099998044644,59.8264567
3440,2,5,4,97.6,8200000,Красносельский, Политрука Пасечника,5к1,Проспект Ветеранов,293186280,Политрука Пасечника 5к1,30.108827775058266,59.78091135
3441,2,5,4,59.8,8200000,Кировский, Козлова,43К2,Проспект Ветеранов,295132563,Козлова 43К2,30.226196005845136,59.82999355
3442,2,5,4,49.2,8290000,Кировский, Лени Голикова,36,Проспект Ветеранов,295185569,Лени Голикова 36,39.05859750045595,45.0990185
3443,3,5,4,60.0,8300000,Кировский,проспект Народного ополчения,111,Проспект Ветеранов,297153145,проспект Народного ополчения 111,30.268195258185116,59.838731100000004
3444,1,2,4,54.2,8500000,Красногвардейский,Рябовское шоссе,21,Проспект Большевиков,296964337,Рябовское шоссе 21,30.4995695,59.96473725
3445,2,5,4,49.4,8500000,Фрунзенский, Белы Куна,13К3,Международная,290187061,Белы Куна 13К3,30.38802268203655,59.872625850000006
3446,2,5,4,58.8,8500000,Кировский,Трамвайный проспект,19К1,Ленинский проспект,277448374,Трамвайный проспект 19К1,30.270291450000002,59.85407895
3447,2,9,4,62.4,8600000,Невский,Народная ,16,Ломоносовская,299248261,Народная 16,71.3681574605687,42.869536499999995
3448,5,5,4,59.1,8599999,Кировский, Лени Голикова,8,,297174800,Лени Голикова 8,33.29325041666088,58.393070249999994
3449,1,9,4,73.5,8600000,Выборгский, Сантьяго-де-Куба,6К2,Озерки,299088500,Сантьяго-де-Куба 6К2,-75.8294928,20.0214637
3450,7,9,4,71.5,8700000,Колпинский,Заводской проспект,16к2,Шушары,297644944,Заводской проспект 16к2,30.563399320641402,59.73529645
3451,8,9,4,91.9,8800000,Колпинский,Загородная ,62,Рыбацкое,293917297,Загородная 62,30.592487706090786,59.7758481
3452,4,5,4,59.3,9000000,Кировский,Ленинский проспект,125К5,Ленинский проспект,298273636,Ленинский проспект 125К5,30.264311069467023,59.849657050000005
3453,1,9,4,72.7,9000000,Красногвардейский,проспект Наставников,5К3,Ладожская,298421261,проспект Наставников 5К3,30.491311829108575,59.9378624
3454,2,2,4,81.6,9000000,Петродворцовый,Суворовская ,5к4,,299067734,Суворовская 5к4,29.860859463371,59.88418355
3455,1,9,4,76.0,9000000,Невский,проспект Солидарности,8К5,Проспект Большевиков,294769303,проспект Солидарности 8К5,30.49473690910728,59.9240429
3456,1,9,4,76.0,9000000,Красногвардейский,Хасанская ,8К1,Улица Дыбенко,293278575,Хасанская 8К1,30.480935863198827,59.9387451
3457,1,9,4,72.2,9150000,Красногвардейский,проспект Энтузиастов,51К3,Ладожская,286798549,проспект Энтузиастов 51К3,30.495435078663455,59.95137405
3458,1,9,4,74.2,9150000,Фрунзенский,Бухарестская ,33К5,Международная,299065435,Бухарестская 33К5,30.38144994426549,59.8642955
3459,3,5,4,60.3,9450000,Фрунзенский,проспект Славы,30К4,Проспект Славы,297753632,проспект Славы 30К4,30.38553665323926,59.860130100000006
3460,1,12,4,84.0,9499999,Красносельский, Пионерстроя,15К3,Ленинский проспект,296635295,Пионерстроя 15К3,30.12646117133017,59.843154
3461,7,9,4,97.4,9500000,Красносельский,Красногородская ,19к1,Проспект Ветеранов,296875717,Красногородская 19к1,30.073651860883874,59.717464250000006
3462,4,5,4,59.3,9500000,Кировский, Лени Голикова,38,Проспект Ветеранов,299415034,Лени Голикова 38,30.23660849109457,59.8445514
3463,2,9,4,73.3,9500000,Калининский,Тихорецкий проспект,35,Политехническая,296413092,Тихорецкий проспект 35,30.367202206183954,60.02756585
3464,4,14,4,78.0,9500000,Красногвардейский, Передовиков,29К1,,296067627,Передовиков 29К1,30.46197675916138,59.950044399999996
3465,5,8,-1,107.0,9600000,Петроградский,Каменноостровский проспект,65,Петроградская,298902647,Каменноостровский проспект 65,30.305199377528332,59.97373935
3466,6,9,4,74.5,9700000,Невский,проспект Солидарности,9К2,Проспект Большевиков,291596837,проспект Солидарности 9К2,30.4872866141707,59.92110745
3467,8,10,4,87.5,9800000,Красногвардейский,Рябовское шоссе,121К2,Проспект Большевиков,298137930,Рябовское шоссе 121К2,30.521559652257544,59.9858908
3468,9,9,4,64.4,9800000,Фрунзенский,Софийская ,55,Международная,288769847,Софийская 55,38.83786590721833,58.030902850000004
3469,1,10,4,80.8,9800000,Кировский, Козлова,15К2,Ленинский проспект,282490691,Козлова 15К2,30.21681679947185,59.83960175
3470,3,5,4,59.5,9800000,Фрунзенский,проспект Славы,39,Проспект Славы,298482902,проспект Славы 39,36.59064040537736,50.5962484
3471,4,5,4,85.6,9990000,Невский,2-й Рабфаковский переулок,1К1,Пролетарская,292909091,2-й Рабфаковский переулок 1К1,30.469312036959188,59.856157499999995
3472,1,9,4,73.6,9990000,Красногвардейский, Коммуны,44к2,Ладожская,298008542,Коммуны 44к2,30.493577777707568,59.954989999999995
3473,4,9,4,73.0,10000000,Приморский, Маршала Новикова,5,Комендантский проспект,291837339,Маршала Новикова 5,20.4804599,54.67990225
3474,1,14,4,75.0,10000000,Красногвардейский, Коммуны,40,Новочеркасская,297219099,Коммуны 40,50.802068525751764,59.30389585
3475,1,5,4,90.0,10200000,Московский,Витебский проспект,23К4,Парк Победы,299081559,Витебский проспект 23К4,30.354381043028795,59.86277925
3476,7,9,4,72.0,10200000,Выборгский,Суздальский проспект,5К1,Озерки,284066987,Суздальский проспект 5К1,30.308077523965075,60.06636935
3477,1,9,4,75.7,10165000,Выборгский,проспект Художников,43/14,Проспект Просвещения,297735340,проспект Художников 43/14,30.35882608044387,60.05354645
3478,1,9,4,75.7,10250000,Выборгский,проспект Художников,43/14,Проспект Просвещения,298978975,проспект Художников 43/14,30.35882608044387,60.05354645
3479,5,9,4,73.3,10250000,Выборгский,Суздальский проспект,9,Парнас,298220272,Суздальский проспект 9,40.467191049893366,56.16429925
3480,12,14,4,74.6,10299999,Выборгский, Композиторов,19,Проспект Просвещения,298753013,Композиторов 19,30.1207352,59.6792902
3481,2,9,4,73.6,10250000,Калининский,Светлановский проспект,79,Политехническая,299037894,Светлановский проспект 79,30.381875,60.0242325
3482,1,10,4,86.8,10400000,Красносельский, Коммунаров,124,Проспект Ветеранов,296204857,Коммунаров 124,30.152847856198143,59.7888022
3483,8,10,4,86.4,10399999,Красносельский,Кингисеппское шоссе,12к1,Проспект Ветеранов,298936830,Кингисеппское шоссе 12к1,30.071229116186323,59.72204725
3484,7,9,4,74.1,10480000,Выборгский,Северный проспект,16К1,Озерки,297008748,Северный проспект 16К1,30.339900904314906,60.03211305
3485,7,9,4,75.0,10500000,Выборгский,проспект Энгельса,127,Проспект Просвещения,274930725,проспект Энгельса 127,30.331183744660983,60.0461286
3486,9,9,4,74.2,10450000,Выборгский,проспект Просвещения,46К2,Проспект Просвещения,284437836,проспект Просвещения 46К2,30.351679208095398,60.05071985
3487,5,5,4,48.6,10500000,Кировский,бульвар Новаторов,20,Ленинский проспект,299528934,бульвар Новаторов 20,30.2733078,59.848919499999994
3488,6,10,4,73.4,10500000,Фрунзенский, Турку,22К1,Международная,298020726,Турку 22К1,30.400219706317564,59.86904975
3489,3,6,-1,96.0,10500000,Невский, Бабушкина,73,Ломоносовская,296710067,Бабушкина 73,107.60738732937617,51.8015797
3490,3,9,4,64.0,10590000,Фрунзенский, Белы Куна,2К1,Международная,296506914,Белы Куна 2К1,30.372576,59.868924
3491,1,9,4,78.51,10600000,Фрунзенский,Софийская ,29К1,Международная,287480576,Софийская 29К1,30.51603601307137,50.45339075
3492,3,9,4,74.0,10700000,Выборгский,Учебный переулок,12К2,Озерки,271567769,Учебный переулок 12К2,30.34327564989738,60.038221199999995
3493,1,9,4,88.6,10700000,Колпинский,Раумская ,15,Шушары,295338510,Раумская 15,30.588860376347036,59.7371739
3494,9,14,4,75.0,10700000,Красносельский,проспект Ветеранов,142,Ленинский проспект,291384037,проспект Ветеранов 142,30.1679726,59.8325009
3495,6,14,4,74.0,10800000,Выборгский, Композиторов,15,Проспект Просвещения,297792180,Композиторов 15,30.120998,59.6785861
3496,1,9,4,78.1,10999999,Выборгский,проспект Художников,27К1,Проспект Просвещения,299651385,проспект Художников 27К1,30.3505978,60.043505
3497,3,6,4,75.5,10980000,Адмиралтейский,Старо-Петергофский проспект,37,Нарвская,294792727,Старо-Петергофский проспект 37,30.2764679,59.9031299
3498,10,14,4,74.8,10999000,Невский,Шлиссельбургский проспект,45,Рыбацкое,299658655,Шлиссельбургский проспект 45,30.515009379621738,59.832296549999995
3499,5,9,4,73.3,10990000,Красногвардейский, Коммуны,28к2,Улица Дыбенко,299253437,Коммуны 28к2,30.50062630973021,59.94798315
3500,6,9,4,75.1,11000000,Невский, Коллонтай,21К2,Проспект Большевиков,298165378,Коллонтай 21К2,30.466834469933737,59.9171943
3501,5,11,4,73.1,11000000,Московский,Дунайский проспект,26/77,Звездная,298481837,Дунайский проспект 26/77,30.36002112816002,59.832747350000005
3502,6,9,4,76.7,11000000,Выборгский,проспект Художников,31К1,Проспект Просвещения,292847240,проспект Художников 31К1,30.352912788388288,60.04628645
3503,4,10,4,72.2,11000000,Московский,Дунайский проспект,5,Звездная,284763025,Дунайский проспект 5,30.326695106233437,59.8295373
3504,5,9,4,77.2,11090000,Невский, Дыбенко,11К1,Улица Дыбенко,298035698,Дыбенко 11К1,30.462794877098055,59.9004855
3505,8,9,4,76.4,11100000,Фрунзенский, Белы Куна,7К1,Международная,299397242,Белы Куна 7К1,30.3834409,59.872019
3506,8,9,4,77.5,11200000,Невский, Дыбенко,36К1,Улица Дыбенко,298840190,Дыбенко 36К1,37.48448407834914,55.87605055
3507,3,9,4,72.9,11300000,Невский, Подвойского,42,Улица Дыбенко,289318628,Подвойского 42,39.77387156153358,47.224228499999995
3508,7,7,4,74.0,11300000,Адмиралтейский,Бронницкая ,37,Фрунзенская,287617975,Бронницкая 37,30.325588061209714,59.9111933
3509,1,10,4,89.2,11500000,Красносельский, Маршала Казакова,38К1,Автово,297812159,Маршала Казакова 38К1,30.211265551253533,59.8593808
3510,8,10,4,73.4,11500000,Приморский,Планерная ,23К2,Комендантский проспект,297583927,Планерная 23К2,30.237916470898117,60.0051271
3511,6,25,4,108.0,11500000,Пушкинский,проспект Новгородский,4,Купчино,294995837,проспект Новгородский 4,40.56242683261609,64.53176285
3512,8,9,4,74.0,11500000,Выборгский,Учебный переулок,12К2,Озерки,297813093,Учебный переулок 12К2,30.34327564989738,60.038221199999995
3513,9,9,4,73.0,11500000,Выборгский,Поэтический бульвар,5,Проспект Просвещения,295902355,Поэтический бульвар 5,30.345862957254397,60.0438334
3514,5,9,4,79.7,11500000,Невский,проспект Солидарности,9К1,Проспект Большевиков,279396389,проспект Солидарности 9К1,30.4915579,59.9213873
3515,5,7,4,73.0,11500000,Кронштадтский,Посадская ,1/82,,296476976,Посадская 1/82,60.5884567,56.8184073
3516,24,27,4,90.7,11650000,Выборгский, Архитектора Белова,6к3,Парнас,272854337,Архитектора Белова 6к3,30.3208655,60.0709433
3517,9,9,4,73.4,11750000,Фрунзенский,Купчинская ,20К4,Дунайская,298428387,Купчинская 20К4,30.394982184769418,59.8354569
3518,3,14,4,82.7,11890000,Петродворцовый,Ботаническая ,18к4,,299615243,Ботаническая 18к4,29.853414006117156,59.86984845
3519,2,11,4,93.9,11990000,Пушкинский,Московское шоссе,262к3,Купчино,297724090,Московское шоссе 262к3,30.47595304701983,59.7543572
3520,12,14,4,74.1,11999998,Невский,Шлиссельбургский проспект,41,Рыбацкое,291459291,Шлиссельбургский проспект 41,30.5131044,59.8333158
3521,9,10,4,88.0,11900000,Колпинский,Тверская ,33,Шушары,273336479,Тверская 33,53.1115045985666,56.8540952
3522,2,9,4,73.4,11900000,Выборгский, Сантьяго-де-Куба,8К1,Озерки,280011824,Сантьяго-де-Куба 8К1,-75.8294928,20.0214637
3523,7,18,4,92.9,12000000,Красногвардейский,проспект Маршака,4,Девяткино,298754322,проспект Маршака 4,30.4463375,60.0352499
3524,6,6,4,59.7,12000000,Петроградский,Большая Монетная ,7,Горьковская,290704157,Большая Монетная 7,30.313841176448577,59.9604371
3525,1,10,4,90.0,12000000,Приморский,Долгоозерная ,7,Комендантский проспект,297737043,Долгоозерная 7,30.24382066415837,60.01470569999999
3526,2,14,4,74.2,12000000,Красносельский,Ленинский проспект,96К3,Автово,290717286,Ленинский проспект 96К3,30.21807579551161,59.856557550000005
3527,6,14,4,74.6,12000000,Красногвардейский, Передовиков,37,Новочеркасская,296908142,Передовиков 37,39.66149178751176,43.688379749999996
3528,9,10,4,87.7,12250000,Приморский,Планерная ,77,Комендантский проспект,294602178,Планерная 77,30.212387849797487,60.0266953
3529,2,5,4,108.8,12498000,Невский, Седова,19,Елизаровская,296934817,Седова 19,133.07104352157896,42.89752115
3530,12,14,4,75.0,12500000,Невский,Шлиссельбургский проспект,45,Рыбацкое,298978939,Шлиссельбургский проспект 45,30.515009379621738,59.832296549999995
3531,3,4,4,97.8,12500000,Колпинский,проспект Ленина,17/10,Шушары,286120274,проспект Ленина 17/10,30.5857124,59.7505159
3532,1,9,4,80.7,12500000,Фрунзенский,Загребский бульвар,31/5,Дунайская,268660441,Загребский бульвар 31/5,30.41015093323209,59.8344853
3533,6,10,4,100.9,12699000,Выборгский,Приозерское шоссе,16к4,Проспект Просвещения,285032535,Приозерское шоссе 16к4,30.25856610518695,60.1083325
3534,3,14,4,75.0,12690000,Невский, Латышских Стрелков,5К2,Проспект Большевиков,296215933,Латышских Стрелков 5К2,30.469951584001272,59.92915295
3535,5,5,4,83.0,12800000,Центральный,Гончарная ,11а,Площадь Восстания,272505309,Гончарная 11а,33.90020426146789,58.37952295
3536,2,9,4,74.1,12900000,Выборгский,Придорожная аллея,3К1,Проспект Просвещения,296636529,Придорожная аллея 3К1,30.3476795,60.0581781
3537,4,4,4,81.5,12900000,Пушкинский, Красной Звезды,24,,298927596,Красной Звезды 24,49.69335995,58.62545515
3538,7,18,4,93.3,12990000,Красногвардейский,проспект Маршака,4,Девяткино,298883102,проспект Маршака 4,30.4463375,60.0352499
3539,3,4,4,80.0,12950000,Центральный,набережная Обводного Канала,57,Обводный канал,296134088,набережная Обводного Канала 57,30.357480572409926,59.91496145
3540,10,18,4,95.5,12900000,Красногвардейский, Даниила Хармса,6,Гражданский проспект,290521422,Даниила Хармса 6,30.449983473936108,60.03462815
3541,9,9,4,82.1,12990000,Красносельский, Партизана Германа,12,Ленинский проспект,289696749,Партизана Германа 12,30.176720348746258,59.83631285
3542,6,9,4,89.3,12900000,Красносельский,Петергофское шоссе,84к15,,293510459,Петергофское шоссе 84к15,30.109821596967713,59.84756935
3543,7,9,4,77.7,13000000,Калининский, Софьи Ковалевской,18,Академическая,294467371,Софьи Ковалевской 18,76.87234345,43.25509175
3544,1,10,4,73.3,13000000,Калининский, Академика Байкова,9,Политехническая,298411709,Академика Байкова 9,30.372679214023535,60.027529200000004
3545,2,3,4,110.0,13000000,Красносельский,Стрельнинское шоссе,37,Ленинский проспект,294476079,Стрельнинское шоссе 37,30.092073850000002,59.747693749999996
3546,9,10,4,78.2,13200000,Выборгский,проспект Просвещения,41,Проспект Просвещения,296750717,проспект Просвещения 41,30.35901287480762,60.047377850000004
3547,4,9,4,82.6,13300000,Красносельский, Партизана Германа,12,Проспект Ветеранов,299151980,Партизана Германа 12,30.176720348746258,59.83631285
3548,5,7,4,76.8,13500000,Адмиралтейский,Большой Казачий переулок,9,Сенная площадь,298760830,Большой Казачий переулок 9,30.32637142778976,59.923178500000006
3549,1,9,4,77.7,13500000,Невский, Антонова-Овсеенко,25К1,Улица Дыбенко,294850376,Антонова-Овсеенко 25К1,30.476784926627204,59.91019675
3550,1,10,4,88.0,13500000,Приморский,Планерная ,67К1,Комендантский проспект,296396297,Планерная 67К1,37.3687,55.9195
3551,6,6,4,89.0,13500000,Адмиралтейский,Угловой переулок,7,Фрунзенская,286418259,Угловой переулок 7,92.86216855,56.03902315
3552,6,6,4,86.2,13500000,Петроградский,Чкаловский проспект,60,Петроградская,292044105,Чкаловский проспект 60,30.3031364,59.968807
3553,6,9,4,94.0,13500000,Выборгский,проспект Энгельса,135,Проспект Просвещения,295693901,проспект Энгельса 135,30.3345432,60.0502138
3554,2,7,4,86.0,13500000,Петроградский, Всеволода Вишневского,14,Петроградская,295403571,Всеволода Вишневского 14,30.29869172769641,59.9684616
3555,4,6,4,81.4,13600000,Адмиралтейский,Курляндская ,8,Балтийская,297272136,Курляндская 8,30.290168969672187,59.91174205
3556,4,7,4,104.3,13600000,Кировский,Кронштадтская ,20,Автово,299414215,Кронштадтская 20,41.87300741091921,52.66026225
3557,8,9,4,73.0,13650000,Приморский, Маршала Новикова,5,Комендантский проспект,297810890,Маршала Новикова 5,20.4804599,54.67990225
3558,2,9,4,81.1,13760000,Василеостровский,Наличная ,36К5,Приморская,293804428,Наличная 36К5,30.222752643057202,59.946483650000005
3559,3,6,4,65.1,13700000,Петроградский,Лахтинская ,9,Чкаловская,296507530,Лахтинская 9,30.30122340656823,59.962609
3560,1,8,4,83.4,13700000,Московский,проспект Юрия Гагарина,27,Московская,298974003,проспект Юрия Гагарина 27,30.3351786,59.8593014
3561,7,8,4,79.8,13700000,Центральный, Марата,36-38,Владимирская,280312705,Марата 36-38,30.3521655,59.9255864
3562,4,5,4,75.6,13700000,Московский,Московский проспект,127,Московские ворота,287648077,Московский проспект 127,137.05272372557698,50.5905309
3563,5,6,4,73.4,13800000,Центральный,Социалистическая ,3,Звенигородская,293402580,Социалистическая 3,76.87936404999999,43.272752
3564,2,10,4,81.0,13900000,Василеостровский,Наличная ,36К5,Приморская,270414233,Наличная 36К5,30.222752643057202,59.946483650000005
3565,13,16,4,93.3,13800000,Красногвардейский,Полюстрово,68к2,Девяткино,280400916,Полюстрово 68к2,30.406887,59.966259
3566,4,12,4,95.3,14000000,Невский,Рыбацкий проспект,49К2,Рыбацкое,293909511,Рыбацкий проспект 49К2,30.514624811445785,59.8361212
3567,2,4,4,77.3,14000000,Курортный, Первого Мая,2,,296401032,Первого Мая 2,60.60277731189065,55.22047125
3568,2,3,4,85.3,14000000,Кировский,Дачный проспект,23К4,Проспект Ветеранов,298474321,Дачный проспект 23К4,30.25691919173282,59.838518699999995
3569,2,4,4,77.2,14000000,Центральный,Лиговский проспект,48В,Лиговский проспект,296012240,Лиговский проспект 48В,30.3613336,59.9314368
3570,8,9,4,74.8,14000000,Фрунзенский, Турку,22К1,Международная,295379200,Турку 22К1,30.400219706317564,59.86904975
3571,1,10,4,75.9,13995000,Калининский,Тимуровская ,30К1,Гражданский проспект,298841650,Тимуровская 30К1,30.412995920439272,60.0424149
3572,3,6,4,112.0,14000000,Пушкинский, Галицкая,6к5,Шушары,284696221,Галицкая 6к5,30.45820204345545,59.730749349999996
3573,5,7,4,89.4,14100000,Адмиралтейский,Старо-Петергофский проспект,37,Нарвская,298763371,Старо-Петергофский проспект 37,30.2764679,59.9031299
3574,5,5,4,93.1,14350000,Петроградский,Большая Пушкарская ,29,Петроградская,295413930,Большая Пушкарская 29,30.306602,59.9604884
3575,8,18,4,93.7,14290000,Красногвардейский, Даниила Хармса,4,,297842223,Даниила Хармса 4,30.4485634,60.0347059
3576,3,5,4,99.8,14499000,Фрунзенский,Лиговский проспект,237,Обводный канал,298891112,Лиговский проспект 237,30.34596916284505,59.908949
3577,2,5,4,75.2,14400000,Центральный, Марата,70а-70б,Звенигородская,297085431,Марата 70а-70б,30.3436093,59.9207282
3578,1,17,4,85.3,14500000,Приморский, Савушкина,130К2,Беговая,288049823,Савушкина 130К2,30.197348286688793,59.98727255
3579,2,12,4,95.6,14500000,Невский,Шлиссельбургский проспект,14К1,Рыбацкое,299239207,Шлиссельбургский проспект 14К1,30.4972632,59.8398086
3580,5,5,4,119.0,14500000,Центральный, Марата,77,Звенигородская,289697027,Марата 77,30.4459918,54.52317735
3581,1,9,4,78.9,14499000,Выборгский, Кустодиева,20К1,Проспект Просвещения,299281649,Кустодиева 20К1,30.362301909080806,60.049577549999995
3582,1,10,4,78.9,14499000,Выборгский, Кустодиева,20К1,Проспект Просвещения,296558493,Кустодиева 20К1,30.362301909080806,60.049577549999995
3583,4,7,4,88.0,14799000,Московский,Смоленская ,1Д,Фрунзенская,294846761,Смоленская 1Д,38.7974656,44.7856359
3584,9,10,4,87.4,14700000,Невский,Искровский проспект,2,Проспект Большевиков,293983197,Искровский проспект 2,30.4581999,59.9155203
3585,5,12,4,94.0,14700000,Приморский,Приморский проспект,141К2,Беговая,289424733,Приморский проспект 141К2,30.21011424176013,59.984474
3586,5,6,4,111.0,14900000,Кировский, Трефолева,3,Нарвская,278633025,Трефолева 3,44.312055293859004,58.8243717
3587,2,7,4,94.4,14850000,Адмиралтейский,Курляндская ,6-8,Балтийская,278019630,Курляндская 6-8,30.2815232,59.9117749
3588,7,18,4,107.2,14900000,Московский,5-й Предпортовый проезд,12к1,,285533494,5-й Предпортовый проезд 12к1,30.312310797557092,59.8331913
3589,2,5,4,80.0,15000000,Центральный,Волоколамский переулок,3,Площадь Восстания,257586529,Волоколамский переулок 3,30.3497487,59.9201744
3590,1,5,4,90.5,15000000,Московский,проспект Космонавтов,20К2,Московская,296781828,проспект Космонавтов 20К2,30.350290038880416,59.86224205
3591,5,5,4,116.0,15000000,Центральный,Суворовский проспект,47,Площадь Восстания,299028250,Суворовский проспект 47,30.378748452252488,59.93927565
3592,3,5,4,99.8,15000000,Фрунзенский,Лиговский проспект,237,Обводный канал,295712516,Лиговский проспект 237,30.34596916284505,59.908949
3593,5,7,4,74.7,15000000,Василеостровский, Опочинина,17,Василеостровская,299527203,Опочинина 17,30.239855296936128,59.930094249999996
3594,5,6,-1,136.3,15000000,Петроградский,Малая Посадская ,15,Горьковская,298519197,Малая Посадская 15,30.3284311,59.9576627
3595,1,12,4,93.9,15200000,Приморский,Приморский проспект,141К2,Беговая,284400404,Приморский проспект 141К2,30.21011424176013,59.984474
3596,2,16,4,119.8,15100000,Красногвардейский,проспект Ударников,22К1,Улица Дыбенко,299132105,проспект Ударников 22К1,30.4660908,59.9502607
3597,19,20,4,99.8,15250000,Красносельский, Маршала Казакова,68к1,,284307059,Маршала Казакова 68к1,30.17841016668947,59.86511885
3598,6,17,4,95.5,15300000,Красногвардейский,Ковалевская ,20к3,Ладожская,296050282,Ковалевская 20к3,30.507335949999998,59.979200399999996
3599,1,9,4,110.0,15499000,Красносельский, Маршала Захарова,18к2,Автово,297011976,Маршала Захарова 18к2,37.69690406058952,55.6206187
3600,5,14,4,104.9,15500000,Выборгский, Тихоокеанская,14к2,Проспект Просвещения,299577737,Тихоокеанская 14к2,30.23706231526372,60.069506649999994
3601,3,6,4,79.8,15499999,Петроградский,Съезжинская ,24Б,Спортивная,298419597,Съезжинская 24Б,30.3068365,59.954062
3602,2,5,4,75.9,15560000,Петроградский,Каменноостровский проспект,6Г,Горьковская,299192495,Каменноостровский проспект 6Г,30.304028,59.9744358
3603,2,6,4,99.6,15500000,Центральный, Марата,57,Лиговский проспект,298086249,Марата 57,30.444034600000005,54.520720600000004
3604,3,12,4,96.2,15500000,Приморский,проспект Королева,34К1,Комендантский проспект,298731698,проспект Королева 34К1,30.259015895294848,60.01482945
3605,1,6,4,73.4,15500000,Адмиралтейский,переулок Бойцова,4В,Садовая,291695499,переулок Бойцова 4В,30.3101124,59.9218796
3606,1,5,4,84.2,15500000,Центральный,Кирилловская ,6,Площадь Александра Невского,288539575,Кирилловская 6,30.380093809949468,59.93353415
3607,3,6,4,85.0,15700000,Центральный,Пушкинская ,11,Маяковская,299659722,Пушкинская 11,133.053136636437,42.92962495
3608,3,3,4,99.1,15690000,Красногвардейский,Среднеохтинский проспект,23,Новочеркасская,294571475,Среднеохтинский проспект 23,30.4153015,59.9527789
3609,5,14,4,91.0,15600000,Василеостровский, Кораблестроителей,46к1В,Приморская,286812768,Кораблестроителей 46к1В,30.238145245110342,59.95670155
3610,4,5,4,100.6,15700000,Центральный,Невский проспект,154,Площадь Александра Невского,284800963,Невский проспект 154,30.3742428,59.9278014
3611,4,6,4,101.2,15790000,Адмиралтейский,Серпуховская ,48,Технологический институт,274403633,Серпуховская 48,76.92919567548824,43.32057405
3612,9,16,4,86.0,15850000,Калининский, Карпинского,33к1,Академическая,295390244,Карпинского 33к1,30.4321622,60.0123677
3613,1,12,4,88.0,15850000,Приморский,Камышовая ,42К1,Комендантский проспект,290512157,Камышовая 42К1,30.21769299647986,60.009287
3614,2,5,4,89.1,16000000,Курортный,Комсомольская ,10,Беговая,299172974,Комсомольская 10,57.299206321134605,50.31576145
3615,12,19,4,108.0,15900000,Московский,5-й Предпортовый проезд,12к1,Звездная,280450416,5-й Предпортовый проезд 12к1,30.312310797557092,59.8331913
3616,4,6,4,95.7,16000000,Калининский,Кондратьевский проспект,42,Выборгская,299525260,Кондратьевский проспект 42,30.3851082,59.9704923
3617,5,5,4,95.0,15990000,Петроградский, Воскова,8/5,Горьковская,297103767,Воскова 8/5,30.305139,59.9577649
3618,3,6,4,111.6,16000000,Петроградский, Подрезова,26бБ,Чкаловская,287170967,Подрезова 26бБ,67.9085399,58.0516847
3619,3,4,4,95.9,16000000,Фрунзенский,Лиговский проспект,247,Обводный канал,297754146,Лиговский проспект 247,30.345239580118793,59.9085719
3620,3,4,4,96.0,16000000,Фрунзенский,Лиговский проспект,247,Обводный канал,297681677,Лиговский проспект 247,30.345239580118793,59.9085719
3621,4,7,4,109.5,15970000,Адмиралтейский,Подольская ,38,Технологический институт,283478570,Подольская 38,27.58140232345133,53.9498362
3622,4,4,4,81.2,16000000,Петроградский,Мончегорская ,10б,Чкаловская,274206709,Мончегорская 10б,30.294022,59.9576426
3623,4,12,4,95.8,15990000,Невский,Рыбацкий проспект,49К2,Рыбацкое,274312879,Рыбацкий проспект 49К2,30.514624811445785,59.8361212
3624,5,9,4,96.0,16000000,Калининский, Руставели,58К1,Гражданский проспект,295193231,Руставели 58К1,30.430794550463204,60.03540375
3625,3,4,4,74.5,16000000,Петроградский, Полозова,21,Чкаловская,292945920,Полозова 21,30.347805949999994,59.4062088
3626,1,12,4,95.3,16300000,Невский,Рыбацкий проспект,47,Рыбацкое,299121011,Рыбацкий проспект 47,30.514973912311184,59.8369911
3627,5,6,4,85.9,16200000,Петроградский,Большая Монетная ,22,Петроградская,298401527,Большая Монетная 22,30.323324420650003,59.963234549999996
3628,4,6,4,81.0,16350000,Московский,Смоленская ,1Д,Московские ворота,296476982,Смоленская 1Д,38.7974656,44.7856359
3629,2,5,4,100.6,16300000,Кировский,Оборонная ,14,Нарвская,286554052,Оборонная 14,135.09635358592868,48.45612265
3630,15,16,4,105.5,16250000,Невский,Союзный проспект,6к1,Проспект Большевиков,297942842,Союзный проспект 6к1,30.43995206169209,59.9174359
3631,3,5,4,90.1,16320000,Невский, Полярников,15,Ломоносовская,285791228,Полярников 15,74.47505513047645,65.850011
3632,2,5,4,92.8,16500000,Красногвардейский,Среднеохтинский проспект,4,Новочеркасская,293864694,Среднеохтинский проспект 4,30.4139597,59.9472211
3633,7,10,4,74.6,16499999,Невский, Чудновского,8к4,Проспект Большевиков,298682144,Чудновского 8к4,30.48007442998723,59.92632965
3634,9,19,4,113.4,16400000,Красносельский,Ленинский проспект,55к1,Ленинский проспект,294789025,Ленинский проспект 55к1,30.1716689,59.8627229
3635,5,5,4,98.0,16500000,Кировский,Огородный переулок,2,Кировский завод,298851117,Огородный переулок 2,74.57661515,42.88724065
3636,2,6,4,113.0,16500000,Адмиралтейский,Московский проспект,50,Технологический институт,290202231,Московский проспект 50,30.21804282879227,55.1803824
3637,4,8,4,90.0,16480000,Выборгский,Лесной проспект,61к1,Лесная,293102795,Лесной проспект 61к1,30.343114,59.9839951
3638,3,7,4,84.3,16500000,Адмиралтейский,переулок Бойцова,4В,Садовая,284722578,переулок Бойцова 4В,30.3101124,59.9218796
3639,3,5,4,94.1,16500000,Выборгский,проспект Энгельса,70/1,Удельная,287616740,проспект Энгельса 70/1,30.3197412,60.0184891
3640,2,3,4,100.1,16500000,Адмиралтейский, Якубовича,14,Адмиралтейская,281166370,Якубовича 14,33.3046831556098,58.42400015
3641,2,4,4,83.0,16700000,Центральный,Полтавская ,14,Площадь Восстания,299015308,Полтавская 14,134.49376254789695,45.84853215
3642,7,7,4,84.2,16750000,Центральный,Мытнинская ,9,,294857663,Мытнинская 9,30.378155683182673,59.9332692
3643,1,5,4,100.5,16800000,Петроградский, Красного Курсанта,26,Чкаловская,296046319,Красного Курсанта 26,30.279800817710885,59.95985025
3644,2,6,4,89.9,16700000,Приморский,Белоостровская ,25,Черная речка,296487467,Белоостровская 25,30.315991447831184,59.98754785
3645,5,10,4,89.1,16700000,Приморский, Ильюшина,6,Комендантский проспект,297847251,Ильюшина 6,37.54080116410009,55.80353345
3646,2,4,4,76.5,16790000,Петроградский,Петровский проспект,3,Чкаловская,293216356,Петровский проспект 3,30.2623162584233,59.962701949999996
3647,2,4,4,83.0,16700000,Центральный,Полтавская ,14,Площадь Восстания,298510221,Полтавская 14,134.49376254789695,45.84853215
3648,2,6,4,98.1,16700000,Адмиралтейский,Старо-Петергофский проспект,37,Нарвская,295880561,Старо-Петергофский проспект 37,30.2764679,59.9031299
3649,1,5,4,100.0,16750000,Приморский,Торжковская ,2К3,Черная речка,291581258,Торжковская 2К3,30.30474534209366,59.9886187
3650,2,6,4,89.9,16900000,Приморский,Белоостровская ,25,Черная речка,296092909,Белоостровская 25,30.315991447831184,59.98754785
3651,6,6,4,109.1,16950000,Центральный, Константина Заслонова,9/4Б,Лиговский проспект,297038579,Константина Заслонова 9/4Б,33.1189835,57.1355829
3652,3,5,4,90.6,17000000,Центральный,Гончарная ,11а,Площадь Восстания,294231573,Гончарная 11а,33.90020426146789,58.37952295
3653,4,6,4,90.4,17000000,Петроградский,Большая Посадская ,9/5Б,Горьковская,279178028,Большая Посадская 9/5Б,30.325715145068134,59.9595764
3654,2,5,4,121.0,17300000,Центральный, Рылеева,21,Чернышевская,292278052,Рылеева 21,83.94301815,53.41726715
3655,9,12,4,81.7,17300000,Василеостровский, Кораблестроителей,29К2,Приморская,295933676,Кораблестроителей 29К2,30.2209382076603,59.952355100000005
3656,4,4,4,146.0,17250000,Адмиралтейский,проспект Римского-Корсакова,97,Балтийская,292540314,проспект Римского-Корсакова 97,30.282524431852476,59.9192032
3657,9,25,4,105.1,17343000,Выборгский, Руднева,14к2,Проспект Просвещения,265838007,Руднева 14к2,30.36145355820983,60.042584649999995
3658,2,5,4,112.9,17500000,Колпинский, Анисимова,5к2,Шушары,281042676,Анисимова 5к2,30.6055975,59.73389
3659,4,4,3,78.0,16800000,Приморский, Савушкина,15,Черная речка,287362808,Савушкина 15,48.05035460871303,46.371543
3660,4,5,4,81.4,17950000,Центральный,проспект Чернышевского,10,Площадь Ленина,298457200,проспект Чернышевского 10,30.3596167,59.9469738
3661,13,14,1,25.85,9939999,Красногвардейский,проспект Энергетиков,2,,279352025,проспект Энергетиков 2,30.435320207456087,59.96158675
3662,9,18,-1,35.58,9318402,Фрунзенский, Салова,61,Бухарестская,290539872,Салова 61,30.3690298,59.8850676
3663,3,9,1,23.71,8909999,Адмиралтейский, Шкапина,43-45,Балтийская,299481346,Шкапина 43-45,30.2959521,59.9087317
3664,9,18,-1,35.38,9234180,Фрунзенский, Салова,61,Бухарестская,296846414,Салова 61,30.3690298,59.8850676
3665,5,12,-1,22.8,8525376,Курортный,Приморское шоссе,570Л,,289388363,Приморское шоссе 570Л,29.7341993,60.189164
3666,2,6,-1,23.7,5273365,Фрунзенский,Прилукская ,35,Обводный канал,299506288,Прилукская 35,30.3536905,59.90849335
3667,2,9,1,18.62,4973572,Красносельский, Тамбасова,5,Проспект Ветеранов,295859159,Тамбасова 5,91.68953046810196,53.69713395
3668,2,19,1,25.1,8400000,Приморский,переулок Ипподромный,1к2,Пионерская,293135775,переулок Ипподромный 1к2,30.3076737544702,60.0001943
3669,8,18,-1,39.49,9880398,Фрунзенский, Салова,61,Бухарестская,290539857,Салова 61,30.3690298,59.8850676
3670,8,18,-1,40.86,10076076,Фрунзенский, Салова,61,Бухарестская,296846408,Салова 61,30.3690298,59.8850676
3671,6,8,1,28.1,10500000,Выборгский, Александра Матросова,3,Лесная,293955405,Александра Матросова 3,36.29598269750437,54.5069462
3672,3,4,1,28.98,4745000,Центральный,Разъезжая ,36,Лиговский проспект,299521411,Разъезжая 36,34.352270052456895,63.75042415
3673,3,23,1,25.09,5206765,Приморский, Ивинская,1к2,Зенит,298977395,Ивинская 1к2,30.1260104,60.0327736
3674,1,5,-1,18.7,3450000,Адмиралтейский,набережная Обводного Канала,142/16,Нарвская,299503783,набережная Обводного Канала 142/16,30.275314,59.908308
3675,12,27,1,20.12,5030000,Выборгский,Заречная ,54,Проспект Просвещения,297361025,Заречная 54,56.05728794400089,57.860366049999996
3676,1,7,1,24.8,5250184,Красносельский,проспект Буденного,21к1,Автово,298034331,проспект Буденного 21к1,30.092032504792332,59.844749500000006
3677,3,6,1,26.68,7040000,Петроградский,Мончегорская ,10,Чкаловская,296521881,Мончегорская 10,30.294126256505322,59.957433550000005
3678,3,5,1,24.2,4994986,Пушкинский, Камероновская,20,,295183000,Камероновская 20,30.405688861592715,59.69501165
3679,4,21,1,28.1,6990000,Калининский,Пискарёвка,7к6,Лесная,297664728,Пискарёвка 7к6,30.4182017,59.9924121
3680,7,10,1,28.41,13753281,Приморский,Лисичанская ,22,Черная речка,297998447,Лисичанская 22,44.45794244999999,48.53618255000001
3681,6,14,1,26.0,8560000,Василеостровский,Уральская ,21,Василеостровская,299649242,Уральская 21,60.96932614991987,56.73838205
3682,3,11,-1,29.1,6690000,Московский,Детский переулок,2,Московские ворота,277270307,Детский переулок 2,33.509040889140806,44.6061398
3683,5,15,-1,21.57,5095891,Красногвардейский,проспект Энергетиков,6,Ладожская,298767309,проспект Энергетиков 6,39.73775595,54.04316255
3684,5,10,1,26.6,9576000,Выборгский,Манчестерская ,5к1,Удельная,298355549,Манчестерская 5к1,30.336413905566257,60.01132695
3685,2,4,1,26.84,4950000,Адмиралтейский,набережная Крюкова Канала,8,Спасская,296321928,набережная Крюкова Канала 8,30.294887,59.9266564
3686,4,9,1,23.0,9177000,Петроградский,Петровский проспект,9к2,Спортивная,294546137,Петровский проспект 9к2,30.26765705,59.96069285
3687,2,6,1,29.7,7500000,Петроградский,Введенская ,17,Горьковская,297264030,Введенская 17,63.66417975,53.228865400000004
3688,2,4,1,20.0,4999000,Адмиралтейский,набережная Реки Фонтанки,93,Садовая,299646341,набережная Реки Фонтанки 93,30.322712,59.9240061
3689,3,10,1,24.5,8000132,Выборгский,Светлановский проспект,12к1,Удельная,296659502,Светлановский проспект 12к1,30.3687835,60.0194335
3690,2,5,-1,31.9,14838358,Адмиралтейский,Гороховая ,47В,Сенная площадь,292492730,Гороховая 47В,93.4261098,56.1849163
3691,2,17,1,50.5,14150226,Невский,Фарфоровская ,7к2,Ломоносовская,296729906,Фарфоровская 7к2,30.429060245109383,59.8812999
3692,1,5,1,29.01,4990000,Адмиралтейский,набережная Реки Фонтанки,137,Технологический институт,299392821,набережная Реки Фонтанки 137,30.303172880979186,59.91901085
3693,1,5,1,20.81,3720000,Адмиралтейский,набережная Реки Фонтанки,137,Садовая,299180814,набережная Реки Фонтанки 137,30.303172880979186,59.91901085
3694,2,14,1,22.6,7192450,Фрунзенский,Волковское,1,Обводный канал,290735446,Волковское 1,37.74837375434552,55.930746
3695,1,5,1,32.61,5390000,Адмиралтейский,набережная Реки Фонтанки,137,Садовая,299171718,набережная Реки Фонтанки 137,30.303172880979186,59.91901085
3696,2,14,1,20.0,6616320,Фрунзенский,Волковское,5,Обводный канал,293795738,Волковское 5,37.747821776003704,55.93213205
3697,2,5,1,26.33,4685000,Адмиралтейский,Лермонтовский проспект,23,Балтийская,293481854,Лермонтовский проспект 23,30.294816263016514,59.9190299
3698,2,4,1,28.48,5900215,Красносельский,проспект Буденного,15,Проспект Ветеранов,299312171,проспект Буденного 15,44.167328999999995,44.770835649999995
3699,2,5,1,18.73,3355000,Адмиралтейский,Лермонтовский проспект,23,Балтийская,298811369,Лермонтовский проспект 23,30.294816263016514,59.9190299
3700,5,6,1,28.8,7290000,Адмиралтейский,Загородный проспект,45,Пушкинская,296972364,Загородный проспект 45,30.3296801,59.921648
3701,2,2,1,11.0,3690000,Адмиралтейский,Московский проспект,54,Фрунзенская,287446022,Московский проспект 54,137.05360665,50.59555495
3702,14,17,1,19.71,6218505,Василеостровский,Гавань,12,Горный институт,298050453,Гавань 12,59.321794049999994,57.234667
3703,13,25,1,24.25,8244091,Приморский,Богатырский проспект,2А,Пионерская,297024827,Богатырский проспект 2А,30.304165603503527,60.000785050000005
3704,3,5,1,31.0,7150000,Пушкинский,Гусарская ,4к5,Купчино,294974843,Гусарская 4к5,30.3876785,59.7065711
3705,3,13,1,27.1,6352219,Приморский,Планерная ,87к1,Комендантский проспект,297182842,Планерная 87к1,30.2018577,60.0320667
3706,4,4,-1,50.0,7295000,Центральный,Социалистическая ,7/11В,Звенигородская,294651891,Социалистическая 7/11В,30.1193765,55.16673
3707,7,21,1,29.4,6000000,Невский, Крыленко,1к1с7,Улица Дыбенко,291984646,Крыленко 1к1с7,30.451597786333288,59.89153425
3708,8,25,1,22.2,4907670,Приморский,набережная Реки Каменки,15к3,Озерки,299100880,набережная Реки Каменки 15к3,30.2697807,60.0468158
3709,5,5,1,44.42,10950000,Адмиралтейский,Спасский переулок,6-8,Сенная площадь,286202332,Спасский переулок 6-8,30.3182688,59.9288329
3710,15,21,1,26.7,5450000,Выборгский,Заречная ,13к1,Парнас,297640572,Заречная 13к1,55.700733,57.550739
3711,12,12,1,47.84,14208481,Приморский, Плесецкая,6,Комендантский проспект,292252113,Плесецкая 6,40.21871310704713,61.68484245
3712,5,5,1,33.65,9590000,Адмиралтейский,Спасский переулок,6-8,Сенная площадь,286192505,Спасский переулок 6-8,30.3182688,59.9288329
3713,4,23,1,25.0,5463250,Приморский, Ивинская,5к1,Зенит,297362003,Ивинская 5к1,30.1260104,60.0327736
3714,5,13,1,20.59,4293361,Приморский,аллея Арцеуловская,9,Старая Деревня,294365879,аллея Арцеуловская 9,30.196216354600743,60.036259799999996
3715,8,25,1,24.5,5100000,Приморский, Плесецкая,20к1,Комендантский проспект,299152850,Плесецкая 20к1,30.23069358331489,60.03848745
3716,2,3,1,21.0,4100000,Выборгский, Первомайская,26,Проспект Просвещения,296171651,Первомайская 26,66.892367,50.2627936
3717,6,24,1,22.0,4800000,Приморский, Плесецкая,10,Комендантский проспект,297882983,Плесецкая 10,40.21978137664691,61.684778449999996
3718,3,10,1,28.7,7690000,Московский,Киевская ,5к6,Обводный канал,299495896,Киевская 5к6,30.3263466,59.903055
3719,5,14,-1,24.55,5350000,Красногвардейский,Магнитогорская ,51,Новочеркасская,299196210,Магнитогорская 51,30.43267674561517,59.93991535
3720,1,8,1,21.3,2850000,Выборгский, Центральная,13,Озерки,298270946,Центральная 13,103.1932038471542,52.8160884
3721,5,8,1,24.8,4500000,Красносельский, Генерала Кравченко,7к3,Проспект Ветеранов,299372091,Генерала Кравченко 7к3,30.098865002472618,59.84149755
3722,10,13,1,23.93,4500000,Приморский,Планерная ,87к1,Комендантский проспект,293907097,Планерная 87к1,30.2018577,60.0320667
3723,2,12,1,21.1,5422700,Красногвардейский,Партизанская ,5Б,Ладожская,299403354,Партизанская 5Б,135.45392159903076,48.476215350000004
3724,2,5,1,27.9,7550000,Василеостровский,Кадетская линия,7/2,Спортивная,295934090,Кадетская линия 7/2,30.289827,59.943323
3725,8,15,-1,24.5,5150000,Василеостровский,бульвар Александра Грина,3,Приморская,295373197,бульвар Александра Грина 3,30.200995061222663,59.93617515
3726,3,5,-1,28.2,12897164,Адмиралтейский,Гороховая ,47В,Сенная площадь,299249964,Гороховая 47В,93.4261098,56.1849163
3727,5,5,1,26.9,4990000,Московский,Пулковское шоссе,71к14,Звездная,289518002,Пулковское шоссе 71к14,30.315291791952887,59.7646673
3728,6,24,1,32.03,6949987,Приморский,шоссе Суздальское,18к2,Проспект Просвещения,298650663,шоссе Суздальское 18к2,39.87727495016466,57.597406750000005
3729,1,4,-1,12.0,2200000,Адмиралтейский,набережная Реки Фонтанки,189,Балтийская,297064199,набережная Реки Фонтанки 189,30.286057897097017,59.91683905
3730,4,25,1,24.7,6500052,Приморский,проспект Авиаконструкторов,69,Комендантский проспект,295774768,проспект Авиаконструкторов 69,30.199956904334798,60.0380875
3731,3,16,1,26.88,5500000,Московский,Пулковское шоссе,42к6,Звездная,299599046,Пулковское шоссе 42к6,30.346300936661095,59.814256
3732,3,4,-1,20.0,4845000,Центральный,Социалистическая ,7/11В,Звенигородская,296170916,Социалистическая 7/11В,30.1193765,55.16673
3733,4,4,1,33.65,9580000,Адмиралтейский,Спасский переулок,6-8,Спасская,296837352,Спасский переулок 6-8,30.3182688,59.9288329
3734,4,5,1,24.3,4750030,Московский, Струве,8к2,Звездная,299582455,Струве 8к2,20.4653803,54.5287492
3735,3,6,1,26.8,7000000,Центральный, Марата,40,Владимирская,294733087,Марата 40,30.44247935727848,54.52001265
3736,10,12,1,26.0,8600000,Адмиралтейский,Малая Митрофаньевская ,5к1,Московские ворота,294779923,Малая Митрофаньевская 5к1,30.3073794,59.897432
3737,9,12,-1,35.62,6040000,Кировский,Автово,5к1,Автово,279676825,Автово 5к1,30.2633992,59.8706838
3738,2,5,1,18.2,5650000,Центральный,Гончарная ,17,Площадь Восстания,297265866,Гончарная 17,40.3949189,56.1214187
3739,8,20,1,23.0,6190000,Приморский,Комендантский проспект,60к3,Комендантский проспект,299292815,Комендантский проспект 60к3,30.225749,60.0341015
3740,2,15,-1,26.9,5454366,Невский, Евдокима Огнева,3,Улица Дыбенко,296210650,Евдокима Огнева 3,30.467599157093858,59.8994079
3741,6,12,-1,27.6,6699000,Приморский,Озеро Долгое,15к3,Старая Деревня,298022675,Озеро Долгое 15к3,30.2563391,60.0121678
3742,3,5,1,35.97,6109150,Колпинский,проезд Понтонный,6,Рыбацкое,298794440,проезд Понтонный 6,30.622320100000003,59.7593327
3743,12,23,1,25.0,7000000,Невский, Крыленко,2,,299485491,Крыленко 2,38.09803948259312,48.28249115
3744,1,25,1,22.3,4100000,Пушкинский,проспект Новгородский,7к2,Купчино,299419043,проспект Новгородский 7к2,30.364237284822167,59.80978725
3745,9,12,1,24.5,3800000,Колпинский, Севастьянова,28к2,,268687421,Севастьянова 28к2,39.0460169,45.0827121
3746,12,16,1,22.7,4900000,Невский, Крыленко,1к1с6,Ломоносовская,296231955,Крыленко 1к1с6,30.45280788013227,59.89163045
3747,21,27,1,25.5,5500000,Выборгский,Заречная ,36,Парнас,299606187,Заречная 36,56.04589583594503,57.8563393
3748,9,11,1,24.0,6560000,Невский,Октябрьская набережная,86К2,Елизаровская,297700502,Октябрьская набережная 86К2,30.4690683,59.8722408
3749,24,25,1,22.36,5850000,Красносельский, Маршала Казакова,21к2,Автово,297461092,Маршала Казакова 21к2,43.9305145,56.3207465
3750,14,26,1,26.1,5600000,Выборгский, Михаила Дудина,10,Парнас,293294520,Михаила Дудина 10,30.3260872,60.0701118
3751,4,7,-1,16.5,4100000,Приморский,Приморский проспект,6,Черная речка,299005882,Приморский проспект 6,133.0589933,42.7665434
3752,13,19,1,28.2,5990000,Московский, Федора Котанова,13к1,Звездная,298339220,Федора Котанова 13к1,30.347946347610687,59.82344205
3753,7,9,1,21.62,6110532,Красносельский, Тамбасова,5,Проспект Ветеранов,295858095,Тамбасова 5,91.68953046810196,53.69713395
3754,12,26,1,28.9,6640000,Невский,проспект Александровской фермы,8с1,Пролетарская,296358032,проспект Александровской фермы 8с1,30.4525888,59.8617297
3755,7,23,1,24.63,5486279,Приморский, Ивинская,1к1,Зенит,297361746,Ивинская 1к1,30.1260104,60.0327736
3756,25,25,1,25.9,6600000,Кировский,проспект Народного ополчения,10,Ленинский проспект,297728488,проспект Народного ополчения 10,30.2823206,59.8504736
3757,2,12,1,34.6,7980000,Приморский, Плесецкая,6,,281081916,Плесецкая 6,40.21871310704713,61.68484245
3758,15,26,1,26.0,5750000,Выборгский, Михаила Дудина,10,Парнас,298512415,Михаила Дудина 10,30.3260872,60.0701118
3759,6,12,-1,22.2,8940411,Курортный,Приморское шоссе,570Л,,295923677,Приморское шоссе 570Л,29.7341993,60.189164
3760,17,28,1,28.6,5200000,Выборгский, Федора Абрамова,16к1,Парнас,297557069,Федора Абрамова 16к1,40.6087515,64.5286942
3761,8,19,1,25.97,6490000,Приморский,Комендантский проспект,55к1,Комендантский проспект,299519154,Комендантский проспект 55к1,30.2332062,60.0312931
3762,7,11,1,21.7,6777000,Невский,Октябрьская набережная,86К2,Пролетарская,294777969,Октябрьская набережная 86К2,30.4690683,59.8722408
3763,16,16,1,32.5,7800000,Приморский,Туристская ,24/42,Беговая,297845395,Туристская 24/42,30.206982,60.0008856
3764,8,9,1,24.43,6712419,Красносельский, Тамбасова,5,Проспект Ветеранов,295858961,Тамбасова 5,91.68953046810196,53.69713395
3765,3,7,1,29.0,7200000,Адмиралтейский,Можайская ,37-39,Пушкинская,298745940,Можайская 37-39,30.3290312,59.9142497
3766,10,12,1,24.6,6800000,Выборгский,Светлановский проспект,8,Удельная,292149743,Светлановский проспект 8,30.336440376051304,60.0071704
3767,22,27,1,28.3,5300000,Выборгский, Архитектора Белова,6к5,Парнас,298969216,Архитектора Белова 6к5,30.322860900000002,60.070433
3768,13,14,1,30.71,11049999,Красногвардейский,проспект Энергетиков,2,,279352022,проспект Энергетиков 2,30.435320207456087,59.96158675
3769,3,13,1,24.4,4890000,Приморский, Плесецкая,20к2,Комендантский проспект,299380619,Плесецкая 20к2,30.228669815463853,60.03830225
3770,3,9,1,34.72,12729999,Адмиралтейский, Шкапина,43-45,Балтийская,299481528,Шкапина 43-45,30.2959521,59.9087317
3771,17,17,1,34.0,7300000,Московский, Федора Котанова,5к1,Звездная,299152054,Федора Котанова 5к1,30.342724461132292,59.82641395
3772,5,6,1,25.55,5450000,Фрунзенский,Днепропетровская ,59,Обводный канал,294303916,Днепропетровская 59,30.35756111177414,59.9118669
3773,14,25,1,30.08,17338939,Московский,Алтайская ,39,Московская,296065119,Алтайская 39,82.53230854532252,50.012163
3774,5,12,1,23.8,6990000,Невский,Железнодорожный проспект,14к3,Ломоносовская,293252681,Железнодорожный проспект 14к3,30.430118556526367,59.88204375
3775,6,8,1,27.2,4770000,Красносельский,проспект Буденного,23к3,,289912623,проспект Буденного 23к3,30.097091384897716,59.849249400000005
3776,11,14,1,31.78,11599999,Красногвардейский,проспект Энергетиков,2,,279351911,проспект Энергетиков 2,30.435320207456087,59.96158675
3777,11,18,1,27.6,5750000,Московский, Среднерогатская,20,Звездная,299382380,Среднерогатская 20,30.338137673154847,59.8203102
3778,20,25,1,24.0,5880000,Московский, Орджоникидзе,52,Звездная,298052502,Орджоникидзе 52,39.9693212,46.3211134
3779,11,11,1,21.1,6591000,Невский,Октябрьская набережная,86К2,Пролетарская,293297434,Октябрьская набережная 86К2,30.4690683,59.8722408
3780,16,19,1,29.0,6700000,Приморский,Комендантский проспект,57к1,Комендантский проспект,293806551,Комендантский проспект 57к1,30.232176,60.0320241
3781,6,24,1,24.5,4900000,Приморский, Верхне-Каменская,9к1,Комендантский проспект,299105786,Верхне-Каменская 9к1,30.208469668194866,60.0372117
3782,8,24,1,27.06,4000000,Невский, Русановская,20к1,Ломоносовская,299017413,Русановская 20к1,30.513417450806458,59.8653365
3783,9,12,1,24.5,4350000,Красносельский, Летчика Лихолетова,14к2,Проспект Ветеранов,297459200,Летчика Лихолетова 14к2,30.1052198,59.8437939
3784,5,10,1,22.0,7950000,Центральный,Синопская набережная,24,,298229584,Синопская набережная 24,30.388042985172643,59.929419300000006
3785,13,17,1,24.08,7150000,Невский,Фарфоровская ,7к2,Ломоносовская,296685262,Фарфоровская 7к2,30.429060245109383,59.8812999
3786,3,6,1,28.7,8100000,Центральный,Тележная ,21,Площадь Александра Невского,298392350,Тележная 21,30.37518000722973,59.92565495
3787,18,21,1,19.1,3560000,Красногвардейский, Чарушинская,26к1,Девяткино,298373909,Чарушинская 26к1,30.478274928219033,60.00040785
3788,11,18,1,23.2,6750000,Московский, Среднерогатская,16к2,Звездная,299111836,Среднерогатская 16к2,30.340302421969582,59.82282225
3789,3,26,1,28.5,5671500,Пушкинский,проспект Новгородский,2к3,Купчино,268906987,проспект Новгородский 2к3,30.37221395516928,59.8117648
3790,6,10,1,32.0,13600000,Петроградский,Аптекарский проспект,18,Петроградская,299191256,Аптекарский проспект 18,30.318481538650065,59.9756442
3791,2,19,1,25.05,5600000,Приморский,Комендантский проспект,59к1,Комендантский проспект,296745318,Комендантский проспект 59к1,30.230940555706663,60.03363605
3792,9,26,1,25.0,4650000,Пушкинский,проспект Новгородский,2к3,Купчино,296746313,проспект Новгородский 2к3,30.37221395516928,59.8117648
3793,3,12,1,30.5,7980000,Выборгский,Манчестерская ,3к2,Удельная,298524132,Манчестерская 3к2,30.331770218779397,60.009194050000005
3794,3,4,1,24.9,4700111,Пушкинский,шоссе Колпинское,127,Купчино,280678084,шоссе Колпинское 127,30.5568018,59.7496618
3795,4,13,1,24.3,7650000,Фрунзенский, Тосина,6,Обводный канал,297999208,Тосина 6,25.310212564465985,53.64153265
3796,23,25,1,18.06,4800000,Выборгский, Брюлловская,3,Парнас,296056538,Брюлловская 3,30.312125670090985,60.0688911
3797,22,22,-1,23.4,5500000,Красногвардейский,Бокситогорская ,27,Новочеркасская,271759366,Бокситогорская 27,30.44777385123279,59.95594195
3798,4,6,1,33.7,4690000,Петродворцовый, Войкова,68,,299103814,Войкова 68,31.035830848743466,52.38925155
3799,10,18,1,34.5,10964837,Адмиралтейский,бульвар Измайловский,9,Фрунзенская,298655478,бульвар Измайловский 9,37.7867031,55.7977305
3800,3,22,1,25.0,6699999,Красногвардейский,проспект Энергетиков,11к5,Ладожская,299241170,проспект Энергетиков 11к5,30.439399782713046,59.939474849999996
3801,17,18,-1,19.1,5385000,Фрунзенский, Салова,61,,299650835,Салова 61,30.3690298,59.8850676
3802,1,10,1,23.1,7000000,Центральный,Днепропетровская ,37,Лиговский проспект,297086444,Днепропетровская 37,30.359180044781166,59.916279
3803,12,25,1,26.12,9248965,Приморский,Коломяжский проспект,13к2,Пионерская,297024574,Коломяжский проспект 13к2,30.2946471,60.0121522
3804,2,6,-1,24.8,5209866,Красносельский, Отважных,10,Ленинский проспект,298957965,Отважных 10,24.97378050233371,52.54311405
3805,11,18,1,33.0,10242168,Адмиралтейский,бульвар Измайловский,9,Фрунзенская,298655448,бульвар Измайловский 9,37.7867031,55.7977305
3806,25,27,1,29.0,4400000,Выборгский, Архитектора Белова,6к5,Парнас,294029303,Архитектора Белова 6к5,30.322860900000002,60.070433
3807,20,25,1,23.91,8972771,Приморский,Коломяжский проспект,13к2,Пионерская,297024728,Коломяжский проспект 13к2,30.2946471,60.0121522
3808,15,25,1,23.01,3600000,Невский, Русановская,24,Улица Дыбенко,297836906,Русановская 24,30.51660729098161,59.86497575
3809,15,26,1,23.2,4000000,Пушкинский,проспект Новгородский,4,Звездная,297949535,проспект Новгородский 4,40.56242683261609,64.53176285
3810,9,27,1,24.4,4700000,Выборгский, Архитектора Белова,6к5,Парнас,296323850,Архитектора Белова 6к5,30.322860900000002,60.070433
3811,3,5,-1,15.0,5100000,Приморский,Сердобольская ,7,Лесная,298841118,Сердобольская 7,30.323834214069944,59.99333905
3812,3,6,1,25.0,9000000,Центральный,Тележная ,21,Площадь Александра Невского,299288903,Тележная 21,30.37518000722973,59.92565495
3813,1,10,1,32.1,9822600,Выборгский,Манчестерская ,3,Удельная,296753534,Манчестерская 3,30.3318468,60.0111199
3814,10,23,1,24.0,5350000,Приморский,Комендантский проспект,67,Комендантский проспект,296990964,Комендантский проспект 67,30.2264071,60.0372074
3815,1,27,1,23.24,5619432,Выборгский,проезд Толубеевский,34к2,,297361267,проезд Толубеевский 34к2,30.3418015,60.066545
3816,4,6,1,23.0,7100000,Центральный,Тележная ,23,Площадь Александра Невского,298392347,Тележная 23,30.37560037270792,59.9254567
3817,9,13,-1,29.2,9200000,Московский,Заозерная ,3к3с2,Фрунзенская,286004823,Заозерная 3к3с2,30.32228866209431,59.9060936
3818,10,15,1,31.0,6350000,Приморский, Верхне-Каменская,9к1,Комендантский проспект,292678988,Верхне-Каменская 9к1,30.208469668194866,60.0372117
3819,7,27,1,21.26,5042872,Выборгский,Заречная ,54,Проспект Просвещения,297360993,Заречная 54,56.05728794400089,57.860366049999996
3820,4,22,1,20.3,3499000,Красногвардейский, Пейзажная,24к1,Гражданский проспект,299480551,Пейзажная 24к1,30.47786344999999,60.018424350000004
3821,2,13,-1,28.2,8900000,Московский,Заозерная ,3к3с2,Фрунзенская,286004817,Заозерная 3к3с2,30.32228866209431,59.9060936
3822,1,8,1,24.7,4250000,Красносельский,проспект Буденного,23к4,Проспект Ветеранов,297990909,проспект Буденного 23к4,30.09617843192533,59.84803705
3823,18,19,1,39.2,12052700,Московский, Парфеновская,17,Московские ворота,298657078,Парфеновская 17,30.31249306459226,59.8934103
3824,21,22,1,25.2,8290000,Приморский, Оптиков,34К1,Старая Деревня,299316588,Оптиков 34К1,30.2173028,59.9993166
3825,2,5,1,24.5,5118319,Пушкинский, Архитектора Данини,23к1,,295182913,Архитектора Данини 23к1,30.40705006509407,59.69469855
3826,3,13,1,23.2,4450000,Приморский,Планерная ,87к1,Комендантский проспект,296561861,Планерная 87к1,30.2018577,60.0320667
3827,2,10,1,30.4,9576000,Выборгский,Манчестерская ,5к1,Удельная,296753644,Манчестерская 5к1,30.336413905566257,60.01132695
3828,5,10,1,26.0,9200000,Центральный,Синопская набережная,24,,298229587,Синопская набережная 24,30.388042985172643,59.929419300000006
3829,10,10,1,27.19,13638504,Приморский,Лисичанская ,22,Черная речка,297998455,Лисичанская 22,44.45794244999999,48.53618255000001
3830,3,12,1,23.1,5200000,Красносельский,проспект Ветеранов,169к3,Проспект Ветеранов,298658426,проспект Ветеранов 169к3,30.113866731710043,59.83908115
3831,10,14,-1,43.33,9150675,Красногвардейский,Магнитогорская ,51,Площадь Александра Невского,279676543,Магнитогорская 51,30.43267674561517,59.93991535
3832,13,20,-1,22.1,4500000,Выборгский,проезд Толубеевский,8к2,Парнас,298067302,проезд Толубеевский 8к2,30.343270433321557,60.0714197
3833,9,10,-1,24.4,11104733,Центральный,Херсонский проезд,6,Площадь Александра Невского,296920364,Херсонский проезд 6,87.34593906500979,53.78735065
3834,10,13,1,26.3,4840000,Красносельский,проспект Ветеранов,171к4,Проспект Ветеранов,295841542,проспект Ветеранов 171к4,30.111025813519156,59.839220850000004
3835,9,13,-1,28.13,6700847,Приморский,Коломяжский проспект,4,Черная речка,297553051,Коломяжский проспект 4,30.305596104633878,59.99647395
3836,8,13,1,23.0,5000000,Приморский,Планерная ,87к1,,295342768,Планерная 87к1,30.2018577,60.0320667
3837,10,13,1,25.14,6376888,Приморский,аллея Арцеуловская,9,Старая Деревня,298731457,аллея Арцеуловская 9,30.196216354600743,60.036259799999996
3838,8,24,1,24.8,5400000,Приморский, Верхне-Каменская,11к1,Комендантский проспект,297659928,Верхне-Каменская 11к1,30.20639637914536,60.0359971
3839,8,12,1,23.0,6210000,Красногвардейский,Партизанская ,5Б,Ладожская,299403377,Партизанская 5Б,135.45392159903076,48.476215350000004
3840,2,25,1,24.7,4350000,Пушкинский, Вишерская,24,Купчино,298819695,Вишерская 24,31.470445836969404,58.5516933
3841,11,17,1,23.1,4550000,Красносельский, Коммунаров,190,,293839639,Коммунаров 190,97.99187643469207,55.91806765
3842,8,9,1,25.9,10774400,Петроградский,Петровский проспект,9к2,Спортивная,298366853,Петровский проспект 9к2,30.26765705,59.96069285
3843,10,13,1,21.1,5150959,Приморский,Планерная ,97к1,Комендантский проспект,299237873,Планерная 97к1,30.195940882143525,60.03332305
3844,13,25,1,25.13,5300000,Приморский,проспект Авиаконструкторов,69,Комендантский проспект,293079499,проспект Авиаконструкторов 69,30.199956904334798,60.0380875
3845,8,10,1,24.4,6191633,Приморский,Парашютная ,79к1,Озерки,292425369,Парашютная 79к1,30.24186287206487,60.0419148
3846,4,5,1,25.7,5050000,Красносельский, Ивана Куликова,4,Проспект Ветеранов,294945071,Ивана Куликова 4,30.115511366320597,59.8323842
3847,9,25,1,25.13,5600000,Приморский,Комендантский проспект,69к2,Комендантский проспект,295974746,Комендантский проспект 69к2,30.225494432818465,60.04021485
3848,14,14,1,29.3,9040808,Фрунзенский,Волковское,1,Обводный канал,293227163,Волковское 1,37.74837375434552,55.930746
3849,10,12,1,24.5,4450000,Красносельский,проспект Ветеранов,171к5,Проспект Ветеранов,295557253,проспект Ветеранов 171к5,30.1132513,59.8420306
3850,9,13,1,25.03,6850000,Невский,Дальневосточный проспект,19к1,Проспект Большевиков,296195906,Дальневосточный проспект 19к1,30.44800072881743,59.9065969
3851,12,24,1,22.2,3700000,Невский, Русановская,20к3,Ломоносовская,299249983,Русановская 20к3,30.516129236971828,59.8657418
3852,4,5,1,24.22,4600165,Московский,Пулковское шоссе,95к3,Звездная,298634621,Пулковское шоссе 95к3,30.3249756,59.7820499
3853,3,24,1,25.4,4700000,Пушкинский, Вишерская,2,Купчино,293972421,Вишерская 2,31.739696500000004,58.661653099999995
3854,2,24,1,29.2,5700000,Пушкинский, Вишерская,2,Купчино,298975152,Вишерская 2,31.739696500000004,58.661653099999995
3855,7,10,1,35.3,8490000,Московский,Киевская ,5к6,Обводный канал,299495901,Киевская 5к6,30.3263466,59.903055
3856,1,3,-1,18.9,3994000,Кировский,переулок Майков,4а,Нарвская,297039438,переулок Майков 4а,30.28535708866443,59.89839835
3857,3,18,1,28.5,8550000,Василеостровский,бульвар Головнина,3к1,Горный институт,292856901,бульвар Головнина 3к1,30.20716529397076,59.932884900000005
3858,9,17,1,18.97,3600000,Красногвардейский,Полюстрово,31к3,Гражданский проспект,297456206,Полюстрово 31к3,30.406887,59.966259
3859,4,9,1,24.8,10275929,Адмиралтейский,Измайловское,к 2.2,Балтийская,292688313,Измайловское к 2.2,30.308070824137843,59.90891895
3860,1,4,-1,43.4,3900000,Центральный,набережная Реки Фонтанки,8,Гостиный двор,299543950,набережная Реки Фонтанки 8,30.3384752,59.9452528
3861,12,14,1,31.3,13027617,Красногвардейский,Магнитогорская ,5к3,Ладожская,298804748,Магнитогорская 5к3,30.420780580779162,59.93639335
3862,4,13,-1,26.3,5200000,Невский,Варфоломеевская ,6,Ломоносовская,298917733,Варфоломеевская 6,30.41965948839928,59.879154
3863,10,13,1,26.8,8171212,Фрунзенский,Волковское,3,Обводный канал,287469451,Волковское 3,37.748983793671826,55.932123000000004
3864,2,6,1,18.9,5950000,Петроградский,Лахтинская ,9,Чкаловская,293907607,Лахтинская 9,30.30122340656823,59.962609
3865,2,5,1,15.2,4390000,Центральный,Пушкинская ,3,Площадь Восстания,296305399,Пушкинская 3,133.054176019559,42.92884345
3866,18,25,1,25.2,5500000,Приморский,проспект Авиаконструкторов,69,Комендантский проспект,297328704,проспект Авиаконструкторов 69,30.199956904334798,60.0380875
3867,12,12,1,22.4,8414044,Василеостровский,Гавань,1,Приморская,277117606,Гавань 1,30.18184861947747,59.871402700000004
3868,2,7,1,20.6,5300000,Центральный,Моховая ,18,Гостиный двор,296304223,Моховая 18,30.3454345,59.9439071
3869,2,3,1,23.5,7200000,Петроградский,Малая Посадская ,20,Горьковская,298269103,Малая Посадская 20,30.3246742,59.9573308
3870,5,5,1,36.55,7468950,Колпинский,шоссе Рубежное,14,Рыбацкое,298649533,шоссе Рубежное 14,30.62783528082336,59.7536247
3871,5,13,1,25.4,8490000,Выборгский,Большой Сампсониевский проспект,69к5,Лесная,279140428,Большой Сампсониевский проспект 69к5,30.3382479,59.98290780000001
3872,20,25,1,31.6,6950000,Приморский,шоссе Суздальское,20к4,Проспект Просвещения,298651622,шоссе Суздальское 20к4,30.2770889,60.0592415
3873,3,3,1,31.8,6753231,Петродворцовый,Красносельское шоссе,22,Ленинский проспект,298402701,Красносельское шоссе 22,30.073854247506883,59.82415265
3874,10,10,1,27.42,10400000,Фрунзенский,Прилукская ,28к2,Обводный канал,297024644,Прилукская 28к2,30.353938698093735,59.9090937
3875,2,5,1,16.8,4400000,Центральный,Загородный проспект,12,Достоевская,294035439,Загородный проспект 12,30.34443454346175,59.9265657
3876,2,5,1,16.7,4560000,Центральный,Суворовский проспект,2,Площадь Восстания,297297225,Суворовский проспект 2,30.315608649999994,59.38871775
3877,12,12,-1,25.22,5100000,Кировский,Автово,5к1,Автово,279676941,Автово 5к1,30.2633992,59.8706838
3878,4,5,1,24.18,4290000,Московский,Пулковское шоссе,99к4,Московская,287702899,Пулковское шоссе 99к4,30.3249756,59.7820499
3879,4,18,1,28.4,8946000,Василеостровский,бульвар Головнина,3к1,Горный институт,294573102,бульвар Головнина 3к1,30.20716529397076,59.932884900000005
3880,8,16,1,20.9,5092337,Московский,Московское шоссе,13Ж,Звездная,299059197,Московское шоссе 13Ж,30.356223367561018,59.822617199999996
3881,9,15,1,21.2,6350000,Невский,Дальневосточный проспект,19к1,Проспект Большевиков,292307082,Дальневосточный проспект 19к1,30.44800072881743,59.9065969
3882,3,14,1,50.2,15000211,Невский,Фарфоровская ,7к1,Ломоносовская,293113210,Фарфоровская 7к1,30.43209818070991,59.880649950000006
3883,9,16,1,24.08,7550000,Невский,Фарфоровская ,7к2,Ломоносовская,297782842,Фарфоровская 7к2,30.429060245109383,59.8812999
3884,21,25,1,24.3,3800000,Невский, Русановская,18к6,Ломоносовская,298770295,Русановская 18к6,30.51243106542462,59.86901355
3885,5,5,1,21.1,4550109,Московский, Струве,12,Звездная,299582534,Струве 12,14.21432972499748,51.023425450000005
3886,3,6,1,28.2,7600000,Центральный,Моховая ,31,Гостиный двор,299521738,Моховая 31,30.344966,59.9408298
3887,5,25,1,25.5,6550185,Приморский,проспект Авиаконструкторов,69,Комендантский проспект,297483166,проспект Авиаконструкторов 69,30.199956904334798,60.0380875
3888,3,4,1,18.2,5200000,Центральный,Дмитровский переулок,11,Владимирская,299294035,Дмитровский переулок 11,30.349216494593556,59.92978574999999
3889,10,25,1,32.5,6300000,Приморский,Туристская ,28к3,Комендантский проспект,299160663,Туристская 28к3,30.206056,60.0045113
3890,1,4,1,24.85,5350118,Красносельский,проспект Буденного,13,Ленинский проспект,299394146,проспект Буденного 13,37.720891217165416,55.77562865
3891,5,5,1,35.79,7290000,Адмиралтейский,Загородный проспект,45,Пушкинская,299296270,Загородный проспект 45,30.3294109,59.9218131
3892,3,25,1,26.8,7100000,Выборгский,Новолитовская ,4,Лесная,298104540,Новолитовская 4,30.35043070510513,59.980436
3893,4,18,1,23.63,5954760,Невский, Тельмана,37,Ломоносовская,299555737,Тельмана 37,80.27410090000001,50.422221500000006
3894,2,5,1,28.5,6980000,Центральный,Загородный проспект,10,Достоевская,298965940,Загородный проспект 10,30.3456593,59.9265952
3895,14,25,1,28.8,7750000,Кировский,проспект Народного ополчения,10,Ленинский проспект,299422603,проспект Народного ополчения 10,30.2822195,59.8511834
3896,17,23,1,24.35,6390666,Невский,Рыбацкое,4,Рыбацкое,299037745,Рыбацкое 4,142.5252448,46.6983225
3897,1,4,-1,12.0,2200000,Адмиралтейский,набережная Реки Фонтанки,189,Балтийская,297040877,набережная Реки Фонтанки 189,30.286057897097017,59.91683905
3898,11,16,-1,28.4,6868533,Московский,Московское шоссе,13Ж,Звездная,298635371,Московское шоссе 13Ж,30.356223367561018,59.822617199999996
3899,2,4,1,32.0,7350000,Адмиралтейский,проспект Римского-Корсакова,107,Нарвская,299119492,проспект Римского-Корсакова 107,30.2804944,59.9182548
3900,9,14,-1,60.83,12815124,Красногвардейский,Магнитогорская ,51,Ладожская,292504237,Магнитогорская 51,30.43267674561517,59.93991535
3901,16,18,1,25.0,6750000,Московский, Среднерогатская,16к2,Звездная,298906901,Среднерогатская 16к2,30.3416219,59.8228665
3902,4,14,-1,39.23,8163579,Красногвардейский,Магнитогорская ,51,Ладожская,296045786,Магнитогорская 51,30.43267674561517,59.93991535
3903,11,12,1,23.8,4300000,Красносельский,проспект Ветеранов,171к4,Проспект Ветеранов,298831476,проспект Ветеранов 171к4,30.111025813519156,59.839220850000004
3904,10,14,-1,34.97,7475239,Красногвардейский,Магнитогорская ,51,Ладожская,279676521,Магнитогорская 51,30.43267674561517,59.93991535
3905,3,5,1,21.0,5700000,Центральный, Марата,37,Владимирская,299184032,Марата 37,48.4364951,53.11512045
3906,13,14,-1,51.26,11089450,Красногвардейский,Магнитогорская ,51,Новочеркасская,279676556,Магнитогорская 51,30.43267674561517,59.93991535
3907,2,5,1,14.8,4470000,Адмиралтейский,переулок Гривцова,24,Спасская,298976329,переулок Гривцова 24,30.31666310877825,59.9279033
3908,8,12,1,22.2,6293700,Красногвардейский,Партизанская ,5,,299010048,Партизанская 5,34.3005965625,45.047545799999995
3909,1,4,1,16.73,4890000,Василеостровский,набережная Лейтенанта Шмидта,35,Василеостровская,299296465,набережная Лейтенанта Шмидта 35,30.2701422,59.9295733
3910,2,7,1,70.7,13490000,Адмиралтейский,11-я Красноармейская ,15Б,Балтийская,297585826,11-я Красноармейская 15Б,68.3636072,51.8216047
3911,10,12,1,20.39,5237888,Приморский,аллея Арцеуловская,7к2,Пионерская,297252241,аллея Арцеуловская 7к2,30.19470187152298,60.036122000000006
3912,4,10,1,32.0,13440000,Петроградский,Аптекарский проспект,18,,298977056,Аптекарский проспект 18,30.318481538650065,59.9756442
3913,9,13,1,20.48,4857888,Приморский,аллея Арцеуловская,9,Старая Деревня,273772782,аллея Арцеуловская 9,30.196216354600743,60.036259799999996
3914,13,18,-1,26.0,6787878,Фрунзенский, Салова,61,Бухарестская,298391858,Салова 61,30.3696003,59.8854551
3915,9,23,1,27.0,4900000,Пушкинский,Школьная ,17,Звездная,298236748,Школьная 17,53.077626072094425,57.640691149999995
3916,4,5,1,17.7,6195000,Кировский, Швецова,4,Нарвская,296788313,Швецова 4,30.279624868475175,59.89611455
3917,6,6,-1,25.6,11520000,Адмиралтейский,Мастерская ,9,Балтийская,289434570,Мастерская 9,33.53337219512859,44.5926365
3918,9,12,1,26.8,4958000,Пушкинский,проспект Старорусский,9,,296280879,проспект Старорусский 9,30.35638559044976,59.80763035
3919,10,25,1,19.3,4900000,Приморский,набережная Реки Каменки,21к1,,298391928,набережная Реки Каменки 21к1,30.269281076588115,60.052364850000004
3920,8,11,1,29.0,8050000,Приморский,Озеро Долгое,15к1,Старая Деревня,299113755,Озеро Долгое 15к1,30.2563391,60.0121678
3921,3,6,1,20.0,4900000,Центральный,Садовая ,34,,298701597,Садовая 34,69.47299853841837,41.00450775
3922,15,26,1,28.1,5400000,Выборгский, Михаила Дудина,23к1,Парнас,298959021,Михаила Дудина 23к1,30.329818,60.069535
3923,3,6,-1,36.5,6083351,Красносельский, Отважных,10,Ленинский проспект,292548624,Отважных 10,30.1690571,59.83545315
3924,16,16,1,31.8,6750000,Приморский,Туристская ,24/42,Беговая,295291853,Туристская 24/42,30.2082655,60.0005051
3925,13,16,-1,20.7,5246760,Московский,Московское шоссе,13Ж,Звездная,298146287,Московское шоссе 13Ж,30.356223367561018,59.822617199999996
3926,2,5,1,23.7,4500000,Петроградский,Петроградская набережная,26-28,Горьковская,297129083,Петроградская набережная 26-28,30.3343397,59.9608828
3927,5,16,-1,21.9,5435284,Московский,Московское шоссе,13Ж,Звездная,298146183,Московское шоссе 13Ж,30.356223367561018,59.822617199999996
3928,5,6,-1,23.6,3762850,Красносельский, Отважных,10,Ленинский проспект,294785316,Отважных 10,30.1690571,59.83545315
3929,7,13,1,19.2,4350000,Приморский,Планерная ,93,Комендантский проспект,298729595,Планерная 93,30.198591267767032,60.0322838
3930,19,19,1,30.7,4370000,Выборгский,Заречная ,13к1,Парнас,299131032,Заречная 13к1,55.700733,57.550739
3931,5,13,1,24.5,4390000,Красносельский, Летчика Лихолетова,14к2,Проспект Ветеранов,296961931,Летчика Лихолетова 14к2,30.1047948,59.8416666
3932,10,13,1,20.62,4437000,Приморский,аллея Арцеуловская,9,Старая Деревня,286068854,аллея Арцеуловская 9,30.196216354600743,60.036259799999996
3933,3,4,1,21.9,4450101,Пушкинский,шоссе Колпинское,127,Купчино,297392395,шоссе Колпинское 127,30.5465822,59.7491975
3934,4,25,1,20.81,4474150,Красносельский, Маршала Казакова,64к1,,294605911,Маршала Казакова 64к1,43.9294829,56.3244174
3935,12,12,1,26.3,4471000,Пушкинский,проспект Старорусский,9,,296280970,проспект Старорусский 9,30.35638559044976,59.80763035
3936,3,20,1,25.4,4490000,Пушкинский,Первомайская ,5к1,Звездная,298875151,Первомайская 5к1,55.9853293,52.9189921
3937,16,26,1,23.4,4492800,Пушкинский,проспект Новгородский,2к3,Шушары,296842494,проспект Новгородский 2к3,30.37221395516928,59.8117648
3938,13,18,1,17.0,4450000,Фрунзенский, Салова,61,Бухарестская,299034153,Салова 61,30.3696003,59.8854551
3939,2,5,1,24.44,4500063,Московский,Пулковское шоссе,95к3,Звездная,295774761,Пулковское шоссе 95к3,30.3249394,59.7828449
3940,1,5,1,24.62,4500142,Московский,Пулковское шоссе,95к3,Звездная,289807852,Пулковское шоссе 95к3,30.3249394,59.7828449
3941,5,5,1,24.04,4500179,Московский,Пулковское шоссе,103В,Звездная,298355540,Пулковское шоссе 103В,30.3249394,59.7828449
3942,22,25,1,25.5,4500000,Невский, Русановская,16к1,Ломоносовская,298222203,Русановская 16к1,30.507895432601856,59.865744
3943,9,20,-1,22.1,4570000,Выборгский,проезд Толубеевский,8к2,,289902337,проезд Толубеевский 8к2,30.343270433321557,60.0714197
3944,1,4,1,24.6,4550016,Пушкинский,шоссе Колпинское,127,Купчино,297392410,шоссе Колпинское 127,30.5465822,59.7491975
3945,20,26,1,24.6,4575600,Пушкинский,проспект Новгородский,2к3,Купчино,296746332,проспект Новгородский 2к3,30.37221395516928,59.8117648
3946,4,4,-1,32.0,4595000,Центральный,Социалистическая ,7/11В,Звенигородская,299531114,Социалистическая 7/11В,30.1193765,55.16673
3947,4,5,1,24.22,4600165,Московский,Пулковское шоссе,99к6,Звездная,297741478,Пулковское шоссе 99к6,30.3249394,59.7828449
3948,1,5,1,26.32,4600130,Московский,Пулковское шоссе,95к3,Звездная,292871095,Пулковское шоссе 95к3,30.3249394,59.7828449
3949,3,4,-1,13.1,4612031,Центральный, Константина Заслонова,8Б,Лиговский проспект,295271261,Константина Заслонова 8Б,33.127218,57.1355136
3950,1,4,1,25.6,4650112,Пушкинский,шоссе Колпинское,127,Купчино,281018155,шоссе Колпинское 127,30.5465822,59.7491975
3951,5,5,1,24.18,4650116,Московский,Пулковское шоссе,95к4,Звездная,299178315,Пулковское шоссе 95к4,30.3249394,59.7828449
3952,5,5,1,25.38,4650060,Московский,Пулковское шоссе,103В,Звездная,297904400,Пулковское шоссе 103В,30.3249394,59.7828449
3953,5,5,1,25.53,4650200,Московский,Пулковское шоссе,103В,Звездная,295920928,Пулковское шоссе 103В,30.3249394,59.7828449
3954,2,26,1,21.7,4650000,Приморский,набережная Реки Каменки,21к1,Проспект Просвещения,295154125,набережная Реки Каменки 21к1,30.269281076588115,60.052364850000004
3955,1,5,1,24.5,4650014,Московский, Струве,12,Звездная,299582528,Струве 12,14.21432972499748,51.023425450000005
3956,1,5,1,25.9,4650008,Московский, Струве,12,Звездная,299582544,Струве 12,14.21432972499748,51.023425450000005
3957,17,21,-1,25.7,4650000,Выборгский,проезд Толубеевский,8к2,Парнас,298618769,проезд Толубеевский 8к2,30.343270433321557,60.0714197
3958,13,23,1,25.6,4699900,Красногвардейский,Полюстрово,8к4,Девяткино,297715920,Полюстрово 8к4,30.406887,59.966259
3959,2,16,-1,17.69,4670659,Московский,Московское шоссе,13Ж,Звездная,299081841,Московское шоссе 13Ж,30.356223367561018,59.822617199999996
3960,3,4,1,24.4,4700098,Пушкинский,шоссе Колпинское,127,Купчино,296729847,шоссе Колпинское 127,30.5465822,59.7491975
3961,12,12,1,27.7,4709000,Пушкинский,проспект Старорусский,9,,296280971,проспект Старорусский 9,30.35638559044976,59.80763035
3962,3,7,-1,19.2,4760000,Приморский,Приморский проспект,6,,297211538,Приморский проспект 6,133.0589933,42.7665434
3963,2,18,1,21.31,4794750,Невский, Тельмана,37,Ломоносовская,299556202,Тельмана 37,80.27410090000001,50.422221500000006
3964,7,13,1,20.39,4785888,Приморский,аллея Арцеуловская,9,Пионерская,298558864,аллея Арцеуловская 9,30.196216354600743,60.036259799999996
3965,2,25,1,22.77,4781700,Красносельский, Маршала Казакова,64к1,,294605926,Маршала Казакова 64к1,43.9294829,56.3244174
3966,3,14,-1,22.8,4750000,Выборгский,Большой Сампсониевский проспект,74к2,Лесная,295773953,Большой Сампсониевский проспект 74к2,30.3339761,59.981874
3967,6,13,1,22.1,4790000,Приморский,Планерная ,87к1,Комендантский проспект,295730791,Планерная 87к1,30.2018577,60.0320667
3968,10,13,-1,30.8,4774000,Невский,Варфоломеевская ,6,Ломоносовская,298279653,Варфоломеевская 6,30.41965948839928,59.879154
3969,1,6,1,25.2,4788000,Курортный, Строителей,3к1,,292413282,Строителей 3к1,29.683278519000154,60.207436400000006
3970,8,26,1,25.0,4770000,Пушкинский,проспект Новгородский,2к1,Звездная,299026636,проспект Новгородский 2к1,30.36712682422168,59.812379449999995
3971,20,24,1,21.0,4800000,Приморский, Плесецкая,10с1,Комендантский проспект,296205419,Плесецкая 10с1,30.2148533,60.0345993
3972,5,5,1,24.67,4800128,Московский,Пулковское шоссе,99к6,Звездная,294535252,Пулковское шоссе 99к6,30.3249394,59.7828449
3973,1,16,1,21.68,4832815,Невский, Гудиловская,9,Рыбацкое,284756176,Гудиловская 9,30.5320953,59.8294995
3974,4,25,1,23.61,4840050,Красносельский, Маршала Казакова,64к1,,294606171,Маршала Казакова 64к1,43.9294829,56.3244174
3975,1,6,1,25.3,4807000,Курортный, Строителей,3к2,,292413418,Строителей 3к2,29.68056272511327,60.2077282
3976,1,6,1,25.5,4845000,Курортный, Строителей,3к1,,292413226,Строителей 3к1,29.683278519000154,60.207436400000006
3977,2,5,1,26.2,4850183,Московский, Струве,10к2,Звездная,299582520,Струве 10к2,20.4653803,54.5287492
3978,3,5,1,24.8,4850086,Московский, Струве,10к2,Звездная,299582527,Струве 10к2,20.4653803,54.5287492
3979,4,5,1,24.2,4850200,Московский, Струве,12,Звездная,299582507,Струве 12,14.21432972499748,51.023425450000005
3980,2,12,1,23.6,4850000,Красносельский,проспект Ветеранов,171к4,Проспект Ветеранов,298986472,проспект Ветеранов 171к4,30.111025813519156,59.839220850000004
3981,8,24,1,22.0,4870000,Приморский, Плесецкая,10,Комендантский проспект,296440950,Плесецкая 10,40.21978137664691,61.684778449999996
3982,4,18,1,20.18,4903740,Невский, Тельмана,37,Ломоносовская,299556128,Тельмана 37,80.27410090000001,50.422221500000006
3983,2,18,1,21.9,4927500,Невский, Тельмана,37,Ломоносовская,299556182,Тельмана 37,80.27410090000001,50.422221500000006
3984,9,12,1,26.7,4939500,Пушкинский,проспект Старорусский,9,,296280875,проспект Старорусский 9,30.35638559044976,59.80763035
3985,13,16,-1,19.4,4937749,Московский,Московское шоссе,13Ж,Звездная,298635450,Московское шоссе 13Ж,30.356223367561018,59.822617199999996
3986,16,24,1,23.9,4900000,Приморский, Плесецкая,10,Комендантский проспект,298983185,Плесецкая 10,40.21978137664691,61.684778449999996
3987,11,13,-1,18.4,4900000,Приморский, Матроса Железняка,2,Черная речка,298727010,Матроса Железняка 2,32.6578824,46.6688539
3988,13,20,1,25.5,4980000,Приморский,аллея Арцеуловская,23к1,Комендантский проспект,298756071,аллея Арцеуловская 23к1,30.225256428426995,60.041984549999995
3989,24,25,1,23.4,4952310,Невский, Русановская,24,Пролетарская,295861398,Русановская 24,30.51660729098161,59.86497575
3990,15,25,1,25.2,4994769,Невский, Русановская,24,Пролетарская,293293223,Русановская 24,30.51660729098161,59.86497575
3991,4,4,1,24.3,5000162,Пушкинский,шоссе Колпинское,129,Купчино,296145557,шоссе Колпинское 129,30.5465822,59.7491975
3992,1,5,1,24.8,5036904,Пушкинский, Архитектора Данини,23к2,,295182755,Архитектора Данини 23к2,30.406717677757676,59.69516745
3993,2,25,1,25.11,5022000,Красносельский, Маршала Казакова,64к1,,294606353,Маршала Казакова 64к1,43.9294829,56.3244174
3994,1,23,1,20.95,5063168,Невский,Рыбацкое,4,Рыбацкое,294577165,Рыбацкое 4,142.5252448,46.6983225
3995,7,13,-1,22.79,5069407,Приморский,Коломяжский проспект,4,Черная речка,297552969,Коломяжский проспект 4,30.299884099999993,60.001830600000005
3996,3,16,-1,20.0,5090466,Московский,Московское шоссе,13Ж,Звездная,298635461,Московское шоссе 13Ж,30.356223367561018,59.822617199999996
3997,1,23,1,21.45,5055102,Невский,Рыбацкое,5,Рыбацкое,299389557,Рыбацкое 5,142.5252448,46.6983225
3998,3,27,1,21.26,5081140,Выборгский,Заречная ,50,Парнас,297361478,Заречная 50,55.700733,57.550739
3999,7,12,1,22.9,5088888,Пушкинский,проспект Старорусский,5к1,Шушары,292227802,проспект Старорусский 5к1,30.3580552,59.8081506
4000,1,6,1,26.8,5092000,Курортный, Строителей,3к2,,292413399,Строителей 3к2,29.68056272511327,60.2077282
4001,12,12,-1,25.22,5100000,Кировский,Автово,5к1,Кировский завод,279676946,Автово 5к1,30.2633992,59.8706838
4002,2,15,-1,23.25,5123937,Красногвардейский,проспект Энергетиков,6,Ладожская,289280605,проспект Энергетиков 6,39.73775595,54.04316255
4003,4,4,1,24.6,5100158,Пушкинский,шоссе Колпинское,129,Купчино,296375852,шоссе Колпинское 129,30.5465822,59.7491975
4004,10,13,1,21.58,5136888,Приморский,аллея Арцеуловская,9,Пионерская,298845876,аллея Арцеуловская 9,30.196216354600743,60.036259799999996
4005,6,25,1,24.9,5100000,Невский,проспект Советский,34к2,Рыбацкое,298864355,проспект Советский 34к2,30.553049237990848,59.82740215
4006,13,16,-1,20.5,5196077,Московский,Московское шоссе,13Ж,Звездная,298635487,Московское шоссе 13Ж,30.356223367561018,59.822617199999996
4007,9,16,1,21.55,5185684,Московский,Московское шоссе,13Ж,Звездная,299059195,Московское шоссе 13Ж,30.356223367561018,59.822617199999996
4008,5,13,-1,18.4,5150000,Приморский, Матроса Железняка,2,Черная речка,299372531,Матроса Железняка 2,32.6578824,46.6688539
4009,6,25,1,26.18,5226102,Приморский,набережная Реки Каменки,15к3,Озерки,299571908,набережная Реки Каменки 15к3,30.2697807,60.0468158
4010,1,13,1,19.9,5237193,Приморский,Планерная ,87к1,Комендантский проспект,264975565,Планерная 87к1,30.2018577,60.0320667
4011,11,20,1,24.6,5200000,Приморский,аллея Арцеуловская,23к1,Комендантский проспект,297997189,аллея Арцеуловская 23к1,30.225256428426995,60.041984549999995
4012,3,13,-1,19.23,5249540,Приморский,Коломяжский проспект,4,Черная речка,298730007,Коломяжский проспект 4,30.299884099999993,60.001830600000005
4013,1,6,1,27.5,5225000,Курортный, Строителей,3к2,,292413420,Строителей 3к2,29.68056272511327,60.2077282
4014,1,23,1,19.78,5272986,Невский,Рыбацкое,4,Рыбацкое,294049878,Рыбацкое 4,142.5252448,46.6983225
4015,6,15,-1,24.65,5274637,Красногвардейский,проспект Энергетиков,6,Ладожская,290733281,проспект Энергетиков 6,39.73775595,54.04316255
4016,2,12,1,24.56,5250000,Пушкинский,проспект Старорусский,5к1,Шушары,292227395,проспект Старорусский 5к1,30.3580552,59.8081506
4017,15,16,-1,21.55,5348420,Московский,Московское шоссе,13Ж,Звездная,298635494,Московское шоссе 13Ж,30.356223367561018,59.822617199999996
4018,15,19,1,26.7,5300000,Выборгский,Заречная ,13к1,Парнас,298743664,Заречная 13к1,55.700733,57.550739
4019,4,25,1,25.39,5300000,Приморский,проспект Авиаконструкторов,69,Комендантский проспект,293240446,проспект Авиаконструкторов 69,30.199956904334798,60.0380875
4020,1,11,1,26.0,5304646,Пушкинский,проспект Старорусский,13к2,Звездная,294664570,проспект Старорусский 13к2,30.35577234379145,59.805106499999994
4021,15,25,1,24.0,5300000,Приморский,Комендантский проспект,67,Комендантский проспект,297517318,Комендантский проспект 67,30.2264071,60.0372074
4022,5,14,-1,24.3,5350000,Красногвардейский,Магнитогорская ,51,Новочеркасская,299196212,Магнитогорская 51,30.43267674561517,59.93991535
4023,6,18,-1,19.1,5350000,Фрунзенский, Салова,61,Бухарестская,299502431,Салова 61,30.3696003,59.8854551
4024,5,25,1,25.2,5350000,Приморский, Верхне-Каменская,9к2,,293139010,Верхне-Каменская 9к2,30.2171359,60.0362029
4025,13,13,-1,23.3,5399728,Невский,Варфоломеевская ,6,Ломоносовская,292781828,Варфоломеевская 6,30.41965948839928,59.879154
4026,4,17,1,27.0,5350000,Приморский, Верхне-Каменская,11к1,Комендантский проспект,298704570,Верхне-Каменская 11к1,30.20639637914536,60.0359971
4027,2,12,1,21.1,5443800,Красногвардейский,Партизанская ,5Б,Ладожская,299403355,Партизанская 5Б,135.45392159903076,48.476215350000004
4028,9,13,-1,24.5,5429886,Невский,Варфоломеевская ,6,Ломоносовская,292781689,Варфоломеевская 6,30.41965948839928,59.879154
4029,19,23,1,25.0,5489900,Приморский, Ивинская,5к1,Зенит,297884772,Ивинская 5к1,30.1260104,60.0327736
4030,4,14,-1,26.08,5574266,Красногвардейский,Магнитогорская ,51,Ладожская,296045811,Магнитогорская 51,30.43267674561517,59.93991535
4031,2,18,1,25.29,5563800,Невский, Тельмана,37,Ломоносовская,299556029,Тельмана 37,80.27410090000001,50.422221500000006
4032,3,18,1,24.48,5508000,Невский, Тельмана,37,Ломоносовская,299556066,Тельмана 37,80.27410090000001,50.422221500000006
4033,14,14,-1,19.92,5505000,Кировский,проспект Стачек,64,Кировский завод,294571657,проспект Стачек 64,30.2692413,59.8880868
4034,3,15,-1,24.29,5580634,Красногвардейский,проспект Энергетиков,6,Ладожская,298767301,проспект Энергетиков 6,39.73775595,54.04316255
4035,7,15,-1,19.94,5591223,Красногвардейский,проспект Энергетиков,6,Ладожская,299174642,проспект Энергетиков 6,39.73775595,54.04316255
4036,9,11,1,25.3,5551652,Пушкинский,проспект Старорусский,13к2,Звездная,294664586,проспект Старорусский 13к2,30.35577234379145,59.805106499999994
4037,15,16,1,23.38,5579345,Московский,Московское шоссе,13Ж,Звездная,299059198,Московское шоссе 13Ж,30.356223367561018,59.822617199999996
4038,3,14,-1,26.63,5637599,Красногвардейский,Магнитогорская ,51,Ладожская,292504050,Магнитогорская 51,30.43267674561517,59.93991535
4039,13,13,1,21.9,5603154,Приморский,Планерная ,87к1,Комендантский проспект,283215680,Планерная 87к1,30.2018577,60.0320667
4040,18,26,1,28.1,5620000,Пушкинский,проспект Новгородский,2к3,Купчино,296746324,проспект Новгородский 2к3,30.37221395516928,59.8117648
4041,9,16,-1,22.6,5609022,Московский,Московское шоссе,13Ж,Звездная,298635410,Московское шоссе 13Ж,30.356223367561018,59.822617199999996
4042,2,12,1,22.2,5616600,Красногвардейский,Партизанская ,5Б,Ладожская,299403291,Партизанская 5Б,135.45392159903076,48.476215350000004
4043,1,13,1,26.39,5636888,Приморский,аллея Арцеуловская,9,Пионерская,298845874,аллея Арцеуловская 9,30.196216354600743,60.036259799999996
4044,2,26,1,28.5,5614500,Пушкинский,проспект Новгородский,2к3,Купчино,268906967,проспект Новгородский 2к3,30.37221395516928,59.8117648
4045,6,12,1,21.56,5631888,Приморский,аллея Арцеуловская,7к2,Пионерская,297252112,аллея Арцеуловская 7к2,30.19470187152298,60.036122000000006
4046,4,13,-1,27.0,5649561,Приморский,Коломяжский проспект,4,Черная речка,297552888,Коломяжский проспект 4,30.299884099999993,60.001830600000005
4047,10,18,1,18.8,5650000,Фрунзенский, Салова,61,Бухарестская,298862103,Салова 61,30.3696003,59.8854551
4048,2,12,1,22.8,5654400,Красногвардейский,Партизанская ,5Б,Ладожская,299403391,Партизанская 5Б,135.45392159903076,48.476215350000004
4049,10,16,1,26.6,5660000,Красногвардейский,Ленская ,6к5,Проспект Большевиков,295434978,Ленская 6к5,30.48339051470588,59.941845650000005
4050,3,9,1,20.9,5692472,Красносельский, Тамбасова,5,Проспект Ветеранов,295858745,Тамбасова 5,91.68953046810196,53.69713395
4051,1,6,1,29.8,5662000,Курортный, Строителей,3к2,,292413303,Строителей 3к2,29.68056272511327,60.2077282
4052,18,23,1,22.3,5709941,Невский,Рыбацкое,4,Рыбацкое,299037754,Рыбацкое 4,142.5252448,46.6983225
4053,11,23,1,22.64,5731687,Невский,Рыбацкое,4,Рыбацкое,298422049,Рыбацкое 4,142.5252448,46.6983225
4054,3,18,1,25.92,5702400,Невский, Тельмана,37,Ломоносовская,299556089,Тельмана 37,80.27410090000001,50.422221500000006
4055,2,23,1,23.76,5726023,Невский,Рыбацкое,5,Рыбацкое,299260994,Рыбацкое 5,142.5252448,46.6983225
4056,19,27,1,22.34,5749610,Выборгский,проезд Толубеевский,34к2,,297361324,проезд Толубеевский 34к2,30.357682,60.0861805
4057,10,15,-1,27.5,5744616,Невский, Евдокима Огнева,3,Улица Дыбенко,296835115,Евдокима Огнева 3,30.467599157093858,59.8994079
4058,1,4,1,28.76,5750285,Красносельский,проспект Буденного,15,Проспект Ветеранов,294799861,проспект Буденного 15,44.167328999999995,44.770835649999995
4059,1,4,1,27.08,5750195,Красносельский,проспект Буденного,15,Проспект Ветеранов,297980411,проспект Буденного 15,44.167328999999995,44.770835649999995
4060,4,4,1,24.39,5750088,Красносельский,проспект Буденного,13,Ленинский проспект,298674056,проспект Буденного 13,37.720891217165416,55.77562865
4061,2,3,-1,26.3,5786000,Невский,Рыбацкий проспект,18,Рыбацкое,297535851,Рыбацкий проспект 18,30.503541249999984,59.84099915
4062,11,13,1,22.4,5750000,Василеостровский, Чирикова,5,Приморская,299634595,Чирикова 5,158.65593554999998,53.00883025
4063,4,14,-1,27.61,5846070,Красногвардейский,Магнитогорская ,51,Ладожская,296045828,Магнитогорская 51,30.43267674561517,59.93991535
4064,4,13,-1,25.1,5812407,Приморский,Коломяжский проспект,4,Черная речка,297552896,Коломяжский проспект 4,30.299884099999993,60.001830600000005
4065,2,3,-1,26.5,5830000,Невский,Рыбацкий проспект,18,Рыбацкое,299333323,Рыбацкий проспект 18,30.503541249999984,59.84099915
4066,1,13,1,23.8,5808894,Приморский,Планерная ,87к1,Комендантский проспект,294458085,Планерная 87к1,30.2018577,60.0320667
4067,9,13,-1,25.68,5831619,Приморский,Коломяжский проспект,4,Черная речка,297553081,Коломяжский проспект 4,30.299884099999993,60.001830600000005
4068,3,25,1,22.2,5888922,Приморский,набережная Реки Каменки,15к1,Озерки,298093789,набережная Реки Каменки 15к1,30.273510120261435,60.05444730000001
4069,2,12,1,23.5,5898500,Красногвардейский,Партизанская ,5Б,Ладожская,299634321,Партизанская 5Б,135.45392159903076,48.476215350000004
4070,5,16,1,20.75,5881543,Невский, Гудиловская,9,Рыбацкое,296091929,Гудиловская 9,30.5320953,59.8294995
4071,4,6,1,22.9,5850000,Курортный, Строителей,3к2,Площадь Ленина,299643318,Строителей 3к2,29.68056272511327,60.2077282
4072,3,15,-1,25.66,5851250,Красногвардейский,проспект Энергетиков,6,Ладожская,291240186,проспект Энергетиков 6,39.73775595,54.04316255
4073,1,13,1,25.2,5860297,Приморский,Планерная ,87к1,Комендантский проспект,264976099,Планерная 87к1,30.2018577,60.0320667
4074,4,9,1,21.62,5888577,Красносельский, Тамбасова,5,Проспект Ветеранов,295859177,Тамбасова 5,91.68953046810196,53.69713395
4075,18,19,1,29.1,5850000,Выборгский, Михаила Дудина,12,Парнас,298235003,Михаила Дудина 12,46.748965623679304,39.8040673
4076,9,18,1,16.7,5980000,Фрунзенский, Салова,61,Бухарестская,298862110,Салова 61,30.3696003,59.8854551
4077,1,11,1,24.66,5982590,Невский, Гудиловская,6к1,Обухово,289396699,Гудиловская 6к1,30.53247648935025,59.82824855
4078,4,23,1,25.09,5991126,Приморский, Ивинская,5к2,Зенит,297885123,Ивинская 5к2,30.1260104,60.0327736
4079,6,13,-1,23.74,5960520,Приморский,Коломяжский проспект,4,Черная речка,299482184,Коломяжский проспект 4,30.299884099999993,60.001830600000005
4080,5,11,1,22.69,5934433,Невский, Гудиловская,6к1,Обухово,295478512,Гудиловская 6к1,30.53247648935025,59.82824855
4081,9,13,1,24.85,5981888,Приморский,аллея Арцеуловская,9,Старая Деревня,299112472,аллея Арцеуловская 9,30.196216354600743,60.036259799999996
4082,4,23,1,23.76,5989474,Невский,Рыбацкое,4,Рыбацкое,299037751,Рыбацкое 4,142.5252448,46.6983225
4083,3,11,1,20.34,5986213,Невский, Гудиловская,5к1,Рыбацкое,295426169,Гудиловская 5к1,30.53141285020367,59.828977699999996
4084,4,15,-1,32.16,5999532,Красногвардейский,проспект Энергетиков,6,Ладожская,289280496,проспект Энергетиков 6,39.73775595,54.04316255
4085,7,10,1,24.5,6040920,Приморский,Парашютная ,79к1,Комендантский проспект,292425354,Парашютная 79к1,30.24186287206487,60.0419148
4086,3,17,1,30.0,6000000,Московский,проезд Дизельный,11к2,Звездная,299335569,проезд Дизельный 11к2,30.34119449848425,59.820539350000004
4087,3,13,-1,21.4,6046184,Приморский,Коломяжский проспект,4,Черная речка,298730036,Коломяжский проспект 4,30.299884099999993,60.001830600000005
4088,2,12,-1,28.38,6067060,Кировский,Автово,5к1,Автово,279903524,Автово 5к1,30.2633992,59.8706838
4089,2,15,-1,32.76,6092679,Красногвардейский,проспект Энергетиков,6,Ладожская,289280484,проспект Энергетиков 6,39.73775595,54.04316255
4090,5,13,1,21.7,6087600,Приморский,Планерная ,91к2,Старая Деревня,294504961,Планерная 91к2,30.20061515921462,60.03265415
4091,14,19,1,24.6,6090000,Приморский,Комендантский проспект,60к1,Комендантский проспект,299114639,Комендантский проспект 60к1,30.22342347872629,60.03522795
4092,5,13,-1,28.47,6051668,Приморский,Коломяжский проспект,4,Черная речка,297552923,Коломяжский проспект 4,30.299884099999993,60.001830600000005
4093,2,23,1,25.5,6069294,Приморский, Ивинская,5к2,Зенит,297885110,Ивинская 5к2,30.1260104,60.0327736
4094,5,16,1,24.53,6102450,Невский, Гудиловская,9,Рыбацкое,293431278,Гудиловская 9,30.5320953,59.8294995
4095,2,12,1,24.5,6149500,Красногвардейский,Партизанская ,5Б,Ладожская,299403253,Партизанская 5Б,135.45392159903076,48.476215350000004
4096,2,12,1,23.3,6186150,Красногвардейский,Партизанская ,5,,299634308,Партизанская 5,34.3005965625,45.047545799999995
4097,2,12,1,23.6,6171400,Красногвардейский,Партизанская ,5,,296463083,Партизанская 5,34.3005965625,45.047545799999995
4098,5,12,1,22.2,6182700,Красногвардейский,Партизанская ,5,,294538766,Партизанская 5,34.3005965625,45.047545799999995
4099,9,13,-1,28.6,6174253,Приморский,Коломяжский проспект,4,Черная речка,297553055,Коломяжский проспект 4,30.299884099999993,60.001830600000005
4100,2,18,1,28.7,6170500,Невский, Тельмана,37,Ломоносовская,299556081,Тельмана 37,80.27410090000001,50.422221500000006
4101,5,5,1,31.39,6154740,Колпинский,шоссе Рубежное,14,Рыбацкое,298649421,шоссе Рубежное 14,30.62783528082336,59.7536247
4102,18,21,-1,27.0,6150000,Московский,Витебский проспект,101к1,Купчино,299184875,Витебский проспект 101к1,30.37304775,59.829603649999996
4103,6,18,1,25.3,6194000,Московский, Среднерогатская,12к1,,294664706,Среднерогатская 12к1,30.3373908,59.824532
4104,2,9,1,23.97,6166592,Красносельский, Тамбасова,5,Проспект Ветеранов,295858619,Тамбасова 5,91.68953046810196,53.69713395
4105,2,25,1,24.95,6294793,Приморский,набережная Реки Каменки,15к1,Озерки,298056517,набережная Реки Каменки 15к1,30.273510120261435,60.05444730000001
4106,6,18,1,21.3,6228120,Невский,проспект Большевиков,68к1,Ломоносовская,298678473,проспект Большевиков 68к1,30.4884851,59.8846151
4107,14,17,1,19.71,6218505,Василеостровский,Гавань,12,Горный институт,298050451,Гавань 12,59.321794049999994,57.234667
4108,3,3,1,33.9,6200000,Петродворцовый,Красносельское шоссе,22,,289199838,Красносельское шоссе 22,30.07358835,59.84900105
4109,3,11,1,22.0,6279633,Невский, Гудиловская,5к1,Рыбацкое,295426174,Гудиловская 5к1,30.53141285020367,59.828977699999996
4110,4,16,1,23.9,6243230,Невский,проспект Советский,43к2,Рыбацкое,295114187,проспект Советский 43к2,30.53843744582284,59.828671650000004
4111,14,15,1,24.53,6250145,Невский,Октябрьская набережная,36к3,Проспект Большевиков,298589132,Октябрьская набережная 36к3,30.4469472,59.8935011
4112,4,9,1,23.46,6271633,Красносельский, Тамбасова,5,Проспект Ветеранов,295858754,Тамбасова 5,91.68953046810196,53.69713395
4113,16,21,1,27.55,6200000,Приморский,Полевая Сабировская ,45к1,Комендантский проспект,298233075,Полевая Сабировская 45к1,30.2757638,59.9938281
4114,8,10,1,25.6,6312145,Приморский,Парашютная ,79к1,Озерки,298402698,Парашютная 79к1,30.24186287206487,60.0419148
4115,5,18,1,27.57,6327315,Невский, Тельмана,37,Ломоносовская,299556164,Тельмана 37,80.27410090000001,50.422221500000006
4116,4,17,1,24.42,6341380,Невский,Октябрьская набережная,11Б,Пролетарская,297359547,Октябрьская набережная 11Б,30.4469472,59.8935011
4117,1,11,1,24.63,6314806,Невский, Гудиловская,5к1,Рыбацкое,295426167,Гудиловская 5к1,30.53141285020367,59.828977699999996
4118,7,16,1,26.81,6340719,Невский, Гудиловская,9,Обухово,292207756,Гудиловская 9,30.5320953,59.8294995
4119,3,4,-1,18.5,6319248,Центральный, Константина Заслонова,8Б,Лиговский проспект,295288046,Константина Заслонова 8Б,33.127218,57.1355136
4120,15,19,1,23.4,6350000,Московский, Среднерогатская,14к1,Звездная,298092711,Среднерогатская 14к1,30.3375837,59.8235853
4121,3,24,1,21.98,6384597,Невский, Славянская,8,Рыбацкое,298009600,Славянская 8,82.70871249999999,55.03492435
4122,10,23,1,24.58,6374815,Невский,Рыбацкое,4,Рыбацкое,299173189,Рыбацкое 4,142.5252448,46.6983225
4123,7,14,1,24.8,6399999,Приморский,аллея Арцеуловская,17,Комендантский проспект,299092493,аллея Арцеуловская 17,30.20424840166767,60.04038285
4124,1,13,1,29.0,6368864,Приморский,Планерная ,87к1,Комендантский проспект,264975822,Планерная 87к1,30.2018577,60.0320667
4125,22,25,1,26.12,6492520,Приморский,набережная Реки Каменки,15к1,Проспект Просвещения,298056522,набережная Реки Каменки 15к1,30.273510120261435,60.05444730000001
4126,4,14,-1,31.15,6498228,Красногвардейский,Магнитогорская ,51,Новочеркасская,296045834,Магнитогорская 51,30.43267674561517,59.93991535
4127,4,10,1,26.9,6450289,Приморский,Парашютная ,79к1,Комендантский проспект,292425333,Парашютная 79к1,30.24186287206487,60.0419148
4128,2,10,1,27.8,6402541,Приморский,Парашютная ,79к1,Комендантский проспект,292425319,Парашютная 79к1,30.24186287206487,60.0419148
4129,3,18,1,27.03,6487200,Невский, Тельмана,37,Ломоносовская,299555720,Тельмана 37,80.27410090000001,50.422221500000006
4130,15,15,1,19.02,6409740,Василеостровский,Гавань,12,Горный институт,298050440,Гавань 12,59.321794049999994,57.234667
4131,12,16,1,21.47,6463275,Московский,Кубинская ,82к1,Ленинский проспект,274433604,Кубинская 82к1,39.5951176,60.5251412
4132,7,25,1,25.0,6400000,Выборгский,проспект Просвещения,43,Проспект Просвещения,293945331,проспект Просвещения 43,30.360729,60.0458166
4133,5,5,1,36.55,6459900,Колпинский,шоссе Рубежное,14,Рыбацкое,298649536,шоссе Рубежное 14,30.62783528082336,59.7536247
4134,10,16,1,22.22,6546242,Московский,Кубинская ,82к1,Ленинский проспект,276767084,Кубинская 82к1,39.5951176,60.5251412
4135,17,25,1,25.3,6500000,Калининский,Лабораторный проспект,20к3,Лесная,299631743,Лабораторный проспект 20к3,30.385399,59.984085
4136,4,5,-1,23.73,6550000,Курортный, Инструментальщиков,9Б,,297212645,Инструментальщиков 9Б,59.6796083,58.1582322
4137,17,18,1,25.9,6690000,Фрунзенский, Салова,61,Бухарестская,299649659,Салова 61,30.3696003,59.8854551
4138,10,14,1,20.0,6712320,Фрунзенский,Волковское,5,Обводный канал,293795736,Волковское 5,37.747821776003704,55.93213205
4139,4,10,1,28.9,6733909,Приморский,Парашютная ,79к1,Комендантский проспект,298402690,Парашютная 79к1,30.24186287206487,60.0419148
4140,4,11,1,27.27,6730550,Невский, Гудиловская,5к1,Рыбацкое,295426177,Гудиловская 5к1,30.53141285020367,59.828977699999996
4141,2,11,1,23.35,6680169,Невский, Гудиловская,5к1,Рыбацкое,295426168,Гудиловская 5к1,30.53141285020367,59.828977699999996
4142,2,11,1,25.97,6682237,Невский, Гудиловская,6к1,Обухово,285024177,Гудиловская 6к1,30.53247648935025,59.82824855
4143,1,12,1,27.5,6650000,Выборгский,Манчестерская ,3к2,Удельная,299320588,Манчестерская 3к2,30.331770218779397,60.009194050000005
4144,1,11,1,39.0,6743100,Пушкинский,проспект Старорусский,13к2,Звездная,294664538,проспект Старорусский 13к2,30.35577234379145,59.805106499999994
4145,4,13,-1,31.07,6653329,Приморский,Коломяжский проспект,4,Черная речка,297552904,Коломяжский проспект 4,30.299884099999993,60.001830600000005
4146,11,11,1,21.6,6746000,Невский,Октябрьская набережная,86К2,Пролетарская,293297444,Октябрьская набережная 86К2,30.4690683,59.8722408
4147,3,9,1,25.2,6672730,Красносельский, Тамбасова,5,Проспект Ветеранов,295858749,Тамбасова 5,91.68953046810196,53.69713395
4148,1,17,1,27.9,6696000,Московский, Федора Котанова,5к2,Звездная,292227372,Федора Котанова 5к2,30.341617982615034,59.8259877
4149,13,16,-1,28.41,6870948,Московский,Московское шоссе,13Ж,Звездная,298146063,Московское шоссе 13Ж,30.356223367561018,59.822617199999996
4150,3,11,1,25.97,6872404,Невский, Гудиловская,5к1,Рыбацкое,295426202,Гудиловская 5к1,30.53141285020367,59.828977699999996
4151,3,17,1,23.33,6810458,Невский,Октябрьская набережная,11Б,Пролетарская,297359522,Октябрьская набережная 11Б,30.4469472,59.8935011
4152,4,15,-1,30.07,6871231,Красногвардейский,проспект Энергетиков,6,Ладожская,289280458,проспект Энергетиков 6,39.73775595,54.04316255
4153,2,15,-1,27.59,6826613,Красногвардейский,проспект Энергетиков,6,Ладожская,289280468,проспект Энергетиков 6,39.73775595,54.04316255
4154,4,13,1,30.7,6823896,Приморский,Планерная ,87к1,Комендантский проспект,297548220,Планерная 87к1,30.2018577,60.0320667
4155,1,3,1,35.8,6937377,Петродворцовый,Красносельское шоссе,22,Ленинский проспект,298402712,Красносельское шоссе 22,30.07358835,59.84900105
4156,8,25,1,31.6,6949991,Приморский,шоссе Суздальское,20к4,Проспект Просвещения,298651636,шоссе Суздальское 20к4,30.2770889,60.0592415
4157,11,23,1,29.0,6949000,Красногвардейский,проспект Энергетиков,11к2,Новочеркасская,298339302,проспект Энергетиков 11к2,30.43696110436855,59.939437999999996
4158,1,4,-1,30.0,6900000,Приморский, Новая,51к41,Беговая,293441590,Новая 51к41,41.1716186,55.8743515
4159,15,15,1,22.81,6984422,Василеостровский,Гавань,12,Горный институт,296662623,Гавань 12,59.321794049999994,57.234667
4160,14,14,-1,36.54,6990000,Кировский,проспект Стачек,64,Кировский завод,294571658,проспект Стачек 64,30.2692413,59.8880868
4161,2,15,-1,36.89,6955964,Красногвардейский,проспект Энергетиков,6,Ладожская,290733274,проспект Энергетиков 6,39.73775595,54.04316255
4162,16,24,1,25.0,6990000,Приморский, Плесецкая,10,Комендантский проспект,299189228,Плесецкая 10,40.21978137664691,61.684778449999996
4163,3,7,-1,26.4,7000000,Приморский,Приморский проспект,6,,297211543,Приморский проспект 6,133.0589933,42.7665434
4164,3,3,1,33.1,7029306,Петродворцовый,Красносельское шоссе,22,Ленинский проспект,293828734,Красносельское шоссе 22,30.07358835,59.84900105
4165,2,11,1,21.8,7073664,Фрунзенский,Волковское,3,Обводный канал,287469471,Волковское 3,37.748983793671826,55.932123000000004
4166,12,14,1,20.6,7036300,Фрунзенский,Волковское,5,Обводный канал,292512706,Волковское 5,37.747821776003704,55.93213205
4167,12,12,1,21.8,7079942,Фрунзенский,Волковское,5,Обводный канал,290223466,Волковское 5,37.747821776003704,55.93213205
4168,10,18,1,24.6,7134000,Василеостровский,бульвар Головнина,3к1,Горный институт,292855629,бульвар Головнина 3к1,30.20716529397076,59.932884900000005
4169,14,18,-1,25.0,7100000,Московский,5-й Предпортовый проезд,2,Московская,299137228,5-й Предпортовый проезд 2,30.313553756888098,59.83905985
4170,4,7,-1,26.6,7185000,Приморский,Приморский проспект,6,,289902310,Приморский проспект 6,133.0589933,42.7665434
4171,2,3,1,34.0,7220435,Петродворцовый,Красносельское шоссе,22,Проспект Ветеранов,298402725,Красносельское шоссе 22,30.07358835,59.84900105
4172,4,6,1,19.6,7173169,Адмиралтейский,набережная Обводного Канала,118бБ,Балтийская,298163681,набережная Обводного Канала 118бБ,30.3067682,59.9090462
4173,11,14,1,23.6,7238592,Фрунзенский,Волковское,5,Обводный канал,294724133,Волковское 5,37.747821776003704,55.93213205
4174,2,12,1,22.1,7203384,Фрунзенский,Волковское,4,Обводный канал,277372984,Волковское 4,30.40290288710417,59.8820492
4175,2,5,1,29.3,7200000,Петроградский, Ленина,41,Чкаловская,299059285,Ленина 41,57.2240679,50.286482649999996
4176,21,25,1,30.1,7250000,Калининский, Богословская,4к3,Лесная,299166705,Богословская 4к3,30.378673882652535,59.98513915
4177,2,11,1,23.8,7259000,Московский,Московский проспект,114Б,Московские ворота,294213911,Московский проспект 114Б,28.8626318,47.0476217
4178,3,14,-1,34.97,7349140,Красногвардейский,Магнитогорская ,51,Ладожская,292504134,Магнитогорская 51,30.43267674561517,59.93991535
4179,12,18,1,28.5,7300000,Фрунзенский, Салова,61,Бухарестская,298967970,Салова 61,30.3696003,59.8854551
4180,2,14,1,24.3,7403359,Фрунзенский,Волковское,1,Обводный канал,288160763,Волковское 1,37.703800615062136,55.921193099999996
4181,12,14,1,25.4,7412736,Фрунзенский,Волковское,5,Обводный канал,299174636,Волковское 5,37.747821776003704,55.93213205
4182,13,13,1,23.6,7403980,Фрунзенский,Волковское,3,Обводный канал,293354156,Волковское 3,37.748983793671826,55.932123000000004
4183,2,10,-1,35.2,7585600,Василеостровский, Одоевского,17,Василеостровская,295026147,Одоевского 17,27.512328854446856,53.9036907
4184,8,17,1,25.6,7600000,Приморский,переулок Ипподромный,1к2,Пионерская,298216616,переулок Ипподромный 1к2,30.3076737544702,60.0001943
4185,2,11,1,26.0,7600320,Фрунзенский,Волковское,3,Обводный канал,275298194,Волковское 3,37.748983793671826,55.932123000000004
4186,5,7,1,25.0,7625000,Петроградский,Каменноостровский проспект,45,Петроградская,298677646,Каменноостровский проспект 45,30.309044769951925,59.9688345
4187,4,10,-1,35.9,7736450,Василеостровский, Одоевского,17,Василеостровская,295026160,Одоевского 17,27.512328854446856,53.9036907
4188,1,11,1,33.34,7711409,Невский, Гудиловская,6к1,Обухово,285020664,Гудиловская 6к1,30.53247648935025,59.82824855
4189,10,18,-1,23.2,7830000,Фрунзенский, Салова,61,Бухарестская,297982363,Салова 61,30.3696003,59.8854551
4190,10,19,-1,23.1,7750000,Фрунзенский, Салова,61,Бухарестская,298648611,Салова 61,30.3696003,59.8854551
4191,12,18,1,26.52,7876440,Фрунзенский, Салова,61,Бухарестская,297982362,Салова 61,30.3696003,59.8854551
4192,9,10,1,27.7,7990000,Московский,Киевская ,5к6,Технологический институт,279676716,Киевская 5к6,30.32628857547038,59.9029549
4193,9,10,1,27.3,7990000,Московский,Киевская ,5к6,Технологический институт,279676710,Киевская 5к6,30.32628857547038,59.9029549
4194,8,18,-1,23.56,7951500,Фрунзенский, Салова,61,Бухарестская,293340260,Салова 61,30.3696003,59.8854551
4195,2,10,-1,36.8,7930400,Василеостровский, Одоевского,17,Василеостровская,295026151,Одоевского 17,27.512328854446856,53.9036907
4196,3,14,-1,39.23,8143392,Красногвардейский,Магнитогорская ,51,Площадь Александра Невского,292504048,Магнитогорская 51,30.43267674561517,59.93991535
4197,2,14,1,24.9,8063989,Фрунзенский,Волковское,1,Обводный канал,293227169,Волковское 1,37.703800615062136,55.921193099999996
4198,5,14,1,26.0,8100000,Василеостровский,Уральская ,21,Василеостровская,298095241,Уральская 21,74.55641725109031,42.89215135
4199,3,13,-1,30.0,8144790,Приморский,Коломяжский проспект,4,Черная речка,298730064,Коломяжский проспект 4,30.299884099999993,60.001830600000005
4200,8,12,1,24.8,8156472,Фрунзенский,Волковское,4,Обводный канал,299174525,Волковское 4,30.40290288710417,59.8820492
4201,5,10,-1,35.3,8290000,Московский,Киевская ,5к6,Фрунзенская,291029374,Киевская 5к6,30.32628857547038,59.9029549
4202,5,10,1,36.0,8290000,Московский,Киевская ,5к6,Обводный канал,293722066,Киевская 5к6,30.32628857547038,59.9029549
4203,9,10,1,30.0,8390000,Московский,Киевская ,5к6,Обводный канал,279676742,Киевская 5к6,30.32628857547038,59.9029549
4204,4,14,-1,39.9,8303002,Красногвардейский,Магнитогорская ,51,Ладожская,296045830,Магнитогорская 51,30.43267674561517,59.93991535
4205,14,23,1,24.9,8395999,Калининский,Полюстровский проспект,75,Лесная,299507407,Полюстровский проспект 75,30.366242481841205,59.98172635
4206,1,19,1,36.5,8300118,Невский,Дальневосточный проспект,19к1,Проспект Большевиков,299178327,Дальневосточный проспект 19к1,30.44800072881743,59.9065969
4207,12,18,1,28.3,8348500,Василеостровский,бульвар Головнина,3к1,Горный институт,294573254,бульвар Головнина 3к1,30.20716529397076,59.932884900000005
4208,11,12,1,23.2,8302468,Фрунзенский,Волковское,4,Обводный канал,287469096,Волковское 4,30.40290288710417,59.8820492
4209,12,18,1,28.5,8407500,Василеостровский,бульвар Головнина,3к1,Горный институт,294573248,бульвар Головнина 3к1,30.20716529397076,59.932884900000005
4210,3,25,1,23.24,8499966,Приморский,Коломяжский проспект,13к2,Пионерская,297024769,Коломяжский проспект 13к2,30.2986208,60.0015533
4211,8,12,1,24.6,8487738,Василеостровский,Гавань,1,Приморская,277780807,Гавань 1,30.18184861947747,59.871402700000004
4212,2,14,1,29.3,8492458,Фрунзенский,Волковское,1,Обводный канал,293227164,Волковское 1,37.703800615062136,55.921193099999996
4213,6,19,1,36.0,8500068,Невский,Дальневосточный проспект,19к1,Проспект Большевиков,299582558,Дальневосточный проспект 19к1,30.44800072881743,59.9065969
4214,4,5,-1,24.56,8514903,Курортный, Инструментальщиков,18,Беговая,293123129,Инструментальщиков 18,30.42075216303855,54.5430239
4215,11,12,1,24.0,8530704,Василеостровский,Гавань,1,Приморская,298242940,Гавань 1,30.18184861947747,59.871402700000004
4216,2,8,1,32.0,8629453,Московский,Черниговская ,11к1,Московские ворота,298657601,Черниговская 11к1,30.32696614320617,59.8953421
4217,5,5,-1,23.74,8630155,Курортный, Инструментальщиков,18,Беговая,293123103,Инструментальщиков 18,30.42075216303855,54.5430239
4218,6,10,-1,21.5,8550000,Центральный,Херсонский проезд,6,Площадь Александра Невского,299518634,Херсонский проезд 6,69.37948605455036,53.2661157
4219,20,25,1,29.0,8706118,Приморский,Богатырский проспект,2А,Пионерская,297024826,Богатырский проспект 2А,30.304165603503527,60.000785050000005
4220,11,12,1,29.6,8714388,Фрунзенский,Волковское,4,Обводный канал,299174524,Волковское 4,30.40290288710417,59.8820492
4221,19,25,1,30.26,8719832,Приморский,Богатырский проспект,2А,Пионерская,297024811,Богатырский проспект 2А,30.304165603503527,60.000785050000005
4222,2,10,-1,40.4,8706200,Василеостровский, Одоевского,17,Василеостровская,295026152,Одоевского 17,27.512328854446856,53.9036907
4223,2,12,1,28.8,8797460,Московский,Черниговская ,17,Московские ворота,299132636,Черниговская 17,50.307503972209446,53.295697950000005
4224,2,25,1,28.06,8776159,Приморский,Коломяжский проспект,13к2,Пионерская,297024761,Коломяжский проспект 13к2,30.2986208,60.0015533
4225,3,25,1,23.76,8785522,Приморский,Коломяжский проспект,13к2,Пионерская,297024731,Коломяжский проспект 13к2,30.2986208,60.0015533
4226,6,12,1,26.2,8758791,Фрунзенский,Волковское,4,Обводный канал,294724109,Волковское 4,30.40290288710417,59.8820492
4227,2,19,1,30.92,8804246,Приморский,Коломяжский проспект,13,Пионерская,297025118,Коломяжский проспект 13,30.303107024011773,60.0018695
4228,5,5,-1,22.33,8850418,Курортный, Инструментальщиков,18,Беговая,291779585,Инструментальщиков 18,30.42075216303855,54.5430239
4229,14,25,1,29.43,8862762,Приморский,Коломяжский проспект,13к2,Пионерская,297024439,Коломяжский проспект 13к2,30.2986208,60.0015533
4230,4,14,1,29.9,8899286,Фрунзенский,Волковское,1,Обводный канал,294144813,Волковское 1,37.703800615062136,55.921193099999996
4231,3,10,-1,40.9,8813950,Василеостровский, Одоевского,17,Василеостровская,295026157,Одоевского 17,27.512328854446856,53.9036907
4232,10,11,-1,29.8,8870000,Василеостровский,набережная Макарова,60,Приморская,298432660,набережная Макарова 60,30.24245152642299,59.9574584
4233,3,14,-1,43.33,8994473,Красногвардейский,Магнитогорская ,51,Ладожская,292504059,Магнитогорская 51,30.43267674561517,59.93991535
4234,2,25,1,26.12,8984475,Приморский,Коломяжский проспект,13к2,Пионерская,297024763,Коломяжский проспект 13к2,30.2986208,60.0015533
4235,9,9,1,20.0,8992040,Адмиралтейский,Измайловское,к 2.1,Балтийская,299176053,Измайловское к 2.1,30.308070824137843,59.90891895
4236,2,12,1,28.7,8922801,Василеостровский,Гавань,1,Приморская,277167918,Гавань 1,30.18184861947747,59.871402700000004
4237,4,12,1,26.0,8980000,Выборгский,Новолитовская ,12,Лесная,299341908,Новолитовская 12,30.358044,59.9823003
4238,24,25,1,31.38,8904617,Приморский,Богатырский проспект,2А,Пионерская,297024804,Богатырский проспект 2А,30.304165603503527,60.000785050000005
4239,7,18,-1,30.15,9090225,Фрунзенский, Салова,61,Бухарестская,294996567,Салова 61,30.3696003,59.8854551
4240,13,23,1,27.9,9008756,Калининский,Полюстровский проспект,75,Лесная,299507405,Полюстровский проспект 75,30.366242481841205,59.98172635
4241,9,9,1,20.0,9074760,Адмиралтейский,Измайловское,к 2.2,Балтийская,295870052,Измайловское к 2.2,30.308070824137843,59.90891895
4242,7,12,1,27.1,9124593,Московский,Черниговская ,17,Московские ворота,298657656,Черниговская 17,50.307503972209446,53.295697950000005
4243,2,25,1,25.41,9171724,Приморский,Коломяжский проспект,13к2,Пионерская,297024755,Коломяжский проспект 13к2,30.2986208,60.0015533
4244,2,7,1,23.2,9150636,Адмиралтейский,Измайловское,к 2.1,Балтийская,299176051,Измайловское к 2.1,30.308070824137843,59.90891895
4245,6,9,1,21.2,9101117,Адмиралтейский,Измайловское,к 2.2,Балтийская,298768024,Измайловское к 2.2,30.308070824137843,59.90891895
4246,2,7,1,24.3,9191620,Адмиралтейский,Измайловское,к 2.2,Балтийская,292688315,Измайловское к 2.2,30.308070824137843,59.90891895
4247,7,8,1,27.2,9208761,Московский,Черниговская ,13к2,Московские ворота,298657566,Черниговская 13к2,30.330460784129077,59.8957585
4248,4,10,-1,42.9,9244950,Василеостровский, Одоевского,17,Василеостровская,295026158,Одоевского 17,27.512328854446856,53.9036907
4249,4,8,1,24.6,9342997,Московский,Черниговская ,11к1,Московские ворота,298657617,Черниговская 11к1,30.32696614320617,59.8953421
4250,4,7,1,23.2,9314196,Адмиралтейский,Измайловское,к 2.2,Балтийская,299176018,Измайловское к 2.2,30.308070824137843,59.90891895
4251,18,18,1,30.4,9300000,Калининский, Обручевых,5,Политехническая,295914224,Обручевых 5,30.3788844,60.0121535
4252,6,11,1,23.4,9250000,Фрунзенский,Лиговский проспект,271,Обводный канал,299186864,Лиговский проспект 271,30.3412558,59.9049854
4253,9,12,1,27.4,9321343,Фрунзенский,Волковское,4,Обводный канал,277372926,Волковское 4,30.40290288710417,59.8820492
4254,4,5,-1,23.32,9380167,Курортный, Инструментальщиков,18,Беговая,293598990,Инструментальщиков 18,30.42075216303855,54.5430239
4255,2,9,1,24.8,9378417,Адмиралтейский,Измайловское,к 2.1,Балтийская,299176050,Измайловское к 2.1,30.308070824137843,59.90891895
4256,2,9,1,24.8,9436697,Адмиралтейский,Измайловское,к 2.2,Балтийская,292688314,Измайловское к 2.2,30.308070824137843,59.90891895
4257,2,10,-1,43.8,9438900,Василеостровский, Одоевского,17,Василеостровская,295026163,Одоевского 17,27.512328854446856,53.9036907
4258,3,9,1,24.1,9505040,Петроградский,Петровский проспект,9к2,Спортивная,298085164,Петровский проспект 9к2,30.26765705,59.96069285
4259,6,12,-1,23.7,9544492,Курортный,Приморское шоссе,570Л,,289388411,Приморское шоссе 570Л,30.1755998,59.9892131
4260,2,10,-1,22.7,9534000,Центральный,Херсонский проезд,6,Площадь Александра Невского,296920323,Херсонский проезд 6,69.37948605455036,53.2661157
4261,9,10,-1,21.2,9648374,Центральный,Херсонский проезд,6,Площадь Александра Невского,299635046,Херсонский проезд 6,69.37948605455036,53.2661157
4262,9,10,-1,20.9,9608900,Центральный,Херсонский проезд,6,Площадь Александра Невского,299640628,Херсонский проезд 6,69.37948605455036,53.2661157
4263,2,10,-1,22.9,9618000,Центральный,Херсонский проезд,6,Площадь Александра Невского,299338004,Херсонский проезд 6,69.37948605455036,53.2661157
4264,2,8,1,30.4,9625596,Московский,Черниговская ,11к1,Московские ворота,298657620,Черниговская 11к1,30.32696614320617,59.8953421
4265,4,12,1,27.8,9582139,Московский,Черниговская ,17,Московские ворота,298657816,Черниговская 17,50.307503972209446,53.295697950000005
4266,3,11,1,30.43,9646310,Московский,Московский проспект,114Б,Московские ворота,294213912,Московский проспект 114Б,28.8626318,47.0476217
4267,3,7,1,24.3,9728407,Адмиралтейский,Измайловское,к 2.1,Балтийская,293408463,Измайловское к 2.1,30.308070824137843,59.90891895
4268,5,9,1,26.1,9761400,Петроградский,Петровский проспект,9к2,Спортивная,298085139,Петровский проспект 9к2,30.26765705,59.96069285
4269,5,8,1,24.3,9785260,Московский,Черниговская ,11к1,Московские ворота,298657608,Черниговская 11к1,30.32696614320617,59.8953421
4270,2,10,-1,23.6,9912000,Центральный,Херсонский проезд,6,Площадь Александра Невского,296920317,Херсонский проезд 6,69.37948605455036,53.2661157
4271,3,9,1,26.57,9949999,Адмиралтейский, Шкапина,43-45,Балтийская,299481419,Шкапина 43-45,30.2959521,59.9087317
4272,6,8,1,27.7,9892327,Московский,Черниговская ,13к2,Московские ворота,298657562,Черниговская 13к2,30.330460784129077,59.8957585
4273,5,5,-1,29.02,9987915,Курортный, Инструментальщиков,18,Беговая,293123107,Инструментальщиков 18,30.42075216303855,54.5430239
4274,16,25,1,27.26,10002645,Приморский,Коломяжский проспект,13к2,Пионерская,297024719,Коломяжский проспект 13к2,30.2986208,60.0015533
4275,3,9,1,27.6,10004006,Адмиралтейский,Измайловское,к 2.2,Балтийская,290945795,Измайловское к 2.2,30.308070824137843,59.90891895
4276,3,13,-1,39.13,9990202,Приморский,Коломяжский проспект,4,Черная речка,298729987,Коломяжский проспект 4,30.299884099999993,60.001830600000005
4277,4,8,1,31.9,10104619,Московский,Черниговская ,13к2,Московские ворота,298657535,Черниговская 13к2,30.330460784129077,59.8957585
4278,9,10,-1,22.4,10194509,Центральный,Херсонский проезд,6,Площадь Александра Невского,299640627,Херсонский проезд 6,69.37948605455036,53.2661157
4279,1,5,-1,25.58,10160069,Курортный, Инструментальщиков,18,Беговая,293123118,Инструментальщиков 18,30.42075216303855,54.5430239
4280,6,12,1,26.0,10204434,Московский,Черниговская ,17,Московские ворота,298657818,Черниговская 17,50.307503972209446,53.295697950000005
4281,4,9,1,27.6,10177831,Адмиралтейский,Измайловское,к 2.1,Балтийская,290945865,Измайловское к 2.1,30.308070824137843,59.90891895
4282,9,18,1,33.8,10263337,Адмиралтейский,бульвар Измайловский,9,Фрунзенская,298655450,бульвар Измайловский 9,37.7867031,55.7977305
4283,7,8,1,31.4,10371200,Московский,Черниговская ,13к2,Московские ворота,298657541,Черниговская 13к2,30.330460784129077,59.8957585
4284,6,18,1,32.0,10529309,Адмиралтейский,бульвар Измайловский,9,Фрунзенская,298655458,бульвар Измайловский 9,37.7867031,55.7977305
4285,2,5,-1,29.98,10545375,Курортный, Инструментальщиков,18,Беговая,293598859,Инструментальщиков 18,30.42075216303855,54.5430239
4286,5,8,1,35.9,10536106,Московский,Черниговская ,13к2,Московские ворота,298657963,Черниговская 13к2,30.330460784129077,59.8957585
4287,7,8,1,38.0,10500000,Красносельский,Петергофское шоссе,84к19,,299376579,Петергофское шоссе 84к19,30.106616,59.8453902
4288,2,10,-1,25.0,10500000,Центральный,Херсонский проезд,6,Площадь Александра Невского,296920318,Херсонский проезд 6,69.37948605455036,53.2661157
4289,10,17,1,34.88,10495392,Выборгский,Большой Сампсониевский проспект,77,Лесная,299273050,Большой Сампсониевский проспект 77,30.334469,59.9876928
4290,1,10,1,29.7,10558350,Выборгский,Манчестерская ,3к1,Удельная,296753822,Манчестерская 3к1,30.3433279,60.0130169
4291,1,10,1,29.7,10558350,Выборгский,Манчестерская ,3к1,Удельная,296753822,Манчестерская 3к1,30.3433279,60.0130169
4292,4,9,1,28.95,10639999,Адмиралтейский, Шкапина,43-45,Балтийская,299481477,Шкапина 43-45,30.2959521,59.9087317
4293,1,5,-1,35.26,10578000,Курортный, Инструментальщиков,18,Беговая,289559413,Инструментальщиков 18,30.42075216303855,54.5430239
4294,2,7,1,23.2,10592145,Адмиралтейский,Измайловское,к1,Балтийская,274325237,Измайловское к1,37.7261279,55.7785201
4295,4,6,-1,26.57,10588145,Курортный,дорога Таможенная,11к1с4,Беговая,293980708,дорога Таможенная 11к1с4,29.942946223640487,60.128459750000005
4296,7,14,1,30.9,10550000,Выборгский, Грибалевой,7к3,Лесная,299468449,Грибалевой 7к3,30.356686272291146,59.9836228
4297,6,9,1,29.83,10679999,Адмиралтейский, Шкапина,43-45,Балтийская,299481546,Шкапина 43-45,30.2959521,59.9087317
4298,5,9,1,24.8,10788793,Адмиралтейский,Измайловское,к1,Балтийская,284669843,Измайловское к1,37.7261279,55.7785201
4299,4,14,-1,50.87,10795469,Красногвардейский,Магнитогорская ,51,Ладожская,296045824,Магнитогорская 51,30.43267674561517,59.93991535
4300,2,10,-1,26.4,10824000,Центральный,Херсонский проезд,6,Площадь Александра Невского,299337999,Херсонский проезд 6,69.37948605455036,53.2661157
4301,11,12,1,28.0,10777956,Василеостровский,Гавань,1,Приморская,289084223,Гавань 1,30.18184861947747,59.871402700000004
4302,2,7,1,24.3,10811118,Адмиралтейский,Измайловское,к1,Балтийская,275860537,Измайловское к1,37.7261279,55.7785201
4303,6,10,-1,26.8,10827950,Центральный,Херсонский проезд,6,Площадь Александра Невского,296920293,Херсонский проезд 6,69.37948605455036,53.2661157
4304,2,10,-1,26.7,10947000,Центральный,Херсонский проезд,6,Площадь Александра Невского,299338015,Херсонский проезд 6,69.37948605455036,53.2661157
4305,7,18,1,34.7,10984019,Адмиралтейский,бульвар Измайловский,9,Фрунзенская,298655486,бульвар Измайловский 9,37.7867031,55.7977305
4306,8,10,-1,25.9,10945444,Центральный,Херсонский проезд,6,Площадь Александра Невского,296920358,Херсонский проезд 6,69.37948605455036,53.2661157
4307,12,14,1,30.71,10949999,Красногвардейский,проспект Энергетиков,2,,279352009,проспект Энергетиков 2,83.63268820100387,53.33813195
4308,8,9,1,27.4,11098260,Адмиралтейский,Измайловское,к 2.1,Балтийская,298894723,Измайловское к 2.1,30.308070824137843,59.90891895
4309,5,9,1,29.8,11210760,Петроградский,Петровский проспект,9к2,Спортивная,298366920,Петровский проспект 9к2,30.26765705,59.96069285
4310,6,9,1,31.62,11269999,Адмиралтейский, Шкапина,43-45,Балтийская,299481550,Шкапина 43-45,30.2959521,59.9087317
4311,2,10,-1,27.5,11275000,Центральный,Херсонский проезд,6,Площадь Александра Невского,296920344,Херсонский проезд 6,69.37948605455036,53.2661157
4312,6,6,1,31.4,11405000,Василеостровский,Морской,7,Горный институт,289707281,Морской 7,83.03961607859921,54.7871329
4313,7,9,1,29.1,11316990,Петроградский,Петровский проспект,9к2,Спортивная,298366965,Петровский проспект 9к2,30.26765705,59.96069285
4314,2,10,-1,27.7,11357000,Центральный,Херсонский проезд,6,Площадь Александра Невского,299337997,Херсонский проезд 6,69.37948605455036,53.2661157
4315,6,9,1,27.6,11495786,Адмиралтейский,Измайловское,к1,Балтийская,296296604,Измайловское к1,37.7261279,55.7785201
4316,1,13,1,36.1,11552902,Приморский,Коломяжский проспект,4,Черная речка,298220727,Коломяжский проспект 4,30.299884099999993,60.001830600000005
4317,6,11,-1,28.7,11600000,Центральный,Херсонский проезд,6,Площадь Александра Невского,297116332,Херсонский проезд 6,69.37948605455036,53.2661157
4318,3,5,-1,38.85,11654994,Курортный, Инструментальщиков,18,Беговая,285763039,Инструментальщиков 18,30.42075216303855,54.5430239
4319,8,9,1,27.4,12015174,Адмиралтейский,Измайловское,к1,Балтийская,298894717,Измайловское к1,37.7261279,55.7785201
4320,12,14,1,33.79,12219999,Красногвардейский,проспект Энергетиков,2,,279352033,проспект Энергетиков 2,83.63268820100387,53.33813195
4321,2,9,1,34.34,12369999,Адмиралтейский, Шкапина,43-45,Балтийская,299481516,Шкапина 43-45,30.2959521,59.9087317
4322,2,9,1,34.72,12439999,Адмиралтейский, Шкапина,43-45,Балтийская,299481518,Шкапина 43-45,30.2959521,59.9087317
4323,3,14,-1,60.83,12627136,Красногвардейский,Магнитогорская ,51,Ладожская,292504112,Магнитогорская 51,30.43267674561517,59.93991535
4324,2,10,-1,30.7,12587000,Центральный,Херсонский проезд,6,Площадь Александра Невского,296920308,Херсонский проезд 6,69.37948605455036,53.2661157
4325,3,10,-1,34.3,13603298,Центральный,Херсонский проезд,6,Площадь Александра Невского,296920286,Херсонский проезд 6,69.37948605455036,53.2661157
4326,2,14,1,51.0,14150307,Невский,Фарфоровская ,7к1,Ломоносовская,299582555,Фарфоровская 7к1,30.43209818070991,59.880649950000006
4327,2,10,-1,34.7,14227000,Центральный,Херсонский проезд,6,Площадь Александра Невского,296920311,Херсонский проезд 6,69.37948605455036,53.2661157
4328,10,10,1,36.25,14300000,Фрунзенский,Прилукская ,28к2,Обводный канал,297024661,Прилукская 28к2,30.353938698093735,59.9090937
4329,4,10,-1,37.6,14842224,Центральный,Херсонский проезд,6,Площадь Александра Невского,299338034,Херсонский проезд 6,69.37948605455036,53.2661157
4330,2,10,-1,36.4,14924000,Центральный,Херсонский проезд,6,Площадь Александра Невского,296920310,Херсонский проезд 6,69.37948605455036,53.2661157
4331,3,10,-1,38.6,15165261,Центральный,Херсонский проезд,6,Площадь Александра Невского,296920285,Херсонский проезд 6,69.37948605455036,53.2661157
4332,7,25,1,30.32,15691282,Московский,Алтайская ,39,Московская,297319719,Алтайская 39,82.53230854532252,50.012163
4333,2,12,-1,48.2,16154712,Курортный,Приморское шоссе,570Л,,289388271,Приморское шоссе 570Л,30.1755998,59.9892131
4334,5,12,-1,46.3,17158055,Курортный,Приморское шоссе,570Л,,296606507,Приморское шоссе 570Л,30.1755998,59.9892131
4335,10,12,-1,24.7,17331496,Курортный,Приморское шоссе,570Л,,290705960,Приморское шоссе 570Л,30.1755998,59.9892131
4336,5,12,-1,46.6,17271684,Курортный,Приморское шоссе,570Л,,289388327,Приморское шоссе 570Л,30.1755998,59.9892131
4337,9,10,-1,38.4,17832960,Центральный,Херсонский проезд,6,Площадь Александра Невского,296920381,Херсонский проезд 6,69.37948605455036,53.2661157
4338,1,13,1,59.36,18406348,Приморский,Коломяжский проспект,4,Черная речка,298220731,Коломяжский проспект 4,30.299884099999993,60.001830600000005
4339,6,12,-1,49.3,19089995,Курортный,Приморское шоссе,570Л,,289388395,Приморское шоссе 570Л,30.1755998,59.9892131
4340,3,12,-1,64.5,22205633,Курортный,Приморское шоссе,570Л,,289388278,Приморское шоссе 570Л,30.1755998,59.9892131
4341,12,12,-1,50.7,35505680,Курортный,Приморское шоссе,570Л,,290705992,Приморское шоссе 570Л,30.1755998,59.9892131
4342,11,12,-1,51.5,36077200,Курортный,Приморское шоссе,570Л,,290705973,Приморское шоссе 570Л,30.1755998,59.9892131
4343,11,12,-1,96.6,68296640,Курортный,Приморское шоссе,570Л,,290705980,Приморское шоссе 570Л,30.1755998,59.9892131
4344,11,12,-1,107.2,75869280,Курортный,Приморское шоссе,570Л,,290705979,Приморское шоссе 570Л,30.1755998,59.9892131
4345,1,5,1,14.0,2660000,Красносельский,Авангардная ,23,Проспект Ветеранов,288362894,Авангардная 23,27.628279749999997,53.90553275
4346,4,4,-1,15.3,2677500,Кировский,Морские ворота,17,Балтийская,294452552,Морские ворота 17,30.21957085064949,59.901586550000005
4347,1,3,-1,10.35,2990000,Центральный, Черняховского,32,Лиговский проспект,298226514,Черняховского 32,71.37481595226325,42.882983749999994
4348,1,3,-1,13.2,2990000,Кировский,проспект Стачек,38,Кировский завод,284009922,проспект Стачек 38,30.27027253484902,59.8877484
4349,9,9,1,15.0,3100000,Калининский, Руставели,37,Академическая,297048095,Руставели 37,44.7911675,41.704046
4350,1,4,1,16.5,3200000,Невский, Ткачей,54,Елизаровская,296154760,Ткачей 54,69.24228236680942,41.2852222
4351,1,10,1,11.3,3200000,Приморский,проспект Авиаконструкторов,3К1,Комендантский проспект,299136434,проспект Авиаконструкторов 3К1,30.2472121,60.0102006
4352,1,5,-1,24.5,3280550,Красногвардейский,Челябинская ,37,Гражданский проспект,299104924,Челябинская 37,61.93344075,56.38406005
4353,1,5,-1,24.3,3253770,Красногвардейский,Челябинская ,37,Гражданский проспект,299234396,Челябинская 37,61.93344075,56.38406005
4354,2,4,-1,12.0,3260000,Центральный,переулок Апраксин,10,Сенная площадь,296708598,переулок Апраксин 10,30.326337,59.9284311
4355,1,9,1,11.1,3300000,Выборгский,Поэтический бульвар,11К1,Проспект Просвещения,297461156,Поэтический бульвар 11К1,30.352665052025298,60.04243115
4356,1,5,-1,24.8,3320720,Красногвардейский,Челябинская ,37,Гражданский проспект,298784529,Челябинская 37,61.93344075,56.38406005
4357,1,3,-1,16.0,3350000,Невский,проспект Обуховской обороны,123А,Елизаровская,296914920,проспект Обуховской обороны 123А,30.4411342,59.8893694
4358,15,23,-1,28.5,3400000,Невский,проспект Большевиков,54к2,Ломоносовская,295277584,проспект Большевиков 54к2,30.490430809969666,59.88197065
4359,9,9,1,25.19,3430000,Петродворцовый,Михайловская ,51,,298883384,Михайловская 51,132.7919934019425,44.6041673
4360,19,24,1,20.8,3490000,Красногвардейский,Полюстрово,25к3,Гражданский проспект,285510881,Полюстрово 25к3,30.406887,59.966259
4361,2,4,1,12.6,3498000,Адмиралтейский,Верейская ,42/8,Пушкинская,299009967,Верейская 42/8,30.3289223,59.9138867
4362,7,26,-1,15.85,3499000,Московский, Орджоникидзе,44,Звездная,297902679,Орджоникидзе 44,58.967421009590694,55.05486615
4363,2,4,1,16.0,3490000,Центральный,Шпалерная ,13,Площадь Ленина,296781160,Шпалерная 13,27.5447738,53.9056663
4364,1,3,1,18.7,3500000,Кировский,переулок Майков,4а,,292846465,переулок Майков 4а,30.28535708866443,59.89839835
4365,3,5,1,18.0,3500000,Невский,бульвар Красных Зорь,10,Ломоносовская,296924716,бульвар Красных Зорь 10,30.443380529397253,59.87058235
4366,4,7,1,17.2,3500000,Московский,Московский проспект,186,Парк Победы,296647096,Московский проспект 186,30.3208116,59.8718765
4367,17,22,1,20.7,3550000,Красногвардейский, Пейзажная,26,Гражданский проспект,295691390,Пейзажная 26,49.28310335,55.825832750000004
4368,19,25,1,22.56,3600000,Невский, Русановская,24,Ломоносовская,294769913,Русановская 24,30.51660729098161,59.86497575
4369,13,19,1,20.4,3600000,Красногвардейский,Полюстрово,25к2,Гражданский проспект,294089684,Полюстрово 25к2,30.406887,59.966259
4370,1,9,-1,19.6,3600000,Красногвардейский,Хасанская ,26К1,Проспект Большевиков,286331204,Хасанская 26К1,30.49764127680718,59.93575975
4371,19,24,1,19.0,3600000,Красногвардейский, Пахомовская,26,Девяткино,298406704,Пахомовская 26,30.482609550000042,59.999942700000005
4372,2,5,1,17.0,3699000,Центральный,Гороховая ,32,Сенная площадь,297193896,Гороховая 32,30.320740806769194,59.92963575
4373,9,19,1,20.4,3690000,Красногвардейский,Полюстрово,27к1,,292390889,Полюстрово 27к1,30.406887,59.966259
4374,22,23,1,20.2,3748000,Красногвардейский, Пейзажная,20,Девяткино,296395763,Пейзажная 20,49.2825862,55.826362
4375,9,26,-1,13.24,3700000,Московский, Орджоникидзе,44,Звездная,297051641,Орджоникидзе 44,58.967421009590694,55.05486615
4376,6,22,-1,19.5,3700000,Выборгский,проезд Толубеевский,8к2,Парнас,298678147,проезд Толубеевский 8к2,30.343270433321557,60.0714197
4377,16,18,1,20.6,3750000,Красногвардейский,Полюстрово,27к2,Академическая,292565971,Полюстрово 27к2,30.406887,59.966259
4378,21,24,1,24.3,3800000,Невский, Русановская,18к6,Обухово,299504832,Русановская 18к6,30.51243106542462,59.86901355
4379,15,24,1,20.7,3800000,Красногвардейский, Пейзажная,24к2,Гражданский проспект,296113075,Пейзажная 24к2,30.478328273426165,60.0176314
4380,3,18,1,19.7,3800000,Красногвардейский,Полюстрово,27к3,Гражданский проспект,297913344,Полюстрово 27к3,30.406887,59.966259
4381,5,18,1,20.0,3850000,Красногвардейский,Полюстрово,27к3,Гражданский проспект,293144046,Полюстрово 27к3,30.406887,59.966259
4382,1,5,1,13.1,3899999,Центральный, Чехова,9,Маяковская,299644293,Чехова 9,61.7023608,46.807640750000004
4383,3,12,1,29.0,3890000,Колпинский, Севастьянова,28к2,Рыбацкое,298736263,Севастьянова 28к2,30.60586719857424,59.772964
4384,12,21,1,20.2,3850000,Красногвардейский,Полюстрово,12к1,Девяткино,287827148,Полюстрово 12к1,30.406887,59.966259
4385,13,24,1,21.8,3850000,Красногвардейский,Полюстрово,25к3,Девяткино,297543571,Полюстрово 25к3,30.406887,59.966259
4386,4,16,1,23.1,3900000,Фрунзенский,Загребский бульвар,21,,298878358,Загребский бульвар 21,30.401663,59.841742
4387,1,5,-1,28.8,3915648,Красногвардейский,Челябинская ,37,Ладожская,299610358,Челябинская 37,61.93344075,56.38406005
4388,16,24,1,18.6,3900000,Красногвардейский, Пахомовская,26,Гражданский проспект,280428734,Пахомовская 26,30.482609550000042,59.999942700000005
4389,1,5,1,11.2,3990000,Центральный, Чайковского,60,Чернышевская,298226517,Чайковского 60,80.25982619999999,50.42288625
4390,13,19,-1,24.4,3950000,Невский,Товарищеский проспект,19,Улица Дыбенко,279883263,Товарищеский проспект 19,30.450879573815786,59.93169265
4391,16,24,1,27.0,3950000,Невский, Русановская,20к1,Ломоносовская,295292418,Русановская 20к1,30.513417450806458,59.8653365
4392,8,12,1,23.35,3950000,Пушкинский,проспект Старорусский,5к1,Шушары,295933544,проспект Старорусский 5к1,30.3580552,59.8081506
4393,2,5,1,15.0,3980000,Центральный,Шпалерная ,34,Чернышевская,294573849,Шпалерная 34,30.355776412272277,59.949287999999996
4394,5,5,1,16.3,3990000,Центральный,Суворовский проспект,47,Чернышевская,279491290,Суворовский проспект 47,30.378748452252488,59.93927565
4395,19,25,1,22.2,4000000,Красногвардейский,Полюстрово,10к1,Академическая,285798856,Полюстрово 10к1,30.406887,59.966259
4396,2,18,-1,30.7,4000000,Невский,Товарищеский проспект,19,Улица Дыбенко,292271572,Товарищеский проспект 19,30.450879573815786,59.93169265
4397,10,23,1,25.5,4000000,Красногвардейский, Чарушинская,24к1,Гражданский проспект,294573455,Чарушинская 24к1,30.478300437880968,60.0017324
4398,15,26,-1,14.17,4040835,Московский, Орджоникидзе,44а,Московская,295141833,Орджоникидзе 44а,48.44669943114307,53.16345235
4399,1,7,-1,12.0,4000000,Адмиралтейский,набережная Обводного Канала,132,Балтийская,299036229,набережная Обводного Канала 132,30.2912075,59.9085735
4400,6,22,-1,22.5,4050000,Выборгский,проезд Толубеевский,8к2,Парнас,298678644,проезд Толубеевский 8к2,30.343270433321557,60.0714197
4401,23,24,1,24.8,4100000,Невский, Русановская,20к3,Ломоносовская,299120023,Русановская 20к3,30.516129236971828,59.8657418
4402,2,3,1,20.71,4100000,Выборгский, Первомайская,26,Озерки,284892762,Первомайская 26,83.67561776899396,48.56349295
4403,8,11,1,22.0,4100000,Пушкинский,проспект Старорусский,13к1,Купчино,293859883,проспект Старорусский 13к1,30.357291061413747,59.80492175
4404,7,12,1,22.96,4128000,Пушкинский,проспект Старорусский,5к1,Звездная,297670832,проспект Старорусский 5к1,30.3580552,59.8081506
4405,7,23,1,23.0,4100000,Красногвардейский, Чарушинская,24к1,Гражданский проспект,297311083,Чарушинская 24к1,30.478300437880968,60.0017324
4406,1,3,1,19.3,4190000,Кировский,переулок Майков,4а,,298727158,переулок Майков 4а,30.28535708866443,59.89839835
4407,18,25,1,19.8,4190000,Приморский,набережная Реки Каменки,21к1,Проспект Просвещения,298795756,набережная Реки Каменки 21к1,30.269281076588115,60.052364850000004
4408,20,20,-1,23.0,4150000,Выборгский,проезд Толубеевский,8к2,Парнас,297954250,проезд Толубеевский 8к2,30.343270433321557,60.0714197
4409,17,24,1,21.1,4200000,Красногвардейский, Пейзажная,24к2,Лесная,296021394,Пейзажная 24к2,30.478328273426165,60.0176314
4410,3,3,1,23.16,4200000,Выборгский, Первомайская,26,Озерки,287715396,Первомайская 26,83.67561776899396,48.56349295
4411,1,6,1,27.0,4200000,Красносельский, Первого Мая,3,Проспект Ветеранов,290453206,Первого Мая 3,48.094903416645536,52.503603749999996
4412,18,23,1,26.7,4200000,Красногвардейский,Полюстрово,8к4,Девяткино,298783339,Полюстрово 8к4,30.406887,59.966259
4413,8,15,1,23.0,4299000,Невский, Русановская,24,Пролетарская,296738869,Русановская 24,30.51660729098161,59.86497575
4414,19,23,1,21.0,4290000,Красногвардейский, Чарушинская,24к1,Девяткино,298690810,Чарушинская 24к1,30.478300437880968,60.0017324
4415,16,25,1,19.4,4300000,Приморский,набережная Реки Каменки,21к1,Проспект Просвещения,292859314,набережная Реки Каменки 21к1,30.269281076588115,60.052364850000004
4416,10,15,1,17.0,4300000,Красногвардейский,проспект Энергетиков,24,Новочеркасская,297459991,проспект Энергетиков 24,83.64671760801149,53.3378922
4417,19,24,1,26.6,4300000,Пушкинский,проспект Новгородский,2к1,Купчино,295048650,проспект Новгородский 2к1,30.36712682422168,59.812379449999995
4418,1,5,1,13.7,4300000,Центральный,Полтавская ,10,Площадь Восстания,297470500,Полтавская 10,37.7475151,47.951769799999994
4419,6,13,1,24.0,4300000,Красносельский,проспект Ветеранов,171к5,Ленинский проспект,299666392,проспект Ветеранов 171к5,30.1132513,59.8420306
4420,21,25,1,24.2,4300000,Невский,проспект Советский,34к2,Рыбацкое,298106423,проспект Советский 34к2,30.553049237990848,59.82740215
4421,10,12,1,23.6,4300000,Красносельский,проспект Ветеранов,171к5,Ленинский проспект,299096396,проспект Ветеранов 171к5,30.1132513,59.8420306
4422,9,13,1,23.33,4350000,Приморский,Планерная ,87к1,Комендантский проспект,297415593,Планерная 87к1,30.2018577,60.0320667
4423,11,25,1,29.1,4380000,Красногвардейский, Чарушинская,2,Девяткино,299422671,Чарушинская 2,30.4783472,60.01113135
4424,2,24,1,27.1,4390000,Невский, Русановская,9,Ломоносовская,299111248,Русановская 9,30.50328496013645,59.8632165
4425,14,26,-1,15.67,4449134,Московский, Орджоникидзе,44а,Московская,295219232,Орджоникидзе 44а,48.44669943114307,53.16345235
4426,3,25,1,19.1,4450000,Приморский,набережная Реки Каменки,19к1,Озерки,297410237,набережная Реки Каменки 19к1,30.270931758613195,60.05321635
4427,16,26,1,29.7,4499000,Выборгский, Архитектора Белова,6к1,,294174097,Архитектора Белова 6к1,30.31984449481317,60.0710275
4428,3,14,-1,15.0,4500000,Выборгский,Большой Сампсониевский проспект,74к2,Лесная,298092139,Большой Сампсониевский проспект 74к2,30.3339761,59.981874
4429,4,16,1,24.2,4535000,Невский, Славянская,28,Обухово,296598369,Славянская 28,41.38075017188841,52.7805564
4430,9,13,1,24.6,4500000,Красносельский,проспект Ветеранов,175,Проспект Ветеранов,298804288,проспект Ветеранов 175,30.1082863,59.8384779
4431,2,5,1,16.45,4524000,Центральный,Манежный переулок,15-17,Чернышевская,296301804,Манежный переулок 15-17,30.3593081,59.9425322
4432,17,27,1,28.7,4549999,Выборгский, Архитектора Белова,6к3,Парнас,299563800,Архитектора Белова 6к3,30.3208655,60.0709433
4433,3,5,1,26.0,4500000,Центральный,Кирочная ,11,Чернышевская,280186617,Кирочная 11,30.3543242,59.9438451
4434,1,5,1,15.0,4500000,Адмиралтейский,Рузовская ,29,Пушкинская,299044444,Рузовская 29,30.330047875811346,59.914903300000006
4435,14,14,1,26.0,4500000,Выборгский, Тихоокеанская,18к2,Комендантский проспект,275136349,Тихоокеанская 18к2,30.2344342,60.0700921
4436,7,24,1,23.0,4500000,Пушкинский,переулок Вилеровский,6,,298340784,переулок Вилеровский 6,30.3642959,59.8111794
4437,5,5,1,26.0,4500000,Адмиралтейский,Садовая ,112-114,Сенная площадь,292996297,Садовая 112-114,43.381081,52.415798
4438,9,12,1,23.27,4500000,Приморский,проспект Авиаконструкторов,61,Комендантский проспект,297328644,проспект Авиаконструкторов 61,30.21071969475075,60.03313165
4439,6,12,1,22.69,4550000,Невский, Гудиловская,6к1,Обухово,296570095,Гудиловская 6к1,30.53247648935025,59.82824855
4440,1,21,1,27.0,4580000,Приморский,Парашютная ,58,Комендантский проспект,299070061,Парашютная 58,30.243455118633918,60.0372116
4441,1,4,1,21.56,4550000,Центральный,Синопская набережная,32/35,Площадь Восстания,298751778,Синопская набережная 32/35,30.3884052,59.9309878
4442,25,25,1,26.9,4550000,Невский,проспект Советский,36к1,Рыбацкое,295326135,проспект Советский 36к1,30.553812,59.8257446
4443,2,8,1,24.5,4550000,Красносельский, Генерала Кравченко,7к3,Проспект Ветеранов,280239713,Генерала Кравченко 7к3,30.098865002472618,59.84149755
4444,11,11,1,20.1,4550000,Пушкинский,проспект Старорусский,13к2,Купчино,299385634,проспект Старорусский 13к2,30.35577234379145,59.805106499999994
4445,12,12,1,23.95,4550000,Красносельский,проспект Ветеранов,171к5,Ленинский проспект,299127798,проспект Ветеранов 171к5,30.1132513,59.8420306
4446,25,27,1,28.2,4600000,Выборгский, Архитектора Белова,6к3,Парнас,298213132,Архитектора Белова 6к3,30.3208655,60.0709433
4447,21,24,1,25.46,4600000,Приморский,шоссе Суздальское,18к4,Проспект Просвещения,287733598,шоссе Суздальское 18к4,30.281430919183816,60.05939535
4448,10,12,1,27.5,4600000,Красносельский, Летчика Лихолетова,14к2,Проспект Ветеранов,297850837,Летчика Лихолетова 14к2,30.1047948,59.8416666
4449,3,13,1,24.05,4600000,Приморский,Планерная ,87к1,Комендантский проспект,297324722,Планерная 87к1,30.2018577,60.0320667
4450,2,26,1,21.7,4650000,Приморский,набережная Реки Каменки,21к1,Озерки,298260224,набережная Реки Каменки 21к1,30.269281076588115,60.052364850000004
4451,3,25,1,26.2,4690000,Пушкинский, Валдайская,6к2,Купчино,298153934,Валдайская 6к2,30.3776532,59.8020684
4452,3,8,1,26.2,4650000,Красносельский,проспект Буденного,21к1,Проспект Ветеранов,296513351,проспект Буденного 21к1,30.092032504792332,59.844749500000006
4453,2,5,1,25.6,4690000,Московский,Пулковское шоссе,99к4,Звездная,299436792,Пулковское шоссе 99к4,30.3249394,59.7828449
4454,4,6,1,18.6,4700000,Адмиралтейский,набережная Обводного Канала,113,,293953297,набережная Обводного Канала 113,30.3067682,59.9090462
4455,2,3,-1,26.5,4716000,Невский,Рыбацкий проспект,18,Рыбацкое,297885084,Рыбацкий проспект 18,30.503541249999984,59.84099915
4456,2,4,1,18.0,4700000,Центральный,Загородный проспект,24,Достоевская,295676672,Загородный проспект 24,38.10236849999998,63.917687349999994
4457,11,13,1,21.9,4799000,Приморский,проспект Авиаконструкторов,61,Комендантский проспект,296705193,проспект Авиаконструкторов 61,30.21071969475075,60.03313165
4458,3,4,1,24.0,4750000,Пушкинский,шоссе Колпинское,129,Шушары,288276065,шоссе Колпинское 129,30.5465822,59.7491975
4459,14,19,1,26.0,4750000,Выборгский,Заречная ,13к3,Парнас,297108112,Заречная 13к3,55.700733,57.550739
4460,21,21,1,21.56,4790000,Невский, Русановская,24,Ломоносовская,297137320,Русановская 24,30.51660729098161,59.86497575
4461,16,21,1,22.09,4790000,Невский, Русановская,24,Ломоносовская,296266051,Русановская 24,30.51660729098161,59.86497575
4462,17,18,1,21.4,4790000,Невский,Октябрьская набережная,102,Улица Дыбенко,290404279,Октябрьская набережная 102,30.480385,59.8702609
4463,3,5,1,25.05,4750000,Пушкинский, Архитектора Данини,19к1,Московская,290510567,Архитектора Данини 19к1,30.40868802682601,59.695075849999995
4464,13,14,1,23.95,4800000,Приморский,Планерная ,87к1,Комендантский проспект,292048587,Планерная 87к1,30.2018577,60.0320667
4465,10,25,1,19.9,4800000,Приморский,набережная Реки Каменки,19к3,Проспект Просвещения,297496263,набережная Реки Каменки 19к3,30.270022291486164,60.05280045
4466,4,14,1,24.3,4849999,Приморский,аллея Арцеуловская,19,Комендантский проспект,297208637,аллея Арцеуловская 19,30.210050626702333,60.040251350000005
4467,3,25,1,25.8,4890000,Приморский,шоссе Суздальское,30к2,Парнас,284056829,шоссе Суздальское 30к2,30.2701083,60.0578641
4468,2,4,1,24.4,4900000,Пушкинский,шоссе Колпинское,129,Шушары,296779531,шоссе Колпинское 129,30.5465822,59.7491975
4469,9,23,1,27.0,4900000,Пушкинский,Школьная ,17,,299611479,Школьная 17,53.077626072094425,57.640691149999995
4470,8,16,1,22.1,4900000,Невский, Крыленко,1к1с7,Елизаровская,299269825,Крыленко 1к1с7,30.451597786333288,59.89153425
4471,10,14,1,21.35,4900000,Приморский,проспект Авиаконструкторов,61,,298526498,проспект Авиаконструкторов 61,30.21071969475075,60.03313165
4472,23,25,1,23.6,4930000,Приморский, Плесецкая,20к2,Комендантский проспект,294629236,Плесецкая 20к2,30.228669815463853,60.03830225
4473,4,5,1,32.1,4900000,Московский,Пулковское шоссе,71к3,Звездная,290974377,Пулковское шоссе 71к3,30.3249394,59.7828449
4474,9,25,1,24.5,4900000,Приморский, Верхне-Каменская,11к1,Комендантский проспект,298063471,Верхне-Каменская 11к1,30.20639637914536,60.0359971
4475,6,20,1,23.2,4950000,Красносельский, Маршала Казакова,70к1с1,Автово,293952418,Маршала Казакова 70к1с1,30.175024581482024,59.86670265
4476,4,4,1,25.8,4990000,Пушкинский,шоссе Колпинское,129,Шушары,298851049,шоссе Колпинское 129,30.5465822,59.7491975
4477,2,3,-1,27.7,4999850,Невский,Рыбацкий проспект,18,Рыбацкое,298832401,Рыбацкий проспект 18,30.503541249999984,59.84099915
4478,15,15,1,23.8,4990000,Московский,Пулковское шоссе,42к6,,297936140,Пулковское шоссе 42к6,30.3386769,59.8148408
4479,5,23,1,30.6,4950000,Невский, Русановская,15к1,Обухово,289120002,Русановская 15к1,30.509906292001844,59.86450215
4480,1,3,1,25.9,4990000,Невский,проспект Обуховской обороны,123А,Елизаровская,298067338,проспект Обуховской обороны 123А,30.4411342,59.8893694
4481,1,18,1,27.05,4999000,Приморский,аллея Арцеуловская,15,Комендантский проспект,296062824,аллея Арцеуловская 15,30.2016135196031,60.0403582
4482,13,19,-1,28.4,4950000,Василеостровский,бульвар Александра Грина,1,Василеостровская,295807228,бульвар Александра Грина 1,30.2049943,59.9369829
4483,16,16,1,28.0,4950000,Приморский, Плесецкая,10,Комендантский проспект,299163627,Плесецкая 10,40.21978137664691,61.684778449999996
4484,1,4,-1,12.4,4990000,Адмиралтейский,Английский проспект,30Б,Балтийская,299026979,Английский проспект 30Б,30.2868071,59.9209464
4485,5,5,1,25.17,4950000,Пушкинский, Архитектора Данини,19к2,Купчино,291271448,Архитектора Данини 19к2,30.408370976826006,59.69557125
4486,18,25,1,29.2,5015000,Приморский,аллея Арцеуловская,21,Комендантский проспект,299054999,аллея Арцеуловская 21,30.21639725,60.040903549999996
4487,20,25,1,21.0,5000000,Выборгский, Шишкина,311,Парнас,297409782,Шишкина 311,30.355728262251077,60.08767545
4488,6,24,1,26.7,5000000,Выборгский, Архитектора Белова,6к1,Парнас,293719803,Архитектора Белова 6к1,30.31984449481317,60.0710275
4489,11,19,-1,22.9,5000000,Василеостровский,бульвар Александра Грина,3,Василеостровская,299103462,бульвар Александра Грина 3,30.2018023,59.9365239
4490,20,20,1,24.0,5000000,Красносельский, Маршала Казакова,70к1с1,Ленинский проспект,294422779,Маршала Казакова 70к1с1,30.175024581482024,59.86670265
4491,6,14,-1,20.9,5000000,Выборгский,Большой Сампсониевский проспект,74к2,Лесная,292798336,Большой Сампсониевский проспект 74к2,30.3339761,59.981874
4492,12,12,1,27.0,5000000,Красносельский,проспект Ветеранов,175,Проспект Ветеранов,298056111,проспект Ветеранов 175,30.1082863,59.8384779
4493,13,16,1,24.9,5050000,Приморский,Комендантский проспект,66к1,Комендантский проспект,298224865,Комендантский проспект 66к1,30.21959135175431,60.0405894
4494,4,14,1,24.0,5050000,Приморский,аллея Арцеуловская,19,Комендантский проспект,293803882,аллея Арцеуловская 19,30.210050626702333,60.040251350000005
4495,13,19,1,28.4,5090000,Василеостровский,бульвар Александра Грина,1,,297452972,бульвар Александра Грина 1,30.2049943,59.9369829
4496,13,13,1,21.3,5100000,Приморский,проспект Авиаконструкторов,61,Комендантский проспект,299558859,проспект Авиаконструкторов 61,30.21071969475075,60.03313165
4497,2,5,1,27.57,5100000,Московский,Пулковское шоссе,71к16,Звездная,299134820,Пулковское шоссе 71к16,30.311486721683067,59.764940800000005
4498,3,4,1,24.3,5100000,Красносельский, Владимира Пчелинцева,4,Проспект Ветеранов,279154958,Владимира Пчелинцева 4,30.110990601286925,59.83300495
4499,8,12,1,24.7,5100000,Красносельский, Генерала Кравченко,8,Проспект Ветеранов,298746009,Генерала Кравченко 8,30.1042007,59.8388926
4500,9,25,1,28.46,5110000,Приморский,проспект Авиаконструкторов,69,Комендантский проспект,298343462,проспект Авиаконструкторов 69,30.199956904334798,60.0380875
4501,10,25,1,26.62,5110000,Приморский,проспект Авиаконструкторов,69,Комендантский проспект,297885353,проспект Авиаконструкторов 69,30.199956904334798,60.0380875
4502,6,15,-1,26.0,5100000,Невский, Крыленко,14с2,Улица Дыбенко,294824502,Крыленко 14с2,30.463369865589748,59.8955546
4503,18,24,1,23.9,5100000,Приморский, Плесецкая,10,Комендантский проспект,297806607,Плесецкая 10,40.21978137664691,61.684778449999996
4504,25,26,1,24.57,5150000,Приморский, Верхне-Каменская,11к1с1,Комендантский проспект,296027142,Верхне-Каменская 11к1с1,30.2171359,60.0362029
4505,17,25,1,24.1,5150000,Приморский, Верхне-Каменская,7к1,Комендантский проспект,293424624,Верхне-Каменская 7к1,30.21383527508609,60.03694645
4506,15,18,-1,29.0,5150000,Василеостровский,бульвар Александра Грина,1,Приморская,292571474,бульвар Александра Грина 1,30.2049943,59.9369829
4507,5,5,1,22.5,5155000,Московский, Орбитальная,7к1,Звездная,297370259,Орбитальная 7к1,30.317041514929834,59.76117045
4508,20,24,1,27.0,5200000,Приморский, Верхне-Каменская,11к1,Комендантский проспект,297850832,Верхне-Каменская 11к1,30.20639637914536,60.0359971
4509,3,4,1,24.3,5200000,Красносельский, Владимира Пчелинцева,4,Проспект Ветеранов,298070903,Владимира Пчелинцева 4,30.110990601286925,59.83300495
4510,4,5,1,25.4,5200000,Московский,Пулковское шоссе,95к3,Звездная,298689217,Пулковское шоссе 95к3,30.3249394,59.7828449
4511,7,26,-1,16.75,5250000,Московский, Орджоникидзе,44а,Московская,282723850,Орджоникидзе 44а,48.44669943114307,53.16345235
4512,10,18,1,24.3,5250000,Невский, Крыленко,1к1с1,Улица Дыбенко,298491576,Крыленко 1к1с1,30.45014925011364,59.8924502
4513,3,25,1,25.18,5300000,Приморский,Комендантский проспект,71,Комендантский проспект,297472819,Комендантский проспект 71,30.2222391,60.0405765
4514,12,18,-1,17.0,5300000,Фрунзенский, Салова,61,Бухарестская,298068179,Салова 61,30.3696003,59.8854551
4515,6,25,1,25.62,5300000,Приморский,проспект Авиаконструкторов,69,Комендантский проспект,299068214,проспект Авиаконструкторов 69,30.199956904334798,60.0380875
4516,7,8,1,23.8,5300000,Красносельский,проспект Ветеранов,185к2,Проспект Ветеранов,280249213,проспект Ветеранов 185к2,30.09664598584028,59.84163865
4517,9,28,1,33.2,5300000,Выборгский, Прокофьева,7к2,Проспект Просвещения,297048239,Прокофьева 7к2,30.3230569,60.0618113
4518,5,14,-1,23.0,5300000,Выборгский,Большой Сампсониевский проспект,74к2,Лесная,296699218,Большой Сампсониевский проспект 74к2,30.3339761,59.981874
4519,10,25,1,26.0,5300000,Приморский,аллея Арцеуловская,21,Комендантский проспект,299166160,аллея Арцеуловская 21,30.21639725,60.040903549999996
4520,19,25,1,24.1,5300000,Приморский,Комендантский проспект,66к3,Комендантский проспект,299416299,Комендантский проспект 66к3,30.217434984446854,60.039329949999996
4521,5,5,1,28.0,5350000,Московский, Орбитальная,11,Звездная,293901878,Орбитальная 11,39.7219623,47.3022131
4522,4,4,1,25.59,5350000,Красносельский,проспект Буденного,13,Проспект Ветеранов,296087423,проспект Буденного 13,37.720891217165416,55.77562865
4523,4,14,-1,23.7,5390000,Выборгский,Политехническая ,6,Площадь Мужества,298136850,Политехническая 6,38.089757589985595,48.2933983
4524,2,25,1,26.0,5350000,Приморский,проспект Авиаконструкторов,69,Комендантский проспект,299294558,проспект Авиаконструкторов 69,30.199956904334798,60.0380875
4525,9,28,1,30.0,5390000,Выборгский, Федора Абрамова,23к1,Парнас,295443052,Федора Абрамова 23к1,30.3432137,60.0811284
4526,4,5,1,26.3,5350000,Московский,Пулковское шоссе,95к4,Проспект Ветеранов,298689118,Пулковское шоссе 95к4,30.3249394,59.7828449
4527,21,22,-1,25.0,5350000,Московский,Пулковское шоссе,14с6,Звездная,297988869,Пулковское шоссе 14с6,30.3300269,59.8314363
4528,15,18,1,27.0,5400000,Приморский,аллея Арцеуловская,15,Комендантский проспект,298662192,аллея Арцеуловская 15,30.2016135196031,60.0403582
4529,3,26,1,30.0,5400000,Выборгский, Архитектора Белова,9,Парнас,293529072,Архитектора Белова 9,30.316010119233376,60.0684807
4530,11,25,1,26.0,5400000,Приморский, Верхне-Каменская,5,Комендантский проспект,294881712,Верхне-Каменская 5,30.21531557524252,60.03690345
4531,27,27,1,28.35,5400000,Выборгский,проезд Толубеевский,24,Парнас,298367188,проезд Толубеевский 24,30.351907867603757,60.07984295
4532,16,27,1,24.2,5400000,Выборгский, Николая Рубцова,5к1,Парнас,292982453,Николая Рубцова 5к1,30.3485288,60.0745601
4533,13,25,1,25.13,5499000,Приморский,проспект Авиаконструкторов,69,Комендантский проспект,285802245,проспект Авиаконструкторов 69,30.199956904334798,60.0380875
4534,2,4,1,26.0,5490000,Адмиралтейский,Троицкий проспект,14,Балтийская,298804377,Троицкий проспект 14,30.2998209,59.9157427
4535,4,11,-1,23.7,5450000,Выборгский,Политехническая ,6,Площадь Мужества,298980162,Политехническая 6,38.089757589985595,48.2933983
4536,13,25,1,26.37,5550000,Приморский, Верхне-Каменская,11к1с1,Комендантский проспект,296521395,Верхне-Каменская 11к1с1,30.2171359,60.0362029
4537,5,6,1,25.0,5500000,Курортный, Строителей,3к2,,299584211,Строителей 3к2,29.68056272511327,60.2077282
4538,12,25,1,24.2,5550000,Приморский,Комендантский проспект,69,Комендантский проспект,294866919,Комендантский проспект 69,30.224499280418428,60.03925735
4539,19,30,-1,26.36,5500000,Московский,Витебский проспект,101к1,Купчино,284906036,Витебский проспект 101к1,30.37304775,59.829603649999996
4540,2,3,-1,30.7,5526000,Невский,Рыбацкий проспект,18,Рыбацкое,296663301,Рыбацкий проспект 18,30.503541249999984,59.84099915
4541,3,3,-1,27.9,5580000,Невский,Рыбацкий проспект,18,Рыбацкое,289530582,Рыбацкий проспект 18,30.503541249999984,59.84099915
4542,7,26,1,27.0,5500000,Выборгский,Заречная ,11к2,Парнас,289004645,Заречная 11к2,56.057446,57.864151
4543,5,18,1,22.0,5500000,Московский, Среднерогатская,16к4,Звездная,295936665,Среднерогатская 16к4,30.3428581,59.8238344
4544,1,5,1,30.0,5500000,Колпинский,Понтонная ,9к1,,297119803,Понтонная 9к1,33.5056368,44.6053366
4545,9,14,-1,20.7,5500000,Кировский,проспект Стачек,64,Кировский завод,286934792,проспект Стачек 64,30.2692413,59.8880868
4546,2,27,1,29.85,5540000,Выборгский,Заречная ,45к2,Парнас,297445703,Заречная 45к2,55.700733,57.550739
4547,3,3,1,18.44,5500000,Центральный,Суворовский проспект,1/8,Площадь Восстания,296979347,Суворовский проспект 1/8,30.3683818,59.9319656
4548,8,25,1,24.3,5600000,Приморский,аллея Арцеуловская,21,Комендантский проспект,297743667,аллея Арцеуловская 21,30.21639725,60.040903549999996
4549,4,4,1,24.7,5600000,Красносельский,проспект Ветеранов,210,Проспект Ветеранов,299641512,проспект Ветеранов 210,30.2081652,59.8332048
4550,12,25,1,24.3,5600000,Приморский,Комендантский проспект,69,Комендантский проспект,299628126,Комендантский проспект 69,30.224499280418428,60.03925735
4551,11,13,1,25.65,5600000,Приморский,Планерная ,97к1,Комендантский проспект,298057461,Планерная 97к1,30.195940882143525,60.03332305
4552,7,11,-1,22.37,5600000,Выборгский,Политехническая ,6,Площадь Мужества,292799558,Политехническая 6,38.089757589985595,48.2933983
4553,3,5,1,28.4,5600000,Московский,Пулковское шоссе,95к4,Проспект Ветеранов,298689188,Пулковское шоссе 95к4,30.3249394,59.7828449
4554,10,13,-1,24.5,5650000,Невский,Варфоломеевская ,6,Ломоносовская,296612017,Варфоломеевская 6,30.41965948839928,59.879154
4555,3,6,1,28.0,5650000,Фрунзенский,Днепропетровская ,59,Обводный канал,283509182,Днепропетровская 59,30.35756111177414,59.9118669
4556,22,24,1,22.0,5650000,Выборгский, Архитектора Белова,9,,290456237,Архитектора Белова 9,30.316010119233376,60.0684807
4557,8,24,1,22.8,5650000,Кировский,проспект Народного ополчения,149,Проспект Ветеранов,298701832,проспект Народного ополчения 149,30.2460733,59.8304093
4558,5,24,1,30.0,5700000,Выборгский, Михаила Дудина,10,Парнас,295333461,Михаила Дудина 10,46.74896162859367,39.804180599999995
4559,9,12,-1,25.6,5700000,Кировский,Автово,5к1,,297170185,Автово 5к1,30.2633992,59.8706838
4560,11,24,1,24.4,5700000,Приморский, Плесецкая,10с1,Комендантский проспект,295895938,Плесецкая 10с1,30.2148533,60.0345993
4561,8,25,1,27.7,5799000,Приморский,аллея Арцеуловская,19,Комендантский проспект,293236944,аллея Арцеуловская 19,30.210050626702333,60.040251350000005
4562,21,23,1,26.9,5810000,Невский,Октябрьская набережная,44,,293806538,Октябрьская набережная 44,30.4478601,59.8935246
4563,8,21,-1,23.7,5800000,Московский,Витебский проспект,101к2,Купчино,298161714,Витебский проспект 101к2,30.3714192,59.8297556
4564,8,13,1,24.0,5880000,Приморский,Планерная ,87к1,Комендантский проспект,297878632,Планерная 87к1,30.2018577,60.0320667
4565,15,18,1,27.0,5870000,Приморский, Верхне-Каменская,11к1с1,,295813264,Верхне-Каменская 11к1с1,30.2171359,60.0362029
4566,20,24,1,25.2,5850000,Приморский,проспект Королева,57к1,Комендантский проспект,297697529,проспект Королева 57к1,30.247228472072106,60.02802545
4567,18,19,1,29.1,5850000,Выборгский, Михаила Дудина,12,Парнас,299519152,Михаила Дудина 12,46.748965623679304,39.8040673
4568,13,20,1,19.8,5850000,Василеостровский,бульвар Головнина,10,,296126120,бульвар Головнина 10,30.1996323,59.936564
4569,14,25,1,27.0,5890000,Приморский,аллея Арцеуловская,21,Комендантский проспект,297316966,аллея Арцеуловская 21,30.21639725,60.040903549999996
4570,16,17,1,26.7,5850000,Приморский, Верхне-Каменская,11к1,Комендантский проспект,295935724,Верхне-Каменская 11к1,30.20639637914536,60.0359971
4571,6,19,1,25.6,5850000,Приморский,проспект Королева,69,Комендантский проспект,298783399,проспект Королева 69,30.2399972,60.0328562
4572,21,21,1,28.6,5850000,Красносельский,проспект Героев,27к1,Ленинский проспект,295995211,проспект Героев 27к1,30.159169,59.8610547
4573,15,15,1,26.0,5850000,Выборгский,Сиреневый бульвар,9,Проспект Просвещения,285914634,Сиреневый бульвар 9,42.19014815,47.52853655
4574,9,18,-1,24.6,5950000,Фрунзенский, Салова,61,Бухарестская,298755288,Салова 61,30.3696003,59.8854551
4575,16,18,1,26.75,5980000,Приморский, Верхне-Каменская,11к1,Комендантский проспект,296565925,Верхне-Каменская 11к1,30.20639637914536,60.0359971
4576,1,4,1,24.6,5900000,Красносельский,проспект Ветеранов,196,Проспект Ветеранов,292050811,проспект Ветеранов 196,30.1117175,59.8342133
4577,7,16,1,22.15,5900000,Калининский,проспект Маршала Блюхера,7к1,Лесная,293304958,проспект Маршала Блюхера 7к1,30.3742817,59.98103
4578,5,18,-1,19.3,5990000,Фрунзенский, Салова,61,Бухарестская,299188543,Салова 61,30.3696003,59.8854551
4579,10,22,-1,26.2,6000000,Московский,Пулковское шоссе,14с6,Звездная,289345663,Пулковское шоссе 14с6,30.3300269,59.8314363
4580,5,11,1,25.0,6000000,Приморский, Плесецкая,16,Комендантский проспект,291883006,Плесецкая 16,30.222856655201525,60.036374800000004
4581,4,18,1,22.9,6000000,Невский,Октябрьская набережная,40,,298964435,Октябрьская набережная 40,60.42294845,60.6958222
4582,6,23,1,25.0,6090000,Калининский,Кондратьевский проспект,68к4,Лесная,298684136,Кондратьевский проспект 68к4,30.39159,59.9842581
4583,2,25,1,22.52,6090000,Красносельский, Маршала Казакова,21к3,Автово,298924485,Маршала Казакова 21к3,30.2442296,59.8596931
4584,3,15,1,28.83,6100000,Приморский, Плесецкая,26,Комендантский проспект,287614607,Плесецкая 26,30.237369710571652,60.04037995
4585,5,19,1,26.2,6100000,Московский,5-й Предпортовый проезд,12к2,Звездная,297215984,5-й Предпортовый проезд 12к2,30.314601251249947,59.8333566
4586,15,25,1,26.0,6150000,Приморский,Парашютная ,36к1,Комендантский проспект,298527434,Парашютная 36к1,30.253913324990698,60.0275618
4587,4,17,1,27.2,6150000,Приморский,Богатырский проспект,58к3,Комендантский проспект,296719458,Богатырский проспект 58к3,30.205855044526636,60.005767750000004
4588,7,25,1,26.7,6200000,Приморский,Камышовая ,38к1,Комендантский проспект,297129863,Камышовая 38к1,30.220653,60.0088743
4589,11,15,1,26.26,6200000,Невский,Октябрьская набережная,34к4,Проспект Большевиков,292334931,Октябрьская набережная 34к4,30.44243,59.9063715
4590,2,3,-1,28.4,6248000,Невский,Рыбацкий проспект,18,Рыбацкое,298832417,Рыбацкий проспект 18,30.503541249999984,59.84099915
4591,4,24,1,25.0,6230000,Приморский,проспект Королева,59к2,Комендантский проспект,297090351,проспект Королева 59к2,30.2473934,60.0293026
4592,8,16,-1,28.5,6150000,Выборгский, Хошимина,16,Проспект Просвещения,294164416,Хошимина 16,30.3248635,60.053911
4593,12,25,1,31.2,6200000,Приморский,Полевая Сабировская ,47к1,Пионерская,298100864,Полевая Сабировская 47к1,30.2737981,59.9968215
4594,13,15,1,23.9,5950000,Невский,Союзный проспект,4,Проспект Большевиков,299127926,Союзный проспект 4,43.85584325630458,56.3591905
4595,6,23,1,30.4,6150000,Невский, Русановская,16к3,Ломоносовская,298806561,Русановская 16к3,30.507838,59.867037
4596,9,18,1,42.6,6150000,Красносельский,шоссе Красносельское,54к1,Проспект Ветеранов,293101780,шоссе Красносельское 54к1,30.151786674394856,59.791589900000005
4597,7,13,1,29.5,6150000,Приморский,Планерная ,97к2,,286917962,Планерная 97к2,30.194711104662133,60.0336171
