,floor,floors_count,rooms_count,total_meters,price,cian_id,distance_to_subway,distance_to_center,district_rank
0,7,9,1,42.3,16835400,298367029,0.0005839236475528783,3372.3078697533624,1
1,4,25,1,37.0,10500000,297442986,0.0007462524528435942,8368.926394051688,9
2,10,16,1,44.0,10000000,298702714,0.0033216458770290434,8389.206552634869,9
3,4,8,1,38.5,17500000,298588228,0.0005772743873212993,3023.4265685710643,1
4,6,7,1,65.36,22733515,293435902,0.001873124201333252,2427.235424631879,4
5,9,13,1,30.8,8000000,297243992,0.00023807546229222617,11951.860919378407,9
6,2,17,1,48.0,14500000,299595690,0.0006700946640673417,6772.914947849459,6
7,11,14,1,34.16,13079999,279351973,0.0,6908.371857739092,10
8,6,11,1,40.46,16960832,299636558,0.002691499980391655,5337.23626028407,10
9,9,16,1,46.6,11350000,299399518,0.0006843135662997012,7729.2347182125595,6
10,12,25,1,40.0,6890000,299378118,0.0,11957.448964928235,13
11,3,23,1,62.1,20989800,299451100,0.0008606429687940384,7074.693753651223,6
12,11,12,1,32.59,5800000,297722654,0.0,15664.476922351456,13
13,3,8,1,39.3,19118473,293496609,0.0007796067408117638,3531.0111824615014,1
14,1,14,1,37.7,5950000,296856031,0.00024798281572122,11709.002197101581,13
15,2,9,1,35.99,11849999,299481340,0.00024131935475818608,4386.753252758496,3
16,8,10,1,40.7,13850000,299006414,0.001809267428977409,5113.850529863661,9
17,3,12,1,47.4,16225848,289388509,0.0,45698.99600438173,5
18,1,13,1,36.3,6100000,298375223,0.0,15929.967683458499,13
19,2,9,1,29.11,7535060,298331096,0.0,14219.929287195602,13
20,3,4,1,29.6,4913600,297719432,0.0,22243.61134449418,13
21,15,16,1,46.0,14150000,295197899,0.0033362017085776813,5661.396611433766,7
22,7,12,1,32.2,7600000,272257905,0.0,27725.03866469646,9
23,5,25,1,51.4,9406200,292061882,0.0006845045686329397,12774.579788042094,8
24,3,4,1,45.0,7999999,298687821,0.0,20631.09824345016,11
25,19,24,1,34.5,6234150,297361104,0.0,14467.660341501061,9
26,2,4,1,31.0,5487000,290174351,0.0,22243.61134449418,13
27,9,19,1,39.7,6790000,298895332,0.0004677290840572663,6085.950014741629,4
28,2,8,1,21.88,11933352,298529949,0.0027167605928378087,2612.434051709723,1
29,4,20,1,36.0,9890000,298574187,0.0,13361.081670282136,13
30,2,8,1,39.5,17241750,298461605,0.000797014911166779,4033.544608364312,1
31,4,25,1,50.4,10600000,296238884,0.003018842993614396,12664.203788008075,7
32,5,9,1,29.0,8500000,297427106,0.0062919562907893635,6790.119561550809,9
33,5,11,1,41.7,9690000,277269506,0.00508351860295716,5305.729883300576,7
34,1,8,1,76.5,22950000,296753880,0.0,3740.56702629315,1
35,7,16,1,40.6,19500000,299467095,0.005171888598262028,6907.855774663187,7
36,7,7,1,58.7,28500000,268560184,0.0017169848161366443,3074.1055689845875,3
37,4,19,1,42.0,16700000,298331683,0.003721539352521512,4141.1852445752775,3
38,3,20,1,70.35,19000000,297086499,0.0010181606224547533,4602.714183081267,9
39,5,5,1,42.0,8450000,297617210,0.0,21298.747774048392,18
40,9,20,1,34.59,10189999,279507019,0.0,6973.704459245435,4
41,4,10,1,41.3,16000000,299192913,0.005233786065658821,3896.0540483730765,7
42,4,23,1,32.62,6207564,298977574,0.0,13805.204170430852,9
43,4,4,1,40.3,5964400,298267433,0.0,22243.61134449418,13
44,3,8,1,40.5,20456954,299196217,0.00041271741759290497,3259.869239767524,1
45,6,23,1,38.7,6990000,293573680,0.0,5413.5533403997,18
46,22,27,1,33.77,7799904,297361344,0.0,16176.821458851662,6
47,6,9,1,36.6,9000000,299139282,0.0008376418098023872,5349.559677474297,4
48,2,20,1,33.5,10990000,299243910,0.00029487628744789764,11463.78174720624,9
49,6,6,1,37.2,10000000,295258416,0.001523980986249966,2405.390166010839,4
50,3,9,1,26.91,10497494,291720442,0.0012671506381348664,2431.4119256350064,4
51,6,13,1,34.56,8100000,299517113,0.0004009465101520896,6316.559801741852,4
52,7,9,1,43.77,16990000,296121150,0.0008667257292285963,2749.465268207675,1
53,4,7,1,36.0,9999000,299667280,0.0014314446856505561,3135.9411793928834,3
54,11,12,1,39.6,15444000,293956325,0.0011961205477479906,5006.838569585699,9
55,4,8,1,37.6,12100000,298169679,0.00027879954943364245,6253.132617913079,10
56,2,10,1,33.18,6400000,292885053,0.0,15577.340142860785,13
57,11,24,1,36.2,5980000,287506866,0.00024609071631469405,13791.994911995893,15
58,3,9,1,64.44,29809944,297998589,0.00046737261030091064,2750.7766748482773,4
59,11,29,1,47.7,11300000,297370904,0.0008501093587263661,12434.760083044303,6
60,3,13,1,36.2,7550000,292934116,0.0002481429031067954,11911.15771542143,9
61,6,10,1,37.12,15122688,297998586,0.0023737459827687245,5037.781360137036,9
62,5,8,1,46.9,17300000,296170905,0.0007796067408117638,3531.0111824615014,1
63,1,5,1,36.4,6150000,269178916,0.0,13564.511800426237,9
64,2,15,1,37.42,8085854,291938304,0.002088270244195842,6835.296791873763,10
65,2,26,1,38.6,8600000,298854923,0.001554168172659602,12398.013009537184,14
66,3,11,1,38.07,13478684,299555564,0.0008598427095825661,7328.485835206947,7
67,3,9,1,39.1,16200000,297217133,0.0011254875375892395,4304.738370012683,6
68,7,9,1,42.7,16789640,298367006,0.0005839236475528783,3372.3078697533624,1
69,5,16,1,36.8,12320000,299561227,0.0012482916273173217,7553.411450717155,9
70,6,10,1,33.3,5550000,295161407,0.00042182653481261437,9519.239859600222,9
71,4,10,1,41.1,8490000,298705717,0.000786367794848603,5663.78924403207,15
72,9,11,1,37.7,8750000,296514485,0.0008904352708223,10870.54286151478,17
73,6,9,1,30.2,8700000,299389917,0.003753105396237033,11705.1684329487,17
74,3,10,1,41.98,20150400,267475944,0.005233786065658821,3896.0540483730765,7
75,6,7,1,39.9,16799000,298623712,0.0005192487310450389,6331.38029142412,6
76,8,12,1,38.06,10995534,266866924,0.0002443202332049146,11930.967202371161,9
77,9,10,1,33.5,9100000,296429310,0.0033417787143351736,7915.780196655785,9
78,10,24,1,41.5,14550232,294535347,0.001232919597549855,9403.275120985547,15
79,1,9,1,31.7,5600000,299029630,0.0,15598.926391714918,13
80,1,5,1,51.5,13400000,294205466,0.0,26306.948337262696,5
81,2,13,1,33.7,9886232,292739077,0.0003710789876812801,6270.818078420478,14
82,6,9,1,32.3,5800000,299186520,0.00046483052861142526,12704.449625708348,8
83,2,12,1,63.5,10960100,294538515,0.0009755093336249015,12031.044755589239,7
84,4,7,1,47.4,14900000,299206769,0.0012376025448930334,3558.1361196457965,2
85,2,12,1,32.4,9150796,292512705,0.0003710789876812801,6270.818078420478,14
86,6,16,1,38.8,6150000,299071423,0.00034411448784171664,11675.836942782886,13
87,2,5,1,41.29,9207670,294693178,0.0004040844495318558,13073.080330525087,6
88,12,29,1,39.4,8360000,292436369,0.0008501093587263661,12434.760083044303,6
89,5,5,1,31.0,5900000,291921103,0.0016607282011580466,6283.552488268961,10
90,15,15,1,32.03,10025390,298050421,0.0002374534952760344,4178.483754247512,4
91,7,13,1,45.3,7790000,296548554,0.0010499880107018857,10961.438377411841,15
92,11,17,1,38.6,7590000,298378211,0.0010312473873042957,7989.304695674037,15
93,3,9,1,43.0,16600000,295206611,0.00029617947730836583,3296.8224665466396,4
94,3,25,1,39.04,10090307,297024768,0.0022092997571388586,6516.88336096182,9
95,12,14,1,39.8,15950000,298499897,0.0007964301837182361,4959.245931056914,9
96,3,13,1,37.6,9317922,292452929,0.0002545638473059476,11649.043416710198,9
97,16,25,1,35.2,7600000,295268092,0.0003853215289736214,6399.4385385500045,8
98,18,24,1,35.5,6800000,299096314,0.0,20433.736543442858,6
99,23,25,1,37.07,7531446,298056575,0.00029589848733084566,12914.3343796289,9
100,2,5,1,30.4,3790000,296190867,0.0,17936.801930769005,16
101,9,14,1,45.77,9500000,299092760,0.00036045523331633547,6320.613088896074,4
102,11,12,1,45.51,13147839,293371715,0.00026808539679687833,11481.157584312961,9
103,6,24,1,33.8,6100000,298715153,0.00025259662274253295,13755.860814684214,15
104,10,13,1,34.55,7578888,299028880,0.0,12436.029890540683,9
105,4,4,1,33.9,16500000,295659991,0.0014365886077653098,2451.560723144385,2
106,2,15,1,36.9,10837530,294544573,0.0007119083617079709,8999.34609272824,15
107,12,22,1,37.9,9480000,294867847,0.0012293269111225491,8820.760432427494,8
108,18,26,1,39.98,7200000,297486994,0.0007713818775976856,14216.189822755665,6
109,3,9,1,32.7,6000000,295682288,0.0,15137.158379680386,13
110,6,8,1,54.4,29376000,280459325,0.0021384483396120297,3220.8379309852594,1
111,1,10,1,40.5,5100000,292406186,0.0,18105.935936579637,18
112,7,10,1,38.4,6600000,297075527,0.00042182653481261437,9519.239859600222,9
113,2,18,1,41.6,6250000,297989469,0.0,11803.088386018626,13
114,17,17,1,39.4,7299000,295283735,0.0008739890648217033,12586.436465201716,7
115,14,14,1,41.0,7450000,291808351,0.00037407069931236675,13243.258696182744,6
116,2,12,1,34.7,8241250,299403387,0.0006998423123496174,6344.425921978766,10
117,5,12,1,34.5,6300000,296733100,0.00020478291838683146,10436.841440518883,10
118,10,10,1,45.6,14000000,298739677,0.0007886877524659664,6315.784711731547,9
119,14,23,1,31.3,4590000,294020465,0.00042440798726862034,14800.918746849322,18
120,12,14,1,40.41,14900000,297014130,0.0008488710754344038,4959.245931056914,9
121,1,18,1,42.2,12600000,299398539,0.0007406124178147204,9472.614698630448,14
122,2,19,1,32.0,8000000,299099426,0.0008065649769145697,13292.558192721694,7
123,24,24,1,41.0,6425000,297227985,0.000392240360789206,14739.642872447726,18
124,6,19,1,33.54,8300000,296212408,0.0003164567475881188,8458.800578056811,15
125,9,17,1,42.0,6800000,295879876,0.0,12137.663714909688,13
126,2,10,1,41.0,10050043,296851449,0.0002237706583249908,12341.274823653108,9
127,15,17,1,33.7,7500000,294179154,0.00036277906661836526,8922.810337315967,9
128,12,14,1,37.0,7900000,292434440,0.0002915653654644408,12728.406442440662,9
129,16,24,1,34.7,6300000,295721078,0.000727970597477248,15414.70798678371,6
130,2,5,1,33.4,6950155,299582550,0.0,19482.833647741056,7
131,3,12,1,49.0,13900000,292112525,0.0009119611786322062,6919.6106214731335,7
132,2,7,1,29.1,7750000,294941822,0.001572143287837642,3336.70172644121,1
133,5,5,1,30.2,5500000,299110914,0.0007764479457998447,7821.263023768808,8
134,2,15,1,39.5,8164532,296210633,0.0006096129153284364,9953.492171183058,15
135,5,5,1,31.1,5200000,297829100,0.0005452529151752277,9576.738955962732,7
136,3,4,1,26.22,5332010,293667114,0.0,21616.979981219512,18
137,10,10,1,33.8,6480000,297849492,0.0027943502091749726,8623.211050595319,15
138,1,5,1,42.86,7434350,298649495,0.0,27351.023161351302,16
139,10,24,1,33.2,5000000,297757839,0.00023624053360519893,14076.095534303193,15
140,7,9,1,33.4,5500000,297714144,0.0006023655220276426,10688.534918358384,14
141,4,9,1,30.0,6300000,296836302,0.0014142734198356727,6569.466103889466,6
142,1,12,1,33.6,4800000,299382297,0.0,11057.407449642975,8
143,7,12,1,43.4,5300000,299505788,0.0005087080722025813,13835.751466223226,6
144,2,5,1,30.2,4500000,298731686,0.000317636680770187,10336.010550207255,10
145,10,12,1,38.3,7300000,299135050,0.0004934662575661738,10006.52487572006,9
146,4,7,1,42.9,24980000,292857535,0.0009276132935055327,3749.575306993095,2
147,9,23,1,37.3,5850000,297697704,0.00023370585949167842,14212.907583298076,15
148,9,12,1,38.1,7200000,298608906,0.0005243695068583054,8953.208229292197,9
149,2,16,1,38.0,9990000,298870704,0.0008075056051920299,5622.735184762103,4
150,13,19,1,44.8,8600000,299321083,0.0002381508009345773,12280.167457418776,9
151,14,23,1,39.68,7691513,297885525,0.0,13776.493199782368,9
152,1,4,1,28.3,3500000,299095339,0.0,25516.177444219054,16
153,15,23,1,39.8,7200000,299357595,0.0,20552.804056702964,6
154,15,24,1,36.95,6000000,289786509,0.0,14467.660341501061,9
155,14,23,1,34.37,6893604,298459515,0.0,13776.493199782368,9
156,8,24,1,32.4,7500000,299374819,0.0013317872400340676,12397.563951607131,7
157,8,23,1,33.92,6718950,297362013,0.0,13945.265531297353,9
158,10,16,1,44.0,8800000,294965679,0.0008064453119736821,9657.435322752508,7
159,11,14,1,36.0,8888888,296734435,0.0025192082600784924,7651.891268807015,9
160,3,4,1,41.1,20990000,294111461,0.0015262241060223472,2509.1597832331126,2
161,8,9,1,41.7,13950000,298195620,0.0018694573166237389,7932.389674218336,9
162,20,23,1,28.2,4950000,297795562,0.00025259662274253295,13755.860814684214,15
163,1,5,1,30.7,5400000,297684712,0.0013024044988636488,9236.486401188396,8
164,4,9,1,33.72,9200731,295858926,0.0,14219.929287195602,13
165,8,12,1,36.2,5800000,291372451,0.00034408657314403555,9835.756051545424,10
166,3,5,1,30.0,5500000,297994012,0.0006639866538077951,7457.580675028996,6
167,1,9,1,36.81,8578900,295859089,0.0,14219.929287195602,13
168,8,16,1,38.7,7650000,299099830,0.00040064109402371246,9049.101696869799,9
169,5,10,1,47.0,18000000,297961350,0.0013412754457496276,2614.547741798823,1
170,7,8,1,48.8,22210541,293496463,0.0007796067408117638,3531.0111824615014,1
171,16,25,1,34.5,7500000,298049316,0.0008349652033311149,8309.57120527384,15
172,5,25,1,37.95,5290000,295280586,0.00023624053360519893,14076.095534303193,15
173,5,9,1,44.0,16500000,295323138,0.000726616254438938,3603.386068909526,1
174,5,8,1,39.7,19740518,293496511,0.0007796067408117638,3531.0111824615014,1
175,2,5,1,31.2,5000000,298662189,0.0,24761.63239726984,11
176,6,7,1,54.5,13790000,291460963,0.0033081283141426087,1536.142327249029,2
177,10,25,1,36.94,18688685,294551126,0.0014625032939982365,10341.328270571776,7
178,13,14,1,37.0,6900000,299334139,0.0003254784698294154,6648.391913855315,10
179,2,9,1,49.19,15679999,299481389,0.00024131935475818608,4386.753252758496,3
180,10,10,1,35.0,6000000,299632115,0.0,15577.340142860785,13
181,7,7,1,63.86,24311275,293435870,0.001873124201333252,2427.235424631879,4
182,2,10,1,43.0,13700000,296834271,0.001163138091081412,4708.399401280517,3
183,6,17,1,44.8,8900000,297706736,0.0007015610074207118,7226.101809298409,8
184,6,9,1,41.6,15949999,299481414,0.00024131935475818608,4386.753252758496,3
185,5,21,1,34.9,8700000,294034275,0.00036792410631883763,6973.704459245435,4
186,6,12,1,48.2,17877708,289388425,0.0,45698.99600438173,5
187,5,5,1,31.1,6100000,298329429,0.0008704473315809608,8990.231930021899,14
188,6,7,1,74.62,28626097,293435822,0.001873124201333252,2427.235424631879,4
189,9,9,1,34.4,5490000,297516945,0.00035834489114064166,12269.625259717139,6
190,3,6,1,48.1,21607555,299135829,0.0013308960995756572,3715.2002526419874,2
191,12,16,1,33.6,11600000,295747960,0.002805233878863488,6842.077092281142,10
192,13,14,1,43.2,15089999,279352049,0.0,6908.371857739092,10
193,6,12,1,37.38,8200000,287949090,0.0002443202332049146,11930.967202371161,9
194,3,16,1,41.2,11290000,299363990,0.0011729700035659504,10505.16476906526,7
195,3,12,1,71.8,25998780,294180843,0.0,45698.99600438173,5
196,5,12,1,31.0,11500000,269502406,0.0005990974046406302,7856.074279607253,7
197,8,13,1,30.8,5970000,298092726,0.0003482485126033715,8896.64406673925,8
198,13,14,1,42.17,14989999,279352061,0.0,6908.371857739092,10
199,22,24,1,54.2,13990000,295364531,0.0012476833255042983,8821.931572579952,9
200,8,24,1,42.1,6912820,297361064,0.0,14467.660341501061,9
201,3,10,1,35.5,11600000,298255448,0.0015141672056468887,4285.214150520525,14
202,4,14,1,36.88,13119999,298146758,0.0,6908.371857739092,10
203,6,7,1,40.0,9990000,299505462,0.003823677388212512,12040.249678602542,6
204,2,9,1,46.26,14709999,299481388,0.00024131935475818608,4386.753252758496,3
205,20,23,1,35.3,5600000,296031592,0.0003975443887189362,12697.220984096206,10
206,2,5,1,29.7,5599000,298074012,0.00110895060384652,12744.314176600055,8
207,3,4,1,31.5,5500000,295762890,0.0,29296.128553839997,18
208,1,9,1,47.5,12700000,289681131,0.0011794464227753462,4033.4804383076175,2
209,4,12,1,34.5,7290000,299103855,0.0002732663109398954,13112.663437514677,9
210,4,8,1,25.52,15132619,298529998,0.0027167605928378087,2612.434051709723,1
211,4,11,1,28.2,5500000,292437729,0.0003562467308190572,15274.675709375642,18
212,7,11,1,44.89,18404900,299464106,0.002691499980391655,5337.23626028407,10
213,6,26,1,46.9,13990000,297872990,0.0012543115437903941,11463.865737588883,15
214,10,11,1,35.2,10610000,294777985,0.0012618841324962757,11691.385622017355,15
215,9,25,1,31.4,6780000,293041151,0.0002487397775629381,12003.10279007954,9
216,2,8,1,45.33,20277423,298529954,0.0027167605928378087,2612.434051709723,1
217,10,11,1,35.37,10990000,296992432,0.002593286833756486,3684.5654870590233,2
218,1,17,1,38.4,7107840,297361142,0.0,14138.511883214756,9
219,6,8,1,40.55,23660000,299637865,0.0017169116406143784,3259.869239767524,1
220,1,6,1,30.3,8500000,294773629,0.0015536346999410005,2326.83240354289,1
221,2,11,1,55.77,22386078,299464134,0.002691499980391655,5337.23626028407,10
222,11,18,1,33.4,7700000,297458707,0.0008065649769145697,13292.558192721694,7
223,2,24,1,40.6,6540660,297361030,0.0,14467.660341501061,9
224,15,15,1,38.6,15940000,298731633,0.001140434331557724,5895.844544992677,10
225,7,25,1,34.56,19688676,297316436,0.0014625032939982365,10341.328270571776,7
226,2,5,1,31.1,5500000,270168275,0.0005410462036838524,12787.124318048083,17
227,6,23,1,66.5,21147000,299451096,0.0008606429687940384,7074.693753651223,6
228,13,15,1,45.4,7700000,297274171,0.00022142538833299854,14389.964101486657,13
229,11,15,1,34.3,6800000,299071751,0.000702547817185808,11397.983828840694,17
230,5,25,1,51.7,9461100,292061878,0.0006845045686329397,12774.579788042094,8
231,2,4,1,40.9,15000000,296783105,0.0031350814996500315,1596.6473811427409,2
232,9,11,1,46.37,10766000,296399787,0.0012618841324962757,11691.385622017355,15
233,14,18,1,31.0,7500000,297570434,0.0005062764828895831,6093.749143663351,4
234,9,23,1,40.1,6500000,298659871,0.0004987553220574718,17643.02802106215,15
235,10,11,1,28.9,10809500,294042869,0.0012618841324962757,11691.385622017355,15
236,5,9,1,58.33,41000000,299336700,0.0010960334586016364,3229.846786518408,1
237,10,11,1,41.0,5800000,298736745,0.0,15100.171342856785,6
238,5,10,1,39.5,9500000,294184360,0.0,1764.241065946079,5
239,17,25,1,43.1,24880294,287028904,0.0014625032939982365,10341.328270571776,7
240,14,25,1,33.5,5899000,297343485,0.0005357065206022592,17527.584747987392,15
241,7,15,1,39.0,7200000,296446881,0.00021486544224358435,14728.850631531192,6
242,2,5,1,29.3,5690000,295940595,0.0006639866538077951,7457.580675028996,6
243,1,4,1,34.3,6150247,296659706,0.0,24513.100936791954,18
244,13,13,1,33.7,15800000,293254950,0.0003595947170311076,5505.659556532029,10
245,8,25,1,41.31,11218263,297024654,0.0022092997571388586,6516.88336096182,9
246,9,10,1,46.7,9600000,296631786,0.0007212329094881078,9383.02899255692,9
247,3,4,1,38.2,7050211,280678056,0.0,24513.100936791954,18
248,6,9,1,32.5,6300000,292232141,0.0017275713282309466,9713.251141597559,15
249,15,18,1,36.1,11335405,298656206,0.0011680118701997276,4958.649701377589,3
250,19,24,1,33.9,8500000,299583835,0.0016229118324963202,6934.905623735339,10
251,2,21,1,32.0,9300000,299055356,0.002074992745448374,9231.789194787447,14
252,2,12,1,35.1,6750000,297430999,0.0007785024637674033,8101.081608543035,6
253,12,25,1,42.59,11086743,297024575,0.0022092997571388586,6516.88336096182,9
254,2,12,1,36.73,10500000,298879842,0.0007964301837182361,4959.245931056914,9
255,7,18,1,36.8,12016058,298655591,0.0011127270923814955,4568.991465194513,3
256,4,4,1,31.1,12927000,296477514,0.005538320737912244,2515.2812866574013,2
257,2,10,1,41.1,17482036,298657299,0.001809267428977409,5113.850529863661,9
258,5,5,1,31.6,5300000,299559466,0.000777840367879057,8915.804291808949,15
259,5,9,1,50.35,20006294,294603061,0.0012671506381348664,2431.4119256350064,4
260,2,9,1,36.0,6150000,298374900,0.0,12497.258255255454,13
261,2,16,1,46.0,8499999,299100668,0.0019409895667998754,10602.46480266586,15
262,3,5,1,31.0,6490000,296197788,0.0012023753851849782,9208.877495409564,6
263,18,26,1,32.2,7084000,268906782,0.00028215610000601805,14765.691186827775,18
264,5,15,1,46.3,13200000,293797582,0.0008380670463248181,4597.824163655737,14
265,1,12,1,35.9,8750000,298791080,0.0008857523073903568,7623.953019021157,6
266,13,24,1,36.8,6100000,288958467,0.0004229339210593603,14212.907583298076,15
267,8,9,1,30.5,5200000,294854766,0.0,14566.101969879694,13
268,8,12,1,34.99,12407000,265730967,0.0007171105828576463,4511.638648020734,6
269,6,18,1,40.3,9200000,293329983,0.0008924581090276274,6571.200157855845,9
270,7,10,1,36.8,14664779,298657444,0.001809267428977409,5113.850529863661,9
271,5,9,1,60.15,42000000,299336702,0.0010960334586016364,3229.846786518408,1
272,4,23,1,45.4,13687242,295748063,0.0010317245879766614,13235.02215092884,6
273,4,25,1,40.01,8199000,296411711,0.00021340357108143535,12541.880350432613,9
274,18,27,1,38.9,7580000,297267506,0.0003105085770495327,18748.272323678662,15
275,1,27,1,41.29,8493353,297905085,0.0,16035.092089458927,6
276,13,26,1,39.5,10900000,299055703,0.0014608921394951026,8454.84200673418,9
277,7,12,1,45.75,12970125,266866573,0.0002443202332049146,11930.967202371161,9
278,7,24,1,34.78,5170000,299387511,0.0,14076.095534303193,15
279,9,27,1,37.65,8116032,297905161,0.0,16035.092089458927,6
280,7,16,1,35.1,8500000,296601592,0.00040296531627092766,6706.953697416524,8
281,4,9,1,29.0,5850000,292240491,0.0007395238260117155,10155.005208917863,15
282,3,9,1,49.6,19875522,298658144,0.0008001889571493832,4451.82331868231,1
283,9,17,1,50.5,20950000,293992137,0.0011497423066221203,4614.727033263814,9
284,6,9,1,51.04,18813344,258156062,0.0008667257292285963,2749.465268207675,1
285,7,10,1,38.6,11199000,298194738,0.0008932332437097803,4345.346709194138,14
286,8,24,1,32.6,4900000,298375857,0.0,6146.635440363442,10
287,5,12,1,48.34,12138175,266867937,0.0002443202332049146,11930.967202371161,9
288,2,7,1,38.1,8900000,298732256,0.0,13663.939392961578,13
289,5,9,1,53.88,19337532,258156041,0.0008667257292285963,2749.465268207675,1
290,1,6,1,37.9,6490000,268472350,0.00048577277273604565,6522.69978175102,6
291,1,14,1,37.8,7500000,297689225,0.0,7124.993828071442,8
292,16,26,1,34.6,7093000,298728776,0.00028215610000601805,14765.691186827775,18
293,9,24,1,45.0,17500000,299010990,0.0007977499774960309,9970.464208804753,7
294,21,25,1,30.8,4970000,299371546,0.0,6146.635440363442,10
295,1,18,1,41.9,8500000,299587695,0.0007371733561702027,8536.53728882809,15
296,4,10,1,58.2,23500000,298818734,0.0003595947170311076,5505.659556532029,10
297,5,8,1,59.9,31762275,297863442,0.0007960440990986843,3259.869239767524,1
298,6,8,1,42.0,15850000,298269492,0.00031815345624930705,3407.1894516425405,3
299,2,3,1,50.3,17605000,292254325,0.001917220397415499,1768.825751239452,4
300,7,25,1,33.6,6150000,293605050,0.000414071524500249,14076.095534303193,15
301,3,8,1,44.5,24900000,296838576,0.0015613433106347705,3484.129883085302,2
302,2,4,1,32.9,7600000,299250635,0.0,16222.477610990647,13
303,5,14,1,40.7,11990000,296572902,0.0008874706958954048,4827.377917188126,9
304,10,12,1,38.9,12500000,298648359,0.002025309886324784,8456.960457313324,9
305,12,27,1,37.4,7300000,297533814,0.0009343937253855024,15112.206006767625,6
306,1,6,1,38.4,17280000,291267845,0.0004300683236918158,2498.285912032635,3
307,1,8,1,47.5,18037434,298980289,0.0007796067408117638,3531.0111824615014,1
308,3,8,1,42.8,18000000,296285672,0.0008515989764494362,3946.980416098691,1
309,3,4,1,49.0,18900000,294265707,0.0006869968732101214,3282.842517590927,4
310,12,26,1,45.3,19000000,299025669,0.0008565814162657923,9523.65456796444,6
311,2,9,1,50.1,19818493,298658137,0.0008001889571493832,4451.82331868231,1
312,1,3,1,53.6,19990000,287402989,0.0,1768.825751239452,4
313,2,9,1,56.4,21500000,291869224,0.0013308960995756572,3715.2002526419874,2
314,3,8,1,74.58,22177350,290207979,0.0021384483396120297,3220.8379309852594,1
315,7,8,1,48.8,22210000,299336888,0.0005369793266227002,3531.0111824615014,1
316,3,8,1,44.0,22900000,298295357,0.0007647119970591961,3918.5140509483917,1
317,3,8,1,53.2,25900000,298500322,0.0009559728376964422,4174.581413699067,1
318,6,8,1,58.3,25650000,299336820,0.0030090220849231385,2724.3619468037755,1
319,2,7,1,81.6,27426168,290200233,0.0017629605680533039,2480.8356667947337,4
320,5,20,1,73.5,27900000,298685891,0.0008606429687940384,7074.693753651223,6
321,8,9,1,60.0,48000000,299336711,0.0010960334586016364,3229.846786518408,1
322,2,7,1,93.8,79700000,299336176,0.001445500708667435,2366.369357880554,2
323,1,4,1,17.25,2890000,291073133,0.000795607331575815,3619.350306784193,2
324,5,9,1,30.2,3850000,298732535,0.0,21021.000829402044,11
325,1,3,1,19.3,4050000,292488026,0.0015252757516248626,5011.112897450391,17
326,4,5,1,34.5,4390000,287493774,0.0,25919.66117722062,16
327,3,7,1,27.86,4875500,297024084,0.0,6146.635440363442,10
328,2,7,1,28.72,4882400,297024109,0.0,6146.635440363442,10
329,4,9,1,33.8,4900000,298554222,0.0,27443.036163115143,16
330,2,24,1,34.38,4949999,296169509,0.00023624053360519893,14076.095534303193,15
331,4,12,1,38.9,4950000,298482312,0.0,21184.06511196002,16
332,9,18,1,32.4,5040000,294480752,0.0012588537774790166,11072.605433336845,15
333,14,15,1,36.2,5040000,292498344,0.00022643209473604165,14251.829087741482,15
334,9,13,1,32.5,5037500,292781492,0.0007687356993046883,9125.507997916624,15
335,2,22,1,32.8,5051200,299237083,0.00021535083109416693,12489.10985970657,10
336,5,24,1,31.0,5100000,297182614,0.00024609071631469405,13791.994911995893,15
337,13,22,1,32.0,5136000,299237160,0.00021535083109416693,12489.10985970657,10
338,10,17,1,33.37,5100000,298299816,0.0,6146.635440363442,10
339,5,9,1,26.0,5240000,298522474,0.0008381778783572384,11552.491847961177,17
340,6,26,1,30.0,5290000,292401197,0.0,6146.635440363442,10
341,2,4,1,26.6,5346119,293667096,0.0,21616.979981219512,18
342,6,25,1,33.5,5350000,299319112,0.00021779672528193092,12645.640334307906,10
343,5,5,1,32.0,5400000,297121336,0.0016147139149212805,9861.873455397195,7
344,2,7,1,34.96,5593600,297024103,0.0,6146.635440363442,10
345,2,4,1,30.2,5500000,294824838,0.0,24618.910402156653,18
346,22,25,1,34.0,5500000,298194124,0.00021492017948025163,11952.619815663995,10
347,3,7,1,34.22,5646300,297024092,0.0,6146.635440363442,10
348,2,25,1,36.43,5646650,297023657,0.0,6146.635440363442,10
349,7,9,1,31.1,5600000,298907245,0.00035437548697764374,7288.585721821075,10
350,1,5,1,31.08,5650017,297904370,0.0,21185.275457156422,7
351,3,13,1,34.2,5699000,293565921,0.0,10712.474423827074,10
352,1,8,1,35.2,5667200,299600007,0.0,26382.5299740703,13
353,11,11,1,32.1,5664202,294664625,0.00031623926857754725,15374.23822019453,18
354,2,9,1,36.8,5700000,298561685,0.0,24632.880977340064,16
355,2,25,1,26.71,5742650,294605976,0.0,11149.610709218312,13
356,3,9,1,30.0,5700000,295221207,0.0011940670453333916,11952.535577646055,17
357,4,12,1,31.6,5700000,298436138,0.0,15718.84301528967,13
358,10,12,1,32.9,5757500,296711212,0.0,15129.081635349468,18
359,3,4,1,28.65,5800034,297392396,0.0,24513.100936791954,18
360,10,12,1,34.2,5814000,296280938,0.0,15129.081635349468,18
361,3,9,1,32.1,5850000,297256776,0.0002331683099602316,12465.611314796868,13
362,2,7,1,36.75,5880000,297023973,0.0,6146.635440363442,10
363,1,8,1,37.74,5981790,299600009,0.0,26382.5299740703,13
364,15,19,1,36.1,5900000,296283475,0.0003869789220649585,12423.514218437636,10
365,6,9,1,32.0,5990000,286026450,0.0006133475294986842,13343.14546516266,6
366,1,4,1,30.71,5936027,293666953,0.0,21616.979981219512,18
367,2,10,1,40.4,5970000,299365785,0.0,22325.313137325917,18
368,4,11,1,34.3,6000000,283971107,0.0004987553220574718,17643.02802106215,15
369,1,4,1,32.25,6000048,289768291,0.0,24513.100936791954,18
370,3,8,1,37.05,6002100,299599991,0.0,26382.5299740703,13
371,3,8,1,37.26,6036120,293979004,0.0,26396.73922550963,13
372,14,24,1,37.1,6000000,298680192,0.00023567480466798435,14004.043634060608,15
373,1,11,1,36.3,6034875,294664648,0.00031290301982135583,15411.872673248976,18
374,5,13,1,40.1,6015000,292781539,0.0007687356993046883,9125.507997916624,15
375,2,13,1,35.3,6001000,292781827,0.0007687356993046883,9125.507997916624,15
376,21,25,1,35.3,6000000,299632304,0.0003869743162224031,15321.37765220292,18
377,1,5,1,20.0,6000000,298987661,0.001374593962408917,2640.534889470383,4
378,1,4,1,32.7,6050137,295505214,0.0,24513.100936791954,18
379,10,12,1,35.8,6086000,296280940,0.0,15129.081635349468,18
380,11,25,1,37.94,6129999,297157401,0.0,20433.736543442858,6
381,4,5,1,41.0,6100000,296922031,0.0,24173.965159743046,18
382,1,4,1,34.3,6100100,295505229,0.0,24513.100936791954,18
383,6,13,1,40.7,6105000,292781465,0.0007687356993046883,9125.507997916624,15
384,5,8,1,37.92,6143040,293979057,0.0,26396.73922550963,13
385,1,5,1,34.77,6250185,298999819,0.0,21185.275457156422,7
386,1,5,1,34.37,6250150,295920854,0.0,21185.275457156422,7
387,5,5,1,31.76,6200171,297904371,0.0,21185.275457156422,7
388,8,23,1,32.7,6263384,298977591,0.0,13805.204170430852,9
389,12,12,1,38.0,6270000,296280932,0.0,15129.081635349468,18
390,4,10,1,31.8,6250000,294352034,0.0006353700094553764,7841.65993471427,6
391,10,12,1,36.7,6239000,296280988,0.0,15129.081635349468,18
392,1,11,1,35.6,6251762,294664609,0.00031623926857754725,15374.23822019453,18
393,1,11,1,35.1,6250021,294664546,0.00031623926857754725,15374.23822019453,18
394,5,16,1,37.21,6200000,295700815,0.0,14653.340626538356,6
395,7,15,1,36.97,6200000,299484119,0.0002378048684217157,14728.850631531192,6
396,4,5,1,30.8,6250000,299437599,0.0009102963123006427,6125.690771979676,9
397,3,4,1,31.0,6200000,298778895,0.0,24826.58519622048,18
398,2,5,1,30.95,6300120,298405598,0.0,20859.281613282412,7
399,1,4,1,34.9,6300252,292788683,0.0,24513.100936791954,18
400,1,4,1,35.8,6300227,296659715,0.0,24513.100936791954,18
401,6,8,1,39.32,6369840,299600029,0.0,26382.5299740703,13
402,8,12,1,33.24,6382402,292227845,0.0002260399891812572,14868.378247345438,18
403,11,11,1,37.2,6361200,294664687,0.00031290301982135583,15411.872673248976,18
404,10,11,1,34.3,6382065,294664517,0.00031623926857754725,15374.23822019453,18
405,1,11,1,37.8,6356070,294664499,0.00031623926857754725,15374.23822019453,18
406,2,12,1,33.54,6363092,292227376,0.0002260399891812572,14868.378247345438,18
407,5,23,1,34.61,6474301,299058370,0.0,13805.204170430852,9
408,2,20,1,28.11,6465300,294606809,0.0,11149.610709218312,13
409,3,4,1,36.5,6467106,293667112,0.0,21616.979981219512,18
410,1,11,1,37.3,6404238,294664618,0.00031623926857754725,15374.23822019453,18
411,2,4,1,28.53,6409296,293666960,0.0,21616.979981219512,18
412,1,23,1,34.69,6441933,297885363,0.0,13776.493199782368,9
413,1,17,1,32.8,6464880,297361140,0.0,14138.511883214756,9
414,26,27,1,33.7,6400000,298973011,0.0011683226038772725,14876.338770040236,6
415,2,9,1,33.6,6500000,299283718,0.0009419411788592148,9373.911183377597,15
416,3,9,1,33.0,6500000,298593382,0.0005045532544442188,5316.73831826531,17
417,4,4,1,35.0,6535837,293667137,0.0,21616.979981219512,18
418,1,4,1,40.09,6520652,293667171,0.0,21616.979981219512,18
419,23,23,1,37.1,6500000,297688524,0.0,6146.635440363442,10
420,7,9,1,34.42,6590000,299165443,0.00044007666014521515,13233.946875692292,17
421,1,23,1,35.85,6582060,297361438,0.0,13776.493199782368,9
422,2,20,1,28.63,6584900,294606852,0.0,11149.610709218312,13
423,4,23,1,32.92,6560816,297993519,0.0,13945.265531297353,9
424,18,19,1,32.9,6550000,284656827,0.0002381508009345773,12280.167457418776,9
425,6,11,1,38.6,6562000,285297790,0.00032693710312849974,15274.675709375642,18
426,1,4,1,34.9,6600106,284671753,0.0,24440.799027700927,18
427,5,5,1,31.71,6600103,294535253,0.0,20859.281613282412,7
428,1,5,1,36.51,6600204,296054909,0.0,21185.275457156422,7
429,1,11,1,39.7,6600125,294664657,0.00031290301982135583,15411.872673248976,18
430,1,5,1,34.0,6638760,279690376,0.0,21038.99469248553,18
431,7,29,1,35.7,6745000,290519316,0.0,12723.184657350492,7
432,1,4,1,35.8,6700259,288794068,0.0,24440.799027700927,18
433,4,4,1,32.6,6650122,292788622,0.0,24440.799027700927,18
434,3,18,1,29.69,6680250,299556090,0.00037775752067052915,10907.98021799464,15
435,1,23,1,39.0,6650000,295854561,0.0,18483.67242398829,15
436,3,8,1,41.1,6658200,293979008,0.0,26396.73922550963,13
437,5,23,1,32.11,6716421,298260266,0.0,13695.060398941205,9
438,1,5,1,34.1,6650028,299582529,0.0,19636.04401128735,7
439,1,5,1,36.8,6650128,299582526,0.0,19768.37958027964,7
440,1,5,1,35.1,6650221,299582522,0.0,19768.37958027964,7
441,3,20,1,32.92,6748600,297419383,0.0,11149.610709218312,13
442,13,24,1,38.0,6739220,299468667,0.00038651388364834824,14251.829087741482,15
443,1,5,1,36.11,6700000,299058599,0.0,20092.041455185292,7
444,14,23,1,33.92,6740280,297884758,0.0,13945.265531297353,9
445,11,11,1,38.6,6657951,296594578,0.00031623926857754725,15374.23822019453,18
446,1,11,1,39.5,6690557,294664602,0.00031623926857754725,15374.23822019453,18
447,6,23,1,32.43,6717822,297884795,0.0,13945.265531297353,9
448,1,6,1,41.8,6688000,292413508,0.0,45979.087033098025,5
449,1,5,1,34.9,6750270,291984313,0.0,20896.022947741138,7
450,5,5,1,31.5,6750245,291619287,0.0,20896.022947741138,7
451,1,5,1,34.9,6750270,296659558,0.0,20859.281613282412,7
452,1,5,1,34.8,6750156,291619281,0.0,20640.005498273917,7
453,3,23,1,34.33,6792138,297885383,0.0,13776.493199782368,9
454,2,20,1,32.19,6759900,294606894,0.0,11149.610709218312,13
455,5,5,1,31.7,6750261,299582531,0.0,19636.04401128735,7
456,24,24,1,39.93,6780000,294571474,0.0005821705533793283,13352.027818102164,10
457,4,23,1,34.61,6793125,297710646,0.0,14009.961604137785,9
458,1,4,1,38.7,6850054,296659716,0.0,24513.100936791954,18
459,2,4,1,37.9,6850197,296985453,0.0,24513.100936791954,18
460,3,4,1,34.45,6850055,296538601,0.0,24440.799027700927,18
461,3,5,1,32.85,6850226,298405602,0.0,20859.281613282412,7
462,16,24,1,33.8,6847880,297361330,0.0,14255.969541915892,9
463,14,24,1,34.8,6890400,297361315,0.0,14255.969541915892,9
464,5,5,1,33.3,6850093,299582453,0.0,19876.876628267553,7
465,5,5,1,33.6,6850116,299582480,0.0,19846.65434323081,7
466,1,5,1,35.8,6850097,299582483,0.0,19846.65434323081,7
467,8,12,1,41.8,6897000,296280934,0.0,15129.081635349468,18
468,2,20,1,30.91,6800200,294606998,0.0,11149.610709218312,13
469,24,25,1,34.7,6887377,299468664,0.00038651388364834824,14251.829087741482,15
470,5,5,1,38.4,6800000,296569504,0.001569780896807362,10317.332016902097,15
471,6,24,1,42.0,6896400,297361053,0.0,14467.660341501061,9
472,12,19,1,35.6,6800000,290211656,0.0004677290840572663,6085.950014741629,4
473,1,12,1,35.0,6800000,299027081,0.00032064462799675104,6626.386428349697,8
474,6,24,1,34.9,6910200,297361209,0.0,14362.465765447467,9
475,2,20,1,34.59,6918000,297419353,0.0,11149.610709218312,13
476,2,7,1,43.28,6924800,297023967,0.0,6146.635440363442,10
477,8,8,1,42.72,6920640,299600102,0.0,26382.5299740703,13
478,6,23,1,33.51,6936370,297884859,0.0,13695.060398941205,9
479,1,6,1,43.2,6912000,292413481,0.0,45979.087033098025,5
480,10,21,1,44.4,6900000,295132398,0.00029704015052837626,11437.876198524329,9
481,7,8,1,43.14,6988680,293979108,0.0,26396.73922550963,13
482,2,18,1,36.3,6950000,297502786,0.00031270770323409814,11164.497608032372,9
483,2,18,1,31.6,6952000,299556160,0.00037775752067052915,10907.98021799464,15
484,25,25,1,37.5,6950000,297610570,0.0,18748.272323678662,15
485,3,9,1,30.0,6999999,299463025,0.003400834400755035,10750.470849784957,14
486,5,6,1,30.0,6990000,274752387,0.0,24599.594188788884,18
487,2,4,1,40.62,6952050,293666957,0.0,21616.979981219512,18
488,2,4,1,38.61,6970477,293667012,0.0,21616.979981219512,18
489,9,24,1,42.5,6978500,297361070,0.0,14467.660341501061,9
490,7,29,1,37.54,7035000,290514177,0.0,12723.184657350492,7
491,17,26,1,34.6,7093000,268906753,0.00028215610000601805,14765.691186827775,18
492,20,26,1,32.2,7084000,296842501,0.00028215610000601805,14765.691186827775,18
493,4,23,1,36.78,7099068,297361486,0.0,13776.493199782368,9
494,7,8,1,43.8,7095600,299600092,0.0,26382.5299740703,13
495,5,25,1,38.0,7050000,294945283,0.0015236334451173385,14509.90323175151,6
496,6,24,1,37.4,7023720,297361212,0.0,14362.465765447467,9
497,6,18,1,32.0,7000000,296324547,0.0004740114023914787,5846.467099980962,4
498,14,15,1,28.1,7000000,299370211,0.0037118628884748096,10761.824733464193,6
499,4,17,1,37.9,7053190,297361159,0.0,14138.511883214756,9
500,2,4,1,37.75,7015860,293667177,0.0,21616.979981219512,18
501,2,12,1,36.91,7096561,293752180,0.0002260399891812572,14868.378247345438,18
502,2,13,1,38.3,7000000,298985630,0.0,15265.465532084103,6
503,1,5,1,37.6,7100233,299582505,0.0,19636.04401128735,7
504,1,5,1,39.1,7100325,299582488,0.0,19846.65434323081,7
505,1,5,1,37.4,7100296,299582462,0.0,19876.876628267553,7
506,10,13,1,44.5,7120000,292781502,0.0007687356993046883,9125.507997916624,15
507,1,6,1,44.4,7104000,292413435,0.0,45979.087033098025,5
508,5,5,1,34.38,7200254,299178312,0.0,20859.281613282412,7
509,1,23,1,39.74,7220758,297361433,0.0,13776.493199782368,9
510,3,18,1,29.49,7225050,299555705,0.00037775752067052915,10907.98021799464,15
511,3,16,1,30.15,7196240,298145926,0.0009040788026774912,13305.568374140676,7
512,3,8,1,44.47,7204140,293979143,0.0,26396.73922550963,13
513,1,11,1,28.39,7150220,285014750,0.00021049929259648887,17592.016998390987,15
514,24,27,1,39.3,7200000,299404957,0.00032680433545172075,18666.342618609306,15
515,1,5,1,37.7,7209000,279690495,0.0,21038.99469248553,18
516,2,13,1,46.2,7161000,292781638,0.0007687356993046883,9125.507997916624,15
517,2,10,1,30.0,7199000,296510309,0.0016286484097223271,8545.58738008755,14
518,4,13,1,34.42,7287849,297552909,0.0015524351315613749,5573.570370915869,9
519,3,6,1,45.4,7264000,292413427,0.0,45979.087033098025,5
520,7,14,1,35.3,7290000,292155905,0.0002545638473059476,11649.043416710198,9
521,1,5,1,37.02,7300029,298405606,0.0,20859.281613282412,7
522,8,17,1,32.3,7300000,299650719,0.0,10610.9474719732,15
523,9,23,1,38.19,7314687,298977598,0.0,13805.204170430852,9
524,2,6,1,45.8,7328000,292413426,0.0,45979.087033098025,5
525,19,27,1,44.0,7300000,299666176,0.0010943881199380347,14463.58123889753,6
526,13,20,1,35.5,7300000,299268613,0.00034416588994331664,10980.771780655668,9
527,7,13,1,35.3,7445000,289698322,0.0,11649.043416710198,9
528,10,12,1,38.0,7389000,299377383,0.0009774420679813107,16935.951499824823,15
529,1,23,1,31.61,7353524,294049834,0.0,11775.989545988597,15
530,9,24,1,37.5,7361250,297361260,0.0,14362.465765447467,9
531,1,13,1,34.03,7447888,280840799,0.0,12436.029890540683,9
532,24,24,1,39.8,7440365,294090972,0.00038651388364834824,14251.829087741482,15
533,8,13,1,34.72,7417650,297553019,0.0015524351315613749,5573.570370915869,9
534,3,5,1,31.2,7350000,294215677,0.0012977451497022832,4135.514778593039,14
535,6,25,1,37.0,7430000,297918540,0.0002256597473337446,12415.559347039145,9
536,2,5,1,37.85,7417760,279688957,0.0,20972.066379965756,18
537,1,5,1,38.9,7396800,279688936,0.0,20972.066379965756,18
538,1,5,1,38.9,7396800,279690571,0.0,21038.99469248553,18
539,2,5,1,37.85,7417760,279690870,0.0,20856.209958138086,18
540,1,5,1,38.7,7380370,279690865,0.0,20856.209958138086,18
541,3,5,1,39.4,7400000,298310823,0.0002996202478695734,9618.894788385387,10
542,2,4,1,39.1,7450057,282420034,0.0,24440.799027700927,18
543,1,5,1,38.68,7450154,296336642,0.0,20896.022947741138,7
544,11,26,1,37.1,7457100,296842429,0.00028215610000601805,14765.691186827775,18
545,9,16,1,31.4,7494589,298146235,0.0009040788026774912,13305.568374140676,7
546,1,5,1,42.86,7457360,298649537,0.0,27351.023161351302,16
547,1,11,1,31.6,7473684,299173187,0.00021049929259648887,17592.016998390987,15
548,3,16,1,42.0,7450000,286808714,0.00020731420206677198,11610.626834109175,13
549,2,25,1,37.36,7472000,294606177,0.0,11149.610709218312,13
550,5,9,1,57.4,7490000,297711365,0.0,10507.602442858639,16
551,2,23,1,38.93,7495098,297885374,0.0,13776.493199782368,9
552,2,9,1,37.1,7450000,298151164,0.0010497013493804648,8450.808627142571,15
553,18,19,1,44.0,7450000,298117104,0.00032328381128272075,11174.192245848932,9
554,1,10,1,37.5,7450000,299328977,0.000599212546297754,10371.12620109849,15
555,1,11,1,32.92,7589805,298762033,0.00021049929259648887,17592.016998390987,15
556,13,17,1,35.5,7550000,298793376,0.0007137618040187619,12684.055476653477,7
557,4,8,1,46.63,7554060,299600106,0.0,26382.5299740703,13
558,4,17,1,39.0,7550000,296420832,0.0,9384.089556879335,10
559,18,20,1,37.2,7530000,297684047,0.0,10980.771780655668,9
560,3,17,1,45.3,7500000,269266431,0.0,14236.924256466316,13
561,7,13,1,33.4,7584739,297553250,0.0015524351315613749,5573.570370915869,9
562,1,5,1,44.06,7567560,298649491,0.0,27351.023161351302,16
563,12,13,1,33.3,7500000,296717073,0.0002481429031067954,11911.15771542143,9
564,10,13,1,31.42,7554970,297553110,0.0015524351315613749,5573.570370915869,9
565,1,5,1,39.85,7536230,279689051,0.0,20972.066379965756,18
566,1,5,1,39.85,7536230,279690581,0.0,21038.99469248553,18
567,1,5,1,39.85,7536230,279690862,0.0,20856.209958138086,18
568,1,6,1,46.9,7504000,292413400,0.0,45979.087033098025,5
569,12,13,1,35.6,7529685,292781508,0.0007687356993046883,9125.507997916624,15
570,5,23,1,39.79,7625862,297884994,0.0,13695.060398941205,9
571,6,13,1,31.79,7628105,299636729,0.0015524351315613749,5573.570370915869,9
572,1,13,1,36.02,7620888,298845873,0.0,12436.029890540683,9
573,1,11,1,33.92,7634408,285014748,0.00021049929259648887,17592.016998390987,15
574,1,27,1,41.16,7622832,297361437,0.0004619511990235787,16102.25315573018,6
575,2,24,1,40.0,7632000,297361165,0.0,14182.785397582347,9
576,14,18,1,33.61,7730000,289707289,0.0004740114023914787,5846.467099980962,4
577,9,13,1,30.75,7749000,299555925,0.00037775752067052915,10907.98021799464,15
578,7,23,1,41.18,7747707,297885000,0.0,13695.060398941205,9
579,9,23,1,42.4,7723718,298977446,0.0,13805.204170430852,9
580,2,13,1,34.4,7728272,294504986,0.00023031041436554075,12052.13755725659,9
581,1,16,1,31.35,7717022,295114181,0.00046437700958973675,17824.719967889057,15
582,1,5,1,41.7,7650094,299582494,0.0,19636.04401128735,7
583,9,13,1,38.92,7672105,297553061,0.0015524351315613749,5573.570370915869,9
584,5,5,1,43.69,7667430,298649325,0.0,27462.05287734603,16
585,1,9,1,32.69,7687294,295858979,0.0,14219.929287195602,13
586,10,17,1,40.0,7700000,296759402,0.00047160735371478703,10156.988953719561,9
587,1,4,1,53.0,7650000,298764525,0.0,28795.42719983979,18
588,5,5,1,38.15,7800110,296336641,0.0,20896.022947741138,7
589,5,5,1,38.46,7800072,292077109,0.0,20640.005498273917,7
590,1,27,1,37.4,7790420,297361373,0.0,16176.821458851662,6
591,1,5,1,42.8,7750031,295872541,0.0,19991.67797961531,7
592,5,5,1,40.32,7777500,298649523,0.0,27351.023161351302,16
593,20,27,1,35.23,7803235,297361412,0.0,16176.821458851662,6
594,1,16,1,34.9,7754780,297361565,0.0002680845863611103,16017.486498839911,6
595,1,16,1,34.3,7765520,297361559,0.0002680845863611103,16017.486498839911,6
596,4,23,1,38.13,7838556,297885275,0.0,14009.961604137785,9
597,1,6,1,48.9,7824000,292413471,0.0,45979.087033098025,5
598,1,5,1,39.72,7850137,291717477,0.0,20896.022947741138,7
599,10,13,1,33.76,7890000,298329840,0.0004009465101520896,6316.559801741852,4
600,2,9,1,26.6,7886900,299252937,0.0008824509967031884,8105.376344101968,6
601,1,13,1,39.2,7874807,298164345,0.0002545638473059476,11649.043416710198,9
602,11,19,1,36.4,7999999,298927656,0.0002256597473337446,12415.559347039145,9
603,2,5,1,39.37,7900299,299312161,0.0,20859.281613282412,7
604,1,11,1,31.1,7954945,285024170,0.00021049929259648887,17592.016998390987,15
605,5,23,1,45.05,7969170,298977412,0.0,13805.204170430852,9
606,2,23,1,36.3,7950454,299260982,0.0,11795.765473225289,15
607,1,11,1,30.56,7975344,295426162,0.0005689793907627884,17516.926398682623,15
608,2,13,1,36.3,7984514,294504988,0.00023031041436554075,12052.13755725659,9
609,3,5,1,40.9,7900346,299582458,0.0,19876.876628267553,7
610,3,13,1,36.83,7915888,283548873,0.0,12436.029890540683,9
611,24,27,1,40.29,7993536,297361556,0.00046179507912531495,16076.523441576157,6
612,19,24,1,42.28,7950000,297468597,0.0002102812720501199,12640.862380190754,9
613,1,13,1,34.5,7901739,261618752,0.0002545638473059476,11649.043416710198,9
614,11,18,1,46.5,7900000,290331282,0.0,9537.339874973055,10
615,4,27,1,35.91,7936938,297361390,0.0,16176.821458851662,6
616,1,9,1,34.22,7975277,295859148,0.0,14219.929287195602,13
617,1,5,1,41.85,7919750,279690445,0.0,21038.99469248553,18
618,1,5,1,41.85,7919750,279690761,0.0,20856.209958138086,18
619,2,23,1,38.77,7938609,297885267,0.0,14009.961604137785,9
620,6,13,1,41.5,7937622,292781464,0.0007687356993046883,9125.507997916624,15
621,2,12,1,40.0,7900000,294422192,0.001396657513864573,9066.039051570697,14
622,3,18,1,36.57,8045400,299556109,0.00037775752067052915,10907.98021799464,15
623,17,27,1,37.19,8040630,297905233,0.0,16035.092089458927,6
624,11,26,1,34.3,8000000,298102076,0.0004087066227528754,11003.993891639857,8
625,9,26,1,39.6,8000000,299159480,0.0012499762212827476,14824.249842439736,6
626,22,24,1,41.4,8023320,297361388,0.0,14255.969541915892,9
627,20,24,1,41.5,8001200,297361374,0.0,14255.969541915892,9
628,1,5,1,41.5,8100198,291717479,0.0,20896.022947741138,7
629,3,27,1,37.65,8116032,297905097,0.0,16035.092089458927,6
630,2,18,1,37.83,8133450,299556084,0.00037775752067052915,10907.98021799464,15
631,2,13,1,39.01,8098888,292286460,0.0,12436.029890540683,9
632,2,13,1,36.6,8050502,294504992,0.00023031041436554075,12052.13755725659,9
633,6,9,1,26.3,8139850,299252954,0.0008824509967031884,8105.376344101968,6
634,2,9,1,31.47,8106852,295858818,0.0,14219.929287195602,13
635,1,6,1,50.5,8080000,292414712,0.0,45979.087033098025,5
636,1,5,1,39.4,8249999,298575932,0.0,27464.345099532395,18
637,6,27,1,37.43,8246798,297361194,0.0,16203.143525645313,6
638,3,13,1,38.09,8238888,299028858,0.0,12436.029890540683,9
639,1,15,1,33.24,8200158,295216919,0.0004662450017485733,8354.54618603997,15
640,1,5,1,43.7,8150000,289009454,0.0,27896.650851127004,18
641,5,13,1,44.4,8200000,292781520,0.0007687356993046883,9125.507997916624,15
642,12,13,1,38.7,8185360,292781511,0.0007687356993046883,9125.507997916624,15
643,11,23,1,36.04,8282320,298813566,0.0,11775.989545988597,15
644,3,16,1,35.28,8261474,296760144,0.000527795398343087,17761.53937559638,15
645,12,12,1,32.8,8268880,294538586,0.0009755093336249015,12031.044755589239,7
646,2,25,1,38.59,8296850,294605833,0.0,11149.610709218312,13
647,8,13,1,36.02,8251461,297552979,0.0015524351315613749,5573.570370915869,9
648,1,27,1,41.06,8277696,297905086,0.0,16035.092089458927,6
649,1,13,1,36.2,8279633,294458084,0.0002545638473059476,11649.043416710198,9
650,4,5,1,40.01,8300114,297741433,0.0,20859.281613282412,7
651,5,26,1,39.5,8383875,296718684,0.0005066091722320064,14765.691186827775,18
652,3,12,1,33.6,8332800,299403395,0.0006998423123496174,6344.425921978766,10
653,1,23,1,34.93,8338611,293529893,0.0,11775.989545988597,15
654,3,16,1,36.48,8313497,299577862,0.000527795398343087,17761.53937559638,15
655,17,17,1,50.0,8375000,297473105,0.0007291278027569861,9555.517082313125,7
656,5,5,1,41.32,8375900,299312035,0.0,27239.260984798948,16
657,7,9,1,29.63,8387872,295859031,0.0,14219.929287195602,13
658,4,26,1,39.4,8362650,296746294,0.0005066091722320064,14765.691186827775,18
659,2,6,1,52.2,8352000,292413393,0.0,45979.087033098025,5
660,2,12,1,36.0,8442000,299403290,0.0006998423123496174,6344.425921978766,10
661,3,15,1,37.0,8400000,299607104,0.0003786443978162134,6223.576487337736,4
662,3,12,1,35.89,8491888,297252057,0.0,12443.018922283938,9
663,1,15,1,34.07,8400282,295216920,0.0004662450017485733,8354.54618603997,15
664,9,9,1,38.2,8450000,299065835,0.0011207876979204554,10127.663643395492,6
665,3,15,1,41.1,8466600,298605022,0.0006096129153284364,9953.492171183058,15
666,1,9,1,36.59,8446113,295859055,0.0,14219.929287195602,13
667,4,12,1,35.8,8400000,295770254,0.0002443202332049146,11930.967202371161,9
668,5,23,1,45.05,8530050,297361893,0.0,14009.961604137785,9
669,6,17,1,35.82,8545506,297359569,0.0006486698056531499,13618.954530985544,15
670,2,12,1,37.7,8539050,299403384,0.0006998423123496174,6344.425921978766,10
671,18,24,1,40.5,8500000,297014592,0.0004622373070146954,8880.369322336426,15
672,12,17,1,35.45,8638656,297359640,0.0006486698056531499,13618.954530985544,15
673,2,12,1,39.31,8575888,287076880,0.0,12443.018922283938,9
674,3,16,1,32.1,8616064,296862489,0.000527795398343087,17761.53937559638,15
675,6,6,1,27.2,8627296,298163680,0.0002852506392091888,3786.1972706058737,3
676,2,23,1,45.76,8635900,297885116,0.0,14009.961604137785,9
677,11,12,1,36.05,8715000,289698328,0.0,11930.967202371161,9
678,4,18,1,32.06,8685054,294676144,0.00573409307627456,7004.55980333839,14
679,4,10,1,37.8,8653324,293828764,0.00022319627489168087,11806.833771985788,9
680,8,10,1,34.7,8653483,298402670,0.0002674137506171582,11806.833771985788,9
681,14,23,1,42.4,8741504,297361919,0.0,14009.961604137785,9
682,3,17,1,37.66,8713598,297359516,0.0006486698056531499,13618.954530985544,15
683,8,12,1,39.2,8697000,298279591,0.0010752193062236607,12339.525205790414,6
684,3,27,1,37.97,8699671,297992646,0.0002601289583126559,16052.536518364846,6
685,1,11,1,36.79,8670226,285014744,0.00021049929259648887,17592.016998390987,15
686,1,26,1,42.0,8700000,294418388,0.001100335066430451,12243.369432305199,7
687,4,13,1,36.83,8715193,297552890,0.0015524351315613749,5573.570370915869,9
688,3,18,1,32.67,8791497,294676138,0.00573409307627456,7004.55980333839,14
689,1,9,1,39.08,8767263,295859149,0.0,14219.929287195602,13
690,2,23,1,42.82,8758112,297885113,0.0,14009.961604137785,9
691,17,17,1,38.0,8790000,299357511,0.00024025612000818083,8057.476630819977,8
692,6,23,1,50.26,8881673,298977422,0.0,13805.204170430852,9
693,2,12,1,38.7,8862300,299413116,0.0006998423123496174,6344.425921978766,10
694,4,15,1,39.47,8898496,290733260,0.002088270244195842,6835.296791873763,10
695,12,17,1,37.17,8879975,297359631,0.0006486698056531499,13618.954530985544,15
696,7,17,1,37.8,8850000,294783945,0.0016680155707033614,9191.650294622705,8
697,2,9,1,34.55,8820625,295858618,0.0,14219.929287195602,13
698,3,9,1,34.4,8850000,299605037,0.001021267799253973,9608.896725146162,14
699,5,18,1,35.21,8904609,296851395,0.00573409307627456,7004.55980333839,14
700,1,11,1,36.95,8952320,295426165,0.0005689793907627884,17516.926398682623,15
701,11,18,1,33.0,8910000,296306162,0.00025084837888368053,5846.467099980962,4
702,5,13,1,33.55,8999999,293278068,0.00022607882212796697,12125.948098145518,9
703,2,23,1,50.67,8925552,298977392,0.0,13805.204170430852,9
704,6,13,1,36.1,8900000,296713599,0.00026714932171682066,11593.562182676531,9
705,2,5,1,45.19,9050133,297741475,0.0,20896.022947741138,7
706,2,5,1,44.71,9050153,291346168,0.0,20859.281613282412,7
707,2,16,1,38.1,9000000,284538761,0.001678284797110221,8685.965574314416,9
708,16,18,1,33.7,9099000,296306133,0.00025084837888368053,5846.467099980962,4
709,12,13,1,37.45,9064888,292031921,0.00026305481733129296,11696.858650169766,9
710,11,16,1,32.2,9045648,274433381,0.0004686530498028614,11221.888632838467,7
711,2,13,1,39.5,9047888,297252445,0.0,12436.029890540683,9
712,2,23,1,36.66,9007891,294577143,0.0,11775.989545988597,15
713,1,11,1,36.28,9023715,295426164,0.0005689793907627884,17516.926398682623,15
714,1,11,1,39.16,9093073,295426163,0.0005689793907627884,17516.926398682623,15
715,2,13,1,40.61,9098888,299028816,0.0,12436.029890540683,9
716,13,13,1,43.71,9069825,299482243,0.0015524351315613749,5573.570370915869,9
717,7,9,1,40.8,9050000,298985023,0.0047240439081403535,12704.85263991739,14
718,2,15,1,47.6,9030896,296210659,0.0006096129153284364,9953.492171183058,15
719,1,9,1,40.1,9082859,298331248,0.0,14219.929287195602,13
720,2,14,1,32.4,9194342,289171067,0.0003710789876812801,6270.818078420478,14
721,15,16,1,38.85,9190714,298146092,0.0009040788026774912,13305.568374140676,7
722,7,13,1,37.48,9199000,299606946,0.000931535985444678,5504.60139833392,8
723,9,12,1,38.6,9100000,298868436,0.003271857705661903,7735.675952369882,9
724,5,24,1,35.94,9155212,291969168,0.000677930479723316,16979.104847775117,15
725,8,9,1,43.6,9100000,298157643,0.0,27647.42208442622,18
726,2,18,1,39.1,9188500,299555961,0.00037775752067052915,10907.98021799464,15
727,17,18,1,35.7,9103500,296306234,0.00025084837888368053,5846.467099980962,4
728,2,9,1,36.07,9120337,295858633,0.0,14219.929287195602,13
729,6,8,1,34.42,9235000,289707293,0.0,4911.141740806739,17
730,4,10,1,40.3,9225633,295329509,0.0002674137506171582,11806.833771985788,9
731,11,12,1,40.54,9213888,297252298,0.0,12443.018922283938,9
732,9,9,1,44.0,9200000,289879502,0.0013768688777127606,11087.547442163874,14
733,5,18,1,35.58,9318402,296731350,0.00573409307627456,7004.55980333839,14
734,5,13,1,46.0,9277740,299482180,0.0015524351315613749,5573.570370915869,9
735,14,16,1,33.29,9325888,274433429,0.0004686530498028614,11221.888632838467,7
736,2,17,1,38.97,9269708,297359348,0.0006486698056531499,13618.954530985544,15
737,13,18,1,31.5,9258768,298656014,0.0011680118701997276,4958.649701377589,3
738,17,18,1,36.5,9307500,296306227,0.00025084837888368053,5846.467099980962,4
739,11,16,1,33.55,9251313,274433378,0.0004686530498028614,11221.888632838467,7
740,1,4,1,38.94,9345600,296810974,0.00039638395998703826,13168.393880635933,6
741,1,15,1,39.03,9350182,298589109,0.0004662450017485733,8354.54618603997,15
742,1,5,1,42.63,9378600,297558267,0.0004040844495318558,13073.080330525087,6
743,2,12,1,35.7,9406950,294538741,0.0,6310.062249285818,10
744,2,12,1,36.5,9398750,294538748,0.0,6310.062249285818,10
745,3,16,1,39.33,9394795,295478525,0.000527795398343087,17761.53937559638,15
746,12,12,1,40.44,9438888,297252398,0.0,12443.018922283938,9
747,12,15,1,37.7,9400080,298999845,0.0004662450017485733,8354.54618603997,15
748,2,3,1,35.8,9400000,297684628,0.0006189378092708532,1769.564053324871,3
749,3,14,1,32.5,9416160,291986464,0.0003710789876812801,6270.818078420478,14
750,11,23,1,50.32,9401821,297885196,0.0,14009.961604137785,9
751,2,23,1,50.67,9412686,297361884,0.0,14009.961604137785,9
752,9,25,1,36.46,9350000,299257494,0.0022092997571388586,6516.88336096182,9
753,5,25,1,47.0,9390000,280073299,0.0009667479678438086,9810.43287371186,6
754,1,5,1,41.0,9500000,259666288,0.006537482495270383,2834.960635992602,8
755,2,24,1,45.4,9525380,298574194,0.0003306581076057683,11100.63998759331,9
756,6,17,1,48.4,9499000,296650932,0.0003607265102119681,13480.821768218162,17
757,13,15,1,36.68,9580000,297137349,0.000555595154706774,8458.800578056811,15
758,9,14,1,38.9,9600000,297344649,0.0006181881099273269,5886.598549745063,4
759,14,24,1,36.54,9624490,285189660,0.000677930479723316,16979.104847775117,15
760,2,24,1,46.6,9603435,298574193,0.0003306581076057683,11100.63998759331,9
761,17,25,1,45.5,9555000,299460702,0.0005241168982920676,11837.648570305875,15
762,2,12,1,34.1,9608016,287469248,0.0003710789876812801,6270.818078420478,14
763,2,14,1,36.0,9635328,287469233,0.0003710789876812801,6270.818078420478,14
764,11,13,1,34.3,9572169,298768041,0.0003710789876812801,6270.818078420478,14
765,12,13,1,32.5,9634560,299174617,0.0003710789876812801,6270.818078420478,14
766,1,16,1,44.9,9700000,298754585,0.0005761207156213969,7279.860260749138,15
767,19,24,1,43.0,9650000,299338681,0.0018474936122371993,9221.984810697668,8
768,13,15,1,35.08,9700000,299030639,0.0,8458.800578056811,15
769,8,13,1,38.36,9691730,297552991,0.0015524351315613749,5573.570370915869,9
770,12,19,1,40.5,9650000,297620727,0.0008436785323387238,10369.838824195516,8
771,4,9,1,38.33,9692757,295859179,0.0,14219.929287195602,13
772,14,15,1,38.67,9755000,290068364,0.0003786443978162134,6223.576487337736,4
773,6,18,1,39.49,9844857,296731344,0.00573409307627456,7004.55980333839,14
774,3,17,1,39.94,9800658,297359524,0.0006486698056531499,13618.954530985544,15
775,1,15,1,40.49,9750194,298999849,0.0004662450017485733,8354.54618603997,15
776,11,18,1,39.3,9825000,296306207,0.00025084837888368053,5846.467099980962,4
777,5,18,1,39.91,9913644,297888593,0.00573409307627456,7004.55980333839,14
778,2,16,1,47.2,9890000,291855522,0.0013935802839009483,12380.580080240086,14
779,1,12,1,40.2,9944849,298657634,0.001054454208145571,4968.431631777675,7
780,3,17,1,33.57,9866659,297359357,0.0006486698056531499,13618.954530985544,15
781,16,35,1,37.0,9850000,299297560,0.00043991020746740026,14356.517722025641,15
782,2,11,1,36.2,9900844,275298102,0.0003710789876812801,6270.818078420478,14
783,4,6,1,37.1,9935380,293465857,0.0012977451497022832,4135.514778593039,14
784,16,25,1,40.5,9900000,299243940,0.0007462524528435942,8368.926394051688,9
785,2,17,1,47.4,9900000,296959460,0.0006327398989821665,9635.605240885485,8
786,7,19,1,38.5,9900000,297787581,0.0010532361187623168,10104.954769167618,7
787,15,15,1,32.06,10034780,298050431,0.0002374534952760344,4178.483754247512,4
788,12,12,1,45.1,10025730,294538589,0.0009755093336249015,12031.044755589239,7
789,14,25,1,37.7,9950000,298835885,0.0007002380274801048,11211.91476148315,7
790,3,10,1,34.5,9990000,299415787,0.0008111979058960016,7911.875279368751,6
791,4,16,1,36.82,10032384,298643984,0.0004686530498028614,11221.888632838467,7
792,5,17,1,42.0,9950000,299168182,0.0013345287077224748,7594.765418480114,7
793,1,12,1,40.5,10052573,298657840,0.001054454208145571,4968.431631777675,7
794,2,14,1,34.3,10065506,288568686,0.0003710789876812801,6270.818078420478,14
795,12,12,1,46.8,10164960,294538588,0.0009755093336249015,12031.044755589239,7
796,4,11,1,42.85,10188059,292393168,0.00021049929259648887,17592.016998390987,15
797,10,16,1,38.35,10235845,293304665,0.0004686530498028614,11221.888632838467,7
798,15,17,1,41.22,10183640,297359482,0.0006486698056531499,13618.954530985544,15
799,2,13,1,38.0,10243584,275339633,0.0003710789876812801,6270.818078420478,14
800,4,15,1,44.0,10199000,291831580,0.00036045523331633547,6320.613088896074,4
801,1,5,1,48.7,10300000,298751637,0.0004045385154339709,2694.390639794,3
802,5,13,1,35.5,10326595,293409151,0.0003710789876812801,6270.818078420478,14
803,15,15,1,33.42,10276650,298050436,0.0002374534952760344,4178.483754247512,4
804,2,19,1,42.98,10299848,297025120,0.0017993629905311522,6347.713167246244,9
805,2,18,1,43.76,10283600,299555950,0.00037775752067052915,10907.98021799464,15
806,4,18,1,32.8,10292240,298656057,0.0011680118701997276,4958.649701377589,3
807,2,16,1,39.1,10283963,297024327,0.0019210881944039999,6484.865344790792,9
808,2,6,1,43.9,10316500,293465828,0.0012977451497022832,4135.514778593039,14
809,8,26,1,36.46,10300000,299573562,0.0022092997571388586,6516.88336096182,9
810,22,23,1,33.0,10424065,299507434,0.00078990446148012,5408.447398582295,8
811,1,8,1,40.5,10415769,298657543,0.0012979185985750512,5134.208936751541,7
812,1,8,1,38.0,10424382,298657611,0.0015699562426688873,5180.273757095257,7
813,4,19,1,41.36,10400160,297024937,0.0017993629905311522,6347.713167246244,9
814,4,18,1,42.55,10531125,299555947,0.00037775752067052915,10907.98021799464,15
815,20,20,1,43.6,10500000,297276573,0.0013173958821558992,7532.1329390969195,7
816,1,12,1,43.1,10541000,298657871,0.001054454208145571,4968.431631777675,7
817,2,16,1,42.0,10499999,299184877,0.007024851838670217,8181.647095517121,9
818,6,7,1,36.35,10495440,298770162,0.00031048007108572175,13063.820367023884,9
819,7,13,1,34.6,10531548,290735434,0.0003710789876812801,6270.818078420478,14
820,6,14,1,36.6,10463500,288568720,0.0003710789876812801,6270.818078420478,14
821,3,9,1,41.89,10493456,295859060,0.0,14219.929287195602,13
822,7,19,1,41.97,10543942,297024987,0.0017993629905311522,6347.713167246244,9
823,7,12,1,36.03,10600000,298256658,0.0007171105828576463,4511.638648020734,6
824,2,11,1,38.8,10554000,289786778,0.0009271099381053776,9313.397367168938,8
825,2,19,1,37.0,10570000,299636534,0.0008065649769145697,13292.558192721694,7
826,2,10,1,30.5,10590000,297529518,0.0009110784384702303,7802.482307922911,6
827,1,12,1,42.3,10614858,298657519,0.001054454208145571,4968.431631777675,7
828,2,16,1,39.92,10622557,297024321,0.0019210881944039999,6484.865344790792,9
829,2,16,1,42.66,10579381,297024300,0.0019210881944039999,6484.865344790792,9
830,1,7,1,40.03,10614660,298651121,0.00032355470739914993,13234.458174633584,9
831,3,9,1,40.58,10705000,289698342,0.0,5581.220399357273,9
832,1,10,1,36.7,10734750,296753492,0.0009110784384702303,7802.482307922911,6
833,15,15,1,36.01,10712975,296662575,0.0002374534952760344,4178.483754247512,4
834,1,12,1,38.6,10701959,298657503,0.001054454208145571,4968.431631777675,7
835,1,8,1,39.3,10748787,298657619,0.0015699562426688873,5180.273757095257,7
836,9,17,1,41.64,10707909,297359399,0.0006486698056531499,13618.954530985544,15
837,1,10,1,29.7,10558350,296753822,0.0009920364536725808,7753.977042357422,6
838,1,10,1,29.7,10558350,296753822,0.0009920364536725808,7753.977042357422,6
839,2,14,1,33.6,10500000,298653953,0.0008162279429048473,4499.175209642214,9
840,6,14,1,35.9,10500000,299078734,0.0009115182781984511,5519.663628569155,9
841,3,14,1,40.58,10650000,299385773,0.0008176959952880961,5581.220399357273,9
842,2,13,1,39.7,11772803,278767288,0.0008034746392808801,5681.23696710578,9
843,1,6,2,76.0,54999000,289871014,0.0015915688720442552,2296.56219874578,1
844,7,10,2,60.0,27000000,295652549,0.0010040986056686395,3703.048388699178,1
845,5,6,2,86.1,50004000,299243368,0.0020065891815042396,3113.0007382620515,2
846,4,8,2,65.77,26000000,298588030,0.0005772743873212993,3023.4265685710643,1
847,2,7,2,65.36,21061933,293435884,0.001873124201333252,2427.235424631879,4
848,23,23,2,51.3,11400000,285396474,0.000677930479723316,16979.104847775117,15
849,7,7,2,94.5,39500000,297470518,0.0,2296.393256610111,1
850,12,13,2,52.0,10990000,298974299,0.00026305481733129296,11696.858650169766,9
851,7,14,2,58.0,21000000,299283976,0.0009891148173214244,4931.510485133889,9
852,7,8,2,107.7,53000000,299568156,0.0012640354990281959,8604.38618320962,9
853,3,5,2,48.4,9690000,295684966,0.0014320981025790452,8041.994305564369,6
854,10,14,2,58.17,19019999,279351684,0.0,6908.371857739092,10
855,12,12,2,79.9,24000000,293338134,0.0002443202332049146,11930.967202371161,9
856,2,11,2,71.87,24359720,299636365,0.002691499980391655,5337.23626028407,10
857,3,8,2,79.6,42500000,294216272,0.0028317422250699956,2973.3094365081565,2
858,3,23,2,124.4,40193640,299451114,0.0008606429687940384,7074.693753651223,6
859,4,5,2,51.5,15500000,297860705,0.00039600083776572564,4171.657927604676,4
860,6,8,2,68.9,29137942,293496486,0.0007796067408117638,3531.0111824615014,1
861,7,11,2,76.5,22500000,298710770,0.000700371942215788,2925.3745474317566,4
862,2,9,2,59.87,17009999,299481464,0.00024131935475818608,4386.753252758496,3
863,11,18,2,65.5,16600000,297411594,0.0007157045201062072,5378.2070430660315,4
864,5,12,2,46.0,16826400,289388356,0.0,45698.99600438173,5
865,3,11,2,45.9,14458500,299178610,0.0021087170959393367,7984.230239493426,9
866,2,9,2,49.64,11676359,295858733,0.0,14219.929287195602,13
867,4,13,2,43.0,16200000,291444345,0.002943842839054113,4144.240016860106,4
868,5,25,2,78.7,14402100,292061881,0.0006845045686329397,12774.579788042094,8
869,7,17,2,74.5,17890000,298701825,0.0009125379602749768,4974.065515998596,4
870,17,24,2,53.8,9221320,297361093,0.0,14467.660341501061,9
871,3,5,2,42.6,7990000,298654211,0.0014665708114033023,7399.902701495692,7
872,2,7,2,69.9,20131000,299243370,0.0006293340826788704,1751.5097914296496,3
873,3,3,2,81.9,45000000,299568164,0.0,1921.0795364649518,2
874,3,8,2,68.34,30076946,298529997,0.0027167605928378087,2612.434051709723,1
875,3,11,2,77.0,43900000,298484165,0.0004969811736658589,3673.0205801863285,1
876,5,8,2,64.9,27160650,296753925,0.000797014911166779,4033.544608364312,1
877,4,8,2,70.0,32000000,299243373,0.0007796067408117638,3531.0111824615014,1
878,5,15,2,57.3,24500000,294764537,0.001140434331557724,5895.844544992677,10
879,3,17,2,65.7,15300000,298759184,0.0013345287077224748,7594.765418480114,7
880,4,14,2,73.5,16900000,295371498,0.0008341954132490306,4968.431631777675,7
881,2,8,2,70.0,22400000,296753885,0.0,3740.56702629315,1
882,13,19,2,65.0,12590000,277111225,0.0005114451508966401,5979.765977627226,4
883,3,6,2,72.3,40343400,296753480,0.0014486231604305111,9303.52686532759,7
884,3,10,2,78.8,37400000,285457456,0.0005480700515330452,4409.175466634668,2
885,7,7,2,54.7,27000000,268560182,0.0017169848161366443,3074.1055689845875,3
886,4,4,2,89.0,84500000,295476817,0.0,1786.3094131979217,2
887,4,6,2,76.6,37103093,297371569,0.0,2296.56219874578,1
888,1,4,2,111.3,127666888,287440982,0.0,4280.103420965616,1
889,3,20,2,86.4,22339999,279506976,0.0,6973.704459245435,4
890,4,6,2,77.0,38134021,297720134,0.0,2296.56219874578,1
891,3,23,2,50.14,8772153,298977566,0.0,13805.204170430852,9
892,23,25,2,59.2,7210000,293810985,0.0,15265.465532084103,6
893,3,7,2,59.2,23680000,284740254,0.0019217993387368993,3236.420320870265,1
894,1,5,2,101.6,84858453,292047743,0.0009325712040608985,5530.706153118401,1
895,25,27,2,44.0,9760212,297361356,0.0,16176.821458851662,6
896,2,13,2,53.7,6200000,294840766,0.0,22703.42501535377,18
897,4,9,2,45.9,9700000,293609105,0.000998288690025924,11149.21237090014,8
898,4,5,2,37.0,7295000,292459289,0.0009513406046783566,9811.5514243349,14
899,4,9,2,64.6,20546283,298270928,0.0012671506381348664,2431.4119256350064,4
900,8,25,2,70.0,27900000,296307739,0.0014940620127188336,2530.686457934261,6
901,4,9,2,58.16,22100800,296517684,0.0008667257292285963,2749.465268207675,1
902,3,5,2,71.3,39950000,297228540,0.0,21966.707780148186,5
903,11,12,2,58.6,20510000,295734467,0.0011961205477479906,5006.838569585699,9
904,5,5,2,57.14,8650000,293974978,0.0,5460.956095504698,11
905,13,13,2,55.0,24000000,295993227,0.0003595947170311076,5505.659556532029,10
906,6,10,2,60.1,12500000,299165441,0.0007883428656203066,13838.689530384034,14
907,1,7,2,63.0,29275793,298267765,0.00037291542754247633,2673.156932450627,4
908,6,7,2,67.6,54900000,293981424,0.0,1008.6626341835452,3
909,4,9,2,82.31,36669105,297998693,0.0008907437739749439,2750.7766748482773,4
910,5,12,2,48.0,9300000,296405733,0.0009733780077364872,12185.036569399417,6
911,8,17,2,55.0,9990000,292550784,0.00048634222566223024,11435.766836129958,15
912,3,8,2,72.9,30618000,296753449,0.00046367804768863627,3918.5140509483917,1
913,8,25,2,56.5,12250000,298924530,0.00028897842735369904,13227.739696276865,9
914,3,10,2,53.98,20345062,297998518,0.0023737459827687245,5037.781360137036,9
915,5,8,2,73.0,31900000,286119678,0.0007647119970591961,3918.5140509483917,1
916,5,5,2,98.0,48900000,299463854,0.002031079535577519,4288.032411529416,1
917,2,10,2,62.3,16821000,296753784,0.0009920364536725808,7753.977042357422,6
918,5,15,2,64.2,17990000,296905182,0.001220058594400915,5060.447434061308,9
919,2,11,2,56.13,17694982,267475792,0.0008598427095825661,7328.485835206947,7
920,4,4,2,76.0,17500000,290982257,0.002946836247553119,3264.1514857484194,2
921,5,9,2,73.2,23292240,298366966,0.0005839236475528783,3372.3078697533624,1
922,6,19,2,54.0,13000000,299637754,0.0018770184332539254,11219.248874345627,6
923,3,14,2,71.3,30500000,298751505,0.0003532830623538281,5685.024503214493,8
924,5,5,2,45.0,5600000,297486726,0.0,15464.864423178038,13
925,8,12,2,68.8,19800000,296594096,0.001809267428977409,5113.850529863661,9
926,2,10,2,61.65,24660000,267475925,0.005233786065658821,3896.0540483730765,7
927,3,5,2,45.7,7700000,298109201,0.00028837292712913985,6853.284608162089,10
928,2,12,2,65.08,14643000,266867765,0.0002443202332049146,11930.967202371161,9
929,3,9,2,76.1,33300000,299145153,0.0004629074112514332,3372.3078697533624,1
930,3,14,2,51.5,14447552,295906217,0.0003710789876812801,6270.818078420478,14
931,2,5,2,43.1,10100000,298639567,0.0009640384149752993,8339.832637293342,6
932,10,12,2,54.2,11441620,294538554,0.0009755093336249015,12031.044755589239,7
933,8,8,2,58.0,8000000,297416495,0.0004049388038029331,11521.75069326163,15
934,2,12,2,47.8,12949593,290735524,0.0003710789876812801,6270.818078420478,14
935,2,4,2,54.08,9000000,292244955,0.0023844030838900366,3444.1116471393993,6
936,3,5,2,66.2,15557000,291961828,0.0004040844495318558,13073.080330525087,6
937,3,9,2,45.9,10200000,297571570,0.0021071234144854592,12706.06613675592,6
938,2,10,2,66.86,26680015,299648236,0.0017087955528046644,3391.171221789887,3
939,5,5,2,43.0,6300000,292003709,0.0012524401112392661,11636.198729751663,15
940,1,4,2,55.32,11500499,294799843,0.0,16877.695165155063,13
941,11,11,2,52.1,11000000,290837931,0.0013268743208607442,11407.631360834575,6
942,9,17,2,61.39,14426650,294545597,0.0002374534952760344,4178.483754247512,4
943,3,4,2,52.2,8895000,291600690,0.0011472131137237494,3247.3380811399284,6
944,4,13,2,62.5,17000000,298662692,0.0010103654064908573,3457.7773385025757,4
945,2,16,2,56.74,14756890,297023885,0.0019210881944039999,6484.865344790792,9
946,2,6,2,75.8,19999000,299463371,0.0017023057023417452,863.366912187708,2
947,8,9,2,44.1,6400000,295276074,0.0006905786456071298,10243.088632438721,15
948,7,8,2,60.4,11800000,286725714,0.0004558229113842299,10300.252871383827,7
949,3,7,2,75.0,26000000,298065790,0.0010260155889564478,3328.877821306872,2
950,2,5,2,42.0,7200000,299479582,0.0010213947425861075,12030.734294937934,7
951,2,12,2,68.56,16882215,275720462,0.00026808539679687833,11481.157584312961,9
952,4,5,2,54.8,26000000,292370655,0.0034019602054653963,4616.054328171365,1
953,2,13,2,51.53,12348888,298845828,0.0,12436.029890540683,9
954,12,12,2,54.1,8000000,284105381,0.0007123682098296126,13835.408357698598,14
955,2,15,2,71.1,16928910,294544586,0.0007119083617079709,8999.34609272824,15
956,7,16,2,57.8,10800000,292937959,0.0006083827293231791,5688.366794678347,4
957,14,17,2,75.1,17500000,299032311,0.0009125379602749768,4974.065515998596,4
958,4,4,2,40.0,11500000,298437263,0.0012947991449165125,3196.592204612951,1
959,3,8,2,70.7,31108000,280459404,0.0021384483396120297,3220.8379309852594,1
960,6,16,2,56.0,11290000,294693733,0.00037555376009442256,10869.734014975986,13
961,2,9,2,43.8,6300000,295535186,0.000318357620012898,13872.108224160243,17
962,6,6,2,41.8,7200000,296593315,0.001684170584460313,8377.29233883499,17
963,14,25,2,53.0,8200000,297731190,0.000392240360789206,14739.642872447726,18
964,2,7,2,81.5,15950000,297325182,0.0,1891.4070623637738,5
965,2,12,2,54.3,13575000,299403393,0.0006998423123496174,6344.425921978766,10
966,11,17,2,65.8,9790000,298806104,0.0,11822.800873199276,13
967,3,4,2,71.0,26900000,297949275,0.0010201560664103095,1601.7682923355167,3
968,4,5,2,83.2,22600000,297235392,0.010934071189270799,590.0197940884191,2
969,1,9,2,45.1,6490000,295972798,0.0003238962057452146,13962.365593053877,17
970,7,10,2,57.8,8997000,292879702,0.00039285080293879063,13595.26739764355,17
971,4,10,2,73.3,15800000,298273587,0.0011717919471977648,9432.767035771254,15
972,1,5,2,55.4,10990000,293276247,0.0024581194846994324,5278.768712560279,9
973,6,9,2,50.8,8150000,298041399,0.0003298826200464146,7632.755951135834,10
974,2,7,2,62.26,12790410,298651126,0.00032355470739914993,13234.458174633584,9
975,2,15,2,73.5,25000000,291396724,0.002701519719898527,3982.7172180962602,7
976,20,25,2,65.3,14200000,297115564,0.0005220527876831483,6121.230174999869,8
977,9,9,2,44.6,7100000,298743940,0.0010230460687638175,11381.274238726164,14
978,9,9,2,45.1,7900000,296437668,0.0008946358900275081,10921.90787846801,8
979,4,5,2,51.22,10300418,296336632,0.0,21185.275457156422,7
980,3,17,2,75.0,19900000,297514992,0.0012164841233936374,11763.563767973805,14
981,2,15,2,52.6,9703130,296835112,0.0006096129153284364,9953.492171183058,15
982,10,26,2,76.6,16100000,291868184,0.002341400696249683,6447.126714797336,9
983,4,5,2,56.14,10415600,298649486,0.0,27351.023161351302,16
984,4,9,2,50.4,8500000,297617236,0.0,24632.880977340064,16
985,4,12,2,50.7,10900000,293753119,0.0,13536.449593551342,13
986,3,3,2,58.0,25000000,298393519,0.002402215018664328,3742.8422000767205,2
987,4,5,2,45.1,6700000,299601900,0.0004718631418014895,13349.449141031417,17
988,18,23,2,54.54,9809028,297361785,0.0,13695.060398941205,9
989,8,12,2,47.3,8000000,293976317,0.0,11754.775851389657,13
990,7,23,2,54.51,9432038,297362011,0.0,13945.265531297353,9
991,3,6,2,62.0,13990000,279017624,0.0016337159703566828,6098.897221822705,7
992,3,9,2,65.33,15154350,298331379,0.0,14219.929287195602,13
993,7,7,2,116.6,52470000,298229654,0.0,2511.1923625889776,2
994,9,9,2,64.17,16106458,295858886,0.0,14219.929287195602,13
995,2,4,2,79.1,22900000,295048535,0.0012477430743151172,2167.992891611918,4
996,3,9,2,58.01,14050012,295859099,0.0,14219.929287195602,13
997,4,5,2,43.7,14000000,285711049,0.0011995173815408618,2009.7928964033897,1
998,11,23,2,53.94,9393984,297885187,0.0,14009.961604137785,9
999,1,9,2,44.1,6840000,299230397,0.002714364484647211,10855.006337007562,6
1000,3,4,2,67.6,15000000,298724576,0.0016464623353544226,1376.3987967972403,3
1001,3,5,2,52.8,7800000,296648769,0.0032005554384048414,4871.885698573055,6
1002,4,5,2,53.1,7450000,293176699,0.0010358516162949382,4500.314541897341,3
1003,12,12,2,52.5,8900000,299498233,0.0008808835187328127,11032.41075096329,8
1004,1,5,2,43.9,8000000,295726773,0.0009947574847835956,3009.408218924143,3
1005,7,8,2,70.6,31076907,293496569,0.0007796067408117638,3531.0111824615014,1
1006,8,9,2,44.1,7500000,299049038,0.0010455057645490297,10931.906555928885,15
1007,2,9,2,45.7,5600000,298428917,0.0,27394.326575948682,16
1008,9,9,2,45.5,5900000,298211567,0.00022110400722923987,14534.974276457107,13
1009,11,12,2,52.2,10510000,295684227,0.0007083910108136672,8043.443191264563,9
1010,7,12,2,53.5,9990000,294303330,0.0007773021961285232,9835.16857388974,7
1011,3,4,2,49.3,10190000,299061370,0.0,16509.69339546468,13
1012,14,17,2,55.18,14200000,295176570,0.0002229350492838241,6536.995932693274,10
1013,7,11,2,60.9,15518210,293297402,0.0012618841324962757,11691.385622017355,15
1014,3,4,2,70.1,20790000,293912097,0.002648387503529397,1846.869319134535,3
1015,2,6,2,53.2,17392600,295885392,0.003090998157781269,2118.369317823293,4
1016,12,14,2,61.06,19719999,279351843,0.0,6908.371857739092,10
1017,3,5,2,90.9,17300000,298016418,0.0019681479046627557,3960.828158577543,2
1018,7,11,2,55.9,14248242,293297393,0.0012618841324962757,11691.385622017355,15
1019,3,25,2,62.0,16700000,291953907,0.0014261539354678248,12636.838188921112,7
1020,14,26,2,52.5,14300000,299380139,0.0024308328653715266,10666.840085345038,14
1021,12,14,2,69.95,21409999,279351846,0.0,6908.371857739092,10
1022,2,5,2,76.9,17700000,298905487,0.0004503821252421053,4264.497641776217,4
1023,5,8,2,96.8,37674665,293496526,0.0007796067408117638,3531.0111824615014,1
1024,7,19,2,60.5,15890000,296941532,0.001412957398388488,7697.386411679254,15
1025,7,8,2,78.1,32749038,293496467,0.0007796067408117638,3531.0111824615014,1
1026,3,8,2,89.1,45000000,293860329,0.001604443193188144,4065.2892642214083,1
1027,6,9,2,58.74,19629999,299481544,0.00024131935475818608,4386.753252758496,3
1028,5,6,2,91.0,23500000,296481010,0.0016844965885728952,1723.2894882970807,2
1029,2,7,2,80.51,25367907,293435882,0.001873124201333252,2427.235424631879,4
1030,1,9,2,49.1,7250000,299017524,0.0011350760153610523,9819.46430247575,14
1031,7,9,2,60.72,17849999,299481379,0.00024131935475818608,4386.753252758496,3
1032,2,9,2,47.0,6500000,282604777,0.0,15442.79514004875,13
1033,9,9,2,52.1,12250000,296200382,0.001070956673646747,9612.942086372523,14
1034,5,7,2,101.16,33633171,293435819,0.001873124201333252,2427.235424631879,4
1035,4,6,2,61.7,13800000,297362136,0.0014422838584014443,2546.046318322283,4
1036,6,7,2,90.96,29218260,293435898,0.001873124201333252,2427.235424631879,4
1037,8,14,2,58.8,13490000,295371225,0.0011299032997595132,11774.01433540708,14
1038,14,14,2,50.7,9200000,298961570,0.0010495770938494793,12553.09805638248,6
1039,24,25,2,53.0,10200000,297010298,0.0002859613721544279,11488.675004050427,9
1040,1,24,2,52.7,9338440,297361204,0.0,14362.465765447467,9
1041,3,5,2,44.3,6100000,297039548,0.0005533436336820724,10402.02252836376,15
1042,4,14,2,71.36,20309999,279351709,0.0,6908.371857739092,10
1043,3,5,2,49.0,14700000,298541362,0.0012341831024038278,1873.733581602344,2
1044,5,6,2,54.9,9900000,290834282,0.0002889271158573846,3706.956578511292,3
1045,2,5,2,45.0,8000000,299558905,0.0008562451849318587,9026.066794440425,7
1046,4,9,2,61.8,19409999,299481531,0.00024131935475818608,4386.753252758496,3
1047,2,3,2,106.3,110000000,295910389,0.000847712945965506,1293.1074527464245,3
1048,5,25,2,71.72,28063918,295136747,0.0014625032939982365,10341.328270571776,7
1049,5,9,2,57.4,7490000,292988692,0.0,10507.602442858639,16
1050,1,17,2,54.9,9854550,297361395,0.0,14290.641545382729,9
1051,19,19,2,80.5,26900000,293184731,0.0017783539788990262,4471.629454397635,7
1052,10,11,2,53.2,15379261,294042872,0.0012618841324962757,11691.385622017355,15
1053,7,12,2,54.0,12250000,298294112,0.0,27725.03866469646,9
1054,11,25,2,77.6,15698480,292061875,0.0006845045686329397,12774.579788042094,8
1055,2,8,2,52.0,18850000,298848119,0.005291079940110172,3763.9339869255887,3
1056,6,9,2,50.6,8280000,299508453,0.0,28048.15160955004,16
1057,1,17,2,52.2,9197640,297361411,0.0,14290.641545382729,9
1058,4,5,2,64.4,13524000,295694942,0.006509208288705872,3749.5737080363087,6
1059,4,11,2,77.58,25896204,299464060,0.002691499980391655,5337.23626028407,10
1060,2,5,2,49.9,11500000,299211639,0.002161130188916421,2394.19343781774,1
1061,2,8,2,73.31,31838533,298529962,0.0027167605928378087,2612.434051709723,1
1062,3,15,2,73.6,27850000,299505455,0.002701519719898527,3982.7172180962602,7
1063,8,12,2,70.7,34842333,289388531,0.0,45698.99600438173,5
1064,2,5,2,66.5,13950000,287257974,0.00207594303654311,1442.71535513756,4
1065,4,5,2,43.6,6200000,298726720,0.0005410462036838524,12787.124318048083,17
1066,8,8,2,94.93,106905419,298530005,0.0027167605928378087,2612.434051709723,1
1067,6,25,2,47.8,9600000,299464020,0.0002965068124446171,12639.05261274503,9
1068,3,8,2,73.8,32479933,298529976,0.0027167605928378087,2612.434051709723,1
1069,7,14,2,46.3,9500000,298250206,0.0006850150793402811,12032.194305250989,8
1070,2,10,2,67.0,15580000,296917198,0.0015141672056468887,4285.214150520525,14
1071,6,6,2,52.2,10500000,299372594,0.002774376650275064,7773.91667788433,17
1072,2,12,2,50.6,9590000,294514908,0.0010613451070071618,10741.06505389429,7
1073,4,12,2,81.5,35900000,299371381,0.0005687146449109781,4364.069659013193,2
1074,9,12,2,70.2,36288480,290545812,0.0,45698.99600438173,5
1075,7,9,2,47.2,8200000,298595254,0.0007395247765931604,11407.397994530587,7
1076,1,5,2,53.0,11200000,299649250,0.0013660628616852242,8008.19812980864,6
1077,17,23,2,59.1,9500000,298225015,0.00022821642913304206,14260.439572187806,15
1078,3,11,2,92.18,30778902,299464040,0.002691499980391655,5337.23626028407,10
1079,4,5,2,44.1,6990000,299564232,0.0008016132904634431,10375.066989094254,14
1080,7,11,2,83.91,32817201,299464130,0.002691499980391655,5337.23626028407,10
1081,2,4,2,76.4,10500000,297749767,0.0011461917494054146,3972.4241752953108,14
1082,20,23,2,169.7,67964850,299451084,0.0008606429687940384,7074.693753651223,6
1083,6,16,2,48.0,11000000,299644458,0.0008907691596907035,5117.321803631587,4
1084,4,23,2,124.6,40544840,299451122,0.0008606429687940384,7074.693753651223,6
1085,23,26,2,76.5,14500000,297903321,0.0011760098739673542,11288.578152193719,6
1086,3,18,2,59.3,8700000,287589708,0.0,12719.49801561057,10
1087,3,6,2,66.2,13175000,296028368,0.0004950749683922909,9746.718302353407,9
1088,4,12,2,90.66,25049358,266867635,0.0002443202332049146,11930.967202371161,9
1089,6,16,2,68.9,15500000,298226814,0.0,14094.442949146545,13
1090,23,27,2,53.76,10592098,297361052,0.00026152698674096806,16044.327746041614,6
1091,4,17,2,56.5,11700000,297910415,0.0010283297552140165,8268.967203940705,9
1092,32,36,2,51.4,10250000,298558559,0.0006377464478682051,14356.517722025641,15
1093,9,12,2,47.3,8300000,298697368,0.001578038904980345,10446.294633813315,15
1094,2,14,2,55.0,16450000,294968146,0.002701519719898527,3982.7172180962602,7
1095,6,9,2,67.37,22112297,294263402,0.0012671506381348664,2431.4119256350064,4
1096,7,12,2,48.3,9490000,298732055,0.0016281584604611935,8261.02609357067,9
1097,17,27,2,52.94,10843797,297361110,0.0002601289583126559,16052.536518364846,6
1098,8,29,2,65.0,13800000,299640591,0.0006316874976618744,15566.768166250828,6
1099,3,8,2,65.96,29540000,299638667,0.0017169116406143784,3259.869239767524,1
1100,10,25,2,67.48,16432206,297024410,0.0022092997571388586,6516.88336096182,9
1101,22,25,2,64.6,11899000,288752933,0.0,11486.392020136496,9
1102,6,25,2,68.64,15961708,297024601,0.0022092997571388586,6516.88336096182,9
1103,5,8,2,68.2,11600000,297530819,0.0,12533.382600189801,13
1104,10,18,2,67.1,17332793,298656558,0.0011680118701997276,4958.649701377589,3
1105,5,5,2,59.4,11980000,298014888,0.0,27887.045778372627,18
1106,2,10,2,77.5,25171590,298657269,0.001809267428977409,5113.850529863661,9
1107,15,24,2,50.0,8450000,298006014,0.0,14339.856690542538,9
1108,10,18,2,64.8,17680315,298655864,0.0011127270923814955,4568.991465194513,3
1109,5,5,2,41.3,6700000,295806862,0.0015768289621093162,8830.216166086248,8
1110,4,10,2,79.9,25267437,298657227,0.001809267428977409,5113.850529863661,9
1111,1,8,2,69.0,18950000,295135007,0.0007647119970591961,3918.5140509483917,1
1112,4,9,2,69.94,24762257,258156470,0.0008667257292285963,2749.465268207675,1
1113,4,10,2,74.0,22200000,299188695,0.0004686506157848395,3762.615198787548,4
1114,1,5,2,46.0,6000000,295666069,0.000665365647078173,11284.399259029362,15
1115,5,13,2,76.6,30257000,298888216,0.0010429654096151472,3401.5421004811155,1
1116,3,5,2,69.0,13300000,298138926,0.0002996202478695734,9618.894788385387,10
1117,9,12,2,57.64,17000000,265779340,0.0007061490931202307,4604.30782464311,6
1118,5,5,2,41.5,7800000,299546612,0.00022377072256199668,7344.826294747956,10
1119,5,9,2,69.06,26532082,293425100,0.0012671506381348664,2431.4119256350064,4
1120,8,12,2,52.3,9300000,296836497,0.000658992048730251,9597.418406737626,9
1121,8,12,2,57.44,16900000,293125454,0.0007061490931202307,4604.30782464311,6
1122,4,4,2,48.5,6950000,298678066,0.0,20220.95924648944,16
1123,7,8,2,95.5,48691256,297863413,0.0017169116406143784,3259.869239767524,1
1124,2,5,2,44.0,5900000,294025655,0.0,26205.69857173459,16
1125,5,9,2,66.86,23671783,258156147,0.0008667257292285963,2749.465268207675,1
1126,9,9,2,65.5,25900000,275327082,0.000762691189240529,3447.8042238579596,4
1128,8,9,2,85.2,36306692,298658174,0.0008001889571493832,4451.82331868231,1
1129,6,9,2,45.5,7950000,298109872,0.002541116857940322,12680.020991308782,6
1130,9,26,2,62.2,10387400,281157634,0.0003760631047384305,14765.691186827775,18
1131,5,11,2,63.5,21900000,299094159,0.0009125843124325973,4297.0016657801725,4
1132,2,9,2,95.64,38935044,297998620,0.0008907437739749439,2750.7766748482773,4
1133,6,14,2,50.5,6500000,299609121,0.0,28058.41817247743,13
1134,8,10,2,61.3,17930250,296753779,0.0009920364536725808,7753.977042357422,6
1135,10,12,2,55.6,10850000,290384678,0.0007787287052136041,9352.773319766527,9
1136,3,15,2,74.6,19800000,299483060,0.0014181408499657165,7356.713718430801,8
1137,4,7,2,93.5,45036429,297863386,0.0017169116406143784,3259.869239767524,1
1138,6,7,2,74.3,36550000,298769858,0.0008866513553726553,2899.001829799266,1
1139,4,5,2,43.8,6700000,296649065,0.00235287234527743,11893.8537878919,15
1140,1,5,2,33.2,9000000,297999294,0.003349567379136988,2697.3539210297317,1
1141,11,13,2,52.4,10799000,299344732,0.0006790920990284593,9556.176110666938,9
1142,3,5,2,45.0,6950000,291278086,0.0007524082898704528,12634.193804330327,8
1143,18,25,2,55.0,10000000,296518584,0.00031023599675714233,12193.497339250905,17
1144,3,10,2,62.14,22749454,297998523,0.0023737459827687245,5037.781360137036,9
1145,3,9,2,45.0,8800000,298835361,0.000771070944323104,10559.686636283584,15
1146,6,8,2,110.2,26000000,299243380,0.0011511927748178155,2481.6711294339166,4
1147,7,23,2,68.2,16417370,295748139,0.0010317245879766614,13235.02215092884,6
1148,6,6,2,80.0,29400000,296115449,0.0019233577575218752,3390.758215513045,2
1149,6,12,2,50.0,8500000,298071185,0.00022123027868217976,7299.1263982048395,10
1150,2,10,2,64.26,23152878,297998511,0.0023737459827687245,5037.781360137036,9
1151,3,7,2,45.0,18800000,299435000,0.0007351632110259422,1751.5097914296496,3
1152,8,12,2,93.1,32900000,286808660,0.0031254157044045493,2756.5880768986144,1
1153,7,12,2,54.7,9990000,297424191,0.0005678672195023965,9831.992193836897,9
1154,1,5,2,51.3,9979000,298483799,0.0008245820823139772,3703.0104599782435,2
1155,5,5,2,42.7,7200000,288654816,0.0008858027546301089,6370.243707542641,17
1156,5,8,2,65.7,22000000,289712319,0.0011565359618616994,7581.709996212342,7
1157,5,15,2,55.1,13100000,297756919,0.000636758317053478,7637.302897299916,15
1158,1,7,2,89.8,39654333,298267769,0.00037291542754247633,2673.156932450627,4
1159,5,9,2,74.0,32350000,298963201,0.0010166997811603537,2882.389207441023,4
1160,7,7,2,55.8,27220000,292053293,0.0017169848161366443,3074.1055689845875,3
1161,18,24,2,67.1,16997000,298225441,0.000532459897014828,8773.21393021201,15
1162,6,19,2,68.4,23800000,293261128,0.003721539352521512,4141.1852445752775,3
1163,1,4,2,69.0,24150000,295916812,0.001051262551194305,1217.4601198315363,3
1164,5,15,2,59.64,24500000,298156829,0.0,5895.844544992677,10
1165,4,4,2,81.8,24900000,299575711,0.0011693140298161553,2364.5909359888724,1
1166,5,9,2,58.8,25000000,299021839,0.001054454208145571,4968.431631777675,7
1167,5,9,2,53.8,25850733,299315514,0.0024977195314226856,2853.7814454790096,1
1168,3,7,2,74.4,26000000,298509406,0.0010260155889564478,3328.877821306872,2
1169,8,20,2,70.8,27500000,297844203,0.0013043732019337045,4683.216833441361,9
1170,2,8,2,83.0,27990000,286478517,0.0032710510780146005,2296.393256610111,1
1171,19,24,2,104.0,28990000,295874599,0.0,9972.29550953488,7
1172,7,8,2,75.0,29490000,299336896,0.0,3393.5788639382645,3
1173,2,3,2,93.7,29500000,287402990,0.0,1768.825751239452,4
1174,7,8,2,75.5,29900000,297246870,0.0005906417832052892,3531.0111824615014,1
1175,1,5,2,60.0,29990000,296569745,0.0017364470095408112,3477.525218138675,2
1176,9,14,2,73.5,30400000,298260786,0.002701519719898527,3982.7172180962602,7
1177,5,10,2,80.8,30990000,297426812,0.0003595947170311076,5505.659556532029,10
1178,2,9,2,65.3,31800000,292596205,0.000726616254438938,3603.386068909526,1
1179,23,23,2,92.0,31900000,288901989,0.0012543115437903941,11463.865737588883,15
1180,8,10,2,70.1,31900000,293021766,0.0005499837701337888,3461.327499486661,1
1181,7,8,2,68.0,32000000,286808734,0.001227252932227685,8643.95796943597,9
1182,2,4,2,81.3,32650000,284015152,0.0,15634.20093863683,5
1183,4,14,2,76.2,33490000,296560059,0.002317880170664982,2118.7191927206495,1
1184,5,5,2,86.9,35000000,298944202,0.0015358181201569946,2216.180025555933,1
1185,4,5,2,75.4,35500000,297809474,0.0010736374968917774,654.3287713370096,2
1186,2,14,2,62.0,35800000,299604120,0.0017942068675029907,3014.0802698725065,1
1187,4,8,2,70.0,35900000,298751122,0.0007588919730156744,3740.56702629315,1
1188,3,5,2,66.1,36999000,294853703,0.0,21966.707780148186,5
1189,3,10,2,79.0,37400000,296250144,0.0005480700515330452,4409.175466634668,2
1190,8,12,2,70.0,38000000,298613089,0.0009089629074740783,3305.9163734200265,1
1191,2,3,2,93.5,39000000,299604796,0.0012200139437480982,1151.289695083872,4
1192,2,7,2,119.7,40231768,291458158,0.0017629605680533039,2480.8356667947337,4
1193,2,6,2,99.3,40000000,280464382,0.0014857421617179166,9030.056314736203,7
1194,2,4,2,92.9,41900000,287406880,0.002827595735694962,2187.7568744766304,2
1195,5,8,2,75.6,45300000,295800988,0.00099309169547566,2673.7942247286455,1
1196,7,7,2,91.9,46239000,299336690,0.0009688857226748248,2899.001829799266,1
1197,7,9,2,67.59,47313000,299107649,0.003556913949613382,1432.9172232560145,1
1198,5,6,2,84.2,50000000,299336128,0.0020065891815042396,3113.0007382620515,2
1199,6,6,2,81.98,53280000,299336281,0.0020065891815042396,3113.0007382620515,2
1200,7,11,2,101.7,55000000,299126204,0.004091631140662996,2722.2409946701628,2
1201,5,8,2,82.3,59000000,298086502,0.0005349521078156566,3936.967246828763,2
1202,5,5,2,88.0,62400000,298673862,0.001791134462664525,1269.8679551367736,1
1203,4,8,2,150.0,79900000,292011737,0.012322870052150468,4439.673837499486,1
1204,6,9,2,107.14,80410106,299336151,0.0010960334586016364,3229.846786518408,1
1205,1,6,2,126.91,95182500,297046767,0.00139507676919895,4268.531003264097,1
1206,5,5,2,42.0,4600000,298617681,0.0,26189.442350609246,16
1207,5,5,2,43.0,5190000,299005772,0.0,17570.38416430844,16
1208,1,2,2,35.0,5200000,290914274,0.0,23203.88688537752,11
1209,5,5,2,51.5,5325000,297311184,0.0,25178.85546119922,18
1210,3,5,2,45.4,5500000,298726797,0.0006861372913625187,10691.12061271452,15
1211,2,8,2,35.92,5819040,299599944,0.0,26382.5299740703,13
1212,1,8,2,37.22,5899370,299599937,0.0,26382.5299740703,13
1213,5,8,2,36.75,6192375,299600126,0.0,26396.73922550963,13
1214,4,5,2,42.0,6200000,296118537,0.0002451803505197079,13934.760420635681,13
1215,1,5,2,44.2,6200000,299372478,0.0003955775223725288,12527.42966716449,8
1216,1,5,2,43.0,6300000,294737864,0.0,9465.590947327995,8
1217,21,23,2,36.6,6400000,299434758,0.0,11455.946108397104,10
1218,3,5,2,43.4,6400000,296485716,0.0,24451.76897397471,11
1219,2,12,2,42.6,6490000,299255191,0.0002775553788389638,6001.934911803295,10
1220,8,9,2,50.0,6500000,290407202,0.0,26827.21855818568,16
1221,4,8,2,41.21,6676020,299600082,0.0,26382.5299740703,13
1222,5,9,2,44.0,6750000,295296988,0.000618823648824059,10483.001418333477,15
1223,2,9,2,45.5,6800000,294522924,0.0,7529.997124657356,10
1224,1,5,2,45.5,6850000,280811824,0.001145720454597917,6722.54210697801,10
1225,6,9,2,44.3,7200000,299059243,0.0015101014809577983,9405.696013354003,14
1226,2,25,2,48.15,7222500,297023674,0.0,6146.635440363442,10
1227,3,9,2,63.5,7150000,282388326,0.0,20231.331042036807,18
1228,9,10,2,51.3,7300000,295876655,0.0,12692.477801050605,10
1229,11,25,2,46.0,7300000,296717074,0.0,6146.635440363442,10
1230,5,5,2,44.0,7300000,298806253,0.0002937320652480302,8366.999999924687,8
1231,2,5,2,45.0,7400000,294502624,0.0003070988486568658,11288.52352775938,8
1232,16,23,2,71.0,7490000,297883482,0.0,15265.465532084103,6
1233,3,8,2,46.58,7545960,293979011,0.0,26396.73922550963,13
1234,3,8,2,46.85,7589700,299600119,0.0,26382.5299740703,13
1235,3,3,2,46.2,7500000,297138152,0.0,28177.544063307036,18
1236,1,9,2,50.3,7505000,296278611,0.0014967884527712309,12128.578694556949,6
1237,2,25,2,51.22,7683000,297024608,0.0,6146.635440363442,10
1238,8,25,2,49.12,7736400,297023692,0.0,6146.635440363442,10
1239,2,5,2,45.5,7700000,298054621,0.001349575292011593,10223.114555603457,15
1240,9,11,2,59.5,7735000,285297812,0.00032693710312849974,15274.675709375642,18
1241,1,14,2,45.1,7750000,295936660,0.000612030404787943,9652.362479436219,9
1242,5,5,2,42.2,7800000,299328819,0.0002783349864062867,14292.370945353214,7
1243,11,11,2,60.6,7878000,285297796,0.00032693710312849974,15274.675709375642,18
1244,2,22,2,52.2,7986600,299237084,0.00021535083109416693,12489.10985970657,10
1245,9,10,2,57.1,7990000,297761471,0.000639500161733373,8650.56280865903,9
1246,3,9,2,44.2,8000000,293053165,0.0005928209938788637,11178.510251840591,14
1247,8,12,2,52.2,8000000,299531822,0.0005794307905298133,9658.519319243465,9
1248,13,22,2,50.7,8137350,299237162,0.00021535083109416693,12489.10985970657,10
1249,4,10,2,43.3,8100000,297326444,0.0016048504294291467,6338.5655295049355,9
1250,3,10,2,50.1,8050000,294696681,0.0009311119266748503,12979.130602821637,14
1251,3,8,2,50.43,8169660,299599953,0.0,26382.5299740703,13
1252,2,25,2,46.91,8209250,297023891,0.0,6146.635440363442,10
1253,10,25,2,51.91,8175825,297023702,0.0,6146.635440363442,10
1254,4,5,2,45.0,8200000,299372535,0.0011671701015395703,8779.36320637356,6
1255,2,12,2,42.7,8200000,293835139,0.0008947591251768844,11031.790957955138,7
1256,14,14,2,52.0,8280000,299203572,0.0010860228591744918,12531.461622663774,6
1257,1,23,2,37.54,8389357,293529887,0.0,11775.989545988597,15
1258,8,9,2,50.7,8360000,299099232,0.0005083100477629862,11788.74936179954,6
1259,3,5,2,50.7,8350000,297495206,0.0011626220864161122,16921.253067998787,15
1260,1,6,2,56.5,8305500,292413351,0.0,45979.087033098025,5
1261,8,16,2,51.2,8500000,296745283,0.00030728809165151446,10061.34817980766,10
1262,2,9,2,50.5,8500000,298335675,0.0,7651.385940109074,10
1263,5,8,2,53.01,8587620,299600084,0.0,26382.5299740703,13
1264,8,10,2,62.6,8600000,298210491,0.0,19910.266412043853,18
1265,2,25,2,49.96,8743000,297023711,0.0,6146.635440363442,10
1266,1,6,2,59.5,8746500,292413239,0.0,45890.75875621721,5
1267,1,24,2,52.5,8762250,297361015,0.0,14467.660341501061,9
1268,4,23,2,48.97,8899638,297362077,0.0,13945.265531297353,9
1269,4,10,2,39.0,8803883,295329496,0.0002674137506171582,11806.833771985788,9
1270,4,9,2,44.0,8800000,297360429,0.0,9900.614000632902,8
1271,1,17,2,49.4,8892000,297361399,0.0,14290.641545382729,9
1272,6,9,2,46.0,8949000,298528192,0.0015195617000032396,11955.050606574032,6
1273,17,23,2,36.5,8986249,299260924,0.0,11795.765473225289,15
1274,9,14,2,55.8,8900000,295434840,0.0005962636111969915,8944.086093365528,14
1275,12,12,2,55.8,8928000,299172855,0.0,15129.081635349468,18
1276,3,5,2,41.2,8900000,298735007,0.0,1860.7668440761272,5
1277,11,11,2,57.6,8974080,294664679,0.00031290301982135583,15411.872673248976,18
1278,1,17,2,52.0,8970000,297361391,0.0,14290.641545382729,9
1279,1,6,2,60.9,8952300,292413318,0.0,45979.087033098025,5
1280,3,5,2,44.4,8999000,296015483,0.0015931254567588028,12498.502577314279,8
1281,10,23,2,53.94,9088624,298977453,0.0,13805.204170430852,9
1282,12,12,2,56.5,9040000,296280981,0.0,15129.081635349468,18
1283,19,23,2,48.24,9097039,297884774,0.0,13945.265531297353,9
1284,4,23,2,50.14,9068475,297885273,0.0,14009.961604137785,9
1285,1,24,2,52.0,9001200,297361007,0.0,14467.660341501061,9
1286,1,17,2,51.4,9097800,297361151,0.0,14138.511883214756,9
1287,1,24,2,52.1,9117500,297361185,0.0,14416.960207343393,9
1288,4,23,2,55.01,9162720,298977572,0.0,13805.204170430852,9
1289,4,12,2,53.8,9146000,296280983,0.0,15129.081635349468,18
1290,2,23,2,50.69,9145444,297885263,0.0,14009.961604137785,9
1291,1,17,2,48.9,9124740,297361124,0.0,14138.511883214756,9
1292,1,24,2,51.2,9113600,297361226,0.0,14362.465765447467,9
1293,1,6,2,62.5,9187500,292413403,0.0,45979.087033098025,5
1294,2,6,2,62.02,9116940,292413381,0.0,45979.087033098025,5
1295,24,24,2,56.4,9190000,293865252,0.0002488111346343041,13881.69672375681,15
1296,15,15,2,54.6,9100000,294512510,0.008738131243103122,10347.284295218738,17
1297,2,12,2,59.4,9207000,296280899,0.0,15129.081635349468,18
1298,2,12,2,59.5,9222500,296280893,0.0,15129.081635349468,18
1299,1,24,2,53.0,9237900,297361195,0.0,14362.465765447467,9
1300,1,17,2,53.3,9204910,297361122,0.0,14138.511883214756,9
1301,6,10,2,40.1,9316435,298402678,0.0002674137506171582,11806.833771985788,9
1302,4,23,2,53.78,9339232,297361888,0.0,14009.961604137785,9
1303,2,24,2,51.8,9334360,297361207,0.0,14362.465765447467,9
1304,10,12,2,58.2,9312000,296280914,0.0,15129.081635349468,18
1305,1,23,2,52.39,9293986,297885367,0.0,13776.493199782368,9
1306,2,23,2,55.6,9258064,298977561,0.0,13805.204170430852,9
1307,1,17,2,53.6,9267440,297361397,0.0,14290.641545382729,9
1308,5,6,2,63.6,9349200,292413410,0.0,45979.087033098025,5
1309,4,5,2,46.2,9300000,295661935,0.0,15618.619279109571,5
1310,12,25,2,60.0,9300000,297472378,0.0004421498925441868,14771.843576849345,18
1311,2,3,2,48.9,9446975,285685237,0.0,20631.09824345016,11
1312,3,23,2,54.69,9448675,297884712,0.0,13945.265531297353,9
1313,2,8,2,57.31,9427495,299600065,0.0,26382.5299740703,13
1314,9,12,2,47.8,9395000,298736830,0.0005927851518935836,11616.928433269733,7
1315,10,23,2,55.21,9542130,297361959,0.0,14009.961604137785,9
1316,17,24,2,63.2,9500000,297299916,0.0003869743162224031,15321.37765220292,18
1317,13,13,2,54.95,9500000,296580984,0.000303170996668746,10290.581366257016,10
1318,7,10,2,57.28,9500000,286278702,0.004279200147627092,12723.184657350492,7
1319,1,17,2,54.7,9523270,297361146,0.0,14138.511883214756,9
1320,6,6,2,34.9,9458633,295855434,0.0002852506392091888,3786.1972706058737,3
1321,1,10,2,56.9,9500000,285686689,0.0009466074189506172,8284.366488237116,9
1322,2,3,2,49.9,9640165,285685240,0.0,20631.09824345016,11
1323,2,23,2,55.7,9581916,297884783,0.0,13945.265531297353,9
1324,2,23,2,36.41,9639107,295253867,0.0,11775.989545988597,15
1325,3,8,2,58.41,9608445,299599954,0.0,26382.5299740703,13
1326,2,23,2,55.6,9555972,297361941,0.0,14009.961604137785,9
1327,2,23,2,54.55,9715251,297361726,0.0,13695.060398941205,9
1328,3,3,2,47.1,9708388,293828728,0.0,20631.09824345016,11
1329,2,3,2,50.8,9720178,298402715,0.0,20631.09824345016,11
1330,4,13,2,47.43,9743307,297552906,0.0015524351315613749,5573.570370915869,9
1331,5,12,2,49.2,9690000,296384603,0.0009755093336249015,12031.044755589239,7
1332,24,24,2,50.3,9674169,292031207,0.00038651388364834824,14251.829087741482,15
1333,1,27,2,45.38,9652326,297361265,0.0,16176.821458851662,6
1334,1,27,2,50.81,9745358,297361368,0.0,16176.821458851662,6
1335,4,23,2,54.34,9706932,297361737,0.0,13695.060398941205,9
1336,8,13,2,52.5,9722790,292781676,0.0007687356993046883,9125.507997916624,15
1337,1,17,2,54.7,9785830,297361417,0.0,14290.641545382729,9
1338,2,8,2,59.3,9754850,293979119,0.0,26396.73922550963,13
1339,1,9,2,36.6,9790500,299252998,0.0008824509967031884,8105.376344101968,6
1340,1,27,2,55.1,9791270,297360958,0.0,16221.450978069868,6
1341,9,13,2,52.4,9757299,292781688,0.0007687356993046883,9125.507997916624,15
1342,1,6,2,66.7,9804900,292413437,0.0,45979.087033098025,5
1343,1,5,2,51.82,9900003,295920886,0.0,21185.275457156422,7
1344,3,23,2,55.09,9910475,297885388,0.0,13776.493199782368,9
1345,6,6,2,67.6,9937200,292413494,0.0,45979.087033098025,5
1346,25,27,2,48.79,9925068,297361365,0.0,16176.821458851662,6
1347,10,12,2,62.0,9920000,296280894,0.0,15129.081635349468,18
1348,2,20,2,50.83,9911850,297419306,0.0,11149.610709218312,13
1349,3,25,2,48.17,9874850,294606055,0.0,11149.610709218312,13
1350,10,15,2,52.3,9938162,296835119,0.0006096129153284364,9953.492171183058,15
1351,13,26,2,58.5,9945000,293279864,0.00028215610000601805,14765.691186827775,18
1352,18,27,2,54.31,10033485,297361464,0.0004619511990235787,16102.25315573018,6
1353,2,10,2,45.0,10036827,292425307,0.0002674137506171582,11806.833771985788,9
1354,9,10,2,42.0,10034620,292425358,0.0002674137506171582,11806.833771985788,9
1355,4,4,2,47.65,10000067,295505290,0.0,24513.100936791954,18
1356,1,8,2,63.71,10002470,299600010,0.0,26382.5299740703,13
1357,1,5,2,54.4,10033200,298649430,0.0,27351.023161351302,16
1358,4,25,2,48.71,9985550,294606123,0.0,11149.610709218312,13
1359,2,23,2,55.92,10046652,297884971,0.0,13695.060398941205,9
1360,1,5,2,55.0,10000000,297042818,0.0014695164277984973,2581.1066408904426,4
1361,20,27,2,52.51,10032048,298603018,0.0,16176.821458851662,6
1362,9,9,2,51.7,9990000,298939767,0.0011213602037190055,5107.071790278922,4
1363,3,3,2,51.5,10139571,298402720,0.0,20631.09824345016,11
1364,1,5,2,63.04,10125360,298649333,0.0,27462.05287734603,16
1365,5,6,2,68.7,10098900,292413491,0.0,45979.087033098025,5
1366,12,17,2,48.8,10115315,297361578,0.0004719765108218911,16052.835656287974,6
1367,6,8,2,61.33,10088785,299600000,0.0,26382.5299740703,13
1368,10,13,2,47.7,10115500,297553104,0.0015524351315613749,5573.570370915869,9
1369,3,15,2,55.0,10137820,296210611,0.0006096129153284364,9953.492171183058,15
1370,8,27,2,49.77,10113130,297361287,0.0,16176.821458851662,6
1371,2,8,2,61.72,10152940,299599947,0.0,26382.5299740703,13
1372,2,11,2,69.1,10240620,294664664,0.00031290301982135583,15411.872673248976,18
1373,4,15,2,52.4,10200000,296210568,0.0005778493955201712,9869.103154983173,15
1374,24,27,2,54.2,10221420,297361253,0.0,16203.143525645313,6
1375,1,27,2,56.2,10217160,297360956,0.0,16221.450978069868,6
1376,1,23,2,59.44,10223680,297885365,0.0,13776.493199782368,9
1377,21,27,2,52.72,10324046,297361246,0.0,16203.143525645313,6
1378,22,27,2,54.31,10286430,297361131,0.0002601289583126559,16052.536518364846,6
1379,8,16,2,52.0,10300000,298147508,0.0011500378425254923,4948.167458946371,4
1380,1,23,2,59.75,10259075,297361429,0.0,13776.493199782368,9
1381,4,5,2,52.3,10400000,294563598,0.0,21293.59491819234,18
1382,14,26,2,62.2,10387400,297261162,0.0003760631047384305,14765.691186827775,18
1383,25,27,2,54.04,10443998,297905340,0.0,16035.092089458927,6
1384,12,21,2,66.0,10400000,295131720,0.00029704015052837626,11437.876198524329,9
1385,21,27,2,52.94,10482901,297905265,0.0,16035.092089458927,6
1386,21,27,2,54.52,10488478,297905269,0.0,16035.092089458927,6
1387,4,20,2,52.51,10502000,297419316,0.0,11149.610709218312,13
1388,1,24,2,55.9,10500000,290292225,0.0,11948.58715155841,9
1389,1,6,2,71.1,10451700,292413374,0.0,45979.087033098025,5
1390,14,17,2,60.5,10500000,297360578,0.00031270770323409814,11164.497608032372,9
1391,2,3,2,53.8,10592407,298402727,0.0,20631.09824345016,11
1392,6,6,2,72.0,10584000,292413390,0.0,45979.087033098025,5
1393,18,27,2,53.76,10619928,297361041,0.00026152698674096806,16044.327746041614,6
1394,23,27,2,52.94,10612598,297361141,0.0002601289583126559,16052.536518364846,6
1395,2,20,2,54.17,10563150,297419360,0.0,11149.610709218312,13
1396,1,11,2,71.4,10581480,294664641,0.00031290301982135583,15411.872673248976,18
1397,1,5,2,57.9,10553920,279689068,0.0,20972.066379965756,18
1398,1,5,2,57.9,10553920,279690487,0.0,21038.99469248553,18
1399,1,5,2,58.0,10572800,279690849,0.0,20856.209958138086,18
1400,7,23,2,52.43,10637648,297885002,0.0,13695.060398941205,9
1401,2,5,2,56.0,10550000,295859400,0.001615475060106985,8224.35671256687,17
1402,6,23,2,60.65,10700195,297884996,0.0,13695.060398941205,9
1403,18,23,2,52.55,10744481,298604534,0.0,13695.060398941205,9
1404,2,23,2,51.83,10725302,299260921,0.0,11795.765473225289,15
1405,5,25,2,49.79,10700000,279649607,0.0,11549.643187854677,9
1406,7,9,2,55.0,10650000,298561367,0.0,10015.067960517745,9
1407,1,5,2,58.65,10714700,298685981,0.0,27351.023161351302,16
1408,7,13,2,48.65,10692491,297552968,0.0015524351315613749,5573.570370915869,9
1409,6,20,2,64.0,10700000,297523313,0.000304219902665503,11377.046726054798,9
1410,3,3,2,55.1,10848357,298402702,0.0,20631.09824345016,11
1411,13,26,2,60.5,10890000,268907131,0.0005066091722320064,14765.691186827775,18
1412,10,26,2,63.0,10836000,268906512,0.00028215610000601805,14765.691186827775,18
1413,1,9,2,48.77,10774481,295858980,0.0,14219.929287195602,13
1414,1,27,2,57.1,10809030,297361062,0.0002601289583126559,16052.536518364846,6
1415,1,5,2,59.7,10771200,279689010,0.0,20972.066379965756,18
1416,1,5,2,59.7,10771200,279690348,0.0,21038.99469248553,18
1417,1,5,2,59.7,10771200,279690648,0.0,20856.209958138086,18
1418,1,4,2,58.9,10900301,279212798,0.0,24440.799027700927,18
1419,2,5,2,51.51,10950253,299312165,0.0,20859.281613282412,7
1420,7,23,2,61.28,10992960,297361558,0.0,13776.493199782368,9
1421,4,18,2,54.0,10990000,295993996,0.0,5846.467099980962,4
1422,3,5,2,58.0,10957870,298649478,0.0,27351.023161351302,16
1423,2,5,2,64.37,10931750,298649359,0.0,27462.05287734603,16
1424,4,13,2,51.07,10948846,297552886,0.0015524351315613749,5573.570370915869,9
1425,16,17,2,53.18,10935054,297361584,0.0004719765108218911,16052.835656287974,6
1426,1,27,2,61.2,10918080,297360960,0.0,16221.450978069868,6
1427,4,8,2,68.86,11086460,293979152,0.0,26396.73922550963,13
1428,8,23,2,40.25,11042622,296410635,0.0,11775.989545988597,15
1429,4,9,2,38.7,11010150,299252957,0.0008824509967031884,8105.376344101968,6
1430,2,7,2,57.0,11000000,298753935,0.0003808305160310093,4266.351151897519,4
1431,8,12,2,57.0,11072592,293752173,0.0002260399891812572,14868.378247345438,18
1432,3,8,2,69.55,11197550,299600074,0.0,26382.5299740703,13
1433,23,23,2,51.28,11137296,299260903,0.0,11795.765473225289,15
1434,1,5,2,62.42,11174640,299031046,0.0,27351.023161351302,16
1435,1,5,2,58.64,11200445,295920901,0.0,21185.275457156422,7
1436,6,23,2,60.73,11244894,297884797,0.0,13945.265531297353,9
1437,5,5,2,56.63,11234160,298649512,0.0,27351.023161351302,16
1438,3,17,2,60.4,11350000,297461307,0.0006836546528552182,9075.981209941157,9
1439,1,4,2,58.4,11350186,287425813,0.0,24513.100936791954,18
1440,1,4,2,58.9,11350236,292788666,0.0,24513.100936791954,18
1441,4,5,2,56.51,11400270,297868734,0.0,21185.275457156422,7
1442,15,23,2,41.17,11437695,299389586,0.0,11775.989545988597,15
1443,4,20,2,50.25,11306250,294606869,0.0,11149.610709218312,13
1444,2,27,2,61.34,11407542,297361468,0.00046179507912531495,16076.523441576157,6
1445,2,17,2,56.92,11425038,297360964,0.00026368951444767945,16002.645566630552,6
1446,14,14,2,55.8,11300000,289750580,0.0002875601030300589,13529.07890069163,15
1447,2,27,2,61.34,11332410,297360967,0.00047442608836133687,16064.736873314181,6
1448,4,23,2,51.55,11534558,296760154,0.0,11775.989545988597,15
1449,17,26,2,72.0,11520000,291304601,0.00028215610000601805,14765.691186827775,18
1450,10,13,2,51.4,11464106,294504960,0.0,12202.86845421734,9
1451,9,9,2,36.0,11502000,299252984,0.0008824509967031884,8105.376344101968,6
1452,5,5,2,59.63,11545360,298649466,0.0,27351.023161351302,16
1453,21,27,2,60.52,11511477,297361045,0.00026152698674096806,16044.327746041614,6
1454,5,26,2,72.5,11600000,268905843,0.00028215610000601805,14765.691186827775,18
1455,5,5,2,56.49,11550369,295920889,0.0,21185.275457156422,7
1456,5,5,2,53.81,11566700,298649312,0.0,27239.260984798948,16
1457,3,18,2,56.18,11797800,299556088,0.00037775752067052915,10907.98021799464,15
1458,12,12,2,49.5,11731500,294538574,0.0009755093336249015,12031.044755589239,7
1459,7,13,2,63.37,11744932,297552966,0.0015524351315613749,5573.570370915869,9
1460,1,16,2,65.9,11690660,297361562,0.0002680845863611103,16017.486498839911,6
1461,1,4,2,61.8,11800339,295505178,0.0,24513.100936791954,18
1462,22,23,2,51.28,11854447,295776611,0.0,11775.989545988597,15
1463,3,16,2,48.84,11858217,293437750,0.000527795398343087,17761.53937559638,15
1464,1,16,2,51.15,11866902,295114176,0.00046437700958973675,17824.719967889057,15
1465,2,18,2,57.67,11822350,299556095,0.00037775752067052915,10907.98021799464,15
1466,2,17,2,59.51,11818853,297359510,0.0006486698056531499,13618.954530985544,15
1467,1,5,2,64.93,11957440,298697654,0.0,27351.023161351302,16
1468,12,25,2,68.0,11999000,296855173,0.0003306581076057683,11100.63998759331,9
1469,1,5,2,76.84,11912642,298649266,0.0,27239.260984798948,16
1470,3,24,2,45.12,11999000,291285573,0.0005921689279104707,13353.175100711976,7
1471,3,25,2,51.81,12002306,298056519,0.00030135179979130225,12790.006187895227,9
1472,9,10,2,49.2,12098495,292425342,0.0002674137506171582,11806.833771985788,9
1473,1,16,2,50.4,12007800,295114179,0.00046437700958973675,17824.719967889057,15
1474,8,13,2,63.68,12013805,297553003,0.0015524351315613749,5573.570370915869,9
1475,9,13,2,52.6,12135233,294504970,0.0,11951.860919378407,9
1476,2,20,2,55.14,12130800,294606539,0.0,11149.610709218312,13
1477,1,5,2,58.86,12200059,291717484,0.0,20974.916248211106,7
1478,2,18,2,59.4,12177000,299556067,0.00037775752067052915,10907.98021799464,15
1479,2,9,2,52.52,12233913,295859157,0.0,14219.929287195602,13
1480,17,17,2,58.1,12199999,289808305,0.0010294927472428834,8908.850771460182,9
1481,5,5,2,57.98,12173720,298649284,0.0,27239.260984798948,16
1482,7,15,2,58.0,12300000,295371904,0.0009670730855874037,8114.139799487425,9
1483,22,23,2,56.87,12368147,296091936,0.0,11775.989545988597,15
1484,10,16,2,47.85,12372890,292292178,0.000527795398343087,17761.53937559638,15
1485,8,8,2,35.0,12250000,299357417,0.002690140768944667,4346.676308551857,2
1486,3,25,2,57.55,12373250,294605876,0.0,11149.610709218312,13
1487,8,15,2,54.5,12300000,298778371,0.0003921025736910889,7037.078343742052,9
1488,7,10,2,55.0,12438415,293828755,0.0002674137506171582,11806.833771985788,9
1489,5,5,2,56.73,12400383,299312167,0.0,20859.281613282412,7
1490,17,24,2,54.0,12400000,299316703,0.00043757670881632233,6231.884872121011,8
1491,7,12,2,63.7,12421500,296280861,0.0,15129.081635349468,18
1492,3,5,2,42.0,12450000,298983647,0.0011583202070019449,4194.80806446703,14
1493,5,16,2,64.9,12400000,295011449,0.000860080408003701,8323.174971148124,15
1494,8,10,2,55.5,12551491,295329498,0.0002674137506171582,11806.833771985788,9
1495,7,13,2,52.71,12543888,299028859,0.0,12436.029890540683,9
1496,1,11,2,50.94,12631612,295426173,0.0005689793907627884,17516.926398682623,15
1497,1,11,2,57.46,12546219,292207779,0.00021049929259648887,17592.016998390987,15
1498,5,13,2,64.59,12684055,297552925,0.0015524351315613749,5573.570370915869,9
1499,1,7,2,57.51,12676950,298651116,0.00032355470739914993,13234.458174633584,9
1500,11,12,2,60.4,12786680,294538565,0.0009755093336249015,12031.044755589239,7
1501,1,16,2,58.7,12756097,295114189,0.00046437700958973675,17824.719967889057,15
1502,1,7,2,59.66,12871440,298651124,0.00032355470739914993,13234.458174633584,9
1503,1,7,2,58.72,12841470,298728494,0.00031048007108572175,13063.820367023884,9
1504,5,5,2,60.76,12886620,298649346,0.0,27462.05287734603,16
1505,1,5,2,62.51,12950227,294338103,0.0,20859.281613282412,7
1506,5,18,2,54.45,12986325,299555740,0.00037775752067052915,10907.98021799464,15
1507,4,17,2,58.96,12934160,297359528,0.0006486698056531499,13618.954530985544,15
1508,7,7,2,49.9,12900000,299247049,0.0013830635213104975,8943.086314259077,7
1509,3,14,2,49.7,12900000,296995439,0.00023807546229222617,11951.860919378407,9
1510,17,17,2,47.71,13053456,296662595,0.0002374534952760344,4178.483754247512,4
1511,1,11,2,63.32,13119018,286877774,0.00021049929259648887,17592.016998390987,15
1512,4,9,2,54.0,13015617,298331320,0.0,14219.929287195602,13
1513,10,12,2,52.63,13078888,293380292,0.0,12443.018922283938,9
1514,10,10,2,50.4,13259278,293828768,0.00022319627489168087,11806.833771985788,9
1515,9,16,2,53.59,13293803,274433562,0.0004686530498028614,11221.888632838467,7
1516,2,9,2,57.22,13271774,298331036,0.0,14219.929287195602,13
1517,12,14,2,46.7,13203024,288385655,0.0003710789876812801,6270.818078420478,14
1518,4,7,2,62.06,13275090,298651768,0.00031048007108572175,13063.820367023884,9
1519,5,5,2,62.33,13236130,298649280,0.0,27239.260984798948,16
1520,4,7,2,61.37,13316050,298651813,0.00031048007108572175,13063.820367023884,9
1521,3,12,2,51.59,13385888,297252074,0.0,12443.018922283938,9
1522,2,12,2,56.77,13333888,287076882,0.0,12443.018922283938,9
1523,5,9,2,57.3,13300000,299434460,0.008943608636536812,8297.324581165494,6
1524,6,14,2,50.5,13525920,299174622,0.0003710789876812801,6270.818078420478,14
1525,9,10,2,59.4,13433488,295329500,0.0002674137506171582,11806.833771985788,9
1526,15,15,2,51.72,13498920,298050419,0.0002374534952760344,4178.483754247512,4
1527,4,12,2,44.0,13500000,294999423,0.00026714932171682066,11593.562182676531,9
1528,4,19,2,63.3,13500000,298977124,0.0004243053834441092,6283.947923630841,4
1529,13,14,2,49.5,13471920,299174623,0.0003710789876812801,6270.818078420478,14
1530,3,9,2,56.43,13537233,295859104,0.0,14219.929287195602,13
1531,5,5,2,68.4,13500000,299550299,0.001570309821363935,3541.1703792347244,2
1532,4,6,2,49.7,13500000,299206748,0.001467914476208195,1474.7406410024323,1
1533,17,18,2,55.9,13695500,296306165,0.00025084837888368053,5846.467099980962,4
1534,2,12,2,55.1,13637250,299403252,0.0006998423123496174,6344.425921978766,10
1535,4,11,2,52.67,13689159,295426186,0.0005689793907627884,17516.926398682623,15
1536,1,11,2,56.93,13602225,295426160,0.0005689793907627884,17516.926398682623,15
1537,3,12,2,56.37,13582888,291398795,0.0,12443.018922283938,9
1538,2,16,2,58.8,13699297,274433465,0.0004686530498028614,11221.888632838467,7
1539,4,8,2,60.12,13550000,288684272,0.00066554959006603,4911.141740806739,17
1540,2,9,2,58.53,13575619,298331253,0.0,14219.929287195602,13
1541,5,5,2,63.31,13598680,298649300,0.0,27239.260984798948,16
1542,5,10,2,52.7,13649000,268140015,0.000312255794540409,3068.5437847284616,4
1543,4,12,2,52.9,13754000,299403411,0.0006998423123496174,6344.425921978766,10
1544,3,16,2,58.13,13735562,274433479,0.0004686530498028614,11221.888632838467,7
1545,15,17,2,57.54,13766213,297359653,0.0006486698056531499,13618.954530985544,15
1546,4,26,2,63.75,13750000,291977980,0.0002237706583249908,12341.274823653108,9
1547,2,17,2,63.94,13881991,297359514,0.0006486698056531499,13618.954530985544,15
1548,2,24,2,54.77,13859494,291969165,0.000677930479723316,16979.104847775117,15
1549,7,13,2,58.94,13920888,299028853,0.0,12436.029890540683,9
1550,13,19,2,67.9,13800000,297759062,0.0003420485299033857,11008.80463856358,9
1551,7,16,2,65.0,13900000,299052802,0.0,7983.185751117263,9
1552,1,7,2,64.57,13804840,298651749,0.00031048007108572175,13063.820367023884,9
1553,1,3,2,68.0,13962371,285685218,0.0,20631.09824345016,11
1554,2,10,2,35.0,14000000,296920330,0.0014908919152484604,4332.358760917846,2
1555,15,15,2,56.35,14081865,297578745,0.0002374534952760344,4178.483754247512,4
1556,17,18,2,57.0,13965000,296306187,0.00025084837888368053,5846.467099980962,4
1557,9,13,2,49.8,13988620,292960599,0.0003710789876812801,6270.818078420478,14
1558,10,15,2,73.0,13950000,296073719,0.0006045602816619205,9892.691487782451,14
1559,3,9,2,57.95,14035480,295859161,0.0,14219.929287195602,13
1560,15,18,2,51.03,13990000,291058944,0.00573409307627456,7004.55980333839,14
1561,2,12,2,59.2,14237600,299403258,0.0006998423123496174,6344.425921978766,10
1562,2,4,2,80.0,14150000,297940795,0.0028069442091551346,2221.5048984389323,1
1563,3,11,2,59.28,14190565,292014917,0.00021049929259648887,17592.016998390987,15
1564,15,17,2,54.57,14174542,297359487,0.0006486698056531499,13618.954530985544,15
1565,1,5,2,79.7,14171350,298649455,0.0,27351.023161351302,16
1566,7,13,2,70.93,14170466,297552965,0.0015524351315613749,5573.570370915869,9
1567,2,12,2,59.5,14309750,299403351,0.0006998423123496174,6344.425921978766,10
1568,4,11,2,59.0,14383305,295426178,0.0005689793907627884,17516.926398682623,15
1569,9,16,2,59.64,14293104,274433568,0.0004686530498028614,11221.888632838467,7
1570,4,5,2,79.28,14325600,298649541,0.0,27351.023161351302,16
1571,2,13,2,66.01,14522200,299555849,0.00037775752067052915,10907.98021799464,15
1572,10,17,2,61.39,14549430,294545603,0.0002374534952760344,4178.483754247512,4
1573,16,17,2,54.47,14480303,297359504,0.0006486698056531499,13618.954530985544,15
1574,5,9,2,53.6,14525600,299252982,0.0008824509967031884,8105.376344101968,6
1575,4,14,2,56.0,14488320,295643034,0.0003710789876812801,6270.818078420478,14
1576,8,14,2,53.2,14459494,293227156,0.0003710789876812801,6270.818078420478,14
1577,2,12,2,55.2,14466816,290849907,0.0003710789876812801,6270.818078420478,14
1578,2,10,2,36.2,14480000,296920339,0.0014908919152484604,4332.358760917846,2
1579,2,13,2,55.6,14636422,289171928,0.0003710789876812801,6270.818078420478,14
1580,3,12,2,58.1,14699300,299403357,0.0006998423123496174,6344.425921978766,10
1581,5,14,2,51.6,14558940,294724095,0.0003710789876812801,6270.818078420478,14
1582,17,17,2,56.76,14610024,296662607,0.0002374534952760344,4178.483754247512,4
1583,15,17,2,64.3,14602530,298050398,0.0002374534952760344,4178.483754247512,4
1584,5,9,2,59.3,14587800,299252981,0.0008824509967031884,8105.376344101968,6
1585,1,9,2,54.5,14578750,299252935,0.0008824509967031884,8105.376344101968,6
1586,2,10,2,36.5,14600000,296920319,0.0014908919152484604,4332.358760917846,2
1587,1,7,2,59.65,14662320,298651791,0.00031048007108572175,13063.820367023884,9
1588,15,15,2,58.24,14705600,296662629,0.0002374534952760344,4178.483754247512,4
1589,2,18,2,67.18,14779600,299555944,0.00037775752067052915,10907.98021799464,15
1590,2,11,2,61.4,14793368,293297284,0.0012618841324962757,11691.385622017355,15
1591,22,25,2,73.0,14700000,298773326,0.0009667479678438086,9810.43287371186,6
1592,9,11,2,56.7,14745628,298768040,0.0003710789876812801,6270.818078420478,14
1593,2,9,2,64.68,14786725,295858811,0.0,14219.929287195602,13
1594,2,17,2,67.29,14938380,294545577,0.0002374534952760344,4178.483754247512,4
1595,17,18,2,61.8,14832000,296306200,0.00025084837888368053,5846.467099980962,4
1596,9,10,2,33.1,14910491,299338092,0.0014908919152484604,4332.358760917846,2
1597,5,18,2,70.5,14805000,294573207,0.0,6049.536638927263,4
1598,11,18,2,61.0,14945000,294573103,0.0,6049.536638927263,4
1599,4,9,2,61.6,14845600,299252967,0.0008824509967031884,8105.376344101968,6
1600,4,14,2,59.8,14901263,299174537,0.0003710789876812801,6270.818078420478,14
1601,1,7,2,63.12,14928870,298651697,0.00031048007108572175,13063.820367023884,9
1602,9,19,2,67.2,14800000,297757618,0.00041567156475835385,6492.296659847901,4
1603,1,17,2,76.5,14929117,297034998,0.0011246790285302623,12814.88768196763,7
1604,3,14,2,57.4,14924000,298552754,0.0010103654064908573,3457.7773385025757,4
1605,6,13,2,65.38,15004710,299555889,0.00037775752067052915,10907.98021799464,15
1606,4,16,2,64.46,15017970,274433490,0.0004686530498028614,11221.888632838467,7
1607,2,12,2,61.0,15090056,298657644,0.001054454208145571,4968.431631777675,7
1608,1,12,2,68.1,15072285,298657841,0.001054454208145571,4968.431631777675,7
1609,2,17,2,62.41,15010936,297359345,0.0006486698056531499,13618.954530985544,15
1610,10,16,2,82.3,15000000,275616756,0.00039315708301518234,6110.428792856644,8
1611,17,18,2,62.8,15072000,296306204,0.00025084837888368053,5846.467099980962,4
1612,3,17,2,68.02,15032420,294545578,0.0002374534952760344,4178.483754247512,4
1613,1,11,2,48.0,15000000,295659299,0.0005192487310450389,6331.38029142412,6
1614,9,21,2,77.5,15098000,298847281,0.0002422810070255376,11299.766157022454,13
1615,2,7,2,64.86,14950000,298651130,0.00032355470739914993,13234.458174633584,9
1616,6,9,2,59.8,15069600,299252996,0.0008824509967031884,8105.376344101968,6
1617,4,16,2,53.06,15092439,296705446,0.0019210881944039999,6484.865344790792,9
1618,2,5,2,64.3,14990000,286808822,0.0033552408294106003,2592.7925970667893,2
1619,12,13,2,53.6,15056025,299174616,0.0003710789876812801,6270.818078420478,14
1620,13,13,2,53.7,15000000,294929836,0.0007687356993046883,9125.507997916624,15
1621,18,24,2,63.4,14990000,297031674,0.0009414322279374018,13244.59867603836,7
1622,2,13,2,70.38,15225888,299604003,0.0,12436.029890540683,9
1623,9,18,2,72.4,15204000,297667971,0.0,6049.536638927263,4
1624,5,9,2,48.8,15190000,296086772,0.0015392003264433664,3860.7833128088487,2
1625,17,18,2,63.5,15240000,296306188,0.00025084837888368053,5846.467099980962,4
1626,5,18,2,72.5,15225000,294573271,0.0,6049.536638927263,4
1627,2,18,2,74.2,15211000,294573165,0.0,6049.536638927263,4
1628,7,17,2,56.51,15197993,297359387,0.0006486698056531499,13618.954530985544,15
1629,2,16,2,72.1,15200000,297562583,0.0,13096.008581471646,7
1630,8,11,2,53.4,15151947,294042865,0.0012618841324962757,11691.385622017355,15
1631,6,13,2,71.87,15151633,297552944,0.0015524351315613749,5573.570370915869,9
1632,3,9,2,64.17,15244661,295858821,0.0,14219.929287195602,13
1633,1,12,2,72.6,15340809,299132637,0.001054454208145571,4968.431631777675,7
1634,2,12,2,67.87,15270751,295158777,0.0002443202332049146,11930.967202371161,9
1635,7,23,2,53.9,15424621,299507388,0.00078990446148012,5408.447398582295,8
1636,1,9,2,58.1,15396500,299252985,0.0008824509967031884,8105.376344101968,6
1637,6,9,2,55.7,15428900,299252997,0.0008824509967031884,8105.376344101968,6
1638,8,11,2,58.5,15354144,296296114,0.0003710789876812801,6270.818078420478,14
1639,7,17,2,61.2,15257472,297050487,0.0015561615366635922,6574.416520169278,9
1640,2,13,2,70.49,15507800,299555936,0.00037775752067052915,10907.98021799464,15
1641,4,7,2,75.24,15589420,298651809,0.00031048007108572175,13063.820367023884,9
1642,2,4,2,69.0,15500000,299477816,0.004360646239124576,1741.1253658728624,2
1643,2,13,2,61.85,15494000,294617970,0.0009271099381053776,9313.397367168938,8
1644,3,11,2,59.65,15569000,298534365,0.0009271099381053776,9313.397367168938,8
1645,2,12,2,57.18,15500000,265730391,0.0007061490931202307,4604.30782464311,6
1646,1,8,2,67.8,15541277,298657946,0.0012979185985750512,5134.208936751541,7
1647,2,25,2,64.41,15555643,297024619,0.0022092997571388586,6516.88336096182,9
1648,6,7,2,66.77,15531600,298651734,0.00031048007108572175,13063.820367023884,9
1649,9,10,2,34.5,15477059,299338081,0.0014908919152484604,4332.358760917846,2
1650,1,9,2,57.0,15475500,299252966,0.0008824509967031884,8105.376344101968,6
1651,9,16,2,65.19,15571449,297024265,0.0019210881944039999,6484.865344790792,9
1652,8,16,2,66.36,15569017,288158016,0.0019210881944039999,6484.865344790792,9
1653,2,25,2,68.64,15519171,297024583,0.0022092997571388586,6516.88336096182,9
1654,2,25,2,64.54,15573881,297024552,0.0022092997571388586,6516.88336096182,9
1655,2,16,2,67.13,15604274,297024179,0.0019210881944039999,6484.865344790792,9
1656,3,23,2,68.2,15623665,295748088,0.0010317245879766614,13235.02215092884,6
1657,7,18,2,64.0,15680000,297709791,0.0,6049.536638927263,4
1658,1,8,2,67.5,15741764,298657610,0.0015699562426688873,5180.273757095257,7
1659,11,25,2,67.65,15665062,297024416,0.0022092997571388586,6516.88336096182,9
1660,8,25,2,60.11,15614000,288159537,0.0022092997571388586,6516.88336096182,9
1661,2,12,2,53.8,15610608,290849902,0.0004796408593601411,4178.483754247512,4
1662,2,12,2,58.17,15600000,280852955,0.0007638416509853799,4403.8221652324455,6
1663,7,22,2,46.0,15600000,295988037,0.00040640521958291433,8439.790826503302,9
1664,2,12,2,61.08,15860000,265730202,0.0007061490931202307,4604.30782464311,6
1665,1,12,2,66.6,15757027,279628300,0.0004796408593601411,4178.483754247512,4
1666,8,12,2,56.16,15800000,296636129,0.0007638416509853799,4403.8221652324455,6
1667,1,4,2,69.55,15857400,281600996,0.00039638395998703826,13168.393880635933,6
1668,11,14,2,65.5,15795456,295643028,0.0003710789876812801,6270.818078420478,14
1669,2,7,2,67.64,15768000,298651730,0.00031048007108572175,13063.820367023884,9
1670,7,23,2,63.3,16006633,295748099,0.0010317245879766614,13235.02215092884,6
1671,3,5,2,79.7,15900000,294853092,0.0010490956514376492,3544.5530865974197,2
1672,8,10,2,55.0,16026636,298658305,0.0,3605.4900231840356,8
1673,6,8,2,62.3,16000000,298657580,0.0015699562426688873,5180.273757095257,7
1674,8,18,2,53.7,16021362,298655754,0.0011127270923814955,4568.991465194513,3
1675,23,25,2,60.57,15984807,297024752,0.0022092997571388586,6516.88336096182,9
1676,2,25,2,67.48,15947118,297024391,0.0022092997571388586,6516.88336096182,9
1677,4,12,2,54.8,15945000,265730347,0.0007061490931202307,4604.30782464311,6
1678,9,12,2,55.87,16000000,265732761,0.0007171105828576463,4511.638648020734,6
1679,2,12,2,60.5,15930000,291414212,0.0007171105828576463,4511.638648020734,6
1680,11,25,2,78.4,15990000,292632843,0.0011760098739673542,11288.578152193719,6
1681,9,25,2,61.9,15950000,299018574,0.0006938748949020001,8569.951593254063,9
1682,2,18,2,66.7,16185939,298655758,0.0011127270923814955,4568.991465194513,3
1683,3,11,2,62.72,16057000,298534367,0.0009271099381053776,9313.397367168938,8
1684,17,26,2,54.5,15900000,298984095,0.0007137905264656559,6990.281577345395,6
1685,23,25,2,62.77,15950000,286016480,0.0017993629905311522,6347.713167246244,9
1686,3,25,2,64.41,15999396,297024621,0.0022092997571388586,6516.88336096182,9
1687,3,8,3,96.0,54000000,293686843,0.0020205996219657793,3072.4086932167406,2
1688,2,7,3,107.2,80000000,294201834,0.0042791139346944,538.4197838081402,2
1689,3,3,3,125.0,160000000,294562193,0.0,4565.899292846608,1
1690,4,7,3,90.96,28660412,293435894,0.001873124201333252,2427.235424631879,4
1691,6,9,3,142.6,39000000,299446065,0.0013250613643255595,3076.5460441279506,1
1692,6,6,3,153.6,43900000,288722870,0.0011934919349798402,1583.0036498976854,1
1693,6,9,3,95.0,34500000,297340742,0.0020567902291903435,2111.2178203237477,1
1694,3,4,3,93.2,19880000,296073186,0.0006704149470746204,8755.583892732422,9
1695,7,14,3,91.14,21919999,291004590,0.0,6908.371857739092,10
1696,1,6,3,201.8,58320000,289478924,0.0015984735487700311,5102.213842566818,1
1697,2,11,3,91.75,29635250,299636437,0.002691499980391655,5337.23626028407,10
1698,3,6,3,120.0,56000000,296488797,0.0030090220849231385,2724.3619468037755,1
1699,15,23,3,157.0,54431900,299540715,0.0008606429687940384,7074.693753651223,6
1700,3,10,3,150.0,105000000,298017709,0.0009622054747303848,3564.606901672357,1
1701,6,9,3,62.8,19729999,299481506,0.00024131935475818608,4386.753252758496,3
1702,2,9,3,73.04,15585144,295858534,0.0,14219.929287195602,13
1703,3,11,3,64.0,19520000,297078434,0.0021087170959393367,7984.230239493426,9
1704,24,25,3,108.5,22900000,290341286,0.0006845045686329397,12774.579788042094,8
1705,3,5,3,132.0,34000000,298048424,0.004144901028444481,8257.974154065805,6
1706,5,24,3,54.9,9195750,297361049,0.0,14467.660341501061,9
1707,3,3,3,125.0,160000000,299243392,0.0005210845438749699,4572.872694929944,1
1708,3,5,3,64.0,14750000,299057100,0.0012224420764158825,2622.2951010860943,4
1709,2,5,3,56.0,13200000,299345112,0.0008938353769363651,3969.3661712796365,4
1710,2,8,3,92.32,37081235,298529950,0.0027167605928378087,2612.434051709723,1
1711,3,5,3,55.0,12900000,297329095,0.002427813108849864,5829.192264390461,9
1712,2,7,3,129.6,61819200,298769234,0.000797014911166779,4033.544608364312,1
1713,20,25,3,80.0,17700000,299095961,0.0010305748007457599,7824.5342234917325,9
1714,3,9,3,83.1,33500000,299243396,0.0010656399662450657,3710.662353264709,1
1715,5,5,3,92.5,21000000,293749751,0.0009861289867529913,2933.1396957550633,3
1716,3,9,3,65.7,11999999,299055905,0.0009895995096540387,10176.608332565995,15
1717,6,6,3,140.0,79380000,296753484,0.0014486231604305111,9303.52686532759,7
1718,1,6,3,192.7,58800000,297327666,0.0,5102.213842566818,1
1719,2,9,3,126.7,36900000,286662063,0.0,3693.05383697214,1
1720,2,6,3,97.7,36067792,299135837,0.0013308960995756572,3715.2002526419874,2
1721,8,11,3,108.5,32500000,298695832,0.0007431405362565629,3976.961943658586,2
1722,2,20,3,80.3,20679999,299064304,0.0,6973.704459245435,4
1723,3,5,3,138.0,150000000,298277726,0.0,5215.1248481145785,1
1724,2,23,3,62.57,11910212,297361443,0.0,13776.493199782368,9
1725,5,6,3,86.8,89000000,298392017,0.0003451713373519353,1668.9757503066862,1
1726,3,9,3,107.9,43299445,299294160,0.0024977195314226856,2853.7814454790096,1
1727,6,21,3,77.6,21000000,299009879,0.0005681230017126506,7075.128807314501,10
1728,17,27,3,65.99,12729480,297361409,0.0,16176.821458851662,6
1729,5,9,3,103.95,38900000,285457188,0.001744416315288738,3876.0941764526733,2
1730,2,7,3,101.4,34476000,284740242,0.0019217993387368993,3236.420320870265,1
1731,2,5,3,216.4,207531061,286484033,0.0009325712040608985,5530.706153118401,1
1732,9,9,3,108.04,64824000,298467199,0.004268622705045566,2559.896809408433,1
1733,2,9,3,82.91,27081759,298270932,0.0012671506381348664,2431.4119256350064,4
1734,4,5,3,60.7,7300000,279933895,0.001470508905582511,13167.129754468313,15
1735,3,9,3,87.73,28082373,288420252,0.0008667257292285963,2749.465268207675,1
1736,24,28,3,94.5,13000000,299168449,0.0,20407.835771846836,6
1737,6,12,3,98.1,28449000,291806237,0.0011961205477479906,5006.838569585699,9
1738,16,18,3,102.9,21900000,257443065,0.0004583585452763669,5990.41003231455,4
1739,2,11,3,97.8,45000000,298392016,0.0,5505.659556532029,10
1740,3,9,3,137.0,65000000,285457308,0.006388272754761097,4619.6920389545385,1
1741,6,9,3,92.49,42554649,297998664,0.0008907437739749439,2750.7766748482773,4
1742,4,4,3,134.0,145000000,299568113,0.0012066860393311841,4605.4861024518505,1
1743,5,5,3,79.4,20247000,299383441,0.0,27804.626630077706,18
1744,8,16,3,81.4,13850000,292144791,0.0,18602.80400523797,13
1745,8,16,3,87.6,15000000,299610962,0.0,12603.221057428484,13
1746,2,8,3,122.9,38099000,296753472,0.00046367804768863627,3918.5140509483917,1
1747,7,10,3,72.9,9850000,270083815,0.0,19494.947498571113,13
1748,3,11,3,128.5,24499000,283214295,0.0011072761495428546,7869.055508427589,6
1749,6,6,3,380.0,300000000,299243363,0.002371551625486409,1565.0081921104704,2
1750,2,11,3,75.95,23206522,267475645,0.0008598427095825661,7328.485835206947,7
1751,7,14,3,141.0,123500000,299568150,0.00119437420552889,3298.419048676071,1
1752,5,9,3,93.4,32540560,294545826,0.0004969811736658589,3673.0205801863285,1
1753,5,10,3,67.3,14100000,299529021,0.002479883452239224,8077.3541964015985,9
1754,7,25,3,92.4,22500000,292865568,0.0016430910651802468,12114.690010269025,8
1755,4,7,3,133.8,134000000,292289237,0.0014802570944730258,4388.497159005616,1
1756,4,10,3,159.1,59000000,285555839,0.0009038990131467546,3461.327499486661,1
1757,2,10,3,86.26,22000699,299043804,0.0005857890412959522,7742.194844551407,6
1758,3,10,3,150.0,96000000,292149080,0.0009038990131467546,3461.327499486661,1
1759,4,9,3,99.5,27650353,296753837,0.0008967610293599994,4118.140588414935,6
1760,3,3,3,94.0,20000000,299529961,0.0002860976040085763,6971.951379785221,8
1761,4,10,3,94.12,34824400,267475887,0.005233786065658821,3896.0540483730765,7
1762,9,17,3,107.3,17999999,299461261,0.0006700946640673417,6772.914947849459,6
1763,6,12,3,82.84,20599823,294460935,0.0002443202332049146,11930.967202371161,9
1764,8,16,3,97.2,18700000,285251748,0.00039921635783599617,6110.428792856644,8
1765,2,14,3,69.4,17194544,295642921,0.0003710789876812801,6270.818078420478,14
1766,5,8,3,143.0,220000000,299329502,0.0009622054747303848,3564.606901672357,1
1767,2,12,3,70.3,16932739,284566351,0.0003710789876812801,6270.818078420478,14
1768,15,15,3,78.6,24000000,293953976,0.000636758317053478,7637.302897299916,15
1769,2,5,3,85.37,19635100,293991870,0.0004040844495318558,13073.080330525087,6
1770,2,7,3,120.0,122800000,299568177,0.0012779880766050342,2323.5883499707597,2
1771,2,4,3,106.32,19050417,295827646,0.0,16840.845053024983,13
1772,5,6,3,73.2,11870000,299250888,0.001109517674690694,2814.6408644122066,4
1773,4,15,3,87.6,17484960,294545441,0.0,6223.576487337736,4
1774,14,17,3,90.1,14950000,298531162,0.0003262740006155037,10934.118875811002,9
1775,11,12,3,84.7,24990000,297776015,0.0018694573166237389,7932.389674218336,9
1776,7,7,3,77.1,17500000,293125782,0.0003618306093026915,7782.594219307357,7
1777,2,25,3,85.23,18133963,297024339,0.0022092997571388586,6516.88336096182,9
1778,7,12,3,62.4,9500000,294559645,0.0,10199.250084573587,10
1779,4,5,3,73.4,18490000,298982857,0.0,3389.9672899693624,2
1780,18,19,3,78.7,18000000,295367406,0.00033053440737267477,9038.971703980545,9
1781,21,25,3,114.0,42000000,298625915,0.0012476833255042983,8821.931572579952,9
1782,2,5,3,57.6,8800000,297929237,0.0010720877692190608,7857.767500835043,15
1783,9,23,3,157.0,40000000,294775384,0.002328641413325417,11967.262951966453,7
1784,14,14,3,87.0,17200000,288870055,0.00020059681691511513,11499.844747397026,13
1785,5,12,3,92.28,22050306,275720486,0.00026808539679687833,11481.157584312961,9
1786,12,16,3,108.6,23900000,294371889,0.0012421994121109277,11568.696843483845,15
1787,1,13,3,94.61,17866888,298845877,0.0,12436.029890540683,9
1788,3,5,3,61.7,7500000,299372591,0.0,26666.121802153073,13
1789,3,18,3,76.2,19491960,294544562,0.0007119083617079709,8999.34609272824,15
1790,9,9,3,59.5,8150000,298465166,0.00046086538916715345,10762.03499150009,17
1791,3,5,3,71.1,8750000,297892205,0.0,26884.224908048716,11
1792,6,9,3,58.9,9095000,296958539,0.0007804161042357974,12076.830361155744,14
1793,3,8,3,84.1,37004000,280459396,0.0021384483396120297,3220.8379309852594,1
1794,1,6,3,78.9,15399000,295246145,0.001090068756938004,1108.8828668927342,1
1795,5,6,3,71.8,19900000,299120252,0.0011693140298161553,2364.5909359888724,1
1796,2,5,3,58.8,9000000,292458490,0.0010600339737374827,3522.0316101688754,2
1797,4,4,3,86.2,16600000,292167327,0.0021291151547069027,1812.7573511750845,1
1798,2,5,3,74.0,21900000,294261417,0.0013752468397937342,2162.961960205769,1
1799,2,12,3,77.4,17956800,299403293,0.0006998423123496174,6344.425921978766,10
1800,8,14,3,109.2,26972440,291898483,0.0010103654064908573,3457.7773385025757,4
1801,9,9,3,56.7,11350000,295458726,0.0009901044999510622,7564.862492216508,7
1802,4,4,3,101.0,21000000,294249466,0.0007933170853794225,1482.3530445585773,3
1803,5,10,3,60.0,11800000,298923070,0.0006353700094553764,7841.65993471427,6
1804,4,6,3,83.3,15790000,295230667,0.0013938672571260967,3777.1740697260348,2
1805,5,7,3,79.54,16956000,298651113,0.00032355470739914993,13234.458174633584,9
1806,4,17,3,69.4,14000000,284404150,0.003530123508334097,8155.741125716064,9
1807,3,16,3,87.8,18450028,299582452,0.0002102812720501199,12640.862380190754,9
1808,3,4,3,67.6,12099900,297727619,0.004634755707175822,3450.029785528547,2
1809,2,5,3,85.5,15400559,297694500,0.0,19759.46719877943,7
1810,8,15,3,83.3,19039848,298301227,0.00048771941965650975,10262.940991710797,7
1811,2,3,3,79.6,18399000,292743076,0.001917220397415499,1768.825751239452,4
1812,2,5,3,109.33,18900205,298634647,0.0,20859.281613282412,7
1813,3,4,3,58.8,11500000,287542565,0.005391561961334386,1445.5183498810193,3
1814,4,5,3,60.07,10860420,298649330,0.0,27462.05287734603,16
1815,8,9,3,81.3,12000000,297749818,0.0009479995284833572,4119.394471985488,4
1816,3,6,3,86.2,21500000,298979138,0.0014726014472038148,2154.9651052132335,1
1817,1,2,3,73.3,9999000,297772585,0.0013630975049714537,5541.706755642106,14
1818,10,14,3,66.3,7600000,298456058,0.0,28058.41817247743,13
1819,3,5,3,60.0,8600000,298749417,0.0036678790513358186,10126.159723191722,17
1820,2,5,3,73.1,11000000,299184020,0.0012996413004800504,8698.971222338427,15
1821,4,6,3,138.0,29000000,296776308,0.00047221082895853314,3003.621233959665,3
1822,4,6,3,95.3,27000000,290251514,0.0011797485373100773,3751.772628642593,2
1823,11,14,3,78.79,23429999,291004595,0.0,6908.371857739092,10
1824,1,4,3,71.1,10799000,299028086,0.0039853510415032625,3421.658061981525,14
1825,12,23,3,80.59,14842515,297361965,0.0,14009.961604137785,9
1826,3,8,3,119.0,55900000,292816692,0.0005361729504587366,4492.585264372031,2
1827,3,4,3,81.0,29000000,298203143,0.0020418084454677642,1886.1490380321961,4
1828,6,6,3,70.0,18900000,286125184,0.000958397308123097,2900.035386594527,4
1829,2,7,3,82.0,26900000,296314378,0.005427601511663143,2281.3405927045965,1
1830,8,13,3,90.3,35217000,296688689,0.0010429654096151472,3401.5421004811155,1
1831,10,14,3,113.03,29729999,291004566,0.0,6908.371857739092,10
1832,5,6,3,72.5,15990000,298639433,0.0011303043779460303,3312.6315004465982,2
1833,16,22,3,93.7,17300000,288824191,0.0003105085770495327,18748.272323678662,15
1834,5,11,3,83.6,20124032,293297395,0.0012618841324962757,11691.385622017355,15
1835,2,5,3,80.0,16250000,293254582,0.00038025252503196786,2592.6741362088114,4
1836,6,8,3,128.8,47702078,293496476,0.0007796067408117638,3531.0111824615014,1
1837,7,9,3,70.0,11200000,298324779,0.00035834489114064166,12269.625259717139,6
1838,1,9,3,60.2,7500000,297583648,0.0004685454625751109,12694.88000087161,6
1839,12,12,3,68.0,11000000,298163292,0.0005878028107187464,9802.329246048997,9
1840,1,4,3,71.1,12500000,290409997,0.0008725808334668061,3565.0074634587177,2
1841,11,15,3,80.9,14000000,297956509,0.00048813150720830784,9380.576742160338,14
1842,7,7,3,124.55,44595127,293435906,0.001873124201333252,2427.235424631879,4
1843,3,3,3,115.8,21900000,299108749,0.0004002240364291047,13438.67772531241,6
1844,4,9,3,78.17,21649999,299481494,0.00024131935475818608,4386.753252758496,3
1845,2,17,3,72.0,23900000,296614879,0.00039156366874899037,6797.283097041601,4
1846,4,11,3,132.93,42816753,299464092,0.002691499980391655,5337.23626028407,10
1847,4,12,3,69.0,16300000,295800416,0.0006729899355832038,10990.21126399392,7
1848,13,25,3,72.3,20900000,299022192,0.0025080710736670323,8444.724621423089,9
1849,3,8,3,127.5,43135063,293496456,0.0007796067408117638,3531.0111824615014,1
1850,3,4,3,116.3,36900000,297774441,0.000526371846423398,11673.365672055339,6
1851,3,9,3,87.46,23459999,299481344,0.00024131935475818608,4386.753252758496,3
1852,5,6,3,60.5,15000000,295694237,0.002858312652379546,2878.3454943103357,2
1853,8,11,3,102.34,34171326,299464030,0.002691499980391655,5337.23626028407,10
1854,1,9,3,69.1,9600000,298450511,0.0004509882647724565,12388.159975173321,8
1855,5,11,3,112.68,36981576,299464042,0.002691499980391655,5337.23626028407,10
1856,6,8,3,83.0,20489000,294515927,0.00036792410631883763,6973.704459245435,4
1857,6,7,3,131.63,41743821,293435899,0.001873124201333252,2427.235424631879,4
1858,6,6,3,111.0,49000000,278624236,0.010750204767296719,1768.851910136862,1
1859,3,8,3,112.3,46940994,298529979,0.0027167605928378087,2612.434051709723,1
1860,3,3,3,82.4,34900000,296188335,0.00084780710526326,632.8190925221919,2
1861,1,16,3,79.2,10800000,294740369,0.002408617866854514,15992.052068228913,15
1862,2,7,3,101.16,30106344,293435793,0.001873124201333252,2427.235424631879,4
1863,2,4,3,74.5,10800000,266215444,0.0002948412796789651,3585.2872700126095,3
1864,2,10,3,98.9,20763500,296917202,0.0015141672056468887,4285.214150520525,14
1865,1,7,3,90.3,9500000,285283341,0.0,21414.157874608496,13
1866,3,9,3,60.8,8000000,297200241,0.0006013394968851357,12383.600177649056,6
1867,2,5,3,59.4,7790000,298823524,0.0,15431.828886607758,13
1868,3,6,3,71.0,26500000,293824980,0.00021070337221551312,6653.975509007873,4
1869,7,9,3,77.57,17613135,298331172,0.0,14219.929287195602,13
1870,5,6,3,75.0,12500000,297470507,0.0020496036137968333,5850.733120403511,7
1871,6,9,3,82.89,23779999,299481425,0.00024131935475818608,4386.753252758496,3
1872,7,7,3,65.7,18500000,285860592,0.0009439358445065844,10952.948387091872,7
1873,2,11,3,84.5,18987464,293297371,0.0012618841324962757,11691.385622017355,15
1874,2,6,3,83.6,17500000,287795721,0.00023585946157980248,4229.624403282629,4
1875,2,8,3,95.8,40561921,298529947,0.0027167605928378087,2612.434051709723,1
1876,2,4,3,120.6,39999000,299555049,0.0006868907405555204,12681.15170089333,6
1877,3,6,3,87.0,40700000,295419883,0.001959837483425242,1384.9426969041965,1
1878,4,9,3,81.81,18078811,298331407,0.0,14219.929287195602,13
1879,3,10,3,71.3,26737500,298095776,0.0010040986056686395,3703.048388699178,1
1880,7,8,3,117.4,44210364,293496578,0.0007796067408117638,3531.0111824615014,1
1881,7,8,3,105.0,35900000,294203928,0.005291079940110172,3763.9339869255887,3
1882,10,23,3,173.0,55930900,299451105,0.0008606429687940384,7074.693753651223,6
1883,4,9,3,77.6,9500000,299653556,0.0,27631.71913914591,13
1884,19,24,3,56.5,9661500,297361100,0.0,14467.660341501061,9
1885,1,9,3,62.9,9200000,294403206,0.0017103796607979658,13084.346550092085,14
1886,3,8,3,97.76,38507664,298529969,0.0027167605928378087,2612.434051709723,1
1887,6,6,3,83.6,21300000,298830635,0.003464410955170389,2521.2527890298343,2
1888,5,5,3,88.3,21500000,298255204,0.0014276858721830263,4865.2768435163325,9
1889,3,10,3,84.4,19327600,296917200,0.0015141672056468887,4285.214150520525,14
1890,4,9,3,91.0,36000000,297857787,0.0019755165043739155,3090.261360687526,2
1891,2,14,3,75.67,21900000,297149034,0.0008034746392808801,5681.23696710578,9
1892,6,8,3,77.3,39650335,297863468,0.0007960440990986843,3259.869239767524,1
1893,3,7,3,74.4,15900000,299249465,0.0,6246.4706953578825,17
1894,3,8,3,102.4,32695500,298888790,0.003090998157781269,2118.369317823293,4
1895,8,15,3,85.0,34900000,299414657,0.001140434331557724,5895.844544992677,10
1897,4,9,3,111.9,42758021,298658161,0.0008001889571493832,4451.82331868231,1
1898,5,5,3,68.0,13800000,292550202,0.0,25628.077700806472,5
1899,4,9,3,97.2,32056560,258155932,0.0008667257292285963,2749.465268207675,1
1900,6,15,3,78.4,19750000,299071635,0.0006384325311076533,13033.664938533102,7
1901,6,7,3,118.2,63281510,297863505,0.0007960440990986843,3259.869239767524,1
1902,3,5,3,57.2,10500000,297450758,0.0009315717556024517,9343.755549179756,7
1903,17,26,3,78.2,12521000,297714752,0.0003760631047384305,14765.691186827775,18
1904,10,10,3,63.9,29500000,291706025,0.0016157344887152705,3009.7722536419164,2
1905,2,10,3,86.4,26242049,298657319,0.001809267428977409,5113.850529863661,9
1906,4,6,3,96.0,43900000,285773471,0.0009282323379713127,3811.266143545359,1
1907,1,19,3,104.2,18584593,298656973,0.0029613724566974193,5322.117772876521,7
1908,1,5,3,60.7,10490000,298416598,0.0012127204172367495,2511.8766429111947,4
1909,2,4,3,140.5,48900000,297226533,0.0007264658774731214,1818.2659998317272,3
1910,20,25,3,102.0,28500000,299528663,0.0003420485299033857,11008.80463856358,9
1911,4,12,3,106.87,29528181,266866832,0.0002443202332049146,11930.967202371161,9
1912,5,14,3,67.8,11700000,297580009,0.0,11656.434936329731,6
1913,7,26,3,78.7,12592000,293054960,0.0003760631047384305,14765.691186827775,18
1914,14,15,3,61.1,12990000,298226720,0.0,6223.576487337736,4
1915,9,9,3,82.07,30479680,293425173,0.0012671506381348664,2431.4119256350064,4
1916,16,23,3,83.0,26990000,296775632,0.0005260903957297435,9229.716397845588,15
1917,11,28,3,77.5,12350000,297810397,0.0,15367.043723226609,6
1918,8,10,3,109.9,31471546,298657470,0.001809267428977409,5113.850529863661,9
1919,2,4,3,79.0,24490000,292144145,0.00029132945755225363,11470.456210744278,9
1920,6,19,3,91.63,20112959,297025030,0.0017993629905311522,6347.713167246244,9
1921,3,6,3,80.9,23000000,299509405,0.002243352175518837,2895.9066756582533,2
1922,7,16,3,87.37,20206435,297024154,0.0019210881944039999,6484.865344790792,9
1923,2,8,3,91.0,51900000,295910651,0.0020205996219657793,3072.4086932167406,2
1924,4,8,3,97.5,41600000,297795213,0.0008318189699998524,3742.671186754661,1
1925,4,9,3,67.5,9500000,298274613,0.0010218122283027233,9685.389161402041,17
1926,10,19,3,106.1,22825738,298657051,0.0029613724566974193,5322.117772876521,7
1927,5,10,3,90.4,21500000,294268308,0.0,13001.603069870669,13
1928,2,12,3,98.04,24000000,265730831,0.0007171105828576463,4511.638648020734,6
1929,4,13,3,103.3,17500000,296311042,0.0002361849338670406,14236.924256466316,13
1930,6,12,3,101.22,27967086,266867558,0.0002443202332049146,11930.967202371161,9
1931,5,6,3,135.0,52650000,295910350,0.001568800105001953,2751.3937810267385,2
1932,17,27,3,70.85,13728507,297905237,0.0,16035.092089458927,6
1933,8,9,3,65.0,7890000,296650965,0.0,26644.22561919731,16
1934,4,20,3,86.4,22359999,279506984,0.0,6973.704459245435,4
1935,5,5,3,76.2,33500000,282553305,0.006563692133223108,575.6430035015575,2
1936,2,11,3,55.0,10500000,298648287,0.003744460848625713,12096.101166304363,8
1937,11,13,3,82.6,12400000,297960621,0.00025173809800906326,8983.496129211706,10
1938,7,8,3,141.2,54500000,291528303,0.0010260155889564478,3328.877821306872,2
1939,4,21,3,104.0,25500000,299507378,0.0,13711.056488095719,13
1940,2,10,3,68.4,25650000,299191555,0.0010040986056686395,3703.048388699178,1
1941,13,21,3,125.0,45000000,298093953,0.00046584379195440995,5552.9829342779885,10
1942,4,8,3,112.8,37224000,299187559,0.0011682547634245723,3623.5514997016944,1
1943,9,12,3,84.36,21660000,265735769,0.0007171105828576463,4511.638648020734,6
1944,5,9,3,86.51,29101108,291720453,0.0012671506381348664,2431.4119256350064,4
1945,12,14,3,81.2,22500000,297849291,0.00047554290280575466,10229.49510934868,7
1946,3,3,3,142.2,44990000,288050344,0.0014918615415743914,2418.8528649664354,4
1947,5,25,3,82.0,18500000,294877709,0.0003659678811696782,10803.688415482686,9
1948,8,9,3,100.26,53458632,297998691,0.0008907437739749439,2750.7766748482773,4
1949,1,5,3,58.4,7480000,298170973,0.003749053806276255,8499.604983283847,14
1950,1,4,3,325.2,164999999,250578892,0.0011463100278875343,3806.8096443883423,1
1951,2,6,3,99.9,39900000,293911873,0.0015915688720442552,2296.56219874578,1
1952,4,10,3,60.0,10500000,296219349,0.0006908918084208524,8256.339399595574,9
1953,6,9,3,107.9,28900907,296753859,0.0011254875375892395,4304.738370012683,6
1954,1,2,3,70.0,7980000,270930303,0.0,12121.306792241072,10
1955,8,9,3,99.11,54966406,297998688,0.00046737261030091064,2750.7766748482773,4
1956,4,17,3,105.9,29900000,296738127,0.0026063656085095893,4038.370530408927,4
1957,5,7,3,116.0,30500000,299336764,0.0025282016383654836,2867.5413733827654,2
1958,10,12,3,121.0,39963000,295196327,0.0011961205477479906,5006.838569585699,9
1959,11,15,3,64.0,10880000,297372010,0.00022309481648579755,12227.229304127795,13
1960,10,11,3,110.5,34476000,298889879,0.003107656469896099,3715.941138313752,3
1961,2,20,3,86.6,22259999,279506981,0.0,6973.704459245435,4
1962,3,5,3,57.7,10100000,299371542,0.0,26901.5779915742,16
1963,4,9,3,107.3,28750820,296753830,0.0008967610293599994,4118.140588414935,6
1964,3,5,3,91.9,19800000,292988832,0.0019707601431364135,3397.7881159015387,2
1965,1,6,3,126.6,49900000,298625611,0.0,29556.185667205697,5
1966,4,4,3,114.0,65000000,292014438,0.0006355134150924018,1653.9604940455974,3
1967,14,18,3,89.4,25021948,298656697,0.0011680118701997276,4958.649701377589,3
1968,7,7,3,161.0,49000000,286808882,0.0,35382.75420168514,5
1969,6,8,3,114.5,52555500,296753462,0.00046367804768863627,3918.5140509483917,1
1970,8,22,3,100.0,45000000,288719480,0.0011602343376933691,2470.1078259976252,6
1971,2,4,3,100.2,49700000,295989142,0.0018979374955311427,2812.7720003400755,2
1972,8,12,3,115.3,35759106,298267779,0.0014765197881547365,5898.555774381078,10
1973,15,20,3,83.2,26200000,297444820,0.00036792410631883763,6973.704459245435,4
1974,3,8,3,77.46,35600000,299639156,0.0017169116406143784,3259.869239767524,1
1975,2,12,3,124.8,36965214,298267785,0.0014765197881547365,5898.555774381078,10
1976,4,9,3,105.0,39600000,275301522,0.0010544613260160182,3599.2432295105223,1
1977,8,8,3,85.9,50251500,298589033,0.0008515989764494362,3946.980416098691,1
1978,2,5,3,55.9,8240000,296805248,0.0,9793.171324444813,10
1979,6,26,3,165.8,25499000,297086441,0.0009125379602749768,4974.065515998596,4
1980,1,8,3,106.7,40332600,296753455,0.00046367804768863627,3918.5140509483917,1
1981,1,12,3,69.0,12150000,293250613,0.0010607972679619335,7430.288844315297,9
1982,18,18,3,93.6,27032012,299459366,0.0011127270923814955,4568.991465194513,3
1983,1,10,3,57.3,10900000,296714615,0.0009035587157174974,9856.594269808811,14
1984,10,10,3,165.0,78000000,297246867,0.0009089629074740783,3305.9163734200265,1
1985,5,13,3,90.3,45000000,294176886,0.00034123352338825226,5505.659556532029,10
1986,5,11,3,109.24,28403000,298534336,0.0009271099381053776,9313.397367168938,8
1987,10,14,3,131.0,35000000,297175185,0.0009375931682674642,5034.153897648046,4
1988,17,17,3,91.9,48800000,299137104,0.000424539959174981,6564.598067306577,4
1989,9,17,3,102.6,21000000,297457745,0.0005676303739801776,11187.184973989984,14
1990,11,12,3,105.6,33500000,292329018,0.0014765197881547365,5898.555774381078,10
1991,4,12,3,100.0,32000000,285376981,0.0005192487310450389,6331.38029142412,6
1992,6,8,3,129.2,44450000,291273926,0.001352701330954137,2553.898640326186,4
1993,6,9,3,79.8,29502219,295870054,0.00028644279695535005,3777.4871944371807,3
1994,7,10,3,99.3,33300000,292771139,0.0015581376427141864,8030.66369512074,15
1995,6,12,3,76.0,18924000,299403334,0.0006998423123496174,6344.425921978766,10
1996,13,23,3,109.6,34000000,298751124,0.0016973363663086952,5647.262765118621,9
1997,3,18,3,95.3,20489500,294573126,0.0,6049.536638927263,4
1998,6,8,3,107.0,45990000,298744433,0.0014447101977247514,1512.0975166737685,1
1999,1,5,3,102.2,17300160,299582533,0.0,19636.04401128735,7
2000,9,12,3,80.0,9900000,285283290,0.0,28638.523700339134,16
2001,6,6,3,137.7,34000000,298527845,0.004347984717797535,2413.398331623656,2
2002,8,8,3,117.9,54575910,294546051,0.0008494885513084245,3693.05383697214,1
2003,1,16,3,79.4,9990000,289176764,0.0002396788325558993,10337.72353179715,10
2004,9,12,3,94.42,17800000,296189684,0.0006968665170447936,13065.83739508461,6
2005,4,5,3,54.8,6600000,295396042,0.0,27181.78166705918,16
2006,3,5,3,58.3,6890000,298490572,0.00030128478108682784,13971.33440220303,17
2007,4,5,3,55.3,6800000,299102369,0.0,29188.05063795777,18
2008,4,4,3,55.1,6900000,283488250,0.0,10688.353855011666,18
2009,10,15,3,52.0,7090000,298732166,0.0006573115029950236,11593.413767134445,6
2010,6,12,3,52.3,7600000,297037467,0.000902182738534731,12893.576793831491,8
2011,1,9,3,60.12,8000000,298091678,0.0003187959881851978,13759.876013547804,17
2012,6,9,3,57.3,8000000,297584363,0.0007841667422480118,11481.519926472718,6
2013,6,9,3,64.0,8200000,296021112,0.0002377770880574583,12350.387733744232,13
2014,1,16,3,65.9,8300000,290014553,0.00027072133148148655,10296.782833725469,10
2015,3,9,3,60.1,8450000,299414118,0.0006680603395243574,8228.27117365028,9
2016,6,9,3,64.6,8700000,298479237,0.0003238962057452146,13962.365593053877,17
2017,2,9,3,58.3,8700000,299024277,0.0,15489.9971839531,16
2018,8,9,3,65.5,8650000,298021208,0.00046483052861142526,12704.449625708348,8
2019,1,9,3,66.7,8800000,297049021,0.00021700530895692657,11822.861333262577,13
2020,8,9,3,61.7,8850000,297535706,0.0017728540539598918,9635.66642716659,8
2021,8,9,3,59.0,9000000,297537449,0.0007016053386867658,10014.504364907069,15
2022,4,9,3,63.0,9000000,297128617,0.0008743474894017214,9252.558769200472,15
2023,3,9,3,58.3,9100000,297080484,0.0008554642583011341,8582.005437140084,14
2024,1,24,3,50.9,9167090,297361201,0.0,14362.465765447467,9
2025,1,17,3,52.9,9241630,297361401,0.0,14290.641545382729,9
2026,1,24,3,56.7,9304470,297361023,0.0,14467.660341501061,9
2027,2,25,3,65.0,9425000,297023532,0.0,6146.635440363442,10
2028,6,9,3,60.8,9400000,299114342,0.0007865581322336966,10457.063809848341,15
2029,3,5,3,54.6,9390000,291381480,0.002214785004576025,9726.04794118057,15
2030,3,9,3,60.2,9480000,293609520,0.0010062150485837017,6411.872174032519,9
2031,6,9,3,62.4,9500000,299404106,0.0006952267300477945,13804.63779197094,14
2032,10,24,3,56.3,9599150,297407577,0.0,14467.660341501061,9
2033,1,24,3,51.0,9562500,297361178,0.0,14416.960207343393,9
2034,2,22,3,64.7,9672650,299237079,0.00021535083109416693,12489.10985970657,10
2035,2,9,3,61.6,9700000,299350318,0.0006411362665581454,9788.492324241784,14
2036,1,17,3,52.3,9759180,297361126,0.0,14138.511883214756,9
2037,1,3,3,69.0,9899000,298994127,0.0010616740265150077,6271.835071596017,14
2038,7,22,3,63.9,9936450,299237118,0.00021535083109416693,12489.10985970657,10
2039,17,17,3,78.7,9900000,299168333,0.0,18617.50441238023,6
2040,1,24,3,55.7,9881180,297361176,0.0,14416.960207343393,9
2041,1,6,3,82.3,9876000,292413397,0.0,45979.087033098025,5
2042,6,25,3,65.64,10042920,297023686,0.0,6146.635440363442,10
2043,3,6,3,83.0,9960000,292413407,0.0,45979.087033098025,5
2044,2,6,3,83.9,10068000,292413405,0.0,45979.087033098025,5
2045,20,21,3,58.88,10215680,294543946,0.0,6146.635440363442,10
2046,1,24,3,53.9,10195185,297361228,0.0,14362.465765447467,9
2047,3,9,3,57.5,10250000,299168568,0.0005777891806402501,10122.040208743441,14
2048,2,25,3,63.28,10441200,297023726,0.0,6146.635440363442,10
2049,9,12,3,63.0,10500000,272335952,0.0018218335107916775,12718.188935199414,6
2050,1,6,3,88.9,10668000,292413320,0.0,45979.087033098025,5
2051,2,23,3,53.46,10876316,299260915,0.0,11795.765473225289,15
2052,4,8,3,83.4,10800000,298612472,0.0,27887.840983384453,13
2053,3,6,3,90.5,10860000,292413457,0.0,45979.087033098025,5
2054,3,6,3,89.9,10788000,292413330,0.0,45979.087033098025,5
2055,8,25,3,63.93,10932030,297023913,0.0,6146.635440363442,10
2056,1,6,3,68.4,11000000,299066716,0.0,23530.266039332062,18
2057,1,6,3,91.9,11028000,292413354,0.0,45979.087033098025,5
2058,3,6,3,93.1,11172000,292413357,0.0,45979.087033098025,5
2059,10,12,3,77.2,11194000,296280930,0.0,15129.081635349468,18
2060,4,11,3,76.8,11136000,285297786,0.00032693710312849974,15274.675709375642,18
2061,2,6,3,94.1,11292000,292413474,0.0,45979.087033098025,5
2062,12,12,3,78.0,11310000,296280954,0.0,15129.081635349468,18
2063,3,5,3,79.0,11300000,291690931,0.0,11540.151875726957,16
2064,23,23,3,54.32,11518713,299260885,0.0,11795.765473225289,15
2065,1,23,3,63.3,11564910,297885360,0.0,13776.493199782368,9
2066,3,9,3,57.0,11600000,297049015,0.0011433290134543817,11644.947277848814,7
2067,2,8,3,72.17,11619370,299600067,0.0,26382.5299740703,13
2068,1,23,3,55.8,11721546,293529827,0.0,11775.989545988597,15
2069,7,12,3,62.0,11750000,299319992,0.0011526548786165577,10563.090021976319,17
2070,9,12,3,81.1,11759500,296280903,0.0,15129.081635349468,18
2071,4,11,3,81.1,11759500,285297787,0.00032693710312849974,15274.675709375642,18
2072,2,4,3,64.0,11999000,295777711,0.0005466821807529535,9643.484691321763,8
2073,1,5,3,60.64,11966160,298649361,0.0,27462.05287734603,16
2074,4,5,3,67.6,11900000,298704853,0.00550487584603292,5010.646384692039,6
2075,21,23,3,49.59,12137460,297429040,0.0,11775.989545988597,15
2076,2,23,3,50.62,12004119,293529844,0.0,11775.989545988597,15
2077,6,23,3,53.43,12026833,296862481,0.0,11775.989545988597,15
2078,17,25,3,76.4,12000000,297884713,0.0011744780400055124,14893.610793136051,6
2079,5,11,3,75.1,12046032,294664504,0.00031623926857754725,15374.23822019453,18
2080,17,23,3,54.46,12225760,296689388,0.0,11775.989545988597,15
2081,10,23,3,55.0,12200551,299389579,0.0,11775.989545988597,15
2082,11,16,3,65.8,12200000,290550505,0.00102497212058765,8072.435285473496,9
2083,1,5,3,72.45,12167840,298649322,0.0,27462.05287734603,16
2084,2,8,3,77.32,12371200,299599987,0.0,26382.5299740703,13
2085,9,10,3,71.1,12350000,295047380,0.0007396769818338014,11967.246298761213,17
2086,7,11,3,75.8,12364117,294664510,0.00031623926857754725,15374.23822019453,18
2087,14,26,3,78.7,12592000,297714737,0.0003760631047384305,14765.691186827775,18
2088,14,26,3,79.0,12500000,294120396,0.0016670230602410876,14572.543483286976,6
2089,9,10,3,69.4,12500000,299528669,0.0027037219137598196,8410.779236234452,9
2090,2,8,3,79.9,12704100,293979141,0.0,26396.73922550963,13
2091,9,27,3,66.93,12871875,297361394,0.0,16176.821458851662,6
2092,4,6,3,70.9,12900000,294454401,0.0016826263722366564,2267.365082546999,1
2093,3,6,3,108.1,12972000,292413453,0.0,45979.087033098025,5
2094,1,27,3,72.06,13086096,297905082,0.0,16035.092089458927,6
2095,13,23,3,51.88,13041067,297429039,0.0,11775.989545988597,15
2096,5,6,3,108.8,13056000,292413463,0.0,45979.087033098025,5
2097,1,5,3,77.0,13250352,299582501,0.0,19636.04401128735,7
2098,13,15,3,75.0,13200000,293251040,0.0011254615252968049,7731.560110941581,9
2099,1,5,3,81.89,13181049,298649286,0.0,27239.260984798948,16
2100,3,27,3,71.63,13285155,297361447,0.0004619511990235787,16102.25315573018,6
2101,2,27,3,71.47,13241893,297361439,0.0004619511990235787,16102.25315573018,6
2102,2,5,3,74.9,13248900,298649327,0.0,27462.05287734603,16
2103,1,14,3,69.9,13398000,297922315,0.0006278805922384357,5906.9935077275995,4
2104,9,10,3,60.3,13440359,292425359,0.0002674137506171582,11806.833771985788,9
2105,18,27,3,70.64,13674948,297905240,0.0,16035.092089458927,6
2106,2,12,3,79.1,13550000,299064522,0.0007787287052136041,9352.773319766527,9
2107,16,27,3,70.85,13780650,297361230,0.0,16203.143525645313,6
2108,16,17,3,70.77,13727380,297361172,0.0,16112.105965589411,6
2109,10,27,3,71.63,13887315,297361211,0.0,16203.143525645313,6
2110,5,5,3,82.8,13800000,296027889,0.0017868718684570324,3100.7950579411804,2
2111,1,5,3,85.67,13834651,298649319,0.0,27239.260984798948,16
2112,12,27,3,71.63,13827099,297361096,0.0002601289583126559,16052.536518364846,6
2113,3,8,3,89.97,14080305,293979015,0.0,26396.73922550963,13
2114,2,16,3,76.0,13990000,298727725,0.0,13961.93615444353,9
2115,7,23,3,86.1,13990000,299059423,0.0,14704.260832678387,13
2116,10,14,3,69.0,13990000,292602980,0.0010605326958466014,12975.117724978145,14
2117,3,10,3,64.6,14100175,292425363,0.00022319627489168087,11806.833771985788,9
2118,16,23,3,80.59,14184675,298977643,0.0,13805.204170430852,9
2119,6,8,3,89.14,14173260,299600020,0.0,26382.5299740703,13
2120,3,16,3,63.98,14116203,297298340,0.000527795398343087,17761.53937559638,15
2121,1,5,3,79.57,14114880,298649499,0.0,27351.023161351302,16
2122,19,27,3,101.6,14100000,298959238,0.0006068234515454884,15551.601348108907,6
2123,1,25,3,75.9,14200000,299478663,0.0004261559476441614,8623.119852509099,9
2124,5,10,3,64.3,14343761,292425339,0.0002674137506171582,11806.833771985788,9
2125,2,8,3,90.51,14391090,299600114,0.0,26382.5299740703,13
2126,4,6,3,70.3,14300000,292824961,0.0018059388372612638,2133.6967865010647,1
2127,9,10,3,63.2,14497797,298402694,0.00022319627489168087,11806.833771985788,9
2128,4,5,3,78.84,14470680,298649507,0.0,27351.023161351302,16
2129,1,5,3,81.83,14550315,292871148,0.0,20640.005498273917,7
2130,4,6,3,80.9,14550000,297902986,0.0,19244.170254262895,18
2131,5,7,3,88.7,14700000,282974920,0.002624351784222928,4069.8605446309753,2
2132,1,11,3,65.77,14739223,295426182,0.0005689793907627884,17516.926398682623,15
2133,5,23,3,80.38,14763600,297885280,0.0,14009.961604137785,9
2134,3,5,3,76.11,14854070,298649271,0.0,27239.260984798948,16
2135,8,8,3,95.05,14875325,293979112,0.0,26396.73922550963,13
2136,3,16,3,67.54,14845812,299577861,0.000527795398343087,17761.53937559638,15
2137,21,23,3,80.59,14924745,297885356,0.0,14009.961604137785,9
2138,1,7,3,61.11,14873800,298651103,0.00032355470739914993,13234.458174633584,9
2139,1,7,3,64.12,14822770,298651096,0.00032355470739914993,13234.458174633584,9
2140,3,10,3,67.3,15000000,295101157,0.0,6698.984026589944,8
2141,1,11,3,68.69,15074127,295426194,0.0005689793907627884,17516.926398682623,15
2142,17,17,3,73.2,14990000,298976631,0.0007853839565271505,8748.049911705828,15
2143,5,5,3,78.0,14999000,284435062,0.0,28510.422293843665,16
2144,5,5,3,83.51,14968200,298649282,0.0,27239.260984798948,16
2145,9,10,3,66.6,15157862,298402672,0.0002674137506171582,11806.833771985788,9
2146,5,5,3,73.47,15126804,298649308,0.0,27239.260984798948,16
2147,13,17,3,78.8,15400000,289317245,0.00044019896086178157,5669.793016305845,8
2148,5,5,3,75.13,15353840,298649273,0.0,27239.260984798948,16
2149,9,10,3,67.5,15484198,292425344,0.0002674137506171582,11806.833771985788,9
2150,1,5,3,87.3,15450223,296054922,0.0,20896.022947741138,7
2151,2,8,3,80.0,15500000,298854078,0.0023412583056127627,3042.714149708305,1
2152,1,5,3,87.95,15593340,298697653,0.0,27351.023161351302,16
2153,4,25,3,86.0,15500000,299060656,0.00031023599675714233,12193.497339250905,17
2154,1,7,3,76.91,15455990,298651119,0.00032355470739914993,13234.458174633584,9
2155,7,7,3,81.5,15500000,297215460,0.00040467020909968493,2657.8439002455916,3
2156,5,6,3,80.0,15700000,299343353,0.001090068756938004,1108.8828668927342,1
2157,5,5,3,86.53,15687840,298649316,0.0,27239.260984798948,16
2158,5,5,3,84.06,15789760,298649470,0.0,27351.023161351302,16
2159,1,5,3,74.21,15757000,298649454,0.0,27351.023161351302,16
2160,4,4,3,90.0,16000000,297071747,0.0021368389344238684,3371.6765083045093,2
2161,3,5,3,86.29,16032000,298923949,0.0,27351.023161351302,16
2162,2,5,3,86.92,16044000,298649456,0.0,27351.023161351302,16
2163,5,5,3,70.04,16224000,298649394,0.0,27351.023161351302,16
2164,26,26,3,71.1,16200000,295239682,0.0004970289272843527,9100.85393369627,15
2165,3,16,3,80.0,16200000,299531865,0.0005525457255335372,9380.576742160338,14
2166,7,7,3,78.1,16500000,299164003,0.0016739279889245037,10470.680871388482,15
2167,5,5,3,92.3,16650504,299582532,0.0,19636.04401128735,7
2168,4,5,3,83.43,16596120,298649528,0.0,27351.023161351302,16
2169,4,9,3,77.5,16792578,298331223,0.0,14219.929287195602,13
2170,8,8,3,105.05,16702950,299600043,0.0,26382.5299740703,13
2171,5,5,3,85.03,16762900,298649410,0.0,27351.023161351302,16
2172,1,15,3,78.1,17100112,298292409,0.000555595154706774,8458.800578056811,15
2173,5,5,3,80.95,17159700,298649548,0.0,27351.023161351302,16
2174,3,4,3,126.0,17100000,275932867,0.0,20916.348801572065,18
2175,1,4,3,96.82,17250274,295774774,0.0,16877.695165155063,13
2176,2,18,3,90.55,17204500,299556060,0.00037775752067052915,10907.98021799464,15
2177,1,4,3,95.17,17250752,295827644,0.0,16840.845053024983,13
2178,16,26,3,68.5,17290000,299552430,0.0005744867431188876,9321.417286864686,15
2179,4,5,3,99.4,17400715,299582489,0.0,19846.65434323081,7
2180,4,5,3,97.0,17500000,299474046,0.0019831565953513496,2805.153357986232,2
2181,10,10,3,71.9,17643514,292425360,0.0002674137506171582,11806.833771985788,9
2182,15,15,3,78.8,17643320,294545436,0.0,6223.576487337736,4
2183,2,14,3,83.4,17731674,290735404,0.0003710789876812801,6270.818078420478,14
2184,12,12,3,69.2,17690841,287140616,0.0003710789876812801,6270.818078420478,14
2185,13,14,3,99.8,17600000,289712007,0.0,10977.410331010133,9
2186,1,7,3,85.49,17718910,298651134,0.00032355470739914993,13234.458174633584,9
2187,1,16,3,85.3,17550022,292227245,0.0010856133450389853,12952.816782063383,7
2188,5,17,3,72.45,17822700,294545394,0.0002374534952760344,4178.483754247512,4
2189,3,3,3,81.7,17763033,285685066,0.0,20631.09824345016,11
2190,15,15,3,79.6,17822440,294545449,0.0,6223.576487337736,4
2191,2,17,3,73.02,17846088,294545364,0.0002374534952760344,4178.483754247512,4
2192,12,23,3,68.9,17894035,299507393,0.00078990446148012,5408.447398582295,8
2193,9,18,3,88.19,17858475,299556053,0.00037775752067052915,10907.98021799464,15
2194,9,14,3,74.4,17820288,295643026,0.0003710789876812801,6270.818078420478,14
2195,4,10,3,82.6,17800000,298093233,0.00042171277492504333,9579.556031984326,8
2196,3,3,3,79.4,18050908,285685196,0.0,20631.09824345016,11
2197,9,18,3,89.29,18081225,299556050,0.00037775752067052915,10907.98021799464,15
2198,2,12,3,77.5,17980000,299403319,0.0006998423123496174,6344.425921978766,10
2199,14,23,3,74.21,18090621,299389560,0.0,11775.989545988597,15
2200,21,26,3,80.1,17940000,295040057,0.0010305748007457599,7824.5342234917325,9
2201,14,15,3,87.3,17998000,297079059,0.00020658913543390256,12419.465900388763,13
2202,3,23,3,103.0,18000000,293835473,0.0,11049.88560936587,6
2203,4,5,3,87.9,18000000,299136877,0.0,28510.422293843665,16
2204,2,11,3,74.5,18001584,278117225,0.0003710789876812801,6270.818078420478,14
2205,2,14,3,77.2,18195654,288160196,0.0003710789876812801,6270.818078420478,14
2206,16,24,3,77.93,18263441,298813572,0.000677930479723316,16979.104847775117,15
2207,4,4,3,95.98,18250117,295704542,0.0,16877.695165155063,13
2208,2,25,3,84.06,18224076,297024582,0.0022092997571388586,6516.88336096182,9
2209,15,24,3,106.2,18263966,299120871,0.0003614867792325245,10850.093664829052,9
2210,2,13,3,76.3,18237226,291847028,0.0003710789876812801,6270.818078420478,14
2211,10,10,3,72.5,18311221,298402688,0.0002674137506171582,11806.833771985788,9
2212,5,17,3,75.18,18434136,294545369,0.0002374534952760344,4178.483754247512,4
2213,4,25,3,88.44,18380898,297024482,0.0022092997571388586,6516.88336096182,9
2214,5,11,3,74.2,18434841,293875621,0.0003710789876812801,6270.818078420478,14
2215,2,19,3,85.72,18452287,298257064,0.0017993629905311522,6347.713167246244,9
2216,4,12,3,76.0,18620000,299403302,0.0006998423123496174,6344.425921978766,10
2217,3,10,3,95.6,18500000,299528805,0.000786845290201339,8961.809172040344,9
2218,2,9,3,79.5,18642750,299252946,0.0008824509967031884,8105.376344101968,6
2219,2,6,3,77.2,18500000,298142159,0.0004612527531380888,3771.539692529592,4
2220,6,7,3,82.5,18500000,299274353,0.0004999602572592487,4207.46005109494,4
2221,12,17,3,80.24,18728738,297359635,0.0006486698056531499,13618.954530985544,15
2222,19,23,3,68.4,18830758,299507424,0.00078990446148012,5408.447398582295,8
2223,2,11,3,79.58,18760587,291122681,0.00021049929259648887,17592.016998390987,15
2224,3,16,3,84.62,18770021,297023986,0.0019210881944039999,6484.865344790792,9
2225,1,4,3,106.5,18700654,296297119,0.0,16840.845053024983,13
2226,12,17,3,74.5,18754941,297359447,0.0006486698056531499,13618.954530985544,15
2227,13,25,3,88.72,18796359,297024498,0.0022092997571388586,6516.88336096182,9
2228,2,17,3,94.0,18651908,292227298,0.0011732176391828707,12916.395003384234,7
2229,2,5,3,109.33,18900205,298634626,0.0,20859.281613282412,7
2230,15,24,3,107.1,18985262,299120869,0.0003614867792325245,10850.093664829052,9
2231,5,5,3,77.0,19000000,265206983,0.005433660418436456,769.6943753148018,2
2232,6,16,3,83.38,19017185,274433313,0.0004686530498028614,11221.888632838467,7
2233,13,17,3,77.17,18923030,297359458,0.0006486698056531499,13618.954530985544,15
2234,12,25,3,85.65,18994141,288159791,0.0022092997571388586,6516.88336096182,9
2235,6,7,3,87.92,19018200,298651107,0.00032355470739914993,13234.458174633584,9
2236,4,25,3,81.36,19028547,296739174,0.0021572434903891925,6646.457521838213,9
2237,13,17,3,77.86,19184105,297359644,0.0006486698056531499,13618.954530985544,15
2238,1,7,3,82.52,19193700,298651757,0.00031048007108572175,13063.820367023884,9
2239,5,17,3,93.2,19160988,292227269,0.0011732176391828707,12916.395003384234,7
2240,11,25,3,82.19,19388398,297024799,0.0021572434903891925,6646.457521838213,9
2241,4,12,3,81.8,19316589,298657777,0.001054454208145571,4968.431631777675,7
2242,3,7,3,85.16,19247250,298651712,0.00031048007108572175,13063.820367023884,9
2243,2,16,3,86.37,19283794,274433467,0.0004686530498028614,11221.888632838467,7
2244,2,19,3,90.23,19265654,297025004,0.0017993629905311522,6347.713167246244,9
2245,1,6,3,120.2,19232000,295461270,0.0003789417850240388,13578.58566369205,6
2246,19,25,3,78.61,19540805,296406901,0.0021572434903891925,6646.457521838213,9
2247,1,8,3,83.8,19444649,298657942,0.0012979185985750512,5134.208936751541,7
2248,9,9,3,101.0,19500000,297574481,0.00041202996355970783,5644.556592378622,10
2249,15,15,3,91.0,19419400,294545445,0.0,6223.576487337736,4
2250,1,19,3,107.3,19535200,298656981,0.0029613724566974193,5322.117772876521,7
2251,1,7,3,85.84,19408500,298651692,0.00031048007108572175,13063.820367023884,9
2252,15,17,3,80.55,19751847,297359494,0.0006486698056531499,13618.954530985544,15
2253,2,16,3,87.37,19644515,297024140,0.0019210881944039999,6484.865344790792,9
2254,2,7,3,88.41,19699680,298651804,0.00031048007108572175,13063.820367023884,9
2255,3,19,3,86.1,19966590,294544634,0.0007119083617079709,8999.34609272824,15
2256,2,19,3,87.2,19872880,294544635,0.0007119083617079709,8999.34609272824,15
2257,3,4,3,68.0,19900000,299575219,0.0019196711950777233,1975.7388393375797,4
2258,7,8,3,82.0,19990000,298333887,0.0031899189877832488,2809.550847707477,3
2259,9,18,3,90.8,19976000,294573119,0.0,6049.536638927263,4
2260,9,13,3,83.6,19967692,276514783,0.0003710789876812801,6270.818078420478,14
2261,3,24,3,74.1,19990000,296840978,0.0010162149754421837,13096.008581471646,7
2262,7,14,3,83.54,19945000,298140549,0.0008176959952880961,5581.220399357273,9
2263,1,3,3,88.4,20096981,297863668,0.0,20631.09824345016,11
2264,9,19,3,83.7,20163330,294544655,0.0007119083617079709,8999.34609272824,15
2265,3,15,3,95.39,20150374,298589100,0.0004662450017485733,8354.54618603997,15
2266,1,12,3,93.1,20143141,298657692,0.001054454208145571,4968.431631777675,7
2267,9,13,3,85.4,20061484,288388047,0.0003710789876812801,6270.818078420478,14
2268,8,19,3,91.63,20112959,297025048,0.0017993629905311522,6347.713167246244,9
2269,15,15,3,96.5,20255350,294545430,0.0,6223.576487337736,4
2270,2,19,3,106.1,20348124,298657088,0.0029613724566974193,5322.117772876521,7
2271,1,4,3,131.4,20370000,299315555,0.0,21326.768997328174,5
2272,12,17,3,79.33,20251042,297359446,0.0006486698056531499,13618.954530985544,15
2273,2,24,3,101.6,20221368,294844855,0.0003420485299033857,11008.80463856358,9
2274,6,10,3,63.8,20416000,297991460,0.0021087170959393367,7984.230239493426,9
2275,7,8,3,128.64,20453760,299600033,0.0,26382.5299740703,13
2276,5,18,3,94.9,20403500,294573202,0.0,6049.536638927263,4
2277,2,8,3,83.8,20430051,298657924,0.0010925489234503817,5161.000748658881,7
2278,3,12,3,88.6,20440891,298657739,0.001054454208145571,4968.431631777675,7
2279,2,12,3,89.9,20415120,298657735,0.001054454208145571,4968.431631777675,7
2280,15,17,3,86.94,20497882,297359485,0.0006486698056531499,13618.954530985544,15
2281,2,16,3,87.59,20464131,297024100,0.0019210881944039999,6484.865344790792,9
2282,2,24,3,103.5,20500070,294844854,0.0003420485299033857,11008.80463856358,9
2283,6,19,3,90.52,20579912,297025024,0.0017993629905311522,6347.713167246244,9
2284,8,11,3,92.25,20690000,294879370,0.0025480065984244487,3679.5656420975965,2
2285,8,18,3,96.6,20769000,294573098,0.0,6049.536638927263,4
2286,5,18,3,96.3,20704500,294573211,0.0,6049.536638927263,4
2287,2,8,3,82.5,20706993,298657889,0.0010925489234503817,5161.000748658881,7
2288,16,17,3,83.32,20723622,297359508,0.0006486698056531499,13618.954530985544,15
2289,3,5,3,87.1,20650000,295694937,0.0027713447413186356,2285.566371655869,2
2290,3,5,3,75.0,20790000,299183851,0.0027505971963689255,3094.5370758123336,2
2291,5,13,3,87.53,20833000,297263179,0.0009271099381053776,9313.397367168938,8
2292,3,11,3,85.43,20931000,298534369,0.0009271099381053776,9313.397367168938,8
2293,6,12,3,83.74,20823626,266867977,0.0002443202332049146,11930.967202371161,9
2294,2,19,3,96.05,20898237,299571701,0.0017993629905311522,6347.713167246244,9
2295,6,12,3,66.0,20800000,297797951,0.0008071183745330478,7245.556460348521,7
2296,5,18,3,97.6,20984000,294573194,0.0,6049.536638927263,4
2297,3,3,3,84.0,20900000,297557960,0.0028215823880915164,2885.993866569622,3
2298,2,16,3,103.2,21150169,291984385,0.0002102812720501199,12640.862380190754,9
2299,9,13,3,75.2,21056000,294618030,0.0009271099381053776,9313.397367168938,8
2300,2,13,3,87.06,21156000,297263175,0.0009271099381053776,9313.397367168938,8
2301,2,8,3,86.3,21143877,298657926,0.0010925489234503817,5161.000748658881,7
2302,17,17,3,85.1,21166349,297359509,0.0006486698056531499,13618.954530985544,15
2303,1,12,3,85.9,21241953,279628295,0.0004796408593601411,4178.483754247512,4
2304,2,25,3,88.54,21137138,297024805,0.0021572434903891925,6646.457521838213,9
2305,2,9,3,78.17,21259999,299481486,0.00024131935475818608,4386.753252758496,3
2306,14,15,3,88.4,21366280,294544489,0.0007119083617079709,8999.34609272824,15
2307,2,4,3,98.1,21360000,299315567,0.0,21326.768997328174,5
2308,1,6,3,76.6,21256500,298198034,0.0005349043072034245,6648.747781525431,6
2309,5,11,3,89.5,21340000,293426149,0.002593286833756486,3684.5654870590233,2
2310,10,10,3,87.7,21335000,268140010,0.000312255794540409,3068.5437847284616,4
2311,2,5,3,93.75,21562500,294140959,0.0004040844495318558,13073.080330525087,6
2312,2,12,3,97.7,21648146,298657755,0.001054454208145571,4968.431631777675,7
2313,2,12,3,94.1,21464163,298657704,0.001054454208145571,4968.431631777675,7
2314,6,16,3,99.9,21500000,287392183,0.001070749934832082,7300.410944297269,9
2315,3,10,3,94.0,21500000,277257698,0.0,13658.096050770504,13
2316,6,19,3,96.86,21660109,299571710,0.0017993629905311522,6347.713167246244,9
2317,4,12,3,96.8,21843291,298657764,0.001054454208145571,4968.431631777675,7
2318,5,19,3,105.2,21700000,298657098,0.0029613724566974193,5322.117772876521,7
2319,15,15,3,90.4,21876800,294544495,0.0007119083617079709,8999.34609272824,15
2320,5,12,3,84.36,21800000,292991790,0.0007171105828576463,4511.638648020734,6
2321,3,8,3,78.5,21805716,298657966,0.0012979185985750512,5134.208936751541,7
2322,2,19,3,109.3,21883945,298657009,0.0029613724566974193,5322.117772876521,7
2323,2,13,3,91.31,21915000,283448897,0.0009271099381053776,9313.397367168938,8
2324,11,18,3,105.2,22092000,294573304,0.0004583585452763669,5990.41003231455,4
2325,8,10,3,91.8,22000000,296604378,0.0015141672056468887,4285.214150520525,14
2326,6,18,3,87.7,22000000,298755301,0.0021817435364464423,7964.521638936705,9
2327,6,13,3,89.69,22244000,297263189,0.0009271099381053776,9313.397367168938,8
2328,7,18,3,100.5,22110000,296079713,0.0004583585452763669,5990.41003231455,4
2329,6,18,3,105.5,22155000,294573300,0.0004583585452763669,5990.41003231455,4
2330,13,19,3,103.1,22280618,298657046,0.0029613724566974193,5322.117772876521,7
2331,4,20,3,85.8,22379999,287253517,0.0,6973.704459245435,4
2332,2,13,3,93.12,22349000,289786762,0.0009271099381053776,9313.397367168938,8
2333,5,11,3,89.46,22365000,298534387,0.0009271099381053776,9313.397367168938,8
2334,8,14,3,94.02,22309999,291004611,0.0,6908.371857739092,10
2335,7,25,3,101.1,22500000,297155703,0.0009959454432280001,12356.871375408244,6
2336,9,17,3,88.79,22352653,297359658,0.0006486698056531499,13618.954530985544,15
2337,15,17,3,90.56,22531047,297359491,0.0006486698056531499,13618.954530985544,15
2338,2,12,3,79.6,22482303,291846335,0.0004796408593601411,4178.483754247512,4
2339,10,13,3,77.6,22376368,299384031,0.0008034746392808801,5681.23696710578,9
2340,3,4,3,90.3,22700000,290781470,0.002629835178117037,2293.1677864650114,2
2341,2,12,3,101.4,22703891,298657709,0.001054454208145571,4968.431631777675,7
2342,4,5,3,81.2,22900000,298962706,0.0013973115196007058,649.2424819407912,2
2343,4,23,3,105.5,22840750,294544538,0.0007119083617079709,8999.34609272824,15
2344,2,23,3,107.0,22769600,294544522,0.0007119083617079709,8999.34609272824,15
2345,4,12,3,100.1,22819131,298657728,0.001054454208145571,4968.431631777675,7
2346,11,12,3,80.7,22915168,294724107,0.0003710789876812801,6270.818078420478,14
2347,7,18,3,103.1,23197500,296079711,0.0004583585452763669,5990.41003231455,4
2348,9,18,3,110.1,23121000,294573275,0.0004583585452763669,5990.41003231455,4
2349,6,18,3,110.5,23205000,294573299,0.0004583585452763669,5990.41003231455,4
2350,3,12,3,92.4,23022995,298657747,0.001054454208145571,4968.431631777675,7
2351,1,9,3,96.0,23000000,262891116,0.0016866879085061482,8374.484273552891,14
2352,8,12,3,82.4,23170880,287469061,0.0003710789876812801,6270.818078420478,14
2353,3,9,3,82.94,23369999,299481421,0.00024131935475818608,4386.753252758496,3
2354,6,13,3,95.34,23359000,295287488,0.0009271099381053776,9313.397367168938,8
2355,12,23,3,103.4,23358060,294544681,0.0007119083617079709,8999.34609272824,15
2356,2,9,3,86.38,23379999,299481489,0.00024131935475818608,4386.753252758496,3
2357,1,4,3,148.0,23260000,299315547,0.0,21326.768997328174,5
2358,5,6,3,80.1,23389200,298198018,0.0005349043072034245,6648.747781525431,6
2359,6,6,3,69.0,23400000,299241251,0.003464410955170389,2521.2527890298343,2
2360,11,12,3,93.25,23339543,292291410,0.00026808539679687833,11481.157584312961,9
2361,14,14,3,84.1,23556410,294706816,0.0,6320.613088896074,4
2362,2,10,3,90.45,23500673,296054879,0.0005857890412959522,7742.194844551407,6
2363,7,18,3,104.3,23467500,296079709,0.0004583585452763669,5990.41003231455,4
2364,11,18,3,112.6,23646000,292856750,0.0004583585452763669,5990.41003231455,4
2365,10,17,3,92.4,23587498,297359659,0.0006486698056531499,13618.954530985544,15
2366,11,12,3,73.8,23562052,290945874,0.0004796408593601411,4178.483754247512,4
2367,1,9,3,81.7,23538587,290945742,0.00028644279695535005,3777.4871944371807,3
2368,4,12,3,98.28,23484006,275720484,0.00026808539679687833,11481.157584312961,9
2369,15,24,3,88.5,23500000,299314732,0.0012268399031110052,11597.24793528142,7
2370,3,18,3,116.6,23903000,294573282,0.0004583585452763669,5990.41003231455,4
2371,16,17,3,94.26,23787523,297359507,0.0006486698056531499,13618.954530985544,15
2372,10,12,3,84.1,23700000,298392607,0.00110078658087968,4316.527937766029,6
2373,3,6,3,102.0,23900000,286347205,0.0011230814433174773,3702.240680797618,2
2374,2,14,3,90.03,23859999,291004582,0.0,6908.371857739092,10
2375,2,4,3,95.9,24166800,296569848,0.0,12709.398031718927,13
2376,2,18,3,120.6,24120000,294573174,0.0,6049.536638927263,4
2377,4,14,3,88.92,24199999,291004617,0.0,6908.371857739092,10
2378,8,12,3,88.8,24228192,292514253,0.0003710789876812801,6270.818078420478,14
2379,2,4,3,119.8,24200000,299315564,0.0,21326.768997328174,5
2380,2,4,3,120.7,24200000,299315561,0.0,21326.768997328174,5
2381,5,6,3,86.5,24349750,298197988,0.0005349043072034245,6648.747781525431,6
2382,7,18,3,105.3,24219000,297709759,0.0,6049.536638927263,4
2383,3,18,3,119.0,24395000,294573167,0.0,6049.536638927263,4
2384,9,9,3,81.3,24268050,299252983,0.0008824509967031884,8105.376344101968,6
2385,2,14,3,92.71,24289999,288171977,0.0,6908.371857739092,10
2386,6,13,3,103.7,24629000,274590055,0.0008162079842342783,9880.013777271046,6
2387,11,13,3,103.1,24487000,293207368,0.0008162079842342783,9880.013777271046,6
2388,4,12,3,102.64,24608967,275720147,0.00026804218010236387,11533.389034449223,9
2389,1,9,3,81.7,24444803,295870076,0.00028644279695535005,3777.4871944371807,3
2390,1,7,3,89.1,24632051,290945735,0.00028644279695535005,3777.4871944371807,3
2391,4,12,3,102.63,24523439,275720528,0.00026808539679687833,11481.157584312961,9
2392,2,11,3,77.67,24636147,267475627,0.0008598427095825661,7328.485835206947,7
2393,2,8,3,105.5,24566632,296258548,0.0,12867.669865201253,13
2394,8,13,3,96.6,24710000,299255835,0.0008162079842342783,9880.013777271046,6
2395,12,13,3,104.5,24819000,274590039,0.0008162079842342783,9880.013777271046,6
2396,14,19,3,99.1,24875370,298657114,0.0029613724566974193,5322.117772876521,7
2397,2,9,3,80.0,24823520,291240202,0.00028644279695535005,3777.4871944371807,3
2398,3,12,3,88.1,24748611,277372718,0.0003710789876812801,6270.818078420478,14
2399,3,14,3,101.55,24990000,292308447,0.0011127270923814955,4568.991465194513,3
2400,3,9,3,91.24,25039999,299481445,0.00024131935475818608,4386.753252758496,3
2401,4,8,3,83.3,24990000,299370271,0.002690140768944667,4346.676308551857,2
2402,18,18,3,124.5,24900000,299557221,0.005021833089504293,10885.691387275287,6
2403,2,9,3,80.0,24928800,292512722,0.00028644279695535005,3777.4871944371807,3
2404,2,8,3,95.8,25108222,297300050,0.0,12709.398031718927,13
2405,19,22,3,82.0,24900000,298731193,0.0013173958821558992,7532.1329390969195,7
2406,6,6,3,78.5,25316250,299372497,0.0005349043072034245,6648.747781525431,6
2407,2,4,3,96.7,25335400,296569857,0.0,12709.398031718927,13
2408,18,18,3,87.2,25326705,299459363,0.0011127270923814955,4568.991465194513,3
2409,15,17,3,96.76,25181361,297359652,0.0006486698056531499,13618.954530985544,15
2410,2,7,3,86.7,25329578,293408417,0.00028644279695535005,3777.4871944371807,3
2411,6,14,3,92.37,25279999,291004602,0.0,6908.371857739092,10
2412,3,8,3,104.5,25377552,296258507,0.0,12867.669865201253,13
2413,2,5,3,94.4,25600000,298680780,0.0007113218255301446,10437.915641638785,9
2414,6,6,3,87.9,25491000,298198005,0.0005349043072034245,6648.747781525431,6
2415,13,17,3,94.71,25599471,297359642,0.0006486698056531499,13618.954530985544,15
2416,3,7,3,86.7,25508874,290945806,0.00028644279695535005,3777.4871944371807,3
2417,1,7,3,89.1,25486342,296794264,0.00028644279695535005,3777.4871944371807,3
2418,5,7,3,79.7,25500000,299482020,0.0017028550285202702,3891.8168502096596,2
2419,14,16,3,93.4,25500000,299251078,0.0007147405304960619,13313.453548003701,6
2420,3,13,3,107.1,25919000,293207354,0.0008162079842342783,9880.013777271046,6
2421,2,4,3,126.9,25650000,299315565,0.0,21326.768997328174,5
2422,1,9,3,81.7,25742689,278054280,0.00028644279695535005,3777.4871944371807,3
2423,2,6,3,101.0,25800000,293163775,0.0014842589891310143,1274.7595936720468,4
2424,9,16,3,98.9,25800000,297488821,0.0,14094.442949146545,13
2425,6,9,3,94.0,25950000,292405508,0.0021493982375498768,4770.872508462835,6
2426,6,13,3,95.4,25997000,290580261,0.0008162079842342783,9880.013777271046,6
2427,6,6,3,83.8,26145600,298198024,0.0005349043072034245,6648.747781525431,6
2428,1,9,3,97.5,25973610,290945731,0.00028644279695535005,3777.4871944371807,3
2429,2,10,3,107.09,26250222,298674049,0.0005857890412959522,7742.194844551407,6
2430,7,10,3,122.5,26400000,289196048,0.003219471855109637,10956.909458694836,6
2431,8,12,3,79.1,26409117,278054314,0.0004796408593601411,4178.483754247512,4
2432,2,11,3,84.39,26603948,275655546,0.0008598427095825661,7328.485835206947,7
2433,3,11,3,104.59,26671000,298534317,0.0009271099381053776,9313.397367168938,8
2434,8,13,3,107.5,26607000,293207360,0.0008162079842342783,9880.013777271046,6
2435,7,25,3,85.3,26500000,297246872,0.001100335066430451,12243.369432305199,7
2436,4,4,3,145.6,26500000,299315537,0.0,21326.768997328174,5
2437,1,4,3,105.9,26686800,296569922,0.0,12709.398031718927,13
2438,8,9,3,78.3,26658644,298768008,0.00028644279695535005,3777.4871944371807,3
2439,1,9,3,97.5,26468520,290945805,0.00028644279695535005,3777.4871944371807,3
2440,6,12,3,95.91,26499933,266867241,0.0002443202332049146,11930.967202371161,9
2441,1,8,3,105.9,26695272,297300154,0.0,12709.398031718927,13
2442,2,17,3,105.35,26600875,299273049,0.0016350647387596547,5263.563942306938,6
2443,8,13,3,99.9,26463809,278767295,0.0008176959952880961,5581.220399357273,9
2444,6,11,3,85.2,26838000,298721635,0.003107656469896099,3715.941138313752,3
2445,10,18,3,127.7,26817000,298345098,0.0004583585452763669,5990.41003231455,4
2446,4,11,3,85.26,26878215,289060872,0.0008598427095825661,7328.485835206947,7
2447,1,9,3,99.1,26968083,290945730,0.00028644279695535005,3777.4871944371807,3
2448,1,9,3,117.0,26700921,296753871,0.0011254875375892395,4304.738370012683,6
2449,12,12,3,90.06,26747820,275720094,0.00026714932171682066,11593.562182676531,9
2450,5,8,3,96.2,26936000,298923197,0.0031899189877832488,2809.550847707477,3
2451,2,8,3,102.8,26941824,297687695,0.0,12709.398031718927,13
2452,2,6,3,80.2,26949800,293980696,0.0,29304.35660168583,5
2453,5,7,3,86.7,27130684,274416466,0.00028644279695535005,3777.4871944371807,3
2454,3,13,3,109.4,27077000,291308879,0.0008162079842342783,9880.013777271046,6
2455,1,4,3,179.3,27050000,299315551,0.0,21326.768997328174,5
2456,12,12,3,88.5,27061884,282740893,0.0004796408593601411,4178.483754247512,4
2457,6,9,3,80.0,27072000,283176999,0.00028644279695535005,3777.4871944371807,3
2458,5,8,3,104.3,27126344,296258470,0.0,12867.669865201253,13
2459,4,9,3,82.07,27160110,291703854,0.0012671506381348664,2431.4119256350064,4
2460,3,12,3,101.22,27511596,266867533,0.0002443202332049146,11930.967202371161,9
2461,1,6,3,106.7,27528600,298198007,0.0005349043072034245,6648.747781525431,6
2462,8,9,3,79.0,27461348,276272572,0.00028644279695535005,3777.4871944371807,3
2463,12,12,3,92.64,27514080,275720126,0.00026714932171682066,11593.562182676531,9
2464,2,8,3,97.4,27475566,297300116,0.0,12709.398031718927,13
2465,19,27,3,123.1,27360000,299121813,0.00037719769964904173,10457.949108494468,9
2466,23,23,3,93.9,27704829,295748204,0.0010317245879766614,13235.02215092884,6
2467,7,8,3,83.5,27555000,299370272,0.002690140768944667,4346.676308551857,2
2468,3,9,3,105.4,27700068,296753826,0.0008967610293599994,4118.140588414935,6
2469,2,9,3,84.99,27710110,291703893,0.0012671506381348664,2431.4119256350064,4
2470,23,23,3,99.9,28034208,295748206,0.0010317245879766614,13235.02215092884,6
2471,18,18,3,127.4,28028000,294573333,0.0004583585452763669,5990.41003231455,4
2472,3,9,3,86.06,27919376,291703853,0.0012671506381348664,2431.4119256350064,4
2473,8,9,3,99.2,28050883,296753836,0.0008967610293599994,4118.140588414935,6
2474,12,12,3,94.57,28087290,276977337,0.00026714932171682066,11593.562182676531,9
2475,2,8,3,98.9,28052856,296258464,0.0,12867.669865201253,13
2476,5,11,3,108.62,28242000,298534331,0.0009271099381053776,9313.397367168938,8
2477,8,9,3,99.8,28250186,299266560,0.0011254875375892395,4304.738370012683,6
2478,4,9,3,84.2,28343365,291703907,0.0012671506381348664,2431.4119256350064,4
2479,14,14,3,103.2,28627680,294660795,0.0,6320.613088896074,4
2480,2,10,3,95.0,28364888,298657315,0.001809267428977409,5113.850529863661,9
2481,3,9,3,114.4,28600228,296753864,0.0008967610293599994,4118.140588414935,6
2482,2,11,3,95.8,28435356,267475714,0.0008598427095825661,7328.485835206947,7
2483,3,5,3,96.31,28893000,299233997,0.0,26192.15240244402,5
2484,9,13,3,109.5,28744000,293207361,0.0008162079842342783,9880.013777271046,6
2485,11,12,3,90.1,28832000,298198119,0.0011961205477479906,5006.838569585699,9
2486,2,4,3,101.9,28735800,296569893,0.0,12709.398031718927,13
2487,8,12,3,86.8,28795000,295734465,0.0011961205477479906,5006.838569585699,9
2488,4,9,3,110.8,28697200,299252965,0.0008824509967031884,8105.376344101968,6
2489,12,12,3,93.28,28711584,266867439,0.0002443202332049146,11930.967202371161,9
2490,2,8,3,102.1,28800368,297300139,0.0,12709.398031718927,13
2491,3,9,3,87.1,28848816,291720445,0.0012671506381348664,2431.4119256350064,4
2492,5,6,3,92.8,29139200,298198046,0.0005349043072034245,6648.747781525431,6
2493,3,12,3,106.87,29047266,266866827,0.0002443202332049146,11930.967202371161,9
2494,11,12,3,83.0,29050000,299247046,0.0011961205477479906,5006.838569585699,9
2495,2,9,3,118.7,29437600,299252945,0.0008824509967031884,8105.376344101968,6
2496,1,4,3,199.9,29350000,299315553,0.0,21326.768997328174,5
2497,1,4,3,200.7,29350000,299315550,0.0,21326.768997328174,5
2498,5,10,3,109.6,29301869,298657363,0.001809267428977409,5113.850529863661,9
2499,4,10,3,109.4,29428007,298657461,0.001809267428977409,5113.850529863661,9
2500,8,9,3,79.0,29317848,295870055,0.00028644279695535005,3777.4871944371807,3
2501,10,12,3,94.7,29357000,299335942,0.0011961205477479906,5006.838569585699,9
2502,10,11,3,103.03,29363550,267975655,0.0008071183745330478,7245.556460348521,7
2503,8,14,3,113.03,29519999,291004607,0.0,6908.371857739092,10
2504,2,6,3,87.73,29439170,293980695,0.0,29304.35660168583,5
2505,2,11,3,91.68,29722656,299636478,0.002691499980391655,5337.23626028407,10
2506,6,6,3,94.5,29607795,298198058,0.0005349043072034245,6648.747781525431,6
2507,5,9,3,112.3,29647200,299252979,0.0008824509967031884,8105.376344101968,6
2508,12,12,3,101.18,29595151,275720401,0.00026808539679687833,11481.157584312961,9
2509,1,9,3,98.46,29606922,258156108,0.0008667257292285963,2749.465268207675,1
2510,22,23,3,102.1,30052073,295748212,0.0010317245879766614,13235.02215092884,6
2511,12,12,3,90.8,29964000,299592383,0.0011961205477479906,5006.838569585699,9
2512,3,9,3,115.7,29850947,296753842,0.0008967610293599994,4118.140588414935,6
2513,7,8,3,111.3,30000000,297234011,0.0009295203598952378,2946.36344489579,4
2514,1,6,3,117.3,29970150,298198027,0.0005349043072034245,6648.747781525431,6
2515,2,10,3,101.9,29839229,298657183,0.001809267428977409,5113.850529863661,9
2516,8,9,3,78.3,29911852,287651417,0.00028644279695535005,3777.4871944371807,3
2517,4,8,3,97.9,29898820,296258453,0.0,12867.669865201253,13
2518,2,9,3,89.63,29994680,258156439,0.0008667257292285963,2749.465268207675,1
2519,2,11,3,105.72,30130200,267475755,0.0008598427095825661,7328.485835206947,7
2520,2,9,3,92.11,30377878,258155972,0.0008667257292285963,2749.465268207675,1
2521,2,9,3,90.63,30329330,258155777,0.0008667257292285963,2749.465268207675,1
2522,10,12,3,87.0,30450000,299315296,0.0011961205477479906,5006.838569585699,9
2523,10,10,3,98.0,30664872,298657365,0.001809267428977409,5113.850529863661,9
2524,1,9,3,97.5,30611100,279628266,0.00028644279695535005,3777.4871944371807,3
2525,2,9,3,111.6,30700490,296753862,0.0008967610293599994,4118.140588414935,6
2526,7,11,3,107.72,30700200,294662303,0.0008598427095825661,7328.485835206947,7
2527,11,11,3,106.96,30483600,294555796,0.0008598427095825661,7328.485835206947,7
2528,3,5,3,86.1,30500000,298681503,0.006967960043910951,2639.526957808615,2
2529,3,5,3,76.77,31008938,291779588,0.0,26192.15240244402,5
2530,6,9,3,114.3,30861000,299252995,0.0008824509967031884,8105.376344101968,6
2531,4,10,3,91.8,30915248,298474370,0.0008758100456837509,4444.159814164203,9
2532,1,7,3,89.1,31005730,275536764,0.00028644279695535005,3777.4871944371807,3
2533,1,9,3,102.29,30758603,258155921,0.0008667257292285963,2749.465268207675,1
2534,2,9,3,93.51,30839598,258156119,0.0008667257292285963,2749.465268207675,1
2535,6,9,3,86.37,30998193,258156508,0.0008667257292285963,2749.465268207675,1
2536,13,13,3,100.3,31344000,274971647,0.0008162079842342783,9880.013777271046,6
2537,4,4,3,194.0,31300000,299315542,0.0,21326.768997328174,5
2538,8,9,3,115.8,31050264,296753869,0.0011254875375892395,4304.738370012683,6
2539,4,9,3,89.43,31228956,258156473,0.0008667257292285963,2749.465268207675,1
2540,12,13,3,100.5,31407000,275565760,0.0008162079842342783,9880.013777271046,6
2541,19,20,3,96.2,31509999,292728302,0.0,6973.704459245435,4
2542,10,11,3,99.43,31538202,267475626,0.0008598427095825661,7328.485835206947,7
2543,7,11,3,92.57,31895480,299636590,0.002691499980391655,5337.23626028407,10
2544,4,4,3,189.5,31900000,299315540,0.0,21326.768997328174,5
2545,1,4,3,108.6,31711200,296569866,0.0,12709.398031718927,13
2546,8,16,3,113.8,31896342,292149689,0.00992381616594971,3970.4491865509517,3
2547,11,26,3,143.0,31990000,294815486,0.0010082161762881604,9337.010424418419,6
2548,12,12,3,103.71,31735260,275720460,0.00026808539679687833,11481.157584312961,9
2549,12,12,3,105.21,31720815,275720208,0.00026804218010236387,11533.389034449223,9
2550,1,8,3,108.6,31719888,297300167,0.0,12709.398031718927,13
2551,2,9,3,96.12,31700376,258156111,0.0008667257292285963,2749.465268207675,1
2552,1,9,3,105.55,31738885,258156106,0.0008667257292285963,2749.465268207675,1
2553,1,9,3,105.42,31699794,258155966,0.0008667257292285963,2749.465268207675,1
2554,10,14,3,92.0,31900000,299105627,0.0004852665188459701,3703.327704703221,4
2555,6,10,3,94.9,32247742,298474355,0.0008758100456837509,4444.159814164203,9
2556,12,12,3,106.29,32046435,275720195,0.00026804218010236387,11533.389034449223,9
2557,2,8,3,112.6,32042992,296258560,0.0,12867.669865201253,13
2558,4,4,3,101.3,32618600,296569899,0.0,12709.398031718927,13
2559,4,12,3,118.0,32312500,291806251,0.0011961205477479906,5006.838569585699,9
2560,12,12,3,106.31,32530860,275720482,0.00026808539679687833,11481.157584312961,9
2561,2,11,3,118.97,32478810,294213908,0.005560196517484369,5562.690188221356,7
2562,6,11,3,102.34,32902500,299464031,0.002691499980391655,5337.23626028407,10
2563,1,5,3,93.73,32732625,293123142,0.0,26192.15240244402,5
2564,3,10,3,108.1,32705436,298657145,0.001809267428977409,5113.850529863661,9
2565,12,12,3,108.81,32806215,275720163,0.00026804218010236387,11533.389034449223,9
2566,1,4,3,130.8,32961600,296569906,0.0,12709.398031718927,13
2567,6,10,3,84.1,33486543,298474327,0.0008758100456837509,4444.159814164203,9
2568,12,12,3,108.99,33547122,266866819,0.0002443202332049146,11930.967202371161,9
2569,1,7,3,99.6,33864000,284740226,0.0019217993387368993,3236.420320870265,1
2570,2,9,3,112.8,33727200,294575852,0.0004969811736658589,3673.0205801863285,1
2571,4,9,3,74.99,33745500,299099161,0.003556913949613382,1432.9172232560145,1
2572,4,16,3,127.1,33733859,292149741,0.003450008380711524,3954.0878849097885,3
2573,12,12,3,109.83,33607980,275720336,0.00026808539679687833,11481.157584312961,9
2574,1,7,3,100.6,34204000,284740222,0.0019217993387368993,3236.420320870265,1
2575,5,16,3,127.5,34110860,292149739,0.003450008380711524,3954.0878849097885,3
2576,1,8,3,96.8,34066425,293496549,0.0007796067408117638,3531.0111824615014,1
2577,5,7,3,93.6,34631991,284740273,0.0005812649649151012,3236.420320870265,1
2578,9,11,3,116.31,34523134,299555565,0.0008598427095825661,7328.485835206947,7
2579,4,11,3,126.38,34501740,294213914,0.005560196517484369,5562.690188221356,7
2580,2,8,3,77.2,34836036,297863455,0.0017169116406143784,3259.869239767524,1
2581,3,10,3,94.12,34824400,267475892,0.005233786065658821,3896.0540483730765,7
2582,9,10,3,97.1,34846342,298657382,0.001809267428977409,5113.850529863661,9
2583,2,9,3,142.9,34867600,299252943,0.0008824509967031884,8105.376344101968,6
2584,2,9,3,113.2,35103320,298085143,0.0005839236475528783,3372.3078697533624,1
2585,2,9,3,144.2,35184800,299252944,0.0008824509967031884,8105.376344101968,6
2586,12,12,3,117.23,35344845,292252117,0.00026804218010236387,11533.389034449223,9
2587,3,7,3,101.5,35525000,284740257,0.0007731067265926452,3236.420320870265,1
2588,10,12,3,113.0,36000000,298198102,0.0011961205477479906,5006.838569585699,9
2589,8,10,3,89.63,35852000,283504964,0.005233786065658821,3896.0540483730765,7
2590,12,12,3,117.26,35881560,294834091,0.00026808539679687833,11481.157584312961,9
2591,2,9,3,109.9,36376900,294545948,0.0008494885513084245,3693.05383697214,1
2592,2,11,3,113.62,36119798,299464044,0.002691499980391655,5337.23626028407,10
2593,7,9,3,118.7,36797000,294545972,0.0008494885513084245,3693.05383697214,1
2594,4,11,3,109.63,36638346,299464125,0.002691499980391655,5337.23626028407,10
2595,4,8,3,76.1,36900694,297863464,0.0017169116406143784,3259.869239767524,1
2596,1,9,3,140.7,37004100,298085181,0.0005839236475528783,3372.3078697533624,1
2597,2,5,3,86.03,36921065,298007307,0.0,26192.15240244402,5
2598,8,9,3,109.3,37200000,298804861,0.0019684453787024154,3340.968492819099,6
2599,1,5,3,104.87,37505445,293123144,0.0,26192.15240244402,5
2600,2,8,3,93.21,37545375,298529956,0.0027167605928378087,2612.434051709723,1
2601,3,7,3,85.8,37754247,297863365,0.0017169116406143784,3259.869239767524,1
2602,2,9,3,108.8,37851520,294545881,0.0004969811736658589,3673.0205801863285,1
2603,6,6,3,116.7,38000000,279090664,0.002127706718808685,2446.5549135771976,2
2604,2,9,3,108.92,38259999,299481367,0.00024131935475818608,4386.753252758496,3
2605,1,8,3,106.3,38268000,296753454,0.00046367804768863627,3918.5140509483917,1
2606,9,10,3,88.84,38201200,267475840,0.005233786065658821,3896.0540483730765,7
2607,6,9,3,101.1,38377560,298085160,0.0005839236475528783,3372.3078697533624,1
2608,2,9,3,147.1,38334260,298085156,0.0005839236475528783,3372.3078697533624,1
2609,3,8,3,110.4,38353197,298980279,0.0007796067408117638,3531.0111824615014,1
2610,2,9,3,103.6,38435288,298575201,0.0010544613260160182,3599.2432295105223,1
2611,3,16,3,144.6,38547396,292149732,0.003450008380711524,3954.0878849097885,3
2612,11,12,3,110.0,38430000,291806209,0.0011961205477479906,5006.838569585699,9
2613,2,7,3,124.02,38569227,293435888,0.001873124201333252,2427.235424631879,4
2614,4,7,3,84.9,38786811,297863368,0.0017169116406143784,3259.869239767524,1
2615,8,9,3,105.29,39000000,298804867,0.0019684453787024154,3340.968492819099,6
2616,7,11,3,103.88,38937600,299636428,0.002691499980391655,5337.23626028407,10
2617,4,8,3,88.04,38787523,298529960,0.0027167605928378087,2612.434051709723,1
2618,6,9,3,106.86,38870325,258156361,0.0008667257292285963,2749.465268207675,1
2619,7,10,3,97.07,38828000,267475848,0.005233786065658821,3896.0540483730765,7
2620,2,9,3,151.0,39229800,298085148,0.0005839236475528783,3372.3078697533624,1
2621,2,9,3,121.0,39385500,294545924,0.0004969811736658589,3673.0205801863285,1
2622,5,9,3,67.67,39079425,299107642,0.003556913949613382,1432.9172232560145,1
2623,4,8,3,88.83,39055320,299021186,0.0027167605928378087,2612.434051709723,1
2624,7,8,3,103.7,39342526,293496494,0.0007796067408117638,3531.0111824615014,1
2625,2,9,3,116.5,39813749,298658059,0.0008001889571493832,4451.82331868231,1
2626,8,9,3,100.3,39839160,298085163,0.0005839236475528783,3372.3078697533624,1
2627,6,8,3,107.0,39590000,297945686,0.000797014911166779,4033.544608364312,1
2628,7,11,3,108.83,39853546,299464123,0.002691499980391655,5337.23626028407,10
2629,4,8,3,121.2,40359600,294640046,0.0008494885513084245,3693.05383697214,1
2630,3,9,3,155.9,40705490,298085145,0.0005839236475528783,3372.3078697533624,1
2631,2,6,3,132.0,41000000,294115501,0.0014871364019534048,3335.402717852028,1
2632,2,10,3,127.56,40819200,267475895,0.005233786065658821,3896.0540483730765,7
2633,8,9,3,109.89,40954904,293425184,0.0012671506381348664,2431.4119256350064,4
2634,6,9,3,112.5,41062500,294546013,0.0008494885513084245,3693.05383697214,1
2635,7,9,3,120.36,43197204,291971004,0.0008667257292285963,2749.465268207675,1
2636,5,8,4,120.0,39900000,299064807,0.0008494885513084245,3693.05383697214,1
2637,5,8,4,120.0,39900000,299064807,0.0008494885513084245,3693.05383697214,1
2638,7,9,4,168.96,60639744,258155755,0.0008667257292285963,2749.465268207675,1
2639,7,9,4,168.96,60639744,258155755,0.0008667257292285963,2749.465268207675,1
2640,7,9,4,141.0,83500000,297319476,0.0020205996219657793,3072.4086932167406,2
2641,3,7,4,131.63,40936415,293435892,0.001873124201333252,2427.235424631879,4
2642,4,4,4,135.0,165000000,291632305,0.0,1772.9243496356016,2
2643,4,4,4,135.0,165000000,292438602,0.0008518089698951117,1772.9243496356016,2
2644,2,4,4,443.0,400000000,297403314,0.0,4605.4861024518505,1
2645,5,8,4,212.3,101990000,298746817,0.0,3757.2182489329252,1
2646,2,8,4,99.72,50358600,298529990,0.0027167605928378087,2612.434051709723,1
2647,4,6,4,127.6,67000000,299243371,0.0013032808098129304,2435.2987978062,1
2648,2,7,4,129.7,61866900,296753968,0.000797014911166779,4033.544608364312,1
2649,7,7,4,222.0,104900000,291683449,0.0,3383.648793290104,1
2650,6,6,4,140.7,78510600,296753486,0.0014486231604305111,9303.52686532759,7
2651,6,6,4,200.0,275000000,297829056,0.0,1668.9757503066862,1
2652,19,20,4,106.6,31679999,279506975,0.0,6973.704459245435,4
2653,3,3,4,122.7,22000000,291482300,0.0,2224.308862616537,5
2654,4,5,4,93.2,18700000,296671521,0.0022249576296002205,3486.8074783134507,3
2655,3,23,4,108.2,19208081,297884845,0.0,13695.060398941205,9
2656,9,11,4,248.0,300000000,296471256,0.0005499837701337888,3461.327499486661,1
2657,7,8,4,120.7,88256202,297863432,0.0017169116406143784,3259.869239767524,1
2658,5,6,4,170.0,85000000,299599858,0.0,3677.7575208208427,2
2659,9,9,4,189.2,87852239,299294167,0.0024977195314226856,2853.7814454790096,1
2660,7,7,4,133.7,60200000,297310313,0.0,2511.1923625889776,2
2661,3,27,4,112.2,18299820,297360931,0.0,16294.364783025174,6
2662,9,9,4,153.0,92500000,291499936,0.0,3673.0205801863285,1
2663,2,5,4,190.5,140000000,299521413,0.0,4313.2736344603445,1
2664,8,9,4,109.71,40976685,293425149,0.0012671506381348664,2431.4119256350064,4
2665,1,5,4,178.5,105000000,290502429,0.0,4605.4861024518505,1
2666,7,9,4,168.96,60639744,258155755,0.0008667257292285963,2749.465268207675,1
2667,7,9,4,168.96,60639744,258155755,0.0008667257292285963,2749.465268207675,1
2668,3,4,4,280.0,392000000,299519150,0.0,1772.9243496356016,2
2669,5,12,4,122.0,37149000,291806189,0.0011961205477479906,5006.838569585699,9
2670,4,8,4,228.13,200000000,299243384,0.0009622054747303848,3564.606901672357,1
2671,4,8,4,204.0,83950000,287817163,0.0,3693.05383697214,1
2672,4,8,4,118.1,37792000,296753474,0.00046367804768863627,3918.5140509483917,1
2673,16,16,4,260.0,100000000,290247521,0.0,3305.9163734200265,1
2674,2,10,4,112.6,26855100,296753533,0.0009110784384702303,7802.482307922911,6
2675,4,4,4,310.0,116900000,298326191,0.0024111341452982995,4219.593856325788,1
2676,2,11,4,142.64,39939200,267475759,0.0008598427095825661,7328.485835206947,7
2677,1,6,4,78.1,18490000,290314392,0.002728450431516803,2199.2145866720034,3
2678,2,9,4,146.8,38217912,298366945,0.0005839236475528783,3372.3078697533624,1
2679,3,4,4,152.9,38900000,297989120,0.001175975720736092,1382.1005721203203,3
2680,4,4,4,129.7,140000000,286846342,0.0012066860393311841,4605.4861024518505,1
2681,2,9,4,142.1,142000000,299289644,0.0010960334586016364,3229.846786518408,1
2682,2,7,4,100.34,32130000,299648237,0.0017541423339332972,3391.171221789887,3
2683,3,6,4,130.0,39990000,291794849,0.0012883349715514221,1633.7570685649555,3
2684,7,18,4,93.1,14200000,294367202,0.0006000159099681303,12873.016661490987,10
2685,15,25,4,115.31,27489801,297024764,0.0022092997571388586,6516.88336096182,9
2686,3,5,4,90.0,17300000,294687087,0.0030004322468262417,2072.2368205204225,2
2687,13,14,4,107.7,23780160,298901764,0.0,6320.613088896074,4
2688,3,7,4,238.0,118000000,296750916,0.0,4451.82331868231,1
2689,7,23,4,160.3,41000000,296738901,0.002328641413325417,11967.262951966453,7
2690,3,4,4,102.7,13900000,297617253,0.0,21119.172207274765,5
2691,3,8,4,204.67,98241600,280459375,0.0021384483396120297,3220.8379309852594,1
2692,3,15,4,106.0,25000000,296612271,0.0011286642976248225,7650.268229145627,7
2693,5,20,4,114.7,29700000,292278676,0.00036792410631883763,6973.704459245435,4
2694,4,5,4,134.0,20494000,295220652,0.0,28103.05730671425,18
2695,6,7,4,145.5,39800000,294417712,0.001623739973775394,1209.443565839567,1
2696,2,7,4,138.13,41172864,293435839,0.001873124201333252,2427.235424631879,4
2697,1,10,4,90.0,11900000,288709028,0.0008238633991424778,11297.336591085666,15
2698,13,14,4,139.0,31800000,296645426,0.0007636654406046186,6711.794376955849,9
2699,3,7,4,187.0,89900000,292460437,0.001623739973775394,1209.443565839567,1
2700,5,8,4,96.7,51665843,298530000,0.0027167605928378087,2612.434051709723,1
2701,3,5,4,88.5,11200000,296011662,0.0028068056496199853,4819.961990699325,6
2702,7,9,4,142.5,63012570,298658109,0.0008001889571493832,4451.82331868231,1
2703,3,4,4,97.4,18500000,292318437,0.0026283880642138943,1722.1251753662798,4
2704,5,7,4,192.1,69710886,298658193,0.0008001889571493832,4451.82331868231,1
2705,3,6,4,84.3,16950000,297702457,0.0018045864626633355,2040.566910480497,1
2706,3,10,4,111.9,27695250,296753812,0.0009920364536725808,7753.977042357422,6
2707,5,5,4,91.6,10900000,298609403,0.0032005554384048414,4871.885698573055,6
2708,4,10,4,129.1,41701307,298657259,0.001809267428977409,5113.850529863661,9
2709,4,4,4,237.7,55000000,298804781,0.00068595586922675,5694.998931695449,4
2710,6,10,4,112.1,28753650,296753528,0.0009110784384702303,7802.482307922911,6
2711,4,5,4,133.7,27500000,294739706,0.002233397087885773,2084.148264404248,1
2712,3,4,4,182.0,69000000,297217177,0.0,13108.90338790202,13
2713,6,27,4,112.5,20175863,297360939,0.0,16294.364783025174,6
2714,3,4,4,153.5,70000000,295910561,0.0013366012017639632,3326.1564973145237,2
2715,4,4,4,254.7,195000000,265781311,0.0011463100278875343,3806.8096443883423,1
2716,7,9,4,75.7,11000000,298382717,0.002004792485635211,9158.661830291823,14
2717,7,9,4,112.25,41622300,291703813,0.0012671506381348664,2431.4119256350064,4
2718,4,5,4,157.0,59000000,295910473,0.002109826621031468,1679.6648239030012,3
2719,17,19,4,135.0,49900000,298707827,0.001706535539347832,4477.493214967072,7
2720,8,9,4,112.6,36000000,296210961,0.0008967610293599994,4118.140588414935,6
2721,15,25,4,117.87,27874981,297024786,0.0022092997571388586,6516.88336096182,9
2722,2,2,4,121.0,34000000,286808423,0.0009295203598952378,2946.36344489579,4
2723,3,8,4,163.1,92106484,297863427,0.0007960440990986843,3259.869239767524,1
2724,4,4,4,240.5,79990000,284799600,0.0011982207214361372,1666.1884679454117,2
2725,7,9,4,154.38,67386870,295104207,0.0008667257292285963,2749.465268207675,1
2726,2,7,4,105.9,26500000,293076334,0.0010818465082909085,3730.2895603360657,2
2727,4,7,4,141.3,37500000,295148527,0.014129554220281185,2854.875055239142,1
2728,6,21,4,112.8,23500000,297411718,0.0014953938442555752,12268.078809106364,6
2729,3,7,4,159.3,66289509,290200457,0.0017629605680533039,2480.8356667947337,4
2730,7,22,4,91.5,32500000,299101727,0.0,12860.458373976677,13
2731,11,11,4,144.75,40530000,299555569,0.0008598427095825661,7328.485835206947,7
2732,7,7,4,157.0,46000000,295885342,0.0008193502757974854,3744.0062827297556,2
2733,8,17,4,104.4,48450000,296213687,0.0011497423066221203,4614.727033263814,9
2734,3,18,4,128.3,25660000,294573113,0.0,6049.536638927263,4
2735,2,3,4,81.3,10990000,292378916,0.0010585568585860133,6963.531230716736,10
2736,8,10,4,82.9,19580238,292425293,0.0002674137506171582,11806.833771985788,9
2737,2,4,4,96.0,31490000,292404258,0.0011363528152592167,1770.7763714468579,2
2738,8,10,4,240.0,74000000,294658647,0.0007143460929466075,2756.5880768986144,1
2739,1,18,4,132.8,32098800,298656918,0.0015581376427141864,8030.66369512074,15
2740,7,14,4,108.0,15500000,299483531,0.00036085417847113254,14979.44083142981,18
2741,3,3,4,105.5,22023119,285685179,0.0,20631.09824345016,11
2742,16,23,4,98.0,22300000,289813265,0.0,11913.320766152678,13
2743,23,23,4,159.4,51000000,294775395,0.002328641413325417,11967.262951966453,7
2744,19,20,4,99.8,16000000,298661177,0.00021763912965382998,11247.722522119675,13
2745,6,9,4,197.8,83076000,294545813,0.0004969811736658589,3673.0205801863285,1
2746,2,8,4,90.0,20650000,298848116,0.00066554959006603,4911.141740806739,17
2747,7,8,4,168.62,111289200,280459333,0.0021384483396120297,3220.8379309852594,1
2748,16,25,4,120.0,26480000,291908137,0.0012828087047868054,11401.95145148139,8
2749,13,13,4,144.3,45094000,282690405,0.0008162079842342783,9880.013777271046,6
2750,3,5,4,182.6,79990000,295910402,0.002098811869411429,2378.92887306118,1
2751,13,14,4,168.8,53647880,298804765,0.0010167035462024957,5836.44503935723,10
2752,14,14,4,147.7,29300000,276352044,0.0007062307819611445,10277.538136304805,6
2753,6,8,4,153.0,85000000,298223095,0.0020205996219657793,3072.4086932167406,2
2754,3,4,4,142.2,50000080,296569864,0.0,12709.398031718927,13
2755,2,9,4,73.8,9500000,298464707,0.0,27394.326575948682,16
2756,4,7,4,119.0,22000000,296404220,0.001366329663720619,2158.7980985980334,4
2757,3,4,4,137.8,31700000,299137102,0.001606267773465668,2568.2560358413734,3
2758,9,15,4,112.0,38200000,299504246,0.001469596306167666,8674.658092209736,9
2759,2,4,4,108.5,43500000,273738486,0.0007933170853794225,1482.3530445585773,3
2760,3,3,4,166.0,35000000,298531065,0.0,28477.432773759156,18
2761,24,24,4,216.0,65000000,298686289,0.0013472266157002692,11719.144620524665,7
2762,4,4,4,117.4,20990000,298255797,0.0016585658507369122,2062.7957895194813,1
2763,8,9,4,172.6,68633066,298658055,0.0008001889571493832,4451.82331868231,1
2764,3,6,4,150.0,48800000,298283348,0.0016513590781212144,7541.420482237377,7
2765,17,18,4,141.1,29900000,259267625,0.0018780060274468094,8138.651644059545,9
2766,9,12,4,122.0,38398500,298198078,0.0011961205477479906,5006.838569585699,9
2767,7,7,4,173.6,96000000,293746976,0.0011464578966014802,3570.4667329067024,1
2768,8,9,4,135.9,61138067,298658094,0.0008001889571493832,4451.82331868231,1
2769,4,8,4,157.2,75000000,286808631,0.0011146908616350999,8749.244220156093,9
2770,7,9,4,135.1,54621680,298658089,0.0008001889571493832,4451.82331868231,1
2771,2,3,4,220.0,55000000,289070923,0.0,26378.17229423129,5
2772,2,17,4,104.0,22700000,294107190,0.004239776687669652,8730.84551401748,15
2773,5,6,4,141.8,58000000,295910369,0.002313366751424041,1492.0038334177123,4
2774,18,18,4,156.9,85000000,299042720,0.0015581376427141864,8030.66369512074,15
2775,14,23,4,77.1,17968855,298422033,0.0,11775.989545988597,15
2776,5,6,4,110.0,75000000,298888779,0.0023067114649227356,3212.9092587157047,1
2777,6,6,4,133.0,94000000,298743732,0.0017405304951443581,825.3214046695211,2
2778,2,9,4,179.4,110000000,295910416,0.006388272754761097,4619.6920389545385,1
2779,4,7,4,125.15,51679240,298202371,0.0012135110455428345,3227.854346727955,1
2780,9,14,4,120.6,39000000,296366690,0.002431996948750897,4194.952239042572,7
2781,7,9,4,171.4,66897627,298658048,0.0008001889571493832,4451.82331868231,1
2782,14,14,4,207.0,64900000,292036474,0.002091916776597476,5249.6660487092,10
2783,4,7,4,140.3,55519771,298658005,0.0008001889571493832,4451.82331868231,1
2784,1,9,4,110.0,14500000,295331345,0.0,12090.802195200155,13
2785,4,5,4,212.0,251600557,244728301,0.0009325712040608985,5530.706153118401,1
2786,2,9,4,180.0,125000000,284977134,0.006388272754761097,4619.6920389545385,1
2787,3,6,4,88.1,25108500,298197981,0.0005349043072034245,6648.747781525431,6
2788,2,4,4,443.0,400000000,299566955,0.0012066860393311841,4605.4861024518505,1
2789,5,10,4,170.0,220000000,296441423,0.0009622054747303848,3564.606901672357,1
2790,8,9,4,167.9,70598152,298658067,0.0008001889571493832,4451.82331868231,1
2791,3,10,4,118.1,37790000,286796506,0.00046367804768863627,3918.5140509483917,1
2792,9,9,4,171.7,70375965,298658057,0.0008001889571493832,4451.82331868231,1
2793,6,8,4,180.0,89000000,295994104,0.012322870052150468,4439.673837499486,1
2794,16,16,4,262.2,100000000,295910375,0.0,3305.9163734200265,1
2795,3,4,4,280.0,392000000,299568168,0.00088465762655686,1786.3094131979217,2
2796,2,7,4,219.5,70391933,298658187,0.0008001889571493832,4451.82331868231,1
2797,4,4,4,254.7,195000000,299336232,0.0,3806.8096443883423,1
2798,6,17,4,128.12,32350300,299249826,0.0016350647387596547,5263.563942306938,6
2799,5,8,4,264.5,185000000,295910493,0.001438078532214325,3854.7636125616514,1
2800,11,11,4,102.7,31323500,298800503,0.0008071183745330478,7245.556460348521,7
2801,14,14,4,82.53,24750000,296800541,0.0,6320.613088896074,4
2802,6,6,4,91.9,27432150,298197993,0.0005349043072034245,6648.747781525431,6
2803,3,6,4,123.9,17700000,299606608,0.001743605841270992,3204.913595806397,2
2804,4,9,4,143.5,51980755,298658104,0.0008001889571493832,4451.82331868231,1
2805,1,5,4,60.01,7100000,298271333,0.0010321248462203997,9692.398934032826,14
2806,3,5,4,114.9,34000000,295929474,0.0032177036242513296,2043.5243784251234,4
2807,2,7,4,190.0,80938900,298657994,0.0008001889571493832,4451.82331868231,1
2808,1,6,4,78.8,13790000,295942577,0.0,27957.191210343335,18
2809,1,4,4,149.4,42130800,296569861,0.0,12709.398031718927,13
2810,3,3,4,250.0,55000000,297218809,0.0007588219431107562,10457.209121660106,9
2811,7,10,4,88.1,20206445,292425364,0.00022319627489168087,11806.833771985788,9
2812,2,4,4,190.0,129500000,297860311,0.0014542841284174528,5166.073569124194,1
2813,2,3,4,176.9,45000000,297234009,0.0009295203598952378,2946.36344489579,4
2814,3,12,4,83.0,17790000,288009985,0.0011200269578341743,5482.883884280096,9
2815,4,6,4,97.3,15900000,293650125,0.00284018486000981,3082.1115029507364,3
2816,1,6,4,122.8,32000000,293911859,0.0018059740330128656,2696.285403580366,1
2817,6,7,4,180.6,122638526,298658000,0.0008001889571493832,4451.82331868231,1
2818,2,5,4,93.4,19400000,297789928,0.0007309522002633685,1821.0188115711617,3
2819,4,7,4,190.2,76103775,290200463,0.0017629605680533039,2480.8356667947337,4
2820,4,6,4,110.1,17700000,287087868,0.0,1697.1041330383612,2
2821,3,4,4,135.4,47660800,296569901,0.0,12709.398031718927,13
2822,7,9,4,89.5,14700000,295918936,0.0007810503462005864,2820.8880620640157,4
2823,8,18,4,128.6,25720000,297709745,0.0,6049.536638927263,4
2824,7,16,4,135.0,23000000,292946106,0.0007015610074207118,7226.101809298409,8
2825,1,3,4,116.8,22557811,293828725,0.0,20631.09824345016,11
2826,4,6,4,126.5,21505000,286808931,0.0014869054074556907,3570.3254193817243,2
2827,16,16,4,111.4,24800000,294688938,0.0009263985113036023,10977.326651250305,8
2828,3,5,4,59.0,8700000,293032379,0.0008855515269790638,10926.80784116965,7
2829,4,14,4,79.4,9500000,297504537,0.00020277596298106035,8400.570673532635,10
2830,3,3,4,105.1,21939619,285685213,0.0,20631.09824345016,11
2831,3,8,4,177.7,56000000,297901385,0.0010501647739671652,3052.892427903922,2
2832,4,23,4,75.64,16823125,296654423,0.0,11775.989545988597,15
2833,2,4,4,125.0,33500000,298490670,0.0013609860406749463,3494.5422969165497,2
2834,9,9,4,150.5,66776850,294546000,0.0008494885513084245,3693.05383697214,1
2835,16,16,4,132.5,26500000,297724408,0.00074352545145373,5121.529396572815,4
2836,1,18,4,151.1,35475660,299324379,0.0015581376427141864,8030.66369512074,15
2837,6,7,4,240.0,65000000,299348378,0.0015360956338807583,3383.648793290104,1
2838,3,3,4,225.3,157710000,244728473,0.0007304038142401565,4051.3253785513693,1
2839,5,5,4,104.3,19000000,295978709,0.0012842685372511375,3538.4547766245664,2
2840,2,3,4,257.6,218960000,244728465,0.0007304038142401565,4051.3253785513693,1
2841,6,8,4,130.5,41000000,298771765,0.001292345982926384,1887.2797292447767,1
2842,3,18,4,134.4,26880000,294573115,0.0,6049.536638927263,4
2843,10,15,4,173.4,55000000,295910523,0.0016973363663086952,5647.262765118621,9
2844,1,8,4,149.5,42167970,297300193,0.0,12709.398031718927,13
2845,1,15,4,124.7,34499000,289687176,0.001140434331557724,5895.844544992677,10
2846,2,7,4,138.4,50930000,299336198,0.0017541423339332972,3391.171221789887,3
2847,7,9,4,154.6,46843800,294545978,0.0008494885513084245,3693.05383697214,1
2848,6,8,4,157.0,69500000,295910462,0.0011146908616350999,8749.244220156093,9
2849,2,20,4,113.0,21500000,298366333,0.0007371733561702027,8536.53728882809,15
2850,4,7,4,178.0,75000000,293659280,0.0008001889571493832,4451.82331868231,1
2851,1,9,4,178.8,60827760,294545773,0.0004969811736658589,3673.0205801863285,1
2852,10,16,4,206.8,175000000,291788206,0.0014940620127188336,2530.686457934261,6
2853,5,7,4,156.8,72777936,290200473,0.0017629605680533039,2480.8356667947337,4
2854,7,7,4,213.4,88117000,299336131,0.0009688857226748248,2899.001829799266,1
2855,7,7,4,363.0,350000000,297418798,0.004188366994443938,4644.160349750456,1
2856,2,5,4,216.4,207531061,244728275,0.0009325712040608985,5530.706153118401,1
2857,7,7,4,212.4,88922000,299336278,0.0009688857226748248,2899.001829799266,1
2858,1,4,4,151.6,173893083,288144324,0.0011866193000249676,4280.103420965616,1
2859,7,9,4,156.0,160000000,299336158,0.0010960334586016364,3229.846786518408,1
2860,4,7,4,211.5,94329000,294545870,0.0004969811736658589,3673.0205801863285,1
2861,4,4,4,96.7,13900000,294827990,0.006907675717549032,4012.6892939367176,7
2862,7,10,4,85.7,19655985,292425353,0.0002674137506171582,11806.833771985788,9
2863,5,12,4,110.0,27000000,295328673,0.0015581376427141864,8030.66369512074,15
2864,4,6,4,120.0,30000000,298922049,0.004378562953198899,2260.0735404596035,1
2865,2,18,4,137.2,26754000,294573112,0.0,6049.536638927263,4
2866,2,5,4,130.0,30000000,296221278,0.0020854208710521164,5333.223576673983,9
2867,2,3,4,130.6,19900000,296307988,0.00039766181602574383,2724.0760083279315,3
2868,1,3,4,115.7,22345366,293828750,0.0,20631.09824345016,11
2869,22,25,4,117.0,20500000,299094191,0.0,11957.448964928235,13
2870,7,8,4,175.3,79077830,294545918,0.0004969811736658589,3673.0205801863285,1
2871,6,8,4,123.4,61685000,280937837,0.00046367804768863627,3918.5140509483917,1
2872,7,9,4,133.3,49135237,298658166,0.0008001889571493832,4451.82331868231,1
2873,10,17,4,155.0,42000000,254021459,0.002544394616281829,9594.311532568498,7
2874,4,7,4,98.2,12250000,295730808,0.0030342753229319216,2034.8641627737366,4
2875,2,9,4,134.3,46156309,298658139,0.0008001889571493832,4451.82331868231,1
2876,5,7,4,84.0,14000000,299025861,0.00035036046055526745,2820.8880620640157,4
2877,5,8,4,180.7,80339220,294545902,0.0004969811736658589,3673.0205801863285,1
2878,11,25,4,120.5,20500000,294468954,0.002334855459566069,7299.210804265528,9
2879,1,4,4,251.3,301560000,260854425,0.0011866193000249676,4280.103420965616,1
2880,4,4,4,115.3,17500000,299278811,0.0016132062792802448,2881.17681889445,3
2881,2,3,4,102.2,20033124,293828743,0.0,20631.09824345016,11
2882,5,6,4,100.0,24000000,299565469,0.0014128453505136871,9056.01704681076,7
2883,6,7,4,224.9,144682293,298657998,0.0008001889571493832,4451.82331868231,1
2884,3,4,4,95.7,20000000,287868763,0.000814800388907688,1856.8289133339538,3
2885,1,7,4,155.5,58545750,294545866,0.0004969811736658589,3673.0205801863285,1
2886,5,10,4,89.1,16800000,298052507,0.0030289100962034173,8038.6420192051555,9
2887,1,18,4,151.9,35663340,298656920,0.0015581376427141864,8030.66369512074,15
2888,3,4,4,74.0,11990000,294573039,0.0007423919036741991,3717.2073350831624,3
2889,1,4,4,111.3,127666888,288144330,0.0011866193000249676,4280.103420965616,1
2890,4,5,4,101.7,16760000,298654722,0.0013084214337064444,3894.0252307855835,4
2891,2,4,4,79.4,12300000,280167220,0.0005834693733855724,6095.35973790993,15
2892,5,9,4,175.5,71955000,294545787,0.0004969811736658589,3673.0205801863285,1
2893,3,6,4,130.6,22900000,299346654,0.002332515839379543,2335.3377979688607,4
2894,6,8,4,199.7,80279400,294546057,0.0008494885513084245,3693.05383697214,1
2895,5,5,4,175.7,28990000,286149343,0.002532910191578013,3074.058359393054,2
2896,21,22,4,85.5,17680000,291095058,0.0008534836352793719,9014.062826550784,9
2897,1,18,4,163.0,39392100,298656930,0.0015581376427141864,8030.66369512074,15
2898,5,5,4,74.0,18050000,297008329,0.010750204767296719,1768.851910136862,1
2899,6,8,4,198.05,122791000,280459322,0.0021384483396120297,3220.8379309852594,1
2900,3,5,4,118.9,23700000,291359384,0.0016884136724604586,2472.004987364183,1
2901,2,7,4,210.7,83226500,294545846,0.0004969811736658589,3673.0205801863285,1
2902,4,4,4,183.5,44500000,295687793,0.003651363692121772,1938.3751957031432,1
2903,7,9,4,126.0,45536400,294545976,0.0008494885513084245,3693.05383697214,1
2904,4,9,4,73.3,11300000,298804842,0.0007146113649920752,10366.218877571393,6
2905,6,18,4,85.0,18800000,297091463,0.00021773497422425156,12539.661455100995,9
2906,11,19,4,93.1,15600000,294303762,0.0008196637875917472,8335.434881651843,15
2907,2,7,4,227.5,96052947,298657993,0.0008001889571493832,4451.82331868231,1
2908,3,6,4,122.0,24900000,294204209,0.0015563964046698437,1844.2424146205672,1
2909,5,11,4,108.0,34020000,296288436,0.0018036792344307741,7891.957523925804,9
2910,9,9,4,188.5,73326500,294546002,0.0008494885513084245,3693.05383697214,1
2911,2,6,4,108.6,19500000,286430736,0.000837679444234011,2625.1051351419596,3
2912,3,3,4,99.4,20749744,285685208,0.0,20631.09824345016,11
2913,5,9,4,73.9,11350000,288960556,0.0009274998245076552,12660.702235103829,14
2914,2,7,4,141.59,55641600,299648242,0.0017541423339332972,3391.171221789887,3
2915,5,5,4,75.0,12900000,287170370,0.00047270248541685816,2783.489975359721,3
2916,7,7,4,101.99,42269400,299648240,0.0017541423339332972,3391.171221789887,3
2917,4,6,4,110.1,17700000,299369314,0.0009871325327278553,1697.1041330383612,2
2918,2,7,4,100.69,36382320,299648238,0.0017541423339332972,3391.171221789887,3
2919,8,8,4,148.0,57000000,294266311,0.0015440265652100801,3082.32546329061,1
2920,1,8,4,183.7,66793320,294545895,0.0004969811736658589,3673.0205801863285,1
2921,5,6,4,216.4,45900000,291413268,0.001439471053335728,1820.0158949910278,1
2922,2,3,4,107.0,20974014,285685146,0.0,20631.09824345016,11
2923,5,5,4,50.0,6390000,299109035,0.0007937100033921672,11538.320907948862,17
2924,6,9,4,153.4,63000000,292187974,0.00029617947730836583,3296.8224665466396,4
2925,5,5,4,107.5,18900000,268147453,0.0013996794544289233,7421.085065447195,7
2926,2,7,4,190.6,68129017,290200432,0.0017629605680533039,2480.8356667947337,4
2927,1,3,4,111.7,12295000,295734252,0.0012111348237766996,3590.963002986559,8
2928,7,8,4,143.7,61900000,293072667,0.0009532689325800367,3757.2182489329252,1
2929,4,17,4,117.0,20000000,282211442,0.0002178683180781907,10133.77360713313,10
2930,8,8,4,149.38,134442000,280459344,0.0021384483396120297,3220.8379309852594,1
2931,1,3,4,84.7,10200000,299334765,0.0,7048.034912723204,8
2932,5,5,4,77.5,14500000,292875116,0.0017101026351196331,5229.300703196629,17
2933,3,3,4,100.8,20125353,293828741,0.0,20631.09824345016,11
2934,12,14,4,87.0,22000000,283949328,0.0003295245004803642,8112.309954428788,15
2935,4,7,4,180.4,102579644,298657996,0.0008001889571493832,4451.82331868231,1
2936,9,9,4,73.5,11500000,296426270,0.0009069808741208032,11569.717139394843,6
2937,1,3,4,123.1,23774543,285685242,0.0,20631.09824345016,11
2938,21,22,4,85.0,17700000,291732092,0.0008534836352793719,9014.062826550784,9
2939,3,3,4,230.0,188600000,244728468,0.0007304038142401565,4051.3253785513693,1
2940,4,5,4,86.0,14200000,270992717,0.0028086247668512123,8383.90973442353,17
2941,7,7,4,201.8,120373700,294545861,0.0004969811736658589,3673.0205801863285,1
2942,3,6,4,85.2,17500000,291322758,0.001492866363505794,3330.185013575664,3
2943,5,5,4,104.0,18500000,293373912,0.004888101715242148,2379.5350890518916,2
2944,1,3,4,113.5,21920476,285685210,0.0,20631.09824345016,11
2945,5,7,4,99.5,16000000,293269387,0.0005085122201421323,3780.602484063706,2
2946,2,3,4,100.2,18500000,295157847,0.0,20631.09824345016,11
2947,14,14,4,107.2,27293120,299550782,0.0,6320.613088896074,4
2948,5,9,4,73.0,10100000,298048287,0.0004803037389500133,13913.699541646138,6
2949,3,9,4,144.2,44702000,294545925,0.0004969811736658589,3673.0205801863285,1
2950,3,3,4,225.0,27000000,280798559,0.0,22513.399087101363,5
2951,5,5,4,160.0,48000000,293738865,0.0014326445023803151,2069.1247219550246,1
2952,5,7,4,216.7,137459268,298657997,0.0008001889571493832,4451.82331868231,1
2953,1,4,4,72.0,16700000,297701760,0.001801006009616472,2142.680592114764,2
2954,2,23,4,108.93,19277544,297361728,0.0,13695.060398941205,9
2955,4,5,4,49.1,7300000,299247319,0.0030348170560017896,8780.742438833802,14
2956,25,25,4,110.0,30000000,295926570,0.001232962912107739,12182.64754870822,8
2957,8,8,4,125.43,112887000,280459354,0.0021384483396120297,3220.8379309852594,1
2958,4,5,4,121.9,23300000,294259195,0.0007928699679734384,3143.1622228653364,4
2959,2,8,4,203.6,69834800,294546022,0.0008494885513084245,3693.05383697214,1
2960,5,5,4,102.0,25000000,295067905,0.001246873021797671,1562.1687350980599,3
2961,3,9,4,159.0,67734000,294545805,0.0004969811736658589,3673.0205801863285,1
2962,5,6,4,83.4,10400000,292857915,0.0,24552.130665400102,18
2963,2,8,4,178.4,71360000,299324618,0.0004969811736658589,3673.0205801863285,1
2964,6,7,4,115.8,19050000,289529324,0.001431454169270088,2501.31447926138,4
2965,4,8,4,204.36,106267200,280459377,0.0021384483396120297,3220.8379309852594,1
2966,5,5,4,117.0,23000000,295034200,0.002378041564567227,2613.3164060455956,1
2967,7,7,4,203.4,121328100,294545876,0.0004969811736658589,3673.0205801863285,1
2968,3,5,4,100.0,18000000,296326762,0.0016626939664034245,3350.105622345373,8
2969,7,8,4,174.12,125366400,280459442,0.0021384483396120297,3220.8379309852594,1
2970,4,5,4,196.3,31000000,290781046,0.0,21119.172207274765,5
2971,8,9,4,173.7,83410740,294545798,0.0004969811736658589,3673.0205801863285,1
2972,4,4,4,85.7,17500000,296955386,0.0010656438178474898,2770.4801217598124,4
2973,1,8,4,149.4,42139764,297300190,0.0,12709.398031718927,13
2974,15,16,4,119.7,21000000,286019442,0.004961246106969595,12381.248112690566,7
2975,9,9,4,146.3,60076632,298366956,0.0005839236475528783,3372.3078697533624,1
2976,13,16,4,153.09,28600000,294420801,0.00026316108050641445,7253.518543700448,10
2977,3,9,4,176.7,73683900,294545780,0.0004969811736658589,3673.0205801863285,1
2978,1,9,4,75.7,10800000,295039262,0.0,8655.255866562311,10
2979,5,8,4,205.89,115298400,288819509,0.0021384483396120297,3220.8379309852594,1
2980,2,3,4,100.9,13499000,274757002,0.0,27302.69905339311,16
2981,2,7,4,189.9,28000000,292699650,0.001508784174026587,3216.6251215410266,1
2982,1,9,4,159.6,58254000,294545801,0.0004969811736658589,3673.0205801863285,1
2983,3,9,4,201.4,77136200,294545806,0.0004969811736658589,3673.0205801863285,1
2984,5,9,4,76.0,10700000,297766741,0.0007621188056008075,8300.15694143633,14
2985,2,9,4,183.8,69079066,298658060,0.0008001889571493832,4451.82331868231,1
2986,3,9,4,94.51,12500000,293264517,0.0,24709.777047537842,16
2987,6,7,4,93.0,16300000,292369003,0.0010606692298173956,2624.9346274654695,4
2988,12,25,4,116.5,16400000,292452136,0.0,11957.448964928235,13
2989,2,6,4,109.4,18700000,292543409,0.0038134455653233527,10338.233562186218,15
2990,4,4,4,91.0,18950000,291486836,0.0,3618.408425499052,18
2991,4,6,4,117.1,19600000,298746017,0.0008858377927406449,4007.2805590758308,2
2992,5,5,4,89.6,20700000,286545056,0.0025812920438037248,7280.428582087129,7
2993,1,5,4,82.9,21000000,277011997,0.0013737191379940626,1437.0064752959943,4
2994,2,4,4,138.0,21500000,296563183,0.0,1850.3804802255206,2
2995,2,6,4,114.0,22000000,273493241,0.0017250599380238465,3862.7174840761113,2
2996,2,7,4,113.6,22500000,291314572,0.0030665450191476574,3097.192824971847,2
2997,2,5,4,110.0,22490000,298485532,0.0012477430743151172,2167.992891611918,4
2998,3,3,4,135.0,22400000,266290375,0.0019266189887445209,1951.7208954561436,1
2999,6,7,4,133.1,22400000,297963579,0.0030665450191476574,3097.192824971847,2
3000,9,10,4,116.0,22900000,287302394,0.01275857433802253,7095.071585118329,8
3001,6,6,4,145.8,23000000,298526638,0.0012650223897318264,2143.9345558937744,1
3002,1,6,4,130.0,23500000,297774493,0.00036614784646475684,2958.10054858635,3
3003,3,4,4,151.4,23500000,295728289,0.0012733319284225918,2149.719066288582,3
3004,4,12,4,129.45,26293815,291838231,0.0011961205477479906,5006.838569585699,9
3005,3,5,4,95.6,27400000,291550931,0.0014081137612098216,2003.0677098861856,1
3006,5,5,4,100.3,28000000,299249709,0.002791669351925567,2197.760775638864,2
3007,23,23,4,101.3,28200000,293521801,0.00024025612000818083,8057.476630819977,8
3008,13,24,4,148.9,28800000,289479283,0.004407891178527804,8997.494532947185,8
3009,2,5,4,101.5,28900000,296686971,0.0005803797768787276,4373.980841297267,2
3010,1,6,4,93.1,29900000,262743416,0.00560914524298073,2843.1602224894827,2
3011,2,3,4,126.0,30900000,295052109,0.0,15475.320756527595,13
3012,9,11,4,114.0,34900000,297173416,0.0009119611786322062,6919.6106214731335,7
3013,15,16,4,220.0,34999999,296993470,0.0006968665170447936,13065.83739508461,6
3014,4,6,4,126.0,36800000,297471842,0.0026135849654063343,2094.3286992218273,4
3015,5,5,4,148.4,37500000,293311236,0.0040902687778817245,2549.684126176048,2
3016,4,4,4,157.9,37850000,294314170,0.0030183553952540486,857.810952986356,3
3017,4,4,4,170.9,38850000,287265523,0.0030183553952540486,857.810952986356,3
3018,5,8,4,120.0,39900000,299064807,0.0008494885513084245,3693.05383697214,1
3019,5,8,4,120.0,39900000,299064807,0.0008494885513084245,3693.05383697214,1
3020,8,26,4,145.1,39900000,294168068,0.002341400696249683,6447.126714797336,9
3021,10,21,4,120.6,42000000,298297162,0.00036792410631883763,6973.704459245435,4
3022,15,21,4,120.5,42000000,298297156,0.00036792410631883763,6973.704459245435,4
3023,10,13,4,116.0,44500000,297550138,0.0007242418546844324,6724.481748021407,9
3024,2,8,4,122.0,44500000,299410581,0.005291079940110172,3763.9339869255887,3
3025,3,4,4,150.0,46000000,291527837,0.0017063325201308259,1750.003381418629,4
3026,5,14,4,187.0,49000000,285382250,0.0003501312550570469,5527.780181593018,10
3027,3,8,4,137.0,54000000,291330843,0.0011682547634245723,3623.5514997016944,1
3028,5,5,4,135.0,55000000,297246884,0.0005347403042816414,4537.752742506121,2
3029,6,10,4,162.7,59700000,298926000,0.0063441453621920505,2935.833675111105,1
3030,7,7,4,133.7,60200000,295993566,0.005127831805842849,2511.1923625889776,2
3031,4,5,4,166.9,67000000,292624048,0.002044304379567118,648.1109459918547,2
3032,4,6,4,196.7,71000000,291595398,0.0006078558747682094,3669.7616267757203,2
3033,4,6,4,196.9,73000000,285834848,0.009604931470134939,959.6723385954335,2
3034,4,8,4,184.2,75900000,268787095,0.0009532689325800367,3757.2182489329252,1
3035,1,8,4,255.3,78000000,285240927,0.00037291542754247633,2673.156932450627,4
3036,5,7,4,146.0,80385000,291253661,0.0009276132935055327,3749.575306993095,2
3037,1,5,4,149.7,85500000,295061211,0.001295404014643349,3973.8300714368984,1
3038,2,7,4,241.8,99000000,270887431,0.012322870052150468,4439.673837499486,1
3039,2,4,4,170.0,99000000,295292042,0.002850347743085562,1526.4476506191056,2
3040,5,5,4,235.4,115000000,297163040,0.0012648907144418196,648.1109459918547,2
3041,3,5,4,186.1,120000000,284332202,0.004347984717797535,2413.398331623656,2
3042,2,2,4,160.0,150000000,294294743,0.0012208434005987472,1163.2172356351123,3
3043,5,5,4,260.0,157500000,264558452,0.002044304379567118,648.1109459918547,2
3044,1,6,4,199.8,220000000,295932765,0.0003451713373519353,1668.9757503066862,1
3045,5,5,-1,121.4,3200000,298636537,0.0027330791771696607,1328.7575069408467,2
3046,1,6,-1,109.1,3300000,298976691,0.0012413995996338942,3239.394294587439,3
3047,3,8,-1,84.0,4650000,299479271,0.001136475382394874,2725.0778150929004,4
3048,4,5,-1,56.0,5100000,289199814,0.0,2358.2445447062287,4
3049,5,5,4,49.5,5790000,294738086,0.000407321495863616,11878.264957681704,17
3050,5,5,4,47.3,5800000,294872755,0.0,25880.694729482762,16
3051,5,5,4,49.0,5900000,292229475,0.0,26090.63353536086,16
3052,5,5,4,49.0,6000000,296523229,0.0002591271218680594,13213.280993203647,17
3053,1,5,4,49.1,6100000,269032512,0.0,26508.670832485885,16
3054,1,5,4,49.0,6100000,290748961,0.0007650047028513921,11692.210926099011,17
3055,3,5,4,48.2,6450000,295931193,0.0012934325440147854,9954.63574299016,17
3056,3,5,4,49.1,6400000,295365610,0.0015406816329780338,10590.745888796138,17
3057,5,5,4,49.3,6400000,298071292,0.0015486454074532755,9977.255922721093,17
3058,3,5,4,48.0,6500000,298935387,0.0,9954.63574299016,17
3059,4,5,4,48.6,6500000,296573117,0.0002726269080626675,12966.663772881706,17
3060,5,5,4,49.0,6590000,299338676,0.004036494753889412,11352.163052065116,17
3061,4,5,4,48.9,6550000,299281335,0.0008256765001670343,10767.953450578003,7
3062,3,5,4,48.6,6600000,295935155,0.00026385197884190885,13124.731895626306,17
3063,3,5,4,48.2,6670000,298223248,0.0012934325440147854,9954.63574299016,17
3064,4,5,4,48.2,6750000,294138365,0.0016253901430570506,8773.926935556416,17
3065,5,6,4,47.9,6750000,298253737,0.0012552366389792411,8513.539875342074,17
3066,4,5,4,59.4,6800000,293954983,0.0,26482.038420730845,16
3067,4,5,4,49.0,6890000,280333052,0.0,10527.537376824344,17
3068,5,5,4,48.81,6800000,296225752,0.0007642035603598321,10725.63268109643,7
3069,3,5,4,49.6,6850000,292265872,0.00038152515568524623,11801.83578802116,17
3070,2,5,4,49.5,6850000,293548171,0.0004193481705655109,12823.84909257232,17
3071,2,5,4,63.0,6800000,293955544,0.0,7832.613805545562,11
3072,4,5,4,49.3,6900000,297421368,0.0002414131020659093,13356.105630556533,17
3073,4,5,4,60.0,6950000,299632486,0.0,26419.71007912531,16
3074,1,5,4,49.0,7100000,294342723,0.0009673583876499816,11854.96286186723,17
3075,4,5,4,48.7,7200000,299297347,0.0015500271346290007,8523.765231091546,17
3076,4,5,4,48.8,7200000,294954614,0.00028294386844172204,12721.80733764082,17
3077,3,9,4,68.3,7189000,297413403,0.0,27851.172822601613,13
3078,3,5,4,54.0,7300000,276828574,0.0,15291.072051071233,13
3079,4,5,4,49.1,7300000,293870127,0.0030348170560017896,8780.742438833802,14
3080,4,5,4,48.7,7300000,291598974,0.0,13193.026822757687,17
3081,1,5,4,49.0,7500000,273808799,0.0008444889516467665,10376.381059790718,7
3082,5,5,4,48.0,7600000,298819035,0.0,15634.312550699275,13
3083,5,5,4,60.3,7700000,281298850,0.0,8766.271404564692,11
3084,5,5,4,48.4,7700000,296440340,0.0011118915136469909,11690.083865790428,17
3085,5,5,4,48.9,7777000,294909678,0.0019933713389843786,11493.218658696804,17
3086,4,5,4,59.5,7990000,294370852,0.0005915419837347412,11801.83578802116,17
3087,5,5,4,49.0,7900000,292976950,0.0008256765001670343,10767.953450578003,7
3088,2,5,4,49.4,8000000,299467117,0.0007698324220436952,10950.42426325777,7
3089,4,5,4,59.6,8100000,288758716,0.0022140227954350784,11510.253474568413,17
3090,2,7,-1,129.0,8050000,298570625,0.0003733228251330224,2611.972350163371,4
3091,1,9,4,72.5,8200000,298924600,0.0,28247.623034605975,16
3092,3,5,4,59.4,8300000,299246025,0.0002369608213980368,13479.426372576587,17
3093,3,5,4,60.0,8300000,290398045,0.0,15546.837599568351,13
3094,4,5,4,59.01,8400000,294140098,0.0016462851541060764,11503.277512585202,17
3095,1,9,4,73.4,8500000,291914478,0.0,27140.827666504178,16
3096,2,3,4,81.4,8500000,284953523,0.0,25963.618905677547,13
3097,1,9,4,74.0,8800000,299587478,0.0015369060486024432,8656.213768206679,9
3098,1,9,4,73.8,8900000,292489011,0.000864499433781766,10029.376897174927,15
3099,3,4,4,66.5,8900000,298072946,0.0019768811256505566,4830.874929429509,17
3100,2,5,4,49.3,9000000,293025492,0.0027731331009891525,11218.859466906111,17
3101,1,3,4,64.4,9000000,294780857,0.0007711503663672137,6153.986391231992,17
3102,3,9,-1,67.5,9000000,291874363,0.0009901044999510622,7564.862492216508,7
3103,1,9,4,74.2,9150000,297797029,0.0,9405.696013354003,14
3104,9,9,4,73.3,9300000,299250455,0.0003861284384254136,8499.359489407703,10
3105,4,4,4,84.5,9500000,297333772,0.0,29738.632799784922,11
3106,1,9,4,76.6,9500000,296782157,0.0010981211052387247,13115.373505085088,6
3107,1,9,4,72.9,9500000,291256489,0.0,10332.41868092544,10
3108,1,10,4,70.8,9500000,285022779,0.00022723558810688413,14464.103525281573,13
3109,1,9,4,77.9,9500000,290971859,0.0008377646637925319,9359.27371432727,15
3110,6,9,4,77.7,9700000,298255018,0.0,11365.446942948514,16
3111,1,5,4,78.9,9700000,294365594,0.0005346551813464052,9528.266827191295,14
3112,1,5,4,90.4,9900000,290630898,0.0,26705.488063062756,16
3113,1,10,4,72.5,9900000,293974386,0.0006984893656286808,7663.332812694155,9
3114,5,9,4,74.2,9990000,294043575,0.0006029559737901909,8627.278095846075,14
3115,4,6,4,69.1,9999999,298041381,0.00028593944035845557,3705.734713777389,3
3116,1,5,4,66.6,9999999,298852667,0.0008774332470962896,10792.413143295487,7
3117,4,9,4,73.0,10000000,295291476,0.0,11657.048174953063,16
3118,1,9,4,72.6,10100000,292847740,0.0011663171893676768,9315.160397737744,8
3119,7,9,4,72.2,10200000,293816839,0.00035568673834198024,8574.172593621848,10
3120,2,9,4,73.8,10300000,299224094,0.00021460843135908214,14608.7906229144,13
3121,2,9,4,75.0,10300000,296940810,0.0007888469092357437,11255.06792156401,6
3122,20,26,4,103.6,10300000,291802618,0.00037604436329380717,14820.628191315078,18
3123,1,9,4,82.3,10400000,294701846,0.0,26387.27989486263,11
3124,4,9,4,73.9,10390000,293687942,0.0010243089606969268,9903.572213435995,15
3125,4,5,4,93.0,10400000,297562458,0.000233977630758932,9515.392056511871,10
3126,4,10,4,77.7,10490000,291410730,0.0,26572.568454018696,16
3127,3,9,4,72.6,10500000,298391704,0.0,9037.344212967568,16
3128,7,10,4,88.0,10500000,296094167,0.0,4295.9037797657365,16
3129,5,14,4,74.0,10500000,298741170,0.0,9037.344212967568,16
3130,1,9,4,84.0,10600000,294560963,0.0006680603395243574,8228.27117365028,9
3131,1,10,4,72.5,10600000,289460468,0.0018166972829086116,8513.552862659699,9
3132,4,14,4,74.9,10800000,296635858,0.0009207940176497438,12753.747523287395,6
3133,5,9,4,73.4,10800000,295731181,0.000479552259022916,10171.750171687983,8
3134,4,9,4,73.4,10900000,298528487,0.0004719742692566573,10202.045521076472,9
3135,9,12,4,107.1,10900000,292485378,0.0,22184.89391794791,18
3136,9,9,4,72.0,10900000,298678583,0.00021764703366519182,8729.9863945769,10
3137,1,9,4,78.1,11000000,299294720,0.0,13678.343655850747,17
3138,1,5,4,91.1,11050000,297589998,0.0002034247017647483,14923.839834651017,13
3139,1,9,4,77.6,11000000,297782860,0.000318357620012898,13872.108224160243,17
3140,8,9,4,72.8,11000000,298122386,0.0018905259683343917,8159.180024916436,9
3141,1,9,4,78.1,11000000,299159449,0.0,13678.343655850747,17
3142,5,10,4,74.0,11200000,297353025,0.0004822440566162818,10098.564729610322,9
3143,8,9,4,77.5,11250000,296055279,0.0012939559217185143,10809.612580783234,15
3144,4,5,4,104.6,11300000,294273069,0.0,11629.584151848148,16
3145,1,10,4,89.2,11500000,298301196,0.00034148299333564523,10746.467048133694,13
3146,1,9,4,76.8,11500000,294863638,0.00466066666342014,12130.377940889844,6
3147,1,6,4,100.1,11500000,299014471,0.0,24702.378637653837,18
3148,1,6,4,96.4,11700000,294226391,0.0,24340.749247087882,18
3149,21,26,4,101.0,11800000,290707694,0.0,14820.628191315078,18
3150,7,9,4,75.0,11900000,299631783,0.0010332825160816715,10123.97343665595,6
3151,1,9,4,86.7,11999000,295118047,0.0016174018567078705,11355.483554161206,8
3152,4,4,4,80.1,11900000,297515654,0.0,23690.16348364464,18
3153,5,9,4,73.2,12000000,285927103,0.0009681174702138276,9227.853073205444,8
3154,4,5,4,72.3,12000000,291272417,0.0,20982.55626242419,7
3155,8,9,4,75.1,12000000,296047258,0.0008774771236486533,12704.697303715164,6
3156,4,9,4,92.2,12100000,297885723,0.0,27704.878207198108,16
3157,1,9,4,89.3,12000000,262478682,0.002796218277224126,8313.53202520983,9
3158,1,9,4,86.1,12000000,261213346,0.0,12222.786526012056,13
3159,6,11,4,67.2,12000000,299224928,0.0007960413534249464,11207.4615467408,7
3160,4,16,4,87.2,12200000,296801700,0.0016549651152381198,8308.976358246187,15
3161,2,9,4,64.6,12200000,294197183,0.003550726548756248,10180.12003448522,15
3162,1,5,4,85.0,12250000,299260164,0.0,24720.644923301254,11
3163,1,5,4,86.2,12300000,293841914,0.001167681550712559,12197.747447828275,17
3164,5,9,4,73.5,12300000,298156231,0.0026741747813739444,8212.45219071651,9
3165,9,9,4,79.8,12300000,298520507,0.0009670422918737295,11636.051783726778,14
3166,2,17,4,92.7,12550000,285169972,0.0,6146.635440363442,10
3167,9,14,4,80.4,12500000,294141753,0.0,26833.169935821592,11
3168,5,5,4,88.5,12500000,298107450,0.0033837490005053034,3086.067944560149,3
3169,4,9,4,64.5,12500000,299419327,0.0015805675632183346,9943.800016848782,15
3170,5,9,4,72.9,12500000,295322663,0.0009069808741208032,11569.717139394843,6
3171,1,9,4,77.9,12500000,297097510,0.0004321030623852075,12883.597289277044,8
3172,1,6,4,115.0,12500000,283352274,0.0004061255824304199,2620.7806461601745,3
3173,2,6,4,95.2,12500000,291595319,0.0020433549713180614,4590.795149429575,3
3174,10,11,4,101.0,12599000,292774807,0.0,18732.25505817231,6
3175,4,9,4,84.0,12750000,299296112,0.00466066666342014,12130.377940889844,6
3176,2,4,4,104.5,12800000,297129340,0.0,30474.42441198112,18
3177,5,5,4,111.5,12830000,279496555,0.003984978840991531,3564.692470079359,2
3178,4,9,4,79.5,12850000,276517062,0.0019011132926866278,8597.868435765287,14
3179,4,6,4,85.2,12990000,280883240,0.0004000010405489056,4116.596439464793,4
3180,4,16,4,87.2,12900000,299098721,0.0016549651152381198,8308.976358246187,15
3181,4,15,4,105.3,12999000,286434269,0.0,12529.396734979488,13
3182,1,9,4,73.1,12900000,299293647,0.0002858215067809975,10185.148496788623,10
3183,4,10,4,89.2,13100000,299029458,0.0,18645.40745642144,6
3184,3,8,4,89.6,13000000,297379335,0.0011511853955416171,11639.835158833352,15
3185,5,9,4,77.8,13000000,297401976,0.0020653930140936056,9817.462644733343,15
3186,3,19,4,93.7,13200000,271800267,0.0006382618660961932,12873.016661490987,10
3187,15,24,4,104.2,13200000,296116065,0.0,11912.471435485664,13
3188,6,18,4,93.0,13300000,283557681,0.0002647990605421706,12840.796249121604,10
3189,5,6,4,102.0,13500000,298878504,0.0015581840899979201,4044.182873523356,2
3190,1,5,4,89.3,13500000,292388539,0.0008961388551356947,8819.02242883619,7
3191,13,18,4,92.5,13500000,294370908,0.0005549698633198734,12840.796249121604,10
3192,5,5,4,98.6,13500000,296757936,0.002195522956306895,4768.13664172392,17
3193,2,9,4,74.5,13500000,299005479,0.001198716092857016,8612.948913781775,14
3194,3,4,4,89.7,13500000,280941970,0.0,20157.30941749222,18
3195,9,10,4,78.3,13500000,298977105,0.0007973494843776755,8798.458476705991,9
3196,3,4,4,91.9,13500000,296593543,0.0,20244.4496972367,18
3197,16,18,4,95.7,13500000,297676350,0.00043544917142434165,12791.052257032316,10
3198,5,9,4,79.6,13650000,299658859,0.0003633781847310111,10140.977255032056,17
3199,3,10,4,87.4,13699000,297472059,0.0009343138620035504,8234.844510271008,14
3200,1,3,4,98.1,13899000,271596382,0.0015355782050797408,3966.586769843053,2
3201,6,6,4,86.7,13850000,293892003,0.0043117039544555815,3427.5520132710753,2
3202,3,25,4,102.0,13900000,297181992,0.0,11979.932014471957,13
3203,4,4,4,90.5,13900000,297979553,0.002339671891833469,5470.702711468866,6
3204,1,20,4,96.8,13850000,295000023,0.00022791451658001424,11280.436096628826,13
3205,2,12,4,95.3,14000000,298731207,0.0009237562894858905,16366.513562788246,15
3206,1,4,4,92.0,14000000,299476395,0.0023506079553717394,5388.551588060551,14
3207,7,9,4,89.6,13999000,298024684,0.0,15347.185795642863,13
3208,14,17,4,93.4,14000000,294443672,0.0006000159099681303,12873.016661490987,10
3209,8,25,4,90.3,14000000,286724706,0.0,6146.635440363442,10
3210,6,10,4,87.0,13950000,298978798,0.0,10948.966175134443,9
3211,1,5,4,99.2,14200000,287451643,0.0013154802003575374,3840.180796501739,2
3212,2,4,4,90.2,14300000,295149773,0.0004375248239078675,3864.64428597455,4
3213,16,18,4,91.9,14300000,295417950,0.0,12840.796249121604,10
3214,3,5,4,112.0,14300000,299331310,0.0,24802.99069133654,18
3215,3,7,4,89.5,14500000,299056633,0.0016534863791561499,3102.0314174964983,2
3216,5,7,4,87.9,14500000,289127994,0.003269507359127102,3029.7188089534425,2
3217,6,6,4,73.7,14499000,291445707,0.003906702698348984,1869.9011762534215,3
3218,4,5,4,90.2,14750000,299027642,0.0013660628616852242,8008.19812980864,6
3219,1,5,4,153.1,14750000,295874522,0.0,27266.222139086793,11
3220,6,7,4,96.0,14700000,294366951,0.001535767969661517,3373.2104365161435,8
3221,2,6,4,83.5,14800000,299549603,0.0005121090252730214,4105.668354667174,4
3222,1,5,4,79.6,14800000,299467884,0.0006470615787861538,4504.624954368535,8
3223,2,7,4,81.0,14800000,296569738,0.0016050845074168838,2449.545639240941,4
3224,1,17,4,89.1,14900000,274206729,0.0008134162117403564,12695.97590902127,7
3225,5,5,4,100.4,14900000,295443218,0.01152756017732882,2900.019516373478,8
3226,4,4,4,95.6,14900000,294971223,0.0014997391223400024,3976.166736112955,2
3227,3,5,4,87.2,14900000,270066611,0.0014209960198212162,1684.5687482541732,1
3228,4,5,4,100.3,14970000,294080703,0.00028610689874685244,3696.447908923722,3
3229,2,4,4,86.0,14999999,295202005,0.00048708858301478797,2359.1334533946247,3
3230,6,16,4,81.0,15000000,299446289,0.0,14138.511883214756,9
3231,3,7,4,123.8,14950000,295758245,0.001212805314718776,3342.8251809148214,6
3232,3,5,4,79.7,14999000,296517079,0.0013464957548375183,3551.0393797493557,2
3233,15,18,4,92.5,14990000,298680344,0.0005549698633198734,12840.796249121604,10
3234,7,7,4,63.4,14990000,299018374,0.00954641122244632,5708.098537877216,10
3235,3,6,4,78.4,15000000,282431368,0.003438503289255708,2176.464729289556,1
3236,3,12,4,95.8,15000000,298958395,0.0009085005976709125,15206.998939888083,15
3237,2,6,4,95.5,15000000,258889938,0.0020496036137968333,5850.733120403511,7
3238,2,5,4,109.3,15200000,298298216,0.0005366239577402909,3133.9778523916034,3
3239,2,5,4,109.3,15200000,297350425,0.0003388182017740711,3133.9778523916034,3
3240,5,5,4,93.3,15300000,296423185,0.0008209719439717173,5618.8852164368045,15
3241,5,5,4,93.0,15300000,295696797,0.0008209719439717173,5618.8852164368045,15
3242,6,6,4,99.2,15400000,289204044,0.0023786475246156923,2613.8479678829854,2
3243,2,3,4,86.6,15250000,291872035,0.0007320688613870301,10434.410454367342,17
3244,1,4,4,90.5,15550000,290923611,0.00033405531482765373,5835.282239939567,10
3245,3,16,4,70.8,15500000,293569601,0.0008615215702470178,5268.729034072217,4
3246,4,5,4,93.0,15500000,261956802,0.0018385011549321884,3519.9005683255687,3
3247,4,6,4,80.9,15500000,283112336,0.0017111846957757635,2402.1982767420063,4
3248,3,7,4,108.9,15600000,293528161,0.001972435497523116,2995.018525035292,2
3249,5,6,4,95.1,15700000,295112299,0.0016354717155570577,3133.439214324991,2
3250,7,8,4,98.6,15800000,297953054,0.00022711069927646118,13795.189988612012,13
3251,1,7,-1,138.1,15899000,294495551,0.002116478069169843,2329.848134393702,1
3252,1,5,4,105.3,15795000,280332249,0.0033597814667625627,4364.317512543131,2
3253,13,14,4,108.2,15800000,295798689,0.0004563806333770279,8922.810337315967,9
3254,5,5,4,72.4,15930000,299254220,0.00035559308620496165,2962.4790783289095,3
3255,8,23,4,94.8,16026000,299112284,0.0005474415060142136,14653.495770928648,6
3256,6,7,4,92.6,16000000,294612657,0.0027014378807169804,2605.295449177691,1
3257,6,6,4,84.0,15950000,294346234,0.001452870488530436,3767.131914878254,2
3258,4,11,4,108.0,16000000,299515851,0.0004971740104115125,11879.252397081249,7
3259,6,7,4,102.7,15900000,295091501,0.0007279753353122716,3921.1460505010427,2
3260,1,5,4,124.3,16000000,292103156,0.0027171960315030734,1906.0090940071204,1
3261,6,7,4,104.0,15900000,275161935,0.0017941011439070293,1860.8112150918587,1
3262,3,4,4,95.9,16000000,296739035,0.0,4100.306744120241,14
3263,5,6,4,99.5,16000000,274206528,0.0008740503125354738,3780.602484063706,2
3264,3,4,4,79.2,15999000,291899921,0.016021835732408278,3265.462972301422,2
3265,3,9,4,106.5,16000000,295919592,0.00038046800569475567,12488.66787653465,8
3266,14,14,4,75.4,16000000,297986779,0.0017901530191331851,10132.994111728505,14
3267,2,4,4,79.7,15900000,299004719,0.001323908366119412,1449.2146811347536,3
3268,2,5,4,89.6,15990000,292640296,0.0012713810421631335,7952.991510752971,17
3269,7,7,4,104.1,15900000,262828687,0.0018768064459888142,3029.536582648262,2
3270,2,5,4,131.1,15900000,285505459,0.002791669351925567,2197.760775638864,2
3271,3,3,4,107.3,15990000,293418411,0.0005019644531003536,3074.8514941002923,3
3272,4,5,4,94.6,16100000,294632935,0.002845002211059431,2653.428736246915,2
3273,2,8,4,103.3,16190000,296311765,0.0003549685088731602,13655.597442313609,17
3274,3,4,4,105.9,16150000,294452114,0.001274621091426562,3891.2985180397995,2
3275,4,5,4,64.5,16250000,298254581,0.000701765752618326,10603.327313195501,14
3276,4,5,4,110.0,16200000,286423494,0.0032350609832046914,2044.2309976026452,4
3277,2,5,4,96.8,16370000,294679077,0.0021418102677562677,3465.789887806236,3
3278,3,5,4,70.7,16200000,293433112,0.0021470325409126347,2546.730963203699,1
3279,4,6,4,113.3,16400000,298688575,0.001366329663720619,2158.7980985980334,4
3280,3,3,4,104.0,16500000,299629766,0.0014224637574348175,3326.2763001642347,14
3281,3,6,4,110.0,16499000,298955840,0.0020796257797035945,2949.338875189759,2
3282,5,7,4,81.5,16500000,294868481,0.0010964612788194222,1145.6185617270598,1
3283,3,4,4,95.0,16500000,295103012,0.0,25071.489892896945,18
3284,6,7,4,110.6,16500000,297459179,0.002502925075613073,1839.3644719672138,1
3285,4,5,4,107.4,16500000,292210540,0.0026712503474933527,2090.184771419726,1
3286,2,16,4,91.6,16500000,293449124,0.00028686636817590484,11329.836929458434,13
3287,5,5,4,90.0,16499000,274206544,0.0007911219697877394,11258.467908839979,15
3288,2,15,4,104.0,16400000,299263831,0.0006568429311925659,7617.318096824889,15
3289,4,5,4,72.9,16500000,298392127,0.004245960901428821,639.7249269116315,3
3290,3,15,4,104.0,16480000,292282766,0.0006538048192368388,7540.530125245185,15
3291,1,10,4,108.2,16500000,294193234,0.0018099206175609445,8454.312736250611,15
3292,1,8,4,100.0,16499999,299080739,0.0027915181215848505,1481.3589659577444,3
3293,2,16,4,91.6,16500000,297851285,0.0,11329.836929458434,13
3294,2,5,4,100.9,16500000,292649914,0.0032974553311018663,3198.7981461737113,2
3295,4,5,4,90.2,16497000,296757453,0.0037783800952040764,3151.5838917062247,2
3296,3,4,4,121.3,16500000,269313761,0.00164224460660143,3113.4370235109523,3
3297,4,4,4,92.6,16500000,295995366,0.001306694731296427,2916.2841564514265,2
3298,4,5,4,74.4,16600000,297334563,0.0008671963564120462,3497.631257617956,4
3299,2,6,4,92.2,16647000,293531055,0.0,2102.916999284588,3
3300,2,6,4,108.7,16698000,287998895,0.0025817506421521906,4012.1326456541447,14
3301,15,25,4,100.1,16590000,299416271,0.00021763912965382998,11247.722522119675,13
3302,3,5,4,96.0,16800000,299508827,0.003931826808802985,4692.958085412356,3
3303,1,6,4,91.1,16800000,287692037,0.0020905563771958214,3243.301377991837,3
3304,4,7,4,111.5,16800000,238739647,0.0017433317980601346,3299.929450266574,8
3305,1,5,4,100.3,16750000,291887965,0.0024581194846994324,5278.768712560279,9
3306,1,5,4,108.2,16700000,292065624,0.0024075831082175586,2770.4703406002805,3
3307,1,5,4,100.0,16750000,298973374,0.0,5278.768712560279,9
3308,2,4,4,77.4,16700000,292594830,0.0013984211540699935,3581.576270456108,2
3309,4,6,4,85.0,17000000,280926746,0.0014335496924158299,1278.6438854973442,1
3310,17,23,4,98.6,16990000,295865473,0.0,14704.260832678387,13
3311,3,8,4,105.2,17000000,298573344,0.000795477036285412,2322.4216086217216,2
3312,2,6,4,93.3,16960000,298906516,0.000958397308123097,2900.035386594527,4
3313,5,5,4,86.7,17000000,296619284,0.001570309821363935,3541.1703792347244,2
3314,4,5,4,102.2,17000000,299360378,0.0017898070561015464,1843.1684563043943,2
3315,3,5,4,99.3,16900000,286820716,0.0,1635.627156803876,1
3316,3,6,4,93.1,16990000,289506919,0.0013660717551701811,1609.7650644935168,1
3317,5,5,4,74.8,17000000,299477577,0.0013833079055406018,2034.2472762123557,1
3318,1,5,4,105.0,17000000,293903277,0.0008426499170489093,5158.844673040659,10
3319,4,5,4,108.5,17100000,281181743,0.0003136305971219874,6267.41761849678,10
3320,3,5,4,131.0,17160000,296420106,0.01152756017732882,2900.019516373478,8
3321,2,6,4,84.9,17200000,299261249,0.002599666060764032,2648.448400845105,2
3322,5,7,4,115.4,17200000,298114664,0.0024313328689298213,2460.2945374476817,1
3323,4,5,4,89.2,17499000,285245287,0.0017386753676059442,4855.585572234272,9
3324,1,5,4,90.2,17490000,292416265,0.0015772321455036521,2815.264339711836,2
3325,2,4,4,91.1,17490000,299034498,0.0013269072140060978,1880.9671313556837,1
3326,1,5,4,117.1,17500000,281355073,0.00048480863797286956,3693.387978836839,3
3327,1,4,4,94.9,17400000,293432078,0.0,3435.4110943907085,2
3328,1,4,4,115.4,17500000,294043218,0.001813212929281724,1444.1512002941693,3
3329,1,4,4,106.4,17490000,295100199,0.0,15493.473488008118,13
3330,1,7,4,106.7,17600000,294970939,0.0018557106188811516,2348.3568251214697,2
3331,4,5,4,123.0,17600000,283115331,0.0014077018022735006,3477.018833496835,3
3332,2,5,4,112.9,17650000,279660073,0.0002914464607375828,3620.734727467411,3
3333,4,6,4,92.5,17550000,291573758,0.0010994385544131876,4890.166432474426,9
3334,5,5,4,108.2,17770000,297735315,0.0018157128653913065,1904.8083522880618,2
3335,1,3,4,115.0,17800000,299558229,0.001630363065451092,3071.852086834562,3
3336,5,7,4,127.44,18000000,291694050,0.0002940038006176137,13624.17245055438,6
3337,25,25,4,150.0,18000000,294823557,0.002341400696249683,6447.126714797336,9
3338,3,10,4,114.0,18000000,298969871,0.00044169290340931436,11943.239906960387,8
3339,2,4,4,120.0,18000000,286396646,0.0014334354917390666,1933.552388075573,3
3340,3,5,4,93.0,18000000,277921381,0.0012492985426598745,5517.961919304218,14
3341,1,7,4,85.8,17900000,284509511,0.0003257851402188593,3353.57942296926,3
3342,1,6,4,136.6,18100000,298613961,0.0015591687665109796,8147.356207508443,17
3343,2,5,4,90.5,18100000,295758147,0.0035163479937573034,5081.879707435298,9
3344,7,8,4,120.2,18300000,298905089,0.0027505971963689255,3094.5370758123336,2
3345,1,6,4,97.7,18600000,297505645,0.0011381110149729517,2585.8741790844783,1
3346,1,6,4,79.7,18500000,299533204,0.005475333468991166,3982.2502509337946,6
3347,3,4,4,95.8,18500000,279493025,0.00240111952954239,2122.0570766489514,2
3348,2,6,4,95.6,18500000,289351148,0.0012209024163986294,1591.1722344152704,1
3349,3,4,4,85.1,18500000,292246478,0.0012273534727063713,1126.5196659626504,1
3350,7,7,4,113.0,18550000,282511925,0.00031686570601508987,11720.526485584158,13
3351,3,7,4,115.8,18500000,288183864,0.0011544638626176124,1853.6583844090812,2
3352,4,5,4,79.3,18700000,297325107,0.0033846248174878423,5495.204367414379,10
3353,15,15,4,124.3,18800000,297358343,0.0013587263110144653,10110.485661709108,15
3354,1,5,4,86.0,18950000,296389669,0.002332515839379543,2335.3377979688607,4
3355,2,5,4,100.0,19000000,298391948,0.0016354717155570577,3133.439214324991,2
3356,2,6,4,100.9,19000000,299255530,0.002378041564567227,2613.3164060455956,1
3357,2,22,4,98.8,19000000,299360239,0.0,11697.226865647075,13
3358,2,5,4,86.0,19000000,274745349,0.001808271781935779,4749.925872869292,6
3359,5,5,4,126.4,18970000,286552661,0.0,27820.11672672711,18
3360,17,17,4,106.7,19000000,296351145,0.0002904404771597559,11371.011176044478,9
3361,9,23,4,110.2,19138000,299377471,0.0005474415060142136,14653.495770928648,6
3362,7,7,4,89.3,19199500,296899845,0.011380136422376211,8781.617756100623,17
3363,3,5,4,90.0,19200000,299666304,0.00813910563160758,5034.440217961399,6
3364,2,6,4,95.8,19200000,253569288,0.001560758963388254,5449.493669951162,10
3365,3,7,4,109.0,19200000,291589897,0.0026587136709157896,3127.2787929626866,3
3366,2,5,4,89.0,19400000,284542325,0.0016900797307862652,4515.014138250411,3
3367,1,7,4,97.0,19400000,290607023,0.0010749209921376347,3332.7111674101043,2
3368,8,13,4,87.2,19700000,299255618,0.0012053510214533982,8918.071859155509,9
3369,5,6,4,91.5,19900000,281501906,0.0005408937931386701,2239.046776751302,3
3370,3,5,4,101.4,19900000,299012608,0.0,7968.829997170923,6
3371,13,14,4,83.88,19835000,291978346,0.00036045523331633547,6320.613088896074,4
3372,4,5,4,83.1,19800000,299318562,0.002886145294600513,3218.212160739271,2
3373,3,4,4,92.0,19800000,297802071,0.0007479966063168763,3873.2347550214404,2
3374,5,5,4,106.0,19990000,277377330,0.0015284647308821057,2008.6297227909329,1
3375,6,7,4,110.0,19990000,279728753,0.0024313328689298213,2460.2945374476817,1
3376,3,5,4,108.8,20000000,297190848,0.0006104656122331745,1802.0336948830263,3
3377,1,8,4,87.6,20000000,299357343,0.002226401043552359,2979.38417267859,2
3378,2,6,4,101.0,20000000,295057365,0.001452572071756174,3325.9365873353213,3
3379,5,7,4,121.1,20000000,298135821,0.0018589174383849862,8366.275158639632,17
3380,3,5,4,93.3,20000000,294686090,0.0019211359462481474,3349.1385753939767,2
3381,2,20,4,106.5,20150000,298868754,0.0029613724566974193,5322.117772876521,7
3382,4,5,4,134.0,20500000,299612218,0.0,28103.05730671425,18
3383,1,5,4,84.8,20499000,299554872,0.0033846248174878423,5495.204367414379,10
3384,2,7,4,139.7,20500000,287441525,0.0038613510172042036,1409.631443656909,2
3385,1,5,4,88.0,20700000,296391541,0.001808057572064774,3354.624266085468,3
3386,5,5,4,105.1,20700000,291029677,0.008209672282535016,1799.5683625415911,4
3387,5,5,4,116.2,20900000,299569306,0.003400667785632084,2876.418272838679,2
3388,13,20,4,115.0,20990000,293780330,0.0004122782274127164,9157.868658817439,10
3389,1,4,4,120.0,21000000,299639842,0.00037342948896376037,2871.813870939925,3
3390,23,23,4,110.4,21090000,299377475,0.0005474415060142136,14653.495770928648,6
3391,3,6,4,109.3,21000000,297619247,0.0019074518524395331,1464.9789634278138,4
3392,5,7,4,120.0,21000000,295848283,0.002361904046382867,2473.2653431776566,1
3393,7,7,4,98.8,21000000,298845003,0.002296447954429335,10580.191603168276,15
3394,5,7,4,140.0,21100000,294108373,0.002505709424403027,2056.598036610117,3
3395,3,6,4,96.8,21500000,266422908,0.002838864318848188,2291.4980688398123,2
3396,2,5,4,101.1,21500000,298214396,0.0,2474.9762656945595,8
3397,4,6,4,136.0,21499000,289052096,0.003055995450079561,2199.2145866720034,3
3398,1,5,4,68.0,21500000,296603800,0.0,2591.1903350975726,4
3399,2,5,4,113.8,21500000,299234272,0.0,28961.381541118408,18
3400,9,23,4,129.4,21893000,299374845,0.0005474415060142136,14653.495770928648,6
3401,8,23,4,128.2,21690000,299142194,0.0005474415060142136,14653.495770928648,6
3402,3,5,4,129.0,21750000,297349671,0.0009730329867068352,2578.745673760851,2
3403,12,14,4,108.5,21790000,296684386,0.0029613724566974193,5322.117772876521,7
3404,1,9,4,129.2,21700000,298116058,0.0010988482941111572,10913.834295225586,15
3405,1,7,4,95.8,22000000,297270283,0.001466364129761438,1450.5487092394735,4
3406,1,2,4,94.4,22000000,297277215,0.0,23073.226306477332,11
3407,13,27,4,99.4,22000000,299629917,0.0025664956870471082,12898.272608397314,7
3408,4,12,4,83.8,22000000,299069292,0.0011961205477479906,5006.838569585699,9
3409,9,15,4,121.0,22000000,298004059,0.0013794671494653887,6683.595057329821,6
3410,4,7,4,107.7,22000000,291469586,0.005079300615117872,9982.189324108787,7
3411,2,6,4,114.5,21999000,299486466,0.0017286372757471002,3859.9386902935275,2
3412,3,7,4,107.7,22000000,294627478,0.0021481791383286823,2029.052842169258,3
3413,15,16,4,102.3,22000000,290579582,0.0006514150104492449,5821.151051665727,9
3414,2,3,4,95.0,22000000,276668938,0.0002828773414866478,6986.161501710904,8
3415,3,4,4,118.9,22000000,298683666,0.0012835093459109303,2161.289111493423,3
3416,4,6,4,98.0,22000000,296452309,0.00157262699885563,2296.074479694578,2
3417,18,24,4,116.0,22100000,296201320,0.0,11913.320766152678,13
3418,12,14,4,110.75,22150000,297051025,0.00036045523331633547,6320.613088896074,4
3419,4,4,4,148.0,22250000,271981968,0.0018226714272107424,3117.359884607665,2
3420,18,23,4,102.82,22101000,298415754,0.00027942033865327275,6869.307104744614,15
3421,13,16,4,142.0,22200000,295473659,0.0006869596654223705,5585.822954771498,4
3422,13,14,4,100.0,22300000,294164551,0.0003648157759920427,6465.0074256919,8
3423,2,6,4,100.0,22400000,285355254,0.0,3801.2403105235794,2
3424,4,7,4,85.0,22450000,290048956,0.0018251819227535734,1747.6570249686667,2
3425,19,24,4,107.8,22500000,294272735,0.0,11913.320766152678,13
3426,3,6,4,98.3,22300000,276906069,0.002313366751424041,1492.0038334177123,4
3427,4,6,4,126.0,22700000,282459139,0.000395624965601587,2455.1536708697327,4
3428,12,17,4,113.6,22900000,296413084,0.0006505021912058067,9603.732279453225,9
3429,1,15,4,103.6,22999000,297577252,0.0009670730855874037,8114.139799487425,9
3430,3,4,4,147.2,22950000,299344729,0.0014948657450702387,1503.8877645502375,3
3431,3,6,4,109.4,22890000,298536519,0.001082605532003113,11717.364028418106,7
3432,3,4,4,115.2,22777000,294998391,0.00111828490256355,1085.9937088495303,3
3433,16,17,4,107.0,22900000,256066239,0.0,11164.497608032372,9
3434,2,25,4,105.7,22990000,299417617,0.0003614867792325245,10850.093664829052,9
3435,7,9,4,107.0,23000000,298784254,0.0020638136992417446,10690.933892937903,14
3436,1,5,4,90.0,23000000,296696401,0.0,7121.524035566659,7
3437,4,6,4,107.7,23000000,299466514,0.0007357870667245978,2815.421479161041,2
3438,7,12,4,90.5,23500000,299481732,0.00041723864307195024,7536.106830010765,6
3439,6,6,4,181.8,23500000,291324090,0.0016409296550158698,1618.6764444983803,4
3440,1,15,4,103.7,23500000,299328822,0.0009670730855874037,8114.139799487425,9
3441,2,17,4,104.0,23500000,298845729,0.004239776687669652,8730.84551401748,15
3442,13,21,4,109.9,23500000,295423373,0.0020875023531024416,11997.114321444598,7
3443,2,6,4,127.7,23800000,296963207,0.0014498301866184178,3375.4688542553668,3
3444,3,4,4,119.1,23800000,274207007,0.0,25771.686993783038,18
3445,2,5,4,106.8,24000000,299592831,0.0013483905635129575,2128.1454481731903,4
3446,2,4,4,104.9,24000000,298565321,0.003160445171977163,2813.195954903336,2
3447,4,7,4,78.3,23999999,299419793,0.0008805723040561091,3628.9229380044976,2
3448,2,7,4,107.7,24000000,292022015,0.001990983211985616,3240.679172832052,2
3449,11,15,4,120.0,24000000,298326050,0.000822123000171692,8962.298901947583,14
3450,2,6,4,111.5,23950000,296125538,0.0029416318351969837,10316.100383537427,15
3451,2,3,4,148.9,24000000,285694094,0.001192133738631685,4372.1142936598735,2
3452,4,4,4,111.5,24000000,280087905,0.001890079575106753,886.922027271396,2
3453,7,7,4,102.3,24000000,297942481,0.0010942742845757073,1507.2809126854377,1
3454,4,6,4,98.6,24200000,298825757,0.00039156366874899037,6797.283097041601,4
3455,2,4,4,100.9,24200000,294423056,0.000977188386394893,1637.2891689661408,3
3456,2,6,4,107.81,24600000,297036742,0.001987112689533217,3348.245193482444,2
3457,8,16,4,106.9,24600000,295985369,0.0006083827293231791,5688.366794678347,4
3458,3,5,4,90.0,24500000,296473636,0.0013492403873906862,5399.880242844531,9
3459,4,6,4,160.0,24400000,274871381,0.004475373632703386,2702.3476738975087,2
3460,20,24,4,100.0,24700000,295378570,0.0008455441208736006,12530.881883883609,6
3461,2,7,4,128.0,24700000,298701107,0.001972435497523116,2995.018525035292,2
3462,13,19,4,136.0,24900000,299560216,0.00028330739830155597,12547.278936446406,17
3463,2,3,4,104.0,25000000,273993460,0.004307926772552115,2301.2479704288617,2
3464,3,7,4,120.8,25000000,282242656,0.0018896268160214032,7948.3684631536735,17
3465,2,4,4,104.5,24990000,295094575,0.00039470800902142815,2741.5364974723525,3
3466,3,6,4,165.1,24990000,293651189,0.002925783695712296,2064.704429685433,4
3467,2,5,4,110.0,25000000,295331357,0.0011133715330342582,2183.7146913347647,3
3468,5,7,4,150.0,25000000,299437479,0.000301029934251953,13578.58566369205,6
3469,4,5,4,104.0,25000000,297922108,0.0011920151483597932,1120.3352834836094,3
3470,2,3,4,104.1,25000000,294426610,0.004307926772552115,2301.2479704288617,2
3471,2,7,4,156.1,24900000,297660619,0.0,13525.388027939807,6
3472,2,10,4,118.1,25000000,285494358,0.0006612767643124906,9555.863798734928,9
3473,3,3,4,108.3,24997000,297326941,0.00043412353632931144,2446.042898047725,3
3474,4,10,4,112.3,25000000,298784768,0.004585424410103146,8956.407991077307,17
3475,1,7,4,101.1,24900000,284601167,0.0003257851402188593,3353.57942296926,3
3476,2,14,4,110.0,24900000,297642930,0.00099430437844147,4760.086111585443,9
3477,5,6,4,167.5,25000000,276489058,0.0005178831244494755,12366.241200692277,6
3478,4,6,4,112.3,25000000,295895775,0.004409487350381994,1233.744179467947,2
3479,9,17,4,103.3,24900000,293942118,0.0009242128663766795,10131.363208253762,14
3480,3,18,4,128.3,25018500,297679158,0.0004583585452763669,5990.41003231455,4
3481,9,25,4,115.3,26199999,298331281,0.001232962912107739,12182.64754870822,8
3482,4,5,4,138.0,26000000,285102268,0.0,2099.0365495569285,18
3483,6,7,4,172.2,25990000,290951818,0.003928737163330148,7270.707736134145,8
3484,4,7,4,131.7,25990000,296973237,0.001819054433975489,2884.3577155494872,1
3485,3,6,4,94.6,26000000,298745107,0.001778674883263597,1994.592111160589,4
3486,23,24,4,105.0,26400000,291256296,0.0,11913.320766152678,13
3487,11,17,4,130.0,26500000,284814518,0.002341400696249683,6447.126714797336,9
3488,3,3,4,106.0,26500000,296401388,0.0015831509254243716,1436.7180989555209,4
3489,5,25,4,166.1,26500000,295860767,0.0009125379602749768,4974.065515998596,4
3490,4,4,4,100.0,26800000,299422704,0.0026375505792844392,3582.3222636435485,6
3491,2,10,4,112.6,26856000,299399141,0.0009110784384702303,7802.482307922911,6
3492,13,13,4,153.8,26950000,292421539,0.0006869596654223705,5585.822954771498,4
3493,3,6,4,106.2,27000000,295372903,0.0022063161486976864,2139.7869996399745,2
3494,2,3,4,181.9,27000000,266346951,0.00038482923824623334,2600.1836923358032,4
3495,3,3,4,132.3,27000000,290434875,0.0008555868365152866,2377.3600186110375,2
3496,3,6,4,103.3,27400000,290546481,0.0027969161605314275,10323.806385297112,7
3497,2,6,4,138.9,27300000,298809023,0.01347147721915951,1965.4330388954597,4
3498,4,4,4,100.0,27400000,296598769,0.001164346913702414,1136.694205237454,4
3499,14,14,4,104.3,27475000,299153338,0.00036045523331633547,6320.613088896074,4
3500,3,7,4,95.7,27295000,298986454,0.0033969590406414557,3456.5920611081924,2
3501,2,3,4,165.0,27600000,290075085,0.0007588219431107562,10457.209121660106,9
3502,4,5,4,135.3,28000000,297182637,0.0013520191049342677,3483.952003956185,1
3503,7,9,4,140.0,28000000,295198038,0.0021449106101487673,11140.350634210099,6
3504,5,6,4,170.4,27900000,287402885,0.0,23965.6254853951,11
3505,1,3,4,90.8,28000000,299555456,0.002616124516588395,3867.9610885279594,14
3506,15,25,4,117.87,27850000,285390605,0.0017993629905311522,6347.713167246244,9
3507,6,6,4,95.5,28000000,297078428,0.0038859908979043314,2553.138304512012,1
3508,4,7,4,129.0,28000000,299149656,0.0026732085001859793,8437.190593841515,17
3509,5,6,4,188.6,27900000,293457788,0.0,23965.6254853951,11
3510,4,5,4,145.4,28000000,294269313,0.005002015478847008,2855.751451688749,2
3511,16,20,4,129.2,28000000,295375392,0.0008462676686454447,9247.414164013771,9
3512,7,15,4,108.3,28500000,298570176,0.0012382485835388366,5380.889353102502,6
3513,4,6,4,128.9,28400000,295047485,0.0031752900942959325,4135.407645863177,2
3514,11,12,4,114.0,28490000,298074089,0.0,26279.85550553377,5
3515,3,3,4,115.0,28400000,294605770,0.0025358881738283467,2377.3600186110375,2
3516,1,9,4,132.3,28890000,290501717,0.0021449106101487673,11140.350634210099,6
3517,4,5,4,115.5,28800000,290344605,0.001613088242533001,1126.32967693099,2
3518,3,11,4,106.7,28800000,279028513,0.0012122260244920155,3976.961943658586,2
3519,2,5,4,132.5,29500000,295324533,0.005433660418436456,769.6943753148018,2
3520,4,5,4,113.2,30000000,293615061,0.0018480882829686105,7470.69348283386,7
3521,2,4,4,101.7,30000000,296501288,0.002209458745965206,1031.3159902892075,3
3522,3,15,4,141.4,29950000,290943879,0.010148383262151645,9205.090592594384,8
3523,1,4,4,104.8,29999000,292240600,0.00661429448352098,2228.086236535386,2
3524,2,3,4,170.0,30000000,298170378,0.0,23280.235443899295,11
3525,2,16,4,116.0,29995000,294366944,0.0011729700035659504,10505.16476906526,7
3526,1,9,4,109.1,29800000,283440909,0.0008494885513084245,3693.05383697214,1
3527,2,4,4,100.2,29900000,296681696,0.0007784098901501544,3301.2880186576845,2
3528,13,15,4,160.2,30000000,243131157,0.0008419968260029532,9274.277008168223,9
3529,11,27,4,114.0,29848000,296786834,0.000641247783795973,9798.439894365834,7
3530,12,12,4,141.4,31000000,291532110,0.0010648680027101085,9334.848034925119,6
3531,10,12,4,102.9,30900000,295003407,0.0008071183745330478,7245.556460348521,7
3532,3,3,4,102.0,31000000,298042859,0.0003030705654457012,11325.717767453749,9
3533,3,6,4,120.8,30770000,298018068,0.0026135849654063343,2094.3286992218273,4
3534,2,4,4,144.0,31072765,295227027,0.002562037789627216,1612.6399304860968,3
3535,2,6,4,112.3,31500000,299660633,0.0005227023775216838,2758.882271895627,3
3536,8,14,4,128.0,31700000,295162597,0.0008538340575876894,8766.763812913545,7
3537,3,4,4,131.0,32000000,297247847,0.00034022509069309316,9810.904434984974,9
3538,3,15,4,160.9,32000000,294966239,0.001235906347161793,8201.666106464789,15
3539,2,6,4,112.5,32000000,293718116,0.0,12867.669865201253,13
3540,5,5,4,97.7,32000000,299060597,0.002233397087885773,2084.148264404248,1
3541,12,19,4,122.0,32000000,299190042,0.001815102318700612,5050.66641579493,7
3542,7,15,4,132.1,32000000,299016869,0.000885686132906934,5477.637127443246,4
3543,4,4,4,118.8,32900000,298256791,0.001738647799836946,1582.6851811771305,4
3544,3,7,4,150.7,32990000,298949464,0.000575553716362786,4197.264180119816,4
3545,33,35,4,130.0,33000000,299522479,0.0006377464478682051,14356.517722025641,15
3546,3,6,4,133.5,33000000,284793404,0.0019157025814383762,1770.3361878104727,1
3547,3,8,4,80.5,33999999,294109474,0.0008223677203072393,2884.3120782172614,1
3548,12,16,4,153.0,33999000,286718359,0.0007000805217831153,5507.82707271127,4
3549,2,4,4,143.0,33999999,294562882,0.0008181710674845669,3598.6892182486686,2
3550,5,5,4,112.6,34000000,297319628,0.002340612159809193,1989.7942286793843,1
3551,12,12,4,92.7,34500000,275924129,0.001140434331557724,5895.844544992677,10
3552,2,8,4,158.1,34500000,296336383,0.0017232108254609422,3952.4479066602303,2
3553,3,15,4,139.7,34500000,298417497,0.0013999803782164845,11261.994091802659,6
3554,11,14,4,110.0,34600000,298755978,0.00099430437844147,4760.086111585443,9
3555,6,18,4,102.4,34900000,285947778,0.0011299032997595132,11774.01433540708,14
3556,3,6,4,123.8,34900000,299573807,0.0008798818885662104,3737.961415274613,2
3557,4,6,4,114.6,35000000,299570668,0.0007938557332994485,1589.0041581749301,2
3558,3,6,4,160.0,35000000,294383214,0.0008876027113645173,3762.3848745762957,2
3559,2,10,4,159.7,35000000,295015630,0.0009332330594970431,9297.094733376312,6
3560,16,21,4,120.0,35000000,289202007,0.00036792410631883763,6973.704459245435,4
3561,5,6,4,150.0,35000000,299357386,0.0,2592.6741362088114,4
3562,7,9,4,123.1,35000000,287605685,0.002085519405499236,3160.717190044389,3
3563,5,6,4,101.2,35000000,298724968,0.002060556158408588,2625.739679222076,2
3564,19,23,4,106.0,35000000,278144927,0.00024025612000818083,8057.476630819977,8
3565,22,25,4,120.0,36000000,296006405,0.0006478379792530324,9972.29550953488,7
3566,4,4,4,168.0,36000000,297963700,0.002097878696611097,1952.561052986493,4
3567,2,7,4,195.6,36000000,294969950,0.0042425182712071815,2838.326549860965,2
3568,2,9,4,110.0,36170000,297855578,0.0008001889571493832,4451.82331868231,1
3569,4,9,4,133.8,36795000,297991504,0.0004686506157848395,3762.615198787548,4
3570,2,6,4,127.0,36490000,291926055,0.0005121926874339337,4569.543021470943,2
3571,5,9,4,134.1,36877000,297991497,0.0004616087094608258,3762.615198787548,4
3572,4,8,4,122.0,37700000,298579972,0.0007647119970591961,3918.5140509483917,1
3573,4,8,4,118.0,37800000,293812066,0.0007647119970591961,3918.5140509483917,1
3574,13,25,4,151.1,38000000,298515597,0.0009125379602749768,4974.065515998596,4
3575,3,8,4,145.0,38000000,266372444,0.0037341391197851545,10195.335429541472,7
3576,22,23,4,171.1,38000000,292595265,0.0010920856320671337,9095.995539723635,6
3577,4,10,4,118.0,39000000,298555281,0.001516712111360207,11952.948826589565,7
3578,5,7,4,170.1,38950000,299239814,0.0008374102138359112,2471.8194598946493,3
3579,8,20,4,122.0,38800000,292902987,0.00036792410631883763,6973.704459245435,4
3580,25,25,4,120.0,39500000,299596881,0.0011047304099865982,10383.174740491942,7
3581,14,14,4,159.8,39500000,293984607,0.0029839733878668623,4101.633107878968,7
3582,2,3,4,210.0,39500000,297692432,0.0003583914337185958,9875.10130937399,9
3583,2,3,4,216.5,39990000,292590084,0.00031347786041053085,11131.16459476165,9
3584,3,10,4,104.7,39950000,294509119,0.0008637587715402691,6056.430378471683,10
3585,5,8,4,118.4,39900000,297157220,0.0008512356112253,3885.9937828254906,1
3586,4,7,4,134.1,40000000,262828758,0.00041162889235484224,2619.750732172768,3
3587,3,4,4,156.8,40000000,288157617,0.0021554361589690325,1933.0786861374875,4
3588,3,9,4,175.83,39900000,290783858,0.0008859862871672889,9517.14883491565,6
3589,3,8,4,125.0,40450000,299618680,0.0007647119970591961,3918.5140509483917,1
3590,6,6,4,122.3,40980000,298976589,0.0030090220849231385,2724.3619468037755,1
3591,4,11,4,144.6,41800000,297991510,0.003107656469896099,3715.941138313752,3
3592,21,23,4,170.0,41500000,289672681,0.002328641413325417,11967.262951966453,7
3593,5,5,4,166.7,41800000,296405519,0.006034520282325827,4319.5703939475015,2
3594,12,12,4,158.5,43100000,298535093,0.00447286469357285,3827.810547114843,14
3595,4,4,4,152.0,42950000,287844931,0.0002897858883343461,11476.718128996312,9
3596,7,8,4,137.0,43500000,286530380,0.0,22992.791997666063,18
3597,2,7,4,134.4,43800000,297950958,0.0017541423339332972,3391.171221789887,3
3598,6,7,4,140.3,44500000,286204787,0.001309727615040442,1305.0717459097198,1
3599,2,8,4,130.0,44680000,299022445,0.0007796067408117638,3531.0111824615014,1
3600,3,10,4,127.0,45000000,289485792,0.0017294430626381009,2048.9277148293127,1
3601,4,4,4,150.0,44950000,287845209,0.0002897858883343461,11476.718128996312,9
3602,10,12,4,129.9,45000000,295207970,0.0,12876.828790887144,13
3603,7,8,4,101.9,44999999,296476921,0.005291079940110172,3763.9339869255887,3
3604,3,4,4,168.3,45700000,283322030,0.0009194670279371068,1828.7304892051038,3
3605,1,6,4,158.0,47000000,299136243,0.0017915557994799324,533.2313297624225,3
3606,6,7,4,181.3,47000000,290501646,0.0010824486073374912,7505.107017751414,7
3607,3,7,4,152.1,48000000,292044299,0.004331501065233828,4205.922052343283,2
3608,10,11,4,215.0,48368000,299336692,0.0007102254707267162,3211.482607485536,4
3609,4,4,4,205.3,48245500,297818910,0.0,26627.789547905737,18
3610,2,8,4,135.75,49105000,292684092,0.0075983598120605775,3798.5727225964483,3
3611,10,15,4,184.0,48700000,273036197,0.00033060494975249987,5669.4328951454145,10
3612,3,6,4,140.4,50000000,276142024,0.001623739973775394,1209.443565839567,1
3613,2,5,4,98.0,49995000,290212891,0.0015096813749308241,2433.284330588411,4
3614,2,5,4,216.4,50000000,279276155,0.0003407574947879723,5718.037616627806,10
3615,5,5,4,221.0,49900000,265222288,0.0017915557994799324,533.2313297624225,3
3616,2,7,4,138.5,50930000,298853371,0.0017541423339332972,3391.171221789887,3
3617,12,15,4,150.0,51000000,292176968,0.0010458026425740536,11983.995770128491,7
3618,2,9,4,143.0,53000000,294460914,0.0008001889571493832,4451.82331868231,1
3619,2,9,4,175.0,53280000,299481969,0.0007888320126530738,3372.3078697533624,1
3620,4,5,4,118.7,54000000,293483858,0.0008190814807107928,2637.6730346614504,4
3621,3,5,4,136.0,53900000,295910633,0.002246213756525413,1688.6642406440178,2
3622,8,10,4,150.34,53900000,294580796,0.004268622705045566,2559.896809408433,1
3623,2,7,4,142.0,55640000,294392840,0.0017541423339332972,3391.171221789887,3
3624,3,7,4,161.0,56000000,275054966,0.0022178944374840544,2831.29229038447,3
3625,7,8,4,132.3,56000000,292438984,0.0005369793266227002,3531.0111824615014,1
3626,15,20,4,154.5,57000000,269181088,0.0013043732019337045,4683.216833441361,9
3627,2,4,4,126.3,58500000,298378202,0.0,13711.056488095719,13
3628,1,6,4,192.7,58800000,297374266,0.0015984735487700311,5102.213842566818,1
3629,9,20,4,168.0,58400000,296193876,0.0008606429687940384,7074.693753651223,6
3630,9,10,4,170.0,59400000,290886392,0.000750303901846428,3695.8820957986236,1
3631,35,36,4,250.0,60000000,298945107,0.0005258998371725946,14356.517722025641,15
3632,5,5,4,210.0,59900000,295910376,0.00031491343069559106,11208.217505854567,9
3633,4,6,4,147.4,60000000,294007241,0.002494719461842784,998.5751217027115,2
3634,4,25,4,148.9,59500000,299359968,0.0016973363663086952,5647.262765118621,9
3635,6,6,4,213.3,60000000,287951168,0.002116478069169843,2329.848134393702,1
3636,1,7,4,133.0,60990000,297810396,0.0,4212.288532801294,1
3637,2,7,4,179.7,61000000,299323420,0.0009722915371898438,3673.0205801863285,1
3638,13,26,4,207.0,62100000,288004485,0.0009318325834492954,6996.81327187456,9
3639,2,6,4,151.5,63000000,298433620,0.0016513590781212144,7541.420482237377,7
3640,3,9,4,190.0,62890000,297855077,0.0008001889571493832,4451.82331868231,1
3641,5,5,4,153.0,64000000,294252568,0.0017915557994799324,533.2313297624225,3
3642,6,10,4,123.0,65000000,299243400,0.000739675710041052,3004.5218526647927,1
3643,4,5,4,135.0,65000000,296537059,0.0015807238862413418,3090.1108164893853,1
3644,8,8,4,212.0,64500000,257998266,0.002085519405499236,3160.717190044389,3
3645,3,3,4,187.7,65000000,299137107,0.0013299307736230742,1108.2601779691622,3
3646,4,4,4,234.1,65000000,294351726,0.001795591788127753,3291.4633185512394,1
3647,7,8,4,154.38,67386870,297747621,0.0008747445293068499,2661.784330717631,1
3648,9,9,4,177.3,69000000,281123691,0.001580664945911931,2063.09464018456,1
3649,9,9,4,128.4,69000000,299243409,0.0010544613260160182,3599.2432295105223,1
3650,5,7,4,157.0,69500000,293126915,0.0011146908616350999,8749.244220156093,9
3651,12,14,4,124.5,69800000,299666206,0.001140434331557724,5895.844544992677,10
3652,7,13,4,157.0,69900000,295416231,0.0008206603957062577,3721.5785300542093,1
3653,4,9,4,170.3,70000000,281852622,0.0035279837958000584,4244.35409784033,1
3654,2,4,4,238.1,70000000,298661433,0.0007249573410145915,1786.4915650545793,2
3655,3,8,4,157.0,72000000,299293501,0.0011146908616350999,8749.244220156093,9
3656,8,15,4,140.0,74000000,297961352,0.0011497423066221203,4614.727033263814,9
3657,5,6,4,223.0,73900000,298897512,0.0022063161486976864,2139.7869996399745,2
3658,4,7,4,143.6,74990000,299122060,0.0008001889571493832,4451.82331868231,1
3659,5,6,4,211.0,75000000,298450551,0.001182825006111852,1830.008993911949,2
3660,3,9,4,171.0,75000000,297507834,0.0010205646463164642,2877.075534851844,1
3661,1,11,4,202.9,77600000,282918307,0.0004969811736658589,3673.0205801863285,1
3662,9,9,4,479.0,78000000,292706028,0.0007178533602236965,5782.813532374472,4
3663,2,9,4,220.4,78900000,295910505,0.0035279837958000584,4244.35409784033,1
3664,5,7,4,146.0,80385000,295132580,0.0009276132935055327,3749.575306993095,2
3665,4,7,4,175.0,81900000,297891598,0.0025375680889356714,2719.435388551773,2
3666,5,6,4,180.0,84990000,284914584,0.000929960688708712,3677.7575208208427,2
3667,2,6,4,138.4,85000000,299006648,0.0015294672293613488,2284.959700121106,2
3668,11,12,4,163.4,85000000,293136992,0.000750303901846428,3695.8820957986236,1
3669,3,5,4,149.8,85000000,295198536,0.0005038989619270249,4651.930177679333,2
3670,3,5,4,149.8,85000000,299339909,0.0005038989619270249,4651.930177679333,2
3671,3,5,4,149.0,85000000,260000419,0.0005038989619270249,4651.930177679333,2
3672,4,8,4,137.9,89000000,296804785,0.0003031159154060083,4771.155201469466,2
3673,7,7,4,212.4,88722774,291495866,0.0009688857226748248,2899.001829799266,1
3674,3,6,4,200.0,95000000,297306325,0.001295404014643349,3973.8300714368984,1
3675,10,10,4,216.5,95000000,287547621,0.0008244564828962379,2872.8615717688986,1
3676,4,9,4,143.9,96000000,299058387,0.006388272754761097,4619.6920389545385,1
3677,9,13,4,147.6,96600000,299654414,0.0007178598224041067,3461.327499486661,1
3678,10,10,4,176.7,99000000,299078902,0.0005480700515330452,4409.175466634668,2
3679,2,7,4,203.0,99000000,294864394,0.012322870052150468,4439.673837499486,1
3680,5,8,4,152.0,100000000,296636206,0.0004891638774810748,4711.363240172381,2
3681,3,8,4,145.3,105000000,297776580,0.0005349521078156566,3936.967246828763,2
3682,4,7,4,172.0,109000000,227534278,0.01724827538520999,2737.4649955779128,1
3683,5,6,4,200.0,110000000,295910428,0.0015294672293613488,2284.959700121106,2
3684,2,6,4,200.0,113000000,298628259,0.0014987729156822214,4300.712229066798,1
3685,3,9,4,181.1,120000000,285910194,0.00775788112059562,4394.734129035753,1
3686,9,9,4,450.0,119900000,238626248,0.0011864372277225084,2728.6599704227347,1
3687,8,12,4,280.0,125500000,293618840,0.0005499837701337888,3461.327499486661,1
3688,2,8,4,187.0,128980000,279496497,0.006388272754761097,4619.6920389545385,1
3689,6,6,4,238.0,135900000,296334068,0.0013032808098129304,2435.2987978062,1
3690,7,7,4,237.3,139554200,298728163,0.0008001889571493832,4451.82331868231,1
3691,7,7,4,237.4,144275400,298734484,0.0008001889571493832,4451.82331868231,1
3692,4,7,4,215.2,150000000,298984530,0.0004891638774810748,4711.363240172381,2
3693,7,10,4,162.6,160000000,296556401,0.0009622054747303848,3564.606901672357,1
3694,8,9,4,156.0,170000000,299336167,0.0010960334586016364,3229.846786518408,1
3695,3,7,4,209.1,178000000,299243407,0.0009622054747303848,3564.606901672357,1
3696,7,7,4,163.7,180000000,299243403,0.0009809401982689178,3913.909111700432,2
3697,2,7,4,244.2,179000000,299179541,0.0044200018531996045,4489.311332482548,1
3698,6,10,4,170.6,185000000,295956131,0.0010283088340850663,3508.154730292333,2
3699,12,12,4,243.0,190000000,294647620,0.0006555002175607424,4114.176818065168,2
3700,4,10,4,228.0,197287399,288282481,0.000858927775029865,3564.606901672357,1
3701,4,10,4,228.0,197287399,277970074,0.0009622054747303848,3564.606901672357,1
3702,3,7,4,198.0,200000000,298506520,0.0008822638315002717,876.7299223861091,1
3703,1,6,4,199.8,220000000,296202225,0.0003451713373519353,1668.9757503066862,1
3704,4,9,4,185.0,230000000,295678321,0.0012000249922744523,2323.5883499707597,2
3705,4,4,4,254.7,231000000,298277223,0.0011463100278875343,3806.8096443883423,1
3706,4,4,4,257.4,231000000,293619243,0.0011463100278875343,3806.8096443883423,1
3707,4,6,4,203.0,295000000,294761095,0.0042791139346944,538.4197838081402,2
3708,7,7,4,240.7,349000000,299336190,0.001445500708667435,2366.369357880554,2
3709,7,7,4,240.7,349000000,297296551,0.0012000249922744523,2323.5883499707597,2
3710,3,5,-1,88.6,860000,296611025,0.002234421807066292,1966.2850887981474,1
3711,6,7,4,192.7,260000000,297260161,0.0020251836259675498,4361.997278608112,1
3712,4,5,-1,89.7,1880000,298255790,0.0009582535511958827,12929.475642306592,15
3713,2,6,-1,73.7,2000000,298911457,0.0016681216839592027,2483.0221744265086,4
3714,5,9,-1,86.0,2450000,296519985,0.0,27559.82918332137,16
3715,5,5,-1,10.76,2500000,295315758,0.0009296500033526369,2542.84448601126,4
3716,4,5,-1,73.8,3500000,297548500,0.0,21110.791289460998,7
3717,5,5,-1,120.0,3550000,297429425,0.0009087943431930744,3585.0043963437506,2
3718,4,4,-1,107.0,3600000,299652116,0.002833063366311572,3526.0660486941006,14
3719,8,9,-1,74.0,4800000,293959293,0.0007185673235517793,9882.654112824115,14
3720,7,10,-1,86.0,5000000,298483550,0.0023314052137575546,8356.113957897851,14
3721,3,3,-1,62.2,5100000,287411145,0.004131942502624023,3125.38869935864,2
3722,3,5,4,64.0,5500000,285486992,0.0,33576.833906219064,11
3723,2,5,4,59.3,5950000,294625624,0.0,26257.7752514478,16
3724,5,5,4,49.0,6400000,294392900,0.00172253875138691,10294.627365684306,17
3725,5,5,4,49.8,6400000,272176725,0.0014413661518456434,11068.184803480492,17
3726,1,5,4,49.0,6450000,297376164,0.0014394520231588816,11442.583259566078,17
3727,4,5,4,49.2,6500000,294847362,0.0008242594767576096,10710.407618797426,7
3728,3,5,4,49.0,6500000,298944705,0.001324273027938509,10124.753521459736,17
3729,3,5,4,49.5,6500000,297494537,0.0016356061590006472,10977.70438724873,17
3730,3,5,4,49.0,6600000,295733397,0.0,15747.271153831902,13
3731,5,5,4,51.6,6750000,298257142,0.0006791295165553096,9896.64155241942,7
3732,5,6,4,47.9,6750000,297274747,0.0012552366389792411,8513.539875342074,17
3733,3,5,4,49.1,6850000,298757068,0.001147132159167327,10438.12717594656,7
3734,5,5,4,49.0,6950000,287148007,0.00046098579043848053,10288.826265165037,7
3735,1,5,4,49.1,6999000,296508916,0.00413651320393235,11435.195494503032,17
3736,4,5,4,49.1,6990000,298144402,0.0011239732999124552,11122.567997105343,17
3737,3,5,4,49.0,7000000,277725187,0.0011412956934902737,11648.751077084507,17
3738,1,5,4,48.9,7000000,299357192,0.001620170100791058,11105.742071517814,17
3739,3,5,4,48.6,7000000,297322786,0.00413651320393235,11435.195494503032,17
3740,1,5,4,49.0,7000000,288875854,0.0015055118159509402,12206.072135903683,17
3741,3,5,4,49.0,7199000,299142294,0.001620170100791058,11105.742071517814,17
3742,2,5,4,49.0,7200000,296944525,0.0012981126943041558,11296.32722708897,17
3743,1,5,4,49.0,7350000,299145721,0.0008772792620128108,8400.910877072089,14
3744,1,5,4,48.6,7499000,298165768,0.0012754258790080443,11167.856427093988,17
3745,3,9,4,68.0,7490000,297444378,0.0,27851.172822601613,13
3746,2,5,4,58.7,7500000,299470030,0.0013028216875097536,8286.849078537698,17
3747,2,5,4,49.4,7500000,298133101,0.00044512250949580855,13548.13622824715,17
3748,4,5,4,60.2,7500000,286148624,0.0010763116751051178,12344.674567829868,17
3749,3,5,4,49.1,7500000,282636286,0.0016306013760179847,11545.780331909897,17
3750,4,5,4,49.0,7500000,299328943,0.0023959789354711,9067.334983519764,14
3751,4,5,4,62.0,7500000,298870559,0.0,25807.707873270014,13
3752,5,9,4,74.0,7500000,296572787,0.0,27559.82918332137,16
3753,4,10,4,73.0,7600000,298633278,0.0,19770.81717950233,13
3754,2,5,4,49.3,7600000,299497225,0.0013553885778925946,10231.64964193141,17
3755,5,5,4,48.9,7600000,297448551,0.0,15655.629442351606,13
3756,1,5,4,48.5,7650000,297454290,0.0,15634.312550699275,13
3757,3,5,4,49.9,7700000,292389551,0.0023182312271079314,11573.088588772107,17
3758,5,5,4,60.2,7849999,284247026,0.001745294735744115,10587.627816634456,17
3759,4,5,4,49.0,7800000,298081789,0.0009170500627342834,11539.216739885871,17
3760,4,5,4,59.5,7850000,294315717,0.0005915419837347412,11801.83578802116,17
3761,3,5,4,49.0,7900000,297188751,0.0013493726682316475,8586.458007461688,17
3762,3,5,4,49.0,8000000,298745516,0.00482866223478691,10354.637297005007,17
3763,9,9,4,79.8,8000000,299111978,0.0,27012.08265084478,16
3764,5,5,4,48.1,8000000,278513551,0.0,15634.312550699275,13
3765,2,5,4,97.6,8200000,293186280,0.0,21202.60297811823,13
3766,2,5,4,59.8,8200000,295132563,0.0005068649799701801,13313.185470556158,17
3767,2,5,4,49.2,8290000,295185569,0.0009946075958164313,11750.83254813254,17
3768,3,5,4,60.0,8300000,297153145,0.0010270902374781025,11691.122214967785,17
3769,1,2,4,54.2,8500000,296964337,0.0,10777.382746130494,10
3770,2,5,4,49.4,8500000,290187061,0.0017931091056268321,8745.80823748242,14
3771,2,5,4,58.8,8500000,277448374,0.0025575585874325745,10003.354999629211,17
3772,2,9,4,62.4,8600000,299248261,0.0007445327837300944,10844.9304109918,15
3773,5,5,4,59.1,8599999,297174800,0.0,11425.942670489656,17
3774,1,9,4,73.5,8600000,299088500,0.0005858712622240953,10637.022914054336,6
3775,7,9,4,71.5,8700000,297644944,0.0,26925.23064925352,16
3776,8,9,4,91.9,8800000,293917297,0.0,24211.743346030977,16
3777,3,9,4,78.4,8900000,257121919,0.0,26572.568454018696,16
3778,4,5,4,59.3,9000000,298273636,0.0038430885853579714,10570.627941785877,17
3779,1,9,4,72.7,9000000,298421261,0.00032753833231638176,10080.677914553246,10
3780,2,2,4,81.6,9000000,299067734,0.0,26048.383605232728,11
3781,1,9,4,76.0,9000000,294769303,0.0006115770150476426,10370.344532426694,15
3782,1,9,4,76.0,9000000,293278575,0.0002962571676026439,9481.059245149836,10
3783,1,9,4,72.2,9150000,286798549,0.00026426510536034303,10300.809957999894,10
3784,1,9,4,74.2,9150000,299065435,0.0015101014809577983,9405.696013354003,14
3785,6,6,4,74.8,9400000,293891803,0.0,21955.576495381472,18
3786,3,5,4,60.3,9450000,297753632,0.0014883255058237086,9937.607184911385,14
3787,1,12,4,84.0,9499999,296635295,0.0,15096.284343192792,13
3788,7,9,4,97.4,9500000,296875717,0.0,28304.55689247634,13
3789,4,5,4,59.3,9500000,299415034,0.0010948414646109637,11588.012890342803,17
3790,2,9,4,73.3,9500000,296413092,0.00047497999528281335,10084.839422355988,8
3791,4,14,4,78.0,9500000,296067627,0.0,8400.570673532635,10
3792,5,8,-1,107.0,9600000,298902647,0.001155465451820089,3610.7024972155764,1
3793,6,9,4,74.5,9700000,291596837,0.000864499433781766,10029.376897174927,15
3794,1,4,4,91.3,9700000,296781861,0.0,26362.697752087686,16
3795,8,10,4,87.5,9800000,298137930,0.0,12684.783481619159,10
3796,9,9,4,64.4,9800000,288769847,0.0005741477527136059,9788.492324241784,14
3797,1,10,4,80.8,9800000,282490691,0.000315424163145002,12567.557561595715,17
3798,3,5,4,59.5,9800000,298482902,0.0032191881873121133,10387.321064929516,14
3799,4,5,4,85.6,9990000,292909091,0.0010007899574617579,12929.475642306592,15
3800,1,9,4,73.6,9990000,298008542,0.00025460301269159,10222.077704759864,10
3801,4,9,4,73.0,10000000,291837339,0.001434242293130375,8061.692119786112,9
3802,1,14,4,75.0,10000000,297219099,0.0,10361.703357491668,10
3803,1,5,4,90.0,10200000,299081559,0.0005342283332222214,9068.623946659536,7
3804,7,9,4,72.0,10200000,284066987,0.0002933096698072386,13976.890807548318,6
3805,1,9,4,75.7,10165000,297735340,0.0006750220127001938,12763.463482449513,6
3806,1,9,4,75.7,10250000,298978975,0.0006750220127001938,12763.463482449513,6
3807,5,9,4,73.3,10250000,298220272,0.0007622331413805795,13913.699541646138,6
3808,7,9,4,73.2,10300000,296684596,0.0002491571896820703,10321.638755886863,10
3809,12,14,4,74.6,10299999,298753013,0.0009207940176497438,12753.747523287395,6
3810,2,9,4,73.6,10250000,299037894,0.0005770913339926463,9922.198780878534,8
3811,1,10,4,86.8,10400000,296204857,0.0,19197.152500990596,13
3812,8,10,4,86.4,10399999,298936830,0.0,27923.663589812968,13
3813,7,9,4,74.1,10480000,297008748,0.0008286796450511072,10200.071066321289,6
3814,7,9,4,75.0,10500000,274930725,0.0017696884954661837,11724.912997103613,6
3815,9,9,4,74.2,10450000,284437836,0.0009409135939319896,12380.857986101117,6
3816,5,5,4,48.6,10500000,299528934,0.0029020254572751417,10527.537376824344,17
3817,6,10,4,73.4,10500000,298020726,0.0008435949011226614,9442.794295154019,14
3818,3,6,-1,96.0,10500000,296710067,0.006565749842610255,10309.176667150827,15
3819,3,9,4,64.0,10590000,296506914,0.0033484676360805194,8710.270565326171,14
3820,1,9,4,78.51,10600000,287480576,0.0007621188056008075,8300.15694143633,14
3821,3,9,4,74.0,10700000,271567769,0.0008257006700442817,10962.33343883866,6
3822,1,9,4,88.6,10700000,295338510,0.0,27535.308815672375,16
3823,9,14,4,75.0,10700000,291384037,0.0,14605.076872035155,13
3824,6,14,4,74.0,10800000,297792180,0.0009997704155347703,12636.23709022344,6
3825,1,9,4,78.1,10999999,299651385,0.000736230864251203,11565.87278803246,6
3826,3,6,4,75.5,10980000,294792727,0.003931826808802985,4692.958085412356,3
3827,10,14,4,74.8,10999000,299658655,0.0011909264062414553,16621.00655245826,15
3828,5,9,4,73.3,10990000,299253437,0.0002167993714415152,10532.099014711654,10
3829,6,9,4,75.1,11000000,298165378,0.003407160880205937,9040.724266661255,15
3830,5,11,4,73.1,11000000,298481837,0.0018006881618264207,12391.652083251676,7
3831,6,9,4,76.7,11000000,292847240,0.0007979976603593453,11904.691169120659,6
3832,4,10,4,72.2,11000000,284763025,0.0007872275829581431,12464.739367112192,7
3833,5,9,4,77.2,11090000,298035698,0.0007210426821283182,9566.660203267596,15
3834,8,9,4,76.4,11100000,299397242,0.0031416550600670847,8688.62072144777,14
3835,8,9,4,77.5,11200000,298840190,0.0012939559217185143,10809.612580783234,15
3836,3,9,4,72.9,11300000,289318628,0.0007865581322336966,10457.063809848341,15
3837,7,7,4,74.0,11300000,287617975,0.001382860698246465,3429.801922708482,3
3838,1,10,4,89.2,11500000,297812159,0.00034148299333564523,10746.467048133694,13
3839,8,10,4,73.4,11500000,297583927,0.000830522655336839,8228.849383040384,9
3840,6,25,4,108.0,11500000,294995837,0.0004730230058844114,14820.628191315078,18
3841,8,9,4,74.0,11500000,297813093,0.0008257006700442817,10962.33343883866,6
3842,9,9,4,73.0,11500000,295902355,0.0009069808741208032,11569.717139394843,6
3843,5,9,4,79.7,11500000,279396389,0.0007611165618260269,10188.322488771963,15
3844,5,7,4,73.0,11500000,296476976,0.0,31250.280438378835,12
3845,24,27,4,90.7,11650000,272854337,0.0012118628549632822,14428.167988401361,6
3846,9,9,4,73.4,11750000,298428387,0.0009845949878291333,12648.371573332153,14
3847,3,14,4,82.7,11890000,299615243,0.0,26892.37078726857,11
3848,2,11,4,93.9,11990000,297724090,0.0,22757.142736821595,18
3849,12,14,4,74.1,11999998,291459291,0.0013551396477662582,16470.794101302447,15
3850,9,10,4,88.0,11900000,273336479,0.0,4295.9037797657365,16
3851,2,9,4,73.4,11900000,280011824,0.0005523623701821953,10777.658644234136,6
3852,7,18,4,92.9,12000000,298754322,0.0006000159099681303,12873.016661490987,10
3853,6,6,4,59.7,12000000,290704157,0.0018059388372612638,2133.6967865010647,1
3854,4,7,4,98.4,12000000,295908567,0.0030342753229319216,2034.8641627737366,4
3855,1,10,4,90.0,12000000,297737043,0.000951459899704268,9026.264672562556,9
3856,2,14,4,74.2,12000000,290717286,0.0003719991547069351,10825.843718388523,13
3857,6,14,4,74.6,12000000,296908142,0.00025475591390013754,8438.22610605035,10
3858,6,7,4,90.2,12299999,298379593,0.0010536574913981194,2611.972350163371,4
3859,5,5,4,69.2,12300000,293912994,0.0009707492497321987,3654.0114348488737,2
3860,9,10,4,87.7,12250000,294602178,0.0003078722316820356,11023.078793080509,9
3861,2,5,4,108.8,12498000,296934817,0.0014724192924668487,7819.481223209119,15
3862,12,14,4,75.0,12500000,298978939,0.0011909264062414553,16621.00655245826,15
3863,6,7,4,92.0,12500000,297841334,0.0010536574913981194,2611.972350163371,4
3864,14,14,4,71.3,12500000,288004038,0.0,15565.713612676038,13
3865,3,4,4,97.8,12500000,286120274,0.0,17756.850191479694,16
3866,9,18,4,69.9,12500000,295261064,0.0,15498.264331662738,13
3867,1,9,4,80.7,12500000,268660441,0.0017103796607979658,13084.346550092085,14
3868,6,10,4,100.9,12699000,285032535,0.0,18842.763874870983,6
3869,3,14,4,75.0,12690000,296215933,0.0009931418112402565,8907.97298182467,15
3870,5,5,4,83.0,12800000,272505309,0.002886145294600513,3218.212160739271,2
3871,2,9,4,74.1,12900000,296636529,0.0009340173664469701,13176.769300783408,6
3872,4,4,4,81.5,12900000,298927596,0.0,26489.525591041478,18
3873,7,18,4,93.3,12990000,298883102,0.0006000159099681303,12873.016661490987,10
3874,3,4,4,80.0,12950000,296134088,0.002255903897512653,3892.466265386225,2
3875,10,18,4,95.5,12900000,290521422,0.000562982683626816,12923.305993098335,10
3876,9,9,4,82.1,12990000,289696749,0.0,13957.320636500148,13
3877,6,9,4,89.3,12900000,293510459,0.0,15417.409131138218,13
3878,7,9,4,77.7,13000000,294467371,0.0008697005085447916,10218.357960779304,8
3879,1,10,4,73.3,13000000,298411709,0.000479552259022916,10171.750171687983,8
3880,2,3,4,110.0,13000000,294476079,0.0,24859.915392268715,13
3881,5,5,-1,100.0,13000000,296309998,0.0013654254077868195,2446.3283946427964,4
3882,9,10,4,78.2,13200000,296750717,0.0006415855164355901,12088.887389551532,6
3883,4,9,4,82.6,13300000,299151980,0.00023398620349643004,13957.320636500148,13
3884,5,7,4,76.8,13500000,298760830,0.0018236791550767834,2159.6612472471306,3
3885,1,9,4,77.7,13500000,294850376,0.0020653930140936056,9817.462644733343,15
3886,1,10,4,88.0,13500000,296396297,0.0003603140287059766,10602.169050297745,9
3887,6,6,4,89.0,13500000,286418259,0.0024416705991537084,3519.4348025656063,3
3888,6,6,4,86.2,13500000,292044105,0.0018072102898172922,3089.3199584597364,1
3889,6,9,4,94.0,13500000,295693901,0.00466066666342014,12130.377940889844,6
3890,2,7,4,86.0,13500000,295403571,0.0014043016229943498,3099.9038534155366,1
3891,4,6,4,81.4,13600000,297272136,0.00030303351524249106,3526.5323365685235,3
3892,4,7,4,104.3,13600000,299414215,0.0035158835355740864,8609.85831729279,17
3893,8,9,4,73.0,13650000,297810890,0.001434242293130375,8061.692119786112,9
3894,2,9,4,81.1,13760000,293804428,0.0014030177156929297,5050.901982756264,4
3895,3,6,4,65.1,13700000,296507530,0.001857848237688488,2441.9350319310233,1
3896,1,8,4,83.4,13700000,298974003,0.0009232997082554684,9225.890154839368,7
3897,7,8,4,79.8,13700000,280312705,0.0033193853053753012,2831.492782671638,2
3898,4,5,4,75.6,13700000,287648077,0.0015304489674532681,6147.886552249068,7
3899,5,6,4,73.4,13800000,293402580,0.003438928501011145,2450.0143548505325,2
3900,2,10,4,81.0,13900000,270414233,0.0014030177156929297,5050.901982756264,4
3901,13,16,4,93.3,13800000,280400916,0.0,6146.635440363442,10
3902,4,12,4,95.3,14000000,293909511,0.0010026436806447007,16295.760382748625,15
3903,2,4,4,77.3,14000000,296401032,0.0,15667.595385551502,5
3904,4,5,4,98.0,13950000,293820522,0.002840185829049922,2015.3465742283342,4
3905,2,3,4,85.3,14000000,298474321,0.002123223534405355,11874.877772328568,17
3906,2,4,4,77.2,14000000,296012240,0.0018116447474394457,3148.769183161439,2
3907,8,9,4,74.8,14000000,295379200,0.0008435949011226614,9442.794295154019,14
3908,1,10,4,75.9,13995000,298841650,0.0010903384773252693,12577.883988482543,8
3909,3,10,4,86.1,14000000,299226175,0.00047073661321565417,10007.148842277667,9
3910,3,6,4,112.0,14000000,284696221,0.0,24840.41635264812,18
3911,3,4,4,85.0,14200000,295749351,0.0,18595.016075974003,12
3912,5,7,4,89.4,14100000,298763371,0.003931826808802985,4692.958085412356,3
3913,5,5,4,93.1,14350000,295413930,0.0013693223001916644,2139.802345134126,1
3914,8,18,4,93.7,14290000,297842223,0.0,12840.796249121604,10
3915,3,5,4,99.8,14499000,298891112,0.0014779976456840414,4069.883696735373,14
3916,2,5,4,75.2,14400000,297085431,0.002070383271478221,2890.816333061548,2
3917,1,3,4,84.5,14400000,295048648,0.0013317528686060856,1388.4604572824874,4
3918,1,17,4,85.3,14500000,288049823,0.0033104800243024114,8212.984887962179,9
3919,2,12,4,95.6,14500000,299239207,0.001020980453062857,15385.011379482423,15
3920,5,5,4,119.0,14500000,289697027,0.002757440976487716,2823.811268002697,2
3921,1,9,4,78.9,14499000,299281649,0.0006013394968851357,12383.600177649056,6
3922,1,10,4,78.9,14499000,296558493,0.0006013394968851357,12383.600177649056,6
3923,4,7,4,88.0,14799000,294846761,0.0032257402313091705,4212.154298781389,7
3924,9,10,4,87.4,14700000,293983197,0.0016237352198423065,8624.062896414467,15
3925,5,12,4,94.0,14700000,289424733,0.0017368655221205035,7466.253593604351,9
3926,5,6,4,111.0,14900000,278633025,0.0008186198784551549,6037.617078137705,17
3927,2,7,4,94.4,14850000,278019630,0.0003063905137877506,3494.8870440542005,3
3928,7,18,4,107.2,14900000,285533494,0.0,12062.179015729305,7
3929,2,5,4,80.0,15000000,257586529,0.000708843198433369,3162.3094375146916,2
3930,1,5,4,90.5,15000000,296781828,0.0005162058054781518,9058.466744688849,7
3931,5,5,4,116.0,15000000,299028250,0.0007505597721261032,3666.2268953224034,2
3932,3,5,4,99.8,15000000,295712516,0.0014779976456840414,4069.883696735373,14
3933,5,7,4,74.7,15000000,299527203,0.0003908434023934365,4250.514112946539,4
3934,5,6,-1,136.3,15000000,298519197,0.0017804027713515225,2024.2016938083393,1
3935,1,12,4,93.9,15200000,284400404,0.0017368655221205035,7466.253593604351,9
3936,2,16,4,119.8,15100000,299132105,0.00020510891311232107,8682.447062602208,10
3937,19,20,4,99.8,15250000,284307059,0.0,11247.722522119675,13
3938,6,17,4,95.5,15300000,296050282,0.0,11723.606109069337,10
3939,1,9,4,110.0,15499000,297011976,0.0,12090.802195200155,13
3940,5,14,4,104.9,15500000,299577737,0.0,14850.66382275377,6
3941,3,6,4,79.8,15499999,298419597,0.0011674771427641157,1610.82907435339,1
3942,2,5,4,75.9,15560000,299192495,0.006263400059153964,1825.7881999150227,1
3943,2,6,4,99.6,15500000,298086249,0.0021442351970102098,2889.7771686544875,2
3944,3,12,4,96.2,15500000,298731698,0.0014614466585357246,8716.387739486327,9
3945,1,6,4,73.4,15500000,291695499,0.0015665248144025642,2124.000929822359,3
3946,3,4,4,74.3,15500000,297032492,0.001141919289826131,1306.8436829063105,4
3947,1,5,4,84.2,15500000,288539575,0.0008874408522389449,3883.0844656369113,2
3948,3,6,4,85.0,15700000,299659722,0.0038768886956942064,2809.371219415612,2
3949,3,3,4,99.1,15690000,294571475,0.0003752683255455906,5898.216102810819,10
3950,2,5,4,72.1,15600000,297430693,0.0015077111388200667,6157.975201580355,7
3951,5,14,4,91.0,15600000,286812768,0.0010556990677869156,4711.80705933001,4
3952,4,5,4,100.6,15700000,284800963,0.0014327303499696168,3773.2090435777627,2
3953,4,6,4,101.2,15790000,274403633,0.0014498301866184178,3375.4688542553668,3
3954,9,16,4,86.0,15850000,295390244,0.0005063906835718182,10330.164076413308,8
3955,1,12,4,88.0,15850000,290512157,0.00044024572447915475,9234.446657602162,9
3956,2,5,4,89.1,16000000,299172974,0.0,14550.130857519487,5
3957,12,19,4,108.0,15900000,280450416,0.0004803692086113785,12062.179015729305,7
3958,4,6,4,95.7,16000000,299525260,0.0004711908783109023,5213.328616330487,8
3959,5,5,4,95.0,15990000,297103767,0.0012547353412125496,1884.4858568649793,1
3960,3,6,4,111.6,16000000,287170967,0.0014967111456519024,2803.407170612371,1
3961,3,4,4,95.9,16000000,297754146,0.001388896404569524,4100.306744120241,14
3962,3,4,4,96.0,16000000,297681677,0.001388896404569524,4100.306744120241,14
3963,4,7,4,109.5,15970000,283478570,0.001828002079307053,3170.3157604802427,3
3964,4,4,4,81.2,16000000,274206709,0.0026360353190035355,2091.2954752143237,1
3965,4,12,4,95.8,15990000,274312879,0.0010026436806447007,16295.760382748625,15
3966,5,9,4,96.0,16000000,295193231,0.0014080111775511496,12401.887305554574,8
3967,3,4,4,74.5,16000000,292945920,0.0016150875342225667,2672.2878693981897,1
3968,1,12,4,95.3,16300000,299121011,0.0009357408745321965,16233.204851508262,15
3969,5,6,4,85.9,16200000,298401527,0.0012930618514561414,2483.8351710093752,1
3970,4,6,4,81.0,16350000,296476982,0.000767960442796994,4212.154298781389,7
3971,2,5,4,100.6,16300000,286554052,0.0009778725972486482,5957.430051049311,17
3972,15,16,4,105.5,16250000,297942842,0.0006568429311925659,7617.318096824889,15
3973,3,5,4,90.1,16320000,285791228,0.0030735890693138804,9917.495168057763,15
3974,2,5,4,92.8,16500000,293864694,0.0004933185634941931,5704.564051432617,10
3975,7,10,4,74.6,16499999,298682144,0.0009736246026862832,9520.956845236296,15
3976,2,4,4,74.0,16500000,293959533,0.0009158321842249851,2536.702013525728,4
3977,9,19,4,113.4,16400000,294789025,0.0,11803.088386018626,13
3978,5,5,4,98.0,16500000,298851117,0.0010871443215423379,6518.533707387722,17
3979,2,6,4,113.0,16500000,290202231,0.0015979033293898647,3429.232682769588,3
3980,5,6,4,80.6,16400000,296290803,0.0014724610851936132,1867.9129414471577,4
3981,4,8,4,90.0,16480000,293102795,0.010361036178271313,5075.252070451515,6
3982,3,7,4,84.3,16500000,284722578,0.0015665248144025642,2124.000929822359,3
3983,3,5,4,94.1,16500000,287616740,0.0026902921831342477,8628.457227982624,6
3984,2,3,4,100.1,16500000,281166370,0.001051262551194305,1217.4601198315363,3
3985,2,4,4,83.0,16700000,299015308,0.0013984211540699935,3581.576270456108,2
3986,7,7,4,84.2,16750000,294857663,0.0,3750.110461219057,2
3987,1,5,4,100.5,16800000,296046319,0.00141622815619521,2759.4248385553606,1
3988,2,6,4,89.9,16700000,296487467,0.001138155006400377,5152.395142236984,9
3989,5,10,4,89.1,16700000,297847251,0.0030289100962034173,8038.6420192051555,9
3990,2,4,4,76.5,16790000,293216356,0.0010180614898651,2918.3697313714574,1
3991,2,4,4,83.0,16700000,298510221,0.0013984211540699935,3581.576270456108,2
3992,2,6,4,98.1,16700000,295880561,0.003931826808802985,4692.958085412356,3
3993,1,5,4,100.0,16750000,291581258,0.0024581194846994324,5278.768712560279,9
3994,2,6,4,89.9,16900000,296092909,0.001138155006400377,5152.395142236984,9
3995,6,6,4,109.1,16950000,297038579,0.003671741219093097,3141.5386765230824,2
3996,3,5,4,90.6,17000000,294231573,0.002886145294600513,3218.212160739271,2
3997,5,6,4,88.6,17000000,267986618,0.0029345091622735167,1722.3753541124306,4
3998,4,6,4,90.4,17000000,279178028,0.001640572727866348,2157.483424620921,1
3999,2,5,4,121.0,17300000,292278052,0.003556681877653113,2536.4922274268056,2
4000,9,12,4,81.7,17300000,295933676,0.001142425076156625,5255.1682415418245,4
4001,4,4,4,146.0,17250000,292540314,0.0003548193584350737,2987.0730901366474,3
4002,9,25,4,105.1,17343000,265838007,0.0005360607951744609,11606.638588724754,6
4003,2,5,4,112.9,17500000,281042676,0.0,28358.88045048562,16
4004,4,4,3,78.0,16800000,287362808,0.0018703649121198252,5095.318204175805,9
4005,4,5,4,81.4,17950000,298457200,0.000933108453872491,2726.947158676419,2
4006,4,8,3,67.9,16300000,299083057,0.0012246950712290366,3287.5858422330207,2
4007,2,8,1,32.9,5990000,277896720,0.0024590726802812416,2043.5517966694472,4
4008,5,5,1,32.1,6965700,297045565,0.0014750942134710988,2031.4599046271317,4
4009,13,14,1,25.85,9939999,279352025,0.0,6908.371857739092,10
4010,4,5,-1,20.9,7294933,295938212,0.0042242401410705855,2063.3407990339447,4
4011,5,5,1,20.0,5825500,297045544,0.0014750942134710988,2031.4599046271317,4
4012,1,5,-1,25.3,7099344,293687544,0.0042242401410705855,2063.3407990339447,4
4013,9,18,-1,35.58,9318402,290539872,0.00573409307627456,7004.55980333839,14
4014,3,9,1,23.71,8909999,299481346,0.00024131935475818608,4386.753252758496,3
4015,9,18,-1,35.38,9234180,296846414,0.00573409307627456,7004.55980333839,14
4016,5,12,-1,22.8,8525376,289388363,0.0,45698.99600438173,5
4017,2,6,-1,23.7,5273365,299506288,0.0013728242297818014,4326.790658366911,14
4018,2,9,1,18.62,4973572,295859159,0.0,14219.929287195602,13
4019,2,19,1,25.1,8400000,293135775,0.0015561615366635922,6574.416520169278,9
4020,7,16,-1,24.4,8500000,297692860,0.0033362017085776813,5661.396611433766,7
4021,8,18,-1,39.49,9880398,290539857,0.00573409307627456,7004.55980333839,14
4022,8,18,-1,40.86,10076076,296846408,0.00573409307627456,7004.55980333839,14
4023,6,8,1,28.1,10500000,293955405,0.0011254875375892395,4304.738370012683,6
4024,3,4,1,28.98,4745000,299521411,0.003223893152721998,3004.158237055417,2
4025,3,23,1,25.09,5206765,298977395,0.0,13805.204170430852,9
4026,1,5,-1,18.7,3450000,299503783,0.001183125076323163,4171.599061522578,3
4027,12,27,1,20.12,5030000,297361025,0.00026152698674096806,16044.327746041614,6
4028,3,5,1,26.68,7050000,288345392,0.002415837371339145,2056.6873997463344,1
4029,1,7,1,24.8,5250184,298034331,0.0,16374.336100202292,13
4030,3,6,1,26.68,7040000,296521881,0.002478520400820307,2063.415238595443,1
4031,2,4,1,30.0,7300000,287128743,0.0011693140298161553,2364.5909359888724,1
4032,3,5,1,24.2,4994986,295183000,0.0,27929.454284763448,18
4033,4,21,1,28.1,6990000,297664728,0.00024025612000818083,8057.476630819977,8
4034,1,5,-1,32.0,8334033,295363973,0.004118136037232583,2034.2661137223627,4
4035,7,10,1,28.41,13753281,297998447,0.0023737459827687245,5037.781360137036,9
4036,6,14,1,26.0,8560000,299649242,0.0004852665188459701,3703.327704703221,4
4037,3,11,-1,29.1,6690000,277270307,0.00508351860295716,5305.729883300576,7
4038,5,15,-1,21.57,5095891,298767309,0.002088270244195842,6835.296791873763,10
4039,2,5,1,20.0,4100000,297954435,0.0011776936786617317,2756.4416207485615,4
4040,5,10,1,26.6,9576000,298355549,0.0008111979058960016,7911.875279368751,6
4041,2,4,1,26.84,4950000,296321928,0.000738821910273551,1900.0262534106516,3
4042,4,9,1,23.0,9177000,294546137,0.0005839236475528783,3372.3078697533624,1
4043,2,6,1,29.7,7500000,297264030,0.0012820103190892612,1647.8838035629014,1
4044,2,4,1,32.0,7600000,287171076,0.0011693140298161553,2364.5909359888724,1
4045,2,4,1,20.0,4999000,299646341,0.0022988864419426097,2001.312377792492,3
4046,3,10,1,24.5,8000132,296659502,0.0005857890412959522,7742.194844551407,6
4047,2,5,-1,31.9,14838358,292492730,0.01086089478595681,1706.666919240915,3
4048,2,17,1,50.5,14150226,296729906,0.0012372366690202644,9364.667145349973,15
4049,1,5,1,29.01,4990000,299392821,0.0010961513439571443,2566.4413705927827,3
4050,1,5,1,20.81,3720000,299180814,0.0008159463935724668,2566.4413705927827,3
4051,2,14,1,22.6,7192450,290735446,0.0003710789876812801,6270.818078420478,14
4052,1,5,1,32.61,5390000,299171718,0.0008159463935724668,2566.4413705927827,3
4053,2,14,1,20.0,6616320,293795738,0.0003710789876812801,6270.818078420478,14
4054,2,5,1,26.33,4685000,293481854,0.0004115065445321168,2655.414757972595,3
4055,2,4,1,28.48,5900215,299312171,0.0,16840.845053024983,13
4056,2,5,1,18.73,3355000,298811369,0.0004115065445321168,2655.414757972595,3
4057,5,6,1,28.8,7290000,296972364,0.008920050407860768,2393.018917061455,3
4058,2,2,1,11.0,3690000,287446022,0.0022229761402180305,3491.1816831574597,3
4059,14,17,1,19.71,6218505,298050453,0.0002374534952760344,4178.483754247512,4
4060,4,5,-1,35.2,9921008,295664681,0.004118136037232583,2034.2661137223627,4
4061,4,5,-1,35.9,9618890,295664671,0.0042242401410705855,2063.3407990339447,4
4062,13,25,1,24.25,8244091,297024827,0.0021572434903891925,6646.457521838213,9
4063,3,5,1,31.0,7150000,294974843,0.0,26502.539502352614,18
4064,1,5,-1,34.9,9302020,291165334,0.0042242401410705855,2063.3407990339447,4
4065,3,13,1,27.1,6352219,297182842,0.0002545638473059476,11649.043416710198,9
4066,4,4,-1,50.0,7295000,294651891,0.006943103253152223,2539.8058696116454,2
4067,7,21,1,29.4,6000000,291984646,0.0003987030340293596,9567.53489441851,15
4068,8,25,1,22.2,4907670,299100880,0.00029210135341679026,12914.3343796289,9
4069,5,5,1,44.42,10950000,286202332,0.004158990912945211,1418.7590399904147,3
4070,15,21,1,26.7,5450000,297640572,0.0,20433.736543442858,6
4071,12,12,1,47.84,14208481,292252113,0.00026714932171682066,11593.562182676531,9
4072,5,5,1,33.65,9590000,286192505,0.004158990912945211,1418.7590399904147,3
4073,4,23,1,25.0,5463250,297362003,0.0,13945.265531297353,9
4074,5,13,1,20.59,4293361,294365879,0.0,12436.029890540683,9
4075,8,25,1,24.5,5100000,299152850,0.00026424373574233684,11866.174785561165,9
4076,2,3,1,21.0,4100000,296171651,0.0006335306227391749,12141.714975439849,6
4077,6,24,1,22.0,4800000,297882983,0.00027057327561463986,11644.812047084919,9
4078,3,10,1,28.7,7690000,299495896,0.0005412642490769161,4346.71708911259,7
4079,5,14,-1,24.55,5350000,299196210,0.0005923606645215771,6791.298160041463,10
4080,1,8,1,21.3,2850000,298270946,0.0,20252.01623844251,6
4081,5,8,1,24.8,4500000,299372091,0.0,16346.415669982676,13
4082,10,13,1,23.93,4500000,293907097,0.0002545638473059476,11649.043416710198,9
4083,2,12,1,21.1,5422700,299403354,0.0006998423123496174,6344.425921978766,10
4084,2,5,1,27.9,7550000,295934090,0.001306385389962604,1329.128266578072,4
4085,1,5,1,20.9,6990000,293373578,0.0008409158248234898,3066.4003323528727,4
4086,8,15,-1,24.5,5150000,295373197,0.0004243053834441092,6283.947923630841,4
4087,3,5,-1,28.2,12897164,299249964,0.01086089478595681,1706.666919240915,3
4088,5,5,1,26.9,4990000,289518002,0.0,19671.369622285023,7
4089,6,24,1,32.03,6949987,298650663,0.00032561529393706953,13320.36854293513,9
4090,1,4,-1,12.0,2200000,297064199,0.00034216824441458325,3119.6095282075094,3
4091,4,25,1,24.7,6500052,295774768,0.00021340357108143535,12541.880350432613,9
4092,3,16,1,26.88,5500000,299599046,0.0004781351301530875,14199.209546508559,7
4093,3,4,-1,20.0,4845000,296170916,0.006943103253152223,2539.8058696116454,2
4094,4,4,1,33.65,9580000,296837352,0.004188427816088813,1418.7590399904147,3
4095,4,5,1,24.3,4750030,299582455,0.0,19876.876628267553,7
4096,3,6,1,26.8,7000000,294733087,0.0031887452677124978,2840.0697650615057,2
4097,10,12,1,26.0,8600000,294779923,0.0011433345930187725,4841.591552657059,3
4098,9,12,-1,35.62,6040000,279676825,0.001650023189766609,8141.625356178658,17
4099,2,5,1,18.2,5650000,297265866,0.0022091498295783414,3309.9021931646607,2
4100,8,20,1,23.0,6190000,299292815,0.00029500451298049513,11444.122305848117,9
4101,2,15,-1,26.9,5454366,296210650,0.0006096129153284364,9953.492171183058,15
4102,6,12,-1,27.6,6699000,298022675,0.0,27725.03866469646,9
4103,3,5,1,35.97,6109150,298794440,0.0,27462.05287734603,16
4104,1,19,1,23.7,4900000,296710066,0.0005114451508966401,5979.765977627226,4
4105,12,23,1,25.0,7000000,299485491,0.0,9340.172883236726,15
4106,1,25,1,22.3,4100000,299419043,0.0004319142653209945,14939.440253364888,18
4107,9,12,1,24.5,3800000,268687421,0.0,7739.99084415215,16
4108,12,16,1,22.7,4900000,296231955,0.0005834853917903055,9607.929971701456,15
4109,21,27,1,25.5,5500000,299606187,0.0005172262130643108,15950.837215191275,6
4110,9,11,1,24.0,6560000,297700502,0.00026726981678844465,11691.385622017355,15
4111,24,25,1,22.36,5850000,297461092,0.0004287542355043734,10261.797930702174,13
4112,1,5,1,26.45,5537500,279690642,0.0,20856.209958138086,18
4113,14,26,1,26.1,5600000,293294520,0.0018336118381774905,14333.427763931471,6
4114,1,5,1,26.0,5392320,279688837,0.0,20972.066379965756,18
4115,4,7,-1,16.5,4100000,299005882,0.0009837605960897366,4948.328108299564,9
4116,13,19,1,28.2,5990000,298339220,0.0009414322279374018,13244.59867603836,7
4117,7,9,1,21.62,6110532,295858095,0.0,14219.929287195602,13
4118,12,26,1,28.9,6640000,296358032,0.0009363649667850592,11839.210947906126,15
4119,7,23,1,24.63,5486279,297361746,0.0,13695.060398941205,9
4120,25,25,1,25.9,6600000,297728488,0.0012888629224014215,10299.224655546523,17
4121,2,12,1,34.6,7980000,281081916,0.0,11593.562182676531,9
4122,15,26,1,26.0,5750000,298512415,0.0018336118381774905,14333.427763931471,6
4123,6,12,-1,22.2,8940411,295923677,0.0,45698.99600438173,5
4124,17,28,1,28.6,5200000,297557069,0.0007330172687868118,15367.043723226609,6
4125,8,19,1,25.97,6490000,299519154,0.00034416588994331664,10980.771780655668,9
4126,7,11,1,21.7,6777000,294777969,0.0012618841324962757,11691.385622017355,15
4127,16,16,1,32.5,7800000,297845395,0.0007073883969014895,8792.558513302729,9
4128,8,9,1,24.43,6712419,295858961,0.0,14219.929287195602,13
4129,3,7,1,29.0,7200000,298745940,0.0014314446856505561,3135.9411793928834,3
4130,10,12,1,24.6,6800000,292149743,0.0006196224678383876,7536.106830010765,6
4131,22,27,1,28.3,5300000,298969216,0.0013580333675519897,14401.458600246015,6
4132,13,14,1,30.71,11049999,279352022,0.0,6908.371857739092,10
4133,3,13,1,24.4,4890000,299380619,0.00027323079736214355,11741.847899500184,9
4134,3,9,1,34.72,12729999,299481528,0.00024131935475818608,4386.753252758496,3
4135,17,17,1,34.0,7300000,299152054,0.0011732176391828707,12916.395003384234,7
4136,5,6,1,25.55,5450000,294303916,0.0017610554965882038,4160.96529735023,14
4137,14,25,1,30.08,17338939,296065119,0.0014625032939982365,10341.328270571776,7
4138,5,12,1,23.8,6990000,293252681,0.001171442017486058,9312.38349437081,15
4139,6,8,1,27.2,4770000,289912623,0.0,15868.499985704031,13
4140,11,14,1,31.78,11599999,279351911,0.0,6908.371857739092,10
4141,11,18,1,27.6,5750000,299382380,0.0006355875910660395,13560.09904583669,7
4142,20,25,1,24.0,5880000,298052502,0.000722647974635289,11186.539480808462,7
4143,11,11,1,21.1,6591000,293297434,0.0012618841324962757,11691.385622017355,15
4144,16,19,1,29.0,6700000,293806551,0.0003289588975918138,11114.485586989567,9
4145,6,24,1,24.5,4900000,299105786,0.0002445717858194806,12037.216312515171,9
4146,8,24,1,27.06,4000000,299017413,0.00023624053360519893,14076.095534303193,15
4147,9,12,1,24.5,4350000,297459200,0.0,15929.967683458499,13
4148,5,10,1,22.0,7950000,298229584,0.0,4432.529967054503,2
4149,13,17,1,24.08,7150000,296685262,0.0012372366690202644,9364.667145349973,15
4150,4,16,-1,26.7,9450000,271710016,0.0033362017085776813,5661.396611433766,7
4151,3,6,1,28.7,8100000,298392350,0.0019512958789257198,3923.668410434856,2
4152,18,21,1,19.1,3560000,298373909,0.0,11345.434765669723,10
4153,11,18,1,23.2,6750000,299111836,0.0008065649769145697,13292.558192721694,7
4154,3,26,1,28.5,5671500,268906987,0.0005066091722320064,14765.691186827775,18
4155,6,10,1,32.0,13600000,299191256,0.0010040986056686395,3703.048388699178,1
4156,2,19,1,25.05,5600000,296745318,0.0003161696631635495,11236.809144833918,9
4157,9,26,1,25.0,4650000,296746313,0.0005066091722320064,14765.691186827775,18
4158,3,12,1,30.5,7980000,298524132,0.0008857523073903568,7623.953019021157,6
4159,3,4,1,24.9,4700111,280678084,0.0,24513.100936791954,18
4160,4,13,1,24.3,7650000,297999208,0.0008380670463248181,4597.824163655737,14
4161,23,25,1,18.06,4800000,296056538,0.0007941846373961999,14230.519553629672,6
4162,22,22,-1,23.4,5500000,271759366,0.0002754338551687433,7738.827112263349,10
4163,4,6,1,33.7,4690000,299103814,0.0,27345.623571563305,11
4164,10,18,1,34.5,10964837,298655478,0.0011127270923814955,4568.991465194513,3
4165,3,22,1,25.0,6699999,299241170,0.0012405405157993267,7096.972399545177,10
4166,17,18,-1,19.1,5385000,299650835,0.0,7004.55980333839,14
4167,1,10,1,23.1,7000000,297086444,0.0017028550285202702,3891.8168502096596,2
4168,12,25,1,26.12,9248965,297024574,0.0022092997571388586,6516.88336096182,9
4169,2,6,-1,24.8,5209866,298957965,0.0,14268.764538964995,13
4170,11,18,1,33.0,10242168,298655448,0.0011127270923814955,4568.991465194513,3
4171,25,27,1,29.0,4400000,294029303,0.0013580333675519897,14401.458600246015,6
4172,20,25,1,23.91,8972771,297024728,0.0022092997571388586,6516.88336096182,9
4173,15,25,1,23.01,3600000,297836906,0.0,14251.829087741482,15
4174,15,26,1,23.2,4000000,297949535,0.00037604436329380717,14820.628191315078,18
4175,9,27,1,24.4,4700000,296323850,0.0013580333675519897,14401.458600246015,6
4176,3,5,-1,15.0,5100000,298841118,0.0006700395323168816,5822.538502986281,9
4177,3,6,1,25.0,9000000,299288903,0.0019512958789257198,3923.668410434856,2
4178,2,6,1,25.0,5450000,298578317,0.0019157025814383762,1770.3361878104727,1
4179,1,10,1,32.1,9822600,296753534,0.0009110784384702303,7802.482307922911,6
4180,10,23,1,24.0,5350000,296990964,0.000269337898854924,11780.969772914192,9
4181,1,27,1,23.24,5619432,297361267,0.0,16176.821458851662,6
4182,4,6,1,23.0,7100000,298392347,0.0020728434278488835,3953.7529931925033,2
4183,9,13,-1,29.2,9200000,286004823,0.0037442539548563068,3965.0864897001943,7
4184,10,15,1,31.0,6350000,292678988,0.0002445717858194806,12037.216312515171,9
4185,7,27,1,21.26,5042872,297360993,0.00026152698674096806,16044.327746041614,6
4186,6,11,-1,40.0,10000000,299336779,0.0006869421241452592,3558.3107442581145,4
4187,4,22,1,20.3,3499000,299480551,0.0002631420530282623,12616.908065062733,10
4188,2,13,-1,28.2,8900000,286004817,0.0037442539548563068,3965.0864897001943,7
4189,1,8,1,24.7,4250000,297990909,0.0,15947.469324369107,13
4190,18,19,1,39.2,12052700,298657078,0.0029613724566974193,5322.117772876521,7
4191,21,22,1,25.2,8290000,299316588,0.00040640521958291433,8439.790826503302,9
4192,2,5,1,24.5,5118319,295182913,0.0,27980.481208269914,18
4193,3,13,1,23.2,4450000,296561861,0.0002545638473059476,11649.043416710198,9
4194,2,10,1,30.4,9576000,296753644,0.0008111979058960016,7911.875279368751,6
4195,5,10,1,26.0,9200000,298229587,0.0,4432.529967054503,2
4196,10,10,1,27.19,13638504,297998455,0.0023737459827687245,5037.781360137036,9
4197,3,12,1,23.1,5200000,298658426,0.0,15846.001068039612,13
4198,10,14,-1,43.33,9150675,279676543,0.00030227840170164494,6791.298160041463,10
4199,13,20,-1,22.1,4500000,298067302,0.0014107389038103138,14596.590363717605,6
4200,9,10,-1,24.4,11104733,296920364,0.0014908919152484604,4332.358760917846,2
4201,10,13,1,26.3,4840000,295841542,0.0,15944.11155362196,13
4202,9,13,-1,28.13,6700847,297553051,0.0015524351315613749,5573.570370915869,9
4203,8,13,1,23.0,5000000,295342768,0.0,11649.043416710198,9
4204,10,13,1,25.14,6376888,298731457,0.0,12436.029890540683,9
4205,8,24,1,24.8,5400000,297659928,0.0002379581281802749,12095.500280066664,9
4206,8,12,1,23.0,6210000,299403377,0.0006998423123496174,6344.425921978766,10
4207,2,25,1,24.7,4350000,298819695,0.000333950366836759,15820.018882116667,18
4208,11,17,1,23.1,4550000,293839639,0.0,18353.302489047786,13
4209,8,9,1,25.9,10774400,298366853,0.0005839236475528783,3372.3078697533624,1
4210,10,13,1,21.1,5150959,299237873,0.00022607882212796697,12125.948098145518,9
4211,13,25,1,25.13,5300000,293079499,0.00021340357108143535,12541.880350432613,9
4212,8,10,1,24.4,6191633,292425369,0.00022319627489168087,11806.833771985788,9
4213,4,5,1,25.7,5050000,294945071,0.0,16366.418722422502,13
4214,9,25,1,25.13,5600000,295974746,0.0002524772399729815,12038.217811961544,9
4215,14,14,1,29.3,9040808,293227163,0.0003710789876812801,6270.818078420478,14
4216,10,12,1,24.5,4450000,295557253,0.0,15718.84301528967,13
4217,9,13,1,25.03,6850000,296195906,0.000555595154706774,8458.800578056811,15
4218,12,24,1,22.2,3700000,299249983,0.00022884927635660222,14177.3315575506,15
4219,4,5,1,24.22,4600165,298634621,0.0,20859.281613282412,7
4220,3,24,1,25.4,4700000,293972421,0.0005350871511277486,14649.967415658639,18
4221,2,24,1,29.2,5700000,298975152,0.0005350871511277486,14649.967415658639,18
4222,7,10,1,35.3,8490000,299495901,0.0005412642490769161,4346.71708911259,7
4223,1,3,-1,18.9,3994000,297039438,0.0015252757516248626,5011.112897450391,17
4224,3,18,1,28.5,8550000,292856901,0.0,6049.536638927263,4
4225,9,17,1,18.97,3600000,297456206,0.0,6146.635440363442,10
4226,4,9,1,24.8,10275929,292688313,0.00028644279695535005,3777.4871944371807,3
4227,1,4,-1,43.4,3900000,299543950,0.000785049172859321,1519.0206591953624,2
4228,2,7,1,15.3,4260000,292454066,0.0023210974985777423,3203.4062953601015,2
4229,2,4,1,20.1,4960000,296301502,0.0018860068458317785,2192.477307522219,4
4230,12,14,1,31.3,13027617,298804748,0.000876300123821111,6068.180600263078,10
4231,4,13,-1,26.3,5200000,298917733,0.0007687356993046883,9125.507997916624,15
4232,10,13,1,26.8,8171212,287469451,0.0003710789876812801,6270.818078420478,14
4233,2,6,1,18.9,5950000,293907607,0.001857848237688488,2441.9350319310233,1
4234,2,5,1,15.2,4390000,296305399,0.004797964567625276,2784.8464852214665,2
4235,18,25,1,25.2,5500000,297328704,0.00021340357108143535,12541.880350432613,9
4236,12,12,1,22.4,8414044,277117606,0.0004796408593601411,4178.483754247512,4
4237,2,7,1,20.6,5300000,296304223,0.0007688125720735814,1871.4200681620205,2
4238,2,3,1,23.5,7200000,298269103,0.002781308718882771,1915.812401783981,1
4239,5,5,1,36.55,7468950,298649533,0.0,27351.023161351302,16
4240,5,13,1,25.4,8490000,279140428,0.0025011005483821696,4849.406789397338,6
4241,20,25,1,31.6,6950000,298651622,0.0003102978430706802,13281.818214463054,9
4242,1,4,-1,24.03,5594000,285292728,0.0012479429289196117,4195.219285049117,3
4243,3,3,1,31.8,6753231,298402701,0.0,20631.09824345016,11
4244,10,10,1,27.42,10400000,297024644,0.0014618437144023663,4292.646732765414,14
4245,2,5,1,16.8,4400000,294035439,0.0049887573104016245,2419.086152520567,2
4246,2,5,1,16.7,4560000,297297225,0.0029579450346119054,3219.9753568820984,2
4247,12,12,-1,25.22,5100000,279676941,0.001650023189766609,8141.625356178658,17
4248,4,5,1,24.18,4290000,287702899,0.0,20974.916248211106,7
4249,4,18,1,28.4,8946000,294573102,0.0,6049.536638927263,4
4250,8,16,1,20.9,5092337,299059197,0.0009040788026774912,13305.568374140676,7
4251,9,15,1,21.2,6350000,292307082,0.000555595154706774,8458.800578056811,15
4252,3,14,1,50.2,15000211,293113210,0.0014165875308316568,9475.52761418122,15
4253,9,16,1,24.08,7550000,297782842,0.0012372366690202644,9364.667145349973,15
4254,2,4,1,32.0,7690000,299210804,0.0016281685495079575,2416.121430855265,2
4255,21,25,1,24.3,3800000,298770295,0.00024609071631469405,13791.994911995893,15
4256,5,5,1,21.1,4550109,299582534,0.0,19636.04401128735,7
4257,3,6,1,28.2,7600000,299521738,0.000982869214658108,1812.9186023338377,2
4258,5,25,1,25.5,6550185,297483166,0.00021340357108143535,12541.880350432613,9
4259,3,4,1,18.2,5200000,299294035,0.0036855136220941866,2452.9889129315593,2
4260,10,25,1,32.5,6300000,299160663,0.00033627455620748574,9198.276181431713,9
4261,1,4,1,24.85,5350118,299394146,0.0,16877.695165155063,13
4262,5,5,1,35.79,7290000,299296270,0.008920050407860768,2393.018917061455,3
4263,2,5,1,22.0,6120000,299093564,0.002119956987335897,3162.6416500363534,2
4264,3,25,1,26.8,7100000,298104540,0.0016776264946286984,4837.86189780235,6
4265,2,4,1,25.0,6600000,299553176,0.0024861996305386956,1562.403602802584,4
4266,4,18,1,23.63,5954760,299555737,0.00037775752067052915,10907.98021799464,15
4267,2,5,1,28.5,6980000,298965940,0.005709148910931036,2423.3347681500713,2
4268,14,25,1,28.8,7750000,299422603,0.0012888629224014215,10299.224655546523,17
4269,17,23,1,24.35,6390666,299037745,0.0,11775.989545988597,15
4270,1,4,-1,12.0,2200000,297040877,0.00034216824441458325,3119.6095282075094,3
4271,11,16,-1,28.4,6868533,298635371,0.0009040788026774912,13305.568374140676,7
4272,2,4,1,32.0,7350000,299119492,0.0005156786884578739,3128.117106597187,3
4273,9,14,-1,60.83,12815124,292504237,0.00124697235656695,6791.298160041463,10
4274,16,18,1,25.0,6750000,298906901,0.0008065649769145697,13292.558192721694,7
4275,4,14,-1,39.23,8163579,296045786,0.00124697235656695,6791.298160041463,10
4276,11,12,1,23.8,4300000,298831476,0.0,15944.11155362196,13
4277,10,14,-1,34.97,7475239,279676521,0.00124697235656695,6791.298160041463,10
4278,3,5,1,21.0,5700000,299184032,0.0036349091532548524,2798.7980853404215,2
4279,13,14,-1,51.26,11089450,279676556,0.0005923606645215771,6791.298160041463,10
4280,2,5,1,14.8,4470000,298976329,0.0057917362540338135,1527.5011319712216,3
4281,8,12,1,22.2,6293700,299010048,0.0,6310.062249285818,10
4282,1,4,1,16.73,4890000,299296465,0.0008671446640719486,2386.051767711578,4
4283,2,4,1,20.2,5850000,298071569,0.0008177955170669508,5854.506820267082,17
4284,2,7,1,70.7,13490000,297585826,0.0003250117489734794,3331.619834802874,3
4285,10,12,1,20.39,5237888,297252241,0.0,12443.018922283938,9
4286,4,10,1,32.0,13440000,298977056,0.0,3703.048388699178,1
4287,9,13,1,20.48,4857888,273772782,0.0,12436.029890540683,9
4288,13,18,-1,26.0,6787878,298391858,0.00573409307627456,7004.55980333839,14
4289,9,23,1,27.0,4900000,298236748,0.0,5413.5533403997,18
4290,4,5,1,17.7,6195000,296788313,0.0016297531482621947,5361.475523272948,17
4291,6,6,-1,25.6,11520000,289434570,0.0004300683236918158,2498.285912032635,3
4292,9,12,1,26.8,4958000,296280879,0.0,15129.081635349468,18
4293,10,25,1,19.3,4900000,298391928,0.0,12598.488539637108,9
4294,8,11,1,29.0,8050000,299113755,0.0,27725.03866469646,9
4295,3,6,1,20.0,4900000,298701597,0.0,1521.8870438781994,2
4296,15,26,1,28.1,5400000,298959021,0.0026045042109611944,14324.639047354965,6
4297,3,6,-1,36.5,6083351,292548624,0.0,14268.764538964995,13
4298,16,16,1,31.8,6750000,295291853,0.0007073883969014895,8792.558513302729,9
4299,13,16,-1,20.7,5246760,298146287,0.0009040788026774912,13305.568374140676,7
4300,2,5,1,23.7,4500000,297129083,0.0009714658554552005,2516.533267741719,1
4301,5,16,-1,21.9,5435284,298146183,0.0009040788026774912,13305.568374140676,7
4302,5,6,-1,23.6,3762850,294785316,0.0,14268.764538964995,13
4303,4,8,1,26.51,4360895,293979162,0.0,26396.73922550963,13
4304,7,13,1,19.2,4350000,298729595,0.00023560672959902575,11962.022153727907,9
4305,19,19,1,30.7,4370000,299131032,0.0,20433.736543442858,6
4306,5,13,1,24.5,4390000,296961931,0.0,15929.967683458499,13
4307,7,8,1,27.2,4433600,299599907,0.0,26382.5299740703,13
4308,10,13,1,20.62,4437000,286068854,0.0,12436.029890540683,9
4309,3,4,1,21.9,4450101,297392395,0.0,24513.100936791954,18
4310,4,25,1,20.81,4474150,294605911,0.0,11149.610709218312,13
4311,12,12,1,26.3,4471000,296280970,0.0,15129.081635349468,18
4312,3,20,1,25.4,4490000,298875151,0.0,11720.56801524106,18
4313,16,26,1,23.4,4492800,296842494,0.00028215610000601805,14765.691186827775,18
4314,13,18,1,17.0,4450000,299034153,0.00573409307627456,7004.55980333839,14
4315,2,5,1,24.44,4500063,295774761,0.0,20859.281613282412,7
4316,1,5,1,24.62,4500142,289807852,0.0,20859.281613282412,7
4317,5,5,1,24.04,4500179,298355540,0.0,21185.275457156422,7
4318,22,25,1,25.5,4500000,298222203,0.0002488111346343041,13881.69672375681,15
4319,9,20,-1,22.1,4570000,289902337,0.0,14596.590363717605,6
4320,1,4,1,24.6,4550016,297392410,0.0,24513.100936791954,18
4321,20,26,1,24.6,4575600,296746332,0.0005066091722320064,14765.691186827775,18
4322,4,4,-1,32.0,4595000,299531114,0.006943103253152223,2539.8058696116454,2
4323,4,5,1,24.22,4600165,297741478,0.0,20896.022947741138,7
4324,1,5,1,26.32,4600130,292871095,0.0,20859.281613282412,7
4325,3,4,-1,13.1,4612031,295271261,0.002640719557841248,3198.4384869058777,2
4326,1,4,1,25.6,4650112,281018155,0.0,24513.100936791954,18
4327,5,5,1,24.18,4650116,299178315,0.0,20640.005498273917,7
4328,5,5,1,25.38,4650060,297904400,0.0,21185.275457156422,7
4329,5,5,1,25.53,4650200,295920928,0.0,21185.275457156422,7
4330,2,26,1,21.7,4650000,295154125,0.000283102806555371,12598.488539637108,9
4331,1,5,1,24.5,4650014,299582528,0.0,19636.04401128735,7
4332,1,5,1,25.9,4650008,299582544,0.0,19636.04401128735,7
4333,17,21,-1,25.7,4650000,298618769,0.0014107389038103138,14596.590363717605,6
4334,13,23,1,25.6,4699900,297715920,0.0,6146.635440363442,10
4335,2,16,-1,17.69,4670659,299081841,0.0009040788026774912,13305.568374140676,7
4336,3,4,1,24.4,4700098,296729847,0.0,24513.100936791954,18
4337,12,12,1,27.7,4709000,296280971,0.0,15129.081635349468,18
4338,3,7,-1,19.2,4760000,297211538,0.0,4948.328108299564,9
4339,2,18,1,21.31,4794750,299556202,0.00037775752067052915,10907.98021799464,15
4340,7,13,1,20.39,4785888,298558864,0.0,12436.029890540683,9
4341,2,25,1,22.77,4781700,294605926,0.0,11149.610709218312,13
4342,3,14,-1,22.8,4750000,295773953,0.0014891607555083642,4688.48702828846,6
4343,6,13,1,22.1,4790000,295730791,0.0002545638473059476,11649.043416710198,9
4344,10,13,-1,30.8,4774000,298279653,0.0007687356993046883,9125.507997916624,15
4345,1,6,1,25.2,4788000,292413282,0.0,45890.75875621721,5
4346,8,26,1,25.0,4770000,299026636,0.00039519005095972756,14689.543664221206,18
4347,20,24,1,21.0,4800000,296205419,0.00027057327561463986,11644.812047084919,9
4348,5,5,1,24.67,4800128,294535252,0.0,20896.022947741138,7
4349,1,16,1,21.68,4832815,284756176,0.000527795398343087,17761.53937559638,15
4350,4,25,1,23.61,4840050,294606171,0.0,11149.610709218312,13
4351,1,6,1,25.3,4807000,292413418,0.0,45979.087033098025,5
4352,1,6,1,25.5,4845000,292413226,0.0,45890.75875621721,5
4353,2,5,1,26.2,4850183,299582520,0.0,19768.37958027964,7
4354,3,5,1,24.8,4850086,299582527,0.0,19768.37958027964,7
4355,4,5,1,24.2,4850200,299582507,0.0,19636.04401128735,7
4356,2,12,1,23.6,4850000,298986472,0.0,15944.11155362196,13
4357,8,24,1,22.0,4870000,296440950,0.00027057327561463986,11644.812047084919,9
4358,4,18,1,20.18,4903740,299556128,0.00037775752067052915,10907.98021799464,15
4359,2,18,1,21.9,4927500,299556182,0.00037775752067052915,10907.98021799464,15
4360,4,8,1,30.33,4943790,293979034,0.0,26396.73922550963,13
4361,9,12,1,26.7,4939500,296280875,0.0,15129.081635349468,18
4362,13,16,-1,19.4,4937749,298635450,0.0009040788026774912,13305.568374140676,7
4363,16,24,1,23.9,4900000,298983185,0.00027057327561463986,11644.812047084919,9
4364,11,13,-1,18.4,4900000,298727010,0.001430729700866987,5559.866872226424,9
4365,3,8,1,30.43,4960090,299600120,0.0,26382.5299740703,13
4366,13,20,1,25.5,4980000,298756071,0.0002381508009345773,12280.167457418776,9
4367,24,25,1,23.4,4952310,295861398,0.00038651388364834824,14251.829087741482,15
4368,15,25,1,25.2,4994769,293293223,0.00038651388364834824,14251.829087741482,15
4369,1,5,1,22.3,4988510,279689007,0.0,20972.066379965756,18
4370,1,5,1,22.3,4988510,279690477,0.0,21038.99469248553,18
4371,1,5,1,22.3,4988510,279690634,0.0,20856.209958138086,18
4372,4,4,1,24.3,5000162,296145557,0.0,24440.799027700927,18
4373,1,5,1,24.8,5036904,295182755,0.0,27928.583210937017,18
4374,2,25,1,25.11,5022000,294606353,0.0,11149.610709218312,13
4375,1,5,-1,20.6,5047000,297540681,0.0005429833636960319,3363.7595604050452,4
4376,1,23,1,20.95,5063168,294577165,0.0,11775.989545988597,15
4377,7,13,-1,22.79,5069407,297552969,0.0015524351315613749,5573.570370915869,9
4378,3,16,-1,20.0,5090466,298635461,0.0009040788026774912,13305.568374140676,7
4379,1,23,1,21.45,5055102,299389557,0.0,11795.765473225289,15
4380,3,27,1,21.26,5081140,297361478,0.00046179507912531495,16076.523441576157,6
4381,7,12,1,22.9,5088888,292227802,0.0002260399891812572,14868.378247345438,18
4382,1,6,1,26.8,5092000,292413399,0.0,45979.087033098025,5
4383,12,12,-1,25.22,5100000,279676946,0.0011373544163134329,8141.625356178658,17
4384,2,15,-1,23.25,5123937,289280605,0.002088270244195842,6835.296791873763,10
4385,4,4,1,24.6,5100158,296375852,0.0,24440.799027700927,18
4386,1,8,1,32.11,5137600,299599940,0.0,26382.5299740703,13
4387,10,13,1,21.58,5136888,298845876,0.0,12436.029890540683,9
4388,6,25,1,24.9,5100000,298864355,0.00033678485698619383,18483.67242398829,15
4389,13,16,-1,20.5,5196077,298635487,0.0009040788026774912,13305.568374140676,7
4390,9,16,1,21.55,5185684,299059195,0.0009040788026774912,13305.568374140676,7
4391,5,13,-1,18.4,5150000,299372531,0.001430729700866987,5559.866872226424,9
4392,6,25,1,26.18,5226102,299571908,0.00029210135341679026,12914.3343796289,9
4393,1,13,1,19.9,5237193,264975565,0.0002545638473059476,11649.043416710198,9
4394,11,20,1,24.6,5200000,297997189,0.0002381508009345773,12280.167457418776,9
4395,3,13,-1,19.23,5249540,298730007,0.0015524351315613749,5573.570370915869,9
4396,1,6,1,27.5,5225000,292413420,0.0,45979.087033098025,5
4397,1,23,1,19.78,5272986,294049878,0.0,11775.989545988597,15
4398,6,15,-1,24.65,5274637,290733281,0.002088270244195842,6835.296791873763,10
4399,1,5,1,26.4,5296240,279688899,0.0,20972.066379965756,18
4400,1,5,1,26.4,5296240,279690599,0.0,21038.99469248553,18
4401,2,12,1,24.56,5250000,292227395,0.0002260399891812572,14868.378247345438,18
4402,15,16,-1,21.55,5348420,298635494,0.0009040788026774912,13305.568374140676,7
4403,15,19,1,26.7,5300000,298743664,0.0,20433.736543442858,6
4404,4,25,1,25.39,5300000,293240446,0.00021340357108143535,12541.880350432613,9
4405,1,11,1,26.0,5304646,294664570,0.00031623926857754725,15374.23822019453,18
4406,15,25,1,24.0,5300000,297517318,0.000269337898854924,11780.969772914192,9
4407,5,14,-1,24.3,5350000,299196212,0.0005923606645215771,6791.298160041463,10
4408,6,18,-1,19.1,5350000,299502431,0.00573409307627456,7004.55980333839,14
4409,5,25,1,25.2,5350000,293139010,0.0,12212.336356688153,9
4410,1,5,1,26.0,5392320,279690651,0.0,20856.209958138086,18
4411,13,13,-1,23.3,5399728,292781828,0.0007687356993046883,9125.507997916624,15
4412,4,17,1,27.0,5350000,298704570,0.0002379581281802749,12095.500280066664,9
4413,2,12,1,21.1,5443800,299403355,0.0006998423123496174,6344.425921978766,10
4414,9,13,-1,24.5,5429886,292781689,0.0007687356993046883,9125.507997916624,15
4415,1,8,1,34.23,5476800,299599939,0.0,26382.5299740703,13
4416,19,23,1,25.0,5489900,297884772,0.0,13945.265531297353,9
4417,4,14,-1,26.08,5574266,296045811,0.00124697235656695,6791.298160041463,10
4418,2,18,1,25.29,5563800,299556029,0.00037775752067052915,10907.98021799464,15
4419,3,18,1,24.48,5508000,299556066,0.00037775752067052915,10907.98021799464,15
4420,14,14,-1,19.92,5505000,294571657,0.0045050103115924145,7216.140091758326,17
4421,3,15,-1,24.29,5580634,298767301,0.002088270244195842,6835.296791873763,10
4422,7,15,-1,19.94,5591223,299174642,0.002088270244195842,6835.296791873763,10
4423,9,11,1,25.3,5551652,294664586,0.00031623926857754725,15374.23822019453,18
4424,15,16,1,23.38,5579345,299059198,0.0009040788026774912,13305.568374140676,7
4425,3,14,-1,26.63,5637599,292504050,0.00124697235656695,6791.298160041463,10
4426,13,13,1,21.9,5603154,283215680,0.0002545638473059476,11649.043416710198,9
4427,18,26,1,28.1,5620000,296746324,0.0005066091722320064,14765.691186827775,18
4428,9,16,-1,22.6,5609022,298635410,0.0009040788026774912,13305.568374140676,7
4429,2,12,1,22.2,5616600,299403291,0.0006998423123496174,6344.425921978766,10
4430,1,13,1,26.39,5636888,298845874,0.0,12436.029890540683,9
4431,2,26,1,28.5,5614500,268906967,0.0005066091722320064,14765.691186827775,18
4432,6,12,1,21.56,5631888,297252112,0.0,12443.018922283938,9
4433,4,13,-1,27.0,5649561,297552888,0.0015524351315613749,5573.570370915869,9
4434,2,5,1,21.2,5618000,291187128,0.000560322404007161,3304.345097431657,4
4435,10,18,1,18.8,5650000,298862103,0.00573409307627456,7004.55980333839,14
4436,2,12,1,22.8,5654400,299403391,0.0006998423123496174,6344.425921978766,10
4437,10,16,1,26.6,5660000,295434978,0.0003816881755522538,9556.930228945046,10
4438,3,9,1,20.9,5692472,295858745,0.0,14219.929287195602,13
4439,1,6,1,29.8,5662000,292413303,0.0,45979.087033098025,5
4440,18,23,1,22.3,5709941,299037754,0.0,11775.989545988597,15
4441,11,23,1,22.64,5731687,298422049,0.0,11775.989545988597,15
4442,3,18,1,25.92,5702400,299556089,0.00037775752067052915,10907.98021799464,15
4443,2,23,1,23.76,5726023,299260994,0.0,11795.765473225289,15
4444,19,27,1,22.34,5749610,297361324,0.0,16176.821458851662,6
4445,10,15,-1,27.5,5744616,296835115,0.0006096129153284364,9953.492171183058,15
4446,1,4,1,28.76,5750285,294799861,0.0,16840.845053024983,13
4447,1,4,1,27.08,5750195,297980411,0.0,16840.845053024983,13
4448,4,4,1,24.39,5750088,298674056,0.0,16877.695165155063,13
4449,2,3,-1,26.3,5786000,297535851,0.0008743492691529807,15476.559125566497,15
4450,11,13,1,22.4,5750000,299634595,0.0004009465101520896,6316.559801741852,4
4451,4,14,-1,27.61,5846070,296045828,0.00124697235656695,6791.298160041463,10
4452,4,13,-1,25.1,5812407,297552896,0.0015524351315613749,5573.570370915869,9
4453,2,3,-1,26.5,5830000,299333323,0.0008743492691529807,15476.559125566497,15
4454,1,13,1,23.8,5808894,294458085,0.0002545638473059476,11649.043416710198,9
4455,9,13,-1,25.68,5831619,297553081,0.0015524351315613749,5573.570370915869,9
4456,3,25,1,22.2,5888922,298093789,0.00030155082451328576,12790.006187895227,9
4457,2,12,1,23.5,5898500,299634321,0.0006998423123496174,6344.425921978766,10
4458,5,16,1,20.75,5881543,296091929,0.000527795398343087,17761.53937559638,15
4459,4,6,1,22.9,5850000,299643318,0.0,45979.087033098025,5
4460,3,15,-1,25.66,5851250,291240186,0.002088270244195842,6835.296791873763,10
4461,1,13,1,25.2,5860297,264976099,0.0002545638473059476,11649.043416710198,9
4462,4,9,1,21.62,5888577,295859177,0.0,14219.929287195602,13
4463,18,19,1,29.1,5850000,298235003,0.0014760939313429426,14411.675537264611,6
4464,9,18,1,16.7,5980000,298862110,0.00573409307627456,7004.55980333839,14
4465,1,11,1,24.66,5982590,289396699,0.00021049929259648887,17592.016998390987,15
4466,4,23,1,25.09,5991126,297885123,0.0,14009.961604137785,9
4467,6,13,-1,23.74,5960520,299482184,0.0015524351315613749,5573.570370915869,9
4468,5,11,1,22.69,5934433,295478512,0.00021049929259648887,17592.016998390987,15
4469,9,13,1,24.85,5981888,299112472,0.0,12436.029890540683,9
4470,4,23,1,23.76,5989474,299037751,0.0,11775.989545988597,15
4471,3,11,1,20.34,5986213,295426169,0.0005689793907627884,17516.926398682623,15
4472,4,15,-1,32.16,5999532,289280496,0.002088270244195842,6835.296791873763,10
4473,7,10,1,24.5,6040920,292425354,0.0002674137506171582,11806.833771985788,9
4474,3,17,1,30.0,6000000,299335569,0.0006805378601615094,13530.025033807575,7
4475,3,13,-1,21.4,6046184,298730036,0.0015524351315613749,5573.570370915869,9
4476,2,12,-1,28.38,6067060,279903524,0.001650023189766609,8141.625356178658,17
4477,2,15,-1,32.76,6092679,289280484,0.002088270244195842,6835.296791873763,10
4478,5,13,1,21.7,6087600,294504961,0.0,11951.860919378407,9
4479,14,19,1,24.6,6090000,299114639,0.0002844515617034743,11568.714044840639,9
4480,5,13,-1,28.47,6051668,297552923,0.0015524351315613749,5573.570370915869,9
4481,2,23,1,25.5,6069294,297885110,0.0,14009.961604137785,9
4482,5,16,1,24.53,6102450,293431278,0.000527795398343087,17761.53937559638,15
4483,2,12,1,24.5,6149500,299403253,0.0006998423123496174,6344.425921978766,10
4484,2,12,1,23.3,6186150,299634308,0.0,6310.062249285818,10
4485,2,12,1,23.6,6171400,296463083,0.0,6310.062249285818,10
4486,5,12,1,22.2,6182700,294538766,0.0,6310.062249285818,10
4487,9,13,-1,28.6,6174253,297553055,0.0015524351315613749,5573.570370915869,9
4488,2,18,1,28.7,6170500,299556081,0.00037775752067052915,10907.98021799464,15
4489,5,5,1,31.39,6154740,298649421,0.0,27351.023161351302,16
4490,18,21,-1,27.0,6150000,299184875,0.007110063937183005,12874.744581128427,7
4491,6,18,1,25.3,6194000,294664706,0.0,13081.4405667056,7
4492,2,9,1,23.97,6166592,295858619,0.0,14219.929287195602,13
4493,2,25,1,24.95,6294793,298056517,0.00030155082451328576,12790.006187895227,9
4494,6,18,1,21.3,6228120,298678473,0.0004631743994273053,12062.126186586875,15
4495,14,17,1,19.71,6218505,298050451,0.0002374534952760344,4178.483754247512,4
4496,3,3,1,33.9,6200000,289199838,0.0,20631.09824345016,11
4497,3,11,1,22.0,6279633,295426174,0.0005689793907627884,17516.926398682623,15
4498,4,16,1,23.9,6243230,295114187,0.00046437700958973675,17824.719967889057,15
4499,14,15,1,24.53,6250145,298589132,0.0004662450017485733,8354.54618603997,15
4500,4,9,1,23.46,6271633,295858754,0.0,14219.929287195602,13
4501,16,21,1,27.55,6200000,298233075,0.0005547382900464215,6317.699593505115,9
4502,8,10,1,25.6,6312145,298402698,0.00022319627489168087,11806.833771985788,9
4503,5,18,1,27.57,6327315,299556164,0.00037775752067052915,10907.98021799464,15
4504,4,17,1,24.42,6341380,297359547,0.0006486698056531499,13618.954530985544,15
4505,1,11,1,24.63,6314806,295426167,0.0005689793907627884,17516.926398682623,15
4506,7,16,1,26.81,6340719,292207756,0.0002049380940457537,17761.53937559638,15
4507,3,4,-1,18.5,6319248,295288046,0.002640719557841248,3198.4384869058777,2
4508,15,19,1,23.4,6350000,298092711,0.0007897923706041916,13189.310219400184,7
4509,3,24,1,21.98,6384597,298009600,0.000677930479723316,16979.104847775117,15
4510,10,23,1,24.58,6374815,299173189,0.0,11775.989545988597,15
4511,7,14,1,24.8,6399999,299092493,0.00021773497422425156,12539.661455100995,9
4512,1,13,1,29.0,6368864,264975822,0.0002545638473059476,11649.043416710198,9
4513,22,25,1,26.12,6492520,298056522,0.00030135179979130225,12790.006187895227,9
4514,4,14,-1,31.15,6498228,296045834,0.0005923606645215771,6791.298160041463,10
4515,4,10,1,26.9,6450289,292425333,0.0002674137506171582,11806.833771985788,9
4516,2,10,1,27.8,6402541,292425319,0.0002674137506171582,11806.833771985788,9
4517,3,18,1,27.03,6487200,299555720,0.00037775752067052915,10907.98021799464,15
4518,16,18,1,23.1,6468000,297667973,0.00025084837888368053,5846.467099980962,4
4519,15,15,1,19.02,6409740,298050440,0.0002374534952760344,4178.483754247512,4
4520,11,18,1,23.9,6453000,296306138,0.00025084837888368053,5846.467099980962,4
4521,12,16,1,21.47,6463275,274433604,0.0004686530498028614,11221.888632838467,7
4522,7,25,1,25.0,6400000,293945331,0.0005623889901180024,12021.218052139384,6
4523,5,5,1,36.55,6459900,298649536,0.0,27351.023161351302,16
4524,1,17,1,26.9,6464070,297034999,0.0011246790285302623,12814.88768196763,7
4525,10,16,1,22.22,6546242,276767084,0.0004686530498028614,11221.888632838467,7
4526,17,25,1,25.3,6500000,299631743,0.00043757670881632233,6231.884872121011,8
4527,4,5,-1,23.73,6550000,297212645,0.0,26248.08230494298,5
4528,17,18,1,25.9,6690000,299649659,0.00573409307627456,7004.55980333839,14
4529,10,14,1,20.0,6712320,293795736,0.0003710789876812801,6270.818078420478,14
4530,4,10,1,28.9,6733909,298402690,0.0002674137506171582,11806.833771985788,9
4531,17,18,1,26.1,6655500,296306235,0.00025084837888368053,5846.467099980962,4
4532,4,11,1,27.27,6730550,295426177,0.0005689793907627884,17516.926398682623,15
4533,2,11,1,23.35,6680169,295426168,0.0005689793907627884,17516.926398682623,15
4534,2,11,1,25.97,6682237,285024177,0.00021049929259648887,17592.016998390987,15
4535,1,12,1,27.5,6650000,299320588,0.0008857523073903568,7623.953019021157,6
4536,1,11,1,39.0,6743100,294664538,0.00031623926857754725,15374.23822019453,18
4537,4,13,-1,31.07,6653329,297552904,0.0015524351315613749,5573.570370915869,9
4538,11,11,1,21.6,6746000,293297444,0.0012618841324962757,11691.385622017355,15
4539,3,9,1,25.2,6672730,295858749,0.0,14219.929287195602,13
4540,1,17,1,27.9,6696000,292227372,0.0010856133450389853,12952.816782063383,7
4541,13,16,-1,28.41,6870948,298146063,0.0009040788026774912,13305.568374140676,7
4542,3,11,1,25.97,6872404,295426202,0.0005689793907627884,17516.926398682623,15
4543,3,17,1,23.33,6810458,297359522,0.0006486698056531499,13618.954530985544,15
4544,4,15,-1,30.07,6871231,289280458,0.002088270244195842,6835.296791873763,10
4545,2,15,-1,27.59,6826613,289280468,0.002088270244195842,6835.296791873763,10
4546,4,13,1,30.7,6823896,297548220,0.0002545638473059476,11649.043416710198,9
4547,1,3,1,35.8,6937377,298402712,0.0,20631.09824345016,11
4548,8,25,1,31.6,6949991,298651636,0.0003102978430706802,13281.818214463054,9
4549,11,23,1,29.0,6949000,298339302,0.0005442888271122286,6968.707625043754,10
4550,1,4,-1,30.0,6900000,293441590,0.00031873639202986264,11178.57405454701,9
4551,15,15,1,22.81,6984422,296662623,0.0002374534952760344,4178.483754247512,4
4552,14,14,-1,36.54,6990000,294571658,0.0045050103115924145,7216.140091758326,17
4553,2,15,-1,36.89,6955964,290733274,0.002088270244195842,6835.296791873763,10
4554,16,24,1,25.0,6990000,299189228,0.00027057327561463986,11644.812047084919,9
4555,3,7,-1,26.4,7000000,297211543,0.0,4948.328108299564,9
4556,3,3,1,33.1,7029306,293828734,0.0,20631.09824345016,11
4557,8,18,1,26.5,7022500,296306156,0.00025084837888368053,5846.467099980962,4
4558,2,11,1,21.8,7073664,287469471,0.0003710789876812801,6270.818078420478,14
4559,12,14,1,20.6,7036300,292512706,0.0003710789876812801,6270.818078420478,14
4560,12,12,1,21.8,7079942,290223466,0.0003710789876812801,6270.818078420478,14
4561,10,18,1,24.6,7134000,292855629,0.0,6049.536638927263,4
4562,14,18,-1,25.0,7100000,299137228,0.000732632530520958,11195.74614814282,7
4563,4,7,-1,26.6,7185000,289902310,0.0,4948.328108299564,9
4564,2,3,1,34.0,7220435,298402725,0.0,20631.09824345016,11
4565,17,18,1,28.4,7242000,296306223,0.00025084837888368053,5846.467099980962,4
4566,4,6,1,19.6,7173169,298163681,0.0002852506392091888,3786.1972706058737,3
4567,11,14,1,23.6,7238592,294724133,0.0003710789876812801,6270.818078420478,14
4568,2,12,1,22.1,7203384,277372984,0.0003710789876812801,6270.818078420478,14
4569,2,5,1,29.3,7200000,299059285,0.001837843518277486,2703.3556403981665,1
4570,17,18,1,28.6,7293000,296306218,0.00025084837888368053,5846.467099980962,4
4571,21,25,1,30.1,7250000,299166705,0.0005220527876831483,6121.230174999869,8
4572,2,11,1,23.8,7259000,294213911,0.005560196517484369,5562.690188221356,7
4573,3,14,-1,34.97,7349140,292504134,0.00124697235656695,6791.298160041463,10
4574,12,18,1,28.5,7300000,298967970,0.00573409307627456,7004.55980333839,14
4575,2,14,1,24.3,7403359,288160763,0.0003710789876812801,6270.818078420478,14
4576,12,14,1,25.4,7412736,299174636,0.0003710789876812801,6270.818078420478,14
4577,13,13,1,23.6,7403980,293354156,0.0003710789876812801,6270.818078420478,14
4578,2,10,-1,35.2,7585600,295026147,0.0007057301878190602,3093.864490057372,4
4579,8,17,1,25.6,7600000,298216616,0.0015561615366635922,6574.416520169278,9
4580,2,11,1,26.0,7600320,275298194,0.0003710789876812801,6270.818078420478,14
4581,5,7,1,25.0,7625000,298677646,0.0032293254728265257,3073.8153462464484,1
4582,4,10,-1,35.9,7736450,295026160,0.0007057301878190602,3093.864490057372,4
4583,1,11,1,33.34,7711409,285020664,0.00021049929259648887,17592.016998390987,15
4584,10,18,-1,23.2,7830000,297982363,0.00573409307627456,7004.55980333839,14
4585,10,19,-1,23.1,7750000,298648611,0.00573409307627456,7004.55980333839,14
4586,12,18,1,26.52,7876440,297982362,0.00573409307627456,7004.55980333839,14
4587,9,10,1,27.7,7990000,279676716,0.00064343439141701,4346.71708911259,7
4588,9,10,1,27.3,7990000,279676710,0.00064343439141701,4346.71708911259,7
4589,8,18,-1,23.56,7951500,293340260,0.00573409307627456,7004.55980333839,14
4590,2,10,-1,36.8,7930400,295026151,0.0007057301878190602,3093.864490057372,4
4591,3,14,-1,39.23,8143392,292504048,0.00030227840170164494,6791.298160041463,10
4592,2,14,1,24.9,8063989,293227169,0.0003710789876812801,6270.818078420478,14
4593,5,14,1,26.0,8100000,298095241,0.0004852665188459701,3703.327704703221,4
4594,3,13,-1,30.0,8144790,298730064,0.0015524351315613749,5573.570370915869,9
4595,8,12,1,24.8,8156472,299174525,0.0003710789876812801,6270.818078420478,14
4596,5,10,-1,35.3,8290000,291029374,0.001632562168564638,4346.71708911259,7
4597,5,10,1,36.0,8290000,293722066,0.0005412642490769161,4346.71708911259,7
4598,9,10,1,30.0,8390000,279676742,0.0005412642490769161,4346.71708911259,7
4599,4,14,-1,39.9,8303002,296045830,0.00124697235656695,6791.298160041463,10
4600,14,23,1,24.9,8395999,299507407,0.00078990446148012,5408.447398582295,8
4601,1,19,1,36.5,8300118,299178327,0.000555595154706774,8458.800578056811,15
4602,12,18,1,28.3,8348500,294573254,0.0,6049.536638927263,4
4603,11,12,1,23.2,8302468,287469096,0.0003710789876812801,6270.818078420478,14
4604,12,18,1,28.5,8407500,294573248,0.0,6049.536638927263,4
4605,3,25,1,23.24,8499966,297024769,0.0022092997571388586,6516.88336096182,9
4606,8,12,1,24.6,8487738,277780807,0.0004796408593601411,4178.483754247512,4
4607,2,14,1,29.3,8492458,293227164,0.0003710789876812801,6270.818078420478,14
4608,6,19,1,36.0,8500068,299582558,0.000555595154706774,8458.800578056811,15
4609,4,5,-1,24.56,8514903,293123129,0.0,26192.15240244402,5
4610,11,12,1,24.0,8530704,298242940,0.0004796408593601411,4178.483754247512,4
4611,2,8,1,32.0,8629453,298657601,0.0015699562426688873,5180.273757095257,7
4612,5,5,-1,23.74,8630155,293123103,0.0,26192.15240244402,5
4613,6,10,-1,21.5,8550000,299518634,0.0014908919152484604,4332.358760917846,2
4614,20,25,1,29.0,8706118,297024826,0.0021572434903891925,6646.457521838213,9
4615,11,12,1,29.6,8714388,299174524,0.0003710789876812801,6270.818078420478,14
4616,19,25,1,30.26,8719832,297024811,0.0021572434903891925,6646.457521838213,9
4617,9,10,-1,26.1,8748000,292192711,0.000312255794540409,3068.5437847284616,4
4618,2,10,-1,40.4,8706200,295026152,0.0007057301878190602,3093.864490057372,4
4619,2,12,1,28.8,8797460,299132636,0.001054454208145571,4968.431631777675,7
4620,2,25,1,28.06,8776159,297024761,0.0022092997571388586,6516.88336096182,9
4621,3,25,1,23.76,8785522,297024731,0.0022092997571388586,6516.88336096182,9
4622,6,12,1,26.2,8758791,294724109,0.0003710789876812801,6270.818078420478,14
4623,2,19,1,30.92,8804246,297025118,0.0017993629905311522,6347.713167246244,9
4624,5,5,-1,22.33,8850418,291779585,0.0,26192.15240244402,5
4625,14,25,1,29.43,8862762,297024439,0.0022092997571388586,6516.88336096182,9
4626,4,14,1,29.9,8899286,294144813,0.0003710789876812801,6270.818078420478,14
4627,3,10,-1,40.9,8813950,295026157,0.0007057301878190602,3093.864490057372,4
4628,10,10,-1,25.2,8850000,268140002,0.000312255794540409,3068.5437847284616,4
4629,10,11,-1,29.8,8870000,298432660,0.0009125843124325973,4297.0016657801725,4
4630,3,14,-1,43.33,8994473,292504059,0.00124697235656695,6791.298160041463,10
4631,2,25,1,26.12,8984475,297024763,0.0022092997571388586,6516.88336096182,9
4632,9,9,1,20.0,8992040,299176053,0.00028644279695535005,3777.4871944371807,3
4633,2,12,1,28.7,8922801,277167918,0.0004796408593601411,4178.483754247512,4
4634,4,12,1,26.0,8980000,299341908,0.00123936104022348,5230.704551446832,6
4635,4,10,1,27.8,8990000,294174720,0.0005084807507464328,3841.0760072530147,4
4636,24,25,1,31.38,8904617,297024804,0.0021572434903891925,6646.457521838213,9
4637,7,18,-1,30.15,9090225,294996567,0.00573409307627456,7004.55980333839,14
4638,2,16,-1,27.3,9000000,286942198,0.0033362017085776813,5661.396611433766,7
4639,13,23,1,27.9,9008756,299507405,0.00078990446148012,5408.447398582295,8
4640,9,9,1,20.0,9074760,295870052,0.00028644279695535005,3777.4871944371807,3
4641,7,12,1,27.1,9124593,298657656,0.001054454208145571,4968.431631777675,7
4642,2,25,1,25.41,9171724,297024755,0.0022092997571388586,6516.88336096182,9
4643,2,7,1,23.2,9150636,299176051,0.00028644279695535005,3777.4871944371807,3
4644,6,9,1,21.2,9101117,298768024,0.00028644279695535005,3777.4871944371807,3
4645,2,7,1,24.3,9191620,292688315,0.00028644279695535005,3777.4871944371807,3
4646,12,16,-1,24.5,9200000,295869994,0.0033362017085776813,5661.396611433766,7
4647,7,8,1,27.2,9208761,298657566,0.0012979185985750512,5134.208936751541,7
4648,4,10,-1,42.9,9244950,295026158,0.0007057301878190602,3093.864490057372,4
4649,4,8,1,24.6,9342997,298657617,0.0015699562426688873,5180.273757095257,7
4650,4,7,1,23.2,9314196,299176018,0.00028644279695535005,3777.4871944371807,3
4651,18,18,1,30.4,9300000,295914224,0.001643807302384052,8745.848326035151,8
4652,6,11,1,23.4,9250000,299186864,0.0008932332437097803,4345.346709194138,14
4653,9,12,1,27.4,9321343,277372926,0.0003710789876812801,6270.818078420478,14
4654,4,5,-1,23.32,9380167,293598990,0.0,26192.15240244402,5
4655,2,9,1,24.8,9378417,299176050,0.00028644279695535005,3777.4871944371807,3
4656,2,9,1,24.8,9436697,292688314,0.00028644279695535005,3777.4871944371807,3
4657,2,10,-1,43.8,9438900,295026163,0.0007057301878190602,3093.864490057372,4
4658,3,9,1,24.1,9505040,298085164,0.0005839236475528783,3372.3078697533624,1
4659,6,12,-1,23.7,9544492,289388411,0.0,45698.99600438173,5
4660,2,10,-1,22.7,9534000,296920323,0.0014908919152484604,4332.358760917846,2
4661,3,16,-1,26.4,9450000,271710044,0.0033362017085776813,5661.396611433766,7
4662,9,10,-1,21.2,9648374,299635046,0.0014908919152484604,4332.358760917846,2
4663,9,10,-1,20.9,9608900,299640628,0.0014908919152484604,4332.358760917846,2
4664,2,10,-1,22.9,9618000,299338004,0.0014908919152484604,4332.358760917846,2
4665,2,8,1,30.4,9625596,298657620,0.0015699562426688873,5180.273757095257,7
4666,4,12,1,27.8,9582139,298657816,0.001054454208145571,4968.431631777675,7
4667,3,11,1,30.43,9646310,294213912,0.005560196517484369,5562.690188221356,7
4668,3,7,1,24.3,9728407,293408463,0.00028644279695535005,3777.4871944371807,3
4669,5,9,1,26.1,9761400,298085139,0.0005839236475528783,3372.3078697533624,1
4670,5,8,1,24.3,9785260,298657608,0.0015699562426688873,5180.273757095257,7
4671,2,10,-1,23.6,9912000,296920317,0.0014908919152484604,4332.358760917846,2
4672,3,9,1,26.57,9949999,299481419,0.00024131935475818608,4386.753252758496,3
4673,6,8,1,27.7,9892327,298657562,0.0012979185985750512,5134.208936751541,7
4674,5,5,-1,29.02,9987915,293123107,0.0,26192.15240244402,5
4675,16,25,1,27.26,10002645,297024719,0.0022092997571388586,6516.88336096182,9
4676,3,9,1,27.6,10004006,290945795,0.00028644279695535005,3777.4871944371807,3
4677,3,13,-1,39.13,9990202,298729987,0.0015524351315613749,5573.570370915869,9
4678,2,8,-1,22.5,9970000,299601643,0.00099309169547566,2673.7942247286455,1
4679,5,16,-1,34.9,10100000,297604371,0.0033362017085776813,5661.396611433766,7
4680,5,16,-1,30.4,10100000,297604362,0.0033362017085776813,5661.396611433766,7
4681,4,8,1,31.9,10104619,298657535,0.0012979185985750512,5134.208936751541,7
4682,9,10,-1,22.4,10194509,299640627,0.0014908919152484604,4332.358760917846,2
4683,1,5,-1,25.58,10160069,293123118,0.0,26192.15240244402,5
4684,6,12,1,26.0,10204434,298657818,0.001054454208145571,4968.431631777675,7
4685,4,9,1,27.6,10177831,290945865,0.00028644279695535005,3777.4871944371807,3
4686,9,18,1,33.8,10263337,298655450,0.0011127270923814955,4568.991465194513,3
4687,7,8,1,31.4,10371200,298657541,0.0012979185985750512,5134.208936751541,7
4688,6,18,1,32.0,10529309,298655458,0.0011127270923814955,4568.991465194513,3
4689,2,5,-1,29.98,10545375,293598859,0.0,26192.15240244402,5
4690,5,8,1,35.9,10536106,298657963,0.0012979185985750512,5134.208936751541,7
4691,7,8,1,38.0,10500000,299376579,0.0,15608.618908947388,13
4692,2,10,-1,25.0,10500000,296920318,0.0014908919152484604,4332.358760917846,2
4693,10,17,1,34.88,10495392,299273050,0.0016350647387596547,5263.563942306938,6
4694,1,10,1,29.7,10558350,296753822,0.0009920364536725808,7753.977042357422,6
4695,1,10,1,29.7,10558350,296753822,0.0009920364536725808,7753.977042357422,6
4696,4,9,1,28.95,10639999,299481477,0.00024131935475818608,4386.753252758496,3
4697,1,5,-1,35.26,10578000,289559413,0.0,26192.15240244402,5
4698,2,7,1,23.2,10592145,274325237,0.00028644279695535005,3777.4871944371807,3
4699,4,6,-1,26.57,10588145,293980708,0.0,29304.35660168583,5
4700,7,14,1,30.9,10550000,299468449,0.0014281555872613135,5326.056531382417,6
4701,6,9,1,29.83,10679999,299481546,0.00024131935475818608,4386.753252758496,3
4702,5,9,1,24.8,10788793,284669843,0.00028644279695535005,3777.4871944371807,3
4703,4,14,-1,50.87,10795469,296045824,0.00124697235656695,6791.298160041463,10
4704,2,10,-1,26.4,10824000,299337999,0.0014908919152484604,4332.358760917846,2
4705,11,12,1,28.0,10777956,289084223,0.0004796408593601411,4178.483754247512,4
4706,2,7,1,24.3,10811118,275860537,0.00028644279695535005,3777.4871944371807,3
4707,6,10,-1,26.8,10827950,296920293,0.0014908919152484604,4332.358760917846,2
4708,2,10,-1,26.7,10947000,299338015,0.0014908919152484604,4332.358760917846,2
4709,7,18,1,34.7,10984019,298655486,0.0011127270923814955,4568.991465194513,3
4710,8,10,-1,25.9,10945444,296920358,0.0014908919152484604,4332.358760917846,2
4711,12,14,1,30.71,10949999,279352009,0.0,6908.371857739092,10
4712,4,16,-1,39.9,11000000,299046054,0.0033362017085776813,5661.396611433766,7
4713,8,9,1,27.4,11098260,298894723,0.00028644279695535005,3777.4871944371807,3
4714,5,9,1,29.8,11210760,298366920,0.0005839236475528783,3372.3078697533624,1
4715,5,16,-1,39.9,11200008,297604380,0.0033362017085776813,5661.396611433766,7
4716,3,16,-1,38.7,11200000,273024315,0.0033362017085776813,5661.396611433766,7
4717,6,9,1,31.62,11269999,299481550,0.00024131935475818608,4386.753252758496,3
4718,2,10,-1,27.5,11275000,296920344,0.0014908919152484604,4332.358760917846,2
4719,6,6,1,31.4,11405000,289707281,0.00024017147344523223,3849.3133409888483,4
4720,7,9,1,29.1,11316990,298366965,0.0005839236475528783,3372.3078697533624,1
4721,2,10,-1,27.7,11357000,299337997,0.0014908919152484604,4332.358760917846,2
4722,6,9,1,27.6,11495786,296296604,0.00028644279695535005,3777.4871944371807,3
4723,1,13,1,36.1,11552902,298220727,0.0015524351315613749,5573.570370915869,9
4724,6,11,-1,28.7,11600000,297116332,0.0014908919152484604,4332.358760917846,2
4725,3,5,-1,38.85,11654994,285763039,0.0,26192.15240244402,5
4726,2,4,1,24.5,11900000,299517776,0.0006869968732101214,3282.842517590927,4
4727,8,9,1,27.4,12015174,298894717,0.00028644279695535005,3777.4871944371807,3
4728,12,14,1,33.79,12219999,279352033,0.0,6908.371857739092,10
4729,2,9,1,34.34,12369999,299481516,0.00024131935475818608,4386.753252758496,3
4730,2,9,1,34.72,12439999,299481518,0.00024131935475818608,4386.753252758496,3
4731,3,14,-1,60.83,12627136,292504112,0.00124697235656695,6791.298160041463,10
4732,2,10,-1,30.7,12587000,296920308,0.0014908919152484604,4332.358760917846,2
4733,3,10,-1,34.3,13603298,296920286,0.0014908919152484604,4332.358760917846,2
4734,2,14,1,51.0,14150307,299582555,0.0014165875308316568,9475.52761418122,15
4735,2,10,-1,34.7,14227000,296920311,0.0014908919152484604,4332.358760917846,2
4736,10,10,1,36.25,14300000,297024661,0.0014618437144023663,4292.646732765414,14
4737,4,10,-1,37.6,14842224,299338034,0.0014908919152484604,4332.358760917846,2
4738,2,10,-1,36.4,14924000,296920310,0.0014908919152484604,4332.358760917846,2
4739,3,10,-1,38.6,15165261,296920285,0.0014908919152484604,4332.358760917846,2
4740,7,25,1,30.32,15691282,297319719,0.0014625032939982365,10341.328270571776,7
4741,2,12,-1,48.2,16154712,289388271,0.0,45698.99600438173,5
4742,5,12,-1,46.3,17158055,296606507,0.0,45698.99600438173,5
4743,10,12,-1,24.7,17331496,290705960,0.0,45698.99600438173,5
4744,5,12,-1,46.6,17271684,289388327,0.0,45698.99600438173,5
4745,9,10,-1,38.4,17832960,296920381,0.0014908919152484604,4332.358760917846,2
4746,1,13,1,59.36,18406348,298220731,0.0015524351315613749,5573.570370915869,9
4747,6,12,-1,49.3,19089995,289388395,0.0,45698.99600438173,5
4748,3,12,-1,64.5,22205633,289388278,0.0,45698.99600438173,5
4749,12,12,-1,50.7,35505680,290705992,0.0,45698.99600438173,5
4750,11,12,-1,51.5,36077200,290705973,0.0,45698.99600438173,5
4751,11,12,-1,96.6,68296640,290705980,0.0,45698.99600438173,5
4752,11,12,-1,107.2,75869280,290705979,0.0,45698.99600438173,5
4753,1,5,1,14.0,2660000,288362894,0.0002451803505197079,13934.760420635681,13
4754,4,4,-1,15.3,2677500,294452552,0.0,6590.1809828847545,17
4755,1,3,-1,10.35,2990000,298226514,0.005100451159022041,3507.596304302512,2
4756,1,3,-1,13.2,2990000,284009922,0.0009846449874357525,6419.948775927645,17
4757,9,9,1,15.0,3100000,297048095,0.00046075396199418873,10518.244323311272,8
4758,1,4,1,16.5,3200000,296154760,0.0017459171939238098,8345.754400195927,15
4759,1,10,1,11.3,3200000,299136434,0.0015783437675781448,8480.592347397544,9
4760,1,5,-1,24.5,3280550,299104924,0.0,11737.33401167953,10
4761,1,5,-1,24.3,3253770,299234396,0.0,11737.33401167953,10
4762,2,4,-1,12.0,3260000,296708598,0.0027149241378251194,1650.3982588846593,2
4763,1,9,1,11.1,3300000,297461156,0.0006753819883046304,11489.061722085995,6
4764,1,5,-1,24.8,3320720,298784529,0.0,11737.33401167953,10
4765,4,4,1,18.74,3350000,297590968,0.0022428150219275743,1518.0969222880115,4
4766,1,3,-1,16.0,3350000,296914920,0.0008718494729824002,9121.077315870647,15
4767,15,23,-1,28.5,3400000,295277584,0.0003632118255808019,11948.790347409951,15
4768,4,4,1,21.54,3400000,297590975,0.0022428150219275743,1518.0969222880115,4
4769,9,9,1,25.19,3430000,298883384,0.0,30951.440790691602,11
4770,19,24,1,20.8,3490000,285510881,0.0,6146.635440363442,10
4771,2,4,1,12.6,3498000,299009967,0.0012826642338536075,3207.9084365269487,3
4772,7,26,-1,15.85,3499000,297902679,0.0007039446772584923,10795.787246676255,7
4773,2,4,1,16.0,3490000,296781160,0.0009333699048231018,2026.6621337026502,2
4774,1,3,1,18.7,3500000,292846465,0.0,5011.112897450391,17
4775,3,5,1,18.0,3500000,296924716,0.0013177905875282005,10764.161472115236,15
4776,4,7,1,17.2,3500000,296647096,0.0015241747221160689,7703.157134839432,7
4777,17,22,1,20.7,3550000,295691390,0.0002696479338147965,12593.691050004429,10
4778,4,4,1,19.94,3570000,297590970,0.0022428150219275743,1518.0969222880115,4
4779,19,25,1,22.56,3600000,294769913,0.00022643209473604165,14251.829087741482,15
4780,13,19,1,20.4,3600000,294089684,0.0,6146.635440363442,10
4781,1,9,-1,19.6,3600000,286331204,0.0004035873926744313,10375.201126233287,10
4782,19,24,1,19.0,3600000,298406704,0.0,11528.776913752932,10
4783,2,5,1,17.0,3699000,297193896,0.0038613510172042036,1409.631443656909,2
4784,9,19,1,20.4,3690000,292390889,0.0,6146.635440363442,10
4785,22,23,1,20.2,3748000,296395763,0.0002344533008600705,12528.171174541849,10
4786,9,26,-1,13.24,3700000,297051641,0.0007039446772584923,10795.787246676255,7
4787,6,22,-1,19.5,3700000,298678147,0.0014107389038103138,14596.590363717605,6
4788,16,18,1,20.6,3750000,292565971,0.00022603116275550755,6146.635440363442,10
4789,1,4,-1,21.9,3750000,294453489,0.0012479429289196117,4195.219285049117,3
4790,21,24,1,24.3,3800000,299504832,0.0002643599155319107,13791.994911995893,15
4791,15,24,1,20.7,3800000,296113075,0.0002588029109448147,12573.394059006734,10
4792,3,18,1,19.7,3800000,297913344,0.0,6146.635440363442,10
4793,5,18,1,20.0,3850000,293144046,0.0,6146.635440363442,10
4794,1,5,1,13.1,3899999,299644293,0.0014378049568975599,2316.453678036363,2
4795,3,12,1,29.0,3890000,298736263,0.0,7739.99084415215,16
4796,12,21,1,20.2,3850000,287827148,0.0,6146.635440363442,10
4797,13,24,1,21.8,3850000,297543571,0.0,6146.635440363442,10
4798,4,16,1,23.1,3900000,298878358,0.0,12199.125618763708,14
4799,1,5,-1,28.8,3915648,299610358,0.0,11737.33401167953,10
4800,16,24,1,18.6,3900000,280428734,0.0,11528.776913752932,10
4801,1,5,1,11.2,3990000,298226517,0.0023739038278007174,3067.422545831851,2
4802,13,19,-1,24.4,3950000,279883263,0.0012819099508136521,10045.990453832945,15
4803,16,24,1,27.0,3950000,295292418,0.00023624053360519893,14076.095534303193,15
4804,8,12,1,23.35,3950000,295933544,0.0002260399891812572,14868.378247345438,18
4805,2,5,1,15.0,3980000,294573849,0.0018568308882799243,2638.4441073068733,2
4806,5,5,1,16.3,3990000,279491290,0.000875831873664694,3666.2268953224034,2
4807,19,25,1,22.2,4000000,285798856,0.00022603116275550755,6146.635440363442,10
4808,2,18,-1,30.7,4000000,292271572,0.0012819099508136521,10045.990453832945,15
4809,10,23,1,25.5,4000000,294573455,0.00020090459612260604,11455.946108397104,10
4810,15,26,-1,14.17,4040835,295141833,0.0007635639818742751,10895.010689337967,7
4811,1,7,-1,12.0,4000000,299036229,0.0002780300415596246,3838.5152435888517,3
4812,6,22,-1,22.5,4050000,298678644,0.0014107389038103138,14596.590363717605,6
4813,23,24,1,24.8,4100000,299120023,0.00022884927635660222,14177.3315575506,15
4814,2,3,1,20.71,4100000,284892762,0.0005700024966386999,12141.714975439849,6
4815,8,11,1,22.0,4100000,293859883,0.0003417153875294072,15411.872673248976,18
4816,7,12,1,22.96,4128000,297670832,0.00037699849570794114,14868.378247345438,18
4817,7,23,1,23.0,4100000,297311083,0.00020090459612260604,11455.946108397104,10
4818,1,3,1,19.3,4190000,298727158,0.0,5011.112897450391,17
4819,18,25,1,19.8,4190000,298795756,0.000283102806555371,12598.488539637108,9
4820,20,20,-1,23.0,4150000,297954250,0.0014107389038103138,14596.590363717605,6
4821,17,24,1,21.1,4200000,296021394,0.0,12573.394059006734,10
4822,3,3,1,23.16,4200000,287715396,0.0005700024966386999,12141.714975439849,6
4823,1,6,1,27.0,4200000,290453206,0.0,15634.20093863683,13
4824,18,23,1,26.7,4200000,298783339,0.0,6146.635440363442,10
4825,8,15,1,23.0,4299000,296738869,0.00038651388364834824,14251.829087741482,15
4826,19,23,1,21.0,4290000,298690810,0.0,11455.946108397104,10
4827,16,25,1,19.4,4300000,292859314,0.000283102806555371,12598.488539637108,9
4828,10,15,1,17.0,4300000,297459991,0.00032360434362208143,7046.510636296909,10
4829,4,4,1,23.64,4340000,297590952,0.0022428150219275743,1518.0969222880115,4
4830,19,24,1,26.6,4300000,295048650,0.0005012110246217967,14689.543664221206,18
4831,1,5,1,13.7,4300000,297470500,0.0014124176145076826,3592.914305254168,2
4832,6,13,1,24.0,4300000,299666392,0.0,15718.84301528967,13
4833,21,25,1,24.2,4300000,298106423,0.00033678485698619383,18483.67242398829,15
4834,10,12,1,23.6,4300000,299096396,0.0,15718.84301528967,13
4835,9,13,1,23.33,4350000,297415593,0.0002545638473059476,11649.043416710198,9
4836,11,25,1,29.1,4380000,299422671,0.00020858245022024993,12095.030275503728,10
4837,2,24,1,27.1,4390000,299111248,0.00026364257198529693,13779.025723028972,15
4838,14,26,-1,15.67,4449134,295219232,0.0007635639818742751,10895.010689337967,7
4839,3,25,1,19.1,4450000,297410237,0.0002983258798272942,12673.196410644961,9
4840,16,26,1,29.7,4499000,294174097,0.0,14463.58123889753,6
4841,3,14,-1,15.0,4500000,298092139,0.0014891607555083642,4688.48702828846,6
4842,4,16,1,24.2,4535000,296598369,0.0,17728.839281937904,15
4843,9,13,1,24.6,4500000,298804288,0.0,16195.452893155849,13
4844,2,5,1,16.45,4524000,296301804,0.005462567465895584,2601.6558597002636,2
4845,17,27,1,28.7,4549999,299563800,0.0012118628549632822,14428.167988401361,6
4846,3,5,1,26.0,4500000,280186617,0.0031975694888727903,2370.762346358758,2
4847,1,5,1,15.0,4500000,299044444,0.0015558180004700416,3104.1074212619606,3
4848,14,14,1,26.0,4500000,275136349,0.0,14994.87702447485,6
4849,7,24,1,23.0,4500000,298340784,0.0,14739.642872447726,18
4850,5,5,1,26.0,4500000,292996297,0.0004606735655088955,3008.9336921829167,3
4851,9,12,1,23.27,4500000,297328644,0.00026305481733129296,11696.858650169766,9
4852,6,12,1,22.69,4550000,296570095,0.00021049929259648887,17592.016998390987,15
4853,1,21,1,27.0,4580000,299070061,0.00029704015052837626,11437.876198524329,9
4854,1,4,1,21.56,4550000,298751778,0.0006447340979831498,4399.049157707558,2
4855,25,25,1,26.9,4550000,295326135,0.00032680433545172075,18666.342618609306,15
4856,2,8,1,24.5,4550000,280239713,0.0,16346.415669982676,13
4857,11,11,1,20.1,4550000,299385634,0.00033705367101406514,15374.23822019453,18
4858,2,5,-1,15.7,4580000,288741608,0.0002962738946441572,3363.7595604050452,4
4859,12,12,1,23.95,4550000,299127798,0.0,15718.84301528967,13
4860,25,27,1,28.2,4600000,298213132,0.0012118628549632822,14428.167988401361,6
4861,21,24,1,25.46,4600000,287733598,0.00033382031562339057,13268.125886230826,9
4862,10,12,1,27.5,4600000,297850837,0.0,15929.967683458499,13
4863,3,13,1,24.05,4600000,297324722,0.0002545638473059476,11649.043416710198,9
4864,4,5,1,24.3,4600000,298090734,0.0,20856.209958138086,18
4865,2,26,1,21.7,4650000,298260224,0.0002956335907695702,12598.488539637108,9
4866,3,25,1,26.2,4690000,298153934,0.00032746060582986144,15902.258200024806,18
4867,3,8,1,21.0,4650000,296710892,0.001136475382394874,2725.0778150929004,4
4868,3,8,1,26.2,4650000,296513351,0.0,16374.336100202292,13
4869,2,5,1,25.6,4690000,299436792,0.0,20974.916248211106,7
4870,4,6,1,18.6,4700000,293953297,0.0,3390.7140352037995,3
4871,2,3,-1,26.5,4716000,297885084,0.0008743492691529807,15476.559125566497,15
4872,2,4,1,18.0,4700000,295676672,0.0024386210738883787,2398.888228147112,2
4873,11,13,1,21.9,4799000,296705193,0.00026305481733129296,11696.858650169766,9
4874,3,4,1,24.0,4750000,288276065,0.0,24440.799027700927,18
4875,14,19,1,26.0,4750000,297108112,0.0,20433.736543442858,6
4876,21,21,1,21.56,4790000,297137320,0.00022643209473604165,14251.829087741482,15
4877,16,21,1,22.09,4790000,296266051,0.00022643209473604165,14251.829087741482,15
4878,17,18,1,21.4,4790000,290404279,0.00024227223589795465,12296.961077118909,15
4879,3,5,1,25.05,4750000,290510567,0.0,27957.191210343335,18
4880,13,14,1,23.95,4800000,292048587,0.0002545638473059476,11649.043416710198,9
4881,10,25,1,19.9,4800000,297496263,0.00028621316098083175,12639.05261274503,9
4882,4,14,1,24.3,4849999,297208637,0.0002256597473337446,12415.559347039145,9
4883,3,25,1,25.8,4890000,284056829,0.0002659047104840115,13196.368533848994,9
4884,2,4,1,24.4,4900000,296779531,0.0,24440.799027700927,18
4885,9,23,1,27.0,4900000,299611479,0.0,5413.5533403997,18
4886,8,16,1,22.1,4900000,299269825,0.000600437610663012,9567.53489441851,15
4887,10,14,1,21.35,4900000,298526498,0.0,11696.858650169766,9
4888,23,25,1,23.6,4930000,294629236,0.00027323079736214355,11741.847899500184,9
4889,4,5,1,32.1,4900000,290974377,0.0,19991.67797961531,7
4890,9,25,1,24.5,4900000,298063471,0.0002379581281802749,12095.500280066664,9
4891,6,20,1,23.2,4950000,293952418,0.0002075430384640953,11327.623785697917,13
4892,4,4,1,25.8,4990000,298851049,0.0,24440.799027700927,18
4893,2,3,-1,27.7,4999850,298832401,0.0008743492691529807,15476.559125566497,15
4894,15,15,1,23.8,4990000,297936140,0.0,14199.209546508559,7
4895,5,23,1,30.6,4950000,289120002,0.0002937259472524398,13962.330784206522,15
4896,1,3,1,25.9,4990000,298067338,0.0008718494729824002,9121.077315870647,15
4897,1,18,1,27.05,4999000,296062824,0.0002102812720501199,12640.862380190754,9
4898,13,19,-1,28.4,4950000,295807228,0.00023795578207417962,6085.950014741629,4
4899,16,16,1,28.0,4950000,299163627,0.00027057327561463986,11644.812047084919,9
4900,1,4,-1,12.4,4990000,299026979,0.0004303934906314238,2479.9109140824203,3
4901,5,5,1,25.17,4950000,291271448,0.0,27899.34429337493,18
4902,18,25,1,29.2,5015000,299054999,0.00023547763530326667,12273.424512294785,9
4903,20,25,1,21.0,5000000,297409782,0.0003840625205476527,16474.424782628535,6
4904,6,24,1,26.7,5000000,293719803,0.0010943881199380347,14463.58123889753,6
4905,11,19,-1,22.9,5000000,299103462,0.00022693470752259995,6283.947923630841,4
4906,20,20,1,24.0,5000000,294422779,0.0,11327.623785697917,13
4907,6,14,-1,20.9,5000000,292798336,0.0014891607555083642,4688.48702828846,6
4908,12,12,1,27.0,5000000,298056111,0.0,16195.452893155849,13
4909,13,16,1,24.9,5050000,298224865,0.00024102393991776183,12202.025144415475,9
4910,4,14,1,24.0,5050000,293803882,0.0002256597473337446,12415.559347039145,9
4911,13,19,1,28.4,5090000,297452972,0.0,6085.950014741629,4
4912,13,13,1,21.3,5100000,299558859,0.00026305481733129296,11696.858650169766,9
4913,2,5,1,27.57,5100000,299134820,0.0,19567.577231775416,7
4914,3,4,1,24.3,5100000,279154958,0.0,16511.807917102382,13
4915,8,12,1,24.7,5100000,298746009,0.0,16307.451776707638,13
4916,9,25,1,28.46,5110000,298343462,0.00021340357108143535,12541.880350432613,9
4917,10,25,1,26.62,5110000,297885353,0.00021340357108143535,12541.880350432613,9
4918,6,15,-1,26.0,5100000,294824502,0.0005778493955201712,9869.103154983173,15
4919,18,24,1,23.9,5100000,297806607,0.00027057327561463986,11644.812047084919,9
4920,3,5,-1,16.7,5100000,295103684,0.0005429833636960319,3363.7595604050452,4
4921,5,18,1,23.43,5190000,293755356,0.0004740114023914787,5846.467099980962,4
4922,25,26,1,24.57,5150000,296027142,0.0002379581281802749,12095.500280066664,9
4923,17,25,1,24.1,5150000,293424624,0.0002487397775629381,12003.10279007954,9
4924,15,18,-1,29.0,5150000,292571474,0.0004677290840572663,6085.950014741629,4
4925,5,5,1,22.5,5155000,297370259,0.0,20092.041455185292,7
4926,20,24,1,27.0,5200000,297850832,0.0002379581281802749,12095.500280066664,9
4927,3,4,1,24.3,5200000,298070903,0.0,16511.807917102382,13
4928,4,5,1,25.4,5200000,298689217,0.0,20859.281613282412,7
4929,7,26,-1,16.75,5250000,282723850,0.0007635639818742751,10895.010689337967,7
4930,10,18,1,24.3,5250000,298491576,0.0004018316643320441,9431.2627601111,15
4931,3,25,1,25.18,5300000,297472819,0.00024098316206299042,12215.550686618637,9
4932,12,18,-1,17.0,5300000,298068179,0.00573409307627456,7004.55980333839,14
4933,6,25,1,25.62,5300000,299068214,0.00021340357108143535,12541.880350432613,9
4934,7,8,1,23.8,5300000,280249213,0.0,16414.268937628865,13
4935,9,28,1,33.2,5300000,297048239,0.0007675845819468116,13439.80554697836,6
4936,5,14,-1,23.0,5300000,296699218,0.0014891607555083642,4688.48702828846,6
4937,10,25,1,26.0,5300000,299166160,0.00023547763530326667,12273.424512294785,9
4938,19,25,1,24.1,5300000,299416299,0.00024388505558262498,12132.825810790735,9
4939,5,5,1,28.0,5350000,293901878,0.0,19894.713539770073,7
4940,4,4,1,25.59,5350000,296087423,0.0,16877.695165155063,13
4941,4,14,-1,23.7,5390000,298136850,0.001117122811624262,6300.230645522835,6
4942,2,25,1,26.0,5350000,299294558,0.00021340357108143535,12541.880350432613,9
4943,9,28,1,30.0,5390000,295443052,0.0005724211456602737,15725.230606127614,6
4944,4,5,1,26.3,5350000,298689118,0.0,20640.005498273917,7
4945,21,22,-1,25.0,5350000,297988869,0.0008937889402658311,12301.674795214187,7
4946,15,18,1,27.0,5400000,298662192,0.0002102812720501199,12640.862380190754,9
4947,3,26,1,30.0,5400000,293529072,0.000964376086689064,14183.652813057155,6
4948,11,25,1,26.0,5400000,294881712,0.0002529086954241885,11948.58715155841,9
4949,27,27,1,28.35,5400000,298367188,0.0005723658175154655,15582.625471191863,6
4950,16,27,1,24.2,5400000,292982453,0.0008573324092000799,15138.332291834404,6
4951,13,25,1,25.13,5499000,285802245,0.00021340357108143535,12541.880350432613,9
4952,2,4,1,26.0,5490000,298804377,0.0003710066622400531,2948.7600430891544,3
4953,4,11,-1,23.7,5450000,298980162,0.001117122811624262,6300.230645522835,6
4954,13,25,1,26.37,5550000,296521395,0.0002379581281802749,12095.500280066664,9
4955,2,6,1,26.0,5550000,294773914,0.00036506953440168993,1770.3361878104727,1
4956,5,6,1,25.0,5500000,299584211,0.0,45979.087033098025,5
4957,12,25,1,24.2,5550000,294866919,0.00025418854743178163,12004.2171034352,9
4958,19,30,-1,26.36,5500000,284906036,0.007110063937183005,12874.744581128427,7
4959,2,3,-1,30.7,5526000,296663301,0.0008743492691529807,15476.559125566497,15
4960,3,3,-1,27.9,5580000,289530582,0.0008743492691529807,15476.559125566497,15
4961,7,26,1,27.0,5500000,289004645,0.0,20407.835771846836,6
4962,5,18,1,22.0,5500000,295936665,0.0008838902090264813,13224.571003676321,7
4963,1,5,1,30.0,5500000,297119803,0.0,27064.007937987124,16
4964,9,14,-1,20.7,5500000,286934792,0.0045050103115924145,7216.140091758326,17
4965,6,18,1,26.0,5500000,291963671,0.0004740114023914787,5846.467099980962,4
4966,2,27,1,29.85,5540000,297445703,0.0005231647690090424,15810.221679202425,6
4967,3,3,1,18.44,5500000,296979347,0.0022675803178252678,3290.3675594456704,2
4968,8,25,1,24.3,5600000,297743667,0.00023547763530326667,12273.424512294785,9
4969,4,4,1,24.7,5600000,299641512,0.0,16560.137543122513,13
4970,12,25,1,24.3,5600000,299628126,0.00025418854743178163,12004.2171034352,9
4971,11,13,1,25.65,5600000,298057461,0.00022607882212796697,12125.948098145518,9
4972,4,4,1,30.92,5640000,297590963,0.0022428150219275743,1518.0969222880115,4
4973,7,11,-1,22.37,5600000,292799558,0.001117122811624262,6300.230645522835,6
4974,3,5,1,28.4,5600000,298689188,0.0,20640.005498273917,7
4975,10,13,-1,24.5,5650000,296612017,0.0007687356993046883,9125.507997916624,15
4976,3,6,1,28.0,5650000,283509182,0.0017610554965882038,4160.96529735023,14
4977,22,24,1,22.0,5650000,290456237,0.0,14183.652813057155,6
4978,8,24,1,22.8,5650000,298701832,0.0007836700701320659,12850.944901875844,17
4979,5,24,1,30.0,5700000,295333461,0.0018336118381774905,14333.427763931471,6
4980,9,12,-1,25.6,5700000,297170185,0.0,8141.625356178658,17
4981,11,24,1,24.4,5700000,295895938,0.00027057327561463986,11644.812047084919,9
4982,8,25,1,27.7,5799000,293236944,0.0002256597473337446,12415.559347039145,9
4983,21,23,1,26.9,5810000,293806538,0.0,9229.716397845588,15
4984,8,21,-1,23.7,5800000,298161714,0.004488888134094729,12900.75176247422,7
4985,13,18,1,23.8,5800000,298699780,0.0004740114023914787,5846.467099980962,4
4986,10,19,1,22.0,5800000,294252786,0.0005114451508966401,5979.765977627226,4
4987,8,13,1,24.0,5880000,297878632,0.0002545638473059476,11649.043416710198,9
4988,15,18,1,27.0,5870000,295813264,0.0,12095.500280066664,9
4989,20,24,1,25.2,5850000,297697529,0.00044456322009760684,10330.99194070159,9
4990,18,19,1,29.1,5850000,299519152,0.0014760939313429426,14411.675537264611,6
4991,13,20,1,19.8,5850000,296126120,0.0,6324.232956558343,4
4992,14,25,1,27.0,5890000,297316966,0.00023547763530326667,12273.424512294785,9
4993,16,17,1,26.7,5850000,295935724,0.0002379581281802749,12095.500280066664,9
4994,6,19,1,25.6,5850000,298783399,0.00032521144689662707,11163.820547803192,9
4995,21,21,1,28.6,5850000,295995211,0.0,12388.234523007119,13
4996,15,15,1,26.0,5850000,285914634,0.0007921920010574417,12641.607069023445,6
4997,9,18,-1,24.6,5950000,298755288,0.00573409307627456,7004.55980333839,14
4998,16,18,1,26.75,5980000,296565925,0.0002379581281802749,12095.500280066664,9
4999,1,4,1,24.6,5900000,292050811,0.0,16270.027878309651,13
5000,7,16,1,22.15,5900000,293304958,0.0005811248308225431,5607.5061126867595,8
5001,5,18,-1,19.3,5990000,299188543,0.00573409307627456,7004.55980333839,14
5002,10,22,-1,26.2,6000000,289345663,0.0008937889402658311,12301.674795214187,7
5003,5,11,1,25.0,6000000,291883006,0.00027522733645506386,11674.25170483805,9
5004,4,18,1,22.9,6000000,298964435,0.0,8667.908954139366,15
5005,6,23,1,25.0,6090000,298684136,0.0003756592735079922,6555.112627973172,8
5006,2,25,1,22.52,6090000,298924485,0.0004313287169346143,10216.426469909313,13
5007,3,15,1,28.83,6100000,287614607,0.00026914340367023505,11800.89970321194,9
5008,8,18,1,28.29,6100000,294175360,0.0004740114023914787,5846.467099980962,4
5009,5,19,1,26.2,6100000,297215984,0.0005127798178058464,12045.67652808216,7
5010,15,25,1,26.0,6150000,298527434,0.00047473003392593956,10137.976577031504,9
5011,4,17,1,27.2,6150000,296719458,0.0003386799533622719,9326.088106784471,9
5012,7,25,1,26.7,6200000,297129863,0.00046848404751336203,9133.38843434679,9
5013,11,15,1,26.26,6200000,292334931,0.0004826532168459157,8156.58656236163,15
5014,2,3,-1,28.4,6248000,298832417,0.0008743492691529807,15476.559125566497,15
5015,4,24,1,25.0,6230000,297090351,0.0004262980956963042,10421.968098568183,9
5016,8,16,-1,28.5,6150000,294164416,0.001928971010717876,12537.600173202503,6
5017,12,25,1,31.2,6200000,298100864,0.0007007155819791508,6533.132316565973,9
5018,13,15,1,23.9,5950000,299127926,0.000636758317053478,7637.302897299916,15
5019,6,23,1,30.4,6150000,298806561,0.00025779438961899,13715.730091226465,15
5020,9,18,1,42.6,6150000,293101780,0.0,18988.52352340949,13
5021,7,13,1,29.5,6150000,286917962,0.0,12202.86845421734,9
