,floor,floors_count,rooms_count,total_meters,price,district,street,house_number,underground,cian_id
0,7,9,1,42.3,16835400,Петроградский,Петровский проспект,9к2,Спортивная,298367029
1,4,19,1,35.0,11850000,Василеостровский,Морской,,Приморская,275227744
2,2,12,1,35.78,10169034,Выборгский,Светлановское,,Удельная,293271886
3,4,25,1,37.0,10500000,Приморский,Байконурская ,26,Комендантский проспект,297442986
4,2,12,1,36.56,10142475,Выборгский,Светлановское,,Удельная,293271702
5,10,16,1,44.0,10000000,Приморский,Комендантский проспект,17к1,Комендантский проспект,298702714
6,3,16,1,34.5,10153567,Выборгский,Шувалово-Озерки,,Проспект Просвещения,297057902
7,4,8,1,38.5,17500000,Петроградский,Ремесленная ,17,Василеостровская,298588228
8,11,15,1,46.3,11949999,Красногвардейский,переулок Уткин,,,297849170
9,10,13,1,42.78,11850000,Выборгский,Светлановское,,Удельная,299208708
10,6,7,1,65.36,22733515,Василеостровский,11-я Васильевского острова линия,56,Василеостровская,293435902
11,9,13,1,30.8,8000000,Приморский,Планерная ,91к2,Комендантский проспект,297243992
12,4,12,1,42.46,16151784,Выборгский,Сампсониевское,,Выборгская,299465242
13,2,17,1,48.0,14500000,Выборгский,Зеленогорская ,7,Пионерская,299595690
14,11,14,1,34.16,13079999,Красногвардейский,проспект Энергетиков,2,,279351973
15,4,12,1,33.01,11400000,Выборгский,Светлановское,,Удельная,297726567
16,6,11,1,40.46,16960832,Красногвардейский, Стахановцев,1,Новочеркасская,299636558
17,9,16,1,46.6,11350000,Выборгский,проспект Тореза,44к2,Площадь Мужества,299399518
18,3,5,1,35.29,6114825,Московский,Пулковский меридиан,,Международная,299379820
19,12,25,1,40.0,6890000,Красносельский,Ленинский проспект,51,Ленинский проспект,299378118
20,3,23,1,62.1,20989800,Выборгский,аллея Академика Лихачева,7,Площадь Мужества,299451100
21,11,12,1,32.59,5800000,Красносельский,проспект Ветеранов,173к7,,297722654
22,3,8,1,39.3,19118473,Петроградский,Петровский проспект,22к2,Крестовский остров,293496609
23,1,14,1,37.7,5950000,Красносельский,Брестский бульвар,11/36,Ленинский проспект,296856031
24,2,9,1,35.99,11849999,Адмиралтейский, Шкапина,43-45,Балтийская,299481340
25,8,10,1,40.7,13850000,Приморский,Белоостровская ,28,Черная речка,299006414
26,3,12,1,47.4,16225848,Курортный,Приморское шоссе,570Л,,289388509
27,1,13,1,36.3,6100000,Красносельский, Летчика Лихолетова,14к2,Проспект Ветеранов,298375223
28,2,9,1,29.11,7535060,Красносельский, Тамбасова,5,Проспект Ветеранов,298331096
29,3,4,1,29.6,4913600,Красносельский,Стрельнинское шоссе,3а,Ленинский проспект,297719432
30,15,16,1,46.0,14150000,Московский,Московский проспект,103к6Й,Московские ворота,295197899
31,7,12,1,32.2,7600000,Приморский,Озеро Долгое,15к3,Старая Деревня,272257905
32,5,25,1,51.4,9406200,Калининский,Светлановский проспект,121к1,Гражданский проспект,292061882
33,3,4,1,45.0,7999999,Петродворцовый,Красносельское шоссе,22,Ленинский проспект,298687821
34,19,24,1,34.5,6234150,Приморский, Ивинская,19к1,Комендантский проспект,297361104
35,2,4,1,31.0,5487000,Красносельский,Стрельнинское шоссе,3а,Проспект Ветеранов,290174351
36,6,19,1,37.81,11799999,Василеостровский,Морской,,,291595620
37,9,19,1,39.7,6790000,Василеостровский,бульвар Александра Грина,1,Приморская,298895332
38,2,8,1,21.88,11933352,Петроградский,Пионерская ,53,Чкаловская,298529949
39,4,20,1,36.0,9890000,Красносельский, Катерников,7,Проспект Ветеранов,298574187
40,2,8,1,39.5,17241750,Петроградский,Петровский проспект,28к2,Крестовский остров,298461605
41,4,25,1,50.4,10600000,Московский,Витебский проспект,97к1,Купчино,296238884
42,6,9,1,27.62,11213489,Красногвардейский, Помяловского,,Новочеркасская,298322048
43,5,9,1,29.0,8500000,Приморский,Богатырский проспект,3К1,Пионерская,297427106
44,2,7,1,39.66,17309948,Василеостровский,Васильевский,,Василеостровская,298267736
45,5,11,1,41.7,9690000,Московский,Детский переулок,2,Московские ворота,277269506
46,4,10,1,35.0,13230000,Красногвардейский,Большая Охта,,Площадь Ленина,296337346
47,5,8,1,35.6,14000000,Петроградский,Петровский,,Спортивная,299108127
48,1,8,1,76.5,22950000,Петроградский,Петровский проспект,24к2,,296753880
49,7,16,1,40.6,19500000,Московский,Варшавская ,6к2,Электросила,299467095
50,7,7,1,58.7,28500000,Адмиралтейский,Звенигородская ,7к2,Звенигородская,268560184
51,4,19,1,42.0,16700000,Адмиралтейский,Московский проспект,73к5,Фрунзенская,298331683
52,3,14,1,31.5,10800000,Фрунзенский,Волковское,,Волковская,299536424
53,3,20,1,70.35,19000000,Приморский,Ушаковская набережная,1к3А1,Черная речка,297086499
54,2,9,1,47.5,19450000,Центральный,Лиговка-Ямская,,Площадь Восстания,299131351
55,5,5,1,42.0,8450000,Пушкинский, Образцовая,5к1,,297617210
56,9,20,1,34.59,10189999,Василеостровский, Челюскина,8,,279507019
57,4,10,1,41.3,16000000,Московский,Московский проспект,72к2,Фрунзенская,299192913
58,4,23,1,32.62,6207564,Приморский, Ивинская,1к2,Зенит,298977574
59,4,4,1,40.3,5964400,Красносельский,Стрельнинское шоссе,3а,Проспект Ветеранов,298267433
60,3,8,1,40.5,20456954,Петроградский,набережная Реки Карповки,31к1,Спортивная,299196217
61,6,23,1,38.7,6990000,Пушкинский,Школьная ,17,Звездная,293573680
62,22,27,1,33.77,7799904,Выборгский,проезд Толубеевский,34к2,,297361344
63,6,9,1,36.6,9000000,Василеостровский, Кораблестроителей,19К1,Приморская,299139282
64,4,9,1,48.59,18464200,Приморский,Чёрная речка,,Черная речка,297998330
65,2,20,1,33.5,10990000,Приморский,Комендантский проспект,63,Комендантский проспект,299243910
66,8,18,1,36.68,11089999,Василеостровский,Морской,,,299606353
67,6,6,1,37.2,10000000,Василеостровский,8-я Васильевского острова линия,77,Василеостровская,295258416
68,3,9,1,26.91,10497494,Василеостровский,7-я Васильевского острова линия,84,Василеостровская,291720442
69,6,13,1,34.56,8100000,Василеостровский, Чирикова,5,Приморская,299517113
70,7,9,1,43.77,16990000,Петроградский,Петроградская набережная,38,Горьковская,296121150
71,4,7,1,36.0,9999000,Адмиралтейский,Можайская ,37-39,Пушкинская,299667280
72,11,12,1,39.6,15444000,Приморский,Белоостровская ,7,Лесная,293956325
73,4,8,1,37.6,12100000,Красногвардейский,шоссе Революции,12к2,Новочеркасская,298169679
74,2,12,1,33.32,12700151,Василеостровский,Уральская ,,Василеостровская,295505639
75,2,10,1,33.18,6400000,Красносельский,проспект Ветеранов,169к6,Проспект Ветеранов,292885053
76,2,9,1,54.71,21008640,Центральный,проспект Бакунина,,Площадь Александра Невского,299495918
77,11,24,1,36.2,5980000,Невский, Русановская,18к6,Ломоносовская,287506866
78,3,9,1,64.44,29809944,Василеостровский,20-я Васильевского острова линия,19,Спортивная,297998589
79,11,29,1,47.7,11300000,Выборгский,Выборгское шоссе,15,Проспект Просвещения,297370904
80,3,9,1,32.97,11450250,Невский,Невская застава,,Елизаровская,299493888
81,3,13,1,36.2,7550000,Приморский,проспект Авиаконструкторов,63,Комендантский проспект,292934116
82,6,10,1,37.12,15122688,Приморский,Лисичанская ,22,Черная речка,297998586
83,5,8,1,46.9,17300000,Петроградский,Петровский проспект,22к2,Крестовский остров,296170905
84,3,13,1,36.1,10121000,Выборгский,Сампсониевское,,Лесная,298767273
85,1,5,1,36.4,6150000,Приморский,проспект Юнтоловский,49к6,,269178916
86,2,15,1,37.42,8085854,Красногвардейский,проспект Энергетиков,6,Ладожская,291938304
87,2,26,1,38.6,8600000,Фрунзенский,Дунайский проспект,55к1,Дунайская,298854923
88,2,10,1,33.5,11004750,Выборгский,Светлановское,,Удельная,296753669
89,6,13,1,36.42,6880000,Приморский,м. Комендантский проспект,,Комендантский проспект,291099462
90,3,11,1,38.07,13478684,Московский,Благодатная ,50,Электросила,299555564
91,3,9,1,39.1,16200000,Выборгский, Александра Матросова,3,Лесная,297217133
92,7,9,1,42.7,16789640,Петроградский,Петровский проспект,9к2,Спортивная,298367006
93,5,16,1,36.8,12320000,Приморский,Богатырский проспект,25к1,Комендантский проспект,299561227
94,4,8,1,34.68,14704320,Петроградский,Ремесленная ,,Спортивная,294545051
95,6,10,1,33.3,5550000,Приморский, Репищева,19К1,Комендантский проспект,295161407
96,2,12,1,31.27,9600249,Невский,Невская застава,,Елизаровская,299626005
97,4,10,1,41.1,8490000,Невский,Глазурная ,2,Площадь Александра Невского,298705717
98,3,5,1,39.01,18432225,Василеостровский,,,Горный институт,298861014
99,9,11,1,37.7,8750000,Кировский,Дачный проспект,2к1,Проспект Ветеранов,296514485
100,2,12,1,34.65,12150039,Выборгский,Светлановское,,Удельная,295123198
101,6,9,1,30.2,8700000,Кировский,бульвар Новаторов,116,Проспект Ветеранов,299389917
102,3,10,1,41.98,20150400,Московский,Московский проспект,72к2,Фрунзенская,267475944
103,6,7,1,39.9,16799000,Выборгский,проспект Энгельса,2,Пионерская,298623712
104,8,12,1,38.06,10995534,Приморский,проспект Авиаконструкторов,54,Комендантский проспект,266866924
105,9,10,1,33.5,9100000,Приморский, Ильюшина,2,Комендантский проспект,296429310
106,10,24,1,41.5,14550232,Невский,Фарфоровская ,9,Ломоносовская,294535347
107,1,9,1,31.7,5600000,Красносельский, Летчика Пилютова,46,Проспект Ветеранов,299029630
108,4,25,1,32.7,6114900,Невский,Октябрьская набережная ЖК,,Елизаровская,297753065
109,1,5,1,51.5,13400000,Курортный,переулок Большой Литейный,44Д,Комендантский проспект,294205466
110,2,13,1,33.7,9886232,Фрунзенский,Волковское,1,Обводный канал,292739077
111,6,9,1,32.3,5800000,Калининский, Демьяна Бедного,30к1,Гражданский проспект,299186520
112,2,12,1,63.5,10960100,Московский,Московское шоссе,3к5,Звездная,294538515
113,4,7,1,47.4,14900000,Центральный,Полтавский проезд,2,Площадь Восстания,299206769
114,2,12,1,32.4,9150796,Фрунзенский,Волковское,5,Обводный канал,292512705
115,6,16,1,38.8,6150000,Красносельский, Маршала Захарова,50К1,Проспект Ветеранов,299071423
116,2,5,1,41.29,9207670,Выборгский, Береговая,12,Проспект Просвещения,294693178
117,12,29,1,39.4,8360000,Выборгский,Выборгское шоссе,15,Проспект Просвещения,292436369
118,2,13,1,35.67,8968318,Василеостровский,Гавань,,Горный институт,283800990
119,5,5,1,31.0,5900000,Красногвардейский,Таллинская ,27,Новочеркасская,291921103
120,15,15,1,32.03,10025390,Василеостровский,Гавань,12,Горный институт,298050421
121,7,13,1,45.3,7790000,Невский, Дыбенко,42,Улица Дыбенко,296548554
122,2,15,1,32.45,5839999,Выборгский,,,,297535249
123,11,17,1,38.6,7590000,Невский,проспект Пятилеток,16к3,Проспект Большевиков,298378211
124,2,12,1,32.67,9126691,Выборгский,Светлановское,,Удельная,293271694
125,3,9,1,43.0,16600000,Василеостровский,проспект Средний Васильевского острова,85,Горный институт,295206611
126,3,25,1,39.04,10090307,Приморский,Коломяжский проспект,13к2,Пионерская,297024768
127,12,14,1,39.8,15950000,Приморский,Белоостровская ,12,Лесная,298499897
128,3,13,1,37.6,9317922,Приморский,Планерная ,87к1,Комендантский проспект,292452929
129,16,25,1,35.2,7600000,Калининский,Кондратьевский проспект,64к9,Лесная,295268092
130,2,12,1,31.22,8600110,Московский,м. Ленинский проспект,,Ленинский проспект,299394257
131,18,24,1,35.5,6800000,Выборгский,Заречная ,15к1,Парнас,299096314
132,23,25,1,37.07,7531446,Приморский,набережная Реки Каменки,15к3,Проспект Просвещения,298056575
133,2,5,1,30.4,3790000,Колпинский,дорога На Петро-Славянку,2АБ,,296190867
134,8,16,1,42.17,12187130,Василеостровский,Гавань,,Приморская,298049969
135,9,14,1,45.77,9500000,Василеостровский,набережная Миклухо-Маклая,1к1,Приморская,299092760
136,11,12,1,45.51,13147839,Приморский, Плесецкая,2,Комендантский проспект,293371715
137,6,24,1,33.8,6100000,Невский, Русановская,18к3,Ломоносовская,298715153
138,10,13,1,34.55,7578888,Приморский,аллея Арцеуловская,9,Старая Деревня,299028880
139,4,4,1,33.9,16500000,Центральный,набережная Воскресенская,28,Чернышевская,295659991
140,2,15,1,36.9,10837530,Невский,Октябрьская набережная,57к3,Елизаровская,294544573
141,12,22,1,37.9,9480000,Калининский, Бутлерова,11к4,Академическая,294867847
142,3,25,1,26.0,4498000,Красногвардейский,Полюстрово,,Академическая,299364605
143,18,26,1,39.98,7200000,Выборгский, Брюлловская,3кЕ,Парнас,297486994
144,2,4,1,30.66,7100058,Петродворцовый,,,Автово,296006362
145,3,9,1,32.7,6000000,Красносельский, Тамбасова,28,Проспект Ветеранов,295682288
146,6,8,1,54.4,29376000,Петроградский,набережная Реки Карповки,27,Петроградская,280459325
147,1,10,1,40.5,5100000,Пушкинский,Пушкинская ,48,,292406186
148,2,4,1,28.71,5081670,Пушкинский,,,Купчино,296121371
149,7,10,1,38.4,6600000,Приморский, Репищева,19К1,Комендантский проспект,297075527
150,4,17,1,33.81,5292549,Невский,Невский,,,295183685
151,2,18,1,41.6,6250000,Красносельский,Ленинский проспект,55к1,Ленинский проспект,297989469
152,14,17,1,31.3,8100158,Невский,Невский,,Проспект Большевиков,297483173
153,17,17,1,39.4,7299000,Московский,Дунайский проспект,5к5,Звездная,295283735
154,10,12,1,30.5,6750092,Приморский,Коломяги,,Проспект Просвещения,299540719
155,14,14,1,41.0,7450000,Выборгский,Выборгское шоссе,23к2,Озерки,291808351
156,2,12,1,34.7,8241250,Красногвардейский,Партизанская ,5Б,Ладожская,299403387
157,5,12,1,34.5,6300000,Красногвардейский, Коммуны,32к2,Улица Дыбенко,296733100
158,2,23,1,34.58,7797790,Красносельский,Юго-Запад,,Автово,296181325
159,10,10,1,45.6,14000000,Приморский,Приморский проспект,54к2,Старая Деревня,298739677
160,3,12,1,37.51,9369698,Московский,Звёздное,,Звездная,298641812
161,14,23,1,31.3,4590000,Пушкинский,проспект Старорусский,6,Купчино,294020465
162,2,13,1,32.33,5857961,Пушкинский,,,Купчино,299533660
163,12,14,1,40.41,14900000,Приморский,Белоостровская ,12,Черная речка,297014130
164,6,12,1,32.65,8000213,Приморский,Коломяги,,Озерки,295028987
165,1,18,1,42.2,12600000,Фрунзенский,Белградская ,26к9,Международная,299398539
166,7,10,1,29.21,9055100,Выборгский, Курчатова,,Политехническая,298884866
167,2,19,1,32.0,8000000,Московский, Среднерогатская,16к2,Звездная,299099426
168,2,12,1,30.42,8200030,Московский,Новоизмайловское,,,299394245
169,24,24,1,41.0,6425000,Пушкинский,переулок Вилеровский,6,Звездная,297227985
170,3,5,1,24.89,6361000,Курортный,,,Беговая,296825881
171,6,19,1,33.54,8300000,Невский,Дальневосточный проспект,19к1,Новочеркасская,296212408
172,5,8,1,42.5,9881750,Приморский,Коломяги,,Проспект Просвещения,298650860
173,9,17,1,42.0,6800000,Красносельский,проспект Героев,24к1,Проспект Ветеранов,295879876
174,2,10,1,41.0,10050043,Приморский,проспект Авиаконструкторов,67к1,Комендантский проспект,296851449
175,15,17,1,33.7,7500000,Приморский,Богатырский проспект,51к1,Старая Деревня,294179154
176,3,12,1,25.43,5848900,Приморский,м. Комендантский проспект,,Комендантский проспект,294911486
177,12,14,1,37.0,7900000,Приморский,набережная Реки Каменки,19к4,Озерки,292434440
178,6,25,1,30.21,5452905,Красногвардейский,м. Гражданский проспект,,Гражданский проспект,299096348
179,16,24,1,34.7,6300000,Выборгский, Валерия Гаврилина,13к1,Парнас,295721078
180,2,5,1,33.4,6950155,Московский,Пулковское шоссе,71к19,Звездная,299582550
181,3,12,1,49.0,13900000,Московский,Сызранская ,23,Электросила,292112525
182,17,23,1,47.35,14915250,Московский,Гагаринское,,,292158183
183,12,14,1,35.44,8250000,Василеостровский,Гавань,,Приморская,289252855
184,2,5,1,32.7,5679249,Московский,Пулковский меридиан,,Проспект Славы,295852716
185,2,7,1,29.1,7750000,Петроградский, Профессора Попова,26,Петроградская,294941822
186,2,5,1,32.27,5900085,Московский,Пулковский меридиан,,Звездная,299178306
187,5,5,1,30.2,5500000,Калининский,Гражданский проспект,9К8,Площадь Мужества,299110914
188,2,15,1,39.5,8164532,Невский, Евдокима Огнева,3,Улица Дыбенко,296210633
189,5,5,1,31.1,5200000,Московский,проспект Космонавтов,30К3,Московская,297829100
190,3,4,1,26.22,5332010,Пушкинский, Образцовая,2,Купчино,293667114
191,10,10,1,33.8,6480000,Невский, Коллонтай,16К3,Проспект Большевиков,297849492
192,1,5,1,42.86,7434350,Колпинский,шоссе Рубежное,14,Рыбацкое,298649495
193,10,24,1,33.2,5000000,Невский, Русановская,20к1,Ломоносовская,297757839
194,2,4,1,32.01,5650117,Пушкинский,,,Купчино,296006316
195,7,9,1,33.4,5500000,Фрунзенский,Белградская ,42,Проспект Славы,297714144
196,5,12,1,42.77,9623250,Приморский,м. Комендантский проспект,,Комендантский проспект,294928453
197,4,9,1,30.0,6300000,Выборгский, Карбышева,6К1,Площадь Мужества,296836302
198,5,12,1,38.14,8581500,Приморский,м. Комендантский проспект,,Комендантский проспект,294928458
199,1,12,1,33.6,4800000,Калининский,проспект Культуры,5к1,,299382297
200,6,11,1,43.72,5500000,Пушкинский,,,Шушары,294086595
201,7,12,1,43.4,5300000,Выборгский, Жени Егоровой,12К2,Проспект Просвещения,299505788
202,2,6,1,27.35,4821250,Московский,Пулковский меридиан,,Звездная,297264189
203,2,5,1,30.2,4500000,Красногвардейский,Пискаревский проспект,155К2,Академическая,298731686
204,4,15,1,37.65,6529999,Выборгский,,,,297535002
205,10,12,1,38.3,7300000,Приморский,проспект Авиаконструкторов,39К1,Комендантский проспект,299135050
206,1,15,1,38.95,6579999,Выборгский,,,,297534950
207,4,7,1,42.9,24980000,Центральный,Таврическая ,37,Чернышевская,292857535
208,1,5,1,40.6,7171880,Пушкинский,Пулковское тер.,,Звездная,279688554
209,9,23,1,37.3,5850000,Невский, Русановская,17к4,Ломоносовская,297697704
210,2,4,1,36.31,6511000,Пушкинский,,,Купчино,296121559
211,9,12,1,38.1,7200000,Приморский,Камышовая ,32К1,Комендантский проспект,298608906
212,1,4,1,37.76,6282080,Пушкинский,,,Купчино,296121384
213,2,16,1,38.0,9990000,Василеостровский, Кораблестроителей,32к3,Приморская,298870704
214,4,4,1,32.3,6213600,Пушкинский,,,Купчино,296122330
215,13,19,1,44.8,8600000,Приморский,аллея Арцеуловская,23к1,Комендантский проспект,299321083
216,14,23,1,39.68,7691513,Приморский, Ивинская,1к4,Зенит,297885525
217,1,4,1,28.3,3500000,Колпинский,проспект Ленина,73,,299095339
218,1,5,1,39.07,6619325,Пушкинский,,,Звездная,292309429
219,15,23,1,39.8,7200000,Выборгский,Заречная ,10,Парнас,299357595
220,3,17,1,37.57,10064160,Калининский,Финляндский,,,298151321
221,15,24,1,36.95,6000000,Приморский, Ивинская,19к1,Беговая,289786509
222,14,23,1,34.37,6893604,Приморский, Ивинская,1к4,Зенит,298459515
223,8,24,1,32.4,7500000,Московский,Дунайский проспект,28к2,Звездная,299374819
224,8,23,1,33.92,6718950,Приморский, Ивинская,5к1,Зенит,297362013
225,10,16,1,44.0,8800000,Московский,Краснопутиловская ,76к2,Московская,294965679
226,10,15,1,36.46,6429999,Выборгский,,,,297535218
227,11,14,1,36.0,8888888,Приморский,Приморский проспект,145К3,Беговая,296734435
228,4,9,1,56.2,26153866,Центральный,Лиговка-Ямская,,Площадь Восстания,299131436
229,3,4,1,41.1,20990000,Центральный,набережная Воскресенская,26,Чернышевская,294111461
230,17,19,1,41.43,19709999,Василеостровский,Морской,,,279507904
231,8,9,1,41.7,13950000,Приморский,Фермское шоссе,12А,Удельная,298195620
232,17,19,1,40.03,18709999,Василеостровский,Морской,,,279507903
233,20,23,1,28.2,4950000,Невский, Русановская,18к3,Ломоносовская,297795562
234,8,17,1,35.82,9275234,Калининский,Финляндский,,,294621909
235,1,5,1,30.7,5400000,Калининский,проспект Науки,27,Академическая,297684712
236,4,9,1,33.72,9200731,Красносельский, Тамбасова,5,Проспект Ветеранов,295858926
237,8,12,1,36.2,5800000,Красногвардейский,проспект Наставников,12,Ладожская,291372451
238,13,17,1,36.84,9479160,Калининский,Финляндский,,,294621880
239,3,5,1,30.0,5500000,Выборгский, Орбели,31К2,Площадь Мужества,297994012
240,1,9,1,36.81,8578900,Красносельский, Тамбасова,5,Проспект Ветеранов,295859089
241,8,16,1,38.7,7650000,Приморский,Богатырский проспект,52к1,Комендантский проспект,299099830
242,8,14,1,40.5,15454071,Фрунзенский,Волковское,,Волковская,299131844
243,5,10,1,47.0,18000000,Петроградский,Ждановская ,29,Чкаловская,297961350
244,7,8,1,48.8,22210541,Петроградский,Петровский проспект,22к2,Крестовский остров,293496463
245,16,25,1,34.5,7500000,Невский, Коллонтай,5/1,Проспект Большевиков,298049316
246,7,19,1,39.0,12629999,Василеостровский,Морской,,,279508038
247,5,25,1,37.95,5290000,Невский, Русановская,20к1,Ломоносовская,295280586
248,14,14,1,47.7,18011453,Фрунзенский,Волковское,,Волковская,299131936
249,5,9,1,44.0,16500000,Петроградский,Петровский проспект,24к3,Крестовский остров,295323138
250,5,8,1,39.7,19740518,Петроградский,Петровский проспект,22к2,Крестовский остров,293496511
251,2,5,1,31.2,5000000,Петродворцовый,Блан-Менильская ,3,,298662189
252,7,9,1,43.14,15915957,Красногвардейский, Помяловского,,Новочеркасская,298322054
253,6,7,1,54.5,13790000,Центральный,переулок Апраксин,1,Сенная площадь,291460963
254,10,25,1,36.94,18688685,Московский,Алтайская ,39,Московская,294551126
255,13,14,1,37.0,6900000,Красногвардейский,шоссе Революции,27,Ладожская,299334139
256,2,9,1,49.19,15679999,Адмиралтейский, Шкапина,43-45,Балтийская,299481389
257,10,10,1,35.0,6000000,Красносельский,проспект Ветеранов,169к6,Проспект Ветеранов,299632115
258,7,7,1,63.86,24311275,Василеостровский,11-я Васильевского острова линия,56,Василеостровская,293435870
259,2,10,1,43.0,13700000,Адмиралтейский, Парфеновская,11к1,Фрунзенская,296834271
260,4,7,1,63.09,24879173,Василеостровский,Васильевский,,Василеостровская,298267752
261,6,17,1,44.8,8900000,Калининский,проспект Непокоренных,49к2,Площадь Мужества,297706736
262,6,9,1,41.6,15949999,Адмиралтейский, Шкапина,43-45,Балтийская,299481414
263,5,21,1,34.9,8700000,Василеостровский, Челюскина,8,Приморская,294034275
264,6,12,1,48.2,17877708,Курортный,Приморское шоссе,570Л,,289388425
265,5,5,1,31.1,6100000,Фрунзенский,Софийская ,37К3,Международная,298329429
266,6,7,1,74.62,28626097,Василеостровский,11-я Васильевского острова линия,56,Василеостровская,293435822
267,9,9,1,34.4,5490000,Выборгский,проспект Культуры,22К1,Гражданский проспект,297516945
268,3,6,1,48.1,21607555,Центральный,Миргородская ,1,Площадь Александра Невского,299135829
269,12,16,1,33.6,11600000,Красногвардейский,Заневский проспект,42,Ладожская,295747960
270,13,14,1,43.2,15089999,Красногвардейский,проспект Энергетиков,2,,279352049
271,6,12,1,37.38,8200000,Приморский,проспект Авиаконструкторов,54,Комендантский проспект,287949090
272,1,8,1,35.8,9200600,Курортный, Правды,,,294787261
273,3,16,1,41.2,11290000,Московский,Краснопутиловская ,125,Московская,299363990
274,3,12,1,71.8,25998780,Курортный,Приморское шоссе,570Л,,294180843
275,5,12,1,31.0,11500000,Московский,Кузнецовская ,58к1,Бухарестская,269502406
276,7,14,1,42.0,15802555,Фрунзенский,Волковское,,Волковская,299131874
277,8,13,1,30.8,5970000,Калининский,проспект Непокоренных,74,Академическая,298092726
278,13,14,1,42.17,14989999,Красногвардейский,проспект Энергетиков,2,,279352061
279,22,24,1,54.2,13990000,Приморский,Мебельная ,49/92,Беговая,295364531
280,8,24,1,42.1,6912820,Приморский, Ивинская,19к1,Комендантский проспект,297361064
281,3,10,1,35.5,11600000,Фрунзенский,Днепропетровская ,65,Обводный канал,298255448
282,4,14,1,36.88,13119999,Красногвардейский,проспект Энергетиков,2,,298146758
283,6,7,1,40.0,9990000,Выборгский,проспект Энгельса,134к3,Проспект Просвещения,299505462
284,2,9,1,46.26,14709999,Адмиралтейский, Шкапина,43-45,Балтийская,299481388
285,20,23,1,35.3,5600000,Красногвардейский, Корнея Чуковского,5к2,Девяткино,296031592
286,9,9,1,63.19,32549169,Красногвардейский, Помяловского,,Новочеркасская,298322029
287,2,5,1,29.7,5599000,Калининский, Ушинского,41,Гражданский проспект,298074012
288,11,15,1,51.64,13059999,Красногвардейский,переулок Уткин,,,297849164
289,3,4,1,31.5,5500000,Пушкинский,Гуммолосаровская ,19,Купчино,295762890
290,7,9,1,37.78,13640919,Красногвардейский, Помяловского,,Новочеркасская,298322010
291,1,9,1,47.5,12700000,Центральный,Кременчугская ,19к3,Площадь Александра Невского,289681131
292,1,8,1,35.4,9097800,Курортный, Правды,,,294787260
293,4,12,1,34.5,7290000,Приморский,проспект Орлово-Денисовский,19к1,Проспект Просвещения,299103855
294,4,8,1,25.52,15132619,Петроградский,Пионерская ,53,Чкаловская,298529998
295,4,11,1,28.2,5500000,Пушкинский,проспект Старорусский,11,Купчино,292437729
296,7,11,1,44.89,18404900,Красногвардейский, Стахановцев,1,Новочеркасская,299464106
297,6,26,1,46.9,13990000,Невский,проспект Обуховской обороны,195,Пролетарская,297872990
298,10,11,1,35.2,10610000,Невский,Октябрьская набережная,86К2,Пролетарская,294777985
299,9,25,1,31.4,6780000,Приморский, Верхне-Каменская,7к1,Комендантский проспект,293041151
300,2,8,1,45.33,20277423,Петроградский,Пионерская ,53,Чкаловская,298529954
301,10,11,1,35.37,10990000,Центральный,Днепропетровская ,7,Лиговский проспект,296992432
302,1,17,1,38.4,7107840,Приморский, Ивинская,9,Комендантский проспект,297361142
303,6,8,1,40.55,23660000,Петроградский,набережная Реки Карповки,31к1,Петроградская,299637865
304,2,15,1,44.94,13135623,Красногвардейский,переулок Уткин,,,295950298
305,1,6,1,30.3,8500000,Петроградский, Мира,24,Горьковская,294773629
306,2,11,1,55.77,22386078,Красногвардейский, Стахановцев,1,Новочеркасская,299464134
307,11,18,1,33.4,7700000,Московский, Среднерогатская,16к2,Звездная,297458707
308,2,24,1,40.6,6540660,Приморский, Ивинская,19к1,Комендантский проспект,297361030
309,15,15,1,38.6,15940000,Красногвардейский,Магнитогорская ,3к2,Новочеркасская,298731633
310,7,25,1,34.56,19688676,Московский,Алтайская ,39,Московская,297316436
311,2,5,1,31.1,5500000,Кировский, Козлова,27К1,Проспект Ветеранов,270168275
312,6,23,1,66.5,21147000,Выборгский,аллея Академика Лихачева,7,Площадь Мужества,299451096
313,13,15,1,45.4,7700000,Красносельский,проспект Ветеранов,130,Проспект Ветеранов,297274171
314,6,12,1,39.66,16240770,Выборгский,Сампсониевское,,Выборгская,299465229
315,11,15,1,34.3,6800000,Кировский, Лени Голикова,2,Проспект Ветеранов,299071751
316,5,25,1,51.7,9461100,Калининский,Светлановский проспект,121к1,Гражданский проспект,292061878
317,2,4,1,40.9,15000000,Центральный,Малая Садовая ,4,Гостиный двор,296783105
318,9,11,1,46.37,10766000,Невский,Октябрьская набережная,86К2,Пролетарская,296399787
319,14,18,1,31.0,7500000,Василеостровский, Вадима Шефнера,14к1,Приморская,297570434
320,7,12,1,43.47,16922871,Выборгский,Сампсониевское,,Выборгская,299465221
321,9,23,1,40.1,6500000,Невский,проспект Советский,41к1,Рыбацкое,298659871
322,10,11,1,28.9,10809500,Невский,Октябрьская набережная,86К2,Пролетарская,294042869
323,5,9,1,58.33,41000000,Петроградский,набережная Адмирала Лазарева,22,Чкаловская,299336700
324,2,11,1,37.6,17239224,Московский, Коли Томчака,,Московские ворота,293371725
325,10,11,1,41.0,5800000,Выборгский, Тихоокеанская,5,Проспект Просвещения,298736745
326,7,11,1,40.4,21098761,Московский, Коли Томчака,,Московские ворота,294555441
327,5,10,1,39.5,9500000,Курортный, Гагаринская,77к1,Беговая,294184360
328,17,25,1,43.1,24880294,Московский,Алтайская ,39,Московская,287028904
329,14,25,1,33.5,5899000,Невский,проспект Советский,39к1,Рыбацкое,297343485
330,5,11,1,40.6,18861024,Московский, Коли Томчака,,Московские ворота,294901647
331,7,15,1,39.0,7200000,Выборгский,дорога Михайловская,14к1,Проспект Просвещения,296446881
332,6,6,1,38.7,6227000,Московский,Пулковский меридиан,,Звездная,297264272
333,2,5,1,29.3,5690000,Выборгский, Орбели,31К2,Площадь Мужества,295940595
334,1,4,1,34.3,6150247,Пушкинский,шоссе Колпинское,127,Купчино,296659706
335,13,13,1,33.7,15800000,Красногвардейский,Пискаревский проспект,1,Площадь Ленина,293254950
336,8,25,1,41.31,11218263,Приморский,Коломяжский проспект,13к2,Пионерская,297024654
337,9,10,1,46.7,9600000,Приморский,Мартыновская ,6,Комендантский проспект,296631786
338,3,4,1,38.2,7050211,Пушкинский,шоссе Колпинское,127,Купчино,280678056
339,6,9,1,32.5,6300000,Невский,проспект Большевиков,13К3,Улица Дыбенко,292232141
340,15,18,1,36.1,11335405,Адмиралтейский,бульвар Измайловский,11,Московские ворота,298656206
341,19,24,1,33.9,8500000,Красногвардейский,проспект Энергетиков,9К1,Ладожская,299583835
342,8,12,1,27.42,7129200,Приморский,м. Комендантский проспект,,Комендантский проспект,294928402
343,2,21,1,32.0,9300000,Фрунзенский, Турку,11к2,Международная,299055356
344,11,12,1,27.59,7449300,Приморский,м. Комендантский проспект,,Комендантский проспект,296078225
345,2,12,1,35.1,6750000,Выборгский,Манчестерская ,16,Удельная,297430999
346,12,25,1,42.59,11086743,Приморский,Коломяжский проспект,13к2,Пионерская,297024575
347,2,12,1,36.73,10500000,Приморский,Белоостровская ,12,Лесная,298879842
348,7,18,1,36.8,12016058,Адмиралтейский,бульвар Измайловский,9,Фрунзенская,298655591
349,4,4,1,31.1,12927000,Центральный,Фурштатская ,23,Чернышевская,296477514
350,2,10,1,41.1,17482036,Приморский,Белоостровская ,28,Черная речка,298657299
351,5,5,1,31.6,5300000,Невский, Цимбалина,46,Ломоносовская,299559466
352,5,9,1,50.35,20006294,Василеостровский,7-я Васильевского острова линия,84,Василеостровская,294603061
353,2,9,1,36.0,6150000,Красносельский,Петергофское шоссе,15к2,,298374900
354,3,18,1,39.33,11849999,Василеостровский,Морской,,,299606413
355,2,16,1,46.0,8499999,Невский,Товарищеский проспект,32к1,Улица Дыбенко,299100668
356,5,6,1,32.77,5278200,Московский,Пулковский меридиан,,Звездная,297264794
357,3,5,1,31.0,6490000,Выборгский,Удельный проспект,51К1,Удельная,296197788
358,18,26,1,32.2,7084000,Пушкинский,проспект Новгородский,2к3,Шушары,268906782
359,5,15,1,46.3,13200000,Фрунзенский, Тосина,6,Обводный канал,293797582
360,8,12,1,34.8,10100120,Московский,м. Ленинский проспект,,Ленинский проспект,298191334
361,1,12,1,35.9,8750000,Выборгский,Манчестерская ,3к2,Удельная,298791080
362,5,12,1,34.29,9900191,Московский,м. Ленинский проспект,,Ленинский проспект,296730034
363,13,24,1,36.8,6100000,Невский, Русановская,17к4,Пролетарская,288958467
364,21,23,1,35.9,12823257,Выборгский,Шувалово-Озерки,,Проспект Просвещения,295748468
365,8,9,1,30.5,5200000,Красносельский,проспект Ветеранов,129к2,Проспект Ветеранов,294854766
366,8,12,1,34.99,12407000,Выборгский,Большой Сампсониевский проспект,70к3,Выборгская,265730967
367,6,18,1,40.3,9200000,Приморский, Матроса Железняка,57,Пионерская,293329983
368,7,10,1,36.8,14664779,Приморский,Белоостровская ,28,Черная речка,298657444
369,5,9,1,60.15,42000000,Петроградский,набережная Адмирала Лазарева,22,Чкаловская,299336702
370,4,23,1,45.4,13687242,Выборгский, Шостаковича,8к2Б2,Проспект Просвещения,295748063
371,4,25,1,40.01,8199000,Приморский,проспект Авиаконструкторов,69,Комендантский проспект,296411711
372,2,7,1,42.84,19085220,Василеостровский,,,Горный институт,296753998
373,18,27,1,38.9,7580000,Невский,проспект Советский,36к2,Рыбацкое,297267506
374,1,27,1,41.29,8493353,Выборгский,Заречная ,52к1,,297905085
375,13,26,1,39.5,10900000,Приморский,проспект Авиаконструкторов,2,Комендантский проспект,299055703
376,7,12,1,45.75,12970125,Приморский,проспект Авиаконструкторов,54,Комендантский проспект,266866573
377,7,24,1,34.78,5170000,Невский, Русановская,20к1,,299387511
378,9,27,1,37.65,8116032,Выборгский,Заречная ,52к1,,297905161
379,7,16,1,35.1,8500000,Калининский,Кондратьевский проспект,70к1,Площадь Мужества,296601592
380,6,10,1,56.6,18100000,Красногвардейский,Большая Охта,,Площадь Ленина,277296457
381,4,9,1,29.0,5850000,Невский,проспект Солидарности,7К1,Проспект Большевиков,292240491
382,3,9,1,49.6,19875522,Петроградский,проезд Петровская коса,6к1,Крестовский остров,298658144
383,9,17,1,50.5,20950000,Приморский,Ушаковская набережная,3к2,Черная речка,293992137
384,6,9,1,51.04,18813344,Петроградский,Петроградская набережная,38,Горьковская,258156062
385,7,10,1,38.6,11199000,Фрунзенский,Лиговский проспект,271,Обводный канал,298194738
386,9,9,1,49.57,23798557,Приморский,Чёрная речка,,Черная речка,297998223
387,8,24,1,32.6,4900000,Красногвардейский,Полюстрово,25к3,Гражданский проспект,298375857
388,5,12,1,48.34,12138175,Приморский,проспект Авиаконструкторов,54,Комендантский проспект,266867937
389,2,7,1,38.1,8900000,Красносельский, Адмирала Черокова,18к2,Проспект Ветеранов,298732256
390,5,9,1,53.88,19337532,Петроградский,Петроградская набережная,38,Горьковская,258156041
391,1,6,1,37.9,6490000,Выборгский,Новороссийская ,2К2,Пионерская,268472350
392,2,10,1,54.1,17280000,Красногвардейский,Большая Охта,,Площадь Ленина,277296450
393,1,14,1,37.8,7500000,Калининский,Сибирская ,9,,297689225
394,16,26,1,34.6,7093000,Пушкинский,проспект Новгородский,2к3,Шушары,298728776
395,9,24,1,45.0,17500000,Московский, Типанова,23с1,Московская,299010990
396,2,17,1,40.49,6018287,Невский,Невский,,,295183627
397,21,25,1,30.8,4970000,Красногвардейский,Полюстрово,25к3,Гражданский проспект,299371546
398,5,12,1,34.5,6270997,Пушкинский,,,Звездная,298655299
399,1,18,1,41.9,8500000,Невский, Ворошилова,31к3,Проспект Большевиков,299587695
400,3,4,1,38.1,7101770,Пушкинский, Соколиная,,Купчино,298658239
401,4,10,1,58.2,23500000,Красногвардейский,Пискаревский проспект,1,Площадь Ленина,298818734
402,5,8,1,59.9,31762275,Петроградский,набережная Реки Карповки,31к1,Чкаловская,297863442
403,6,8,1,42.0,15850000,Адмиралтейский,12-я Красноармейская ,26,Балтийская,298269492
404,7,12,1,50.11,14144550,Выборгский,Светлановское,,Удельная,271170286
405,2,3,1,50.3,17605000,Василеостровский,8-я Васильевского острова линия,19,Василеостровская,292254325
406,3,4,1,34.4,6344619,Пушкинский, Соколиная,,Купчино,298658234
407,10,13,1,42.09,9000000,Василеостровский,бульвар Головнина,,Горный институт,270915239
408,4,8,1,48.53,22493655,Василеостровский,,,Горный институт,296754034
409,7,25,1,33.6,6150000,Невский, Русановская,20к1,Пролетарская,293605050
410,2,12,1,40.85,11174109,Выборгский,Светлановское,,Удельная,293271480
411,3,8,1,44.5,24900000,Центральный,Полтавский проезд,3,Площадь Восстания,296838576
412,7,25,1,38.6,8688011,Приморский,Коломяги,,Проспект Просвещения,298656747
413,2,4,1,32.9,7600000,Красносельский,проспект Ветеранов,194,Проспект Ветеранов,299250635
414,6,9,1,49.14,22594150,Центральный,проспект Бакунина,,Площадь Александра Невского,293263846
415,5,14,1,40.7,11990000,Приморский,Белоостровская ,10к2,Лесная,296572902
416,11,12,1,32.42,13900026,Василеостровский,Уральская ,,Василеостровская,296659721
417,10,12,1,38.9,12500000,Приморский,Приморский проспект,167К3,Беговая,298648359
418,1,10,1,56.18,6551880,Пушкинский,,,Шушары,294086705
419,12,27,1,37.4,7300000,Выборгский, Николая Рубцова,12к1,Парнас,297533814
420,1,6,1,38.4,17280000,Адмиралтейский,Мастерская ,9,Балтийская,291267845
421,1,8,1,47.5,18037434,Петроградский,Петровский проспект,22к2,Крестовский остров,298980289
422,3,8,1,42.8,18000000,Петроградский,Петровский проспект,28к1,Крестовский остров,296285672
423,2,14,1,47.9,18444132,Красногвардейский,Большая Охта,,Ладожская,298804753
424,9,9,1,54.71,18730705,Красногвардейский,Малоохтинский проспект,,Площадь Александра Невского,296778800
425,3,4,1,49.0,18900000,Василеостровский,проспект Средний Васильевского острова,83с2,Василеостровская,294265707
426,12,26,1,45.3,19000000,Выборгский,проспект Тореза,118,Озерки,299025669
427,2,9,1,50.1,19818493,Петроградский,проезд Петровская коса,6к1,Крестовский остров,298658137
428,1,3,1,53.6,19990000,Василеостровский,8-я Васильевского острова линия,19,,287402989
429,4,8,1,45.9,20900000,Петроградский,Петровский,,Крестовский остров,298749054
430,2,9,1,56.4,21500000,Центральный,Миргородская ,1,Площадь Александра Невского,291869224
431,3,8,1,74.58,22177350,Петроградский,набережная Реки Карповки,27,Петроградская,290207979
432,7,8,1,48.8,22210000,Петроградский,Петровский проспект,22к2,Спортивная,299336888
433,3,8,1,44.0,22900000,Петроградский,Петровский проспект,26к2,Крестовский остров,298295357
434,3,8,1,53.2,25900000,Петроградский,проезд Петровская коса,1к2,Крестовский остров,298500322
435,6,8,1,58.3,25650000,Петроградский,проспект Малый Петроградской стороны,79-81-83,Петроградская,299336820
436,2,7,1,81.6,27426168,Василеостровский,13-я Васильевского острова линия,50,Василеостровская,290200233
437,5,20,1,73.5,27900000,Выборгский,аллея Академика Лихачева,7,Площадь Мужества,298685891
438,8,9,1,60.0,48000000,Петроградский,набережная Адмирала Лазарева,22,Чкаловская,299336711
439,2,7,1,93.8,79700000,Центральный,Шпалерная ,26,Чернышевская,299336176
440,1,4,1,17.25,2890000,Центральный,Суворовский проспект,39,Площадь Восстания,291073133
441,5,9,1,30.2,3850000,Петродворцовый, Победы,36к1,Проспект Ветеранов,298732535
442,1,3,1,19.3,4050000,Кировский,переулок Майков,4а,Нарвская,292488026
443,9,10,1,29.75,4261925,Пушкинский,,,,295182736
444,4,5,1,34.5,4390000,Колпинский, Танкистов,20,Шушары,287493774
445,3,10,1,31.72,4465160,Пушкинский,,,,295182676
446,4,25,1,26.0,4498000,Красногвардейский,Полюстрово,,Академическая,299364613
447,6,12,1,28.32,4531200,Пушкинский,,,,296280396
448,3,10,1,33.69,4574697,Пушкинский,,,,295796060
449,1,5,1,34.8,4559000,Пушкинский,,,Шушары,294087044
450,9,10,1,32.54,4553582,Пушкинский,,,,299384073
451,4,25,1,29.3,4644050,Красногвардейский,Полюстрово,,Академическая,299364662
452,2,25,1,27.3,4627350,Красногвардейский,Полюстрово,,Академическая,299364594
453,8,11,1,31.77,4606650,Пушкинский,Ленсоветовский тер.,,Шушары,298961702
454,6,12,1,28.9,4681800,Пушкинский,,,,296280469
455,1,25,1,27.5,4688750,Красногвардейский,Полюстрово,,Академическая,299364579
456,6,10,1,34.8,4696538,Пушкинский,,,,295796088
457,2,25,1,29.9,4724200,Красногвардейский,Полюстрово,,Академическая,299364636
458,1,11,1,36.26,4748800,Пушкинский,,,Шушары,294087482
459,2,11,1,34.82,4700700,Пушкинский,Ленсоветовский тер.,,Шушары,298961692
460,2,10,1,35.96,4763549,Пушкинский,,,,295796147
461,1,22,1,31.4,4772800,Красногвардейский,м. Гражданский проспект,,Гражданский проспект,296213841
462,6,6,1,27.35,4821250,Московский,Пулковский меридиан,,Звездная,297265003
463,1,11,1,36.72,4808600,Пушкинский,,,Шушары,294086959
464,2,12,1,31.27,4846850,Пушкинский,Аэросити 4 жилой квартал,,,286951275
465,3,11,1,35.56,4800600,Пушкинский,Ленсоветовский тер.,,Шушары,298961637
466,12,12,1,30.48,4876800,Пушкинский,,,,296280279
467,2,10,1,36.68,4889370,Пушкинский,,,,295183531
468,3,7,1,27.86,4875500,Красногвардейский,Полюстрово,69,,297024084
469,2,7,1,28.72,4882400,Красногвардейский,Полюстрово,69,,297024109
470,1,22,1,33.3,4928400,Красногвардейский,м. Гражданский проспект,,Гражданский проспект,296213845
471,5,12,1,29.92,4936800,Пушкинский,,,,296369996
472,4,9,1,33.8,4900000,Колпинский,бульвар Трудящихся,20,Шушары,298554222
473,4,11,1,36.65,4947750,Пушкинский,Ленсоветовский тер.,,Шушары,298961737
474,2,24,1,34.38,4949999,Невский, Русановская,20к1,Ломоносовская,296169509
475,6,6,1,30.04,4991600,Московский,Пулковский меридиан,,Звездная,297265001
476,4,12,1,38.9,4950000,Колпинский,Московская ,11,,298482312
477,9,18,1,32.4,5040000,Невский, Крыленко,34,Улица Дыбенко,294480752
478,2,12,1,33.37,5005500,Пушкинский,Аэросити 4 жилой квартал,,,294840701
479,12,12,1,30.42,5019300,Пушкинский,Аэросити 4 жилой квартал,,,286951288
480,2,6,1,31.06,5004600,Московский,Пулковский меридиан,,Звездная,297264306
481,3,10,1,38.53,5040032,Пушкинский,,,,295183560
482,14,15,1,36.2,5040000,Невский, Русановская,24,Ломоносовская,292498344
483,9,10,1,37.83,5042663,Пушкинский,,,,295183593
484,9,13,1,32.5,5037500,Невский,Варфоломеевская ,6,Ломоносовская,292781492
485,2,22,1,32.8,5051200,Красногвардейский, Пейзажная,6,Девяткино,299237083
486,4,9,1,32.44,5093080,Колпинский,Заречье тер.,,Рыбацкое,298270482
487,5,11,1,37.91,5117850,Пушкинский,Ленсоветовский тер.,,Шушары,298961611
488,5,24,1,31.0,5100000,Невский, Русановская,18к6,Ломоносовская,297182614
489,6,12,1,30.97,5110050,Пушкинский,,,,296280711
490,13,22,1,32.0,5136000,Красногвардейский, Пейзажная,6,Девяткино,299237160
491,2,25,1,34.1,5115000,Красногвардейский,Полюстрово,,Академическая,299364630
492,10,17,1,33.37,5100000,Красногвардейский,Полюстрово,31к1,Девяткино,298299816
493,3,6,1,32.77,5114350,Московский,Пулковский меридиан,,Звездная,297264745
494,2,10,1,39.84,5112189,Пушкинский,,,,295183549
495,3,4,1,28.48,5183360,Пушкинский,,,Купчино,296121868
496,2,9,1,33.12,5166720,Колпинский,Заречье тер.,,Рыбацкое,298270441
497,2,11,1,38.67,5220450,Пушкинский,Ленсоветовский тер.,,Шушары,298961723
498,5,9,1,26.0,5240000,Кировский, Лени Голикова,18,Проспект Ветеранов,298522474
499,5,10,1,30.95,5261500,Пушкинский,,,,286951547
500,6,6,1,32.2,5251400,Московский,Пулковский меридиан,,Звездная,297264441
501,6,26,1,30.0,5290000,Красногвардейский,Полюстрово,10к1,Гражданский проспект,292401197
502,5,12,1,35.62,5343000,Пушкинский,,,,296280597
503,2,4,1,26.6,5346119,Пушкинский, Образцовая,2,Купчино,293667096
504,1,4,1,29.49,5321250,Пушкинский,,,Купчино,296120587
505,4,11,1,39.67,5355450,Пушкинский,Ленсоветовский тер.,,Шушары,298961745
506,6,25,1,33.5,5350000,Красногвардейский, Пейзажная,10,Девяткино,299319112
507,1,11,1,43.76,5373720,Пушкинский,,,Шушары,294086950
508,2,12,1,34.63,5367650,Пушкинский,Аэросити 4 жилой квартал,,,286950646
509,6,12,1,33.7,5392000,Пушкинский,Аэросити 4 жилой квартал,,,295158562
510,2,10,1,41.49,5358350,Пушкинский,,,,295183541
511,1,4,1,29.48,5400249,Пушкинский,,,Купчино,299354058
512,1,4,1,29.55,5400011,Пушкинский,,,Шушары,295505067
513,2,11,1,31.5,5422174,Колпинский,,к39,Рыбацкое,294933130
514,2,11,1,30.1,5400371,Колпинский,,к38,Рыбацкое,294933157
515,12,12,1,27.86,5432700,Пушкинский,,,,290821557
516,2,10,1,33.83,5412800,Пушкинский,,,,286951479
517,2,10,1,41.87,5407426,Пушкинский,,,,295796130
518,5,5,1,32.0,5400000,Московский,Ленинский проспект,170,Московская,297121336
519,22,25,1,30.59,5475610,Красногвардейский,м. Гражданский проспект,,Гражданский проспект,299096457
520,2,12,1,36.98,5473040,Пушкинский,,,,296280484
521,2,6,1,35.04,5466200,Московский,Пулковский меридиан,,Звездная,297264310
522,11,11,1,42.64,5495920,Пушкинский,,,Шушары,294448025
523,2,11,1,32.64,5594703,Колпинский,,к39,Рыбацкое,292637438
524,2,9,1,35.87,5595720,Колпинский,Заречье тер.,,Рыбацкое,298270304
525,1,15,1,31.05,5509999,Выборгский,,,,297535225
526,2,9,1,35.3,5577400,Колпинский,Заречье тер.,,Рыбацкое,298270052
527,12,12,1,35.58,5514900,Пушкинский,Аэросити 4 жилой квартал,,,286951204
528,2,11,1,31.46,5501121,Колпинский,,к39,Рыбацкое,296862471
529,2,7,1,34.96,5593600,Красногвардейский,Полюстрово,69,,297024103
530,13,17,1,34.51,5569403,Невский,Невский,,,295183900
531,2,4,1,30.2,5500000,Пушкинский,Ленинградская ,33,Купчино,294824838
532,22,25,1,34.0,5500000,Красногвардейский,проспект Васнецовский,18,Гражданский проспект,298194124
533,2,12,1,37.59,5638500,Пушкинский,Аэросити 4 жилой квартал,,,286950685
534,3,10,1,33.06,5620200,Пушкинский,,,,286951468
535,1,11,1,47.28,5614040,Пушкинский,,,Шушары,294615956
536,12,12,1,28.91,5637450,Пушкинский,,,,286946734
537,3,7,1,34.22,5646300,Красногвардейский,Полюстрово,69,,297024092
538,2,25,1,36.43,5646650,Красногвардейский,Полюстрово,69,,297023657
539,7,9,1,31.1,5600000,Красногвардейский,проспект Энергетиков,35к1,Ладожская,298907245
540,5,5,1,32.31,5687831,Московский,Пулковский меридиан,,Звездная,295852720
541,1,5,1,31.08,5650017,Московский,Пулковское шоссе,103В,Звездная,297904370
542,3,13,1,34.2,5699000,Красногвардейский,Пискаревский проспект,165к1,,293565921
543,2,9,1,36.53,5698680,Колпинский,Заречье тер.,,Рыбацкое,298269900
544,1,4,1,33.86,5665880,Пушкинский,,,Купчино,296120362
545,1,8,1,35.2,5667200,Красносельский, Лермонтова,15к2Б,Проспект Ветеранов,299600007
546,2,12,1,38.2,5653600,Пушкинский,,,,296280364
547,11,11,1,32.1,5664202,Пушкинский,проспект Старорусский,13к2,Звездная,294664625
548,2,9,1,36.8,5700000,Колпинский,Загородная ,43к4,Рыбацкое,298561685
549,3,11,1,33.78,5736433,Колпинский,,к39,Рыбацкое,296862469
550,7,12,1,34.39,5725935,Пушкинский,,,,298841776
551,6,6,1,35.94,5713520,Московский,Пулковский меридиан,,Звездная,297264930
552,2,12,1,36.89,5717950,Пушкинский,Аэросити 4 жилой квартал,,,286951153
553,2,25,1,26.71,5742650,Красносельский, Маршала Казакова,64к1,,294605976
554,10,22,1,32.9,5700000,Красногвардейский, Пейзажная,,Гражданский проспект,285616667
555,3,9,1,30.0,5700000,Кировский,Дачный проспект,33К1,Проспект Ветеранов,295221207
556,2,4,1,30.34,5725950,Пушкинский,,,Звездная,296120248
557,4,12,1,31.6,5700000,Красносельский,проспект Ветеранов,171к5,Ленинский проспект,298436138
558,10,12,1,32.9,5757500,Пушкинский,проспект Старорусский,9,,296711212
559,7,12,1,34.65,5769225,Пушкинский,,,,298841771
560,5,11,1,32.0,5767904,Колпинский,,к38,Рыбацкое,299406008
561,10,11,1,49.53,5780480,Пушкинский,,,Шушары,294087702
562,9,12,1,27.4,5795100,Пушкинский,,,,298277836
563,3,4,1,28.65,5800034,Пушкинский,шоссе Колпинское,127,Купчино,297392396
564,1,4,1,34.96,5839680,Пушкинский,,,Купчино,296120363
565,2,9,1,37.71,5845050,Колпинский,Заречье тер.,,Рыбацкое,298270443
566,2,6,1,38.7,5840000,Московский,Пулковский меридиан,,Звездная,297264946
567,10,12,1,34.2,5814000,Пушкинский,проспект Старорусский,9,,296280938
568,2,12,1,31.6,5846000,Пушкинский,,,,295100520
569,1,5,1,32.54,5850155,Московский,Пулковский меридиан,,Звездная,299043929
570,3,11,1,34.14,5894211,Колпинский,,к38,Рыбацкое,296862476
571,2,4,1,32.02,5851400,Пушкинский,,,Купчино,296122016
572,7,12,1,36.14,5854680,Пушкинский,,,,298841764
573,3,9,1,32.1,5850000,Красносельский,Петергофское шоссе,11/21Б,Ленинский проспект,297256776
574,2,11,1,32.93,5894183,Колпинский,,к38,Рыбацкое,299406007
575,2,7,1,36.75,5880000,Красногвардейский,Полюстрово,69,,297023973
576,4,4,1,31.35,5862450,Пушкинский,,,Купчино,296120648
577,7,10,1,43.66,5892266,Пушкинский,,,,295796112
578,1,5,1,34.89,5918731,Московский,Пулковский меридиан,,Купчино,294033119
579,1,4,1,33.54,5950113,Пушкинский,,,Шушары,297084075
580,1,4,1,35.65,5996100,Пушкинский,,,Купчино,296122100
581,1,4,1,35.79,5973980,Пушкинский,,,Купчино,296120475
582,1,4,1,35.39,5925000,Пушкинский,,,Купчино,296122105
583,1,8,1,37.74,5981790,Красносельский, Лермонтова,15к2Б,Проспект Ветеранов,299600009
584,10,10,1,50.78,5925480,Пушкинский,,,Шушары,294086934
585,15,19,1,36.1,5900000,Красногвардейский,проспект Маршака,22,Девяткино,296283475
586,6,9,1,32.0,5990000,Выборгский,Выборгское шоссе,25,Проспект Просвещения,286026450
587,1,4,1,30.71,5936027,Пушкинский, Образцовая,2,Купчино,293666953
588,2,4,1,32.5,5902400,Пушкинский,,,Купчино,296122299
589,2,9,1,38.86,5984440,Колпинский,Заречье тер.,,Рыбацкое,298270387
590,2,10,1,40.4,5970000,Пушкинский,Московское шоссе,256к6,Шушары,299365785
591,4,15,1,32.93,6039999,Выборгский,,,,297535006
592,4,11,1,34.3,6000000,Невский,проспект Советский,41к1,Рыбацкое,283971107
593,1,4,1,32.25,6000048,Пушкинский,шоссе Колпинское,127,Купчино,289768291
594,1,4,1,34.65,6000063,Пушкинский,,,Купчино,296006324
595,2,14,1,40.38,6001937,Невский,Невский,,,295182762
596,3,8,1,37.05,6002100,Красносельский, Лермонтова,15к2Б,Проспект Ветеранов,299599991
597,3,8,1,37.26,6036120,Красносельский, Лермонтова,15к2Ж,Проспект Ветеранов,293979004
598,1,15,1,35.93,6029999,Выборгский,,,,297535240
599,6,6,1,39.93,6024500,Московский,Пулковский меридиан,,Звездная,297264437
600,14,24,1,37.1,6000000,Невский, Русановская,18к8,Ломоносовская,298680192
601,1,11,1,36.3,6034875,Пушкинский,проспект Старорусский,13к1,Звездная,294664648
602,5,13,1,40.1,6015000,Невский,Варфоломеевская ,6,Ломоносовская,292781539
603,2,13,1,35.3,6001000,Невский,Варфоломеевская ,6,Ломоносовская,292781827
604,21,25,1,35.3,6000000,Пушкинский,проспект Новгородский,10,Купчино,299632304
605,1,5,1,20.0,6000000,Василеостровский,14-я Васильевского острова линия,67-69,Василеостровская,298987661
606,2,5,1,35.53,6099028,Московский,Пулковский меридиан,,Купчино,295852596
607,1,4,1,32.7,6050137,Пушкинский,шоссе Колпинское,127,Купчино,295505214
608,2,5,1,34.26,6050178,Московский,Пулковский меридиан,,Звездная,299043844
609,3,12,1,26.5,6095000,Приморский,м. Комендантский проспект,,Комендантский проспект,294911117
610,3,9,1,30.4,6058166,Курортный,,10,Проспект Просвещения,299577817
611,10,12,1,35.8,6086000,Пушкинский,проспект Старорусский,9,,296280940
612,11,25,1,37.94,6129999,Выборгский,Заречная ,17,Парнас,297157401
613,4,5,1,41.0,6100000,Пушкинский,Железнодорожная ,40,,296922031
614,1,4,1,34.3,6100100,Пушкинский,шоссе Колпинское,127,Купчино,295505229
615,1,5,1,34.79,6100304,Московский,Пулковский меридиан,,Звездная,299043857
616,6,13,1,40.7,6105000,Невский,Варфоломеевская ,6,Ломоносовская,292781465
617,1,4,1,36.67,6111440,Пушкинский,,,Звездная,296122442
618,1,4,1,36.8,6130400,Пушкинский,,,Купчино,296121388
619,5,8,1,37.92,6143040,Красносельский, Лермонтова,15к2Ж,Проспект Ветеранов,293979057
620,6,12,1,31.3,6103500,Пушкинский,,,,295100511
621,5,25,1,32.7,6147600,Невский,Октябрьская набережная ЖК,,Елизаровская,298901783
622,24,25,1,33.24,6149400,Красногвардейский,м. Гражданский проспект,,Гражданский проспект,299096112
623,2,9,1,31.8,6106345,Курортный,,,Проспект Просвещения,296759932
624,3,12,1,39.36,6100800,Пушкинский,Аэросити 4 жилой квартал,,,286951126
625,2,12,1,35.1,6175682,Пушкинский,,,Звездная,298655294
626,8,25,1,33.78,6164850,Красногвардейский,м. Гражданский проспект,,Гражданский проспект,299096061
627,3,4,1,33.19,6158250,Пушкинский,,,Купчино,296120386
628,1,5,1,35.95,6177324,Пушкинский,,,Звездная,292309700
629,1,4,1,31.55,6164130,Петродворцовый,,,Проспект Ветеранов,295854234
630,2,9,1,39.81,6170550,Колпинский,Заречье тер.,,Рыбацкое,298270809
631,2,5,1,37.1,6241207,Московский,Пулковский меридиан,,Международная,294049883
632,1,4,1,35.57,6250075,Пушкинский,,,Шушары,297084077
633,1,5,1,35.66,6250128,Московский,Пулковский меридиан,,Звездная,299043870
634,1,5,1,34.77,6250185,Московский,Пулковское шоссе,103В,Звездная,298999819
635,1,5,1,34.37,6250150,Московский,Пулковское шоссе,103В,Звездная,295920854
636,5,5,1,31.76,6200171,Московский,Пулковское шоссе,103В,Звездная,297904371
637,8,23,1,32.7,6263384,Приморский, Ивинская,1к2,Зенит,298977591
638,12,12,1,38.0,6270000,Пушкинский,проспект Старорусский,9,,296280932
639,2,15,1,37.49,6269999,Выборгский,,,,297535400
640,1,4,1,37.76,6282080,Пушкинский,,,Купчино,296121350
641,1,4,1,37.63,6264700,Пушкинский,,,Купчино,296120405
642,2,4,1,34.0,6222000,Пушкинский,,,Купчино,296121567
643,2,15,1,37.5,6299999,Выборгский,,,,297535381
644,7,12,1,38.79,6283980,Пушкинский,,,,298841765
645,5,25,1,34.7,6280700,Невский,Октябрьская набережная ЖК,,Елизаровская,297504839
646,4,10,1,31.8,6250000,Выборгский,Светлановский проспект,37,Площадь Мужества,294352034
647,6,17,1,36.81,6210366,Невский,Невский,,,295182269
648,10,12,1,36.7,6239000,Пушкинский,проспект Старорусский,9,,296280988
649,1,11,1,35.6,6251762,Пушкинский,проспект Старорусский,13к2,Звездная,294664609
650,1,11,1,35.1,6250021,Пушкинский,проспект Старорусский,13к2,Звездная,294664546
651,1,5,1,36.71,6275944,Пушкинский,,,Звездная,292309957
652,5,16,1,37.21,6200000,Выборгский,дорога Михайловская,16к3,Озерки,295700815
653,7,15,1,36.97,6200000,Выборгский,дорога Михайловская,14к1,Парнас,299484119
654,4,5,1,30.8,6250000,Приморский,Омская ,24,Пионерская,299437599
655,3,4,1,31.0,6200000,Пушкинский,Ахматовская ,7,Купчино,298778895
656,2,5,1,30.95,6300120,Московский,Пулковское шоссе,95к3,Звездная,298405598
657,1,4,1,34.9,6300252,Пушкинский,шоссе Колпинское,127,Купчино,292788683
658,1,4,1,35.8,6300227,Пушкинский,шоссе Колпинское,127,Купчино,296659715
659,1,4,1,36.52,6300284,Пушкинский,,,Шушары,297062217
660,8,25,1,34.72,6336400,Красногвардейский,м. Гражданский проспект,,Гражданский проспект,299096066
661,4,12,1,27.59,6345700,Приморский,м. Комендантский проспект,,Комендантский проспект,294928459
662,8,12,1,24.35,6331000,Приморский,м. Комендантский проспект,,Комендантский проспект,294910382
663,6,8,1,39.32,6369840,Красносельский, Лермонтова,15к2Б,Проспект Ветеранов,299600029
664,8,12,1,33.24,6382402,Пушкинский,проспект Старорусский,5к1,Шушары,292227845
665,2,12,1,37.54,6381800,Пушкинский,,,,286946324
666,11,11,1,37.2,6361200,Пушкинский,проспект Старорусский,13к1,Звездная,294664687
667,10,11,1,34.3,6382065,Пушкинский,проспект Старорусский,13к2,Звездная,294664517
668,1,11,1,37.8,6356070,Пушкинский,проспект Старорусский,13к2,Звездная,294664499
669,1,5,1,34.9,6373620,Пушкинский,Пулковское тер.,,Звездная,279689319
670,2,12,1,33.54,6363092,Пушкинский,проспект Старорусский,5к1,Шушары,292227376
671,1,5,1,37.91,6415736,Московский,Пулковский меридиан,,Звездная,295852741
672,1,5,1,38.76,6496988,Московский,Пулковский меридиан,,Звездная,295852603
673,1,4,1,38.96,6471680,Пушкинский,,,Купчино,296121343
674,5,23,1,34.61,6474301,Приморский, Ивинская,1к2,Зенит,299058370
675,1,4,1,38.71,6430600,Пушкинский,,,Звездная,296120204
676,1,4,1,40.7,6430600,Пушкинский,,,Купчино,296120361
677,1,15,1,39.12,6439999,Выборгский,,,,297535239
678,4,25,1,35.5,6496500,Невский,Октябрьская набережная ЖК,,Елизаровская,297210945
679,1,9,1,32.05,6499717,Курортный,,582,Парнас,284756088
680,1,9,1,34.3,6434921,Курортный,,,Беговая,296759864
681,2,20,1,28.11,6465300,Красносельский, Маршала Казакова,64к1,,294606809
682,2,12,1,43.38,6420240,Пушкинский,Аэросити 4 жилой квартал,,,286950860
683,3,4,1,36.5,6467106,Пушкинский, Образцовая,2,Купчино,293667112
684,1,11,1,37.3,6404238,Пушкинский,проспект Старорусский,13к2,Звездная,294664618
685,2,4,1,28.53,6409296,Пушкинский, Образцовая,2,Купчино,293666960
686,1,4,1,33.9,6498783,Петродворцовый,,,Проспект Ветеранов,294622483
687,2,4,1,31.38,6409392,Петродворцовый,,,Проспект Ветеранов,295854393
688,9,9,1,41.35,6450600,Колпинский,Заречье тер.,,Рыбацкое,298270585
689,2,9,1,42.03,6472620,Колпинский,Заречье тер.,,Рыбацкое,298270458
690,1,23,1,34.69,6441933,Приморский, Ивинская,1к4,Зенит,297885363
691,1,17,1,32.8,6464880,Приморский, Ивинская,9,Комендантский проспект,297361140
692,26,27,1,33.7,6400000,Выборгский, Валерия Гаврилина,3к1,Парнас,298973011
693,2,9,1,33.6,6500000,Невский,Искровский проспект,15К2,Улица Дыбенко,299283718
694,3,9,1,33.0,6500000,Кировский,Двинская ,16к1,Нарвская,298593382
695,1,4,1,38.34,6500201,Пушкинский,,,Шушары,296659651
696,7,10,1,36.37,6546600,Пушкинский,,,,299502611
697,6,15,1,35.22,6539999,Выборгский,,,,296889807
698,4,4,1,35.0,6535837,Пушкинский, Образцовая,2,Купчино,293667137
699,1,5,1,38.42,6512919,Пушкинский,,,Звездная,292309955
700,1,4,1,40.09,6520652,Пушкинский, Образцовая,2,Купчино,293667171
701,23,23,1,37.1,6500000,Красногвардейский,Полюстрово,61,Девяткино,297688524
702,1,4,1,30.62,6550215,Петродворцовый,,,Автово,299044055
703,7,9,1,34.42,6590000,Кировский,проспект Ветеранов,78,Проспект Ветеранов,299165443
704,1,23,1,35.85,6582060,Приморский, Ивинская,1к4,Зенит,297361438
705,3,12,1,36.58,6584400,Пушкинский,,,,286945862
706,1,4,1,39.73,6593340,Пушкинский,,,Купчино,296120569
707,1,4,1,39.63,6583860,Пушкинский,,,Купчино,296122103
708,2,7,1,34.6,6579808,Курортный,,,Проспект Просвещения,296759957
709,2,12,1,44.26,6550480,Пушкинский,Аэросити 4 жилой квартал,,,286950713
710,2,20,1,28.63,6584900,Красносельский, Маршала Казакова,64к1,,294606852
711,2,4,1,35.9,6563531,Пушкинский, Соколиная,,Купчино,299336601
712,5,9,1,42.51,6589050,Колпинский,Заречье тер.,,Рыбацкое,298270839
713,4,23,1,32.92,6560816,Приморский, Ивинская,5к1,Зенит,297993519
714,18,19,1,32.9,6550000,Приморский,аллея Арцеуловская,23к1,Комендантский проспект,284656827
715,1,5,1,38.8,6562461,Пушкинский,,,Звездная,292309949
716,4,5,1,34.45,6583680,Пушкинский,Пулковское тер.,,Звездная,279689568
717,6,11,1,38.6,6562000,Пушкинский,проспект Старорусский,11,Звездная,285297790
718,1,4,1,34.9,6600106,Пушкинский,шоссе Колпинское,129,Купчино,284671753
719,2,5,1,37.15,6600013,Московский,Пулковский меридиан,,Звездная,299044002
720,5,5,1,31.71,6600103,Московский,Пулковское шоссе,95к3,Звездная,294535253
721,1,5,1,36.51,6600204,Московский,Пулковское шоссе,103В,Звездная,296054909
722,1,5,1,35.1,6600098,Московский,Пулковский меридиан,,Звездная,299582473
723,3,17,1,43.05,6619260,Невский,Невский,,,295183672
724,2,4,1,35.4,6612031,Пушкинский,,,Купчино,298658260
725,2,17,1,41.51,6606420,Невский,Невский,,,295182102
726,1,11,1,39.7,6600125,Пушкинский,проспект Старорусский,13к1,Звездная,294664657
727,1,5,1,36.95,6631000,Пушкинский,Пулковское тер.,,Звездная,279689378
728,1,5,1,34.0,6638760,Пушкинский, Нины Петровой,10к1,Купчино,279690376
729,7,29,1,35.7,6745000,Московский,Витебский проспект,99к1,,290519316
730,3,12,1,36.33,6730000,Приморский,Юнтолово,,Старая Деревня,290518381
731,1,4,1,35.8,6700259,Пушкинский,шоссе Колпинское,129,Купчино,288794068
732,4,4,1,32.6,6650122,Пушкинский,шоссе Колпинское,129,Купчино,292788622
733,3,18,1,29.69,6680250,Невский, Тельмана,37,Ломоносовская,299556090
734,1,23,1,39.0,6650000,Невский,проспект Советский,34к2,,295854561
735,3,8,1,41.1,6658200,Красносельский, Лермонтова,15к2Ж,Проспект Ветеранов,293979008
736,5,23,1,32.11,6716421,Приморский, Ивинская,1к1,Зенит,298260266
737,1,5,1,34.1,6650028,Московский, Струве,12,Звездная,299582529
738,1,5,1,36.8,6650128,Московский, Струве,10к2,Звездная,299582526
739,1,5,1,35.1,6650221,Московский, Струве,10к2,Звездная,299582522
740,3,20,1,32.92,6748600,Красносельский, Маршала Казакова,64к1,,297419383
741,11,12,1,34.2,6669000,Пушкинский,,,,295100674
742,13,24,1,38.0,6739220,Невский, Русановская,24,Пролетарская,299468667
743,1,5,1,36.11,6700000,Московский, Орбитальная,7к1,Московская,299058599
744,14,23,1,33.92,6740280,Приморский, Ивинская,5к1,Зенит,297884758
745,11,11,1,38.6,6657951,Пушкинский,проспект Старорусский,13к2,Звездная,296594578
746,1,11,1,39.5,6690557,Пушкинский,проспект Старорусский,13к2,Звездная,294664602
747,1,4,1,34.9,6666385,Петродворцовый,,,Проспект Ветеранов,294622463
748,6,23,1,32.43,6717822,Приморский, Ивинская,5к1,Зенит,297884795
749,1,6,1,41.8,6688000,Курортный, Строителей,3к2,,292413508
750,1,4,1,39.2,6750298,Пушкинский,,,Купчино,297392343
751,1,5,1,34.9,6750270,Московский,Пулковское шоссе,99к6,Звездная,291984313
752,5,5,1,31.5,6750245,Московский,Пулковское шоссе,99к6,Звездная,291619287
753,1,5,1,34.9,6750270,Московский,Пулковское шоссе,95к3,Звездная,296659558
754,1,5,1,34.8,6750156,Московский,Пулковское шоссе,95к4,Звездная,291619281
755,3,23,1,34.33,6792138,Приморский, Ивинская,1к4,Зенит,297885383
756,2,20,1,32.19,6759900,Красносельский, Маршала Казакова,64к1,,294606894
757,5,5,1,31.7,6750261,Московский, Струве,12,Звездная,299582531
758,24,24,1,39.93,6780000,Красногвардейский,аллея Евгения Шварца,13к1,Девяткино,294571474
759,4,12,1,35.58,6760200,Пушкинский,,,,288774922
760,9,12,1,34.95,6762825,Пушкинский,,,,296463007
761,2,12,1,39.7,6791929,Пушкинский,,,Звездная,298655311
762,4,23,1,34.61,6793125,Приморский, Ивинская,5к2,Зенит,297710646
763,2,5,1,35.95,6773520,Пушкинский,Пулковское тер.,,Звездная,279689448
764,2,5,1,40.62,6874366,Московский,Пулковский меридиан,,Международная,295852746
765,1,4,1,38.7,6850054,Пушкинский,шоссе Колпинское,127,Купчино,296659716
766,2,4,1,37.9,6850197,Пушкинский,шоссе Колпинское,127,Купчино,296985453
767,3,4,1,34.45,6850055,Пушкинский,шоссе Колпинское,129,Купчино,296538601
768,3,5,1,32.85,6850226,Московский,Пулковское шоссе,95к3,Звездная,298405602
769,16,24,1,33.8,6847880,Приморский, Ивинская,13,Комендантский проспект,297361330
770,1,4,1,32.5,6800170,Петродворцовый,,,Автово,295923370
771,1,4,1,40.51,6811380,Пушкинский,,,Купчино,296121395
772,14,24,1,34.8,6890400,Приморский, Ивинская,13,Комендантский проспект,297361315
773,1,8,1,35.7,6858502,Курортный,,6,Проспект Просвещения,291885788
774,2,9,1,36.6,6873645,Курортный,,,Проспект Просвещения,296759919
775,2,8,1,35.5,6839100,Курортный,,,Проспект Просвещения,296759955
776,1,4,1,34.19,6850086,Петродворцовый,,,Автово,299044072
777,5,5,1,33.3,6850093,Московский, Струве,8к2,Звездная,299582453
778,5,5,1,33.6,6850116,Московский, Струве,8к3,Звездная,299582480
779,1,5,1,35.8,6850097,Московский, Струве,8к3,Звездная,299582483
780,3,12,1,39.2,6842967,Пушкинский,,,Звездная,298655312
781,1,4,1,34.88,6850170,Петродворцовый,,,Автово,299044080
782,8,12,1,41.8,6897000,Пушкинский,проспект Старорусский,9,,296280934
783,2,20,1,30.91,6800200,Красносельский, Маршала Казакова,64к1,,294606998
784,3,4,1,37.6,6865603,Пушкинский, Соколиная,,Купчино,298658224
785,24,25,1,34.7,6887377,Невский, Русановская,24,Пролетарская,299468664
786,5,5,1,38.4,6800000,Невский,Ивановская ,30,Ломоносовская,296569504
787,9,9,1,44.06,6873360,Колпинский,Заречье тер.,,Рыбацкое,298270577
788,1,4,1,36.27,6890168,Петродворцовый,,,Проспект Ветеранов,294622578
789,6,24,1,42.0,6896400,Приморский, Ивинская,19к1,Комендантский проспект,297361053
790,1,5,1,40.4,6846720,Пушкинский,Пулковское тер.,,Звездная,284294472
791,1,5,1,38.25,6806640,Пушкинский,Пулковское тер.,,Звездная,279689297
792,4,4,1,34.9,6800000,Пушкинский,Колпинское шоссе,,Шушары,295804792
793,2,9,1,44.57,6863780,Колпинский,Заречье тер.,,Рыбацкое,298270597
794,12,19,1,35.6,6800000,Василеостровский,бульвар Александра Грина,1,Приморская,290211656
795,1,12,1,35.0,6800000,Калининский,Кондратьевский проспект,83К2,Лесная,299027081
796,6,24,1,34.9,6910200,Приморский, Ивинская,19к3,Комендантский проспект,297361209
797,2,20,1,34.59,6918000,Красносельский, Маршала Казакова,64к1,,297419353
798,1,4,1,32.02,6900053,Петродворцовый,,,Автово,298819833
799,2,7,1,43.28,6924800,Красногвардейский,Полюстрово,69,,297023967
800,8,8,1,42.72,6920640,Красносельский, Лермонтова,15к2Б,Проспект Ветеранов,299600102
801,6,23,1,33.51,6936370,Приморский, Ивинская,1к1,Зенит,297884859
802,7,9,1,33.28,6942214,Курортный,,581,Проспект Просвещения,299577835
803,3,9,1,33.44,6948601,Курортный,,582,Парнас,296290997
804,6,6,1,45.99,6933500,Московский,Пулковский меридиан,,Звездная,297264889
805,1,4,1,36.8,6931957,Пушкинский,,,Купчино,298658261
806,1,5,1,41.07,6946293,Пушкинский,,,Звездная,295838370
807,2,15,1,39.95,6939999,Выборгский,,,,297535248
808,1,4,1,43.95,6944100,Пушкинский,,,Звездная,296120024
809,1,5,1,40.75,6913260,Пушкинский,Пулковское тер.,,Звездная,284294693
810,1,5,1,38.75,6913740,Пушкинский,Пулковское тер.,,Звездная,279689383
811,1,6,1,43.2,6912000,Курортный, Строителей,3к2,,292413481
812,10,21,1,44.4,6900000,Приморский,Парашютная ,58,Комендантский проспект,295132398
813,1,4,1,42.09,6964640,Пушкинский,,,Звездная,296120237
814,7,8,1,43.14,6988680,Красносельский, Лермонтова,15к2Ж,Проспект Ветеранов,293979108
815,2,5,1,27.25,6994000,Курортный,,,Беговая,296825927
816,2,18,1,36.3,6950000,Приморский,Парашютная ,61к4,Комендантский проспект,297502786
817,2,18,1,31.6,6952000,Невский, Тельмана,37,Ломоносовская,299556160
818,25,25,1,37.5,6950000,Невский,проспект Советский,36к2,,297610570
819,3,9,1,30.0,6999999,Фрунзенский,Альпийский переулок,45,Проспект Славы,299463025
820,5,6,1,30.0,6990000,Пушкинский,Ахматовская ,6,Купчино,274752387
821,2,4,1,40.62,6952050,Пушкинский, Образцовая,2,Купчино,293666957
822,2,4,1,38.61,6970477,Пушкинский, Образцовая,2,Купчино,293667012
823,1,4,1,36.81,6968650,Петродворцовый,,,Проспект Ветеранов,294622511
824,9,24,1,42.5,6978500,Приморский, Ивинская,19к1,Комендантский проспект,297361070
825,7,29,1,37.54,7035000,Московский,Витебский проспект,99к1,,290514177
826,1,5,1,43.58,7076175,Московский,Пулковский меридиан,,Звездная,294049915
827,17,26,1,34.6,7093000,Пушкинский,проспект Новгородский,2к3,Шушары,268906753
828,20,26,1,32.2,7084000,Пушкинский,проспект Новгородский,2к3,Шушары,296842501
829,4,23,1,36.78,7099068,Приморский, Ивинская,1к4,Зенит,297361486
830,7,8,1,43.8,7095600,Красносельский, Лермонтова,15к2Б,Проспект Ветеранов,299600092
831,2,10,1,38.1,7020981,Курортный,,,Парнас,296760047
832,5,25,1,38.0,7050000,Выборгский, Михаила Дудина,25к1,Парнас,294945283
833,6,24,1,37.4,7023720,Приморский, Ивинская,19к3,Комендантский проспект,297361212
834,6,18,1,32.0,7000000,Василеостровский, Вадима Шефнера,4,Приморская,296324547
835,14,15,1,28.1,7000000,Выборгский,проспект Энгельса,113К2,Озерки,299370211
836,4,17,1,37.9,7053190,Приморский, Ивинская,9,Комендантский проспект,297361159
837,2,4,1,37.75,7015860,Пушкинский, Образцовая,2,Купчино,293667177
838,1,4,1,42.43,7068920,Пушкинский,,,Купчино,296121457
839,1,5,1,41.7,7048525,Пушкинский,,,Звездная,292309986
840,2,9,1,45.63,7072650,Колпинский,Заречье тер.,,Рыбацкое,298270048
841,2,12,1,36.91,7096561,Пушкинский,проспект Старорусский,5к1,Шушары,293752180
842,2,13,1,38.3,7000000,Выборгский, Тихоокеанская,1к2,Проспект Просвещения,298985630
843,3,4,1,39.66,7100210,Пушкинский,,,Шушары,296659653
844,1,5,1,37.4,7100296,Московский,Пулковский меридиан,,Звездная,299582466
845,1,4,1,43.23,7147920,Пушкинский,,,Звездная,296120146
846,1,5,1,37.6,7100233,Московский, Струве,12,Звездная,299582505
847,1,5,1,39.1,7100325,Московский, Струве,8к3,Звездная,299582488
848,1,5,1,37.4,7100296,Московский, Струве,8к2,Звездная,299582462
849,4,4,1,29.8,7100252,Петродворцовый,,,Автово,296627173
850,2,4,1,39.0,7137753,Пушкинский, Соколиная,,Купчино,298658246
851,1,9,1,47.59,7138500,Колпинский,Заречье тер.,,Рыбацкое,298270283
852,10,13,1,44.5,7120000,Невский,Варфоломеевская ,6,Ломоносовская,292781502
853,1,6,1,44.4,7104000,Курортный, Строителей,3к2,,292413435
854,2,14,1,37.3,7100000,Приморский,шоссе Суздальское,,Проспект Просвещения,278676829
855,3,12,1,33.05,7200107,Приморский,Коломяги,,Проспект Просвещения,298861148
856,5,5,1,34.38,7200254,Московский,Пулковское шоссе,95к3,Звездная,299178312
857,1,23,1,39.74,7220758,Приморский, Ивинская,1к4,Зенит,297361433
858,3,18,1,29.49,7225050,Невский, Тельмана,37,Ломоносовская,299555705
859,1,4,1,36.41,7200168,Петродворцовый,,,Автово,299493930
860,3,16,1,30.15,7196240,Московский,Московское шоссе,13Ж,Звездная,298145926
861,3,8,1,44.47,7204140,Красносельский, Лермонтова,15к2Ж,Проспект Ветеранов,293979143
862,1,9,1,35.38,7242615,Курортный,,582,Парнас,284756080
863,1,5,1,27.74,7219000,Курортный,,,Беговая,296825852
864,1,11,1,28.39,7150220,Невский, Гудиловская,6к1,Обухово,285014750
865,3,4,1,37.6,7247587,Пушкинский,,,Купчино,298658272
866,1,4,1,40.6,7206247,Пушкинский,,,Купчино,298658247
867,3,4,1,41.7,7248852,Пушкинский, Соколиная,,Купчино,298658222
868,1,4,1,41.1,7212184,Пушкинский, Соколиная,,Купчино,299336594
869,2,12,1,41.8,7239100,Пушкинский,,,Звездная,298655317
870,24,27,1,39.3,7200000,Невский,проспект Советский,36к1,Рыбацкое,299404957
871,12,12,1,29.85,7150224,Приморский,Коломяги,,Проспект Просвещения,298674260
872,1,4,1,43.23,7220600,Пушкинский,,,Купчино,296121487
873,1,5,1,42.83,7221267,Пушкинский,,,Звездная,292309696
874,1,4,1,38.2,7198716,Петродворцовый,,,Проспект Ветеранов,294622752
875,1,5,1,37.7,7209000,Пушкинский, Нины Петровой,10к1,Купчино,279690495
876,2,13,1,46.2,7161000,Невский,Варфоломеевская ,6,Ломоносовская,292781638
877,2,10,1,30.0,7199000,Фрунзенский,Будапештская ,9к1,Международная,296510309
878,4,13,1,34.42,7287849,Приморский,Коломяжский проспект,4,Черная речка,297552909
879,1,5,1,41.55,7285060,Пушкинский,Пулковское тер.,,Звездная,279689602
880,3,6,1,45.4,7264000,Курортный, Строителей,3к2,,292413427
881,7,14,1,35.3,7290000,Приморский,Планерная ,87к1,Комендантский проспект,292155905
882,1,5,1,37.02,7300029,Московский,Пулковское шоссе,95к3,Звездная,298405606
883,8,17,1,32.3,7300000,Невский,проспект Солидарности,14к1,,299650719
884,2,12,1,43.06,7320200,Пушкинский,,,,286946778
885,9,23,1,38.19,7314687,Приморский, Ивинская,1к2,Зенит,298977598
886,2,6,1,45.8,7328000,Курортный, Строителей,3к2,,292413426
887,19,27,1,44.0,7300000,Выборгский, Архитектора Белова,6к1,Парнас,299666176
888,13,20,1,35.5,7300000,Приморский,Комендантский проспект,55к1,Комендантский проспект,299268613
889,7,13,1,35.3,7445000,Приморский,Планерная ,87к1,,289698322
890,5,12,1,33.7,7350020,Приморский,Коломяги,,Проспект Просвещения,299540726
891,10,12,1,38.0,7389000,Невский,Караваевская ,42,Рыбацкое,299377383
892,9,12,1,31.91,7446985,Красногвардейский,Полюстрово,,Академическая,280432413
893,3,9,1,37.2,7438898,Курортный,,2,Проспект Просвещения,299577823
894,1,8,1,32.39,7394440,Красносельский,Константиновское,,Проспект Ветеранов,296410642
895,1,23,1,31.61,7353524,Невский,Рыбацкое,4,Рыбацкое,294049834
896,9,24,1,37.5,7361250,Приморский, Ивинская,19к3,Комендантский проспект,297361260
897,1,13,1,34.03,7447888,Приморский,аллея Арцеуловская,9,Пионерская,280840799
898,24,24,1,39.8,7440365,Невский, Русановская,24,Пролетарская,294090972
899,8,13,1,34.72,7417650,Приморский,Коломяжский проспект,4,Черная речка,297553019
900,3,5,1,31.2,7350000,Фрунзенский,Лиговский проспект,251,Обводный канал,294215677
901,6,25,1,37.0,7430000,Приморский,аллея Арцеуловская,19,Комендантский проспект,297918540
902,2,5,1,37.85,7417760,Пушкинский, Нины Петровой,8к1,Купчино,279688957
903,1,5,1,38.9,7396800,Пушкинский, Нины Петровой,8к1,Купчино,279688936
904,1,5,1,38.9,7396800,Пушкинский, Нины Петровой,10к1,Купчино,279690571
905,2,5,1,37.85,7417760,Пушкинский, Нины Петровой,6к1,Купчино,279690870
906,1,5,1,38.7,7380370,Пушкинский, Нины Петровой,6к1,Купчино,279690865
907,3,5,1,39.4,7400000,Красногвардейский,проспект Наставников,36к1,Ладожская,298310823
908,2,4,1,39.1,7450057,Пушкинский,шоссе Колпинское,129,Купчино,282420034
909,1,5,1,38.68,7450154,Московский,Пулковское шоссе,99к6,Звездная,296336642
910,11,26,1,37.1,7457100,Пушкинский,проспект Новгородский,2к3,Шушары,296842429
911,9,16,1,31.4,7494589,Московский,Московское шоссе,13Ж,Звездная,298146235
912,1,9,1,37.5,7468104,Курортный,,581,Проспект Просвещения,284754903
913,2,10,1,41.3,7499119,Курортный,,,Парнас,296760023
914,1,5,1,42.86,7457360,Колпинский,шоссе Рубежное,14,Рыбацкое,298649537
915,1,11,1,31.6,7473684,Невский, Гудиловская,6к1,Обухово,299173187
916,3,16,1,42.0,7450000,Красносельский,Ленинский проспект,67к2,Ленинский проспект,286808714
917,2,25,1,37.36,7472000,Красносельский, Маршала Казакова,64к1,,294606177
918,5,9,1,57.4,7490000,Колпинский, Красных Партизан,5,Купчино,297711365
919,2,23,1,38.93,7495098,Приморский, Ивинская,1к4,Зенит,297885374
920,1,4,1,38.69,7469560,Петродворцовый,,,Проспект Ветеранов,294622904
921,1,4,1,39.9,7453516,Петродворцовый,,,Проспект Ветеранов,294622539
922,1,5,1,42.95,7464250,Пушкинский,Пулковское тер.,,Звездная,279689577
923,2,9,1,37.1,7450000,Невский, Белышева,4И,Проспект Большевиков,298151164
924,18,19,1,44.0,7450000,Приморский,Парашютная ,56к3,Комендантский проспект,298117104
925,1,10,1,37.5,7450000,Невский, Крыленко,13к4,Улица Дыбенко,299328977
926,23,24,1,30.57,7573438,Невский, Славянская,,Рыбацкое,299173194
927,1,11,1,32.92,7589805,Невский, Гудиловская,6к1,Обухово,298762033
928,1,4,1,36.25,7500300,Пушкинский,,,Купчино,299153203
929,13,17,1,35.5,7550000,Московский,Пулковское шоссе,20к4,Звездная,298793376
930,4,8,1,46.63,7554060,Красносельский, Лермонтова,15к2Б,Проспект Ветеранов,299600106
931,4,17,1,39.0,7550000,Красногвардейский,проспект Энтузиастов,31к3,,296420832
932,2,9,1,38.92,7514370,Курортный,,582,Парнас,292731069
933,1,5,1,32.6,7562000,Курортный,,,Беговая,296825940
934,5,12,1,34.8,7550295,Приморский,Коломяги,,Проспект Просвещения,299084762
935,18,20,1,37.2,7530000,Приморский,Комендантский проспект,55к1,,297684047
936,3,12,1,43.0,7595267,Пушкинский,,,Звездная,298655319
937,3,17,1,45.3,7500000,Красносельский,проспект Ветеранов,122,,269266431
938,7,13,1,33.4,7584739,Приморский,Коломяжский проспект,4,Черная речка,297553250
939,1,5,1,44.06,7567560,Колпинский,шоссе Рубежное,14,Рыбацкое,298649491
940,12,13,1,33.3,7500000,Приморский,проспект Авиаконструкторов,63,Комендантский проспект,296717073
941,10,13,1,31.42,7554970,Приморский,Коломяжский проспект,4,Черная речка,297553110
942,1,4,1,47.61,7522380,Пушкинский,,,Купчино,296120353
943,1,4,1,47.51,7506580,Пушкинский,,,Купчино,296121588
944,1,4,1,41.04,7583214,Петродворцовый,,,Проспект Ветеранов,294622481
945,1,5,1,39.85,7536230,Пушкинский, Нины Петровой,8к1,Купчино,279689051
946,1,5,1,39.85,7536230,Пушкинский, Нины Петровой,10к1,Купчино,279690581
947,1,5,1,39.85,7536230,Пушкинский, Нины Петровой,6к1,Купчино,279690862
948,1,6,1,46.9,7504000,Курортный, Строителей,3к2,,292413400
949,12,13,1,35.6,7529685,Невский,Варфоломеевская ,6,Ломоносовская,292781508
950,5,23,1,39.79,7625862,Приморский, Ивинская,1к1,Зенит,297884994
951,6,13,1,31.79,7628105,Приморский,Коломяжский проспект,4,Черная речка,299636729
952,1,13,1,36.02,7620888,Приморский,аллея Арцеуловская,9,Пионерская,298845873
953,1,12,1,36.35,7601132,Красногвардейский,Полюстрово,,Академическая,294544970
954,1,11,1,33.92,7634408,Невский, Гудиловская,6к1,Обухово,285014748
955,3,8,1,35.18,7647648,Колпинский,,10,Шушары,299405960
956,7,13,1,31.9,7602740,Приморский,Юнтолово,,Беговая,297294048
957,1,27,1,41.16,7622832,Выборгский,Заречная ,48к2,Парнас,297361437
958,2,24,1,40.0,7632000,Приморский, Ивинская,11,Комендантский проспект,297361165
959,14,18,1,33.61,7730000,Василеостровский, Вадима Шефнера,4,Приморская,289707289
960,3,25,1,36.83,7712673,Приморский,Коломяги,,Проспект Просвещения,298056559
961,9,13,1,30.75,7749000,Невский, Тельмана,37,Ломоносовская,299555925
962,7,23,1,41.18,7747707,Приморский, Ивинская,1к1,Зенит,297885000
963,9,23,1,42.4,7723718,Приморский, Ивинская,1к2,Зенит,298977446
964,2,13,1,34.4,7728272,Приморский,Планерная ,95к1,Комендантский проспект,294504986
965,1,16,1,31.35,7717022,Невский,проспект Советский,43к2,Рыбацкое,295114181
966,1,5,1,41.7,7650094,Московский, Струве,12,Звездная,299582494
967,12,12,1,32.3,7650171,Приморский,Коломяги,,Проспект Просвещения,298593611
968,9,13,1,38.92,7672105,Приморский,Коломяжский проспект,4,Черная речка,297553061
969,2,4,1,35.25,7738500,Пушкинский,,,Купчино,299153248
970,5,5,1,43.69,7667430,Колпинский,проезд Понтонный,6,Рыбацкое,298649325
971,1,9,1,32.69,7687294,Красносельский, Тамбасова,5,Проспект Ветеранов,295858979
972,10,17,1,40.0,7700000,Приморский, Шаврова,13к1,Комендантский проспект,296759402
973,1,4,1,53.0,7650000,Пушкинский, Анциферовская,7,Купчино,298764525
974,22,25,1,35.63,7798423,Приморский,Коломяги,,Проспект Просвещения,298056538
975,5,5,1,38.15,7800110,Московский,Пулковское шоссе,99к6,Звездная,296336641
976,5,5,1,38.46,7800072,Московский,Пулковское шоссе,95к4,Звездная,292077109
977,1,4,1,38.05,7800870,Пушкинский,,,Купчино,299153116
978,1,27,1,37.4,7790420,Выборгский,проезд Толубеевский,34к2,,297361373
979,9,12,1,34.32,7778834,Красногвардейский,Полюстрово,,Академическая,280432411
980,11,12,1,31.4,7800835,Красногвардейский,Полюстрово,,Академическая,280432240
981,2,4,1,36.5,7750045,Петродворцовый,,,Автово,297483299
982,1,5,1,42.8,7750031,Московский,Пулковское шоссе,71к3,Звездная,295872541
983,1,4,1,42.4,7821470,Пушкинский,,,Купчино,298658274
984,5,12,1,36.15,7800175,Приморский,Коломяги,,Проспект Просвещения,298861165
985,5,5,1,40.32,7777500,Колпинский,шоссе Рубежное,14,Рыбацкое,298649523
986,20,27,1,35.23,7803235,Выборгский,проезд Толубеевский,34к2,,297361412
987,1,16,1,34.9,7754780,Выборгский, Федора Абрамова,29,Проспект Просвещения,297361565
988,1,16,1,34.3,7765520,Выборгский, Федора Абрамова,29,Проспект Просвещения,297361559
989,4,23,1,38.13,7838556,Приморский, Ивинская,5к2,Зенит,297885275
990,1,6,1,48.9,7824000,Курортный, Строителей,3к2,,292413471
991,1,5,1,39.72,7850137,Московский,Пулковское шоссе,99к6,Звездная,291717477
992,10,13,1,33.76,7890000,Василеостровский, Чирикова,5,Приморская,298329840
993,11,13,1,33.3,7872239,Приморский,Юнтолово,,Беговая,297293663
994,2,9,1,26.6,7886900,Выборгский,Светлановский проспект,45,Политехническая,299252937
995,1,13,1,39.2,7874807,Приморский,Планерная ,87к1,Комендантский проспект,298164345
996,2,5,1,33.5,7951000,Курортный,,,Беговая,296825929
997,11,19,1,36.4,7999999,Приморский,аллея Арцеуловская,19,Комендантский проспект,298927656
998,2,5,1,39.37,7900299,Московский,Пулковское шоссе,95к3,Звездная,299312161
999,1,11,1,31.1,7954945,Невский, Гудиловская,6к1,Обухово,285024170
1000,2,7,1,34.35,7981000,Выборгский,Шувалово-Озерки,,,298609202
1001,5,23,1,45.05,7969170,Приморский, Ивинская,1к2,Зенит,298977412
1002,1,4,1,38.75,7992000,Пушкинский,,,Купчино,299153360
1003,2,23,1,36.3,7950454,Невский,Рыбацкое,5,Рыбацкое,299260982
1004,3,23,1,34.03,7928990,Красносельский,Юго-Запад,,Автово,299096972
1005,2,23,1,36.09,7939800,Красносельский,Юго-Запад,,Автово,296181327
1006,2,12,1,38.92,7960949,Красногвардейский,Полюстрово,,Академическая,280432270
1007,3,12,1,35.34,7969854,Красногвардейский,Полюстрово,,Академическая,280432146
1008,4,9,1,38.63,7903395,Курортный,,581,Проспект Просвещения,291704658
1009,8,10,1,42.0,7936682,Курортный,,,Парнас,296760002
1010,1,11,1,30.56,7975344,Невский, Гудиловская,5к1,Рыбацкое,295426162
1011,2,13,1,36.3,7984514,Приморский,Планерная ,95к1,Комендантский проспект,294504988
1012,3,5,1,40.9,7900346,Московский, Струве,8к2,Звездная,299582458
1013,3,13,1,36.83,7915888,Приморский,аллея Арцеуловская,9,Старая Деревня,283548873
1014,24,27,1,40.29,7993536,Выборгский,Заречная ,50,Парнас,297361556
1015,19,24,1,42.28,7950000,Приморский,аллея Арцеуловская,15,Комендантский проспект,297468597
1016,2,13,1,37.1,7901731,Приморский,Юнтолово,,Беговая,297293461
1017,1,4,1,46.3,7962167,Пушкинский, Соколиная,,Купчино,298658217
1018,6,13,1,34.3,7993108,Приморский,Юнтолово,,Беговая,297291830
1019,1,13,1,34.5,7901739,Приморский,Планерная ,87к1,Комендантский проспект,261618752
1020,11,18,1,46.5,7900000,Красногвардейский,Хасанская ,10к2,,290331282
1021,4,27,1,35.91,7936938,Выборгский,проезд Толубеевский,34к2,,297361390
1022,1,9,1,34.22,7975277,Красносельский, Тамбасова,5,Проспект Ветеранов,295859148
1023,1,4,1,42.04,7987964,Петродворцовый,,,Проспект Ветеранов,294623343
1024,1,4,1,43.28,7925310,Петродворцовый,,,Проспект Ветеранов,294622549
1025,1,5,1,41.85,7919750,Пушкинский, Нины Петровой,10к1,Купчино,279690445
1026,1,5,1,41.85,7919750,Пушкинский, Нины Петровой,6к1,Купчино,279690761
1027,2,23,1,38.77,7938609,Приморский, Ивинская,5к2,Зенит,297885267
1028,6,13,1,41.5,7937622,Невский,Варфоломеевская ,6,Ломоносовская,292781464
1029,2,12,1,40.0,7900000,Фрунзенский,Будапештская ,17к3,Международная,294422192
1030,1,12,1,33.98,8000013,Приморский,Коломяги,,Озерки,298589220
1031,3,18,1,36.57,8045400,Невский, Тельмана,37,Ломоносовская,299556109
1032,17,27,1,37.19,8040630,Выборгский,Заречная ,52к1,,297905233
1033,4,8,1,33.26,8045444,Красносельский,Константиновское,,Проспект Ветеранов,297432494
1034,2,8,1,33.52,8004148,Красносельский,Константиновское,,Проспект Ветеранов,295660035
1035,11,26,1,34.3,8000000,Калининский,проспект Луначарского,78к5,Гражданский проспект,298102076
1036,9,26,1,39.6,8000000,Выборгский, Федора Абрамова,8,Парнас,299159480
1037,22,24,1,41.4,8023320,Приморский, Ивинская,13,Комендантский проспект,297361388
1038,1,7,1,33.36,8021000,Выборгский,Шувалово-Озерки,,,298609268
1039,20,24,1,41.5,8001200,Приморский, Ивинская,13,Комендантский проспект,297361374
1040,11,17,1,31.3,8100158,Невский,Невский,,Проспект Большевиков,297483172
1041,4,4,1,44.27,8100126,Пушкинский,,,Шушары,295505103
1042,1,5,1,41.5,8100198,Московский,Пулковское шоссе,99к6,Звездная,291717479
1043,3,27,1,37.65,8116032,Выборгский,Заречная ,52к1,,297905097
1044,2,17,1,35.02,8059599,Красносельский,Константиновское,,Проспект Ветеранов,295660104
1045,2,18,1,37.83,8133450,Невский, Тельмана,37,Ломоносовская,299556084
1046,1,4,1,39.8,8105400,Пушкинский,,,Купчино,299153206
1047,12,12,1,33.16,8132795,Красногвардейский,Полюстрово,,Академическая,294545495
1048,2,13,1,39.01,8098888,Приморский,аллея Арцеуловская,9,Старая Деревня,292286460
1049,6,6,1,54.81,8146880,Московский,Пулковский меридиан,,Звездная,297264888
1050,2,13,1,36.6,8050502,Приморский,Планерная ,95к1,Комендантский проспект,294504992
1051,6,9,1,26.3,8139850,Выборгский,Светлановский проспект,45,Политехническая,299252954
1052,1,4,1,49.23,8095920,Пушкинский,,,Звездная,296122381
1053,2,9,1,31.47,8106852,Красносельский, Тамбасова,5,Проспект Ветеранов,295858818
1054,1,6,1,50.5,8080000,Курортный, Строителей,3к2,,292414712
1055,1,5,1,39.4,8249999,Пушкинский,Саперная ,55к2с7,Московская,298575932
1056,6,27,1,37.43,8246798,Выборгский,проезд Толубеевский,34к3,,297361194
1057,2,12,1,38.45,8175122,Красногвардейский,Полюстрово,,Академическая,282813186
1058,2,5,1,31.84,8235000,Курортный,,,Беговая,296825797
1059,3,13,1,38.09,8238888,Приморский,аллея Арцеуловская,9,Старая Деревня,299028858
1060,1,4,1,40.54,8200208,Петродворцовый,,,Автово,295923130
1061,1,4,1,39.07,8200089,Петродворцовый,,,Автово,295430606
1062,1,15,1,33.24,8200158,Невский,Октябрьская набережная,36к3,Проспект Большевиков,295216919
1063,1,5,1,43.7,8150000,Пушкинский, Архитектора Данини,17к2,,289009454
1064,9,12,1,37.35,8200061,Приморский,Коломяги,,Проспект Просвещения,298593631
1065,1,7,1,34.95,8170000,Выборгский,Шувалово-Озерки,,,298609270
1066,5,13,1,44.4,8200000,Невский,Варфоломеевская ,6,Ломоносовская,292781520
1067,12,13,1,38.7,8185360,Невский,Варфоломеевская ,6,Ломоносовская,292781511
1068,11,23,1,36.04,8282320,Невский,Рыбацкое,4,Рыбацкое,298813566
1069,3,16,1,35.28,8261474,Невский, Гудиловская,9,Рыбацкое,296760144
1070,3,8,1,39.93,8254470,Колпинский,,10,Шушары,299405959
1071,3,8,1,39.1,8269939,Колпинский,,10,Шушары,299405958
1072,12,12,1,32.8,8268880,Московский,Московское шоссе,3к5,Звездная,294538586
1073,1,12,1,40.82,8296802,Красногвардейский,Полюстрово,,Академическая,294544976
1074,2,25,1,38.59,8296850,Красносельский, Маршала Казакова,64к1,,294605833
1075,8,13,1,36.02,8251461,Приморский,Коломяжский проспект,4,Черная речка,297552979
1076,8,13,1,30.9,8272266,Приморский,Юнтолово,,Беговая,297290660
1077,1,27,1,41.06,8277696,Выборгский,Заречная ,52к1,,297905086
1078,1,13,1,36.2,8279633,Приморский,Планерная ,87к1,Комендантский проспект,294458084
1079,8,25,1,44.2,8398000,Приморский,Коломяги,,Проспект Просвещения,299571906
1080,14,23,1,36.66,8321820,Красносельский,Юго-Запад,,Автово,299096887
1081,2,12,1,34.87,8350039,Приморский,Коломяги,,Озерки,298819826
1082,4,5,1,40.01,8300114,Московский,Пулковское шоссе,95к3,Звездная,297741433
1083,5,26,1,39.5,8383875,Пушкинский,проспект Новгородский,2к3,Купчино,296718684
1084,3,12,1,33.6,8332800,Красногвардейский,Партизанская ,5Б,Ладожская,299403395
1085,1,23,1,34.93,8338611,Невский,Рыбацкое,4,Рыбацкое,293529893
1086,1,5,1,35.68,8301000,Курортный,,,Беговая,296825855
1087,2,7,1,36.74,8369000,Выборгский,Шувалово-Озерки,,,298609113
1088,6,10,1,36.02,8351213,Красносельский,Константиновское,,Проспект Ветеранов,295660081
1089,3,16,1,36.48,8313497,Невский, Гудиловская,9,Рыбацкое,299577862
1090,1,12,1,36.14,8300273,Приморский,Коломяги,,Озерки,295387848
1091,17,17,1,50.0,8375000,Московский,Краснопутиловская ,66к2,Московская,297473105
1092,5,5,1,41.32,8375900,Колпинский,шоссе Рубежное,12,Рыбацкое,299312035
1093,7,9,1,29.63,8387872,Красносельский, Тамбасова,5,Проспект Ветеранов,295859031
1094,4,26,1,39.4,8362650,Пушкинский,проспект Новгородский,2к3,Купчино,296746294
1095,2,6,1,52.2,8352000,Курортный, Строителей,3к2,,292413393
1096,2,12,1,36.0,8442000,Красногвардейский,Партизанская ,5Б,Ладожская,299403290
1097,2,12,1,31.2,8400210,Московский,Новоизмайловское,,,299394246
1098,8,15,1,30.46,8400076,Невский,Невский,,Ломоносовская,299354083
1099,1,4,1,41.85,8461100,Пушкинский,,,Купчино,299153164
1100,3,15,1,37.0,8400000,Василеостровский,проспект Крузенштерна,2,Приморская,299607104
1101,5,8,1,41.11,8493982,Колпинский,,10,Шушары,299405954
1102,3,12,1,35.89,8491888,Приморский,аллея Арцеуловская,7к2,Пионерская,297252057
1103,1,15,1,34.07,8400282,Невский,Октябрьская набережная,36к3,Проспект Большевиков,295216920
1104,9,9,1,38.2,8450000,Выборгский,Северный проспект,10К1,Озерки,299065835
1105,3,15,1,41.1,8466600,Невский, Евдокима Огнева,3,Улица Дыбенко,298605022
1106,1,9,1,36.59,8446113,Красносельский, Тамбасова,5,Проспект Ветеранов,295859055
1107,1,7,1,36.42,8429000,Выборгский,Шувалово-Озерки,,,298609143
1108,4,12,1,35.8,8400000,Приморский,проспект Авиаконструкторов,54,Комендантский проспект,295770254
1109,20,25,1,38.72,8503735,Приморский,Коломяги,,Проспект Просвещения,298056569
1110,10,25,1,40.83,8537903,Приморский,Коломяги,,Озерки,298056565
1111,5,23,1,45.05,8530050,Приморский, Ивинская,5к2,Зенит,297361893
1112,6,17,1,35.82,8545506,Невский,Октябрьская набережная,11Б,Пролетарская,297359569
1113,2,12,1,37.7,8539050,Красногвардейский,Партизанская ,5Б,Ладожская,299403384
1114,3,8,1,42.29,8505518,Колпинский,,10,Шушары,296862454
1115,18,24,1,40.5,8500000,Невский, Архивная,11к3,Проспект Большевиков,297014592
1116,3,12,1,38.14,8581500,Приморский,м. Комендантский проспект,,Комендантский проспект,294914028
1117,13,18,1,33.27,8630498,Московский,м. Ленинский проспект,,Ленинский проспект,293304082
1118,12,17,1,35.45,8638656,Невский,Октябрьская набережная,11Б,Пролетарская,297359640
1119,10,18,1,33.53,8559072,Московский,м. Ленинский проспект,,Ленинский проспект,293304020
1120,2,12,1,39.31,8575888,Приморский,аллея Арцеуловская,7к2,Пионерская,287076880
1121,13,23,1,41.3,8634891,Выборгский,дорога Ольгинская,,Парнас,298864250
1122,2,12,1,40.18,8610561,Красногвардейский,Полюстрово,,Академическая,294545041
1123,3,16,1,32.1,8616064,Невский, Гудиловская,9,Рыбацкое,296862489
1124,1,4,1,43.91,8550067,Петродворцовый,,,Автово,296582593
1125,17,17,1,31.53,8550163,Невский,Невский,,Проспект Большевиков,298589135
1126,6,6,1,27.2,8627296,Адмиралтейский,набережная Обводного Канала,118бБ,Балтийская,298163680
1127,9,18,1,34.82,8626697,Московский,м. Ленинский проспект,,Ленинский проспект,293304561
1128,9,13,1,31.9,8629573,Приморский,Юнтолово,,Беговая,297291980
1129,1,4,1,42.65,8580820,Пушкинский,,,Купчино,299153115
1130,2,23,1,45.76,8635900,Приморский, Ивинская,5к2,Зенит,297885116
1131,11,12,1,36.05,8715000,Приморский,проспект Авиаконструкторов,54,,289698328
1132,4,18,1,32.06,8685054,Фрунзенский, Салова,61,Бухарестская,294676144
1133,4,10,1,37.8,8653324,Приморский,Парашютная ,79к1,Озерки,293828764
1134,8,10,1,34.7,8653483,Приморский,Парашютная ,79к1,Комендантский проспект,298402670
1135,1,12,1,34.06,8700065,Московский,Новоизмайловское,,,298191324
1136,1,13,1,35.85,8670072,Василеостровский,Гавань,,Горный институт,295360225
1137,14,23,1,42.4,8741504,Приморский, Ивинская,5к2,Зенит,297361919
1138,3,17,1,37.66,8713598,Невский,Октябрьская набережная,11Б,Пролетарская,297359516
1139,20,23,1,39.2,8669912,Выборгский,дорога Ольгинская,,Парнас,298864065
1140,8,12,1,39.2,8697000,Выборгский,проспект Просвещения,46К1,Проспект Просвещения,298279591
1141,3,27,1,37.97,8699671,Выборгский,проезд Толубеевский,32,Проспект Просвещения,297992646
1142,1,11,1,36.79,8670226,Невский, Гудиловская,6к1,Обухово,285014744
1143,18,24,1,36.08,8659200,Московский,Новоизмайловское,,,295883189
1144,1,12,1,37.61,8700227,Приморский,Коломяги,,Озерки,298589169
1145,7,13,1,39.8,8726756,Приморский,Юнтолово,,Беговая,297294266
1146,1,26,1,42.0,8700000,Московский,Дунайский проспект,14к1,Звездная,294418388
1147,4,13,1,36.83,8715193,Приморский,Коломяжский проспект,4,Черная речка,297552890
1148,2,12,1,37.19,8700117,Приморский,Коломяги,,Озерки,296729990
1149,3,18,1,32.67,8791497,Фрунзенский, Салова,61,Бухарестская,294676138
1150,4,13,1,40.6,8779092,Приморский,Юнтолово,,Беговая,297293515
1151,1,9,1,39.08,8767263,Красносельский, Тамбасова,5,Проспект Ветеранов,295859149
1152,2,23,1,42.82,8758112,Приморский, Ивинская,5к2,Зенит,297885113
1153,17,17,1,38.0,8790000,Калининский,Пискарёвка,3к2,Лесная,299357511
1154,4,12,1,35.7,8885730,Красногвардейский,Большая Охта,,,299181862
1155,1,8,1,33.9,8814000,Приморский,Коломяги,,Проспект Просвещения,299127351
1156,6,23,1,50.26,8881673,Приморский, Ивинская,1к2,Зенит,298977422
1157,10,23,1,42.7,8822061,Выборгский,дорога Ольгинская,,Парнас,298863885
1158,1,13,1,36.61,8824035,Василеостровский,Гавань,,Горный институт,298644030
1159,4,12,1,35.2,8828160,Красногвардейский,Большая Охта,,,299152926
1160,2,12,1,38.7,8862300,Красногвардейский,Партизанская ,5Б,Ладожская,299413116
1161,1,23,1,36.86,8850067,Невский,Невский,,Проспект Большевиков,298589056
1162,4,15,1,39.47,8898496,Красногвардейский,проспект Энергетиков,6,Ладожская,290733260
1163,20,24,1,36.73,8815200,Московский,Новоизмайловское,,,295883232
1164,12,17,1,37.17,8879975,Невский,Октябрьская набережная,11Б,Пролетарская,297359631
1165,7,17,1,37.8,8850000,Калининский,проспект Науки,17к2,Академическая,294783945
1166,2,9,1,34.55,8820625,Красносельский, Тамбасова,5,Проспект Ветеранов,295858618
1167,2,7,1,39.01,8853000,Выборгский,Шувалово-Озерки,,,298609327
1168,3,9,1,34.4,8850000,Фрунзенский,Бухарестская ,35К6,Проспект Славы,299605037
1169,5,18,1,35.21,8904609,Фрунзенский, Салова,61,Бухарестская,296851395
1170,19,21,1,34.9,8900093,Невский,Невский,,Проспект Большевиков,299394172
1171,15,15,1,32.91,8900048,Невский,Невский,,Ломоносовская,298860989
1172,3,12,1,32.23,8900250,Московский,Новоизмайловское,,,296780028
1173,1,22,1,33.75,8908329,Калининский,Финляндский,,Лесная,299508157
1174,3,12,1,37.35,8991550,Красногвардейский,Полюстрово,,Академическая,280431966
1175,1,11,1,36.95,8952320,Невский, Гудиловская,5к1,Рыбацкое,295426165
1176,3,8,1,42.5,8929182,Колпинский,,10,Шушары,296091902
1177,11,18,1,33.0,8910000,Василеостровский, Вадима Шефнера,4,Василеостровская,296306162
1178,5,13,1,33.55,8999999,Приморский,Планерная ,97к1,Комендантский проспект,293278068
1179,3,12,1,38.61,8950261,Приморский,Коломяги,,Озерки,295505724
1180,2,4,1,41.45,8993160,Пушкинский,,,Купчино,294621088
1181,2,23,1,50.67,8925552,Приморский, Ивинская,1к2,Зенит,298977392
1182,6,13,1,36.1,8900000,Приморский, Плесецкая,6,Комендантский проспект,296713599
1183,1,10,1,35.22,9000259,Московский,м. Ленинский проспект,,Ленинский проспект,294285105
1184,2,5,1,45.19,9050133,Московский,Пулковское шоссе,99к6,Звездная,297741475
1185,2,5,1,44.71,9050153,Московский,Пулковское шоссе,95к3,Звездная,291346168
1186,2,16,1,38.1,9000000,Приморский,Комендантский проспект,21к1,Комендантский проспект,284538761
1187,16,18,1,33.7,9099000,Василеостровский, Вадима Шефнера,4,Василеостровская,296306133
1188,12,13,1,37.45,9064888,Приморский,проспект Авиаконструкторов,61,Комендантский проспект,292031921
1189,11,16,1,32.2,9045648,Московский,Кубинская ,82к1,Ленинский проспект,274433381
1190,2,7,1,40.25,9090000,Выборгский,Шувалово-Озерки,,,298609110
1191,2,13,1,39.5,9047888,Приморский,аллея Арцеуловская,9,Старая Деревня,297252445
1192,2,23,1,36.66,9007891,Невский,Рыбацкое,4,Рыбацкое,294577143
1193,1,11,1,36.28,9023715,Невский, Гудиловская,5к1,Рыбацкое,295426164
1194,1,11,1,39.16,9093073,Невский, Гудиловская,5к1,Рыбацкое,295426163
1195,2,13,1,40.61,9098888,Приморский,аллея Арцеуловская,9,Старая Деревня,299028816
1196,13,13,1,43.71,9069825,Приморский,Коломяжский проспект,4,Черная речка,299482243
1197,7,9,1,40.8,9050000,Фрунзенский, Ярослава Гашека,24к1,Дунайская,298985023
1198,2,15,1,47.6,9030896,Невский, Евдокима Огнева,3,Улица Дыбенко,296210659
1199,1,9,1,40.1,9082859,Красносельский, Тамбасова,5,Проспект Ветеранов,298331248
1200,1,7,1,40.88,9052000,Выборгский,Шувалово-Озерки,,,298609103
1201,1,9,1,35.73,9100216,Московский,Новоизмайловское,,,297741502
1202,2,14,1,32.4,9194342,Фрунзенский,Волковское,5,Обводный канал,289171067
1203,2,10,1,41.0,9199471,Красносельский,Константиновское,,Проспект Ветеранов,295660073
1204,5,25,1,42.7,9188862,Приморский,Коломяги,,Проспект Просвещения,298656795
1205,15,16,1,38.85,9190714,Московский,Московское шоссе,13Ж,Звездная,298146092
1206,3,18,1,39.94,9159873,Московский,м. Ленинский проспект,,Ленинский проспект,293304516
1207,7,13,1,37.48,9199000,Калининский,Полюстровский проспект,77З,Лесная,299606946
1208,19,19,1,32.99,9135064,Калининский,Финляндский,,Выборгская,292590685
1209,9,12,1,38.6,9100000,Приморский,Беговая ,5К2,Беговая,298868436
1210,5,24,1,35.94,9155212,Невский, Славянская,8,Рыбацкое,291969168
1211,8,9,1,43.6,9100000,Пушкинский,Кедринская ,8,Купчино,298157643
1212,2,18,1,39.1,9188500,Невский, Тельмана,37,Ломоносовская,299555961
1213,1,8,1,35.5,9123500,Курортный, Правды,,,295094649
1214,17,18,1,35.7,9103500,Василеостровский, Вадима Шефнера,4,Василеостровская,296306234
1215,8,13,1,42.4,9161419,Приморский,Юнтолово,,Беговая,297293348
1216,4,13,1,41.3,9126232,Приморский,Юнтолово,,Беговая,297291714
1217,2,9,1,36.07,9120337,Красносельский, Тамбасова,5,Проспект Ветеранов,295858633
1218,6,8,1,34.42,9235000,Кировский,Двинская ,6,,289707293
1219,4,10,1,40.3,9225633,Приморский,Парашютная ,79к1,Комендантский проспект,295329509
1220,4,21,1,37.59,9200114,Невский,Невский,,Проспект Большевиков,299394174
1221,11,12,1,40.54,9213888,Приморский,аллея Арцеуловская,7к2,Пионерская,297252298
1222,14,17,1,35.49,9243918,Калининский,Финляндский,,,294622054
1223,5,24,1,42.95,9234250,Московский,Новоизмайловское,,,286950342
1224,2,13,1,45.0,9217622,Приморский,Юнтолово,,Беговая,297293268
1225,9,9,1,44.0,9200000,Фрунзенский, Димитрова,20К1,Проспект Славы,289879502
1226,5,18,1,35.58,9318402,Фрунзенский, Салова,61,Бухарестская,296731350
1227,2,12,1,40.26,9300241,Приморский,Коломяги,,Озерки,298292423
1228,4,12,1,36.5,9252750,Красногвардейский,Большая Охта,,,299095696
1229,5,13,1,46.0,9277740,Приморский,Коломяжский проспект,4,Черная речка,299482180
1230,14,16,1,33.29,9325888,Московский,Кубинская ,82к1,Ленинский проспект,274433429
1231,9,18,1,37.98,9300058,Московский,м. Ленинский проспект,,Ленинский проспект,276766703
1232,2,17,1,38.97,9269708,Невский,Октябрьская набережная,11Б,Пролетарская,297359348
1233,5,18,1,38.54,9271903,Московский,м. Ленинский проспект,,Ленинский проспект,299473000
1234,13,18,1,31.5,9258768,Адмиралтейский,бульвар Измайловский,11,Московские ворота,298656014
1235,17,18,1,36.5,9307500,Василеостровский, Вадима Шефнера,4,Василеостровская,296306227
1236,11,16,1,33.55,9251313,Московский,Кубинская ,82к1,Ленинский проспект,274433378
1237,3,13,1,43.2,9307908,Приморский,Юнтолово,,Беговая,297294419
1238,1,4,1,38.94,9345600,Выборгский, Береговая,8,Проспект Просвещения,296810974
1239,17,19,1,34.37,9288479,Калининский,Финляндский,,Выборгская,292590654
1240,2,7,1,34.76,9350127,Московский,Новоизмайловское,,,299582578
1241,1,12,1,36.66,9350169,Московский,м. Ленинский проспект,,Ленинский проспект,294285111
1242,1,23,1,39.2,9400238,Невский,Невский,,Проспект Большевиков,298589058
1243,1,15,1,39.03,9350182,Невский,Октябрьская набережная,36к3,Проспект Большевиков,298589109
1244,2,7,1,40.15,9444085,Красносельский,Константиновское,,Проспект Ветеранов,295660176
1245,1,5,1,42.63,9378600,Выборгский, Береговая,12,Проспект Просвещения,297558267
1246,1,22,1,35.83,9351018,Калининский,Финляндский,,Лесная,299508162
1247,2,12,1,38.0,9424000,Красногвардейский,Большая Охта,,,294539066
1248,2,12,1,35.7,9406950,Красногвардейский,Партизанская ,5,,294538741
1249,2,12,1,36.5,9398750,Красногвардейский,Партизанская ,5,,294538748
1250,2,12,1,36.8,9439200,Красногвардейский,Партизанская ,,,294539268
1251,3,16,1,39.33,9394795,Невский, Гудиловская,9,Рыбацкое,295478525
1252,12,12,1,40.44,9438888,Приморский,аллея Арцеуловская,7к2,Пионерская,297252398
1253,12,15,1,37.7,9400080,Невский,Октябрьская набережная,36к3,Проспект Большевиков,298999845
1254,10,25,1,42.3,9446245,Приморский,Коломяги,,Проспект Просвещения,298656806
1255,4,13,1,38.6,9421309,Приморский,Юнтолово,,Беговая,297291070
1256,2,3,1,35.8,9400000,Адмиралтейский,Галерная ,57,Адмиралтейская,297684628
1257,3,14,1,32.5,9416160,Фрунзенский,Волковское,5,Обводный канал,291986464
1258,2,12,1,40.55,9400321,Приморский,Коломяги,,Озерки,293685401
1259,14,19,1,35.82,9433296,Калининский,Финляндский,,Выборгская,292590579
1260,3,17,1,36.86,9438552,Калининский,Финляндский,,,294622025
1261,3,12,1,34.14,9404887,Выборгский,Светлановское,,Удельная,293271543
1262,11,23,1,50.32,9401821,Приморский, Ивинская,5к2,Зенит,297885196
1263,2,23,1,50.67,9412686,Приморский, Ивинская,5к2,Зенит,297361884
1264,9,25,1,36.46,9350000,Приморский,Коломяжский проспект,13к2,Пионерская,299257494
1265,5,25,1,47.0,9390000,Выборгский, Есенина,1к1,Озерки,280073299
1266,1,5,1,41.0,9500000,Калининский, Комсомола,49,Площадь Ленина,259666288
1267,9,12,1,32.5,9500237,Московский,м. Ленинский проспект,,Ленинский проспект,294799902
1268,10,12,1,32.32,9500092,Московский,м. Ленинский проспект,,Ленинский проспект,295966220
1269,6,8,1,38.0,9536048,Красносельский,Константиновское,,Проспект Ветеранов,295660022
1270,1,7,1,40.75,9465240,Красносельский,Константиновское,,Проспект Ветеранов,299621023
1271,7,12,1,37.51,9461597,Московский,Звёздное,,Звездная,298641822
1272,3,10,1,30.64,9498400,Выборгский, Курчатова,,Политехническая,298511484
1273,2,12,1,38.6,9538060,Красногвардейский,Большая Охта,,,294539072
1274,4,5,1,40.66,9545000,Курортный,,,Беговая,296297951
1275,2,24,1,45.4,9525380,Приморский,Парашютная ,54,Комендантский проспект,298574194
1276,17,25,1,40.6,9462901,Приморский,Коломяги,,Проспект Просвещения,298656801
1277,2,17,1,37.59,9488384,Калининский,Финляндский,,,294622019
1278,2,9,1,62.17,9512010,Колпинский,Заречье тер.,,Рыбацкое,298270133
1279,6,17,1,48.4,9499000,Кировский,проспект Ветеранов,108к1,Проспект Ветеранов,296650932
1280,13,15,1,36.68,9580000,Невский,Дальневосточный проспект,19к1,Проспект Большевиков,297137349
1281,3,12,1,34.09,9600204,Московский,м. Ленинский проспект,,Ленинский проспект,296730026
1282,1,7,1,42.42,9581000,Выборгский,Шувалово-Озерки,,,298609191
1283,9,14,1,38.9,9600000,Василеостровский,Морская набережная,17Г,Приморская,297344649
1284,6,23,1,47.6,9584120,Выборгский,дорога Ольгинская,,Парнас,298864127
1285,2,12,1,38.0,9644400,Красногвардейский,Партизанская ,,,294539356
1286,14,24,1,36.54,9624490,Невский, Славянская,8,Рыбацкое,285189660
1287,2,24,1,46.6,9603435,Приморский,Парашютная ,54,Комендантский проспект,298574193
1288,9,13,1,33.2,9571675,Приморский,Юнтолово,,Беговая,297294631
1289,7,13,1,39.5,9637597,Приморский,Юнтолово,,Беговая,297294589
1290,17,25,1,45.5,9555000,Невский,проспект Большевиков,79к4,Ломоносовская,299460702
1291,2,12,1,34.1,9608016,Фрунзенский,Волковское,5,Обводный канал,287469248
1292,2,14,1,36.0,9635328,Фрунзенский,Волковское,5,Обводный канал,287469233
1293,11,13,1,34.3,9572169,Фрунзенский,Волковское,3,Обводный канал,298768041
1294,12,13,1,32.5,9634560,Фрунзенский,Волковское,3,Обводный канал,299174617
1295,3,12,1,41.97,9550063,Приморский,Коломяги,,Озерки,296851501
1296,2,12,1,38.71,9627244,Московский,Звёздное,,Звездная,295358740
1297,12,12,1,35.24,9561845,Московский,Звёздное,,Звездная,298641831
1298,7,7,1,30.79,9581283,Калининский,Финляндский,,Выборгская,284359006
1299,1,19,1,39.53,9561750,Калининский,Финляндский,,Выборгская,286343955
1300,2,12,1,34.92,9619762,Выборгский,Светлановское,,Удельная,293271561
1301,1,23,1,40.22,9650306,Невский,Невский,,Проспект Большевиков,299354065
1302,1,16,1,44.9,9700000,Невский,Складская ,5,Проспект Большевиков,298754585
1303,18,23,1,31.8,9731649,Калининский,Финляндский,,Выборгская,299507552
1304,7,10,1,30.24,9676800,Выборгский, Курчатова,,Политехническая,298511660
1305,2,12,1,31.73,9700210,Невский,Невская застава,,Елизаровская,298769298
1306,19,24,1,43.0,9650000,Калининский, Бутлерова,40,Академическая,299338681
1307,13,15,1,35.08,9700000,Невский,Дальневосточный проспект,19к1,,299030639
1308,8,13,1,38.36,9691730,Приморский,Коломяжский проспект,4,Черная речка,297552991
1309,2,13,1,43.9,9666882,Приморский,Юнтолово,,Беговая,297293013
1310,12,19,1,40.5,9650000,Калининский,Северный проспект,75к1,Академическая,297620727
1311,8,12,1,39.55,9689750,Приморский,м. Комендантский проспект,,Комендантский проспект,296078229
1312,12,12,1,36.32,9676629,Московский,Звёздное,,Звездная,289467293
1313,4,9,1,38.33,9692757,Красносельский, Тамбасова,5,Проспект Ветеранов,295859179
1314,14,15,1,38.67,9755000,Василеостровский,проспект Крузенштерна,2,Приморская,290068364
1315,3,12,1,38.17,9788086,Московский,Звёздное,,Звездная,285507305
1316,6,18,1,39.49,9844857,Фрунзенский, Салова,61,Бухарестская,296731344
1317,1,9,1,32.61,9800152,Невский,Невская застава,,Елизаровская,296730116
1318,3,17,1,39.94,9800658,Невский,Октябрьская набережная,11Б,Пролетарская,297359524
1319,14,23,1,33.07,9824025,Калининский,Финляндский,,Выборгская,299507514
1320,2,13,1,36.19,9772000,Калининский,Академическое,,Политехническая,298016473
1321,1,5,1,43.0,9776000,Курортный,,,Беговая,292533647
1322,3,5,1,41.57,9827000,Курортный,,,Беговая,296825788
1323,1,15,1,40.49,9750194,Невский,Октябрьская набережная,36к3,Проспект Большевиков,298999849
1324,11,18,1,39.3,9825000,Василеостровский, Вадима Шефнера,4,Василеостровская,296306207
1325,2,19,1,38.83,9796478,Калининский,Финляндский,,Выборгская,286343989
1326,5,18,1,39.91,9913644,Фрунзенский, Салова,61,Бухарестская,297888593
1327,2,16,1,47.2,9890000,Фрунзенский,Дунайский проспект,34/16,Купчино,291855522
1328,1,12,1,40.2,9944849,Московский,Черниговская ,17,Московские ворота,298657634
1329,3,12,1,43.92,9882000,Приморский,м. Комендантский проспект,,Комендантский проспект,294913982
1330,3,17,1,33.57,9866659,Невский,Октябрьская набережная,11Б,Пролетарская,297359357
1331,2,12,1,38.53,9885681,Московский,Звёздное,,Звездная,298642029
1332,18,23,1,48.6,9917998,Выборгский,дорога Ольгинская,,Парнас,299121449
1333,6,22,1,33.35,9854184,Калининский,Финляндский,,Лесная,299508254
1334,7,10,1,32.05,9935500,Выборгский, Курчатова,,Политехническая,298511664
1335,3,10,1,33.02,9906000,Выборгский, Курчатова,,Политехническая,298511515
1336,8,23,1,30.73,9883098,Калининский,Финляндский,,Выборгская,299508083
1337,16,35,1,37.0,9850000,Невский,проспект Обуховской обороны,138к2,Пролетарская,299297560
1338,1,5,1,43.56,9915000,Курортный,,,Беговая,292533846
1339,2,12,1,32.54,9900262,Невский,Невская застава,,Елизаровская,298769312
1340,6,13,1,47.0,9869830,Приморский,Юнтолово,,Беговая,297294249
1341,3,13,1,48.6,9900341,Приморский,Юнтолово,,Беговая,297293998
1342,2,11,1,36.2,9900844,Фрунзенский,Волковское,3,Обводный канал,275298102
1343,4,6,1,37.1,9935380,Фрунзенский,Лиговский проспект,251,Обводный канал,293465857
1344,16,25,1,40.5,9900000,Приморский,Байконурская ,26,Комендантский проспект,299243940
1345,2,17,1,47.4,9900000,Калининский, Веденеева,2,Политехническая,296959460
1346,7,19,1,38.5,9900000,Московский,проспект Юрия Гагарина,32В,Московская,297787581
1347,4,12,1,35.98,10000029,Московский,м. Ленинский проспект,,Ленинский проспект,298191336
1348,2,9,1,36.77,9950182,Московский,Новоизмайловское,,,292970696
1349,11,12,1,36.2,9951380,Красногвардейский,Партизанская ,,,294539314
1350,12,12,1,33.34,9968260,Московский,Звёздное,,Звездная,285507453
1351,4,7,1,43.58,10037000,Выборгский,Шувалово-Озерки,,,298609262
1352,2,22,1,35.93,9992989,Калининский,Финляндский,,Лесная,299507639
1353,2,23,1,34.34,9991591,Калининский,Финляндский,,Выборгская,299507883
1354,15,15,1,32.06,10034780,Василеостровский,Гавань,12,Горный институт,298050431
1355,17,22,1,32.17,9964904,Калининский,Финляндский,,Лесная,299508517
1356,12,12,1,45.1,10025730,Московский,Московское шоссе,3к5,Звездная,294538589
1357,14,25,1,37.7,9950000,Московский,5-й Предпортовый проезд,1,Московская,298835885
1358,9,16,1,34.5,10010924,Выборгский,Шувалово-Озерки,,Проспект Просвещения,298008193
1359,13,17,1,41.62,10033687,Красносельский,Константиновское,,Проспект Ветеранов,295660052
1360,3,10,1,34.5,9990000,Выборгский,Манчестерская ,5к1,Удельная,299415787
1361,4,16,1,36.82,10032384,Московский,Кубинская ,82к1,Ленинский проспект,298643984
1362,2,12,1,42.67,10000226,Приморский,Коломяги,,Озерки,295505716
1363,5,17,1,42.0,9950000,Московский,Варшавская ,19к2,Электросила,299168182
1364,1,12,1,40.5,10052573,Московский,Черниговская ,17,Московские ворота,298657840
1365,2,12,1,40.53,10055574,Московский,Звёздное,,Звездная,286446798
1366,5,13,1,37.51,10053000,Калининский,Академическое,,Академическая,299482217
1367,2,14,1,34.3,10065506,Фрунзенский,Волковское,1,Обводный канал,288568686
1368,3,10,1,33.62,10086000,Выборгский, Курчатова,,Политехническая,298511487
1369,12,16,1,41.01,10117195,Московский,м. Ленинский проспект,,Ленинский проспект,269631848
1370,2,12,1,39.75,10083661,Московский,Звёздное,,Звездная,298641897
1371,1,19,1,41.72,10091482,Калининский,Финляндский,,Выборгская,286343958
1372,3,8,1,51.68,10167733,Колпинский,,10,Шушары,297429034
1373,12,12,1,46.8,10164960,Московский,Московское шоссе,3к5,Звездная,294538588
1374,20,22,1,31.35,10151579,Калининский,Финляндский,,Лесная,299508547
1375,4,11,1,42.85,10188059,Невский, Гудиловская,6к1,Обухово,292393168
1376,1,12,1,42.32,10200220,Невский,Невский,,Проспект Большевиков,298896656
1377,17,24,1,47.17,10188720,Московский,Новоизмайловское,,,295883164
1378,10,16,1,38.35,10235845,Московский,Кубинская ,82к1,Ленинский проспект,293304665
1379,1,18,1,43.18,10179776,Московский,м. Ленинский проспект,,Ленинский проспект,293304269
1380,15,17,1,41.22,10183640,Невский,Октябрьская набережная,11Б,Пролетарская,297359482
1381,2,17,1,39.19,10231314,Калининский,Финляндский,,,294621616
1382,2,13,1,38.0,10243584,Фрунзенский,Волковское,3,Обводный канал,275339633
1383,4,15,1,44.0,10199000,Василеостровский,набережная Миклухо-Маклая,1к1,Приморская,291831580
1384,3,12,1,43.97,10150166,Приморский,Коломяги,,Озерки,292991976
1385,7,12,1,42.87,10225508,Московский,Звёздное,,Звездная,298641819
1386,1,12,1,41.12,10300004,Московский,м. Ленинский проспект,,Ленинский проспект,294285164
1387,2,6,1,39.09,10300215,Московский,Новоизмайловское,,,299394247
1388,4,16,1,37.1,10308345,Московский,м. Ленинский проспект,,Ленинский проспект,269631911
1389,2,12,1,39.96,10309081,Московский,Звёздное,,Звездная,277319672
1390,1,5,1,48.7,10300000,Адмиралтейский, Лабутина,3,Балтийская,298751637
1391,5,13,1,35.5,10326595,Фрунзенский,Волковское,1,Обводный канал,293409151
1392,15,15,1,33.42,10276650,Василеостровский,Гавань,12,Горный институт,298050436
1393,4,8,1,47.61,10346636,Красносельский,Константиновское,,Проспект Ветеранов,298422066
1394,2,19,1,42.98,10299848,Приморский,Коломяжский проспект,13,Пионерская,297025120
1395,2,12,1,34.21,10250171,Невский,Невская застава,,Елизаровская,299044101
1396,2,18,1,43.76,10283600,Невский, Тельмана,37,Ломоносовская,299555950
1397,4,18,1,32.8,10292240,Адмиралтейский,бульвар Измайловский,11,Московские ворота,298656057
1398,1,18,1,45.46,10345495,Московский,м. Ленинский проспект,,Ленинский проспект,276766541
1399,2,16,1,39.1,10283963,Приморский,Коломяжский проспект,13к3,Пионерская,297024327
1400,2,6,1,43.9,10316500,Фрунзенский,Лиговский проспект,251,Обводный канал,293465828
1401,1,8,1,40.2,10331400,Курортный, Правды,,,295094658
1402,8,26,1,36.46,10300000,Приморский,Коломяжский проспект,13к2,Пионерская,299573562
1403,7,8,1,44.62,10440368,Приморский,Коломяги,,Проспект Просвещения,298651066
1404,2,12,1,40.82,10392037,Московский,Звёздное,,Звездная,277319755
1405,4,13,1,36.37,10382272,Калининский,Полюстровский проспект,,Лесная,298022195
1406,4,13,1,37.39,10406510,Калининский,Полюстровский проспект,,Лесная,298022196
1407,4,13,1,38.68,10444000,Калининский,Академическое,,Политехническая,298016451
1408,10,13,1,34.9,10401000,Калининский,Академическое,,Политехническая,298016518
1409,12,12,1,45.07,10448648,Красногвардейский,Полюстрово,,Академическая,294545485
1410,22,23,1,33.0,10424065,Калининский,Полюстровский проспект,75,Лесная,299507434
1411,1,8,1,40.5,10415769,Московский,Черниговская ,13к2,Московские ворота,298657543
1412,1,8,1,38.0,10424382,Московский,Черниговская ,11к1,Московские ворота,298657611
1413,9,13,1,36.1,10441748,Выборгский,Сампсониевское,,Лесная,298767272
1414,4,13,1,48.6,10426747,Приморский,Юнтолово,,Беговая,297291735
1415,4,19,1,41.36,10400160,Приморский,Коломяжский проспект,13,Пионерская,297024937
1416,3,12,1,44.77,10350062,Приморский,Коломяги,,Озерки,292473729
1417,3,17,1,39.66,10363734,Калининский,Финляндский,,,294621659
1418,4,19,1,41.13,10376751,Калининский,Финляндский,,Выборгская,292590445
1419,3,12,1,37.66,10447637,Выборгский,Светлановское,,Удельная,293271688
1420,2,12,1,34.94,10450187,Невский,Невская застава,,Елизаровская,298769351
1421,4,18,1,42.55,10531125,Невский, Тельмана,37,Ломоносовская,299555947
1422,20,20,1,43.6,10500000,Московский,Варшавская ,19к5,Электросила,297276573
1423,1,12,1,43.1,10541000,Московский,Черниговская ,17,Московские ворота,298657871
1424,4,13,1,37.96,10484055,Калининский,Полюстровский проспект,,Лесная,298022255
1425,2,11,1,40.36,10494000,Калининский,Академическое,,Политехническая,289786757
1426,3,22,1,37.31,10544433,Калининский,Финляндский,,Лесная,299508200
1427,13,23,1,37.23,10545471,Калининский,Финляндский,,Выборгская,299507503
1428,2,13,1,47.9,10509452,Приморский,Юнтолово,,Беговая,297290955
1429,3,13,1,43.9,10525795,Приморский,Юнтолово,,Беговая,297294542
1430,2,16,1,42.0,10499999,Приморский, Савушкина,128к1Б,Беговая,299184877
1431,6,7,1,36.35,10495440,Приморский,набережная Реки Каменки,3к3,Озерки,298770162
1432,7,13,1,34.6,10531548,Фрунзенский,Волковское,1,Обводный канал,290735434
1433,6,14,1,36.6,10463500,Фрунзенский,Волковское,5,Обводный канал,288568720
1434,1,9,1,34.93,10500045,Невский,Невская застава,,Елизаровская,296754151
1435,3,9,1,41.89,10493456,Красносельский, Тамбасова,5,Проспект Ветеранов,295859060
1436,13,17,1,41.64,10513828,Калининский,Финляндский,,,294621790
1437,7,19,1,41.97,10543942,Приморский,Коломяжский проспект,13,Пионерская,297024987
1438,2,8,1,45.66,10620444,Приморский,Коломяги,,Проспект Просвещения,298650965
1439,7,12,1,36.03,10600000,Выборгский,Большой Сампсониевский проспект,70к3,Выборгская,298256658
1440,2,11,1,38.8,10554000,Калининский, Академика Константинова,1к1,Академическая,289786778
1441,2,19,1,37.0,10570000,Московский, Среднерогатская,16к2,Звездная,299636534
1442,2,10,1,30.5,10590000,Выборгский,Манчестерская ,3,Удельная,297529518
1443,3,5,1,44.95,10615000,Курортный,,,Беговая,294286441
1444,1,12,1,42.3,10614858,Московский,Черниговская ,17,Московские ворота,298657519
1445,4,13,1,45.6,10643769,Приморский,Юнтолово,,Беговая,297291078
1446,2,16,1,39.92,10622557,Приморский,Коломяжский проспект,13к3,Пионерская,297024321
1447,2,16,1,42.66,10579381,Приморский,Коломяжский проспект,13к3,Пионерская,297024300
1448,3,12,1,38.6,10633528,Выборгский,Светлановское,,Удельная,293271656
1449,2,12,1,41.77,10640373,Московский,Звёздное,,Звездная,298641764
1450,1,7,1,40.03,10614660,Приморский,шоссе Суздальское,18к3,Проспект Просвещения,298651121
1451,2,17,1,42.57,10557913,Калининский,Финляндский,,,294621842
1452,3,9,1,40.58,10705000,Приморский,Студенческая ,14к1,,289698342
1453,6,12,1,46.25,10650149,Приморский,Коломяги,,Озерки,299493840
1454,1,10,1,36.7,10734750,Выборгский,Манчестерская ,3,Удельная,296753492
1455,3,13,1,38.82,10656017,Калининский,Полюстровский проспект,,Лесная,298855182
1456,2,8,1,33.5,10720000,Василеостровский,Гавань,,Приморская,295198498
1457,15,15,1,36.01,10712975,Василеостровский,Гавань,12,Горный институт,296662575
1458,2,23,1,39.45,10728626,Калининский,Финляндский,,Выборгская,299508032
1459,2,5,1,45.59,10748000,Курортный,,,Беговая,292533599
1460,1,12,1,38.6,10701959,Московский,Черниговская ,17,Московские ворота,298657503
1461,1,8,1,39.3,10748787,Московский,Черниговская ,11к1,Московские ворота,298657619
1462,9,17,1,41.64,10707909,Невский,Октябрьская набережная,11Б,Пролетарская,297359399
1463,1,10,1,29.7,10558350,Выборгский,Манчестерская ,3к1,Удельная,296753822
1464,2,14,1,33.6,10500000,Приморский,Красногвардейский переулок,8,Лесная,298653953
1465,6,14,1,35.9,10500000,Приморский,Земледельческая ,3,Лесная,299078734
1466,-1,-1,-1,202.0,10617626,Василеостровский,Морской,,,298740048
1467,4,14,1,38.93,10500000,Приморский,Чёрная речка,,,292685154
1468,3,14,1,40.58,10650000,Приморский,Студенческая ,14к1,Лесная,299385773
1469,2,13,1,39.7,11772803,Приморский,Студенческая ,14к2,Лесная,278767288
1470,3,12,2,52.91,15950301,Невский,Невская застава,,Елизаровская,298769328
1471,1,6,2,76.0,54999000,Петроградский,Петровский проспект,2с2,Спортивная,289871014
1472,6,8,2,57.47,20143235,Петроградский,Петровский,,Чкаловская,294545152
1473,7,10,2,60.0,27000000,Петроградский,Аптекарский проспект,18,Петроградская,295652549
1474,5,16,2,57.5,14564624,Выборгский,Шувалово-Озерки,,Проспект Просвещения,295855498
1475,5,6,2,86.1,50004000,Центральный,Захарьевская ,41,Чернышевская,299243368
1476,4,15,2,43.1,13129999,Красногвардейский,переулок Уткин,,,292590423
1477,4,8,2,65.77,26000000,Петроградский,Ремесленная ,17,Василеостровская,298588030
1478,2,7,2,65.36,21061933,Василеостровский,11-я Васильевского острова линия,56,Василеостровская,293435884
1479,23,23,2,51.3,11400000,Невский, Славянская,8,Рыбацкое,285396474
1480,2,12,2,59.2,19269600,Выборгский,Сампсониевское,,Выборгская,299465505
1481,7,7,2,94.5,39500000,Петроградский,Малая Разночинная ,10,,297470518
1482,14,23,2,77.18,21533220,Московский,Гагаринское,,,297419301
1483,12,13,2,52.0,10990000,Приморский,проспект Авиаконструкторов,61,Комендантский проспект,298974299
1484,14,23,2,75.62,21097980,Московский,Гагаринское,,,297419298
1485,7,14,2,58.0,21000000,Приморский,Белоостровская ,10к1,Лесная,299283976
1486,16,23,2,74.84,20543580,Московский,Гагаринское,,,297419295
1487,7,8,2,107.7,53000000,Приморский,Приморский проспект,78к4,Беговая,299568156
1488,15,23,2,83.15,23947200,Московский,Гагаринское,,,297419303
1489,3,5,2,48.4,9690000,Выборгский,Дрезденская ,4,Удельная,295684966
1490,10,14,2,58.17,19019999,Красногвардейский,проспект Энергетиков,2,,279351684
1491,12,12,2,79.9,24000000,Приморский,проспект Авиаконструкторов,54,Комендантский проспект,293338134
1492,2,11,2,71.87,24359720,Красногвардейский, Стахановцев,1,Новочеркасская,299636365
1493,3,8,2,79.6,42500000,Центральный,Кирочная ,31к2,Чернышевская,294216272
1494,3,23,2,124.4,40193640,Выборгский,аллея Академика Лихачева,7,Площадь Мужества,299451114
1495,4,5,2,51.5,15500000,Василеостровский,Гаванская ,7,Василеостровская,297860705
1496,6,8,2,68.9,29137942,Петроградский,Петровский проспект,22к2,Крестовский остров,293496486
1497,7,11,2,76.5,22500000,Василеостровский,набережная Реки Смоленки,3к2,Спортивная,298710770
1498,2,9,2,59.87,17009999,Адмиралтейский, Шкапина,43-45,Балтийская,299481464
1499,11,18,2,65.5,16600000,Василеостровский,Морская набережная,37к1Б,Приморская,297411594
1500,5,12,2,46.0,16826400,Курортный,Приморское шоссе,570Л,,289388356
1501,3,11,2,45.9,14458500,Приморский,Фермское шоссе,12Б,Удельная,299178610
1502,2,9,2,49.64,11676359,Красносельский, Тамбасова,5,Проспект Ветеранов,295858733
1503,4,13,2,43.0,16200000,Василеостровский, Беринга,27к6,Приморская,291444345
1504,5,25,2,78.7,14402100,Калининский,Светлановский проспект,121к1,Гражданский проспект,292061881
1505,7,17,2,74.5,17890000,Василеостровский, Нахимова,20,Приморская,298701825
1506,17,24,2,53.8,9221320,Приморский, Ивинская,19к1,Комендантский проспект,297361093
1507,3,5,2,42.6,7990000,Московский,Благодатная ,29,Электросила,298654211
1508,2,9,2,87.9,32399940,Петроградский, Малая Зеленина,,Чкаловская,273852684
1509,2,7,2,69.9,20131000,Адмиралтейский,Галерная ,40,Адмиралтейская,299243370
1510,4,19,2,59.95,15599999,Василеостровский,Морской,,,286919314
1511,3,3,2,81.9,45000000,Центральный,набережная Реки Фонтанки,47,,299568164
1512,3,8,2,68.34,30076946,Петроградский,Пионерская ,53,Чкаловская,298529997
1513,3,11,2,77.0,43900000,Петроградский,Петровский проспект,11к3,Спортивная,298484165
1514,5,8,2,64.9,27160650,Петроградский,Петровский проспект,28к2,Крестовский остров,296753925
1515,4,8,2,70.0,32000000,Петроградский,Петровский проспект,22к2,Крестовский остров,299243373
1516,2,9,2,76.98,25522693,Красногвардейский, Помяловского,,Новочеркасская,298322119
1517,5,15,2,57.3,24500000,Красногвардейский,Магнитогорская ,3к2,Новочеркасская,294764537
1518,3,7,2,52.13,29338861,Василеостровский,Васильевский,,Василеостровская,298267682
1519,3,17,2,65.7,15300000,Московский,Варшавская ,19к2,Электросила,298759184
1520,5,10,2,67.6,20720000,Красногвардейский,Большая Охта,,Площадь Ленина,277296427
1521,4,14,2,73.5,16900000,Московский,Черниговская ,17,Фрунзенская,295371498
1522,2,8,2,70.0,22400000,Петроградский,Петровский проспект,24к2,,296753885
1523,13,19,2,65.0,12590000,Василеостровский, Вадима Шефнера,10к1,Приморская,277111225
1524,3,6,2,72.3,40343400,Московский, Гастелло,7,Московская,296753480
1525,3,10,2,78.8,37400000,Центральный,Кирочная ,70,Чернышевская,285457456
1526,7,7,2,54.7,27000000,Адмиралтейский,Звенигородская ,7к2,Звенигородская,268560182
1527,4,4,2,89.0,84500000,Центральный,Гагаринская ,1/24,,295476817
1528,3,14,2,48.7,16000000,Фрунзенский,Волковское,,Волковская,299131882
1529,4,6,2,76.6,37103093,Петроградский,Петровский проспект,2с2,,297371569
1530,4,9,2,70.6,28595965,Центральный,Лиговка-Ямская,,Площадь Восстания,299131450
1531,1,4,2,111.3,127666888,Петроградский,1-я Березовая аллея,7,,287440982
1532,3,20,2,86.4,22339999,Василеостровский, Челюскина,8,,279506976
1533,4,6,2,77.0,38134021,Петроградский,Петровский проспект,2с2,,297720134
1534,3,23,2,50.14,8772153,Приморский, Ивинская,1к2,Зенит,298977566
1535,23,25,2,59.2,7210000,Выборгский, Тихоокеанская,1к2,Проспект Просвещения,293810985
1536,3,7,2,59.2,23680000,Петроградский,набережная Реки Карповки,31к2,Петроградская,284740254
1537,1,5,2,101.6,84858453,Петроградский,набережная Гребного канала,1,Крестовский остров,292047743
1538,25,27,2,44.0,9760212,Выборгский,проезд Толубеевский,34к2,,297361356
1539,2,13,2,53.7,6200000,Пушкинский,Московское шоссе,286,Шушары,294840766
1540,6,9,2,58.76,23766070,Приморский,Чёрная речка,,Черная речка,297998111
1541,4,9,2,45.9,9700000,Калининский, Черкасова,4К1,Гражданский проспект,293609105
1542,8,18,2,48.97,14209999,Василеостровский,Морской,,,299606501
1543,4,5,2,37.0,7295000,Фрунзенский,Будапештская ,40к1,Проспект Славы,292459289
1544,4,9,2,64.6,20546283,Василеостровский,7-я Васильевского острова линия,84,Василеостровская,298270928
1545,8,25,2,70.0,27900000,Выборгский,Большой Сампсониевский проспект,4-6,Площадь Ленина,296307739
1546,4,9,2,58.16,22100800,Петроградский,Петроградская набережная,38,Горьковская,296517684
1547,3,5,2,71.3,39950000,Курортный, Максима Горького,2Ас3,,297228540
1548,11,12,2,58.6,20510000,Приморский,Белоостровская ,7,Лесная,295734467
1549,5,5,2,57.14,8650000,Петродворцовый, Парковая,14к2,Проспект Ветеранов,293974978
1550,2,6,2,56.31,18000026,Василеостровский,Уральская ,,Василеостровская,295123205
1551,13,13,2,55.0,24000000,Красногвардейский,Пискаревский проспект,1,Площадь Ленина,295993227
1552,2,9,2,62.59,23608848,Центральный,проспект Бакунина,,Площадь Александра Невского,293263988
1553,6,10,2,60.1,12500000,Фрунзенский,Бухарестская ,156к1,Дунайская,299165441
1554,1,7,2,63.0,29275793,Василеостровский,20-я Васильевского острова линия,5,Горный институт,298267765
1555,6,7,2,67.6,54900000,Адмиралтейский,Конногвардейский бульвар,5,,293981424
1556,4,9,2,82.31,36669105,Василеостровский,20-я Васильевского острова линия,19,Василеостровская,297998693
1557,5,12,2,48.0,9300000,Выборгский,проспект Просвещения,35,Проспект Просвещения,296405733
1558,3,9,2,56.33,18900348,Невский,Невская застава,,Елизаровская,292788614
1559,8,17,2,55.0,9990000,Невский,Народная ,53к2,Ломоносовская,292550784
1560,3,8,2,72.9,30618000,Петроградский,Петровский проспект,26к2,Чкаловская,296753449
1561,8,25,2,56.5,12250000,Приморский,шоссе Суздальское,26к2,Проспект Просвещения,298924530
1562,3,10,2,53.98,20345062,Приморский,Лисичанская ,22,Черная речка,297998518
1563,5,8,2,73.0,31900000,Петроградский,Петровский проспект,26к2,Крестовский остров,286119678
1564,6,13,2,55.9,15634340,Выборгский,Сампсониевское,,Лесная,292390935
1565,5,5,2,98.0,48900000,Петроградский,Константиновский проспект,26,Крестовский остров,299463854
1566,2,10,2,62.3,16821000,Выборгский,Манчестерская ,3к1,Удельная,296753784
1567,5,15,2,64.2,17990000,Приморский, Савушкина,36,Черная речка,296905182
1568,2,11,2,56.13,17694982,Московский,Благодатная ,50,Электросила,267475792
1569,4,4,2,76.0,17500000,Центральный, Печатника Григорьева,14,Лиговский проспект,290982257
1570,5,9,2,73.2,23292240,Петроградский,Петровский проспект,9к2,Спортивная,298366966
1571,6,19,2,54.0,13000000,Выборгский,проспект Энгельса,126К2,Озерки,299637754
1572,5,8,2,57.5,19866250,Петроградский,Петровский,,Чкаловская,294545149
1573,3,14,2,71.3,30500000,Калининский, Жукова,1,Площадь Ленина,298751505
1574,4,8,2,41.16,20188980,Василеостровский,,,Горный институт,296754047
1575,5,5,2,45.0,5600000,Красносельский,проспект Народного ополчения,231,Проспект Ветеранов,297486726
1576,2,7,2,64.39,18700111,Выборгский,Светлановское,,Удельная,294487242
1577,8,12,2,68.8,19800000,Приморский,Белоостровская ,28,Черная речка,296594096
1578,2,10,2,61.65,24660000,Московский,Московский проспект,72к2,Фрунзенская,267475925
1579,3,5,2,45.7,7700000,Красногвардейский,шоссе Революции,33К5,Новочеркасская,298109201
1580,2,12,2,65.08,14643000,Приморский,проспект Авиаконструкторов,54,Комендантский проспект,266867765
1581,3,9,2,76.1,33300000,Петроградский,Петровский проспект,9к2,Василеостровская,299145153
1582,3,14,2,51.5,14447552,Фрунзенский,Волковское,1,Обводный канал,295906217
1583,2,5,2,43.1,10100000,Выборгский,Дрезденская ,22,Удельная,298639567
1584,10,12,2,54.2,11441620,Московский,Московское шоссе,3к5,Звездная,294538554
1585,8,8,2,58.0,8000000,Невский,Народная ,81,Ломоносовская,297416495
1586,2,12,2,47.8,12949593,Фрунзенский,Волковское,5,Обводный канал,290735524
1587,2,4,2,54.08,9000000,Выборгский,Нейшлотский переулок,6,Выборгская,292244955
1588,3,5,2,66.2,15557000,Выборгский, Береговая,12,Проспект Просвещения,291961828
1589,3,9,2,45.9,10200000,Выборгский,проспект Энгельса,143К1,Проспект Просвещения,297571570
1590,2,10,2,66.86,26680015,Адмиралтейский,Малодетскосельский проспект,40,Технологический институт,299648236
1591,5,5,2,43.0,6300000,Невский, Шелгунова,12,Пролетарская,292003709
1592,1,4,2,55.32,11500499,Красносельский,проспект Буденного,13,Ленинский проспект,294799843
1593,11,11,2,52.1,11000000,Выборгский,проспект Луначарского,1К1,Озерки,290837931
1594,9,17,2,61.39,14426650,Василеостровский,Гавань,12,Горный институт,294545597
1595,3,4,2,52.2,8895000,Выборгский,Лесной проспект,8Б,Выборгская,291600690
1596,10,12,2,48.87,12893861,Выборгский,Светлановское,,Удельная,299648266
1597,4,13,2,62.5,17000000,Василеостровский,набережная Реки Смоленки,35к1,Приморская,298662692
1598,2,16,2,56.74,14756890,Приморский,Коломяжский проспект,13к3,Пионерская,297023885
1599,2,6,2,75.8,19999000,Центральный,Невский проспект,23,Гостиный двор,299463371
1600,4,8,2,59.8,34671651,Петроградский,Петровский,,Чкаловская,298137317
1601,8,9,2,44.1,6400000,Невский,проспект Солидарности,8К1,Проспект Большевиков,295276074
1602,2,12,2,52.7,14300355,Московский,м. Ленинский проспект,,Ленинский проспект,299582586
1603,7,8,2,60.4,11800000,Московский, Типанова,36к3,Московская,286725714
1604,7,25,2,52.06,10419907,Приморский,Коломяги,,Проспект Просвещения,298056563
1605,3,7,2,75.0,26000000,Центральный,9-я Советская ,5,Площадь Восстания,298065790
1606,2,14,2,58.68,13314492,Василеостровский,Гавань,,Приморская,294660570
1607,2,5,2,42.0,7200000,Московский,Звездная ,18,Звездная,299479582
1608,2,12,2,68.56,16882215,Приморский, Плесецкая,2,Комендантский проспект,275720462
1609,4,5,2,54.8,26000000,Петроградский,набережная Мартынова,12,Крестовский остров,292370655
1610,2,13,2,51.53,12348888,Приморский,аллея Арцеуловская,9,Пионерская,298845828
1611,12,12,2,54.1,8000000,Фрунзенский,Малая Карпатская ,23К1,Дунайская,284105381
1612,2,15,2,71.1,16928910,Невский,Октябрьская набережная,57к3,Елизаровская,294544586
1613,7,16,2,57.8,10800000,Василеостровский,Морская набережная,15Б,Приморская,292937959
1614,3,25,2,39.8,6567000,Красногвардейский,Полюстрово,,Академическая,299364723
1615,14,17,2,75.1,17500000,Василеостровский, Нахимова,20,Приморская,299032311
1616,2,4,2,50.95,11500306,Петродворцовый,,,Автово,299044084
1617,4,4,2,40.0,11500000,Петроградский,Резная ,15/4,Чкаловская,298437263
1618,3,8,2,70.7,31108000,Петроградский,набережная Реки Карповки,27,Петроградская,280459404
1619,6,16,2,56.0,11290000,Красносельский,Ленинский проспект,92К3,Проспект Ветеранов,294693733
1620,2,4,2,50.52,8891520,Пушкинский,,,Купчино,297580461
1621,2,9,2,43.8,6300000,Кировский, Генерала Симоняка,7,Проспект Ветеранов,295535186
1622,2,14,2,54.78,7445741,Невский,Невский,,,295182750
1623,6,6,2,41.8,7200000,Кировский,Автовская ,19,Автово,296593315
1624,5,21,2,50.81,12650343,Невский,Невский,,Проспект Большевиков,299394189
1625,14,25,2,53.0,8200000,Пушкинский,переулок Вилеровский,6,Звездная,297731190
1626,5,12,2,49.2,10750249,Приморский,Коломяги,,Проспект Просвещения,298861166
1627,2,7,2,81.5,15950000,Курортный, Воскова,12,Беговая,297325182
1628,2,12,2,54.3,13575000,Красногвардейский,Партизанская ,5Б,Ладожская,299403393
1629,11,17,2,65.8,9790000,Красносельский,Ленинский проспект,53к1,Ленинский проспект,298806104
1630,2,23,2,47.43,11383200,Красносельский,Юго-Запад,,Автово,296181329
1631,3,4,2,71.0,26900000,Адмиралтейский, Декабристов,17,Спасская,297949275
1632,3,12,2,54.38,12776978,Московский,Звёздное,,Звездная,298641844
1633,4,5,2,83.2,22600000,Центральный,Малая Морская ,7,Адмиралтейская,297235392
1634,6,13,2,48.35,8306849,Пушкинский,,,Купчино,294872661
1635,1,9,2,45.1,6490000,Кировский, Генерала Симоняка,17,Проспект Ветеранов,295972798
1636,2,12,2,53.62,12700031,Приморский,Коломяги,,Озерки,295347897
1637,7,10,2,57.8,8997000,Кировский, Стойкости,13К2,Проспект Ветеранов,292879702
1638,4,10,2,34.75,10425000,Выборгский, Курчатова,,Политехническая,298511448
1639,4,10,2,73.3,15800000,Невский, Подвойского,13к2,Улица Дыбенко,298273587
1640,4,12,2,50.14,13700303,Московский,Новоизмайловское,,,296780056
1641,1,5,2,55.4,10990000,Приморский,Торжковская ,2К3,Черная речка,293276247
1642,2,5,2,47.19,10339000,Курортный,,,Беговая,296825895
1643,6,9,2,50.8,8150000,Красногвардейский, Петра Смородина,20,Ладожская,298041399
1644,2,7,2,62.26,12790410,Приморский,шоссе Суздальское,18к3,Проспект Просвещения,298651126
1645,2,15,2,73.5,25000000,Московский,Заозерная ,3к2,Фрунзенская,291396724
1646,6,12,2,38.51,9627500,Приморский,м. Комендантский проспект,,Комендантский проспект,294913946
1647,20,25,2,65.3,14200000,Калининский, Богословская,4к3,Лесная,297115564
1648,11,21,2,44.26,8688238,Красногвардейский,м. Гражданский проспект,,Гражданский проспект,299550795
1649,9,9,2,44.6,7100000,Фрунзенский,Загребский бульвар,5К3,Проспект Славы,298743940
1650,2,5,2,45.13,8156669,Московский,Пулковский меридиан,,Звездная,294033343
1651,9,9,2,45.1,7900000,Калининский,проспект Луначарского,106,Гражданский проспект,296437668
1652,4,5,2,51.22,10300418,Московский,Пулковское шоссе,103В,Звездная,296336632
1653,3,17,2,75.0,19900000,Фрунзенский,Бухарестская ,118к1,Дунайская,297514992
1654,2,15,2,52.6,9703130,Невский, Евдокима Огнева,3,Улица Дыбенко,296835112
1655,10,26,2,76.6,16100000,Приморский,Коломяжский проспект,20,Пионерская,291868184
1656,4,5,2,56.14,10415600,Колпинский,шоссе Рубежное,14,Рыбацкое,298649486
1657,4,9,2,50.4,8500000,Колпинский,Загородная ,43к4,,297617236
1658,2,4,2,59.39,11550167,Пушкинский,,,Шушары,296659655
1659,4,12,2,50.7,10900000,Красносельский, Чекистов,22,Ленинский проспект,293753119
1660,6,11,2,63.62,7414920,Пушкинский,,,Шушары,294086667
1661,3,3,2,58.0,25000000,Центральный, Черняховского,9,Обводный канал,298393519
1662,2,6,2,46.47,7470200,Московский,Пулковский меридиан,,Звездная,297264895
1663,4,5,2,45.1,6700000,Кировский, Солдата Корзуна,44,Проспект Ветеранов,299601900
1664,18,23,2,54.54,9809028,Приморский, Ивинская,1к1,Зенит,297361785
1665,8,12,2,47.3,8000000,Красносельский, Доблести,18к1В,Ленинский проспект,293976317
1666,4,17,2,62.0,15810600,Калининский,Финляндский,,,298150721
1667,11,25,2,48.88,9300000,Приморский,шоссе Суздальское,,Озерки,295657969
1668,7,23,2,54.51,9432038,Приморский, Ивинская,5к1,Зенит,297362011
1669,3,6,2,62.0,13990000,Московский,Московский проспект,138,Московские ворота,279017624
1670,3,9,2,65.33,15154350,Красносельский, Тамбасова,5,Проспект Ветеранов,298331379
1671,7,7,2,116.6,52470000,Центральный,Стремянная ,15/1,,298229654
1672,9,9,2,64.17,16106458,Красносельский, Тамбасова,5,Проспект Ветеранов,295858886
1673,2,4,2,79.1,22900000,Василеостровский,проспект Малый Васильевского острова,14,Спортивная,295048535
1674,3,9,2,58.01,14050012,Красносельский, Тамбасова,5,Проспект Ветеранов,295859099
1675,4,5,2,43.7,14000000,Петроградский,Большая Пушкарская ,21Б,Горьковская,285711049
1676,11,23,2,53.94,9393984,Приморский, Ивинская,5к2,Зенит,297885187
1677,1,9,2,44.1,6840000,Выборгский, Есенина,8К1,Озерки,299230397
1678,5,19,2,80.43,23069999,Василеостровский,Морской,,,279508009
1679,3,4,2,67.6,15000000,Адмиралтейский,Казанская ,41В,Спасская,298724576
1680,4,5,2,56.08,9855072,Пушкинский,,,Звездная,292309990
1681,3,5,2,52.8,7800000,Выборгский,Лесной проспект,39к3,Лесная,296648769
1682,3,5,2,61.3,10642453,Пушкинский,,,Звездная,292309073
1683,4,5,2,53.1,7450000,Адмиралтейский,набережная Обводного Канала,156К3,Нарвская,293176699
1684,16,19,2,53.93,19619999,Василеостровский,Морской,,,279507779
1685,12,12,2,52.5,8900000,Калининский,проспект Луначарского,108К1,Гражданский проспект,299498233
1686,16,19,2,62.3,22689999,Василеостровский,Морской,,,279507776
1687,1,5,2,43.9,8000000,Адмиралтейский,13-я Красноармейская ,20,Технологический институт,295726773
1688,7,8,2,70.6,31076907,Петроградский,Петровский проспект,22к2,Крестовский остров,293496569
1689,8,9,2,44.1,7500000,Невский,Октябрьская набережная,70К1,Ломоносовская,299049038
1690,6,12,2,58.14,20511792,Выборгский,Сампсониевское,,Выборгская,299465310
1691,2,9,2,45.7,5600000,Колпинский,Раумская ,7,Купчино,298428917
1692,2,4,2,63.89,11116860,Пушкинский,,,Купчино,296121234
1693,9,9,2,45.5,5900000,Красносельский, Партизана Германа,33,Проспект Ветеранов,298211567
1694,4,5,2,52.58,9382590,Пушкинский,,,Звездная,295838066
1695,11,12,2,52.2,10510000,Приморский,Планерная ,21К1,Комендантский проспект,295684227
1696,14,14,2,71.0,25199157,Фрунзенский,Волковское,,Волковская,299131997
1697,7,12,2,53.5,9990000,Московский,проспект Юрия Гагарина,28К4,Московская,294303330
1698,3,4,2,61.73,11173130,Пушкинский,,,Купчино,296122327
1699,3,4,2,49.3,10190000,Красносельский, Ивана Куликова,4к2,Проспект Ветеранов,299061370
1700,10,12,2,69.2,24974280,Выборгский,Сампсониевское,,Выборгская,299465429
1701,14,17,2,55.18,14200000,Красногвардейский,Пискаревский проспект,25к2,Ладожская,295176570
1702,7,11,2,60.9,15518210,Невский,Октябрьская набережная,86К2,Пролетарская,293297402
1703,3,4,2,70.1,20790000,Адмиралтейский,Садовая ,49,Садовая,293912097
1704,5,11,2,53.7,23789623,Московский, Коли Томчака,,Московские ворота,287028853
1705,2,6,2,53.2,17392600,Василеостровский,11-я Васильевского острова линия,26,Василеостровская,295885392
1706,12,14,2,61.06,19719999,Красногвардейский,проспект Энергетиков,2,,279351843
1707,3,5,2,90.9,17300000,Центральный,Невский проспект,164,Площадь Александра Невского,298016418
1708,7,11,2,55.9,14248242,Невский,Октябрьская набережная,86К2,Пролетарская,293297393
1709,3,25,2,62.0,16700000,Московский,проспект Космонавтов,102к1,Купчино,291953907
1710,2,7,2,62.4,30460215,Василеостровский,Васильевский,,Василеостровская,298267704
1711,14,26,2,52.5,14300000,Фрунзенский,Южное шоссе,55к3,Проспект Славы,299380139
1712,12,14,2,69.95,21409999,Красногвардейский,проспект Энергетиков,2,,279351846
1713,2,5,2,76.9,17700000,Василеостровский, Опочинина,11,Приморская,298905487
1714,5,8,2,96.8,37674665,Петроградский,Петровский проспект,22к2,Крестовский остров,293496526
1715,7,19,2,60.5,15890000,Невский,Общественный переулок,5,Елизаровская,296941532
1716,7,8,2,78.1,32749038,Петроградский,Петровский проспект,22к2,Крестовский остров,293496467
1717,3,8,2,89.1,45000000,Петроградский,Морской проспект,15,Крестовский остров,293860329
1718,6,9,2,58.74,19629999,Адмиралтейский, Шкапина,43-45,Балтийская,299481544
1719,5,6,2,91.0,23500000,Центральный,Караванная ,8,Гостиный двор,296481010
1720,2,7,2,80.51,25367907,Василеостровский,11-я Васильевского острова линия,56,Василеостровская,293435882
1721,1,9,2,49.1,7250000,Фрунзенский,Будапештская ,42К5,Проспект Славы,299017524
1722,7,9,2,60.72,17849999,Адмиралтейский, Шкапина,43-45,Балтийская,299481379
1723,2,9,2,47.0,6500000,Красносельский, Тамбасова,36к1,,282604777
1724,13,14,2,77.7,26186897,Фрунзенский,Волковское,,Волковская,299132010
1725,9,9,2,52.1,12250000,Фрунзенский, Турку,17К2,Проспект Славы,296200382
1726,5,7,2,101.16,33633171,Василеостровский,11-я Васильевского острова линия,56,Василеостровская,293435819
1727,4,6,2,61.7,13800000,Василеостровский,проспект Средний Васильевского острова,61,Василеостровская,297362136
1728,6,7,2,90.96,29218260,Василеостровский,11-я Васильевского острова линия,56,Василеостровская,293435898
1729,8,14,2,58.8,13490000,Фрунзенский,Загребский бульвар,9,Дунайская,295371225
1730,4,14,2,55.6,18473917,Фрунзенский,Волковское,,Волковская,299131937
1731,14,14,2,50.7,9200000,Выборгский, Ивана Фомина,13К1,Проспект Просвещения,298961570
1732,4,9,2,80.3,31076543,Центральный,Лиговка-Ямская,,Площадь Восстания,299131464
1733,24,25,2,53.0,10200000,Приморский, Лидии Зверевой,3к1,Комендантский проспект,297010298
1734,1,24,2,52.7,9338440,Приморский, Ивинская,19к3,Комендантский проспект,297361204
1735,3,5,2,44.3,6100000,Невский, Тельмана,32К5,Улица Дыбенко,297039548
1736,4,14,2,71.36,20309999,Красногвардейский,проспект Энергетиков,2,,279351709
1737,3,5,2,49.0,14700000,Центральный, Белинского,3,Гостиный двор,298541362
1738,8,9,2,92.0,58395962,Центральный,Лиговка-Ямская,,Площадь Восстания,299131618
1739,5,6,2,54.9,9900000,Адмиралтейский,набережная Обводного Канала,183,Балтийская,290834282
1740,4,7,2,79.62,37494320,Василеостровский,Васильевский,,Василеостровская,298267686
1741,2,5,2,45.0,8000000,Московский,проспект Юрия Гагарина,14К3,Парк Победы,299558905
1742,4,9,2,61.8,19409999,Адмиралтейский, Шкапина,43-45,Балтийская,299481531
1743,2,3,2,106.3,110000000,Адмиралтейский,Английская набережная,26,Адмиралтейская,295910389
1744,5,25,2,71.72,28063918,Московский,Алтайская ,39,Московская,295136747
1745,5,9,2,57.4,7490000,Колпинский, Красных Партизан,5,Купчино,292988692
1746,1,17,2,54.9,9854550,Приморский, Ивинская,15,Комендантский проспект,297361395
1747,19,19,2,80.5,26900000,Московский,Киевская ,3к2В,Фрунзенская,293184731
1748,10,11,2,53.2,15379261,Невский,Октябрьская набережная,86К2,Пролетарская,294042872
1749,7,12,2,54.0,12250000,Приморский,Озеро Долгое,17к6,Старая Деревня,298294112
1750,11,25,2,77.6,15698480,Калининский,Светлановский проспект,121к1,Гражданский проспект,292061875
1751,2,8,2,52.0,18850000,Адмиралтейский,набережная Обводного Канала,106,Фрунзенская,298848119
1752,3,15,2,79.85,19839999,Красногвардейский,Малая Охта,,,290624336
1753,6,9,2,50.6,8280000,Колпинский, Ремизова,21,Шушары,299508453
1754,1,17,2,52.2,9197640,Приморский, Ивинская,15,Комендантский проспект,297361411
1755,4,5,2,64.4,13524000,Выборгский, Смолячкова,15-17,Выборгская,295694942
1756,4,11,2,77.58,25896204,Красногвардейский, Стахановцев,1,Новочеркасская,299464060
1757,2,5,2,49.9,11500000,Петроградский,проспект Малый Петроградской стороны,55Д,Чкаловская,299211639
1758,2,8,2,73.31,31838533,Петроградский,Пионерская ,53,Чкаловская,298529962
1759,3,15,2,73.6,27850000,Московский,Заозерная ,3к2,Фрунзенская,299505455
1760,8,12,2,70.7,34842333,Курортный,Приморское шоссе,570Л,,289388531
1761,2,5,2,66.5,13950000,Василеостровский,2-я Васильевского острова линия,27Б,Василеостровская,287257974
1762,3,9,2,81.1,28701513,Красногвардейский, Помяловского,,Новочеркасская,298322120
1763,4,5,2,43.6,6200000,Кировский, Козлова,27К1,Проспект Ветеранов,298726720
1764,8,8,2,94.93,106905419,Петроградский,Пионерская ,53,Чкаловская,298530005
1765,6,25,2,47.8,9600000,Приморский,набережная Реки Каменки,19к3,Озерки,299464020
1766,3,8,2,73.8,32479933,Петроградский,Пионерская ,53,Чкаловская,298529976
1767,7,14,2,46.3,9500000,Калининский,проспект Просвещения,76К1,Гражданский проспект,298250206
1768,2,10,2,67.0,15580000,Фрунзенский,Днепропетровская ,65,Обводный канал,296917198
1769,6,6,2,52.2,10500000,Кировский, Новостроек,3,Кировский завод,299372594
1770,7,9,2,81.62,32856131,Петроградский, Малая Зеленина,,Чкаловская,273852676
1771,2,12,2,50.6,9590000,Московский,Варшавская ,71,Московская,294514908
1772,3,11,2,58.9,24492645,Московский, Коли Томчака,,Московские ворота,299236004
1773,4,12,2,81.5,35900000,Центральный,Новгородская ,23,Чернышевская,299371381
1774,9,12,2,70.2,36288480,Курортный,Приморское шоссе,570Л,,290545812
1775,7,9,2,47.2,8200000,Московский, Орджоникидзе,63К2,Звездная,298595254
1776,5,9,2,89.26,37230346,Петроградский, Малая Зеленина,,Чкаловская,291933627
1777,1,5,2,53.0,11200000,Выборгский,Дрезденская ,5,Удельная,299649250
1778,4,9,2,83.32,31887797,Красногвардейский, Помяловского,,Новочеркасская,298322125
1779,17,23,2,59.1,9500000,Невский, Русановская,19к3,Ломоносовская,298225015
1780,3,11,2,92.18,30778902,Красногвардейский, Стахановцев,1,Новочеркасская,299464040
1781,4,5,2,44.1,6990000,Фрунзенский,проспект Славы,11,Проспект Славы,299564232
1782,7,11,2,83.91,32817201,Красногвардейский, Стахановцев,1,Новочеркасская,299464130
1783,2,4,2,76.4,10500000,Фрунзенский,Боровая ,110,Обводный канал,297749767
1784,20,23,2,169.7,67964850,Выборгский,аллея Академика Лихачева,7,Площадь Мужества,299451084
1785,6,16,2,48.0,11000000,Василеостровский, Кораблестроителей,42К1,Приморская,299644458
1786,9,11,2,81.0,44283096,Московский, Коли Томчака,,Московские ворота,287028864
1787,5,9,2,46.76,8100000,Квартира  в Выборгском е СПб2-комн. квартира,76 м²,5/9 этаж,,292417244
1788,4,23,2,124.6,40544840,Выборгский,аллея Академика Лихачева,7,Площадь Мужества,299451122
1789,23,26,2,76.5,14500000,Выборгский,проспект Луначарского,15к1,Озерки,297903321
1790,3,18,2,60.47,15119999,Василеостровский,Морской,,,299606408
1791,3,18,2,59.3,8700000,Красногвардейский,проспект Маршака,12к2,Парнас,287589708
1792,7,12,2,52.14,13035000,Приморский,м. Комендантский проспект,,Комендантский проспект,294910452
1793,3,6,2,66.2,13175000,Приморский, Щербакова,27к1,Удельная,296028368
1794,4,12,2,90.66,25049358,Приморский,проспект Авиаконструкторов,54,Комендантский проспект,266867635
1795,6,16,2,68.9,15500000,Красносельский,Петергофское шоссе,53,Ленинский проспект,298226814
1796,23,27,2,53.76,10592098,Выборгский,Заречная ,54,Проспект Просвещения,297361052
1797,4,17,2,56.5,11700000,Приморский,Мебельная ,25к1,Беговая,297910415
1798,3,12,2,58.7,9279516,Пушкинский,,,Звездная,298655378
1799,32,36,2,51.4,10250000,Невский,проспект Обуховской обороны,138к2,Обухово,298558559
1800,3,15,2,62.6,16348910,Выборгский,Шувалово-Озерки,,Проспект Просвещения,296079493
1801,9,12,2,47.3,8300000,Невский,Товарищеский проспект,28К1,Улица Дыбенко,298697368
1802,12,12,2,48.9,15648000,Приморский,м. Комендантский проспект,,Комендантский проспект,294909963
1803,2,14,2,55.0,16450000,Московский,Заозерная ,3к2,Фрунзенская,294968146
1804,6,9,2,67.37,22112297,Василеостровский,7-я Васильевского острова линия,84,Василеостровская,294263402
1805,7,12,2,48.3,9490000,Приморский, Маршала Новикова,8К1,Комендантский проспект,298732055
1806,17,27,2,52.94,10843797,Выборгский,проезд Толубеевский,32,Проспект Просвещения,297361110
1807,8,29,2,65.0,13800000,Выборгский, Федора Абрамова,21к1,Парнас,299640591
1808,10,14,2,54.43,7940291,Невский,Невский,,,295183320
1809,3,8,2,65.96,29540000,Петроградский,набережная Реки Карповки,31к1,Петроградская,299638667
1810,10,25,2,67.48,16432206,Приморский,Коломяжский проспект,13к2,Пионерская,297024410
1811,22,25,2,64.6,11899000,Приморский, Лидии Зверевой,9к1,,288752933
1812,6,25,2,68.64,15961708,Приморский,Коломяжский проспект,13к2,Пионерская,297024601
1813,5,8,2,68.2,11600000,Красносельский, Маршала Захарова,12к2,Ленинский проспект,297530819
1814,10,18,2,67.1,17332793,Адмиралтейский,бульвар Измайловский,11,Московские ворота,298656558
1815,5,5,2,59.4,11980000,Пушкинский, Архитектора Данини,15к2,Купчино,298014888
1816,2,10,2,77.5,25171590,Приморский,Белоостровская ,28,Черная речка,298657269
1817,15,24,2,50.0,8450000,Приморский, Ивинская,17,Беговая,298006014
1818,10,18,2,64.8,17680315,Адмиралтейский,бульвар Измайловский,9,Фрунзенская,298655864
1819,5,5,2,41.3,6700000,Калининский,Тихорецкий проспект,9К10,Политехническая,295806862
1820,4,10,2,79.9,25267437,Приморский,Белоостровская ,28,Черная речка,298657227
1821,1,8,2,69.0,18950000,Петроградский,Петровский проспект,26к2,Крестовский остров,295135007
1822,4,9,2,69.94,24762257,Петроградский,Петроградская набережная,38,Горьковская,258156470
1823,4,10,2,74.0,22200000,Василеостровский,Детская ,18,Василеостровская,299188695
1824,8,9,2,75.67,33998531,Приморский,Чёрная речка,,Черная речка,297998417
1825,1,5,2,46.0,6000000,Невский, Шелгунова,37,Ломоносовская,295666069
1826,6,17,2,58.76,8548545,Невский,Невский,,,295183754
1827,5,13,2,76.6,30257000,Петроградский,Барочная ,12,Чкаловская,298888216
1828,6,10,2,74.4,23650000,Красногвардейский,Большая Охта,,Площадь Ленина,277296417
1829,3,5,2,69.0,13300000,Красногвардейский,проспект Наставников,36к1,Ладожская,298138926
1830,9,12,2,57.64,17000000,Выборгский,Большой Сампсониевский проспект,70К2,Выборгская,265779340
1831,5,5,2,41.5,7800000,Красногвардейский, Буренина,3,Ладожская,299546612
1832,5,9,2,69.06,26532082,Василеостровский,7-я Васильевского острова линия,84,Василеостровская,293425100
1833,8,12,2,52.3,9300000,Приморский,проспект Королева,44К1,Комендантский проспект,296836497
1834,8,12,2,57.44,16900000,Выборгский,Большой Сампсониевский проспект,70К2,Выборгская,293125454
1835,4,4,2,48.5,6950000,Колпинский,Центральная ,10,,298678066
1836,7,8,2,95.5,48691256,Петроградский,набережная Реки Карповки,31к1,Петроградская,297863413
1837,2,5,2,44.0,5900000,Колпинский,Пролетарская ,131,,294025655
1838,5,9,2,66.86,23671783,Петроградский,Петроградская набережная,38,Горьковская,258156147
1839,9,9,2,65.5,25900000,Василеостровский,проспект Малый Васильевского острова,64к1,Приморская,275327082
1840,7,9,2,64.54,27761814,Центральный,проспект Бакунина,,Площадь Александра Невского,293263859
1841,4,5,2,75.6,16500000,Супер локация в Петроградском 2-комн. квартира,4/5 этаж,4/5 этаж,,298133501
1842,8,9,2,85.2,36306692,Петроградский,проезд Петровская коса,6к1,Крестовский остров,298658174
1843,6,9,2,45.5,7950000,Выборгский,проспект Просвещения,32К2,Проспект Просвещения,298109872
1844,9,26,2,62.2,10387400,Пушкинский,проспект Новгородский,2к3,Звездная,281157634
1845,5,11,2,63.5,21900000,Василеостровский,набережная Макарова,60,Приморская,299094159
1846,2,9,2,95.64,38935044,Василеостровский,20-я Васильевского острова линия,19,Василеостровская,297998620
1847,6,14,2,50.5,6500000,Красносельский,Нарвская ,2,Проспект Ветеранов,299609121
1848,8,10,2,61.3,17930250,Выборгский,Манчестерская ,3к1,Удельная,296753779
1849,10,12,2,55.6,10850000,Приморский,Вербная ,20/2,Удельная,290384678
1850,2,12,2,70.91,17883502,Выборгский,Светлановское,,Удельная,293271462
1851,3,15,2,74.6,19800000,Калининский,Гжатская ,5к3,Площадь Мужества,299483060
1852,4,7,2,93.5,45036429,Петроградский,набережная Реки Карповки,31к1,Петроградская,297863386
1853,6,7,2,74.3,36550000,Петроградский, Рентгена,25,Выборгская,298769858
1854,3,12,2,58.3,9200119,Пушкинский,,,Звездная,298655345
1855,4,5,2,43.8,6700000,Невский,Ново-Александровская ,15,Пролетарская,296649065
1856,4,12,2,65.84,17200535,Московский,м. Ленинский проспект,,Ленинский проспект,286460756
1857,1,5,2,33.2,9000000,Петроградский,Петрозаводская ,3Е,Чкаловская,297999294
1858,5,10,2,61.8,17520300,Выборгский,Светлановское,,Удельная,296753704
1859,11,13,2,52.4,10799000,Приморский,Комендантский проспект,31К1,Комендантский проспект,299344732
1860,3,12,2,63.98,15062108,Выборгский,Светлановское,,Удельная,293384155
1861,3,5,2,45.0,6950000,Калининский,Тимуровская ,18,Гражданский проспект,291278086
1862,12,12,2,54.36,16050116,Московский,м. Ленинский проспект,,Ленинский проспект,298405639
1863,18,25,2,55.0,10000000,Кировский,проспект Маршала Жукова,48к1,Ленинский проспект,296518584
1864,3,10,2,62.14,22749454,Приморский,Лисичанская ,22,Черная речка,297998523
1865,3,9,2,45.0,8800000,Невский, Крыленко,21К2,Улица Дыбенко,298835361
1866,9,9,2,71.61,33520641,Приморский,Чёрная речка,,Черная речка,297998314
1867,6,8,2,110.2,26000000,Василеостровский,17-я Васильевского острова линия,14,Василеостровская,299243380
1868,7,23,2,68.2,16417370,Выборгский, Шостаковича,8к2Б2,Проспект Просвещения,295748139
1869,6,6,2,80.0,29400000,Центральный,2-я Советская ,12,Площадь Восстания,296115449
1870,6,9,2,68.86,28374295,Центральный,проспект Бакунина,,Площадь Восстания,293263807
1871,6,12,2,50.0,8500000,Красногвардейский,проспект Маршала Блюхера,42,Лесная,298071185
1872,2,10,2,64.26,23152878,Приморский,Лисичанская ,22,Черная речка,297998511
1873,3,7,2,45.0,18800000,Адмиралтейский,Галерная ,40,Василеостровская,299435000
1874,5,8,2,44.99,29153520,Василеостровский,,,Горный институт,296754050
1875,8,12,2,93.1,32900000,Петроградский,Корпусная ,9,Чкаловская,286808660
1876,2,6,2,52.3,8559900,Московский,Пулковский меридиан,,Звездная,297264894
1877,7,12,2,54.7,9990000,Приморский,проспект Королева,49,Комендантский проспект,297424191
1878,4,12,2,68.82,20850085,Василеостровский,Уральская ,,Василеостровская,296492923
1879,1,5,2,51.3,9979000,Центральный, Моисеенко,8/1А,Площадь Восстания,298483799
1880,1,9,2,56.78,16450443,Невский,Невская застава,,Елизаровская,299266585
1881,5,5,2,42.7,7200000,Кировский, Маршала Говорова,24,Кировский завод,288654816
1882,4,12,2,63.9,19750020,Василеостровский,Уральская ,,Василеостровская,294487321
1883,5,8,2,65.7,22000000,Московский, Севастьянова,14,Парк Победы,289712319
1884,6,10,2,70.69,8235040,Пушкинский,,,Шушары,294086834
1885,5,15,2,55.1,13100000,Невский,Союзный проспект,4,Проспект Большевиков,297756919
1886,1,7,2,89.8,39654333,Василеостровский,20-я Васильевского острова линия,5,Горный институт,298267769
1887,5,9,2,74.0,32350000,Василеостровский,18-я Васильевского острова линия,49,Василеостровская,298963201
1888,7,7,2,55.8,27220000,Адмиралтейский,Звенигородская ,7к2,Звенигородская,292053293
1889,18,24,2,67.1,16997000,Невский, Архивная,11к1,Улица Дыбенко,298225441
1890,6,19,2,68.4,23800000,Адмиралтейский,Московский проспект,73к5,Фрунзенская,293261128
1891,1,4,2,69.0,24150000,Адмиралтейский, Якубовича,14,Адмиралтейская,295916812
1892,8,8,2,61.72,24520280,Петроградский,Ремесленная ,,Спортивная,296747692
1893,5,15,2,59.64,24500000,Красногвардейский,Магнитогорская ,3к2,,298156829
1894,4,4,2,81.8,24900000,Петроградский, Чапаева,11/4,Горьковская,299575711
1895,5,9,2,58.8,25000000,Московский,Черниговская ,17,Московские ворота,299021839
1896,3,5,2,84.45,25625442,Курортный, Инструментальщиков,,Беговая,297119542
1897,5,9,2,53.8,25850733,Петроградский,Лодейнопольская ,7,Чкаловская,299315514
1898,3,7,2,74.4,26000000,Центральный,9-я Советская ,5,Площадь Восстания,298509406
1899,8,20,2,70.8,27500000,Приморский,Ушаковская набережная,3к4,Черная речка,297844203
1900,2,8,2,83.0,27990000,Петроградский,Малая Разночинная ,10,Чкаловская,286478517
1901,19,24,2,104.0,28990000,Московский, Типанова,27/39,,295874599
1902,7,8,2,75.0,29490000,Адмиралтейский,12-я Красноармейская ,24,,299336896
1903,2,3,2,93.7,29500000,Василеостровский,8-я Васильевского острова линия,19,,287402990
1904,7,8,2,75.5,29900000,Петроградский,Петровский проспект,22к2,Чкаловская,297246870
1905,1,5,2,60.0,29990000,Центральный,Невский проспект,109,Площадь Восстания,296569745
1906,4,7,2,70.0,30000000,Василеостровский,канал Масляный,,Василеостровская,295995431
1907,9,14,2,73.5,30400000,Московский,Заозерная ,3к2,Фрунзенская,298260786
1908,5,10,2,80.8,30990000,Красногвардейский,Пискаревский проспект,1,Площадь Ленина,297426812
1909,2,9,2,65.3,31800000,Петроградский,Петровский проспект,24к3,Крестовский остров,292596205
1910,23,23,2,92.0,31900000,Невский,проспект Обуховской обороны,195,Пролетарская,288901989
1911,8,10,2,70.1,31900000,Петроградский,Ждановская ,45,Спортивная,293021766
1912,7,8,2,68.0,32000000,Приморский,Приморский проспект,78к2,Беговая,286808734
1913,2,4,2,81.3,32650000,Курортный, Первого Мая,3,Беговая,284015152
1914,4,14,2,76.2,33490000,Петроградский,Дивенская ,5,Горьковская,296560059
1915,5,5,2,86.9,35000000,Петроградский,Каменноостровский проспект,19/13,Петроградская,298944202
1916,4,5,2,75.4,35500000,Центральный,Миллионная ,12,Адмиралтейская,297809474
1917,2,14,2,62.0,35800000,Петроградский,Петрозаводская ,13,Чкаловская,299604120
1918,4,8,2,70.0,35900000,Петроградский,Петровский проспект,24к2,Крестовский остров,298751122
1919,3,5,2,66.1,36999000,Курортный, Максима Горького,2Ас2,Беговая,294853703
1920,3,10,2,79.0,37400000,Центральный,Кирочная ,70,Чернышевская,296250144
1921,8,12,2,70.0,38000000,Петроградский,Пионерская ,50,Чкаловская,298613089
1922,2,3,2,93.5,39000000,Василеостровский,1-я Васильевского острова линия,8,Василеостровская,299604796
1923,2,7,2,119.7,40231768,Василеостровский,13-я Васильевского острова линия,50,Василеостровская,291458158
1924,2,6,2,99.3,40000000,Московский,Московский проспект,200,Парк Победы,280464382
1925,2,4,2,92.9,41900000,Центральный, Рубинштейна,11,Владимирская,287406880
1926,5,8,2,75.6,45300000,Петроградский,Ремесленная ,17литЗ,Спортивная,295800988
1927,7,7,2,91.9,46239000,Петроградский, Рентгена,25,Петроградская,299336690
1928,7,9,2,67.59,47313000,Петроградский,проспект Добролюбова,18а,Спортивная,299107649
1929,5,6,2,84.2,50000000,Центральный,Захарьевская ,41,Чернышевская,299336128
1930,6,6,2,81.98,53280000,Центральный,Захарьевская ,41,Чернышевская,299336281
1931,7,11,2,101.7,55000000,Центральный, Восстания,6а,Площадь Восстания,299126204
1932,5,8,2,82.3,59000000,Центральный,Дегтярный переулок,26,Площадь Александра Невского,298086502
1933,5,5,2,88.0,62400000,Петроградский,проспект Добролюбова,21а,Спортивная,298673862
1934,4,8,2,150.0,79900000,Петроградский,Морской проспект,33,Крестовский остров,292011737
1935,6,9,2,107.14,80410106,Петроградский,набережная Адмирала Лазарева,22,Чкаловская,299336151
1936,1,6,2,126.91,95182500,Петроградский, Эсперова,8,Крестовский остров,297046767
1937,5,5,2,42.0,4600000,Колпинский,Павловская ,54,Шушары,298617681
1938,5,5,2,43.0,5190000,Колпинский,Пролетарская ,5,Шушары,299005772
1939,1,2,2,35.0,5200000,Петродворцовый, Юты Бондаровской,20,Ленинский проспект,290914274
1940,5,5,2,51.5,5325000,Пушкинский,шоссе Колпинское,53,Купчино,297311184
1941,3,5,2,45.4,5500000,Невский, Новоселов,27,Ломоносовская,298726797
1942,2,12,2,39.02,5657900,Пушкинский,Аэросити 4 жилой квартал,,,286951200
1943,2,8,2,35.92,5819040,Красносельский, Лермонтова,15к2Б,Проспект Ветеранов,299599944
1944,1,8,2,37.22,5899370,Красносельский, Лермонтова,15к2Б,Проспект Ветеранов,299599937
1945,4,12,2,39.94,5991000,Пушкинский,,,,296280454
1946,2,12,2,40.87,5926150,Пушкинский,,,,296280410
1947,2,12,2,42.4,6148000,Пушкинский,,,,296280415
1948,5,8,2,36.75,6192375,Красносельский, Лермонтова,15к2Ж,Проспект Ветеранов,299600126
1949,2,12,2,42.47,6158150,Пушкинский,Аэросити 4 жилой квартал,,,286951246
1950,1,8,2,32.01,6286981,Курортный,,581,Проспект Просвещения,298629865
1951,4,5,2,42.0,6200000,Красносельский,Авангардная ,23,Проспект Ветеранов,296118537
1952,2,12,2,41.85,6277500,Пушкинский,,,,296280656
1953,2,12,2,42.78,6203100,Пушкинский,Аэросити 4 жилой квартал,,,286951285
1954,11,11,2,45.98,6207300,Пушкинский,Ленсоветовский тер.,,Шушары,298961718
1955,1,5,2,44.2,6200000,Калининский,проспект Культуры,29К3,Гражданский проспект,299372478
1956,5,12,2,40.93,6344150,Пушкинский,,,,296280706
1957,1,5,2,43.0,6300000,Калининский, Верности,46К2,,294737864
1958,1,9,2,32.01,6398952,Курортный,,582,Парнас,284756126
1959,6,10,2,50.58,6368578,Пушкинский,,,,295183524
1960,21,23,2,36.6,6400000,Красногвардейский, Чарушинская,24к1,Девяткино,299434758
1961,3,5,2,43.4,6400000,Петродворцовый,бульвар Разведчика,12к1,,296485716
1962,2,12,2,42.6,6490000,Красногвардейский,Пискаревский проспект,9к1,Выборгская,299255191
1963,1,10,2,37.8,6547040,Курортный,,,Парнас,296760111
1964,8,9,2,50.0,6500000,Колпинский,бульвар Трудящихся,4,Шушары,290407202
1965,5,25,2,39.8,6567000,Красногвардейский,Полюстрово,,Академическая,299364767
1966,1,9,2,35.81,6594468,Курортный,,582,Парнас,284756076
1967,7,9,2,33.21,6622374,Курортный,,582,Парнас,299577854
1968,5,25,2,40.6,6678700,Красногвардейский,Полюстрово,,Академическая,299364764
1969,4,12,2,43.27,6706850,Пушкинский,,,,296280766
1970,4,8,2,41.21,6676020,Красносельский, Лермонтова,15к2Б,Проспект Ветеранов,299600082
1971,3,9,2,32.71,6763603,Курортный,,581,Проспект Просвещения,299577836
1972,5,8,2,36.1,6794775,Курортный,,6,Проспект Просвещения,296290985
1973,5,9,2,44.0,6750000,Невский,проспект Солидарности,10к1Б1,Проспект Большевиков,295296988
1974,2,9,2,45.5,6800000,Красногвардейский,проспект Маршала Блюхера,65,,294522924
1975,1,5,2,45.5,6850000,Красногвардейский,Гранитная ,46,Ладожская,280811824
1976,3,8,2,38.0,6858079,Курортный,,5,Парнас,296291013
1977,1,9,2,40.4,6898430,Курортный,,,Беговая,296759862
1978,8,10,2,54.36,6889640,Пушкинский,,,,295796097
1979,7,10,2,40.37,6903270,Пушкинский,,,,299502655
1980,22,25,2,42.1,6967550,Красногвардейский,Полюстрово,,Академическая,296627185
1981,4,25,2,42.5,6991250,Красногвардейский,Полюстрово,,Академическая,299364660
1982,3,8,2,39.9,6956828,Курортный,,5,Парнас,299577826
1983,5,8,2,36.41,7042965,Курортный,,581,Проспект Просвещения,299173185
1984,2,8,2,36.93,7099946,Курортный,,581,Проспект Просвещения,299577832
1985,7,9,2,36.81,7025666,Курортный,,582,Парнас,299577852
1986,3,10,2,55.34,7059779,Пушкинский,,,,295183451
1987,6,12,2,39.45,7101000,Пушкинский,,,,295100619
1988,2,12,2,40.6,7105000,Пушкинский,,,,295100550
1989,5,10,2,56.27,7131716,Пушкинский,,,,295183012
1990,1,8,2,37.65,7145399,Курортный,,581,Проспект Просвещения,284754904
1991,8,9,2,34.89,7117941,Курортный,,582,Парнас,289257037
1992,2,10,2,56.98,7127115,Пушкинский,,,,295183437
1993,2,10,2,57.67,7165555,Пушкинский,,,,295182931
1994,11,12,2,40.2,7236000,Пушкинский,,,,295100588
1995,4,25,2,45.5,7161700,Красногвардейский,Полюстрово,,Академическая,299364665
1996,2,25,2,43.8,7161300,Красногвардейский,Полюстрово,,Академическая,299364632
1997,6,9,2,44.3,7200000,Фрунзенский,Бухарестская ,33К5,Международная,299059243
1998,2,25,2,48.15,7222500,Красногвардейский,Полюстрово,69,,297023674
1999,3,9,2,63.5,7150000,Пушкинский, Центральная,12,Шушары,282388326
2000,2,9,2,41.7,7257575,Курортный,,,Проспект Просвещения,296789039
2001,1,8,2,37.72,7276793,Курортный,,582,Парнас,284755120
2002,9,10,2,51.3,7300000,Красногвардейский,Рябовское шоссе,119К4,Ладожская,295876655
2003,11,25,2,46.0,7300000,Красногвардейский,Полюстрово,25к3,Гражданский проспект,296717074
2004,5,5,2,44.0,7300000,Калининский,Меншиковский проспект,5К1,Площадь Мужества,298806253
2005,2,9,2,43.01,7400472,Курортный,,581,Проспект Просвещения,299577831
2006,1,8,2,41.08,7404089,Курортный,,581,Проспект Просвещения,298629857
2007,1,8,2,40.12,7420277,Курортный,,582,Парнас,284755110
2008,1,8,2,42.4,7415234,Курортный,,5,Парнас,288563561
2009,11,11,2,63.62,7414920,Пушкинский,,,Шушары,294086703
2010,8,11,2,59.39,7423750,Пушкинский,Ленсоветовский тер.,,Шушары,298961700
2011,2,5,2,45.0,7400000,Калининский,проспект Культуры,11К2,Политехническая,294502624
2012,16,23,2,71.0,7490000,Выборгский, Тихоокеанская,1к2,Проспект Просвещения,297883482
2013,2,11,2,59.74,7467500,Пушкинский,Ленсоветовский тер.,,Шушары,298961609
2014,9,10,2,58.9,7465044,Пушкинский,,,,295183387
2015,3,8,2,46.58,7545960,Красносельский, Лермонтова,15к2Ж,Проспект Ветеранов,293979011
2016,3,8,2,46.85,7589700,Красносельский, Лермонтова,15к2Б,Проспект Ветеранов,299600119
2017,1,10,2,44.8,7576559,Курортный,,,Парнас,296760014
2018,1,8,2,40.5,7502786,Курортный,,5,Парнас,288563563
2019,7,8,2,42.2,7512117,Курортный,,6,Проспект Просвещения,296157724
2020,5,11,2,43.65,7570282,Колпинский,,к39,Рыбацкое,296654319
2021,11,11,2,64.87,7559920,Пушкинский,,,Шушары,294086639
2022,3,12,2,52.07,7550150,Пушкинский,Аэросити 4 жилой квартал,,,286951293
2023,3,3,2,46.2,7500000,Пушкинский,Павловское шоссе,95,Купчино,297138152
2024,1,9,2,50.3,7505000,Выборгский, Хошимина,7к3,Проспект Просвещения,296278611
2025,1,8,2,45.1,7640977,Курортный,,5,Парнас,288563560
2026,2,12,2,54.37,7611800,Пушкинский,Аэросити 4 жилой квартал,,,286951042
2027,2,11,2,46.14,7730988,Колпинский,,к39,Рыбацкое,295486590
2028,4,14,2,54.43,7714407,Невский,Невский,,,295182874
2029,1,22,2,52.1,7684750,Красногвардейский,м. Гражданский проспект,,Гражданский проспект,296213829
2030,8,25,2,46.9,7710360,Красногвардейский,Полюстрово,,Академическая,296626664
2031,2,8,2,41.99,7662378,Курортный,,581,Проспект Просвещения,299577829
2032,3,12,2,53.23,7718350,Пушкинский,Аэросити 4 жилой квартал,,,286950826
2033,2,25,2,51.22,7683000,Красногвардейский,Полюстрово,69,,297024608
2034,8,25,2,49.12,7736400,Красногвардейский,Полюстрово,69,,297023692
2035,2,5,2,45.5,7700000,Невский, Шотмана,8К1,Улица Дыбенко,298054621
2036,6,10,2,60.26,7737444,Пушкинский,,,,295183045
2037,6,11,2,61.59,7698750,Пушкинский,Ленсоветовский тер.,,Шушары,298961695
2038,9,11,2,59.5,7735000,Пушкинский,проспект Старорусский,11,Звездная,285297812
2039,9,9,2,39.57,7794862,Курортный,,581,Проспект Просвещения,298583462
2040,1,9,2,43.6,7830672,Курортный,,,Беговая,296759857
2041,1,14,2,45.1,7750000,Приморский,Мартыновская ,14к1,Комендантский проспект,295936660
2042,2,12,2,55.53,7774200,Пушкинский,,,,296282493
2043,5,5,2,42.2,7800000,Московский, Пилотов,19,Звездная,299328819
2044,8,12,2,54.36,7882200,Пушкинский,,,,296282497
2045,6,11,2,67.44,7858040,Пушкинский,,,Шушары,297536361
2046,4,9,2,44.0,7855769,Курортный,,10,Проспект Просвещения,289283427
2047,2,8,2,42.28,7888371,Курортный,,582,Парнас,293448282
2048,2,9,2,38.87,7866454,Курортный,,582,Парнас,293100925
2049,11,11,2,60.6,7878000,Пушкинский,проспект Старорусский,11,Звездная,285297796
2050,2,10,2,61.94,7953157,Пушкинский,,,,295796099
2051,2,22,2,50.98,7901900,Красногвардейский,Полюстрово,,Девяткино,299236392
2052,2,14,2,58.24,7997237,Невский,Невский,,,295182770
2053,2,12,2,54.79,7944550,Пушкинский,,,,296280763
2054,2,22,2,52.2,7986600,Красногвардейский, Пейзажная,6,Девяткино,299237084
2055,4,8,2,42.69,7955731,Курортный,,582,Парнас,295486595
2056,7,8,2,43.1,7915813,Курортный,,5,Парнас,299577824
2057,10,11,2,68.09,7933440,Пушкинский,,,Шушары,294086698
2058,2,12,2,57.14,7999600,Пушкинский,Аэросити 4 жилой квартал,,,286951267
2059,3,11,2,63.4,7925000,Пушкинский,Ленсоветовский тер.,,Шушары,298961736
2060,9,10,2,57.1,7990000,Приморский,Камышовая ,28К2,Комендантский проспект,297761471
2061,5,10,2,60.68,7942465,Пушкинский,,,,295796107
2062,2,10,2,65.79,7901444,Пушкинский,,,,295183248
2063,5,25,2,53.2,8033200,Красногвардейский,Полюстрово,,Академическая,299364622
2064,2,12,2,57.37,8031800,Пушкинский,,,,296280269
2065,5,12,2,53.55,8032500,Пушкинский,,,,296280744
2066,3,9,2,44.2,8000000,Фрунзенский, Димитрова,4К1,Проспект Славы,293053165
2067,3,10,2,65.3,8005192,Пушкинский,,,,295183266
2068,8,12,2,52.2,8000000,Приморский,проспект Авиаконструкторов,18К1,Комендантский проспект,299531822
2069,3,11,2,47.72,8051192,Колпинский,,к39,Рыбацкое,296862464
2070,5,11,2,48.66,8129055,Колпинский,,к39,Рыбацкое,298891312
2071,1,5,2,45.54,8121574,Московский,Пулковский меридиан,,Звездная,294033169
2072,6,12,2,51.65,8134875,Пушкинский,,,,296280508
2073,9,12,2,50.0,8100000,Пушкинский,,,,296280822
2074,13,22,2,50.7,8137350,Красногвардейский, Пейзажная,6,Девяткино,299237162
2075,5,11,2,46.62,8086653,Колпинский,,к39,Рыбацкое,293448305
2076,2,12,2,58.15,8141000,Пушкинский,Аэросити 4 жилой квартал,,,286950585
2077,2,12,2,58.2,8148000,Пушкинский,,,,296280232
2078,2,11,2,64.82,8102500,Пушкинский,Ленсоветовский тер.,,Шушары,298961732
2079,4,10,2,43.3,8100000,Приморский,Аэродромная ,9,Пионерская,297326444
2080,3,10,2,50.1,8050000,Фрунзенский,Купчинская ,24,Купчино,294696681
2081,3,11,2,48.14,8173346,Колпинский,,к38,Рыбацкое,296654411
2082,4,5,2,45.21,8229848,Московский,Пулковский меридиан,,Международная,294033174
2083,9,12,2,51.9,8174250,Пушкинский,,,,296280780
2084,3,8,2,50.43,8169660,Красносельский, Лермонтова,15к2Б,Проспект Ветеранов,299599953
2085,2,7,2,46.2,8195649,Курортный,,,Беговая,296759854
2086,3,11,2,49.05,8185598,Колпинский,,к38,Рыбацкое,298891307
2087,10,10,2,70.69,8235040,Пушкинский,,,Шушары,294086945
2088,11,11,2,70.17,8174720,Пушкинский,,,Шушары,294087714
2089,2,25,2,46.91,8209250,Красногвардейский,Полюстрово,69,,297023891
2090,3,12,2,56.35,8170750,Пушкинский,Аэросити 4 жилой квартал,,,286951294
2091,2,12,2,58.67,8213800,Пушкинский,Аэросити 4 жилой квартал,,,286950728
2092,10,25,2,51.91,8175825,Красногвардейский,Полюстрово,69,,297023702
2093,2,17,2,59.12,8159293,Невский,Невский,,,295183609
2094,4,5,2,45.0,8200000,Выборгский,Светлановский проспект,59К2,Политехническая,299372535
2095,2,12,2,42.7,8200000,Московский, Ленсовета,43,Московская,293835139
2096,1,5,2,47.03,8269830,Московский,Пулковский меридиан,,Звездная,294033178
2097,2,8,2,49.2,8269093,Курортный,,,Проспект Просвещения,296759948
2098,14,14,2,52.0,8280000,Выборгский, Композиторов,11К1,Проспект Просвещения,299203572
2099,7,11,2,50.39,8273794,Колпинский,,к38,Рыбацкое,294402044
2100,1,5,2,47.8,8357471,Московский,Пулковский меридиан,,Звездная,294049786
2101,2,12,2,59.41,8317400,Пушкинский,,,,296280565
2102,6,8,2,45.8,8396485,Курортный,,5,Парнас,290584338
2103,7,8,2,45.5,8392335,Курортный,,6,Проспект Просвещения,296290983
2104,2,8,2,51.1,8390657,Курортный,,,Проспект Просвещения,296759949
2105,2,10,2,47.7,8388399,Курортный,,,Парнас,296759988
2106,1,23,2,37.54,8389357,Невский,Рыбацкое,4,Рыбацкое,293529887
2107,2,12,2,59.85,8379000,Пушкинский,Аэросити 4 жилой квартал,,,286950832
2108,2,14,2,60.73,8381493,Невский,Невский,,,295182784
2109,8,9,2,50.7,8360000,Выборгский, Руднева,13,Проспект Просвещения,299099232
2110,3,5,2,50.7,8350000,Невский,Караваевская ,41/3,Рыбацкое,297495206
2111,1,6,2,56.5,8305500,Курортный, Строителей,3к2,,292413351
2112,1,11,2,51.97,8480705,Колпинский,,к36,Рыбацкое,290255623
2113,2,12,2,60.08,8411200,Пушкинский,,,,296280442
2114,1,21,2,43.33,8423352,Красногвардейский,м. Гражданский проспект,,Гражданский проспект,294542434
2115,7,11,2,50.57,8454672,Колпинский,,к39,Рыбацкое,296862462
2116,6,6,2,51.36,8406680,Московский,Пулковский меридиан,,Звездная,297264991
2117,2,6,2,55.98,8432000,Московский,Пулковский меридиан,,Звездная,297264900
2118,9,9,2,53.11,8497600,Колпинский,Заречье тер.,,Рыбацкое,298269820
2119,2,9,2,53.63,8473540,Колпинский,Заречье тер.,,Рыбацкое,298269713
2120,3,12,2,48.82,8543500,Пушкинский,,,,286945389
2121,2,12,2,50.03,8505100,Пушкинский,,,,286945432
2122,8,16,2,51.2,8500000,Красногвардейский,проспект Наставников,21,Проспект Большевиков,296745283
2123,2,9,2,50.5,8500000,Красногвардейский,проспект Энергетиков,68,Лесная,298335675
2124,2,12,2,61.18,8565200,Пушкинский,,,,296280582
2125,5,8,2,53.01,8587620,Красносельский, Лермонтова,15к2Б,Проспект Ветеранов,299600084
2126,6,6,2,52.3,8559900,Московский,Пулковский меридиан,,Звездная,297264925
2127,8,10,2,62.6,8600000,Пушкинский,Красносельское шоссе,55,Купчино,298210491
2128,3,11,2,49.05,8745812,Колпинский,,к32,Рыбацкое,295474785
2129,2,5,2,51.31,8704596,Московский,Пулковский меридиан,,Звездная,294033186
2130,8,12,2,57.67,8650500,Пушкинский,,,,296280652
2131,2,12,2,56.5,8740954,Пушкинский,,,Звездная,298655323
2132,2,12,2,62.2,8708000,Пушкинский,Аэросити 4 жилой квартал,,,286950935
2133,2,25,2,49.96,8743000,Красногвардейский,Полюстрово,69,,297023711
2134,1,9,2,54.67,8692530,Колпинский,Заречье тер.,,Рыбацкое,298270294
2135,1,6,2,59.5,8746500,Курортный, Строителей,3к1,,292413239
2136,1,11,2,51.97,8778130,Колпинский,,к34,Рыбацкое,295688423
2137,2,12,2,57.5,8758927,Пушкинский,,,Звездная,299132619
2138,5,9,2,56.31,8784360,Колпинский,Заречье тер.,,Рыбацкое,298269748
2139,1,24,2,52.5,8762250,Приморский, Ивинская,19к1,Комендантский проспект,297361015
2140,3,11,2,49.05,8886684,Колпинский,,к36,Рыбацкое,299406000
2141,2,5,2,53.19,8890678,Московский,Пулковский меридиан,,Звездная,294049919
2142,4,5,2,52.48,8892597,Московский,Пулковский меридиан,,Проспект Славы,294049827
2143,4,23,2,48.97,8899638,Приморский, Ивинская,5к1,Зенит,297362077
2144,4,10,2,39.0,8803883,Приморский,Парашютная ,79к1,Комендантский проспект,295329496
2145,9,9,2,56.52,8873640,Колпинский,Заречье тер.,,Рыбацкое,298270698
2146,2,9,2,57.54,8861160,Колпинский,Заречье тер.,,Рыбацкое,298270202
2147,4,9,2,44.0,8800000,Калининский,Гражданский проспект,90К1,,297360429
2148,1,17,2,49.4,8892000,Приморский, Ивинская,15,Комендантский проспект,297361399
2149,7,11,2,53.59,8907969,Колпинский,,к38,Рыбацкое,299406005
2150,3,11,2,49.05,8994839,Колпинский,,к34,Рыбацкое,296862456
2151,6,9,2,46.0,8949000,Выборгский, Асафьева,2К1,Проспект Просвещения,298528192
2152,17,23,2,36.5,8986249,Невский,Рыбацкое,5,Рыбацкое,299260924
2153,9,14,2,55.8,8900000,Фрунзенский,Софийская ,30К2,Международная,295434840
2154,12,12,2,55.8,8928000,Пушкинский,проспект Старорусский,9,,299172855
2155,3,5,2,41.2,8900000,Курортный, Воскова,11,Беговая,298735007
2156,11,11,2,57.6,8974080,Пушкинский,проспект Старорусский,13к1,Звездная,294664679
2157,2,9,2,58.83,8942160,Колпинский,Заречье тер.,,Рыбацкое,298269922
2158,1,17,2,52.0,8970000,Приморский, Ивинская,15,Комендантский проспект,297361391
2159,1,6,2,60.9,8952300,Курортный, Строителей,3к2,,292413318
2160,3,5,2,44.4,8999000,Калининский, Руставели,64К2,Гражданский проспект,296015483
2161,3,11,2,49.56,9068986,Колпинский,,к34,Рыбацкое,295474744
2162,1,5,2,55.5,9071628,Московский,Пулковский меридиан,,Звездная,298626590
2163,4,5,2,54.02,9083383,Московский,Пулковский меридиан,,Звездная,295852623
2164,1,5,2,55.36,9043213,Московский,Пулковский меридиан,,Купчино,295852620
2165,10,23,2,53.94,9088624,Приморский, Ивинская,1к2,Зенит,298977453
2166,2,12,2,58.6,9058002,Пушкинский,,,Звездная,298655332
2167,22,25,2,57.7,9058900,Красногвардейский,Полюстрово,,Академическая,296626645
2168,12,12,2,56.5,9040000,Пушкинский,проспект Старорусский,9,,296280981
2169,12,12,2,51.73,9052750,Пушкинский,,,,286945376
2170,2,12,2,53.1,9027000,Пушкинский,,,,286947694
2171,12,12,2,46.6,9017100,Пушкинский,,,,286945643
2172,19,23,2,48.24,9097039,Приморский, Ивинская,5к1,Зенит,297884774
2173,4,23,2,50.14,9068475,Приморский, Ивинская,5к2,Зенит,297885273
2174,1,4,2,55.16,9046240,Пушкинский,,,Звездная,296120236
2175,1,24,2,52.0,9001200,Приморский, Ивинская,19к1,Комендантский проспект,297361007
2176,1,17,2,51.4,9097800,Приморский, Ивинская,9,Комендантский проспект,297361151
2177,1,5,2,56.73,9159317,Московский,Пулковский меридиан,,Международная,295852758
2178,1,24,2,52.1,9117500,Приморский, Ивинская,19к2,Комендантский проспект,297361185
2179,4,23,2,55.01,9162720,Приморский, Ивинская,1к2,Зенит,298977572
2180,9,9,2,59.73,9198420,Колпинский,Заречье тер.,,Рыбацкое,298270568
2181,4,12,2,53.8,9146000,Пушкинский,проспект Старорусский,9,,296280983
2182,2,23,2,50.69,9145444,Приморский, Ивинская,5к2,Зенит,297885263
2183,1,17,2,48.9,9124740,Приморский, Ивинская,9,Комендантский проспект,297361124
2184,1,24,2,51.2,9113600,Приморский, Ивинская,19к3,Комендантский проспект,297361226
2185,1,6,2,62.5,9187500,Курортный, Строителей,3к2,,292413403
2186,2,6,2,62.02,9116940,Курортный, Строителей,3к2,,292413381
2187,24,24,2,56.4,9190000,Невский, Русановская,16к1,Ломоносовская,293865252
2188,15,15,2,54.6,9100000,Кировский,Ленинский проспект,127,Ленинский проспект,294512510
2189,1,4,2,51.7,9200325,Пушкинский,,,Купчино,297392349
2190,1,5,2,50.88,9200147,Московский,Пулковский меридиан,,Звездная,299043944
2191,2,12,2,59.4,9207000,Пушкинский,проспект Старорусский,9,,296280899
2192,2,12,2,59.5,9222500,Пушкинский,проспект Старорусский,9,,296280893
2193,2,12,2,59.7,9233814,Пушкинский,,,Звездная,298655354
2194,6,12,2,56.4,9212401,Пушкинский,,,Звездная,298655349
2195,1,24,2,53.0,9237900,Приморский, Ивинская,19к3,Комендантский проспект,297361195
2196,1,17,2,53.3,9204910,Приморский, Ивинская,9,Комендантский проспект,297361122
2197,6,10,2,40.1,9316435,Приморский,Парашютная ,79к1,Комендантский проспект,298402678
2198,2,12,2,54.53,9270100,Пушкинский,,,,286946368
2199,4,23,2,53.78,9339232,Приморский, Ивинская,5к2,Зенит,297361888
2200,2,24,2,51.8,9334360,Приморский, Ивинская,19к3,Комендантский проспект,297361207
2201,10,12,2,58.2,9312000,Пушкинский,проспект Старорусский,9,,296280914
2202,3,15,2,53.8,9319999,Выборгский,,,,294179107
2203,1,5,2,51.55,9304960,Пушкинский,Пулковское тер.,,Звездная,279688588
2204,1,23,2,52.39,9293986,Приморский, Ивинская,1к4,Зенит,297885367
2205,2,4,2,53.1,9292500,Пушкинский,,,Звездная,296120255
2206,1,4,2,56.86,9325040,Пушкинский,,,Звездная,296120241
2207,4,5,2,52.42,9302490,Пушкинский,,,Звездная,292309681
2208,2,23,2,55.6,9258064,Приморский, Ивинская,1к2,Зенит,298977561
2209,1,17,2,53.6,9267440,Приморский, Ивинская,15,Комендантский проспект,297361397
2210,5,6,2,63.6,9349200,Курортный, Строителей,3к2,,292413410
2211,4,5,2,46.2,9300000,Курортный, Первого Мая,5,Беговая,295661935
2212,12,25,2,60.0,9300000,Пушкинский,переулок Вилеровский,8,Купчино,297472378
2213,2,3,2,48.9,9446975,Петродворцовый,Красносельское шоссе,22,Ленинский проспект,285685237
2214,3,23,2,54.69,9448675,Приморский, Ивинская,5к1,Зенит,297884712
2215,5,9,2,61.18,9421720,Колпинский,Заречье тер.,,Рыбацкое,298270162
2216,1,8,2,52.1,9436358,Курортный,,3,Проспект Просвещения,288563589
2217,4,12,2,53.65,9388750,Пушкинский,,,,295100657
2218,2,8,2,57.31,9427495,Красносельский, Лермонтова,15к2Б,Проспект Ветеранов,299600065
2219,3,12,2,53.79,9413250,Пушкинский,,,,286947508
2220,1,5,2,55.0,9388788,Пушкинский,,,Звездная,292309740
2221,9,12,2,47.8,9395000,Московский,Пулковское шоссе,9К2,Московская,298736830
2222,1,4,2,49.26,9450284,Пушкинский,,,Шушары,294338015
2223,1,4,2,50.03,9450016,Пушкинский,,,Купчино,294799871
2224,10,23,2,55.21,9542130,Приморский, Ивинская,5к2,Зенит,297361959
2225,17,24,2,63.2,9500000,Пушкинский,проспект Новгородский,10,Купчино,297299916
2226,13,13,2,54.95,9500000,Красногвардейский,Северный проспект,123к3,Академическая,296580984
2227,8,8,2,52.5,9485885,Курортный,,6,Проспект Просвещения,288563591
2228,5,12,2,52.7,9486000,Пушкинский,,,,295100608
2229,7,10,2,57.3,9540450,Пушкинский,,,,299502615
2230,7,10,2,57.28,9500000,Московский,Витебский проспект,99к1,Купчино,286278702
2231,2,5,2,53.71,9546246,Пушкинский,,,Звездная,295838047
2232,1,17,2,54.7,9523270,Приморский, Ивинская,9,Комендантский проспект,297361146
2233,1,9,2,61.77,9450810,Колпинский,Заречье тер.,,Рыбацкое,298270132
2234,6,6,2,34.9,9458633,Адмиралтейский,набережная Обводного Канала,118бБ,Балтийская,295855434
2235,1,10,2,56.9,9500000,Приморский,Камышовая ,20,Комендантский проспект,285686689
2236,2,3,2,49.9,9640165,Петродворцовый,Красносельское шоссе,22,Ленинский проспект,285685240
2237,1,5,2,53.35,9600065,Московский,Пулковский меридиан,,Звездная,299043879
2238,2,23,2,55.7,9581916,Приморский, Ивинская,5к1,Зенит,297884783
2239,2,23,2,36.41,9639107,Невский,Рыбацкое,4,Рыбацкое,295253867
2240,3,8,2,58.41,9608445,Красносельский, Лермонтова,15к2Б,Проспект Ветеранов,299599954
2241,2,12,2,56.53,9610100,Пушкинский,,,,286947455
2242,3,12,2,54.58,9551500,Пушкинский,,,,295100685
2243,13,14,2,66.23,9569883,Невский,Невский,,,295183522
2244,2,15,2,53.14,9579999,Выборгский,,,,289898988
2245,1,4,2,58.34,9567760,Пушкинский,,,Купчино,296121267
2246,1,5,2,56.84,9582771,Пушкинский,,,Звездная,292310005
2247,12,12,2,30.13,9641600,Приморский,м. Комендантский проспект,,Комендантский проспект,294909893
2248,2,23,2,55.6,9555972,Приморский, Ивинская,5к2,Зенит,297361941
2249,2,23,2,54.55,9715251,Приморский, Ивинская,1к1,Зенит,297361726
2250,3,3,2,47.1,9708388,Петродворцовый,Красносельское шоссе,22,Автово,293828728
2251,2,3,2,50.8,9720178,Петродворцовый,Красносельское шоссе,22,Проспект Ветеранов,298402715
2252,4,13,2,47.43,9743307,Приморский,Коломяжский проспект,4,Черная речка,297552906
2253,8,9,2,63.98,9724960,Колпинский,Заречье тер.,,Рыбацкое,298270795
2254,5,12,2,49.2,9690000,Московский,Московское шоссе,3к5,Звездная,296384603
2255,5,12,2,60.8,9685466,Пушкинский,,,Звездная,298655408
2256,2,12,2,63.0,9696742,Пушкинский,,,Звездная,298655410
2257,24,24,2,50.3,9674169,Невский, Русановская,24,Пролетарская,292031207
2258,2,14,2,73.52,9686568,Невский,Невский,,,295182789
2259,4,12,2,42.07,9676100,Приморский,м. Комендантский проспект,,Комендантский проспект,294911274
2260,1,27,2,45.38,9652326,Выборгский,проезд Толубеевский,34к2,,297361265
2261,1,27,2,50.81,9745358,Выборгский,проезд Толубеевский,34к2,,297361368
2262,4,23,2,54.34,9706932,Приморский, Ивинская,1к1,Зенит,297361737
2263,2,9,2,64.58,9687000,Колпинский,Заречье тер.,,Рыбацкое,298270721
2264,8,13,2,52.5,9722790,Невский,Варфоломеевская ,6,Ломоносовская,292781676
2265,3,25,2,51.81,9700000,Приморский,шоссе Суздальское,,Проспект Просвещения,298298148
2266,1,17,2,54.7,9785830,Приморский, Ивинская,15,Комендантский проспект,297361417
2267,2,8,2,59.3,9754850,Красносельский, Лермонтова,15к2Ж,Проспект Ветеранов,293979119
2268,1,4,2,59.32,9787800,Пушкинский,,,Купчино,296122155
2269,6,12,2,56.13,9822750,Пушкинский,,,,286947599
2270,1,9,2,36.6,9790500,Выборгский,Светлановский проспект,45,Политехническая,299252998
2271,9,12,2,37.5,9750000,Приморский,м. Комендантский проспект,,Комендантский проспект,295861925
2272,2,4,2,56.16,9771840,Пушкинский,,,Звездная,296120254
2273,4,4,2,54.38,9842780,Пушкинский,,,Звездная,296120271
2274,1,27,2,55.1,9791270,Выборгский,проезд Толубеевский,36к1,,297360958
2275,2,5,2,56.08,9795639,Пушкинский,,,Звездная,292309997
2276,9,13,2,52.4,9757299,Невский,Варфоломеевская ,6,Ломоносовская,292781688
2277,1,6,2,66.7,9804900,Курортный, Строителей,3к2,,292413437
2278,1,5,2,51.82,9900003,Московский,Пулковское шоссе,103В,Звездная,295920886
2279,3,23,2,55.09,9910475,Приморский, Ивинская,1к4,Зенит,297885388
2280,6,6,2,67.6,9937200,Курортный, Строителей,3к2,,292413494
2281,25,27,2,48.79,9925068,Выборгский,проезд Толубеевский,34к2,,297361365
2282,10,12,2,62.0,9920000,Пушкинский,проспект Старорусский,9,,296280894
2283,2,20,2,50.83,9911850,Красносельский, Маршала Казакова,64к1,,297419306
2284,3,25,2,48.17,9874850,Красносельский, Маршала Казакова,64к1,,294606055
2285,10,15,2,52.3,9938162,Невский, Евдокима Огнева,3,Улица Дыбенко,296835119
2286,13,26,2,58.5,9945000,Пушкинский,проспект Новгородский,2к3,Шушары,293279864
2287,18,27,2,54.31,10033485,Выборгский,Заречная ,48к2,Парнас,297361464
2288,2,10,2,45.0,10036827,Приморский,Парашютная ,79к1,Комендантский проспект,292425307
2289,9,10,2,42.0,10034620,Приморский,Парашютная ,79к1,Комендантский проспект,292425358
2290,4,4,2,47.65,10000067,Пушкинский,шоссе Колпинское,127,Купчино,295505290
2291,1,8,2,63.71,10002470,Красносельский, Лермонтова,15к2Б,Проспект Ветеранов,299600010
2292,1,5,2,54.4,10033200,Колпинский,шоссе Рубежное,14,Рыбацкое,298649430
2293,4,25,2,48.71,9985550,Красносельский, Маршала Казакова,64к1,,294606123
2294,2,23,2,55.92,10046652,Приморский, Ивинская,1к1,Зенит,297884971
2295,1,5,2,55.0,10000000,Василеостровский,13-я Васильевского острова линия,62,Василеостровская,297042818
2296,1,4,2,60.32,9952800,Пушкинский,,,Купчино,296121154
2297,20,27,2,52.51,10032048,Выборгский,проезд Толубеевский,34к2,,298603018
2298,1,4,2,61.0,10004000,Пушкинский,,,Купчино,296122214
2299,1,5,2,60.01,10005894,Пушкинский,,,Звездная,292309984
2300,9,9,2,51.7,9990000,Василеостровский, Кораблестроителей,35Г,Приморская,298939767
2301,3,3,2,51.5,10139571,Петродворцовый,Красносельское шоссе,22,Ленинский проспект,298402720
2302,1,5,2,63.04,10125360,Колпинский,проезд Понтонный,6,Рыбацкое,298649333
2303,5,6,2,68.7,10098900,Курортный, Строителей,3к2,,292413491
2304,1,5,2,60.67,10119480,Пушкинский,,,Звездная,292309614
2305,4,14,2,73.16,10064196,Невский,Невский,,,295182928
2306,12,17,2,48.8,10115315,Выборгский,Заречная ,48к1,Парнас,297361578
2307,6,8,2,61.33,10088785,Красносельский, Лермонтова,15к2Б,Проспект Ветеранов,299600000
2308,10,13,2,47.7,10115500,Приморский,Коломяжский проспект,4,Черная речка,297553104
2309,3,12,2,64.1,10065447,Пушкинский,,,Звездная,298655424
2310,3,15,2,55.0,10137820,Невский, Евдокима Огнева,3,Улица Дыбенко,296210611
2311,3,12,2,43.89,10094700,Приморский,м. Комендантский проспект,,Комендантский проспект,294914013
2312,8,27,2,49.77,10113130,Выборгский,проезд Толубеевский,34к2,,297361287
2313,1,4,2,61.47,10142550,Пушкинский,,,Купчино,296120403
2314,1,4,2,64.01,10113580,Пушкинский,,,Купчино,296122343
2315,1,9,2,65.7,10052100,Колпинский,Заречье тер.,,Рыбацкое,298270045
2316,2,8,2,61.72,10152940,Красносельский, Лермонтова,15к2Б,Проспект Ветеранов,299599947
2317,1,5,2,47.51,10202000,Курортный,,,Беговая,296825901
2318,2,11,2,69.1,10240620,Пушкинский,проспект Старорусский,13к1,Звездная,294664664
2319,4,15,2,52.4,10200000,Невский, Крыленко,14с2,Улица Дыбенко,296210568
2320,1,4,2,62.84,10242920,Пушкинский,,,Купчино,296122294
2321,24,27,2,54.2,10221420,Выборгский,проезд Толубеевский,34к3,,297361253
2322,1,27,2,56.2,10217160,Выборгский,проезд Толубеевский,36к1,,297360956
2323,1,4,2,54.33,10228040,Петродворцовый,,,Проспект Ветеранов,294622503
2324,1,5,2,57.7,10169240,Пушкинский,Пулковское тер.,,Звездная,279689349
2325,1,23,2,59.44,10223680,Приморский, Ивинская,1к4,Зенит,297885365
2326,1,4,2,62.09,10306940,Пушкинский,,,Звездная,296120078
2327,21,27,2,52.72,10324046,Выборгский,проезд Толубеевский,34к3,,297361246
2328,22,27,2,54.31,10286430,Выборгский,проезд Толубеевский,32,Проспект Просвещения,297361131
2329,8,16,2,52.0,10300000,Василеостровский, Нахимова,5к4,Приморская,298147508
2330,1,23,2,59.75,10259075,Приморский, Ивинская,1к4,Зенит,297361429
2331,7,10,2,61.82,10293030,Пушкинский,,,,299502617
2332,1,4,2,62.16,10256400,Пушкинский,,,Купчино,296121221
2333,5,5,2,59.39,10311530,Пушкинский,,,Звездная,292309808
2334,1,4,2,54.98,10283492,Петродворцовый,,,Проспект Ветеранов,294622442
2335,1,4,2,58.1,10350108,Пушкинский,,,Купчино,297062212
2336,1,4,2,63.93,10420590,Пушкинский,,,Звездная,296120240
2337,4,5,2,52.3,10400000,Пушкинский, Образцовая,5к1с2,Звездная,294563598
2338,14,26,2,62.2,10387400,Пушкинский,проспект Новгородский,2к3,Звездная,297261162
2339,1,4,2,62.51,10376660,Пушкинский,,,Звездная,296120290
2340,25,27,2,54.04,10443998,Выборгский,Заречная ,52к1,,297905340
2341,4,5,2,57.1,10439000,Пушкинский,Пулковское тер.,,Звездная,279689359
2342,12,21,2,66.0,10400000,Приморский,Парашютная ,58,Комендантский проспект,295131720
2343,2,4,2,60.04,10507000,Пушкинский,,,Звездная,296120040
2344,21,27,2,52.94,10482901,Выборгский,Заречная ,52к1,,297905265
2345,21,27,2,54.52,10488478,Выборгский,Заречная ,52к1,,297905269
2346,2,12,2,61.89,10521300,Пушкинский,,,,286945127
2347,4,20,2,52.51,10502000,Красносельский, Маршала Казакова,64к1,,297419316
2348,1,24,2,55.9,10500000,Приморский, Верхне-Каменская,5,,290292225
2349,1,4,2,64.57,10524910,Пушкинский,,,Звездная,296120210
2350,2,4,2,51.45,10461654,Петродворцовый,,,Проспект Ветеранов,294622846
2351,1,4,2,55.71,10462896,Петродворцовый,,,Проспект Ветеранов,294622437
2352,1,5,2,59.4,10456160,Пушкинский,Пулковское тер.,,Звездная,284294450
2353,12,12,2,36.34,10538600,Приморский,м. Комендантский проспект,,Комендантский проспект,294909895
2354,1,6,2,71.1,10451700,Курортный, Строителей,3к2,,292413374
2355,14,17,2,60.5,10500000,Приморский,Парашютная ,61к4,Комендантский проспект,297360578
2356,2,3,2,53.8,10592407,Петродворцовый,Красносельское шоссе,22,Ленинский проспект,298402727
2357,6,6,2,72.0,10584000,Курортный, Строителей,3к2,,292413390
2358,18,27,2,53.76,10619928,Выборгский,Заречная ,54,Проспект Просвещения,297361041
2359,23,27,2,52.94,10612598,Выборгский,проезд Толубеевский,32,Проспект Просвещения,297361141
2360,12,12,2,60.5,10587500,Пушкинский,,,,291013066
2361,2,20,2,54.17,10563150,Красносельский, Маршала Казакова,64к1,,297419360
2362,1,11,2,71.4,10581480,Пушкинский,проспект Старорусский,13к1,Звездная,294664641
2363,1,4,2,64.66,10604240,Пушкинский,,,Купчино,296121223
2364,1,4,2,58.52,10580409,Петродворцовый,,,Проспект Ветеранов,294622389
2365,2,4,2,52.9,10648227,Петродворцовый,,,Проспект Ветеранов,294623043
2366,1,5,2,59.95,10565840,Пушкинский,Пулковское тер.,,Звездная,279689194
2367,1,5,2,57.9,10553920,Пушкинский, Нины Петровой,8к1,Купчино,279689068
2368,1,5,2,57.9,10553920,Пушкинский, Нины Петровой,10к1,Купчино,279690487
2369,1,5,2,58.0,10572800,Пушкинский, Нины Петровой,6к1,Купчино,279690849
2370,7,23,2,52.43,10637648,Приморский, Ивинская,1к1,Зенит,297885002
2371,2,5,2,56.0,10550000,Кировский,Краснопутиловская ,26,Автово,295859400
2372,6,23,2,60.65,10700195,Приморский, Ивинская,1к1,Зенит,297884996
2373,18,23,2,52.55,10744481,Приморский, Ивинская,1к1,Зенит,298604534
2374,2,23,2,51.83,10725302,Невский,Рыбацкое,5,Рыбацкое,299260921
2375,1,5,2,49.68,10724000,Курортный,,,Беговая,296825977
2376,5,25,2,49.79,10700000,Приморский, Лидии Зверевой,5к1,,279649607
2377,7,9,2,55.0,10650000,Приморский,Комендантский проспект,40К3,,298561367
2378,1,5,2,58.65,10714700,Колпинский,шоссе Рубежное,14,Рыбацкое,298685981
2379,7,13,2,48.65,10692491,Приморский,Коломяжский проспект,4,Черная речка,297552968
2380,4,4,2,51.54,10735200,Петродворцовый,,,Проспект Ветеранов,294623075
2381,6,20,2,64.0,10700000,Приморский,проспект Королева,73,Комендантский проспект,297523313
2382,3,3,2,55.1,10848357,Петродворцовый,Красносельское шоссе,22,Ленинский проспект,298402702
2383,13,26,2,60.5,10890000,Пушкинский,проспект Новгородский,2к3,Купчино,268907131
2384,10,26,2,63.0,10836000,Пушкинский,проспект Новгородский,2к3,Шушары,268906512
2385,2,12,2,63.28,10757600,Пушкинский,,,,295100394
2386,1,9,2,48.77,10774481,Красносельский, Тамбасова,5,Проспект Ветеранов,295858980
2387,1,27,2,57.1,10809030,Выборгский,проезд Толубеевский,32,Проспект Просвещения,297361062
2388,1,4,2,52.0,10780000,Пушкинский,,,Купчино,294621225
2389,1,5,2,62.6,10878040,Пушкинский,Пулковское тер.,,Звездная,284294332
2390,1,5,2,59.7,10771200,Пушкинский, Нины Петровой,8к1,Купчино,279689010
2391,1,5,2,59.7,10771200,Пушкинский, Нины Петровой,10к1,Купчино,279690348
2392,1,5,2,59.7,10771200,Пушкинский, Нины Петровой,6к1,Купчино,279690648
2393,1,4,2,58.9,10900301,Пушкинский,шоссе Колпинское,129,Купчино,279212798
2394,2,5,2,51.51,10950253,Московский,Пулковское шоссе,95к3,Звездная,299312165
2395,7,23,2,61.28,10992960,Приморский, Ивинская,1к4,Зенит,297361558
2396,3,12,2,62.38,10916500,Пушкинский,,,,295100438
2397,4,18,2,54.0,10990000,Василеостровский, Вадима Шефнера,4,,295993996
2398,3,5,2,58.0,10957870,Колпинский,шоссе Рубежное,14,Рыбацкое,298649478
2399,2,5,2,64.37,10931750,Колпинский,проезд Понтонный,6,Рыбацкое,298649359
2400,4,13,2,51.07,10948846,Приморский,Коломяжский проспект,4,Черная речка,297552886
2401,16,17,2,53.18,10935054,Выборгский,Заречная ,48к1,Парнас,297361584
2402,1,27,2,61.2,10918080,Выборгский,проезд Толубеевский,36к1,,297360960
2403,1,5,2,63.75,10934000,Пушкинский,Пулковское тер.,,Звездная,284294976
2404,3,5,2,55.08,11000357,Московский,Пулковский меридиан,,Звездная,297904354
2405,1,5,2,57.3,11000024,Московский,Пулковский меридиан,,Звездная,295920792
2406,1,4,2,54.35,11087840,Пушкинский,,,Купчино,299153357
2407,4,8,2,68.86,11086460,Красносельский, Лермонтова,15к2Ж,Проспект Ветеранов,293979152
2408,1,12,2,54.34,11096283,Красногвардейский,Полюстрово,,Академическая,294544987
2409,8,23,2,40.25,11042622,Невский,Рыбацкое,4,Рыбацкое,296410635
2410,4,9,2,38.7,11010150,Выборгский,Светлановский проспект,45,Политехническая,299252957
2411,2,7,2,57.0,11000000,Василеостровский, Опочинина,9,Василеостровская,298753935
2412,2,4,2,51.3,11038270,Пушкинский,,,Купчино,294621211
2413,8,12,2,57.0,11072592,Пушкинский,проспект Старорусский,5к1,Шушары,293752173
2414,1,4,2,57.22,11196792,Петродворцовый,,,Проспект Ветеранов,294623115
2415,3,8,2,69.55,11197550,Красносельский, Лермонтова,15к2Б,Проспект Ветеранов,299600074
2416,23,23,2,51.28,11137296,Невский,Рыбацкое,5,Рыбацкое,299260903
2417,1,5,2,62.42,11174640,Колпинский,шоссе Рубежное,14,Рыбацкое,299031046
2418,2,5,2,61.8,11163080,Пушкинский,Пулковское тер.,,Звездная,279689467
2419,1,5,2,58.64,11200445,Московский,Пулковское шоссе,103В,Звездная,295920901
2420,6,23,2,60.73,11244894,Приморский, Ивинская,5к1,Зенит,297884797
2421,2,4,2,53.15,11282300,Пушкинский,,,Купчино,299153153
2422,1,4,2,67.96,11281360,Пушкинский,,,Звездная,296120238
2423,6,12,2,52.69,11243757,Красногвардейский,Полюстрово,,Академическая,280432376
2424,5,5,2,56.63,11234160,Колпинский,шоссе Рубежное,14,Рыбацкое,298649512
2425,1,4,2,55.0,11225380,Пушкинский,,,Купчино,299153112
2426,3,17,2,60.4,11350000,Приморский, Оптиков,52к1,Беговая,297461307
2427,1,4,2,58.4,11350186,Пушкинский,шоссе Колпинское,127,Купчино,287425813
2428,1,4,2,58.9,11350236,Пушкинский,шоссе Колпинское,127,Купчино,292788666
2429,1,4,2,59.48,11300218,Пушкинский,,,Шушары,295505130
2430,1,4,2,60.34,11400006,Пушкинский,,,Купчино,295505526
2431,4,5,2,56.51,11400270,Московский,Пулковское шоссе,103В,Звездная,297868734
2432,15,23,2,41.17,11437695,Невский,Рыбацкое,4,Рыбацкое,299389586
2433,4,10,2,37.73,11319000,Выборгский, Курчатова,,Политехническая,298511470
2434,1,12,2,55.83,11400543,Красногвардейский,Полюстрово,,Академическая,294544938
2435,1,5,2,50.65,11348000,Курортный,,,Беговая,293736576
2436,4,20,2,50.25,11306250,Красносельский, Маршала Казакова,64к1,,294606869
2437,2,4,2,57.4,11360806,Пушкинский,,,Купчино,299336606
2438,2,27,2,61.34,11407542,Выборгский,Заречная ,50,Парнас,297361468
2439,2,17,2,56.92,11425038,Выборгский,Заречная ,56,Проспект Просвещения,297360964
2440,14,14,2,55.8,11300000,Невский,Октябрьская набережная,118к1Б,Ломоносовская,289750580
2441,2,27,2,61.34,11332410,Выборгский,Заречная ,46к1,Парнас,297360967
2442,1,4,2,57.61,11313840,Петродворцовый,,,Проспект Ветеранов,294623123
2443,1,5,2,64.6,11385640,Пушкинский,Пулковское тер.,,Звездная,279688542
2444,1,4,2,51.44,11500199,Петродворцовый,,,Автово,295923135
2445,2,4,2,50.25,11500340,Петродворцовый,,,Автово,295923304
2446,4,23,2,51.55,11534558,Невский,Рыбацкое,4,Рыбацкое,296760154
2447,6,13,2,42.5,11518024,Калининский,Полюстровский проспект,,Лесная,298855172
2448,2,12,2,55.47,11472370,Красногвардейский,Полюстрово,,Академическая,280432263
2449,1,4,2,53.7,11500257,Петродворцовый,,,Автово,297694621
2450,17,26,2,72.0,11520000,Пушкинский,проспект Новгородский,2к3,Шушары,291304601
2451,10,13,2,51.4,11464106,Приморский,Планерная ,97к2,Беговая,294504960
2452,9,9,2,36.0,11502000,Выборгский,Светлановский проспект,45,Политехническая,299252984
2453,5,5,2,59.63,11545360,Колпинский,шоссе Рубежное,14,Рыбацкое,298649466
2454,21,27,2,60.52,11511477,Выборгский,Заречная ,54,Проспект Просвещения,297361045
2455,1,4,2,70.38,11471940,Пушкинский,,,Купчино,296122097
2456,5,26,2,72.5,11600000,Пушкинский,проспект Новгородский,2к3,Шушары,268905843
2457,5,5,2,56.49,11550369,Московский,Пулковское шоссе,103В,Звездная,295920889
2458,5,5,2,53.81,11566700,Колпинский,шоссе Рубежное,12,Рыбацкое,298649312
2459,3,18,2,56.18,11797800,Невский, Тельмана,37,Ломоносовская,299556088
2460,12,12,2,49.19,11788330,Красногвардейский,Полюстрово,,Академическая,294545500
2461,1,12,2,58.95,11755528,Красногвардейский,Полюстрово,,Академическая,294544952
2462,12,12,2,49.5,11731500,Московский,Московское шоссе,3к5,Звездная,294538574
2463,1,4,2,53.24,11750201,Петродворцовый,,,Автово,295922961
2464,7,13,2,63.37,11744932,Приморский,Коломяжский проспект,4,Черная речка,297552966
2465,1,16,2,65.9,11690660,Выборгский, Федора Абрамова,29,Проспект Просвещения,297361562
2466,2,4,2,59.56,11786424,Петродворцовый,,,Проспект Ветеранов,294623088
2467,1,7,2,52.48,11693000,Выборгский,Шувалово-Озерки,,,298609679
2468,1,4,2,61.8,11800339,Пушкинский,шоссе Колпинское,127,Купчино,295505178
2469,10,23,2,47.51,11877500,Красносельский,Юго-Запад,,Автово,299096865
2470,10,12,2,49.5,11862622,Красногвардейский,Полюстрово,,Академическая,294545432
2471,3,12,2,52.16,11890899,Красногвардейский,Полюстрово,,Академическая,280432144
2472,22,23,2,51.28,11854447,Невский,Рыбацкое,4,Рыбацкое,295776611
2473,3,16,2,48.84,11858217,Невский, Гудиловская,9,Рыбацкое,293437750
2474,1,16,2,51.15,11866902,Невский,проспект Советский,43к2,Рыбацкое,295114176
2475,2,18,2,57.67,11822350,Невский, Тельмана,37,Ломоносовская,299556095
2476,2,17,2,59.51,11818853,Невский,Октябрьская набережная,11Б,Пролетарская,297359510
2477,1,4,2,64.24,11892612,Петродворцовый,,,Проспект Ветеранов,294622531
2478,1,4,2,61.83,11818456,Петродворцовый,,,Проспект Ветеранов,294622860
2479,13,17,2,49.56,11932797,Красносельский,Константиновское,,Проспект Ветеранов,297298477
2480,3,12,2,52.14,11992200,Приморский,м. Комендантский проспект,,Комендантский проспект,294911417
2481,6,10,2,38.7,11997000,Выборгский, Курчатова,,Политехническая,298511699
2482,1,4,2,64.0,11980585,Пушкинский,,,Купчино,298658263
2483,1,4,2,64.2,11932675,Пушкинский, Соколиная,,Купчино,298658229
2484,3,13,2,54.1,11997496,Приморский,Юнтолово,,Беговая,297292862
2485,1,5,2,64.93,11957440,Колпинский,шоссе Рубежное,14,Рыбацкое,298697654
2486,1,4,2,58.2,11955400,Пушкинский,,,Купчино,294621076
2487,12,25,2,68.0,11999000,Приморский,Парашютная ,54,Комендантский проспект,296855173
2488,1,5,2,76.84,11912642,Колпинский,шоссе Рубежное,12,Рыбацкое,298649266
2489,3,24,2,45.12,11999000,Московский, Среднерогатская,13к2,Звездная,291285573
2490,8,17,2,51.34,12110872,Красносельский,Константиновское,,Проспект Ветеранов,296529439
2491,3,8,2,60.42,12044699,Колпинский,,10,Шушары,299389547
2492,3,25,2,51.81,12002306,Приморский,набережная Реки Каменки,15к1,Проспект Просвещения,298056519
2493,9,10,2,49.2,12098495,Приморский,Парашютная ,79к1,Комендантский проспект,292425342
2494,5,12,2,55.25,12050107,Приморский,Коломяги,,Проспект Просвещения,298861119
2495,6,23,2,61.5,12030358,Выборгский,дорога Ольгинская,,Парнас,298863988
2496,15,23,2,56.3,12104937,Выборгский,дорога Ольгинская,,Парнас,298863789
2497,2,5,2,55.87,12123000,Курортный,,,Беговая,296825771
2498,1,16,2,50.4,12007800,Невский,проспект Советский,43к2,Рыбацкое,295114179
2499,8,13,2,63.68,12013805,Приморский,Коломяжский проспект,4,Черная речка,297553003
2500,9,13,2,52.6,12135233,Приморский,Планерная ,91к2,Старая Деревня,294504970
2501,2,20,2,55.14,12130800,Красносельский, Маршала Казакова,64к1,,294606539
2502,2,4,2,65.3,12029268,Пушкинский, Соколиная,,Купчино,298658203
2503,1,4,2,65.65,12047699,Петродворцовый,,,Проспект Ветеранов,294622515
2504,1,4,2,56.11,12150396,Петродворцовый,,,Автово,297694610
2505,1,5,2,58.86,12200059,Московский,Пулковское шоссе,99к4,Звездная,291717484
2506,2,18,2,59.4,12177000,Невский, Тельмана,37,Ломоносовская,299556067
2507,3,4,2,57.45,12204200,Пушкинский,,,Купчино,299153214
2508,17,23,2,56.5,12180124,Выборгский,дорога Ольгинская,,Парнас,298864087
2509,9,23,2,62.5,12225974,Выборгский,дорога Ольгинская,,Парнас,298863462
2510,3,10,2,42.17,12229300,Выборгский, Курчатова,,Политехническая,298511495
2511,4,7,2,52.57,12206691,Красносельский,Константиновское,,Проспект Ветеранов,295961905
2512,1,4,2,64.5,12208584,Пушкинский,,,Купчино,298658266
2513,2,9,2,52.52,12233913,Красносельский, Тамбасова,5,Проспект Ветеранов,295859157
2514,17,17,2,58.1,12199999,Приморский,Мебельная ,45к1В,Беговая,289808305
2515,5,5,2,57.98,12173720,Колпинский,шоссе Рубежное,12,Рыбацкое,298649284
2516,4,12,2,53.06,12203800,Приморский,м. Комендантский проспект,,Комендантский проспект,295861987
2517,7,15,2,58.0,12300000,Приморский,Мебельная ,21к1,Беговая,295371904
2518,1,7,2,54.04,12343473,Красносельский,Константиновское,,Проспект Ветеранов,296529445
2519,22,23,2,56.87,12368147,Невский,Рыбацкое,4,Рыбацкое,296091936
2520,10,16,2,47.85,12372890,Невский, Гудиловская,9,Рыбацкое,292292178
2521,8,8,2,35.0,12250000,Центральный,Херсонская ,43/12,Площадь Александра Невского,299357417
2522,3,25,2,57.55,12373250,Красносельский, Маршала Казакова,64к1,,294605876
2523,1,4,2,67.0,12259789,Пушкинский, Соколиная,,Купчино,298658215
2524,8,15,2,54.5,12300000,Приморский, Савушкина,121К2,Крестовский остров,298778371
2525,15,15,2,61.84,12289999,Выборгский,,,,298840950
2526,4,4,2,67.39,12399760,Пушкинский,,,Звездная,296120279
2527,2,4,2,65.24,12349675,Петродворцовый,,,Проспект Ветеранов,294622575
2528,2,25,2,63.29,12474282,Приморский,Коломяги,,Проспект Просвещения,298056547
2529,7,10,2,55.0,12438415,Приморский,Парашютная ,79к1,Комендантский проспект,293828755
2530,5,5,2,56.73,12400383,Московский,Пулковское шоссе,95к3,Звездная,299312167
2531,2,4,2,58.55,12450560,Пушкинский,,,Купчино,299153096
2532,12,23,2,64.5,12498835,Выборгский,дорога Ольгинская,,Парнас,298864029
2533,17,24,2,54.0,12400000,Калининский,Лабораторный проспект,20к3,Лесная,299316703
2534,7,12,2,63.7,12421500,Пушкинский,проспект Старорусский,9,,296280861
2535,3,13,2,61.1,12497982,Приморский,Юнтолово,,Беговая,297292290
2536,1,4,2,61.65,12431130,Пушкинский,,,Купчино,299153161
2537,3,5,2,42.0,12450000,Фрунзенский,Лиговский проспект,257,Обводный канал,298983647
2538,5,16,2,64.9,12400000,Невский, Латышских Стрелков,15к1,Проспект Большевиков,295011449
2539,8,10,2,55.5,12551491,Приморский,Парашютная ,79к1,Комендантский проспект,295329498
2540,4,12,2,56.72,12569585,Красногвардейский,Полюстрово,,Академическая,294545128
2541,7,13,2,52.71,12543888,Приморский,аллея Арцеуловская,9,Старая Деревня,299028859
2542,1,11,2,50.94,12631612,Невский, Гудиловская,5к1,Рыбацкое,295426173
2543,1,11,2,57.46,12546219,Невский, Гудиловская,6к1,Обухово,292207779
2544,2,4,2,60.4,12563840,Пушкинский,,,Купчино,299153244
2545,14,23,2,64.4,12729045,Выборгский,дорога Ольгинская,,Парнас,298863939
2546,2,4,2,57.04,12700383,Петродворцовый,,,Автово,295923140
2547,2,4,2,68.3,12693772,Пушкинский,,,Купчино,299336603
2548,1,4,2,69.4,12728774,Пушкинский, Соколиная,,Купчино,298658225
2549,2,13,2,62.1,12710454,Приморский,Юнтолово,,Беговая,297293474
2550,5,13,2,64.59,12684055,Приморский,Коломяжский проспект,4,Черная речка,297552925
2551,1,7,2,57.51,12676950,Приморский,шоссе Суздальское,18к3,Проспект Просвещения,298651116
2552,1,4,2,62.5,12653800,Пушкинский,,,Купчино,294621059
2553,2,7,2,57.93,12720000,Выборгский,Шувалово-Озерки,,,298609150
2554,5,8,2,60.8,12869094,Колпинский,,10,Шушары,294520822
2555,11,12,2,60.4,12786680,Московский,Московское шоссе,3к5,Звездная,294538565
2556,1,4,2,64.2,12804480,Пушкинский,,,Купчино,299153163
2557,3,12,2,56.43,12850437,Приморский,Коломяги,,Озерки,295921594
2558,1,4,2,64.55,12890130,Пушкинский,,,Купчино,299153207
2559,1,16,2,58.7,12756097,Невский,проспект Советский,43к2,Рыбацкое,295114189
2560,2,4,2,69.4,12815924,Пушкинский,,,Купчино,298658264
2561,3,13,2,58.4,12840121,Приморский,Юнтолово,,Беговая,297292871
2562,4,13,2,61.9,12851546,Приморский,Юнтолово,,Беговая,297292370
2563,2,13,2,66.5,12897412,Приморский,Юнтолово,,Беговая,297291656
2564,3,12,2,55.77,12827100,Приморский,м. Комендантский проспект,,Комендантский проспект,294914017
2565,1,7,2,59.66,12871440,Приморский,шоссе Суздальское,18к3,Проспект Просвещения,298651124
2566,1,7,2,58.72,12841470,Приморский,набережная Реки Каменки,3к3,Озерки,298728494
2567,5,5,2,60.76,12886620,Колпинский,проезд Понтонный,6,Рыбацкое,298649346
2568,1,5,2,62.51,12950227,Московский,Пулковское шоссе,95к3,Звездная,294338103
2569,5,18,2,54.45,12986325,Невский, Тельмана,37,Ломоносовская,299555740
2570,4,17,2,58.96,12934160,Невский,Октябрьская набережная,11Б,Пролетарская,297359528
2571,7,7,2,49.9,12900000,Московский, Фрунзе,23,Парк Победы,299247049
2572,4,10,2,46.17,12927600,Выборгский, Курчатова,,Политехническая,298511467
2573,1,5,2,60.67,12935000,Курортный,,,Беговая,296825942
2574,12,21,2,50.32,12900035,Невский,Невский,,Проспект Большевиков,299354070
2575,5,12,2,59.25,12950213,Приморский,Коломяги,,Проспект Просвещения,298861170
2576,3,14,2,49.7,12900000,Приморский,Планерная ,91к2,Комендантский проспект,296995439
2577,6,21,2,52.3,13100443,Невский,Невский,,Проспект Большевиков,299394199
2578,17,17,2,47.71,13053456,Василеостровский,Гавань,12,Горный институт,296662595
2579,3,12,2,61.06,13142197,Красногвардейский,Полюстрово,,Академическая,280432142
2580,10,12,2,52.35,13050226,Приморский,Коломяги,,Озерки,295347896
2581,6,8,2,55.55,13062258,Красносельский,Константиновское,,Проспект Ветеранов,296862506
2582,1,11,2,63.32,13119018,Невский, Гудиловская,6к1,Обухово,286877774
2583,4,9,2,54.0,13015617,Красносельский, Тамбасова,5,Проспект Ветеранов,298331320
2584,10,12,2,52.63,13078888,Приморский,аллея Арцеуловская,7к2,Пионерская,293380292
2585,13,18,2,51.56,13001395,Московский,м. Ленинский проспект,,Ленинский проспект,293304089
2586,4,16,2,53.51,13010972,Московский,м. Ленинский проспект,,Ленинский проспект,299516741
2587,9,13,2,60.5,13045133,Приморский,Юнтолово,,Беговая,297293383
2588,11,13,2,52.0,13144111,Приморский,Юнтолово,,Беговая,297292793
2589,5,23,2,52.68,13000000,Калининский,Полюстровский проспект,,,297123852
2590,1,4,2,65.7,13105890,Пушкинский,,,Купчино,299153169
2591,2,7,2,48.32,13033798,Калининский,Финляндский,,Выборгская,280115687
2592,7,7,2,56.42,13075000,Выборгский,Шувалово-Озерки,,,298609342
2593,1,7,2,57.23,13135000,Выборгский,Шувалово-Озерки,,,298609166
2594,4,7,2,54.63,13223097,Красносельский,Константиновское,,Проспект Ветеранов,298690311
2595,10,10,2,50.4,13259278,Приморский,Парашютная ,79к1,Озерки,293828768
2596,2,12,2,58.68,13200212,Приморский,Коломяги,,Озерки,297904416
2597,9,16,2,53.59,13293803,Московский,Кубинская ,82к1,Ленинский проспект,274433562
2598,2,9,2,57.22,13271774,Красносельский, Тамбасова,5,Проспект Ветеранов,298331036
2599,12,14,2,46.7,13203024,Фрунзенский,Волковское,5,Обводный канал,288385655
2600,4,7,2,62.06,13275090,Приморский,набережная Реки Каменки,3к3,Озерки,298651768
2601,10,12,2,54.82,13250322,Приморский,Коломяги,,Озерки,295347898
2602,5,5,2,62.33,13236130,Колпинский,шоссе Рубежное,12,Рыбацкое,298649280
2603,10,10,2,36.89,13280400,Выборгский, Курчатова,,Политехническая,298567719
2604,22,25,2,63.88,13361083,Приморский,Коломяги,,Проспект Просвещения,298056570
2605,4,7,2,61.37,13316050,Приморский,набережная Реки Каменки,3к3,Озерки,298651813
2606,3,12,2,51.59,13385888,Приморский,аллея Арцеуловская,7к2,Пионерская,297252074
2607,2,12,2,56.77,13333888,Приморский,аллея Арцеуловская,7к2,Пионерская,287076882
2608,5,13,2,59.5,13311209,Приморский,Юнтолово,,Беговая,297293770
2609,5,9,2,57.3,13300000,Выборгский,Костромской проспект,24,Удельная,299434460
2610,6,14,2,50.5,13525920,Фрунзенский,Волковское,5,Обводный канал,299174622
2611,9,10,2,59.4,13433488,Приморский,Парашютная ,79к1,Комендантский проспект,295329500
2612,1,12,2,54.67,13400409,Московский,м. Ленинский проспект,,Ленинский проспект,296659928
2613,1,9,2,54.7,13400323,Московский,Новоизмайловское,,,296659908
2614,3,8,2,61.59,13537482,Приморский,Коломяги,,Проспект Просвещения,298650937
2615,15,15,2,51.72,13498920,Василеостровский,Гавань,12,Горный институт,298050419
2616,2,14,2,60.78,13535706,Василеостровский,Гавань,,Приморская,294660466
2617,2,16,2,59.76,13535640,Василеостровский,Гавань,,Приморская,294660896
2618,8,16,2,51.5,13427688,Выборгский,Шувалово-Озерки,,Проспект Просвещения,299139300
2619,4,12,2,44.0,13500000,Приморский, Плесецкая,6,Комендантский проспект,294999423
2620,4,19,2,63.3,13500000,Василеостровский,бульвар Александра Грина,3,Приморская,298977124
2621,13,14,2,49.5,13471920,Фрунзенский,Волковское,5,Обводный канал,299174623
2622,3,9,2,56.43,13537233,Красносельский, Тамбасова,5,Проспект Ветеранов,295859104
2623,1,19,2,58.09,13430434,Калининский,Финляндский,,Выборгская,286343962
2624,5,5,2,68.4,13500000,Центральный,Невский проспект,146,Площадь Восстания,299550299
2625,4,6,2,49.7,13500000,Петроградский,Зверинская ,17б,Спортивная,299206748
2626,2,7,2,59.57,13670000,Выборгский,Шувалово-Озерки,,,298609149
2627,17,18,2,55.9,13695500,Василеостровский, Вадима Шефнера,4,Василеостровская,296306165
2628,2,14,2,61.76,13630432,Василеостровский,Гавань,,Приморская,294660454
2629,2,12,2,55.1,13637250,Красногвардейский,Партизанская ,5Б,Ладожская,299403252
2630,1,5,2,63.97,13687000,Курортный,,,Беговая,296825900
2631,4,11,2,52.67,13689159,Невский, Гудиловская,5к1,Рыбацкое,295426186
2632,1,11,2,56.93,13602225,Невский, Гудиловская,5к1,Рыбацкое,295426160
2633,3,18,2,56.64,13600198,Невский,Невский,,Проспект Большевиков,298355584
2634,3,12,2,56.37,13582888,Приморский,аллея Арцеуловская,7к2,Пионерская,291398795
2635,2,16,2,58.8,13699297,Московский,Кубинская ,82к1,Ленинский проспект,274433465
2636,4,18,2,59.13,13685689,Московский,м. Ленинский проспект,,Ленинский проспект,293303958
2637,12,18,2,55.99,13574375,Московский,м. Ленинский проспект,,Ленинский проспект,293304591
2638,4,8,2,60.12,13550000,Кировский,Двинская ,6,Нарвская,288684272
2639,2,9,2,58.53,13575619,Красносельский, Тамбасова,5,Проспект Ветеранов,298331253
2640,5,5,2,63.31,13598680,Колпинский,шоссе Рубежное,12,Рыбацкое,298649300
2641,13,19,2,49.68,13651114,Калининский,Финляндский,,Выборгская,292590566
2642,5,10,2,52.7,13649000,Василеостровский,проспект Малый Васильевского острова,54к2,Горный институт,268140015
2643,2,8,2,66.86,13793472,Приморский,Коломяги,,Проспект Просвещения,298651053
2644,8,12,2,55.14,13785000,Приморский,м. Комендантский проспект,,Комендантский проспект,294928410
2645,9,23,2,66.0,13769387,Выборгский,дорога Ольгинская,,Парнас,298863467
2646,2,16,2,64.09,13779350,Василеостровский,Гавань,,Приморская,294660859
2647,11,12,2,62.77,13775900,Красногвардейский,Полюстрово,,Академическая,280432436
2648,4,12,2,52.9,13754000,Красногвардейский,Партизанская ,5Б,Ладожская,299403411
2649,4,12,2,59.75,13750207,Приморский,Коломяги,,Проспект Просвещения,298861130
2650,4,12,2,56.56,13797529,Московский,Звёздное,,Звездная,298641778
2651,3,16,2,58.13,13735562,Московский,Кубинская ,82к1,Ленинский проспект,274433479
2652,15,17,2,57.54,13766213,Невский,Октябрьская набережная,11Б,Пролетарская,297359653
2653,4,26,2,63.75,13750000,Приморский,проспект Авиаконструкторов,67к1,Комендантский проспект,291977980
2654,8,18,2,53.55,13705650,Василеостровский,Морской,,Приморская,298740104
2655,1,12,2,56.46,13850202,Московский,м. Ленинский проспект,,Ленинский проспект,296659925
2656,2,17,2,63.94,13881991,Невский,Октябрьская набережная,11Б,Пролетарская,297359514
2657,2,13,2,68.5,13879017,Приморский,Юнтолово,,Беговая,297294532
2658,2,23,2,77.0,13876305,Выборгский,дорога Ольгинская,,Парнас,298864107
2659,12,23,2,48.58,13899820,Калининский,Финляндский,,Выборгская,299508125
2660,2,24,2,54.77,13859494,Невский, Славянская,8,Рыбацкое,291969165
2661,7,13,2,58.94,13920888,Приморский,аллея Арцеуловская,9,Старая Деревня,299028853
2662,3,18,2,59.77,13833817,Московский,м. Ленинский проспект,,Ленинский проспект,293303941
2663,10,13,2,66.7,13881171,Приморский,Юнтолово,,Беговая,297294319
2664,9,13,2,70.3,13913382,Приморский,Юнтолово,,Беговая,297293859
2665,2,13,2,68.0,13839801,Приморский,Юнтолово,,Беговая,297290940
2666,13,19,2,67.9,13800000,Приморский,проспект Королева,65,Комендантский проспект,297759062
2667,7,16,2,65.0,13900000,Приморский,проспект Сизова,22,,299052802
2668,1,7,2,64.57,13804840,Приморский,набережная Реки Каменки,3к3,Озерки,298651749
2669,3,17,2,55.77,13880307,Калининский,Финляндский,,,294622075
2670,1,3,2,68.0,13962371,Петродворцовый,Красносельское шоссе,22,Ленинский проспект,285685218
2671,5,8,2,64.13,14088995,Приморский,Коломяги,,Проспект Просвещения,298651059
2672,3,8,2,64.67,14073700,Приморский,Коломяги,,Проспект Просвещения,298650947
2673,2,10,2,35.0,14000000,Центральный,Херсонский проезд,6,Площадь Александра Невского,296920330
2674,1,7,2,62.22,13998000,Выборгский,Шувалово-Озерки,,,298609309
2675,15,15,2,56.35,14081865,Василеостровский,Гавань,12,Горный институт,297578745
2676,2,5,2,66.02,14086000,Курортный,,,Беговая,296825933
2677,1,5,2,66.65,14063000,Курортный,,,Беговая,296825943
2678,17,18,2,57.0,13965000,Василеостровский, Вадима Шефнера,4,Василеостровская,296306187
2679,1,18,2,61.58,14064291,Московский,м. Ленинский проспект,,Ленинский проспект,293303908
2680,2,18,2,60.77,14006402,Московский,м. Ленинский проспект,,Ленинский проспект,293303917
2681,4,13,2,64.7,14019942,Приморский,Юнтолово,,Беговая,297291054
2682,3,13,2,64.7,14083869,Приморский,Юнтолово,,Беговая,297294545
2683,9,13,2,49.8,13988620,Фрунзенский,Волковское,3,Обводный канал,292960599
2684,10,15,2,73.0,13950000,Фрунзенский,Софийская ,48к4,Ломоносовская,296073719
2685,3,12,2,59.79,13978122,Московский,Звёздное,,Звездная,298641808
2686,3,9,2,57.95,14035480,Красносельский, Тамбасова,5,Проспект Ветеранов,295859161
2687,15,18,2,51.03,13990000,Фрунзенский, Салова,61,Бухарестская,291058944
2688,3,12,2,51.63,14100411,Московский,Новоизмайловское,,,296417651
2689,2,12,2,59.2,14237600,Красногвардейский,Партизанская ,5Б,Ладожская,299403258
2690,2,4,2,80.0,14150000,Петроградский,Стрельнинская ,12,Чкаловская,297940795
2691,3,11,2,59.28,14190565,Невский, Гудиловская,6к1,Обухово,292014917
2692,1,18,2,63.18,14215769,Московский,м. Ленинский проспект,,Ленинский проспект,293303904
2693,15,17,2,54.57,14174542,Невский,Октябрьская набережная,11Б,Пролетарская,297359487
2694,4,13,2,69.3,14117797,Приморский,Юнтолово,,Беговая,297294005
2695,1,5,2,79.7,14171350,Колпинский,шоссе Рубежное,14,Рыбацкое,298649455
2696,7,13,2,70.93,14170466,Приморский,Коломяжский проспект,4,Черная речка,297552965
2697,1,7,2,60.73,14141000,Выборгский,Шувалово-Озерки,,,298609230
2698,24,25,2,75.67,14397791,Приморский,Коломяги,,Проспект Просвещения,298056548
2699,1,7,2,65.39,14359000,Выборгский,Шувалово-Озерки,,,298609167
2700,2,12,2,59.5,14309750,Красногвардейский,Партизанская ,5Б,Ладожская,299403351
2701,4,11,2,59.0,14383305,Невский, Гудиловская,5к1,Рыбацкое,295426178
2702,9,16,2,59.64,14293104,Московский,Кубинская ,82к1,Ленинский проспект,274433568
2703,2,18,2,63.57,14303521,Московский,м. Ленинский проспект,,Ленинский проспект,293303923
2704,4,5,2,79.28,14325600,Колпинский,шоссе Рубежное,14,Рыбацкое,298649541
2705,19,19,2,57.29,14398651,Калининский,Финляндский,,Выборгская,286344227
2706,5,7,2,53.53,14397557,Калининский,Финляндский,,Выборгская,297081455
2707,1,7,2,60.21,14286629,Калининский,Финляндский,,Выборгская,280115509
2708,5,17,2,57.01,14337455,Калининский,Финляндский,,,294622041
2709,1,7,2,63.78,14349000,Выборгский,Шувалово-Озерки,,,298609310
2710,2,12,2,53.67,14400251,Московский,Новоизмайловское,,,296055003
2711,1,10,2,59.15,14500031,Московский,м. Ленинский проспект,,Ленинский проспект,296659930
2712,4,12,2,53.25,14500294,Московский,Новоизмайловское,,,295505775
2713,2,13,2,66.01,14522200,Невский, Тельмана,37,Ломоносовская,299555849
2714,10,17,2,61.39,14549430,Василеостровский,Гавань,12,Горный институт,294545603
2715,24,25,2,67.4,14542031,Приморский,Коломяги,,Проспект Просвещения,298656893
2716,16,17,2,54.47,14480303,Невский,Октябрьская набережная,11Б,Пролетарская,297359504
2717,10,13,2,70.7,14423827,Приморский,Юнтолово,,Беговая,297293884
2718,5,9,2,53.6,14525600,Выборгский,Светлановский проспект,45,Политехническая,299252982
2719,4,14,2,56.0,14488320,Фрунзенский,Волковское,5,Обводный канал,295643034
2720,8,14,2,53.2,14459494,Фрунзенский,Волковское,1,Обводный канал,293227156
2721,2,12,2,55.2,14466816,Фрунзенский,Волковское,5,Обводный канал,290849907
2722,2,10,2,36.2,14480000,Центральный,Херсонский проезд,6,Площадь Александра Невского,296920339
2723,3,17,2,57.69,14411749,Калининский,Финляндский,,,294622059
2724,8,16,2,64.89,14665140,Василеостровский,Гавань,,Приморская,298049970
2725,2,13,2,55.6,14636422,Фрунзенский,Волковское,1,Обводный канал,289171928
2726,2,7,2,63.09,14625000,Выборгский,Шувалово-Озерки,,,298609200
2727,3,12,2,58.1,14699300,Красногвардейский,Партизанская ,5Б,Ладожская,299403357
2728,11,23,2,77.6,14567116,Выборгский,дорога Ольгинская,,Парнас,298863738
2729,5,14,2,51.6,14558940,Фрунзенский,Волковское,1,Обводный канал,294724095
2730,17,17,2,56.76,14610024,Василеостровский,Гавань,12,Горный институт,296662607
2731,15,17,2,64.3,14602530,Василеостровский,Гавань,12,Горный институт,298050398
2732,12,12,2,61.6,14690948,Красногвардейский,Полюстрово,,Академическая,280432123
2733,9,23,2,53.85,14619127,Калининский,Финляндский,,Выборгская,299508086
2734,2,5,2,70.8,14690000,Курортный,,,Беговая,292533791
2735,9,13,2,74.0,14645665,Приморский,Юнтолово,,Беговая,297293871
2736,5,9,2,59.3,14587800,Выборгский,Светлановский проспект,45,Политехническая,299252981
2737,1,9,2,54.5,14578750,Выборгский,Светлановский проспект,45,Политехническая,299252935
2738,4,13,2,72.1,14619473,Приморский,Юнтолово,,Беговая,297292330
2739,2,10,2,36.5,14600000,Центральный,Херсонский проезд,6,Площадь Александра Невского,296920319
2740,4,4,2,81.38,14648400,Пушкинский,,,Купчино,296121265
2741,1,7,2,59.65,14662320,Приморский,набережная Реки Каменки,3к3,Озерки,298651791
2742,2,7,2,65.81,14741000,Выборгский,Шувалово-Озерки,,,298609297
2743,15,15,2,58.24,14705600,Василеостровский,Гавань,12,Горный институт,296662629
2744,2,5,2,71.5,14724000,Курортный,,,Беговая,292533937
2745,1,12,2,62.64,14750185,Невский,Невский,,Проспект Большевиков,298355571
2746,2,18,2,67.18,14779600,Невский, Тельмана,37,Ломоносовская,299555944
2747,2,11,2,61.4,14793368,Невский,Октябрьская набережная,86К2,Пролетарская,293297284
2748,3,13,2,68.0,14735023,Приморский,Юнтолово,,Беговая,297294536
2749,22,25,2,73.0,14700000,Выборгский, Есенина,1к1,Озерки,298773326
2750,9,11,2,56.7,14745628,Фрунзенский,Волковское,3,Обводный канал,298768040
2751,2,9,2,64.68,14786725,Красносельский, Тамбасова,5,Проспект Ветеранов,295858811
2752,11,17,2,59.87,14784678,Калининский,Финляндский,,,294622080
2753,2,12,2,54.36,14850146,Московский,м. Ленинский проспект,,Ленинский проспект,297438000
2754,2,8,2,74.93,14928870,Приморский,Коломяги,,Проспект Просвещения,298770166
2755,6,18,2,52.34,14929999,Василеостровский,Морской,,,299606337
2756,4,12,2,60.78,14845029,Московский,Звёздное,,Звездная,295358725
2757,2,23,2,83.2,14861628,Выборгский,дорога Ольгинская,,Парнас,298863961
2758,2,13,2,59.23,14867000,Калининский,Академическое,,Академическая,299482195
2759,21,23,2,66.8,14866893,Выборгский,дорога Ольгинская,,Парнас,298864019
2760,2,22,2,61.49,14934064,Калининский,Финляндский,,Лесная,299508182
2761,2,17,2,67.29,14938380,Василеостровский,Гавань,12,Горный институт,294545577
2762,1,5,2,72.5,14901000,Курортный,,,Беговая,292533843
2763,18,23,2,55.81,14900432,Невский,Невский,,Проспект Большевиков,295920972
2764,17,18,2,61.8,14832000,Василеостровский, Вадима Шефнера,4,Василеостровская,296306200
2765,9,10,2,33.1,14910491,Центральный,Херсонский проезд,6,Площадь Александра Невского,299338092
2766,5,18,2,70.5,14805000,Василеостровский,бульвар Головнина,3к1,Горный институт,294573207
2767,11,18,2,61.0,14945000,Василеостровский,бульвар Головнина,3к1,Горный институт,294573103
2768,4,9,2,61.6,14845600,Выборгский,Светлановский проспект,45,Политехническая,299252967
2769,5,7,2,55.39,14876908,Калининский,Финляндский,,Выборгская,280115599
2770,4,14,2,59.8,14901263,Фрунзенский,Волковское,1,Обводный канал,299174537
2771,5,12,2,63.54,14831603,Московский,Звёздное,,Звездная,298641847
2772,1,7,2,63.12,14928870,Приморский,набережная Реки Каменки,3к3,Озерки,298651697
2773,3,17,2,60.65,14845293,Калининский,Финляндский,,,294621820
2774,9,19,2,67.2,14800000,Василеостровский,бульвар Вилькицкий,7,Приморская,297757618
2775,1,17,2,76.5,14929117,Московский,Московское шоссе,13ВГ,Звездная,297034998
2776,3,14,2,57.4,14924000,Василеостровский,набережная Реки Смоленки,35к1,Приморская,298552754
2777,3,25,2,67.85,15001635,Приморский,Коломяги,,Проспект Просвещения,298651548
2778,6,13,2,65.38,15004710,Невский, Тельмана,37,Ломоносовская,299555889
2779,4,16,2,64.46,15017970,Московский,Кубинская ,82к1,Ленинский проспект,274433490
2780,2,12,2,61.0,15090056,Московский,Черниговская ,17,Московские ворота,298657644
2781,1,12,2,68.1,15072285,Московский,Черниговская ,17,Московские ворота,298657841
2782,2,17,2,62.41,15010936,Невский,Октябрьская набережная,11Б,Пролетарская,297359345
2783,10,16,2,82.3,15000000,Калининский,Кондратьевский проспект,62к6,Выборгская,275616756
2784,2,11,2,59.85,15023000,Калининский,Академическое,,Академическая,299482214
2785,6,22,2,61.02,15034905,Калининский,Финляндский,,Лесная,299507650
2786,11,23,2,53.07,15019624,Калининский,Финляндский,,Выборгская,299508120
2787,10,22,2,60.48,14962340,Калининский,Финляндский,,Лесная,299507792
2788,17,18,2,62.8,15072000,Василеостровский, Вадима Шефнера,4,Василеостровская,296306204
2789,3,17,2,68.02,15032420,Василеостровский,Гавань,12,Горный институт,294545578
2790,2,22,2,60.13,15026524,Калининский,Финляндский,,Лесная,299508165
2791,1,11,2,48.0,15000000,Выборгский,проспект Энгельса,2,Пионерская,295659299
2792,9,21,2,77.5,15098000,Красносельский,Ленинский проспект,82к1,Ленинский проспект,298847281
2793,2,7,2,64.86,14950000,Приморский,шоссе Суздальское,18к3,Проспект Просвещения,298651130
2794,6,9,2,59.8,15069600,Выборгский,Светлановский проспект,45,Политехническая,299252996
2795,4,16,2,53.06,15092439,Приморский,Коломяжский проспект,13к3,Пионерская,296705446
2796,2,5,2,64.3,14990000,Центральный,Поварской переулок,12,Маяковская,286808822
2797,12,13,2,53.6,15056025,Фрунзенский,Волковское,3,Обводный канал,299174616
2798,8,12,2,62.25,15047887,Московский,Звёздное,,Звездная,298641855
2799,2,12,2,57.01,15041518,Выборгский,Светлановское,,Удельная,293271559
2800,13,13,2,53.7,15000000,Невский,Варфоломеевская ,6,Ломоносовская,294929836
2801,18,24,2,63.4,14990000,Московский, Федора Котанова,13к1,Звездная,297031674
2802,3,12,2,64.7,15231609,Выборгский,Светлановское,,Удельная,293271878
2803,1,10,2,61.57,15100073,Московский,м. Ленинский проспект,,Ленинский проспект,299394260
2804,2,23,2,84.3,15113341,Выборгский,дорога Ольгинская,,Парнас,298863821
2805,2,13,2,70.38,15225888,Приморский,аллея Арцеуловская,9,Старая Деревня,299604003
2806,9,18,2,72.4,15204000,Василеостровский,бульвар Головнина,3к1,Горный институт,297667971
2807,3,16,2,58.6,15155947,Выборгский,Шувалово-Озерки,,Проспект Просвещения,295748346
2808,5,23,2,63.2,15207323,Выборгский,Шувалово-Озерки,,Проспект Просвещения,295748523
2809,3,12,2,64.91,15126840,Московский,Звёздное,,Звездная,298641937
2810,5,9,2,48.8,15190000,Центральный,Кременчугская ,9К1,Площадь Александра Невского,296086772
2811,17,18,2,63.5,15240000,Василеостровский, Вадима Шефнера,4,Василеостровская,296306188
2812,5,18,2,72.5,15225000,Василеостровский,бульвар Головнина,3к1,Горный институт,294573271
2813,2,18,2,74.2,15211000,Василеостровский,бульвар Головнина,3к1,Горный институт,294573165
2814,7,17,2,56.51,15197993,Невский,Октябрьская набережная,11Б,Пролетарская,297359387
2815,2,16,2,72.1,15200000,Московский, Среднерогатская,16к5,,297562583
2816,8,11,2,53.4,15151947,Невский,Октябрьская набережная,86К2,Пролетарская,294042865
2817,6,13,2,71.87,15151633,Приморский,Коломяжский проспект,4,Черная речка,297552944
2818,3,9,2,64.17,15244661,Красносельский, Тамбасова,5,Проспект Ветеранов,295858821
2819,1,12,2,72.6,15340809,Московский,Черниговская ,17,Московские ворота,299132637
2820,3,12,2,57.05,15259677,Московский,Звёздное,,Звездная,277319630
2821,7,13,2,56.76,15423085,Калининский,Полюстровский проспект,,Лесная,298022203
2822,2,13,2,61.9,15352000,Калининский,Академическое,,Политехническая,298016472
2823,2,13,2,63.35,15395000,Калининский,Академическое,,Политехническая,294618074
2824,2,12,2,67.87,15270751,Приморский,проспект Авиаконструкторов,54,Комендантский проспект,295158777
2825,7,23,2,53.9,15424621,Калининский,Полюстровский проспект,75,Лесная,299507388
2826,2,5,2,74.52,15409000,Курортный,,,Беговая,292533600
2827,4,5,2,73.91,15342000,Курортный,,,Беговая,292533571
2828,1,9,2,58.1,15396500,Выборгский,Светлановский проспект,45,Политехническая,299252985
2829,3,18,2,63.92,15400405,Невский,Невский,,Проспект Большевиков,298355587
2830,6,9,2,55.7,15428900,Выборгский,Светлановский проспект,45,Политехническая,299252997
2831,4,13,2,75.7,15273066,Приморский,Юнтолово,,Беговая,297292392
2832,8,11,2,58.5,15354144,Фрунзенский,Волковское,3,Обводный канал,296296114
2833,7,17,2,61.2,15257472,Приморский,переулок Ипподромный,1к2,Пионерская,297050487
2834,2,7,2,67.05,15387000,Выборгский,Шувалово-Озерки,,,298609062
2835,3,12,2,58.22,15360765,Выборгский,Светлановское,,Удельная,293271422
2836,2,12,2,58.18,15500053,Московский,Новоизмайловское,,,295388061
2837,2,13,2,70.49,15507800,Невский, Тельмана,37,Ломоносовская,299555936
2838,2,8,2,65.72,15598554,Приморский,Коломяги,,Проспект Просвещения,298650920
2839,4,7,2,75.24,15589420,Приморский,набережная Реки Каменки,3к3,Озерки,298651809
2840,2,4,2,69.0,15500000,Центральный,Гороховая ,44,Сенная площадь,299477816
2841,2,13,2,61.4,15473000,Калининский,Академическое,,Политехническая,286211629
2842,2,13,2,61.85,15494000,Калининский, Академика Константинова,1к1,Академическая,294617970
2843,3,11,2,59.65,15569000,Калининский, Академика Константинова,1к1,Академическая,298534365
2844,5,22,2,57.16,15473536,Калининский,Финляндский,,Лесная,299508235
2845,2,12,2,57.18,15500000,Выборгский,Большой Сампсониевский проспект,70К2,Выборгская,265730391
2846,1,8,2,67.8,15541277,Московский,Черниговская ,13к2,Московские ворота,298657946
2847,12,18,2,53.55,15509999,Василеостровский,Морской,,,299606389
2848,2,25,2,64.41,15555643,Приморский,Коломяжский проспект,13к2,Пионерская,297024619
2849,6,7,2,66.77,15531600,Приморский,набережная Реки Каменки,3к3,Озерки,298651734
2850,14,17,2,62.4,15517820,Калининский,Финляндский,,,294621894
2851,9,10,2,34.5,15477059,Центральный,Херсонский проезд,6,Площадь Александра Невского,299338081
2852,3,13,2,72.9,15558645,Приморский,Юнтолово,,Беговая,297293284
2853,1,9,2,57.0,15475500,Выборгский,Светлановский проспект,45,Политехническая,299252966
2854,3,13,2,76.6,15454650,Приморский,Юнтолово,,Беговая,297291664
2855,9,16,2,65.19,15571449,Приморский,Коломяжский проспект,13к3,Пионерская,297024265
2856,8,16,2,66.36,15569017,Приморский,Коломяжский проспект,13к3,Пионерская,288158016
2857,2,25,2,68.64,15519171,Приморский,Коломяжский проспект,13к2,Пионерская,297024583
2858,2,25,2,64.54,15573881,Приморский,Коломяжский проспект,13к2,Пионерская,297024552
2859,2,12,2,65.7,15467028,Выборгский,Светлановское,,Удельная,293271840
2860,8,18,2,60.47,15475950,Василеостровский,Морской,,Приморская,298740100
2861,2,18,2,60.47,15475950,Василеостровский,Морской,,Приморская,298740180
2862,3,12,2,62.69,15529692,Московский,Звёздное,,Звездная,298641728
2863,5,7,2,53.4,15597096,Калининский,Финляндский,,Выборгская,284358899
2864,6,17,2,62.73,15578854,Калининский,Финляндский,,,294621947
2865,2,17,2,63.7,15509640,Калининский,Финляндский,,,294621764
2866,3,12,2,57.93,15700333,Московский,м. Ленинский проспект,,Ленинский проспект,297571110
2867,5,7,2,57.43,15650249,Московский,Новоизмайловское,,,299266574
2868,2,12,2,60.65,15678995,Московский,Звёздное,,Звездная,285507354
2869,4,13,2,59.36,15676191,Калининский,Полюстровский проспект,,Лесная,298022256
2870,2,16,2,67.13,15604274,Приморский,Коломяжский проспект,13к3,Пионерская,297024179
2871,3,23,2,68.2,15623665,Выборгский, Шостаковича,8к2Б2,Проспект Просвещения,295748088
2872,1,12,2,66.48,15650455,Невский,Невский,,Проспект Большевиков,298589062
2873,7,18,2,64.0,15680000,Василеостровский,бульвар Головнина,3к1,Горный институт,297709791
2874,1,8,2,67.5,15741764,Московский,Черниговская ,11к1,Московские ворота,298657610
2875,11,25,2,67.65,15665062,Приморский,Коломяжский проспект,13к2,Пионерская,297024416
2876,8,25,2,60.11,15614000,Приморский,Коломяжский проспект,13к2,Пионерская,288159537
2877,2,12,2,53.8,15610608,Василеостровский,Гавань,1,Приморская,290849902
2878,2,12,2,58.17,15600000,Выборгский, Александра Матросова,8к3,Выборгская,280852955
2879,2,12,2,59.31,15648350,Выборгский,Светлановское,,Удельная,293271666
2880,7,22,2,46.0,15600000,Приморский, Оптиков,34К1,Старая Деревня,295988037
2881,1,13,2,60.3,15775950,Выборгский,Сампсониевское,,Лесная,299174602
2882,5,19,2,59.95,15759999,Василеостровский,Морской,,,286919327
2883,3,19,2,53.57,15869999,Василеостровский,Морской,,,279507988
2884,3,18,2,57.69,15789999,Василеостровский,Морской,,,299606484
2885,2,12,2,61.9,15789576,Московский,Звёздное,,Звездная,298642032
2886,2,13,2,65.2,15844000,Калининский,Академическое,,Политехническая,298016466
2887,4,12,2,60.06,15846230,Выборгский,Светлановское,,Удельная,284799269
2888,6,22,2,56.35,15802992,Калининский,Финляндский,,Лесная,299508241
2889,2,12,2,61.08,15860000,Выборгский,Большой Сампсониевский проспект,70К2,Выборгская,265730202
2890,1,12,2,66.6,15757027,Василеостровский,Гавань,1,Приморская,279628300
2891,8,12,2,56.16,15800000,Выборгский, Александра Матросова,8к3,Выборгская,296636129
2892,1,4,2,69.55,15857400,Выборгский, Береговая,8,Проспект Просвещения,281600996
2893,11,14,2,65.5,15795456,Фрунзенский,Волковское,5,Обводный канал,295643028
2894,2,7,2,67.64,15768000,Приморский,набережная Реки Каменки,3к3,Озерки,298651730
2895,1,7,2,73.19,15756000,Выборгский,Шувалово-Озерки,,,298609148
2896,2,11,2,60.69,16000068,Московский,Новоизмайловское,,,295347919
2897,7,23,2,63.3,16006633,Выборгский, Шостаковича,8к2Б2,Проспект Просвещения,295748099
2898,2,19,2,61.81,15939999,Василеостровский,Морской,,,286919463
2899,7,8,2,75.55,16021161,Приморский,Коломяги,,Проспект Просвещения,298651067
2900,2,8,2,68.56,16017060,Приморский,Коломяги,,Проспект Просвещения,298651016
2901,2,19,2,58.27,16039999,Василеостровский,Морской,,,286919448
2902,5,19,2,60.84,16039999,Василеостровский,Морской,,,286919308
2903,3,13,2,60.13,15985347,Калининский,Полюстровский проспект,,Лесная,298855180
2904,2,13,2,64.37,15964000,Калининский,Академическое,,Политехническая,298016468
2905,11,23,2,85.5,15967162,Выборгский,дорога Ольгинская,,Парнас,298863869
2906,10,23,2,85.2,15911140,Выборгский,дорога Ольгинская,,Парнас,298864036
2907,3,5,2,79.7,15900000,Центральный,8-я Советская ,25,Площадь Восстания,294853092
2908,4,9,2,49.76,15985115,Калининский,Лесной проспект,,Выборгская,298658282
2909,8,10,2,55.0,16026636,Калининский,Нейшлотский переулок,19к2,,298658305
2910,6,8,2,62.3,16000000,Московский,Черниговская ,11к1,Московские ворота,298657580
2911,8,18,2,53.7,16021362,Адмиралтейский,бульвар Измайловский,9,Фрунзенская,298655754
2912,5,13,2,76.6,15954308,Приморский,Юнтолово,,Беговая,298879876
2913,23,25,2,60.57,15984807,Приморский,Коломяжский проспект,13к2,Пионерская,297024752
2914,2,25,2,67.48,15947118,Приморский,Коломяжский проспект,13к2,Пионерская,297024391
2915,7,7,2,66.46,15978900,Василеостровский,Морской,,Приморская,298740176
2916,4,12,2,54.8,15945000,Выборгский,Большой Сампсониевский проспект,70К2,Выборгская,265730347
2917,9,12,2,55.87,16000000,Выборгский,Большой Сампсониевский проспект,70к3,Выборгская,265732761
2918,2,12,2,60.5,15930000,Выборгский,Большой Сампсониевский проспект,70к3,Выборгская,291414212
2919,4,12,2,60.5,15962320,Выборгский,Светлановское,,Удельная,293271691
2920,11,25,2,78.4,15990000,Выборгский,проспект Луначарского,15к1,Озерки,292632843
2921,1,8,2,72.15,15909075,Приморский,Коломяги,,Проспект Просвещения,298650838
2922,10,10,2,44.27,15937200,Выборгский, Курчатова,,Политехническая,298567715
2923,9,25,2,61.9,15950000,Приморский,проспект Сизова,25,Комендантский проспект,299018574
2924,2,10,2,60.51,16050338,Московский,м. Ленинский проспект,,Ленинский проспект,299394253
2925,2,18,2,66.7,16185939,Адмиралтейский,бульвар Измайловский,9,Фрунзенская,298655758
2926,3,11,2,62.72,16057000,Калининский, Академика Константинова,1к1,Академическая,298534367
2927,2,11,2,66.2,16087000,Калининский,Академическое,,Политехническая,292207490
2928,-1,-1,-1,202.0,16048801,Приморский,Коломяги,,Проспект Просвещения,298056549
2929,17,26,2,54.5,15900000,Выборгский, Орбели,17,Площадь Мужества,298984095
2930,23,25,2,62.77,15950000,Приморский,Коломяжский проспект,13,Пионерская,286016480
2931,3,25,2,64.41,15999396,Приморский,Коломяжский проспект,13к2,Пионерская,297024621
2932,3,12,3,93.25,22703578,Выборгский,Светлановское,,Удельная,293271881
2933,3,8,3,96.0,54000000,Центральный,Парадная ,3к2,Чернышевская,293686843
2934,2,12,3,75.03,19577578,Выборгский,Светлановское,,Удельная,293271799
2935,2,7,3,107.2,80000000,Центральный,Большая Морская ,4,Адмиралтейская,294201834
2936,8,15,3,84.2,20066696,Выборгский,Шувалово-Озерки,,Проспект Просвещения,295748266
2937,3,3,3,125.0,160000000,Петроградский,2-я Березовая аллея,13-15В,,294562193
2938,4,7,3,90.96,28660412,Василеостровский,11-я Васильевского острова линия,56,Василеостровская,293435894
2939,6,9,3,142.6,39000000,Петроградский, Малая Зеленина,8,Чкаловская,299446065
2940,3,12,3,78.33,25143930,Выборгский,Сампсониевское,,Выборгская,299465293
2941,6,6,3,153.6,43900000,Петроградский,Съезжинская ,24,Спортивная,288722870
2942,9,20,3,58.17,10208835,Красногвардейский,м. Гражданский проспект,,Гражданский проспект,294541810
2943,6,9,3,95.0,34500000,Петроградский,Большая Посадская ,12,Горьковская,297340742
2944,18,23,3,104.66,28729170,Московский,Гагаринское,,,286950189
2945,3,4,3,93.2,19880000,Приморский,Парашютная ,15,Комендантский проспект,296073186
2946,7,14,3,91.14,21919999,Красногвардейский,проспект Энергетиков,2,,291004590
2947,1,6,3,201.8,58320000,Петроградский,набережная Мартынова,74Д,Крестовский остров,289478924
2948,2,11,3,91.75,29635250,Красногвардейский, Стахановцев,1,Новочеркасская,299636437
2949,3,6,3,120.0,56000000,Петроградский,проспект Малый Петроградской стороны,79-81-83,Петроградская,296488797
2950,15,23,3,157.0,54431900,Выборгский,аллея Академика Лихачева,7,Площадь Мужества,299540715
2951,3,10,3,150.0,105000000,Петроградский,Вязовая ,8,Крестовский остров,298017709
2952,6,9,3,62.8,19729999,Адмиралтейский, Шкапина,43-45,Балтийская,299481506
2953,4,6,3,127.6,67000000,Петроградский,Петровский проспект,,Спортивная,297720131
2954,2,9,3,73.04,15585144,Красносельский, Тамбасова,5,Проспект Ветеранов,295858534
2955,3,11,3,64.0,19520000,Приморский,Фермское шоссе,12Б,Удельная,297078434
2956,24,25,3,108.5,22900000,Калининский,Светлановский проспект,121к1,Гражданский проспект,290341286
2957,3,5,3,132.0,34000000,Выборгский,Калязинская ,7,Удельная,298048424
2958,5,24,3,54.9,9195750,Приморский, Ивинская,19к1,Комендантский проспект,297361049
2959,3,3,3,125.0,160000000,Петроградский,2-я Березовая аллея,13-15,Крестовский остров,299243392
2960,2,9,3,109.51,41427633,Петроградский, Малая Зеленина,,Чкаловская,273852753
2961,3,5,3,64.0,14750000,Василеостровский,17-я Васильевского острова линия,28,Василеостровская,299057100
2962,2,19,3,72.39,20209999,Василеостровский,Морской,,,299505999
2963,2,5,3,56.0,13200000,Василеостровский, Шевченко,29,Приморская,299345112
2964,2,8,3,92.32,37081235,Петроградский,Пионерская ,53,Чкаловская,298529950
2965,3,5,3,55.0,12900000,Приморский,Школьная ,70,Старая Деревня,297329095
2966,2,7,3,129.6,61819200,Петроградский,Петровский проспект,28к2,Крестовский остров,298769234
2967,20,25,3,80.0,17700000,Приморский,проспект Королева,7,Пионерская,299095961
2968,3,9,3,95.28,37496610,Красногвардейский, Помяловского,,Новочеркасская,298322121
2969,3,9,3,83.1,33500000,Петроградский,проспект Медиков,10к5,Петроградская,299243396
2970,2,7,3,77.14,40756503,Василеостровский,Васильевский,,Василеостровская,298267697
2971,5,5,3,92.5,21000000,Адмиралтейский,Троицкий проспект,10,Технологический институт,293749751
2972,2,10,3,98.2,27800000,Красногвардейский,Большая Охта,,Площадь Ленина,277296499
2973,3,9,3,65.7,11999999,Невский, Подвойского,34к1,Улица Дыбенко,299055905
2974,6,6,3,140.0,79380000,Московский, Гастелло,7,Московская,296753484
2975,1,6,3,192.7,58800000,Петроградский,набережная Мартынова,74Д,,297327666
2976,4,14,3,82.5,22163595,Фрунзенский,Волковское,,Волковская,299132008
2977,2,9,3,126.7,36900000,Петроградский,Петровский проспект,11к2,,286662063
2978,2,6,3,97.7,36067792,Центральный,Миргородская ,1,Площадь Александра Невского,299135837
2979,8,11,3,108.5,32500000,Центральный,Кременчугская ,17к3,Площадь Восстания,298695832
2980,2,20,3,80.3,20679999,Василеостровский, Челюскина,8,,299064304
2981,3,5,3,138.0,150000000,Петроградский,набережная Мартынова,62И,,298277726
2982,2,23,3,62.57,11910212,Приморский, Ивинская,1к4,Зенит,297361443
2983,5,6,3,86.8,89000000,Петроградский,Спортивная ,2,Крестовский остров,298392017
2984,3,9,3,107.9,43299445,Петроградский,Лодейнопольская ,7,Чкаловская,299294160
2985,16,24,3,61.35,7999999,Невский,проспект Большевиков,,Улица Дыбенко,270676747
2986,2,9,3,89.74,29614200,Приморский,Чёрная речка,,Черная речка,297998257
2987,6,21,3,77.6,21000000,Красногвардейский,проспект Энергетиков,9к3,Новочеркасская,299009879
2988,17,27,3,65.99,12729480,Выборгский,проезд Толубеевский,34к2,,297361409
2989,5,9,3,103.95,38900000,Центральный,Миргородская ,20,Площадь Александра Невского,285457188
2990,2,7,3,101.4,34476000,Петроградский,набережная Реки Карповки,31к2,Петроградская,284740242
2991,2,5,3,216.4,207531061,Петроградский,набережная Гребного канала,1,Крестовский остров,286484033
2992,3,18,3,67.94,19989999,Василеостровский,Морской,,,282487374
2993,9,9,3,108.04,64824000,Петроградский,Большая Разночинная ,21,Чкаловская,298467199
2994,2,9,3,82.91,27081759,Василеостровский,7-я Васильевского острова линия,84,Василеостровская,298270932
2995,4,5,3,60.7,7300000,Невский,3-й Рабфаковский переулок,8,Обухово,279933895
2996,3,9,3,87.73,28082373,Петроградский,Петроградская набережная,38,Горьковская,288420252
2997,24,28,3,94.5,13000000,Выборгский,Заречная ,11к6,Парнас,299168449
2998,6,12,3,98.1,28449000,Приморский,Белоостровская ,7,Лесная,291806237
2999,16,18,3,102.9,21900000,Василеостровский,бульвар Александра Грина,2к2,Приморская,257443065
3000,2,12,3,73.58,21400338,Василеостровский,Уральская ,,Василеостровская,295028939
3001,2,11,3,97.8,45000000,Красногвардейский,Пискаревский проспект,1,,298392016
3002,2,9,3,94.95,32529818,Центральный,проспект Бакунина,,Площадь Александра Невского,293263671
3003,3,9,3,137.0,65000000,Петроградский,Кемская ,1,Крестовский остров,285457308
3004,6,9,3,92.49,42554649,Василеостровский,20-я Васильевского острова линия,19,Василеостровская,297998664
3005,4,4,3,134.0,145000000,Петроградский,Чкаловское,5,Крестовский остров,299568113
3006,5,5,3,79.4,20247000,Пушкинский, Камероновская,14к1,,299383441
3007,8,16,3,81.4,13850000,Красносельский,шоссе Красносельское,56к2,Проспект Ветеранов,292144791
3008,4,9,3,81.98,25850302,Невский,Невская застава,,Елизаровская,298634691
3009,8,16,3,87.6,15000000,Красносельский, Доблести,28к1,Ленинский проспект,299610962
3010,2,8,3,122.9,38099000,Петроградский,Петровский проспект,26к2,Чкаловская,296753472
3011,7,10,3,72.9,9850000,Красносельский, Коммунаров,118к1,Проспект Ветеранов,270083815
3012,2,13,3,66.2,16910361,Выборгский,Сампсониевское,,Лесная,296793419
3013,3,11,3,128.5,24499000,Выборгский,Манчестерская ,4,Удельная,283214295
3014,8,10,3,93.1,29745450,Выборгский,Светлановское,,Удельная,297188063
3015,6,6,3,380.0,300000000,Центральный,Итальянская ,12а,Гостиный двор,299243363
3016,2,11,3,75.95,23206522,Московский,Благодатная ,50,Электросила,267475645
3017,7,14,3,141.0,123500000,Петроградский,Песочная набережная,40,Чкаловская,299568150
3018,5,9,3,93.4,32540560,Петроградский,Петровский проспект,11к3,Спортивная,294545826
3019,5,10,3,67.3,14100000,Приморский,Приморский проспект,151,Беговая,299529021
3020,4,8,3,73.11,27745245,Петроградский,Ремесленная ,,Спортивная,294544964
3021,7,25,3,92.4,22500000,Калининский,проспект Просвещения,99,Гражданский проспект,292865568
3022,3,12,3,79.19,23350359,Невский,Невская застава,,Елизаровская,299626011
3023,4,7,3,133.8,134000000,Петроградский,Депутатская ,26,Крестовский остров,292289237
3024,2,5,3,89.24,35339040,Василеостровский,,,Горный институт,296754099
3025,4,10,3,159.1,59000000,Петроградский,Ждановская ,45,Крестовский остров,285555839
3026,2,10,3,86.26,22000699,Выборгский,Светлановский проспект,12к1,Удельная,299043804
3027,3,10,3,150.0,96000000,Петроградский,Ждановская ,45,Крестовский остров,292149080
3028,4,9,3,99.5,27650353,Выборгский, Александра Матросова,1,Лесная,296753837
3029,3,3,3,94.0,20000000,Калининский,Герасимовская ,16,Лесная,299529961
3030,4,10,3,94.12,34824400,Московский,Московский проспект,72к2,Фрунзенская,267475887
3031,9,17,3,107.3,17999999,Выборгский,Зеленогорская ,7,Пионерская,299461261
3032,6,12,3,82.84,20599823,Приморский,проспект Авиаконструкторов,54,Комендантский проспект,294460935
3033,8,16,3,97.2,18700000,Калининский,Кондратьевский проспект,62к6,Лесная,285251748
3034,2,14,3,69.4,17194544,Фрунзенский,Волковское,1,Обводный канал,295642921
3035,5,8,3,143.0,220000000,Петроградский,Вязовая ,8,Крестовский остров,299329502
3036,2,12,3,70.3,16932739,Фрунзенский,Волковское,5,Обводный канал,284566351
3037,15,15,3,78.6,24000000,Невский,Союзный проспект,4,Проспект Большевиков,293953976
3038,2,5,3,85.37,19635100,Выборгский, Береговая,12,Проспект Просвещения,293991870
3039,2,7,3,120.0,122800000,Центральный,набережная Воскресенская,32,Чернышевская,299568177
3040,2,4,3,106.32,19050417,Красносельский,проспект Буденного,15,Проспект Ветеранов,295827646
3041,5,6,3,73.2,11870000,Василеостровский,проспект Малый Васильевского острова,48,Василеостровская,299250888
3042,4,15,3,87.6,17484960,Василеостровский,проспект Крузенштерна,2,Горный институт,294545441
3043,14,17,3,90.1,14950000,Приморский,Планерная ,73к6,Комендантский проспект,298531162
3044,2,15,3,76.84,12959999,Выборгский,,,,297535092
3045,11,12,3,84.7,24990000,Приморский,Фермское шоссе,12А,Удельная,297776015
3046,3,12,3,74.17,19353178,Выборгский,Светлановское,,Удельная,293271784
3047,7,7,3,77.1,17500000,Московский,Кузнецовская ,44,Международная,293125782
3048,2,25,3,85.23,18133963,Приморский,Коломяжский проспект,13к2,Пионерская,297024339
3049,7,12,3,62.4,9500000,Красногвардейский, Коммуны,48Б,Улица Дыбенко,294559645
3050,2,8,3,84.17,63746149,Петроградский,Петровский,,Чкаловская,293603735
3051,4,5,3,73.4,18490000,Центральный,6-я Советская ,17,,298982857
3052,6,12,3,78.05,20700186,Московский,м. Ленинский проспект,,Ленинский проспект,298634689
3053,18,19,3,78.7,18000000,Приморский, Оптиков,45к1,Комендантский проспект,295367406
3054,21,25,3,79.06,16048801,Приморский,Коломяги,,Проспект Просвещения,298056549
3055,21,25,3,114.0,42000000,Приморский,Мебельная ,49/92,Беговая,298625915
3056,4,14,3,90.47,16872655,Василеостровский,Гавань,,Приморская,294660705
3057,2,5,3,57.6,8800000,Невский, Ольги Берггольц,29К2,Елизаровская,297929237
3058,9,23,3,157.0,40000000,Московский, Ленсовета,87к3,Звездная,294775384
3059,14,14,3,87.0,17200000,Красносельский,Ленинский проспект,72к1,Ленинский проспект,288870055
3060,5,12,3,92.28,22050306,Приморский, Плесецкая,2,Комендантский проспект,275720486
3061,12,16,3,108.6,23900000,Невский, Шелгунова,9к1,Пролетарская,294371889
3062,1,13,3,94.61,17866888,Приморский,аллея Арцеуловская,9,Пионерская,298845877
3063,3,5,3,61.7,7500000,Красносельский, Юных пионеров,18к2,,299372591
3064,3,18,3,76.2,19491960,Невский,Октябрьская набережная,57к3,Елизаровская,294544562
3065,9,9,3,59.5,8150000,Кировский,проспект Маршала Жукова,34К1,Ленинский проспект,298465166
3066,3,25,3,57.6,8985600,Красногвардейский,Полюстрово,,Академическая,299364608
3067,3,5,3,71.1,8750000,Петродворцовый,Ботаническая ,20к1,Проспект Ветеранов,297892205
3068,2,4,3,73.87,16350385,Петродворцовый,,,Проспект Ветеранов,295922981
3069,6,9,3,58.9,9095000,Фрунзенский,Купчинская ,10К2,Дунайская,296958539
3070,3,8,3,84.1,37004000,Петроградский,набережная Реки Карповки,27,Петроградская,280459396
3071,1,6,3,78.9,15399000,Петроградский, Блохина,4,Спортивная,295246145
3072,2,4,3,75.53,13066690,Пушкинский,,,Купчино,296122022
3073,5,6,3,71.8,19900000,Петроградский, Чапаева,11/4,Горьковская,299120252
3074,2,17,3,69.1,9407612,Невский,Невский,,,295183612
3075,2,5,3,58.8,9000000,Центральный,8-я Советская ,23,Площадь Восстания,292458490
3076,3,23,3,76.82,17300440,Невский,Невский,,Проспект Большевиков,298589063
3077,4,4,3,86.2,16600000,Петроградский,Мичуринская ,12,Горьковская,292167327
3078,3,12,3,90.25,19400591,Приморский,Коломяги,,Проспект Просвещения,298674266
3079,2,5,3,74.0,21900000,Петроградский,Большая Пушкарская ,38,Петроградская,294261417
3080,2,12,3,77.4,17956800,Красногвардейский,Партизанская ,5Б,Ладожская,299403293
3081,8,14,3,109.2,26972440,Василеостровский,набережная Реки Смоленки,35к1,Приморская,291898483
3082,2,12,3,77.24,17579436,Московский,Звёздное,,Звездная,298641750
3083,9,9,3,56.7,11350000,Московский,Новоизмайловский проспект,3,Электросила,295458726
3084,6,12,3,83.5,18400268,Приморский,Коломяги,,Озерки,296336800
3085,4,4,3,101.0,21000000,Адмиралтейский,Конногвардейский бульвар,6,Адмиралтейская,294249466
3086,10,10,3,59.38,23158200,Выборгский, Курчатова,,Политехническая,298567718
3087,5,10,3,60.0,11800000,Выборгский,Светлановский проспект,37,Площадь Мужества,298923070
3088,4,5,3,89.93,17781000,Курортный,,,Беговая,296825944
3089,4,6,3,83.3,15790000,Центральный,Конная ,5/3Б,Площадь Александра Невского,295230667
3090,5,7,3,79.54,16956000,Приморский,шоссе Суздальское,18к3,Проспект Просвещения,298651113
3091,4,17,3,69.4,14000000,Приморский,Туристская ,6К3,Беговая,284404150
3092,3,16,3,87.8,18450028,Приморский,аллея Арцеуловская,15,Комендантский проспект,299582452
3093,3,4,3,67.6,12099900,Центральный,Лиговский проспект,110Б,Лиговский проспект,297727619
3094,2,5,3,85.5,15400559,Московский,Пулковское шоссе,73к8,Звездная,297694500
3095,8,15,3,83.3,19039848,Московский, Типанова,32к2,Московская,298301227
3096,4,5,3,77.04,13690008,Московский,Пулковский меридиан,,Звездная,295852628
3097,2,3,3,79.6,18399000,Василеостровский,8-я Васильевского острова линия,19,Василеостровская,292743076
3098,2,5,3,109.33,18900205,Московский,Пулковское шоссе,95к3,Звездная,298634647
3099,3,4,3,58.8,11500000,Адмиралтейский,Спасский переулок,7,Садовая,287542565
3100,4,5,3,60.07,10860420,Колпинский,проезд Понтонный,6,Рыбацкое,298649330
3101,8,9,3,81.3,12000000,Василеостровский,Гаванская ,49К2,Приморская,297749818
3102,1,4,3,75.56,14400111,Пушкинский,,,Купчино,296006331
3103,3,6,3,86.2,21500000,Петроградский, Ленина,12/36,Петроградская,298979138
3104,3,10,3,70.65,8230400,Пушкинский,,,Шушары,294086739
3105,1,2,3,73.3,9999000,Фрунзенский,Андреевская ,5,Волковская,297772585
3106,3,4,3,82.57,14614890,Пушкинский,,,Купчино,296121988
3107,10,14,3,66.3,7600000,Красносельский,Нарвская ,2,Проспект Ветеранов,298456058
3108,13,17,3,78.73,18920592,Калининский,Финляндский,,,294621744
3109,3,5,3,60.0,8600000,Кировский,бульвар Новаторов,4,Ленинский проспект,298749417
3110,7,17,3,88.48,21588320,Калининский,Финляндский,,,294621541
3111,2,5,3,73.1,11000000,Невский,проспект Обуховской обороны,107,Елизаровская,299184020
3112,3,17,3,85.25,20796510,Калининский,Финляндский,,,294621568
3113,4,6,3,138.0,29000000,Адмиралтейский,набережная Канала Грибоедова,170,Садовая,296776308
3114,5,12,3,97.45,31222980,Выборгский,Сампсониевское,,Выборгская,299465525
3115,4,6,3,95.3,27000000,Центральный,Конная ,8,Площадь Восстания,290251514
3116,11,14,3,78.79,23429999,Красногвардейский,проспект Энергетиков,2,,291004595
3117,1,4,3,71.1,10799000,Фрунзенский,Боровая ,42,Обводный канал,299028086
3118,12,23,3,80.59,14842515,Приморский, Ивинская,5к2,Зенит,297361965
3119,3,8,3,119.0,55900000,Центральный,Орловская ,1,Чернышевская,292816692
3120,8,9,3,92.5,61120818,Центральный,Лиговка-Ямская,,Площадь Восстания,299131631
3121,3,4,3,81.0,29000000,Василеостровский,2-я Васильевского острова линия,53,Спортивная,298203143
3122,5,19,3,79.91,23889999,Василеостровский,Морской,,,285869837
3123,6,6,3,70.0,18900000,Василеостровский,14-я Васильевского острова линия,97Б,Василеостровская,286125184
3124,5,14,3,86.2,25132856,Фрунзенский,Волковское,,Волковская,299132039
3125,2,7,3,82.0,26900000,Петроградский,Ропшинская ,24,Чкаловская,296314378
3126,4,8,3,88.2,13759200,Курортный, Правды,,,294605353
3127,8,13,3,90.3,35217000,Петроградский,Барочная ,12,Чкаловская,296688689
3128,10,14,3,113.03,29729999,Красногвардейский,проспект Энергетиков,2,,291004566
3129,5,6,3,72.5,15990000,Центральный,8-я Советская ,5,Площадь Восстания,298639433
3130,2,4,3,81.71,14217540,Пушкинский,,,Купчино,296121284
3131,16,22,3,93.7,17300000,Невский,проспект Советский,36к2,Рыбацкое,288824191
3132,5,11,3,83.6,20124032,Невский,Октябрьская набережная,86К2,Пролетарская,293297395
3133,2,5,3,80.0,16250000,Василеостровский,19-я Васильевского острова линия,14/54,Горный институт,293254582
3134,6,8,3,128.8,47702078,Петроградский,Петровский проспект,22к2,Крестовский остров,293496476
3135,7,9,3,70.0,11200000,Выборгский,проспект Культуры,22К1,Гражданский проспект,298324779
3136,1,5,3,70.55,12823200,Пушкинский,Пулковское тер.,,Звездная,279689464
3137,1,9,3,60.2,7500000,Выборгский, Руднева,27К1,Проспект Просвещения,297583648
3138,5,5,3,79.39,13360256,Пушкинский,,,Звездная,295838003
3139,12,12,3,68.0,11000000,Приморский, Щербакова,9,Удельная,298163292
3140,1,5,3,73.6,13090680,Пушкинский,Пулковское тер.,,Звездная,279688454
3141,1,4,3,71.1,12500000,Центральный,Суворовский проспект,33,Площадь Восстания,290409997
3142,2,4,3,77.27,13367710,Пушкинский,,,Купчино,296121312
3143,11,15,3,80.9,14000000,Фрунзенский,Софийская ,38к2,Проспект Славы,297956509
3144,7,7,3,124.55,44595127,Василеостровский,11-я Васильевского острова линия,56,Василеостровская,293435906
3145,3,3,3,115.8,21900000,Выборгский, Береговая,25к3,Проспект Просвещения,299108749
3146,4,9,3,78.17,21649999,Адмиралтейский, Шкапина,43-45,Балтийская,299481494
3147,2,17,3,72.0,23900000,Василеостровский, Челюскина,6,Приморская,296614879
3148,4,11,3,132.93,42816753,Красногвардейский, Стахановцев,1,Новочеркасская,299464092
3149,4,12,3,69.0,16300000,Московский,1-й Предпортовый проезд,13,Московская,295800416
3150,8,19,3,101.86,37029999,Василеостровский,Морской,,,279508232
3151,13,25,3,72.3,20900000,Приморский,Фермское шоссе,32,Удельная,299022192
3152,3,8,3,127.5,43135063,Петроградский,Петровский проспект,22к2,Крестовский остров,293496456
3153,3,4,3,116.3,36900000,Выборгский,Большая Озерная ,77,Проспект Просвещения,297774441
3154,3,9,3,87.46,23459999,Адмиралтейский, Шкапина,43-45,Балтийская,299481344
3155,5,6,3,60.5,15000000,Центральный,Ульяны Громовой переулок,8,Площадь Восстания,295694237
3156,8,11,3,102.34,34171326,Красногвардейский, Стахановцев,1,Новочеркасская,299464030
3157,1,9,3,69.1,9600000,Калининский, Демьяна Бедного,26к3,Гражданский проспект,298450511
3158,5,11,3,112.68,36981576,Красногвардейский, Стахановцев,1,Новочеркасская,299464042
3159,6,8,3,83.0,20489000,Василеостровский, Челюскина,8,Приморская,294515927
3160,6,7,3,131.63,41743821,Василеостровский,11-я Васильевского острова линия,56,Василеостровская,293435899
3161,6,6,3,111.0,49000000,Петроградский,Кронверкский проспект,23,Горьковская,278624236
3162,3,8,3,112.3,46940994,Петроградский,Пионерская ,53,Чкаловская,298529979
3163,3,3,3,82.4,34900000,Центральный,Миллионная ,19,Гостиный двор,296188335
3164,8,19,3,94.33,37359999,Василеостровский,Морской,,,279508227
3165,1,16,3,79.2,10800000,Невский,Караваевская ,22,Рыбацкое,294740369
3166,2,7,3,101.16,30106344,Василеостровский,11-я Васильевского острова линия,56,Василеостровская,293435793
3167,2,4,3,74.5,10800000,Адмиралтейский,Рижский проспект,46,Балтийская,266215444
3168,2,10,3,98.9,20763500,Фрунзенский,Днепропетровская ,65,Обводный канал,296917202
3169,1,7,3,90.3,9500000,Красносельский, Политрука Пасечника,8к2,Ленинский проспект,285283341
3170,4,9,3,109.28,43460656,Петроградский, Малая Зеленина,,Чкаловская,273852745
3171,3,9,3,60.8,8000000,Выборгский, Кустодиева,20К1,Проспект Просвещения,297200241
3172,6,9,3,119.8,50614906,Центральный,Лиговка-Ямская,,Площадь Восстания,299131588
3173,2,5,3,59.4,7790000,Красносельский,проспект Ветеранов,151К2,Ленинский проспект,298823524
3174,6,14,3,96.2,30217546,Фрунзенский,Волковское,,Волковская,299132046
3175,3,6,3,71.0,26500000,Василеостровский, Челюскина,4,Василеостровская,293824980
3176,7,9,3,77.57,17613135,Красносельский, Тамбасова,5,Проспект Ветеранов,298331172
3177,5,6,3,75.0,12500000,Московский, Коли Томчака,11/17Б,Московские ворота,297470507
3178,6,9,3,82.89,23779999,Адмиралтейский, Шкапина,43-45,Балтийская,299481425
3179,7,7,3,65.7,18500000,Московский,Варшавская ,124,Московская,285860592
3180,2,11,3,84.5,18987464,Невский,Октябрьская набережная,86К2,Пролетарская,293297371
3181,2,6,3,83.6,17500000,Василеостровский,проспект Большой Васильевского острова,97,Горный институт,287795721
3182,2,8,3,95.8,40561921,Петроградский,Пионерская ,53,Чкаловская,298529947
3183,2,4,3,120.6,39999000,Выборгский,Выборгское шоссе,112,Проспект Просвещения,299555049
3184,1,8,3,131.8,17924800,Курортный, Правды,,,294605372
3185,3,6,3,87.0,40700000,Петроградский, Яблочкова,22/3,Спортивная,295419883
3186,4,9,3,81.81,18078811,Красносельский, Тамбасова,5,Проспект Ветеранов,298331407
3187,3,10,3,71.3,26737500,Петроградский,Аптекарский проспект,18,Петроградская,298095776
3188,7,8,3,117.4,44210364,Петроградский,Петровский проспект,22к2,Крестовский остров,293496578
3189,7,8,3,105.0,35900000,Адмиралтейский,набережная Обводного Канала,106,Фрунзенская,294203928
3190,10,23,3,173.0,55930900,Выборгский,аллея Академика Лихачева,7,Площадь Мужества,299451105
3191,4,9,3,77.6,9500000,Красносельский,Гатчинское шоссе,4к1,Проспект Ветеранов,299653556
3192,19,24,3,56.5,9661500,Приморский, Ивинская,19к1,Комендантский проспект,297361100
3193,1,9,3,62.9,9200000,Фрунзенский,Загребский бульвар,31/5,Дунайская,294403206
3194,3,8,3,97.76,38507664,Петроградский,Пионерская ,53,Чкаловская,298529969
3195,6,6,3,83.6,21300000,Центральный, Маяковского,3,Маяковская,298830635
3196,7,9,3,139.13,56681562,Петроградский, Малая Зеленина,,Чкаловская,273852763
3197,5,5,3,88.3,21500000,Приморский,Сердобольская ,73/27,Черная речка,298255204
3198,3,10,3,84.4,19327600,Фрунзенский,Днепропетровская ,65,Обводный канал,296917200
3199,4,9,3,91.0,36000000,Центральный,Боровая ,19А,Лиговский проспект,297857787
3200,5,7,3,74.22,41771155,Василеостровский,Васильевский,,Василеостровская,298334460
3201,2,14,3,75.67,21900000,Приморский,Студенческая ,14к2,Лесная,297149034
3202,6,8,3,77.3,39650335,Петроградский,набережная Реки Карповки,31к1,Чкаловская,297863468
3203,3,7,3,74.4,15900000,Кировский,Турбинная ,35к1,,299249465
3204,3,17,3,95.27,12596504,Невский,Невский,,,295183641
3205,3,8,3,102.4,32695500,Василеостровский,11-я Васильевского острова линия,26,Василеостровская,298888790
3206,6,14,3,74.18,10653353,Невский,Невский,,,295183069
3207,8,15,3,85.0,34900000,Красногвардейский,Магнитогорская ,3к2,Новочеркасская,299414657
3208,8,9,3,98.73,41535711,Приморский,Чёрная речка,,Черная речка,297998040
3209,2,9,3,55.1,9990000,Супер квартира  Фрунзенский е.3-комн. квартира,2/9 этаж,2/9 этаж,,292309406
3210,4,9,3,111.9,42758021,Петроградский,проезд Петровская коса,6к1,Крестовский остров,298658161
3211,5,5,3,68.0,13800000,Курортный, Токарева,1,Беговая,292550202
3212,4,9,3,97.2,32056560,Петроградский,Петроградская набережная,38,Горьковская,258155932
3213,3,12,3,70.9,11249042,Пушкинский,,,Звездная,298655433
3214,6,15,3,78.4,19750000,Московский,Пулковское шоссе,32к2,Звездная,299071635
3215,6,7,3,118.2,63281510,Петроградский,набережная Реки Карповки,31к1,Чкаловская,297863505
3216,3,5,3,57.2,10500000,Московский,Новоизмайловский проспект,36К1,Московская,297450758
3217,17,26,3,78.2,12521000,Пушкинский,проспект Новгородский,2к3,Звездная,297714752
3218,10,10,3,63.9,29500000,Центральный,Социалистическая ,21,Звенигородская,291706025
3219,2,10,3,86.4,26242049,Приморский,Белоостровская ,28,Черная речка,298657319
3220,4,6,3,96.0,43900000,Петроградский,Каменноостровский проспект,73-75,Петроградская,285773471
3221,1,19,3,104.2,18584593,Московский, Парфеновская,17,Московские ворота,298656973
3222,1,5,3,60.7,10490000,Василеостровский,17-я Васильевского острова линия,18Г,Василеостровская,298416598
3223,3,12,3,89.3,13576308,Пушкинский,,,Звездная,299139142
3224,2,4,3,140.5,48900000,Адмиралтейский,набережная Реки Мойки,100,Спасская,297226533
3225,19,25,3,60.0,13431092,Приморский,Коломяги,,Проспект Просвещения,298656882
3226,20,25,3,102.0,28500000,Приморский,проспект Королева,65,Комендантский проспект,299528663
3227,4,12,3,106.87,29528181,Приморский,проспект Авиаконструкторов,54,Комендантский проспект,266866832
3228,5,14,3,67.8,11700000,Выборгский, Композиторов,1К1,,297580009
3229,7,26,3,78.7,12592000,Пушкинский,проспект Новгородский,2к3,Звездная,293054960
3230,14,15,3,61.1,12990000,Василеостровский,проспект Крузенштерна,2,,298226720
3231,9,9,3,82.07,30479680,Василеостровский,7-я Васильевского острова линия,84,Василеостровская,293425173
3232,16,23,3,83.0,26990000,Невский,Октябрьская набережная,44,Ломоносовская,296775632
3233,16,18,3,79.04,29909999,Василеостровский,Морской,,,282487216
3234,11,28,3,77.5,12350000,Выборгский, Федора Абрамова,16к1,,297810397
3235,8,10,3,109.9,31471546,Приморский,Белоостровская ,28,Черная речка,298657470
3236,2,4,3,79.0,24490000,Приморский, Новая,51к7,Беговая,292144145
3237,6,19,3,91.63,20112959,Приморский,Коломяжский проспект,13,Пионерская,297025030
3238,3,6,3,80.9,23000000,Центральный, Марата,55,Лиговский проспект,299509405
3239,7,16,3,87.37,20206435,Приморский,Коломяжский проспект,13к3,Пионерская,297024154
3240,2,8,3,91.0,51900000,Центральный,Парадная ,3к2,Чернышевская,295910651
3241,4,7,3,92.53,33273788,Приморский,Чёрная речка,,Черная речка,297997945
3242,4,8,3,97.5,41600000,Петроградский,Петровский проспект,24к1,Крестовский остров,297795213
3243,3,12,3,72.5,21750543,Василеостровский,Уральская ,,Василеостровская,295028947
3244,4,9,3,67.5,9500000,Кировский,проспект Стачек,95К1,Автово,298274613
3245,10,19,3,106.1,22825738,Московский, Парфеновская,17,Московские ворота,298657051
3246,5,10,3,90.4,21500000,Красносельский,проспект Героев,32,Ленинский проспект,294268308
3247,2,12,3,98.04,24000000,Выборгский,Большой Сампсониевский проспект,70к3,Выборгская,265730831
3248,4,13,3,103.3,17500000,Красносельский,проспект Ветеранов,122,Проспект Ветеранов,296311042
3249,6,12,3,101.22,27967086,Приморский,проспект Авиаконструкторов,54,Комендантский проспект,266867558
3250,5,6,3,135.0,52650000,Центральный, Некрасова,40,Чернышевская,295910350
3251,17,27,3,70.85,13728507,Выборгский,Заречная ,52к1,,297905237
3252,8,9,3,65.0,7890000,Колпинский,бульвар Трудящихся,5,,296650965
3253,4,20,3,86.4,22359999,Василеостровский, Челюскина,8,,279506984
3254,5,5,3,76.2,33500000,Центральный,Большая Морская ,7,Адмиралтейская,282553305
3255,3,4,3,80.6,17424622,Пушкинский,,,Купчино,298658253
3256,2,11,3,55.0,10500000,Калининский,проспект Просвещения,84К1,Гражданский проспект,298648287
3257,7,12,3,91.77,28600349,Василеостровский,Уральская ,,Василеостровская,299127539
3258,11,13,3,82.6,12400000,Красногвардейский,проспект Косыгина,13,Улица Дыбенко,297960621
3259,3,12,3,85.95,20926246,Выборгский,Светлановское,,Удельная,293031185
3260,7,8,3,141.2,54500000,Центральный,9-я Советская ,5,Площадь Восстания,291528303
3261,7,8,3,92.29,38623365,Василеостровский,,,Горный институт,296754101
3262,4,21,3,104.0,25500000,Красносельский,Петергофское шоссе,45,Проспект Ветеранов,299507378
3263,6,7,3,121.05,47391075,Василеостровский,,,Горный институт,296754123
3264,2,10,3,68.4,25650000,Петроградский,Аптекарский проспект,18,Петроградская,299191555
3265,6,12,3,111.08,25550454,Московский,м. Ленинский проспект,,Ленинский проспект,283671570
3266,13,21,3,125.0,45000000,Красногвардейский,Большеохтинский проспект,9,Новочеркасская,298093953
3267,6,9,3,87.65,30700245,Невский,Невская застава,,Елизаровская,296754166
3268,4,8,3,112.8,37224000,Петроградский, Графтио,5,Петроградская,299187559
3269,9,12,3,84.36,21660000,Выборгский,Большой Сампсониевский проспект,70к3,Выборгская,265735769
3270,2,13,3,87.1,15299000,Приморский,Юнтолово,,Беговая,288600092
3271,5,9,3,86.51,29101108,Василеостровский,7-я Васильевского острова линия,84,Василеостровская,291720453
3272,12,14,3,81.2,22500000,Московский, Типанова,36к1,Московская,297849291
3273,15,18,3,94.83,33939999,Василеостровский,Морской,,,282487307
3274,3,3,3,142.2,44990000,Василеостровский,15-я Васильевского острова линия,24-26,Василеостровская,288050344
3275,12,12,3,105.97,25800516,Выборгский,Светлановское,,Удельная,271169771
3276,5,25,3,82.0,18500000,Приморский,Шуваловский проспект,37к1,Комендантский проспект,294877709
3277,8,9,3,100.26,53458632,Василеостровский,20-я Васильевского острова линия,19,Василеостровская,297998691
3278,1,5,3,58.4,7480000,Фрунзенский,Бухарестская ,27К2,Международная,298170973
3279,1,4,3,325.2,164999999,Петроградский,Крестовский проспект,4,Крестовский остров,250578892
3280,2,6,3,99.9,39900000,Петроградский,Петровский проспект,2с2,Спортивная,293911873
3281,3,5,3,72.76,8475160,Пушкинский,,,Шушары,294087088
3282,4,10,3,60.0,10500000,Приморский,Парашютная ,12,Пионерская,296219349
3283,6,9,3,107.9,28900907,Выборгский, Александра Матросова,3,Лесная,296753859
3284,1,2,3,70.0,7980000,Красногвардейский,Беломорская ,40,Ладожская,270930303
3285,8,9,3,99.11,54966406,Василеостровский,20-я Васильевского острова линия,19,Спортивная,297998688
3286,4,17,3,105.9,29900000,Василеостровский, Одоевского,28,Приморская,296738127
3287,9,10,3,127.9,35920000,Красногвардейский,Большая Охта,,Площадь Ленина,292265030
3288,5,7,3,116.0,30500000,Центральный, Марата,47-49,Владимирская,299336764
3289,10,12,3,121.0,39963000,Приморский,Белоостровская ,7,Лесная,295196327
3290,11,15,3,64.0,10880000,Красносельский, Рихарда Зорге,10,Ленинский проспект,297372010
3291,10,10,3,79.6,22300059,Московский,м. Ленинский проспект,,Ленинский проспект,296375913
3292,10,11,3,110.5,34476000,Адмиралтейский,набережная Обводного Канала,108,Фрунзенская,298889879
3293,2,20,3,86.6,22259999,Василеостровский, Челюскина,8,,279506981
3294,3,5,3,57.7,10100000,Колпинский,Понтонная ,7к2,Рыбацкое,299371542
3295,4,9,3,107.3,28750820,Выборгский, Александра Матросова,1,Лесная,296753830
3296,3,5,3,91.9,19800000,Центральный,Гончарная ,20,Площадь Восстания,292988832
3297,8,10,3,96.7,30895650,Выборгский,Светлановское,,Удельная,296753758
3298,1,6,3,126.6,49900000,Курортный,дорога Таможенная,11к1с10,Беговая,298625611
3299,17,25,3,65.6,14585472,Приморский,Коломяги,,Проспект Просвещения,298656896
3300,4,4,3,114.0,65000000,Адмиралтейский,набережная Адмиралтейского Канала,5,Садовая,292014438
3301,14,18,3,89.4,25021948,Адмиралтейский,бульвар Измайловский,11,Московские ворота,298656697
3302,7,7,3,161.0,49000000,Курортный,Приморское шоссе,424,Старая Деревня,286808882
3303,6,8,3,114.5,52555500,Петроградский,Петровский проспект,26к2,Чкаловская,296753462
3304,8,22,3,100.0,45000000,Выборгский,Оренбургская ,2,Площадь Ленина,288719480
3305,8,9,3,114.14,50593730,Центральный,проспект Бакунина,,Площадь Восстания,293263935
3306,2,4,3,100.2,49700000,Центральный,Виленский переулок,9,Чернышевская,295989142
3307,8,12,3,115.3,35759106,Красногвардейский,проспект Шаумяна,14,Новочеркасская,298267779
3308,15,20,3,83.2,26200000,Василеостровский, Челюскина,8,Приморская,297444820
3309,3,10,3,127.2,38380000,Красногвардейский,Большая Охта,,Площадь Ленина,277296497
3310,3,8,3,77.46,35600000,Петроградский,набережная Реки Карповки,31к1,Петроградская,299639156
3311,2,12,3,124.8,36965214,Красногвардейский,проспект Шаумяна,14,Новочеркасская,298267785
3312,4,9,3,105.0,39600000,Петроградский,Аптекарский проспект,5,Петроградская,275301522
3313,8,8,3,85.9,50251500,Петроградский,Петровский проспект,28к1,Крестовский остров,298589033
3314,2,5,3,55.9,8240000,Красногвардейский, Лазо,8К1,,296805248
3315,6,9,3,103.22,40205493,Центральный,проспект Бакунина,,Площадь Александра Невского,293263829
3316,6,26,3,165.8,25499000,Василеостровский, Нахимова,20,Приморская,297086441
3317,1,8,3,106.7,40332600,Петроградский,Петровский проспект,26к2,Чкаловская,296753455
3318,1,12,3,69.0,12150000,Приморский,Яхтенная ,9К2,Беговая,293250613
3319,18,18,3,93.6,27032012,Адмиралтейский,бульвар Измайловский,9,Фрунзенская,299459366
3320,1,10,3,57.3,10900000,Фрунзенский, Турку,27,Проспект Славы,296714615
3321,3,25,3,90.03,18735243,Приморский,Коломяги,,Проспект Просвещения,298651556
3322,10,10,3,165.0,78000000,Петроградский,Пионерская ,50,Чкаловская,297246867
3323,2,14,3,82.46,18273136,Василеостровский,Гавань,,Приморская,294660576
3324,5,13,3,90.3,45000000,Красногвардейский,Пискаревский проспект,1,Чернышевская,294176886
3325,5,11,3,109.24,28403000,Калининский, Академика Константинова,1к1,Академическая,298534336
3326,10,14,3,131.0,35000000,Василеостровский, Нахимова,11,Приморская,297175185
3327,7,22,3,63.7,9905350,Красногвардейский,Полюстрово,,Девяткино,299236896
3328,17,17,3,91.9,48800000,Василеостровский, Челюскина,2,Приморская,299137104
3329,5,8,3,108.47,43930350,Петроградский,Петровский,,Чкаловская,294545233
3330,9,17,3,102.6,21000000,Фрунзенский, Димитрова,2,Купчино,297457745
3331,6,12,3,92.6,21679179,Московский,Звёздное,,Звездная,277319831
3332,11,12,3,105.6,33500000,Красногвардейский,проспект Шаумяна,14,Новочеркасская,292329018
3333,5,13,3,70.9,21979000,Василеостровский,Гавань,,Приморская,295198066
3334,4,12,3,100.0,32000000,Выборгский,проспект Энгельса,2,Пионерская,285376981
3335,2,4,3,79.17,13775580,Пушкинский,,,Звездная,296120154
3336,6,8,3,129.2,44450000,Василеостровский,16-я Васильевского острова линия,37,Василеостровская,291273926
3337,6,9,3,79.8,29502219,Адмиралтейский,Измайловское,к 2.1,Балтийская,295870054
3338,7,10,3,99.3,33300000,Невский,проспект Обуховской обороны,70к4,Елизаровская,292771139
3339,6,12,3,76.0,18924000,Красногвардейский,Партизанская ,5Б,Ладожская,299403334
3340,13,23,3,109.6,34000000,Приморский,Дибуновская ,50,Старая Деревня,298751124
3341,3,18,3,95.3,20489500,Василеостровский,бульвар Головнина,3к1,Горный институт,294573126
3342,6,8,3,107.0,45990000,Петроградский,Зверинская ,22,Спортивная,298744433
3343,1,5,3,102.2,17300160,Московский, Струве,12,Звездная,299582533
3344,9,12,3,80.0,9900000,Колпинский,Тверская ,60,Купчино,285283290
3345,11,23,3,142.78,37122800,Московский,Гагаринское,,,286950006
3346,6,6,3,137.7,34000000,Центральный,Невский проспект,88,Маяковская,298527845
3347,8,8,3,117.9,54575910,Петроградский,Петровский проспект,11к2,Крестовский остров,294546051
3348,1,16,3,79.4,9990000,Красногвардейский,проспект Косыгина,31К2,Улица Дыбенко,289176764
3349,6,19,3,59.54,10449270,Красногвардейский,м. Гражданский проспект,,Гражданский проспект,299096481
3350,9,12,3,94.42,17800000,Выборгский,проспект Просвещения,14к4,Проспект Просвещения,296189684
3351,4,5,3,54.8,6600000,Колпинский, Адмиралтейская,27,Купчино,295396042
3352,3,5,3,58.3,6890000,Кировский,проспект Маршала Жукова,72К5,Проспект Ветеранов,298490572
3353,4,5,3,55.3,6800000,Пушкинский,Гуммолосаровская ,29,Звездная,299102369
3354,4,4,3,55.1,6900000,Пушкинский,Березовая ,19,Купчино,283488250
3355,10,15,3,52.0,7090000,Выборгский, Кустодиева,4К2,Проспект Просвещения,298732166
3356,6,12,3,52.3,7600000,Калининский, Ушинского,22/97,Гражданский проспект,297037467
3357,1,9,3,60.12,8000000,Кировский,проспект Ветеранов,112,Проспект Ветеранов,298091678
3358,6,9,3,57.3,8000000,Выборгский,проспект Художников,18К1,Проспект Просвещения,297584363
3359,12,12,3,55.47,8043150,Пушкинский,Аэросити 4 жилой квартал,,,286951032
3360,6,9,3,64.0,8200000,Красносельский,Петергофское шоссе,11/21,Ленинский проспект,296021112
3361,1,16,3,65.9,8300000,Красногвардейский,проспект Энтузиастов,47К4,Проспект Большевиков,290014553
3362,10,11,3,71.9,8375400,Пушкинский,,,Шушары,294087711
3363,3,9,3,60.1,8450000,Приморский,Серебристый бульвар,34К1,Комендантский проспект,299414118
3364,5,5,3,72.76,8475160,Пушкинский,,,Шушары,294087128
3365,12,12,3,58.28,8450600,Пушкинский,Аэросити 4 жилой квартал,,,286951040
3366,6,12,3,58.24,8736000,Пушкинский,,,,296280646
3367,6,9,3,64.6,8700000,Кировский, Генерала Симоняка,17,Проспект Ветеранов,298479237
3368,2,9,3,58.3,8700000,Колпинский,Пролетарская ,48,Шушары,299024277
3369,8,9,3,65.5,8650000,Калининский, Демьяна Бедного,30к1,Гражданский проспект,298021208
3370,1,9,3,66.7,8800000,Красносельский,проспект Кузнецова,20,Ленинский проспект,297049021
3371,8,9,3,61.7,8850000,Калининский, Вавиловых,7К3,Академическая,297535706
3372,5,25,3,57.6,8985600,Красногвардейский,Полюстрово,,Академическая,299364626
3373,1,11,3,65.08,9001040,Колпинский,,к38,Рыбацкое,293915653
3374,2,25,3,57.4,9011800,Красногвардейский,Полюстрово,,Академическая,299364589
3375,8,9,3,59.0,9000000,Невский, Евдокима Огнева,8К1,Улица Дыбенко,297537449
3376,4,9,3,63.0,9000000,Невский, Антонова-Овсеенко,9К1,Улица Дыбенко,297128617
3377,3,9,3,58.3,9100000,Фрунзенский, Белы Куна,23,Международная,297080484
3378,1,24,3,50.9,9167090,Приморский, Ивинская,19к3,Комендантский проспект,297361201
3379,1,17,3,52.9,9241630,Приморский, Ивинская,15,Комендантский проспект,297361401
3380,1,24,3,56.7,9304470,Приморский, Ивинская,19к1,Комендантский проспект,297361023
3381,2,12,3,64.93,9414850,Пушкинский,,,,296280617
3382,1,9,3,49.25,9447311,Курортный,,582,Парнас,284755058
3383,2,11,3,58.95,9410634,Колпинский,,к39,Рыбацкое,299405982
3384,2,25,3,65.0,9425000,Красногвардейский,Полюстрово,69,,297023532
3385,6,9,3,60.8,9400000,Невский, Подвойского,42,Улица Дыбенко,299114342
3386,3,5,3,54.6,9390000,Невский, Бабушкина,36,Ломоносовская,291381480
3387,2,22,3,63.2,9543200,Красногвардейский,Полюстрово,,Девяткино,299236812
3388,2,10,3,78.21,9490470,Пушкинский,,,,295182670
3389,3,9,3,60.2,9480000,Приморский,Серебристый бульвар,6К1,Пионерская,293609520
3390,6,9,3,62.4,9500000,Фрунзенский,Будапештская ,101К1,Дунайская,299404106
3391,6,25,3,58.9,9600700,Красногвардейский,Полюстрово,,Академическая,296626605
3392,5,11,3,60.04,9645105,Колпинский,,к39,Рыбацкое,296000569
3393,10,24,3,56.3,9599150,Приморский, Ивинская,19к1,Комендантский проспект,297407577
3394,1,24,3,51.0,9562500,Приморский, Ивинская,19к2,Комендантский проспект,297361178
3395,3,12,3,64.43,9664500,Пушкинский,,,,296280626
3396,2,22,3,64.7,9672650,Красногвардейский, Пейзажная,6,Девяткино,299237079
3397,22,25,3,60.1,9736200,Красногвардейский,Полюстрово,,Академическая,296626647
3398,2,9,3,61.6,9700000,Фрунзенский,Софийская ,55,Проспект Славы,299350318
3399,1,8,3,51.55,9713107,Курортный,,581,Проспект Просвещения,284754860
3400,5,8,3,51.29,9837089,Курортный,,581,Проспект Просвещения,296291004
3401,1,17,3,52.3,9759180,Приморский, Ивинская,9,Комендантский проспект,297361126
3402,1,3,3,69.0,9899000,Фрунзенский,Витебская Сортировочная ,14,Волковская,298994127
3403,7,22,3,63.9,9936450,Красногвардейский, Пейзажная,6,Девяткино,299237118
3404,22,25,3,61.1,9928750,Красногвардейский,Полюстрово,,Академическая,296626643
3405,17,17,3,78.7,9900000,Выборгский,Юкковское шоссе,14к8,Проспект Просвещения,299168333
3406,1,24,3,55.7,9881180,Приморский, Ивинская,19к2,Комендантский проспект,297361176
3407,1,6,3,82.3,9876000,Курортный, Строителей,3к2,,292413397
3408,6,25,3,65.64,10042920,Красногвардейский,Полюстрово,69,,297023686
3409,3,6,3,83.0,9960000,Курортный, Строителей,3к2,,292413407
3410,2,9,3,60.4,10080927,Курортный,,,Проспект Просвещения,296759910
3411,2,14,3,74.54,10148240,Невский,Невский,,,295182779
3412,2,6,3,83.9,10068000,Курортный, Строителей,3к2,,292413405
3413,20,21,3,58.88,10215680,Красногвардейский,Полюстрово,149/5,Гражданский проспект,294543946
3414,1,24,3,53.9,10195185,Приморский, Ивинская,19к3,Комендантский проспект,297361228
3415,3,9,3,57.5,10250000,Фрунзенский,проспект Славы,4,Международная,299168568
3416,7,9,3,53.16,10415047,Курортный,,582,Парнас,296290992
3417,2,25,3,63.28,10441200,Красногвардейский,Полюстрово,69,,297023726
3418,9,12,3,63.0,10500000,Выборгский,проспект Энгельса,145К3,Проспект Просвещения,272335952
3419,4,14,3,74.18,10530214,Невский,Невский,,,295182911
3420,3,11,3,64.79,10638658,Колпинский,,к36,Рыбацкое,299405999
3421,1,9,3,62.15,10581083,Курортный,,582,Парнас,284755052
3422,6,8,3,53.31,10671048,Курортный,,581,Проспект Просвещения,296287934
3423,1,6,3,88.9,10668000,Курортный, Строителей,3к2,,292413320
3424,2,23,3,53.46,10876316,Невский,Рыбацкое,5,Рыбацкое,299260915
3425,4,9,3,56.4,10880846,Курортный,,581,Проспект Просвещения,296287932
3426,7,8,3,53.88,10823952,Курортный,,582,Парнас,299577848
3427,2,12,3,69.6,10884364,Пушкинский,,,Звездная,298655431
3428,4,8,3,83.4,10800000,Красносельский,Красногородская ,5к1,Проспект Ветеранов,298612472
3429,3,6,3,90.5,10860000,Курортный, Строителей,3к2,,292413457
3430,3,6,3,89.9,10788000,Курортный, Строителей,3к2,,292413330
3431,8,25,3,63.93,10932030,Красногвардейский,Полюстрово,69,,297023913
3432,1,6,3,68.4,11000000,Пушкинский,Ленинградская ,99,Шушары,299066716
3433,1,6,3,91.9,11028000,Курортный, Строителей,3к2,,292413354
3434,3,6,3,93.1,11172000,Курортный, Строителей,3к2,,292413357
3435,2,9,3,69.4,11112738,Курортный,,,Проспект Просвещения,296759906
3436,10,12,3,77.2,11194000,Пушкинский,проспект Старорусский,9,,296280930
3437,4,11,3,76.8,11136000,Пушкинский,проспект Старорусский,11,Звездная,285297786
3438,2,6,3,94.1,11292000,Курортный, Строителей,3к2,,292413474
3439,2,16,3,59.01,11426148,Невский, Славянская,,Рыбацкое,294049719
3440,12,12,3,78.0,11310000,Пушкинский,проспект Старорусский,9,,296280954
3441,12,12,3,61.7,11414500,Пушкинский,,,,295100644
3442,3,5,3,79.0,11300000,Колпинский,проспект Ленина,19/3,Шушары,291690931
3443,2,24,3,61.31,11537608,Невский, Славянская,,Рыбацкое,293847230
3444,23,23,3,54.32,11518713,Невский,Рыбацкое,5,Рыбацкое,299260885
3445,1,10,3,71.1,11513597,Курортный,,,Парнас,296759979
3446,2,24,3,59.87,11562927,Невский, Славянская,,Рыбацкое,293847237
3447,1,23,3,63.3,11564910,Приморский, Ивинская,1к4,Зенит,297885360
3448,3,9,3,57.0,11600000,Московский, Ленсовета,73К3,Звездная,297049015
3449,6,9,3,70.1,11635418,Курортный,,,Проспект Просвещения,296759904
3450,2,8,3,72.17,11619370,Красносельский, Лермонтова,15к2Б,Проспект Ветеранов,299600067
3451,1,23,3,55.8,11721546,Невский,Рыбацкое,4,Рыбацкое,293529827
3452,7,12,3,62.0,11750000,Кировский,Ленинский проспект,117К1,Ленинский проспект,299319992
3453,9,12,3,81.1,11759500,Пушкинский,проспект Старорусский,9,,296280903
3454,2,12,3,83.73,11722200,Пушкинский,Аэросити 4 жилой квартал,,,286951029
3455,1,5,3,71.02,11765700,Пушкинский,,,Звездная,295838300
3456,4,11,3,81.1,11759500,Пушкинский,проспект Старорусский,11,Звездная,285297787
3457,2,4,3,64.0,11999000,Калининский,проспект Науки,44,Академическая,295777711
3458,2,17,3,82.49,11966609,Невский,Невский,,,295182086
3459,3,9,3,79.37,11984870,Колпинский,Заречье тер.,,Рыбацкое,298270823
3460,1,5,3,60.64,11966160,Колпинский,проезд Понтонный,6,Рыбацкое,298649361
3461,2,9,3,79.97,11995500,Колпинский,Заречье тер.,,Рыбацкое,298270813
3462,4,5,3,67.6,11900000,Выборгский,Лесной проспект,59к4,Лесная,298704853
3463,21,23,3,49.59,12137460,Невский,Рыбацкое,4,Рыбацкое,297429040
3464,2,23,3,50.62,12004119,Невский,Рыбацкое,4,Рыбацкое,293529844
3465,5,8,3,60.46,12011185,Курортный,,581,Проспект Просвещения,299577827
3466,6,23,3,53.43,12026833,Невский,Рыбацкое,4,Рыбацкое,296862481
3467,17,25,3,76.4,12000000,Выборгский, Валерия Гаврилина,5,Парнас,297884713
3468,3,12,3,83.08,12046600,Пушкинский,Аэросити 4 жилой квартал,,,286951031
3469,2,17,3,95.73,12101133,Невский,Невский,,,295183606
3470,5,11,3,75.1,12046032,Пушкинский,проспект Старорусский,13к2,Звездная,294664504
3471,17,23,3,54.46,12225760,Невский,Рыбацкое,4,Рыбацкое,296689388
3472,10,23,3,55.0,12200551,Невский,Рыбацкое,4,Рыбацкое,299389579
3473,8,10,3,76.2,12236396,Курортный,,,Парнас,296759977
3474,11,16,3,65.8,12200000,Приморский,Богатырский проспект,35К2,Комендантский проспект,290550505
3475,2,12,3,74.0,12210000,Пушкинский,,,,286945635
3476,1,5,3,72.45,12167840,Колпинский,проезд Понтонный,6,Рыбацкое,298649322
3477,9,9,3,81.41,12374320,Колпинский,Заречье тер.,,Рыбацкое,298270281
3478,2,8,3,77.32,12371200,Красносельский, Лермонтова,15к2Б,Проспект Ветеранов,299599987
3479,9,10,3,71.1,12350000,Кировский, Лени Голикова,29к5,Проспект Ветеранов,295047380
3480,4,12,3,72.61,12343700,Пушкинский,,,,286945456
3481,7,11,3,75.8,12364117,Пушкинский,проспект Старорусский,13к2,Звездная,294664510
3482,2,9,3,81.76,12264000,Колпинский,Заречье тер.,,Рыбацкое,298270296
3483,1,4,3,76.13,12409190,Пушкинский,,,Купчино,296121308
3484,2,10,3,76.9,12419379,Курортный,,,Парнас,296759974
3485,14,26,3,78.7,12592000,Пушкинский,проспект Новгородский,2к3,Звездная,297714737
3486,4,17,3,95.27,12596504,Невский,Невский,,,295183689
3487,14,26,3,79.0,12500000,Выборгский, Михаила Дудина,25к2,Парнас,294120396
3488,1,4,3,76.87,12529810,Пушкинский,,,Купчино,296122346
3489,1,5,3,76.03,12633375,Пушкинский,,,Звездная,292309745
3490,9,10,3,69.4,12500000,Приморский, Савушкина,145,Беговая,299528669
3491,2,8,3,79.9,12704100,Красносельский, Лермонтова,15к2Ж,Проспект Ветеранов,293979141
3492,1,4,3,77.83,12686290,Пушкинский,,,Купчино,296121309
3493,2,5,3,68.85,12674900,Пушкинский,Пулковское тер.,,Звездная,282064813
3494,9,27,3,66.93,12871875,Выборгский,проезд Толубеевский,34к2,,297361394
3495,2,4,3,74.37,12866010,Пушкинский,,,Купчино,296120337
3496,4,5,3,75.15,12890703,Пушкинский,,,Звездная,292309916
3497,4,6,3,70.9,12900000,Петроградский, Мира,23Б,Горьковская,294454401
3498,1,4,3,79.64,12981320,Пушкинский,,,Звездная,296120203
3499,3,6,3,108.1,12972000,Курортный, Строителей,3к2,,292413453
3500,1,27,3,72.06,13086096,Выборгский,Заречная ,52к1,,297905082
3501,13,23,3,51.88,13041067,Невский,Рыбацкое,4,Рыбацкое,297429039
3502,2,9,3,83.1,13053342,Курортный,,,Проспект Просвещения,296759900
3503,16,25,3,60.0,13149915,Приморский,Коломяги,,Проспект Просвещения,299132634
3504,1,4,3,80.56,13131280,Пушкинский,,,Купчино,296120335
3505,1,5,3,80.16,13019775,Пушкинский,,,Звездная,292309999
3506,1,5,3,73.55,13090680,Пушкинский,Пулковское тер.,,Звездная,279689390
3507,5,6,3,108.8,13056000,Курортный, Строителей,3к2,,292413463
3508,1,5,3,77.0,13250352,Московский, Струве,12,Звездная,299582501
3509,13,15,3,75.0,13200000,Приморский,Богатырский проспект,29К1,Комендантский проспект,293251040
3510,3,12,3,75.94,13289500,Пушкинский,,,,286946085
3511,2,12,3,88.5,13254890,Пушкинский,,,Звездная,298655439
3512,1,5,3,81.89,13181049,Колпинский,шоссе Рубежное,12,Рыбацкое,298649286
3513,1,4,3,81.55,13292650,Пушкинский,,,Звездная,296122363
3514,1,4,3,81.44,13274720,Пушкинский,,,Купчино,296121591
3515,3,27,3,71.63,13285155,Выборгский,Заречная ,48к2,Парнас,297361447
3516,2,27,3,71.47,13241893,Выборгский,Заречная ,48к2,Парнас,297361439
3517,2,5,3,74.9,13248900,Колпинский,проезд Понтонный,6,Рыбацкое,298649327
3518,2,5,3,79.27,13216480,Пушкинский,,,Звездная,292309842
3519,1,14,3,69.9,13398000,Василеостровский,Морская набережная,17к1,Приморская,297922315
3520,2,4,3,76.95,13389300,Пушкинский,,,Звездная,296119978
3521,1,5,3,82.69,13367840,Пушкинский,,,Звездная,292309972
3522,9,10,3,60.3,13440359,Приморский,Парашютная ,79к1,Комендантский проспект,292425359
3523,1,4,3,82.44,13520160,Пушкинский,,,Купчино,296121224
3524,7,8,3,74.8,13510044,Курортный,,3,Проспект Просвещения,296607982
3525,1,5,3,83.62,13484328,Пушкинский,,,Звездная,292309913
3526,1,4,3,70.2,13516320,Петродворцовый,,,Проспект Ветеранов,294623044
3527,18,27,3,70.64,13674948,Выборгский,Заречная ,52к1,,297905240
3528,1,4,3,83.39,13592570,Пушкинский,,,Звездная,296120287
3529,1,4,3,83.85,13667550,Пушкинский,,,Купчино,296120788
3530,6,8,3,74.3,13609953,Курортный,,5,Парнас,296607979
3531,2,12,3,79.1,13550000,Приморский,Вербная ,20/2,Удельная,299064522
3532,16,27,3,70.85,13780650,Выборгский,проезд Толубеевский,34к3,,297361230
3533,8,9,3,83.8,13715076,Курортный,,,Проспект Просвещения,296759897
3534,16,17,3,70.77,13727380,Выборгский,проезд Толубеевский,34к1,,297361172
3535,2,4,3,79.08,13759920,Пушкинский,,,Звездная,296120211
3536,1,4,3,85.1,13786200,Пушкинский,,,Купчино,296120410
3537,1,5,3,82.65,13860405,Московский,Пулковский меридиан,,Звездная,298626594
3538,1,5,3,81.76,13900589,Московский,Пулковский меридиан,,Звездная,299043880
3539,10,27,3,71.63,13887315,Выборгский,проезд Толубеевский,34к3,,297361211
3540,5,5,3,82.8,13800000,Центральный,Боровая ,19Б,Лиговский проспект,296027889
3541,6,9,3,75.4,13864402,Курортный,,2,Проспект Просвещения,296607975
3542,1,5,3,85.67,13834651,Колпинский,шоссе Рубежное,12,Рыбацкое,298649319
3543,12,27,3,71.63,13827099,Выборгский,проезд Толубеевский,32,Проспект Просвещения,297361096
3544,3,5,3,82.08,13882104,Пушкинский,,,Звездная,292309845
3545,2,4,3,70.67,13827228,Петродворцовый,,,Проспект Ветеранов,294623050
3546,1,5,3,84.02,13980928,Московский,Пулковский меридиан,,Звездная,298626592
3547,3,8,3,89.97,14080305,Красносельский, Лермонтова,15к2Ж,Проспект Ветеранов,293979015
3548,2,15,3,87.53,13959999,Выборгский,,,,290172709
3549,2,16,3,76.0,13990000,Приморский,проспект Юнтоловский,43к1,Беговая,298727725
3550,7,23,3,86.1,13990000,Красносельский,проспект Ветеранов,133к1,Проспект Ветеранов,299059423
3551,10,14,3,69.0,13990000,Фрунзенский,Будапештская ,87к2,Дунайская,292602980
3552,1,4,3,86.55,14021100,Пушкинский,,,Купчино,296122043
3553,3,10,3,64.6,14100175,Приморский,Парашютная ,79к1,Озерки,292425363
3554,16,23,3,80.59,14184675,Приморский, Ивинская,1к2,Зенит,298977643
3555,6,8,3,89.14,14173260,Красносельский, Лермонтова,15к2Б,Проспект Ветеранов,299600020
3556,3,16,3,63.98,14116203,Невский, Гудиловская,9,Рыбацкое,297298340
3557,13,25,3,65.0,14114125,Приморский,Коломяги,,Проспект Просвещения,298656888
3558,4,15,3,85.98,14229999,Выборгский,,,,294551294
3559,1,5,3,79.57,14114880,Колпинский,шоссе Рубежное,14,Рыбацкое,298649499
3560,19,27,3,101.6,14100000,Выборгский, Федора Абрамова,21к3,Парнас,298959238
3561,1,25,3,75.9,14200000,Приморский,Яхтенная ,30к4,Комендантский проспект,299478663
3562,5,10,3,64.3,14343761,Приморский,Парашютная ,79к1,Комендантский проспект,292425339
3563,2,8,3,90.51,14391090,Красносельский, Лермонтова,15к2Б,Проспект Ветеранов,299600114
3564,2,4,3,82.57,14367180,Пушкинский,,,Купчино,296121644
3565,1,4,3,77.74,14378588,Петродворцовый,,,Проспект Ветеранов,294622567
3566,1,4,3,76.7,14265957,Петродворцовый,,,Проспект Ветеранов,294622459
3567,4,6,3,70.3,14300000,Петроградский,Большая Монетная ,7,Горьковская,292824961
3568,9,10,3,63.2,14497797,Приморский,Парашютная ,79к1,Озерки,298402694
3569,4,5,3,78.84,14470680,Колпинский,шоссе Рубежное,14,Рыбацкое,298649507
3570,4,4,3,80.42,14475600,Пушкинский,,,Купчино,296121837
3571,2,4,3,76.23,14490864,Петродворцовый,,,Проспект Ветеранов,294622551
3572,1,5,3,81.83,14550315,Московский,Пулковское шоссе,95к4,Звездная,292871148
3573,4,6,3,80.9,14550000,Пушкинский,Красносельское шоссе,48/60,Купчино,297902986
3574,2,4,3,85.03,14625160,Пушкинский,,,Купчино,296122107
3575,5,7,3,88.7,14700000,Центральный,Невский проспект,147,Площадь Александра Невского,282974920
3576,1,11,3,65.77,14739223,Невский, Гудиловская,5к1,Рыбацкое,295426182
3577,5,23,3,80.38,14763600,Приморский, Ивинская,5к2,Зенит,297885280
3578,3,5,3,76.11,14854070,Колпинский,шоссе Рубежное,12,Рыбацкое,298649271
3579,8,8,3,95.05,14875325,Красносельский, Лермонтова,15к2Ж,Проспект Ветеранов,293979112
3580,3,16,3,67.54,14845812,Невский, Гудиловская,9,Рыбацкое,299577861
3581,21,23,3,80.59,14924745,Приморский, Ивинская,5к2,Зенит,297885356
3582,1,7,3,61.11,14873800,Приморский,шоссе Суздальское,18к3,Проспект Просвещения,298651103
3583,1,7,3,64.12,14822770,Приморский,шоссе Суздальское,18к3,Проспект Просвещения,298651096
3584,3,10,3,67.3,15000000,Калининский, Замшина,58,,295101157
3585,1,11,3,68.69,15074127,Невский, Гудиловская,5к1,Рыбацкое,295426194
3586,17,17,3,73.2,14990000,Невский, Белышева,5/6,Проспект Большевиков,298976631
3587,5,5,3,78.0,14999000,Колпинский, Анисимова,5к7,,284435062
3588,5,5,3,83.51,14968200,Колпинский,шоссе Рубежное,12,Рыбацкое,298649282
3589,9,10,3,66.6,15157862,Приморский,Парашютная ,79к1,Комендантский проспект,298402672
3590,5,5,3,73.47,15126804,Колпинский,шоссе Рубежное,12,Рыбацкое,298649308
3591,2,23,3,94.6,15352223,Выборгский,дорога Ольгинская,,Парнас,298864139
3592,2,23,3,94.3,15303537,Выборгский,дорога Ольгинская,,Парнас,298863651
3593,13,17,3,78.8,15400000,Калининский,проспект Металлистов,117,Выборгская,289317245
3594,5,5,3,75.13,15353840,Колпинский,шоссе Рубежное,12,Рыбацкое,298649273
3595,9,10,3,67.5,15484198,Приморский,Парашютная ,79к1,Комендантский проспект,292425344
3596,1,5,3,87.3,15450223,Московский,Пулковское шоссе,99к6,Звездная,296054922
3597,1,4,3,75.6,15553460,Пушкинский,,,Купчино,294621175
3598,2,23,3,95.9,15564842,Выборгский,дорога Ольгинская,,Парнас,298863552
3599,2,8,3,80.0,15500000,Петроградский,Ординарная ,21,Петроградская,298854078
3600,1,5,3,87.95,15593340,Колпинский,шоссе Рубежное,14,Рыбацкое,298697653
3601,4,25,3,86.0,15500000,Кировский,проспект Маршала Жукова,48к1,Ленинский проспект,299060656
3602,1,7,3,76.91,15455990,Приморский,шоссе Суздальское,18к3,Проспект Просвещения,298651119
3603,7,7,3,81.5,15500000,Адмиралтейский,набережная Канала Грибоедова,148-150,Балтийская,297215460
3604,6,13,3,70.1,15712139,Приморский,Юнтолово,,Беговая,297293328
3605,5,6,3,80.0,15700000,Петроградский, Блохина,4,Спортивная,299343353
3606,5,5,3,86.53,15687840,Колпинский,шоссе Рубежное,12,Рыбацкое,298649316
3607,5,5,3,84.06,15789760,Колпинский,шоссе Рубежное,14,Рыбацкое,298649470
3608,1,5,3,74.21,15757000,Колпинский,шоссе Рубежное,14,Рыбацкое,298649454
3609,2,4,3,77.05,15871700,Пушкинский,,,Купчино,299153385
3610,2,4,3,75.0,15884960,Пушкинский,,,Купчино,294621178
3611,4,4,3,90.0,16000000,Центральный,Невский проспект,103,Площадь Восстания,297071747
3612,3,5,3,86.29,16032000,Колпинский,шоссе Рубежное,14,Рыбацкое,298923949
3613,2,5,3,86.92,16044000,Колпинский,шоссе Рубежное,14,Рыбацкое,298649456
3614,1,4,3,79.65,16099440,Пушкинский,,,Купчино,299153119
3615,9,23,3,96.9,16382441,Выборгский,дорога Ольгинская,,Парнас,298864226
3616,5,5,3,70.04,16224000,Колпинский,шоссе Рубежное,14,Рыбацкое,298649394
3617,26,26,3,71.1,16200000,Невский, Дыбенко,5к1,Улица Дыбенко,295239682
3618,2,4,3,78.05,16383000,Пушкинский,,,Купчино,294621212
3619,3,16,3,80.0,16200000,Фрунзенский,Софийская ,38к2,Международная,299531865
3620,24,25,3,74.92,16503471,Приморский,Коломяги,,Озерки,298056551
3621,7,7,3,78.1,16500000,Невский, Седова,94,Ломоносовская,299164003
3622,8,10,3,70.0,16610901,Красносельский,Константиновское,,Проспект Ветеранов,296654448
3623,3,4,3,73.87,16650519,Петродворцовый,,,Проспект Ветеранов,296538610
3624,2,7,3,70.12,16655818,Красносельский,Константиновское,,Проспект Ветеранов,295660150
3625,5,5,3,92.3,16650504,Московский, Струве,12,Звездная,299582532
3626,4,5,3,83.43,16596120,Колпинский,шоссе Рубежное,14,Рыбацкое,298649528
3627,3,4,3,79.35,16679700,Пушкинский,,,Купчино,299153092
3628,4,9,3,77.5,16792578,Красносельский, Тамбасова,5,Проспект Ветеранов,298331223
3629,10,12,3,73.97,16715742,Красногвардейский,Полюстрово,,Академическая,280432234
3630,8,8,3,105.05,16702950,Красносельский, Лермонтова,15к2Б,Проспект Ветеранов,299600043
3631,5,5,3,85.03,16762900,Колпинский,шоссе Рубежное,14,Рыбацкое,298649410
3632,2,4,3,81.3,16814160,Пушкинский,,,Купчино,299153386
3633,1,8,3,79.9,16938800,Приморский,Коломяги,,Проспект Просвещения,299135862
3634,8,23,3,68.65,16956250,Калининский,Финляндский,,Выборгская,299507450
3635,2,4,3,80.7,16999257,Пушкинский,,,Купчино,298658250
3636,22,25,3,78.08,17194817,Приморский,Коломяги,,Озерки,298056607
3637,1,15,3,78.1,17100112,Невский,Дальневосточный проспект,19к1,Проспект Большевиков,298292409
3638,1,4,3,80.0,17163647,Пушкинский,,,Купчино,298658249
3639,5,5,3,80.95,17159700,Колпинский,шоссе Рубежное,14,Рыбацкое,298649548
3640,3,4,3,126.0,17100000,Пушкинский,Набережная ,1,Купчино,275932867
3641,1,4,3,83.07,17187900,Пушкинский,,,,294620981
3642,4,23,3,76.82,17300440,Невский,Невский,,Проспект Большевиков,298589064
3643,3,8,3,87.22,17348767,Приморский,Коломяги,,Проспект Просвещения,298650966
3644,1,4,3,96.82,17250274,Красносельский,проспект Буденного,13,Ленинский проспект,295774774
3645,12,12,3,77.78,17392182,Красногвардейский,Полюстрово,,Академическая,280432443
3646,2,18,3,90.55,17204500,Невский, Тельмана,37,Ломоносовская,299556060
3647,1,4,3,95.17,17250752,Красносельский,проспект Буденного,15,Проспект Ветеранов,295827644
3648,17,18,3,75.35,17279511,Московский,м. Ленинский проспект,,Ленинский проспект,293304259
3649,15,18,3,77.64,17337064,Московский,м. Ленинский проспект,,Ленинский проспект,293304614
3650,16,26,3,68.5,17290000,Невский, Дыбенко,7к2,Улица Дыбенко,299552430
3651,2,23,3,106.3,17402148,Выборгский,дорога Ольгинская,,Парнас,298863968
3652,12,22,3,68.45,17510731,Калининский,Финляндский,,Лесная,299507674
3653,12,12,3,75.64,17459764,Красногвардейский,Полюстрово,,Академическая,294545510
3654,2,14,3,75.11,17500630,Василеостровский,Гавань,,Приморская,294660580
3655,13,14,3,84.14,17492706,Василеостровский,Гавань,,Приморская,294660748
3656,4,5,3,99.4,17400715,Московский, Струве,8к3,Звездная,299582489
3657,4,5,3,97.0,17500000,Центральный, Жуковского,32,Площадь Восстания,299474046
3658,4,7,3,67.1,17495348,Калининский,Финляндский,,Выборгская,280115592
3659,1,4,3,87.05,17481380,Пушкинский,,,Купчино,294621013
3660,10,10,3,71.9,17643514,Приморский,Парашютная ,79к1,Комендантский проспект,292425360
3661,12,18,3,80.5,17700179,Невский,Невский,,Проспект Большевиков,299540645
3662,6,8,3,89.97,17609364,Приморский,Коломяги,,Проспект Просвещения,298651041
3663,2,14,3,82.46,17588718,Василеостровский,Гавань,,Приморская,294660484
3664,2,23,3,103.7,17683861,Выборгский,дорога Ольгинская,,Парнас,298863977
3665,2,22,3,68.77,17621800,Калининский,Финляндский,,Лесная,299508171
3666,15,15,3,78.8,17643320,Василеостровский,проспект Крузенштерна,2,,294545436
3667,12,12,3,79.67,17661774,Красногвардейский,Полюстрово,,Академическая,282813222
3668,1,4,3,84.4,17658438,Пушкинский,,,Купчино,298658248
3669,2,14,3,83.4,17731674,Фрунзенский,Волковское,1,Обводный канал,290735404
3670,12,12,3,69.2,17690841,Фрунзенский,Волковское,5,Обводный канал,287140616
3671,13,14,3,99.8,17600000,Приморский,проспект Авиаконструкторов,42к3,,289712007
3672,1,7,3,85.49,17718910,Приморский,шоссе Суздальское,18к3,Проспект Просвещения,298651134
3673,1,16,3,85.3,17550022,Московский, Федора Котанова,5к2,Звездная,292227245
3674,5,17,3,72.45,17822700,Василеостровский,Гавань,12,Горный институт,294545394
3675,3,3,3,81.7,17763033,Петродворцовый,Красносельское шоссе,22,Ленинский проспект,285685066
3676,5,23,3,104.5,17820284,Выборгский,дорога Ольгинская,,Парнас,298864192
3677,15,15,3,79.6,17822440,Василеостровский,проспект Крузенштерна,2,Горный институт,294545449
3678,2,17,3,73.02,17846088,Василеостровский,Гавань,12,Горный институт,294545364
3679,12,23,3,68.9,17894035,Калининский,Полюстровский проспект,75,Лесная,299507393
3680,2,5,3,83.82,17892000,Курортный,,,Зенит,297187941
3681,9,18,3,88.19,17858475,Невский, Тельмана,37,Ломоносовская,299556053
3682,18,18,3,83.77,17800000,Кировский,Ленинский проспект,,Ленинский проспект,299030517
3683,9,14,3,74.4,17820288,Фрунзенский,Волковское,5,Обводный канал,295643026
3684,1,4,3,89.75,17782170,Пушкинский,,,Купчино,299153202
3685,4,10,3,82.6,17800000,Калининский,проспект Науки,79к3,Академическая,298093233
3686,3,3,3,79.4,18050908,Петродворцовый,Красносельское шоссе,22,Ленинский проспект,285685196
3687,9,18,3,89.29,18081225,Невский, Тельмана,37,Ломоносовская,299556050
3688,1,8,3,80.61,17976030,Приморский,Коломяги,,Проспект Просвещения,298651063
3689,4,23,3,106.6,17905718,Выборгский,дорога Ольгинская,,Парнас,298863970
3690,2,12,3,77.5,17980000,Красногвардейский,Партизанская ,5Б,Ладожская,299403319
3691,2,5,3,91.14,17937000,Курортный,,,Беговая,296825963
3692,14,23,3,74.21,18090621,Невский,Рыбацкое,4,Рыбацкое,299389560
3693,21,26,3,80.1,17940000,Приморский,проспект Королева,7,Пионерская,295040057
3694,14,15,3,87.3,17998000,Красносельский, Рихарда Зорге,4к2,Ленинский проспект,297079059
3695,3,23,3,103.0,18000000,Выборгский,проспект Луначарского,76К2,,293835473
3696,4,5,3,87.9,18000000,Колпинский, Анисимова,5к7,Шушары,299136877
3697,5,12,3,79.89,17985070,Московский,Звёздное,,Звездная,298641752
3698,2,11,3,74.5,18001584,Фрунзенский,Волковское,3,Обводный канал,278117225
3699,3,12,3,78.45,17988492,Московский,Звёздное,,Звездная,298641887
3700,1,7,3,80.15,18042000,Выборгский,Шувалово-Озерки,,,298609165
3701,16,25,3,84.23,18202103,Приморский,Коломяги,,Проспект Просвещения,298651458
3702,13,23,3,67.25,18281350,Калининский,Финляндский,,Выборгская,299507965
3703,2,14,3,77.2,18195654,Фрунзенский,Волковское,1,Обводный канал,288160196
3704,16,24,3,77.93,18263441,Невский, Славянская,8,Рыбацкое,298813572
3705,4,23,3,82.32,18150037,Невский,Невский,,Проспект Большевиков,298589070
3706,4,4,3,95.98,18250117,Красносельский,проспект Буденного,13,Ленинский проспект,295704542
3707,3,4,3,80.82,18200583,Петродворцовый,,,Проспект Ветеранов,295922983
3708,2,25,3,84.06,18224076,Приморский,Коломяжский проспект,13к2,Пионерская,297024582
3709,15,24,3,106.2,18263966,Приморский,проспект Королева,63к1,Комендантский проспект,299120871
3710,2,13,3,76.3,18237226,Фрунзенский,Волковское,1,Обводный канал,291847028
3711,2,12,3,80.93,18197530,Московский,Звёздное,,Звездная,286446544
3712,10,10,3,72.5,18311221,Приморский,Парашютная ,79к1,Комендантский проспект,298402688
3713,10,23,3,107.8,18383031,Выборгский,дорога Ольгинская,,Парнас,298864171
3714,5,17,3,75.18,18434136,Василеостровский,Гавань,12,Горный институт,294545369
3715,12,12,3,81.82,18352945,Красногвардейский,Полюстрово,,Академическая,294545478
3716,3,14,3,96.17,18406938,Василеостровский,Гавань,,Приморская,296635104
3717,12,12,3,79.28,18370627,Красногвардейский,Полюстрово,,Академическая,291738651
3718,12,12,3,80.81,18446439,Красногвардейский,Полюстрово,,Академическая,280804756
3719,4,13,3,67.1,18403908,Выборгский,Сампсониевское,,Лесная,296793411
3720,4,25,3,88.44,18380898,Приморский,Коломяжский проспект,13к2,Пионерская,297024482
3721,5,11,3,74.2,18434841,Фрунзенский,Волковское,3,Обводный канал,293875621
3722,4,12,3,83.65,18310703,Московский,Звёздное,,Звездная,298641866
3723,4,12,3,84.87,18388239,Московский,Звёздное,,Звездная,298641782
3724,6,12,3,79.25,18432916,Московский,Звёздное,,Звездная,286446776
3725,3,4,3,89.15,18399570,Пушкинский,,,Купчино,299153183
3726,19,23,3,82.69,18450206,Невский,Невский,,Проспект Большевиков,296729934
3727,2,19,3,85.72,18452287,Приморский,Коломяжский проспект,13,Пионерская,298257064
3728,13,14,3,85.1,18492230,Василеостровский,Гавань,,Приморская,294660750
3729,4,12,3,76.0,18620000,Красногвардейский,Партизанская ,5Б,Ладожская,299403302
3730,3,10,3,95.6,18500000,Приморский, Оптиков,52к2Е,Беговая,299528805
3731,2,9,3,79.5,18642750,Выборгский,Светлановский проспект,45,Политехническая,299252946
3732,2,6,3,77.2,18500000,Василеостровский,проспект Большой Васильевского острова,87,Василеостровская,298142159
3733,6,7,3,82.5,18500000,Василеостровский,Гаванская ,12к2,Приморская,299274353
3734,19,25,3,88.83,18752013,Приморский,Коломяги,,Проспект Просвещения,298651417
3735,12,17,3,80.24,18728738,Невский,Октябрьская набережная,11Б,Пролетарская,297359635
3736,11,23,3,110.5,18843459,Выборгский,дорога Ольгинская,,Парнас,298863877
3737,4,12,3,72.1,18782050,Красногвардейский,Партизанская ,,,296594204
3738,3,12,3,73.4,18849120,Красногвардейский,Партизанская ,,,294539372
3739,2,12,3,74.0,18803400,Красногвардейский,Партизанская ,,,294539272
3740,19,23,3,68.4,18830758,Калининский,Полюстровский проспект,75,Лесная,299507424
3741,2,11,3,79.58,18760587,Невский, Гудиловская,6к1,Обухово,291122681
3742,3,16,3,84.62,18770021,Приморский,Коломяжский проспект,13к3,Пионерская,297023986
3743,1,4,3,106.5,18700654,Красносельский,проспект Буденного,15,Проспект Ветеранов,296297119
3744,17,18,3,78.97,18766813,Московский,м. Ленинский проспект,,Ленинский проспект,293304486
3745,12,17,3,74.5,18754941,Невский,Октябрьская набережная,11Б,Пролетарская,297359447
3746,13,25,3,88.72,18796359,Приморский,Коломяжский проспект,13к2,Пионерская,297024498
3747,2,17,3,94.0,18651908,Московский, Федора Котанова,5к1,Звездная,292227298
3748,2,5,3,109.33,18900205,Московский,Пулковское шоссе,95к3,Звездная,298634626
3749,15,24,3,107.1,18985262,Приморский,проспект Королева,63к1,Комендантский проспект,299120869
3750,14,18,3,84.5,18936416,Московский,м. Ленинский проспект,,Ленинский проспект,293304611
3751,18,23,3,108.5,18872449,Выборгский,дорога Ольгинская,,Парнас,298864220
3752,2,12,3,74.9,18897270,Красногвардейский,Партизанская ,,,294539342
3753,5,5,3,77.0,19000000,Центральный,Большая Морская ,23/12,Адмиралтейская,265206983
3754,6,16,3,83.38,19017185,Московский,Кубинская ,82к1,Ленинский проспект,274433313
3755,13,17,3,77.17,18923030,Невский,Октябрьская набережная,11Б,Пролетарская,297359458
3756,3,13,3,87.1,18943827,Приморский,Юнтолово,,Беговая,297294417
3757,12,25,3,85.65,18994141,Приморский,Коломяжский проспект,13к2,Пионерская,288159791
3758,6,7,3,87.92,19018200,Приморский,шоссе Суздальское,18к3,Проспект Просвещения,298651107
3759,3,17,3,79.07,18949483,Калининский,Финляндский,,,294621966
3760,4,25,3,81.36,19028547,Приморский,Богатырский проспект,2А,Пионерская,296739174
3761,2,8,3,82.24,19166400,Приморский,Коломяги,,Проспект Просвещения,298650701
3762,19,23,3,110.2,19168145,Выборгский,дорога Ольгинская,,Парнас,298864017
3763,2,5,3,88.91,19122000,Курортный,,,Зенит,292533523
3764,13,17,3,77.86,19184105,Невский,Октябрьская набережная,11Б,Пролетарская,297359644
3765,4,13,3,95.6,19073375,Приморский,Юнтолово,,Беговая,297294436
3766,1,7,3,82.52,19193700,Приморский,набережная Реки Каменки,3к3,Озерки,298651757
3767,5,17,3,93.2,19160988,Московский, Федора Котанова,5к1,Звездная,292227269
3768,4,17,3,76.91,19126368,Калининский,Финляндский,,,294621726
3769,13,17,3,76.37,19064136,Калининский,Финляндский,,,294621671
3770,25,25,3,89.64,19363585,Приморский,Коломяги,,Удельная,298056599
3771,11,25,3,82.19,19388398,Приморский,Богатырский проспект,2А,Пионерская,297024799
3772,4,12,3,81.8,19316589,Московский,Черниговская ,17,Московские ворота,298657777
3773,3,7,3,85.16,19247250,Приморский,набережная Реки Каменки,3к3,Озерки,298651712
3774,3,14,3,88.94,19326662,Василеостровский,Гавань,,Приморская,294660660
3775,3,23,3,75.69,19348247,Калининский,Финляндский,,Выборгская,299508045
3776,2,4,3,88.44,19350539,Петродворцовый,,,Автово,295923459
3777,2,16,3,86.37,19283794,Московский,Кубинская ,82к1,Ленинский проспект,274433467
3778,7,7,3,72.87,19369768,Калининский,Финляндский,,Выборгская,284359013
3779,4,7,3,71.77,19379591,Калининский,Финляндский,,Выборгская,280115633
3780,2,19,3,90.23,19265654,Приморский,Коломяжский проспект,13,Пионерская,297025004
3781,1,6,3,120.2,19232000,Выборгский,шоссе Суздальское,10,Проспект Просвещения,295461270
3782,19,25,3,78.61,19540805,Приморский,Богатырский проспект,2А,Пионерская,296406901
3783,1,8,3,83.8,19444649,Московский,Черниговская ,13к2,Московские ворота,298657942
3784,9,9,3,101.0,19500000,Красногвардейский,Большеохтинский проспект,15К2,Новочеркасская,297574481
3785,15,15,3,91.0,19419400,Василеостровский,проспект Крузенштерна,2,Горный институт,294545445
3786,3,5,3,97.52,19509000,Курортный,,,Беговая,296825766
3787,2,23,3,89.02,19450202,Невский,Невский,,Проспект Большевиков,299354063
3788,1,19,3,107.3,19535200,Московский, Парфеновская,17,Московские ворота,298656981
3789,1,7,3,85.84,19408500,Приморский,набережная Реки Каменки,3к3,Озерки,298651692
3790,2,12,3,84.0,19697244,Московский,Звёздное,,Звездная,286421668
3791,3,13,3,76.55,19761129,Калининский,Полюстровский проспект,,Лесная,298022280
3792,3,7,3,87.82,19674000,Выборгский,Шувалово-Озерки,,,298609328
3793,15,22,3,67.75,19713809,Калининский,Финляндский,,Лесная,299508482
3794,15,17,3,80.55,19751847,Невский,Октябрьская набережная,11Б,Пролетарская,297359494
3795,2,16,3,87.37,19644515,Приморский,Коломяжский проспект,13к3,Пионерская,297024140
3796,12,12,3,83.23,19625287,Московский,Звёздное,,Звездная,298641917
3797,2,7,3,88.41,19699680,Приморский,набережная Реки Каменки,3к3,Озерки,298651804
3798,2,8,3,90.59,19846232,Приморский,Коломяги,,Проспект Просвещения,298650841
3799,3,8,3,92.17,19945392,Приморский,Коломяги,,Проспект Просвещения,298651072
3800,2,12,3,84.82,19853733,Московский,Звёздное,,Звездная,285507465
3801,3,12,3,83.3,19879570,Московский,Звёздное,,Звездная,298641996
3802,2,13,3,82.27,19828000,Калининский,Академическое,,Академическая,299482192
3803,3,19,3,86.1,19966590,Невский,Октябрьская набережная,57к3,Елизаровская,294544634
3804,2,19,3,87.2,19872880,Невский,Октябрьская набережная,57к3,Елизаровская,294544635
3805,3,4,3,68.0,19900000,Василеостровский,2-я Васильевского острова линия,59,Спортивная,299575219
3806,7,8,3,82.0,19990000,Адмиралтейский,Подъездной переулок,12,Пушкинская,298333887
3807,9,18,3,90.8,19976000,Василеостровский,бульвар Головнина,3к1,Горный институт,294573119
3808,9,13,3,83.6,19967692,Фрунзенский,Волковское,3,Обводный канал,276514783
3809,3,24,3,74.1,19990000,Московский, Среднерогатская,16к5,Звездная,296840978
3810,7,14,3,83.54,19945000,Приморский,Студенческая ,14к1,Лесная,298140549
3811,1,3,3,88.4,20096981,Петродворцовый,Красносельское шоссе,22,Ленинский проспект,297863668
3812,7,12,3,62.9,20128000,Василеостровский,Гавань,,Приморская,295198770
3813,5,12,3,64.9,20119000,Василеостровский,Гавань,,Приморская,295198734
3814,9,19,3,83.7,20163330,Невский,Октябрьская набережная,57к3,Елизаровская,294544655
3815,3,15,3,95.39,20150374,Невский,Октябрьская набережная,36к3,Проспект Большевиков,298589100
3816,1,12,3,93.1,20143141,Московский,Черниговская ,17,Московские ворота,298657692
3817,9,13,3,85.4,20061484,Фрунзенский,Волковское,3,Обводный канал,288388047
3818,8,19,3,91.63,20112959,Приморский,Коломяжский проспект,13,Пионерская,297025048
3819,4,13,3,78.6,20343643,Калининский,Полюстровский проспект,,Лесная,298022323
3820,15,15,3,96.5,20255350,Василеостровский,проспект Крузенштерна,2,,294545430
3821,2,19,3,106.1,20348124,Московский, Парфеновская,17,Московские ворота,298657088
3822,1,4,3,131.4,20370000,Курортный, Тарховская,84Б,Зенит,299315555
3823,12,17,3,79.33,20251042,Невский,Октябрьская набережная,11Б,Пролетарская,297359446
3824,12,13,3,86.4,20373553,Приморский,Юнтолово,,Беговая,297293934
3825,2,24,3,101.6,20221368,Приморский,проспект Королева,65,Комендантский проспект,294844855
3826,6,10,3,63.8,20416000,Приморский,Фермское шоссе,12Б,Удельная,297991460
3827,3,12,3,87.25,20552174,Московский,Звёздное,,Звездная,298641972
3828,10,12,3,79.01,20544587,Московский,Звёздное,,Звездная,289467072
3829,2,8,3,69.8,20591000,Василеостровский,Гавань,,Приморская,295198405
3830,10,13,3,75.86,20596000,Калининский,Академическое,,Политехническая,295287508
3831,1,5,3,102.08,20545000,Курортный,,,Беговая,296825799
3832,3,23,3,85.1,20549403,Выборгский,Шувалово-Озерки,,Проспект Просвещения,295748626
3833,7,8,3,128.64,20453760,Красносельский, Лермонтова,15к2Б,Проспект Ветеранов,299600033
3834,5,18,3,94.9,20403500,Василеостровский,бульвар Головнина,3к1,Горный институт,294573202
3835,2,8,3,83.8,20430051,Московский,Лиговский проспект,287,Московские ворота,298657924
3836,3,12,3,88.6,20440891,Московский,Черниговская ,17,Московские ворота,298657739
3837,2,12,3,89.9,20415120,Московский,Черниговская ,17,Московские ворота,298657735
3838,15,17,3,86.94,20497882,Невский,Октябрьская набережная,11Б,Пролетарская,297359485
3839,2,16,3,87.59,20464131,Приморский,Коломяжский проспект,13к3,Пионерская,297024100
3840,2,24,3,103.5,20500070,Приморский,проспект Королева,65,Комендантский проспект,294844854
3841,7,7,3,88.51,20415000,Выборгский,Шувалово-Озерки,,,298609258
3842,6,19,3,90.52,20579912,Приморский,Коломяжский проспект,13,Пионерская,297025024
3843,8,11,3,92.25,20690000,Центральный,Днепропетровская ,5,Лиговский проспект,294879370
3844,10,12,3,81.24,20775099,Московский,Звёздное,,Звездная,298641991
3845,2,13,3,84.35,20624000,Калининский,Академическое,,Политехническая,292207480
3846,8,18,3,96.6,20769000,Василеостровский,бульвар Головнина,3к1,Горный институт,294573098
3847,13,14,3,88.15,20671175,Василеостровский,Гавань,,Приморская,294660441
3848,13,14,3,86.23,20617593,Василеостровский,Гавань,,Приморская,294660540
3849,5,18,3,96.3,20704500,Василеостровский,бульвар Головнина,3к1,Горный институт,294573211
3850,2,8,3,82.5,20706993,Московский,Лиговский проспект,287,Московские ворота,298657889
3851,17,18,3,90.73,20666700,Московский,м. Ленинский проспект,,Ленинский проспект,293304489
3852,16,17,3,83.32,20723622,Невский,Октябрьская набережная,11Б,Пролетарская,297359508
3853,3,5,3,87.1,20650000,Центральный,Невский проспект,51,Маяковская,295694937
3854,3,5,3,75.0,20790000,Центральный,Волоколамский переулок,1,Лиговский проспект,299183851
3855,2,17,3,85.93,20740860,Калининский,Финляндский,,,294621513
3856,2,8,3,71.1,20975000,Василеостровский,Гавань,,Приморская,295198264
3857,3,11,3,86.6,20958000,Калининский,Академическое,,Академическая,289350303
3858,5,13,3,87.53,20833000,Калининский, Академика Константинова,1к1,Академическая,297263179
3859,3,11,3,85.43,20931000,Калининский, Академика Константинова,1к1,Академическая,298534369
3860,6,12,3,83.74,20823626,Приморский,проспект Авиаконструкторов,54,Комендантский проспект,266867977
3861,2,19,3,96.05,20898237,Приморский,Коломяжский проспект,13,Пионерская,299571701
3862,6,12,3,66.0,20800000,Московский, Решетникова,29,Электросила,297797951
3863,5,18,3,97.6,20984000,Василеостровский,бульвар Головнина,3к1,Горный институт,294573194
3864,3,3,3,84.0,20900000,Адмиралтейский,2-я Красноармейская ,13,Технологический институт,297557960
3865,2,16,3,103.2,21150169,Приморский,аллея Арцеуловская,15,Комендантский проспект,291984385
3866,9,13,3,75.2,21056000,Калининский, Академика Константинова,1к1,Академическая,294618030
3867,2,12,3,93.28,21081564,Московский,Звёздное,,Звездная,277319810
3868,3,12,3,71.4,21063000,Василеостровский,Гавань,,Приморская,295198676
3869,2,13,3,71.6,21122000,Василеостровский,Гавань,,Приморская,295198058
3870,2,13,3,87.06,21156000,Калининский, Академика Константинова,1к1,Академическая,297263175
3871,7,13,3,86.29,21228000,Калининский,Академическое,,Академическая,293207187
3872,3,13,3,88.63,21139000,Калининский,Академическое,,Политехническая,278810160
3873,2,4,3,105.02,21050051,Петродворцовый,,,Автово,295505887
3874,2,8,3,86.3,21143877,Московский,Лиговский проспект,287,Московские ворота,298657926
3875,17,17,3,85.1,21166349,Невский,Октябрьская набережная,11Б,Пролетарская,297359509
3876,1,12,3,85.9,21241953,Василеостровский,Гавань,1,Приморская,279628295
3877,10,17,3,89.25,21163380,Калининский,Финляндский,,,294622095
3878,2,17,3,90.1,21051024,Калининский,Финляндский,,,294622014
3879,2,12,3,86.78,21128327,Выборгский,Светлановское,,Удельная,293271745
3880,2,25,3,88.54,21137138,Приморский,Богатырский проспект,2А,Пионерская,297024805
3881,8,19,3,71.68,21415000,Василеостровский,Морской,,Горный институт,294481360
3882,2,9,3,78.17,21259999,Адмиралтейский, Шкапина,43-45,Балтийская,299481486
3883,14,15,3,88.4,21366280,Невский,Октябрьская набережная,57к3,Елизаровская,294544489
3884,2,4,3,98.1,21360000,Курортный, Тарховская,84Б,Зенит,299315567
3885,1,6,3,76.6,21256500,Выборгский,Зеленогорская ,3,Удельная,298198034
3886,5,11,3,89.5,21340000,Центральный,Днепропетровская ,7,Лиговский проспект,293426149
3887,10,10,3,87.7,21335000,Василеостровский,проспект Малый Васильевского острова,54к2,Горный институт,268140010
3888,2,5,3,93.75,21562500,Выборгский, Береговая,12,Проспект Просвещения,294140959
3889,1,5,3,102.63,21501000,Курортный,,,Зенит,292533533
3890,2,5,3,99.42,21469000,Курортный,,,Зенит,292533515
3891,2,12,3,97.7,21648146,Московский,Черниговская ,17,Московские ворота,298657755
3892,2,12,3,94.1,21464163,Московский,Черниговская ,17,Московские ворота,298657704
3893,6,16,3,99.9,21500000,Приморский, Савушкина,127,Беговая,287392183
3894,3,10,3,94.0,21500000,Красносельский, Адмирала Коновалова,2-4,Проспект Ветеранов,277257698
3895,8,17,3,88.12,21527220,Калининский,Финляндский,,,298151221
3896,6,19,3,96.86,21660109,Приморский,Коломяжский проспект,13,Пионерская,299571710
3897,4,12,3,96.8,21843291,Московский,Черниговская ,17,Московские ворота,298657764
3898,5,19,3,105.2,21700000,Московский, Парфеновская,17,Московские ворота,298657098
3899,7,8,3,68.2,21824000,Василеостровский,Гавань,,Приморская,295198455
3900,9,11,3,79.66,21668000,Калининский,Академическое,,Академическая,292207557
3901,15,15,3,90.4,21876800,Невский,Октябрьская набережная,57к3,Елизаровская,294544495
3902,5,12,3,84.36,21800000,Выборгский,Большой Сампсониевский проспект,70к3,Выборгская,292991790
3903,3,8,3,78.5,21805716,Московский,Черниговская ,13к2,Московские ворота,298657966
3904,2,19,3,109.3,21883945,Московский, Парфеновская,17,Московские ворота,298657009
3905,15,18,3,98.9,21886330,Московский,м. Ленинский проспект,,Ленинский проспект,293304616
3906,4,11,3,90.63,21933000,Калининский,Академическое,,Академическая,289350329
3907,2,13,3,91.31,21915000,Калининский, Академика Константинова,1к1,Академическая,283448897
3908,11,18,3,105.2,22092000,Василеостровский,бульвар Александра Грина,2к2,Приморская,294573304
3909,2,19,3,78.03,22039999,Василеостровский,Морской,,,299505988
3910,8,10,3,91.8,22000000,Фрунзенский,Днепропетровская ,65,Обводный канал,296604378
3911,6,18,3,87.7,22000000,Приморский,Фермское шоссе,14к1,Удельная,298755301
3912,4,13,3,90.69,22223339,Калининский,Полюстровский проспект,,Лесная,298022270
3913,2,12,3,74.1,22230000,Василеостровский,Гавань,,Приморская,295198648
3914,2,23,3,135.2,22211960,Выборгский,дорога Ольгинская,,Парнас,298864203
3915,6,13,3,89.69,22244000,Калининский, Академика Константинова,1к1,Академическая,297263189
3916,12,13,3,82.9,22259000,Калининский,Академическое,,Политехническая,278810469
3917,1,5,3,103.91,22285000,Курортный,,,Зенит,292533536
3918,9,23,3,102.71,22100007,Невский,Невский,,Проспект Большевиков,298589073
3919,7,18,3,100.5,22110000,Василеостровский,бульвар Александра Грина,2к2,Приморская,296079713
3920,6,18,3,105.5,22155000,Василеостровский,бульвар Александра Грина,2к2,Приморская,294573300
3921,13,19,3,103.1,22280618,Московский, Парфеновская,17,Московские ворота,298657046
3922,2,7,3,101.59,22203000,Выборгский,Шувалово-Озерки,,,298609260
3923,4,20,3,85.8,22379999,Василеостровский, Челюскина,8,,287253517
3924,2,13,3,93.12,22349000,Калининский, Академика Константинова,1к1,Академическая,289786762
3925,5,11,3,89.46,22365000,Калининский, Академика Константинова,1к1,Академическая,298534387
3926,6,13,3,92.4,22500000,Калининский,Академическое,,Политехническая,295768836
3927,8,14,3,94.02,22309999,Красногвардейский,проспект Энергетиков,2,,291004611
3928,7,25,3,101.1,22500000,Выборгский, Композиторов,12,Проспект Просвещения,297155703
3929,2,9,3,89.14,22300332,Выборгский,Светлановское,,Удельная,296659538
3930,9,17,3,88.79,22352653,Невский,Октябрьская набережная,11Б,Пролетарская,297359658
3931,15,17,3,90.56,22531047,Невский,Октябрьская набережная,11Б,Пролетарская,297359491
3932,2,12,3,79.6,22482303,Василеостровский,Гавань,1,Приморская,291846335
3933,10,13,3,77.6,22376368,Приморский,Студенческая ,14к2,Лесная,299384031
3934,2,5,3,100.77,22665000,Курортный,,,Зенит,292533518
3935,3,4,3,90.3,22700000,Центральный,Стремянная ,2/4,Достоевская,290781470
3936,2,12,3,101.4,22703891,Московский,Черниговская ,17,Московские ворота,298657709
3937,2,12,3,78.39,22650045,Василеостровский,Уральская ,,Василеостровская,295387827
3938,12,13,3,99.8,22571478,Приморский,Юнтолово,,Беговая,297293936
3939,2,12,3,104.85,22723407,Московский,Звёздное,,Звездная,298641885
3940,2,12,3,102.16,22654478,Московский,Звёздное,,Звездная,298641762
3941,4,5,3,81.2,22900000,Центральный,Большая Конюшенная ,3,Адмиралтейская,298962706
3942,2,6,3,75.3,22967000,Василеостровский,Гавань,,Приморская,295198931
3943,4,23,3,105.5,22840750,Невский,Октябрьская набережная,57к3,Елизаровская,294544538
3944,2,23,3,107.0,22769600,Невский,Октябрьская набережная,57к3,Елизаровская,294544522
3945,4,12,3,100.1,22819131,Московский,Черниговская ,17,Московские ворота,298657728
3946,18,18,3,101.26,22890417,Московский,м. Ленинский проспект,,Ленинский проспект,297951707
3947,12,13,3,92.1,22927174,Приморский,Юнтолово,,Беговая,297292985
3948,11,12,3,80.7,22915168,Фрунзенский,Волковское,4,Обводный канал,294724107
3949,3,12,3,76.2,23241000,Василеостровский,Гавань,,Приморская,295198665
3950,3,23,3,89.6,23179404,Выборгский,Шувалово-Озерки,,Проспект Просвещения,295748649
3951,7,18,3,103.1,23197500,Василеостровский,бульвар Александра Грина,2к2,Приморская,296079711
3952,9,18,3,110.1,23121000,Василеостровский,бульвар Александра Грина,2к2,Приморская,294573275
3953,6,18,3,110.5,23205000,Василеостровский,бульвар Александра Грина,2к2,Приморская,294573299
3954,3,12,3,92.4,23022995,Московский,Черниговская ,17,Московские ворота,298657747
3955,1,9,3,96.0,23000000,Фрунзенский,Будапештская ,8к4,Международная,262891116
3956,8,12,3,82.4,23170880,Фрунзенский,Волковское,4,Обводный канал,287469061
3957,12,12,3,90.38,23232179,Выборгский,Светлановское,,Удельная,293271473
3958,3,9,3,82.94,23369999,Адмиралтейский, Шкапина,43-45,Балтийская,299481421
3959,4,13,3,97.2,23400371,Калининский,Полюстровский проспект,,Лесная,298022318
3960,2,13,3,98.35,23405892,Калининский,Полюстровский проспект,,Лесная,298022310
3961,10,12,3,71.6,23270000,Василеостровский,Гавань,,Приморская,295198793
3962,6,13,3,95.34,23359000,Калининский, Академика Константинова,1к1,Академическая,295287488
3963,10,13,3,88.38,23377000,Калининский,Академическое,,Политехническая,294618134
3964,12,23,3,103.4,23358060,Невский,Октябрьская набережная,57к3,Елизаровская,294544681
3965,2,9,3,86.38,23379999,Адмиралтейский, Шкапина,43-45,Балтийская,299481489
3966,2,19,3,86.72,23279999,Василеостровский,Морской,,,299606277
3967,1,4,3,148.0,23260000,Курортный, Тарховская,84Б,Зенит,299315547
3968,5,6,3,80.1,23389200,Выборгский,Зеленогорская ,3,Удельная,298198018
3969,6,6,3,69.0,23400000,Центральный, Маяковского,3,Маяковская,299241251
3970,11,12,3,93.25,23339543,Приморский, Плесецкая,2,Комендантский проспект,292291410
3971,4,13,3,98.95,23525015,Калининский,Полюстровский проспект,,Лесная,298022269
3972,14,14,3,84.1,23556410,Василеостровский,набережная Миклухо-Маклая,1к1,Горный институт,294706816
3973,2,10,3,90.45,23500673,Выборгский,Светлановский проспект,12к1,Удельная,296054879
3974,7,18,3,104.3,23467500,Василеостровский,бульвар Александра Грина,2к2,Приморская,296079709
3975,11,18,3,112.6,23646000,Василеостровский,бульвар Александра Грина,2к2,Приморская,292856750
3976,10,17,3,92.4,23587498,Невский,Октябрьская набережная,11Б,Пролетарская,297359659
3977,11,12,3,73.8,23562052,Василеостровский,Гавань,1,Приморская,290945874
3978,1,9,3,81.7,23538587,Адмиралтейский,Измайловское,к 2.2,Балтийская,290945742
3979,4,12,3,98.28,23484006,Приморский, Плесецкая,2,Комендантский проспект,275720484
3980,15,24,3,88.5,23500000,Московский,проспект Космонавтов,61к1,Звездная,299314732
3981,4,11,3,97.93,23700000,Калининский,Академическое,,Академическая,289350317
3982,3,18,3,116.6,23903000,Василеостровский,бульвар Александра Грина,2к2,Приморская,294573282
3983,16,17,3,94.26,23787523,Невский,Октябрьская набережная,11Б,Пролетарская,297359507
3984,10,12,3,84.1,23700000,Выборгский, Александра Матросова,8к1,Лесная,298392607
3985,3,6,3,102.0,23900000,Центральный,3-я Советская ,21/4,Площадь Александра Невского,286347205
3986,2,14,3,90.03,23859999,Красногвардейский,проспект Энергетиков,2,,291004582
3987,10,12,3,94.13,24196116,Выборгский,Светлановское,,Удельная,293271479
3988,4,6,3,77.6,24056000,Василеостровский,Гавань,,Приморская,295198961
3989,4,6,3,76.8,24192000,Василеостровский,Гавань,,Приморская,295197959
3990,4,11,3,100.05,24113000,Калининский,Академическое,,Академическая,293207164
3991,9,13,3,92.66,23953000,Калининский,Академическое,,Политехническая,278810401
3992,6,23,3,88.5,24062504,Выборгский,Шувалово-Озерки,,Проспект Просвещения,295748682
3993,2,4,3,95.9,24166800,Красносельский,проспект Патриотов,33,,296569848
3994,2,18,3,120.6,24120000,Василеостровский,бульвар Головнина,3к1,Горный институт,294573174
3995,4,14,3,88.92,24199999,Красногвардейский,проспект Энергетиков,2,,291004617
3996,8,12,3,88.8,24228192,Фрунзенский,Волковское,4,Обводный канал,292514253
3997,2,4,3,119.8,24200000,Курортный, Тарховская,84Б,Зенит,299315564
3998,2,4,3,120.7,24200000,Курортный, Тарховская,84Б,Зенит,299315561
3999,5,6,3,86.5,24349750,Выборгский,Зеленогорская ,3,Удельная,298197988
4000,7,18,3,105.3,24219000,Василеостровский,бульвар Головнина,3к1,Горный институт,297709759
4001,3,18,3,119.0,24395000,Василеостровский,бульвар Головнина,3к1,Горный институт,294573167
4002,9,9,3,81.3,24268050,Выборгский,Светлановский проспект,45,Политехническая,299252983
4003,2,14,3,92.71,24289999,Красногвардейский,проспект Энергетиков,2,,288171977
4004,6,12,3,91.56,24423630,Выборгский,Светлановское,,Удельная,293271592
4005,5,13,3,77.9,24539000,Василеостровский,Гавань,,Приморская,295198061
4006,6,13,3,103.7,24629000,Выборгский,Лиственная ,20к2,Озерки,274590055
4007,11,13,3,103.1,24487000,Выборгский,Лиственная ,20к2,Озерки,293207368
4008,4,12,3,102.64,24608967,Приморский, Плесецкая,4,Комендантский проспект,275720147
4009,1,9,3,81.7,24444803,Адмиралтейский,Измайловское,к 2.1,Балтийская,295870076
4010,1,7,3,89.1,24632051,Адмиралтейский,Измайловское,к 2.2,Балтийская,290945735
4011,4,12,3,102.63,24523439,Приморский, Плесецкая,2,Комендантский проспект,275720528
4012,2,11,3,77.67,24636147,Московский,Благодатная ,50,Электросила,267475627
4013,2,8,3,105.5,24566632,Красносельский,проспект Патриотов,35,Проспект Ветеранов,296258548
4014,2,12,3,94.93,24401756,Выборгский,Светлановское,,Удельная,293271478
4015,2,12,3,101.24,24648903,Выборгский,Светлановское,,Удельная,293271890
4016,3,11,3,102.71,24651000,Калининский,Академическое,,Академическая,293207055
4017,8,13,3,96.6,24710000,Выборгский,Лиственная ,20к2,Озерки,299255835
4018,12,13,3,104.5,24819000,Выборгский,Лиственная ,20к2,Озерки,274590039
4019,14,19,3,99.1,24875370,Московский, Парфеновская,17,Московские ворота,298657114
4020,2,9,3,80.0,24823520,Адмиралтейский,Измайловское,к 2.2,Балтийская,291240202
4021,3,12,3,88.1,24748611,Фрунзенский,Волковское,4,Обводный канал,277372718
4022,3,14,3,101.55,24990000,Адмиралтейский,бульвар Измайловский,9,Фрунзенская,292308447
4023,5,12,3,79.2,24948000,Василеостровский,Гавань,,Приморская,295198701
4024,3,9,3,91.24,25039999,Адмиралтейский, Шкапина,43-45,Балтийская,299481445
4025,4,8,3,83.3,24990000,Центральный,Херсонская ,43/12,Площадь Александра Невского,299370271
4026,18,18,3,124.5,24900000,Выборгский,Выборгское шоссе,5к1И,Озерки,299557221
4027,2,9,3,80.0,24928800,Адмиралтейский,Измайловское,к 2.1,Балтийская,292512722
4028,2,8,3,95.8,25108222,Красносельский,проспект Патриотов,33,,297300050
4029,3,12,3,97.36,25026388,Выборгский,Светлановское,,Удельная,293271609
4030,19,22,3,82.0,24900000,Московский,Варшавская ,19к5,Электросила,298731193
4031,6,12,3,78.33,25386753,Выборгский,Сампсониевское,,Выборгская,299465296
4032,5,13,3,103.94,25206000,Калининский,Академическое,,Политехническая,286211639
4033,2,12,3,78.91,25172290,Выборгский,Сампсониевское,,Выборгская,299465291
4034,6,6,3,78.5,25316250,Выборгский,Зеленогорская ,3,Удельная,299372497
4035,2,4,3,96.7,25335400,Красносельский,проспект Патриотов,33,,296569857
4036,6,19,3,93.19,25161300,Московский,Гагаринское,,,295853486
4037,18,18,3,87.2,25326705,Адмиралтейский,бульвар Измайловский,9,Фрунзенская,299459363
4038,15,17,3,96.76,25181361,Невский,Октябрьская набережная,11Б,Пролетарская,297359652
4039,2,7,3,86.7,25329578,Адмиралтейский,Измайловское,к 2.2,Балтийская,293408417
4040,3,12,3,81.38,25200415,Василеостровский,Уральская ,,Василеостровская,296780008
4041,6,14,3,92.37,25279999,Красногвардейский,проспект Энергетиков,2,,291004602
4042,3,8,3,104.5,25377552,Красносельский,проспект Патриотов,35,Проспект Ветеранов,296258507
4043,2,12,3,98.44,25304002,Выборгский,Светлановское,,Удельная,293271618
4044,4,11,3,106.74,25618000,Калининский,Академическое,,Академическая,293207073
4045,2,5,3,94.4,25600000,Приморский,1-я Утиная ,32,Озерки,298680780
4046,9,12,3,68.29,25500000,Московский,Московская застава,,Бухарестская,286808815
4047,6,6,3,87.9,25491000,Выборгский,Зеленогорская ,3,Удельная,298198005
4048,13,17,3,94.71,25599471,Невский,Октябрьская набережная,11Б,Пролетарская,297359642
4049,3,7,3,86.7,25508874,Адмиралтейский,Измайловское,к 2.1,Балтийская,290945806
4050,1,7,3,89.1,25486342,Адмиралтейский,Измайловское,к 2.1,Балтийская,296794264
4051,5,7,3,79.7,25500000,Центральный,Днепропетровская ,37,Лиговский проспект,299482020
4052,14,16,3,93.4,25500000,Выборгский, Композиторов,22к4,Проспект Просвещения,299251078
4053,2,6,3,84.8,25864000,Василеостровский,Гавань,,Приморская,295198925
4054,3,13,3,107.1,25919000,Выборгский,Лиственная ,20к2,Озерки,293207354
4055,2,4,3,126.9,25650000,Курортный, Тарховская,84Б,Зенит,299315565
4056,1,9,3,81.7,25742689,Адмиралтейский,Измайловское,к1,Балтийская,278054280
4057,7,12,3,104.32,25803552,Выборгский,Светлановское,,Удельная,293271634
4058,2,12,3,86.56,25800160,Василеостровский,Уральская ,,Василеостровская,295387793
4059,2,6,3,101.0,25800000,Василеостровский,переулок Тучков,3,Василеостровская,293163775
4060,9,16,3,98.9,25800000,Красносельский,Петергофское шоссе,53,Ленинский проспект,297488821
4061,6,9,3,94.0,25950000,Выборгский,Большой Сампсониевский проспект,69к4,Лесная,292405508
4062,6,13,3,95.4,25997000,Выборгский,Лиственная ,20к2,Озерки,290580261
4063,6,6,3,83.8,26145600,Выборгский,Зеленогорская ,3,Удельная,298198024
4064,1,9,3,97.5,25973610,Адмиралтейский,Измайловское,к 2.2,Балтийская,290945731
4065,2,6,3,101.08,26150002,Василеостровский,Уральская ,,Василеостровская,296780011
4066,16,16,3,90.73,26402430,Василеостровский,Гавань,,Приморская,298049992
4067,2,12,3,83.96,26304668,Выборгский,Сампсониевское,,Выборгская,299465305
4068,2,10,3,107.09,26250222,Выборгский,Светлановский проспект,12к1,Удельная,298674049
4069,7,10,3,122.5,26400000,Выборгский,Выборгское шоссе,5к1Д,Озерки,289196048
4070,8,12,3,79.1,26409117,Василеостровский,Гавань,1,Приморская,278054314
4071,2,12,3,89.31,26300232,Василеостровский,Уральская ,,Василеостровская,295387748
4072,2,11,3,84.39,26603948,Московский,Благодатная ,50,Электросила,275655546
4073,3,11,3,104.59,26671000,Калининский, Академика Константинова,1к1,Академическая,298534317
4074,8,13,3,107.5,26607000,Выборгский,Лиственная ,20к2,Озерки,293207360
4075,7,25,3,85.3,26500000,Московский,Дунайский проспект,14к1,Звездная,297246872
4076,4,4,3,145.6,26500000,Курортный, Тарховская,84Б,Зенит,299315537
4077,1,4,3,105.9,26686800,Красносельский,проспект Патриотов,33,,296569922
4078,8,9,3,78.3,26658644,Адмиралтейский,Измайловское,к 2.2,Балтийская,298768008
4079,1,9,3,97.5,26468520,Адмиралтейский,Измайловское,к 2.1,Балтийская,290945805
4080,2,12,3,90.49,26500041,Василеостровский,Уральская ,,Василеостровская,295387750
4081,3,6,3,100.37,26500389,Василеостровский,Уральская ,,Василеостровская,296780009
4082,6,12,3,95.91,26499933,Приморский,проспект Авиаконструкторов,54,Комендантский проспект,266867241
4083,1,8,3,105.9,26695272,Красносельский,проспект Патриотов,33,,297300154
4084,2,17,3,105.35,26600875,Выборгский,Большой Сампсониевский проспект,77,Лесная,299273049
4085,8,13,3,99.9,26463809,Приморский,Студенческая ,14к1,Лесная,278767295
4086,7,7,3,114.97,26520000,Выборгский,Шувалово-Озерки,,,298609102
4087,6,11,3,85.2,26838000,Адмиралтейский,набережная Обводного Канала,108,Фрунзенская,298721635
4088,11,11,3,101.96,26714000,Калининский,Академическое,,Академическая,289350401
4089,2,12,3,91.96,26800776,Василеостровский,Уральская ,,Василеостровская,295387801
4090,11,18,3,79.04,26989999,Василеостровский,Морской,,,294180871
4091,7,19,3,96.12,26913600,Московский,Гагаринское,,,295884221
4092,10,18,3,127.7,26817000,Василеостровский,бульвар Александра Грина,2к2,Приморская,298345098
4093,4,11,3,85.26,26878215,Московский,Благодатная ,50,Электросила,289060872
4094,1,9,3,99.1,26968083,Адмиралтейский,Измайловское,к 2.2,Балтийская,290945730
4095,1,9,3,117.0,26700921,Выборгский, Александра Матросова,3,Лесная,296753871
4096,12,12,3,90.06,26747820,Приморский, Плесецкая,6,Комендантский проспект,275720094
4097,5,8,3,96.2,26936000,Адмиралтейский,Подъездной переулок,12,Пушкинская,298923197
4098,2,12,3,90.91,26800768,Василеостровский,Уральская ,,Василеостровская,295028929
4099,2,8,3,102.8,26941824,Красносельский,проспект Патриотов,33,,297687695
4100,2,6,3,80.2,26949800,Курортный,дорога Таможенная,11к1с4,Беговая,293980696
4101,5,7,3,86.7,27130684,Адмиралтейский,Измайловское,к1,Балтийская,274416466
4102,3,7,3,107.91,27000646,Выборгский,Светлановское,,Удельная,296054884
4103,3,13,3,109.4,27077000,Выборгский,Лиственная ,20к2,Озерки,291308879
4104,1,4,3,179.3,27050000,Курортный, Тарховская,84Б,Зенит,299315551
4105,12,12,3,88.5,27061884,Василеостровский,Гавань,1,Приморская,282740893
4106,6,9,3,80.0,27072000,Адмиралтейский,Измайловское,к1,Балтийская,283176999
4107,5,8,3,104.3,27126344,Красносельский,проспект Патриотов,35,Проспект Ветеранов,296258470
4108,4,9,3,82.07,27160110,Василеостровский,7-я Васильевского острова линия,84,Василеостровская,291703854
4109,3,12,3,101.22,27511596,Приморский,проспект Авиаконструкторов,54,Комендантский проспект,266867533
4110,3,12,3,85.74,27488244,Выборгский,Сампсониевское,,Выборгская,299465245
4111,1,6,3,106.7,27528600,Выборгский,Зеленогорская ,3,Удельная,298198007
4112,2,19,3,96.21,27389999,Василеостровский,Морской,,,299505990
4113,8,9,3,79.0,27461348,Адмиралтейский,Измайловское,к1,Балтийская,276272572
4114,5,12,3,88.32,27500375,Василеостровский,Уральская ,,Василеостровская,295387774
4115,12,12,3,92.64,27514080,Приморский, Плесецкая,6,Комендантский проспект,275720126
4116,2,8,3,97.4,27475566,Красносельский,проспект Патриотов,33,,297300116
4117,19,27,3,123.1,27360000,Приморский,Планерная ,63к1,Комендантский проспект,299121813
4118,23,23,3,93.9,27704829,Выборгский, Шостаковича,8к2Б2,Проспект Просвещения,295748204
4119,23,23,3,94.0,27734333,Выборгский,Шувалово-Озерки,,Проспект Просвещения,295748724
4120,7,8,3,83.5,27555000,Центральный,Херсонская ,43/12,Площадь Александра Невского,299370272
4121,9,12,3,82.8,27580680,Выборгский,Сампсониевское,,Выборгская,299465321
4122,3,9,3,105.4,27700068,Выборгский, Александра Матросова,1,Лесная,296753826
4123,2,9,3,84.99,27710110,Василеостровский,7-я Васильевского острова линия,84,Василеостровская,291703893
4124,11,13,3,107.5,28058000,Калининский,Академическое,,Академическая,293207227
4125,6,8,3,70.31,28018535,Петроградский,Ремесленная ,,Спортивная,294544969
4126,1,8,3,83.77,27920541,Петроградский,Петровский,,Чкаловская,294545255
4127,23,23,3,99.9,28034208,Выборгский, Шостаковича,8к2Б2,Проспект Просвещения,295748206
4128,3,12,3,88.4,28075840,Выборгский,Сампсониевское,,Выборгская,299465467
4129,5,12,3,86.69,28052884,Выборгский,Сампсониевское,,Выборгская,299465252
4130,18,18,3,127.4,28028000,Василеостровский,бульвар Александра Грина,2к2,Приморская,294573333
4131,3,9,3,86.06,27919376,Василеостровский,7-я Васильевского острова линия,84,Василеостровская,291703853
4132,8,9,3,99.2,28050883,Выборгский, Александра Матросова,1,Лесная,296753836
4133,12,12,3,94.57,28087290,Приморский, Плесецкая,6,Комендантский проспект,276977337
4134,2,8,3,98.9,28052856,Красносельский,проспект Патриотов,35,Проспект Ветеранов,296258464
4135,5,11,3,108.62,28242000,Калининский, Академика Константинова,1к1,Академическая,298534331
4136,23,23,3,100.3,28146457,Выборгский,Шувалово-Озерки,,Проспект Просвещения,295748726
4137,8,9,3,99.8,28250186,Выборгский, Александра Матросова,3,Лесная,299266560
4138,4,9,3,84.2,28343365,Василеостровский,7-я Васильевского острова линия,84,Василеостровская,291703907
4139,3,8,3,81.49,28440010,Петроградский,Ремесленная ,,Спортивная,294544960
4140,14,14,3,103.2,28627680,Василеостровский,набережная Миклухо-Маклая,1к1,Горный институт,294660795
4141,16,18,3,75.94,28619999,Василеостровский,Морской,,,299606317
4142,1,12,3,90.72,28594944,Выборгский,Сампсониевское,,Выборгская,299465385
4143,2,10,3,95.0,28364888,Приморский,Белоостровская ,28,Черная речка,298657315
4144,3,9,3,114.4,28600228,Выборгский, Александра Матросова,1,Лесная,296753864
4145,2,11,3,95.8,28435356,Московский,Благодатная ,50,Электросила,267475714
4146,3,5,3,96.31,28893000,Курортный, Инструментальщиков,18,Беговая,299233997
4147,2,6,3,85.7,28710000,Василеостровский,Гавань,,Приморская,295197974
4148,9,13,3,109.5,28744000,Выборгский,Лиственная ,20к2,Озерки,293207361
4149,16,16,3,104.47,28885955,Василеостровский,Гавань,,Приморская,298050001
4150,3,10,3,92.6,28890000,Красногвардейский,Большая Охта,,Площадь Ленина,277296493
4151,3,10,3,107.1,28920000,Красногвардейский,Большая Охта,,Площадь Ленина,277296387
4152,11,12,3,90.1,28832000,Приморский,Белоостровская ,7,Лесная,298198119
4153,2,4,3,101.9,28735800,Красносельский,проспект Патриотов,33,,296569893
4154,8,12,3,86.8,28795000,Приморский,Белоостровская ,7,Лесная,295734465
4155,4,9,3,110.8,28697200,Выборгский,Светлановский проспект,45,Политехническая,299252965
4156,12,12,3,93.28,28711584,Приморский,проспект Авиаконструкторов,54,Комендантский проспект,266867439
4157,2,8,3,102.1,28800368,Красносельский,проспект Патриотов,33,,297300139
4158,3,9,3,87.1,28848816,Василеостровский,7-я Васильевского острова линия,84,Василеостровская,291720445
4159,4,8,3,92.05,29179850,Петроградский,Ремесленная ,,Спортивная,295135140
4160,16,16,3,105.55,29079025,Василеостровский,Гавань,,Приморская,298050000
4161,5,6,3,92.8,29139200,Выборгский,Зеленогорская ,3,Удельная,298198046
4162,3,12,3,106.87,29047266,Приморский,проспект Авиаконструкторов,54,Комендантский проспект,266866827
4163,11,12,3,83.0,29050000,Приморский,Белоостровская ,7,Лесная,299247046
4164,2,9,3,118.7,29437600,Выборгский,Светлановский проспект,45,Политехническая,299252945
4165,1,4,3,199.9,29350000,Курортный, Тарховская,84Б,Зенит,299315553
4166,1,4,3,200.7,29350000,Курортный, Тарховская,84Б,Зенит,299315550
4167,4,23,3,112.97,29372200,Московский,Гагаринское,,,295179775
4168,9,9,3,93.11,29252328,Калининский,Лесной проспект,,Выборгская,298658280
4169,5,10,3,109.6,29301869,Приморский,Белоостровская ,28,Черная речка,298657363
4170,4,10,3,109.4,29428007,Приморский,Белоостровская ,28,Черная речка,298657461
4171,8,9,3,79.0,29317848,Адмиралтейский,Измайловское,к 2.1,Балтийская,295870055
4172,10,12,3,94.7,29357000,Приморский,Белоостровская ,7,Лесная,299335942
4173,10,11,3,103.03,29363550,Московский, Решетникова,29,Электросила,267975655
4174,8,14,3,113.03,29519999,Красногвардейский,проспект Энергетиков,2,,291004607
4175,2,6,3,87.73,29439170,Курортный,дорога Таможенная,11к1с4,Беговая,293980695
4176,5,19,3,96.21,29500000,Василеостровский,Морской,,Приморская,296056515
4177,9,13,3,110.79,29581000,Калининский,Академическое,,Академическая,293207239
4178,2,11,3,91.68,29722656,Красногвардейский, Стахановцев,1,Новочеркасская,299636478
4179,1,12,3,94.36,29591296,Выборгский,Сампсониевское,,Выборгская,299465304
4180,6,6,3,94.5,29607795,Выборгский,Зеленогорская ,3,Удельная,298198058
4181,5,9,3,112.3,29647200,Выборгский,Светлановский проспект,45,Политехническая,299252979
4182,12,12,3,101.18,29595151,Приморский, Плесецкая,2,Комендантский проспект,275720401
4183,1,9,3,98.46,29606922,Петроградский,Петроградская набережная,38,Горьковская,258156108
4184,22,23,3,102.1,30052073,Выборгский, Шостаковича,8к2Б2,Проспект Просвещения,295748212
4185,12,12,3,90.8,29964000,Приморский,Белоостровская ,7,Лесная,299592383
4186,3,9,3,115.7,29850947,Выборгский, Александра Матросова,1,Лесная,296753842
4187,7,8,3,111.3,30000000,Василеостровский,15-я Васильевского острова линия,84,Василеостровская,297234011
4188,1,6,3,117.3,29970150,Выборгский,Зеленогорская ,3,Удельная,298198027
4189,5,23,3,119.85,29962500,Московский,Гагаринское,,,286949899
4190,2,10,3,101.9,29839229,Приморский,Белоостровская ,28,Черная речка,298657183
4191,8,9,3,78.3,29911852,Адмиралтейский,Измайловское,к1,Балтийская,287651417
4192,3,9,3,87.65,29800254,Невский,Невская застава,,Елизаровская,292970851
4193,4,8,3,97.9,29898820,Красносельский,проспект Патриотов,35,Проспект Ветеранов,296258453
4194,2,9,3,89.63,29994680,Петроградский,Петроградская набережная,38,Горьковская,258156439
4195,6,8,3,89.49,30158130,Петроградский,Ремесленная ,,Спортивная,295135143
4196,4,12,3,100.39,30300362,Выборгский,Светлановское,,Удельная,297392291
4197,4,10,3,97.1,30149550,Выборгский,Светлановское,,Удельная,296753762
4198,2,11,3,105.72,30130200,Московский,Благодатная ,50,Электросила,267475755
4199,2,9,3,92.11,30377878,Петроградский,Петроградская набережная,38,Горьковская,258155972
4200,2,9,3,90.63,30329330,Петроградский,Петроградская набережная,38,Горьковская,258155777
4201,10,12,3,87.0,30450000,Приморский,Белоостровская ,7,Лесная,299315296
4202,7,19,3,115.26,30543900,Московский,Гагаринское,,,295853487
4203,10,10,3,98.0,30664872,Приморский,Белоостровская ,28,Черная речка,298657365
4204,1,9,3,97.5,30611100,Адмиралтейский,Измайловское,к1,Балтийская,279628266
4205,2,9,3,111.6,30700490,Выборгский, Александра Матросова,1,Лесная,296753862
4206,7,11,3,107.72,30700200,Московский,Благодатная ,50,Электросила,294662303
4207,11,11,3,106.96,30483600,Московский,Благодатная ,50,Электросила,294555796
4208,3,5,3,86.1,30500000,Центральный,проспект Чернышевского,13,Чернышевская,298681503
4209,3,12,3,97.59,30994584,Выборгский,Сампсониевское,,Выборгская,299465507
4210,2,12,3,98.85,30969705,Выборгский,Сампсониевское,,Выборгская,299465498
4211,3,5,3,76.77,31008938,Курортный, Инструментальщиков,18,Беговая,291779588
4212,15,23,3,114.34,30871800,Московский,Гагаринское,,,286949973
4213,13,23,3,114.56,30931200,Московский,Гагаринское,,,286949966
4214,6,9,3,114.3,30861000,Выборгский,Светлановский проспект,45,Политехническая,299252995
4215,4,10,3,91.8,30915248,Приморский,набережная Черной речки,1,Черная речка,298474370
4216,1,7,3,89.1,31005730,Адмиралтейский,Измайловское,к1,Балтийская,275536764
4217,1,9,3,102.29,30758603,Петроградский,Петроградская набережная,38,Горьковская,258155921
4218,2,9,3,93.51,30839598,Петроградский,Петроградская набережная,38,Горьковская,258156119
4219,6,9,3,86.37,30998193,Петроградский,Петроградская набережная,38,Горьковская,258156508
4220,13,13,3,100.3,31344000,Выборгский,Лиственная ,20к2,Озерки,274971647
4221,4,4,3,194.0,31300000,Курортный, Тарховская,84Б,Зенит,299315542
4222,8,9,3,115.8,31050264,Выборгский, Александра Матросова,3,Лесная,296753869
4223,4,9,3,89.43,31228956,Петроградский,Петроградская набережная,38,Горьковская,258156473
4224,9,12,3,100.61,31400682,Выборгский,Светлановское,,Удельная,291085421
4225,12,13,3,100.5,31407000,Выборгский,Лиственная ,20к2,Озерки,275565760
4226,4,10,3,108.5,31620000,Красногвардейский,Большая Охта,,Площадь Ленина,277296377
4227,19,20,3,96.2,31509999,Василеостровский, Челюскина,8,,292728302
4228,4,6,3,91.97,31591695,Курортный,Приморское шоссе,,Беговая,293980723
4229,10,11,3,99.43,31538202,Московский,Благодатная ,50,Электросила,267475626
4230,7,11,3,92.57,31895480,Красногвардейский, Стахановцев,1,Новочеркасская,299636590
4231,4,4,3,189.5,31900000,Курортный, Тарховская,84Б,Зенит,299315540
4232,1,4,3,108.6,31711200,Красносельский,проспект Патриотов,33,,296569866
4233,8,16,3,113.8,31896342,Адмиралтейский,Московский проспект,71к3,Фрунзенская,292149689
4234,11,26,3,143.0,31990000,Выборгский,проспект Энгельса,93,Удельная,294815486
4235,12,12,3,103.71,31735260,Приморский, Плесецкая,2,Комендантский проспект,275720460
4236,12,12,3,105.21,31720815,Приморский, Плесецкая,4,Комендантский проспект,275720208
4237,1,8,3,108.6,31719888,Красносельский,проспект Патриотов,33,,297300167
4238,2,9,3,96.12,31700376,Петроградский,Петроградская набережная,38,Горьковская,258156111
4239,1,9,3,105.55,31738885,Петроградский,Петроградская набережная,38,Горьковская,258156106
4240,1,9,3,105.42,31699794,Петроградский,Петроградская набережная,38,Горьковская,258155966
4241,10,14,3,92.0,31900000,Василеостровский,Уральская ,21,Василеостровская,299105627
4242,2,9,3,97.28,32102400,Приморский,Чёрная речка,,Черная речка,297998319
4243,6,10,3,94.9,32247742,Приморский,набережная Черной речки,1,Черная речка,298474355
4244,12,12,3,106.29,32046435,Приморский, Плесецкая,4,Комендантский проспект,275720195
4245,2,8,3,112.6,32042992,Красносельский,проспект Патриотов,35,Проспект Ветеранов,296258560
4246,2,7,3,92.25,32638050,Приморский,Чёрная речка,,Черная речка,297998303
4247,4,4,3,101.3,32618600,Красносельский,проспект Патриотов,33,,296569899
4248,17,23,3,117.8,32336100,Московский,Гагаринское,,,286949941
4249,17,23,3,116.89,32612310,Московский,Гагаринское,,,286949883
4250,4,12,3,118.0,32312500,Приморский,Белоостровская ,7,Лесная,291806251
4251,12,12,3,106.31,32530860,Приморский, Плесецкая,2,Комендантский проспект,275720482
4252,2,11,3,118.97,32478810,Московский,Московский проспект,114Б,Московские ворота,294213908
4253,2,8,3,93.59,32803295,Петроградский,Петровский,,Чкаловская,294545216
4254,6,11,3,102.34,32902500,Красногвардейский, Стахановцев,1,Новочеркасская,299464031
4255,2,10,3,114.5,32910000,Красногвардейский,Большая Охта,,Площадь Ленина,277296396
4256,1,5,3,93.73,32732625,Курортный, Инструментальщиков,18,Беговая,293123142
4257,3,10,3,108.1,32705436,Приморский,Белоостровская ,28,Черная речка,298657145
4258,12,12,3,108.81,32806215,Приморский, Плесецкая,4,Комендантский проспект,275720163
4259,4,6,3,73.3,32985000,Василеостровский,Гавань,,Приморская,295198991
4260,1,4,3,130.8,32961600,Красносельский,проспект Патриотов,33,,296569906
4261,4,12,3,105.73,33537556,Выборгский,Сампсониевское,,Выборгская,299465564
4262,2,12,3,106.76,33501288,Выборгский,Сампсониевское,,Выборгская,299465552
4263,6,10,3,84.1,33486543,Приморский,набережная Черной речки,1,Черная речка,298474327
4264,12,12,3,108.99,33547122,Приморский,проспект Авиаконструкторов,54,Комендантский проспект,266866819
4265,2,11,3,122.92,33557160,Московский,Московская застава,,Московские ворота,294213901
4266,1,7,3,99.6,33864000,Петроградский,набережная Реки Карповки,31к2,Петроградская,284740226
4267,12,13,3,74.8,33660000,Василеостровский,Гавань,,Приморская,295198053
4268,2,9,3,112.8,33727200,Петроградский,Петровский проспект,11к3,Спортивная,294575852
4269,2,8,3,92.47,33612845,Петроградский,Петровский,,Чкаловская,294545266
4270,4,9,3,74.99,33745500,Петроградский,проспект Добролюбова,18а,Спортивная,299099161
4271,4,16,3,127.1,33733859,Адмиралтейский, Парфеновская,6к1,Фрунзенская,292149741
4272,12,12,3,109.83,33607980,Приморский, Плесецкая,2,Комендантский проспект,275720336
4273,1,7,3,100.6,34204000,Петроградский,набережная Реки Карповки,31к2,Петроградская,284740222
4274,5,7,3,90.84,34201260,Приморский,Чёрная речка,,Черная речка,297998304
4275,3,9,3,85.48,34029588,Приморский,Чёрная речка,,Черная речка,297998391
4276,4,8,3,82.73,33960665,Петроградский,Петровский,,Чкаловская,294545269
4277,5,16,3,127.5,34110860,Адмиралтейский, Парфеновская,6к1,Фрунзенская,292149739
4278,1,8,3,96.8,34066425,Петроградский,Петровский проспект,22к2,Крестовский остров,293496549
4279,5,7,3,93.6,34631991,Петроградский,набережная Реки Карповки,31к2,Горьковская,284740273
4280,9,11,3,116.31,34523134,Московский,Благодатная ,50,Электросила,299555565
4281,14,18,3,116.85,34578327,Василеостровский,Морской,,,298740043
4282,4,11,3,126.38,34501740,Московский,Московский проспект,114Б,Московские ворота,294213914
4283,2,8,3,77.2,34836036,Петроградский,набережная Реки Карповки,31к1,Петроградская,297863455
4284,3,10,3,94.12,34824400,Московский,Московский проспект,72к2,Фрунзенская,267475892
4285,3,10,3,114.0,34860000,Красногвардейский,Большая Охта,,Площадь Ленина,277296389
4286,9,10,3,97.1,34846342,Приморский,Белоостровская ,28,Черная речка,298657382
4287,2,9,3,142.9,34867600,Выборгский,Светлановский проспект,45,Политехническая,299252943
4288,3,19,3,101.96,34999999,Василеостровский,Морской,,,279508171
4289,4,9,3,89.22,35009928,Приморский,Чёрная речка,,Черная речка,297998243
4290,2,9,3,113.2,35103320,Петроградский,Петровский проспект,9к2,Спортивная,298085143
4291,3,8,3,92.54,35026390,Петроградский,Петровский,,Чкаловская,294545219
4292,2,9,3,144.2,35184800,Выборгский,Светлановский проспект,45,Политехническая,299252944
4293,12,12,3,117.23,35344845,Приморский, Плесецкая,4,Комендантский проспект,292252117
4294,4,19,3,93.8,35119999,Василеостровский,Морской,,,279508172
4295,3,9,3,96.78,35524289,Центральный,проспект Бакунина,,Площадь Александра Невского,293263696
4296,3,7,3,101.5,35525000,Петроградский,набережная Реки Карповки,31к2,Чкаловская,284740257
4297,4,9,3,96.19,35676871,Приморский,Чёрная речка,,Черная речка,297998321
4298,3,19,3,94.93,35369999,Василеостровский,Морской,,,290481176
4299,10,12,3,113.0,36000000,Приморский,Белоостровская ,7,Лесная,298198102
4300,8,10,3,89.63,35852000,Московский,Московский проспект,72к2,Фрунзенская,283504964
4301,12,12,3,117.26,35881560,Приморский, Плесецкая,2,Комендантский проспект,294834091
4302,2,9,3,109.9,36376900,Петроградский,Петровский проспект,11к2,Крестовский остров,294545948
4303,2,11,3,113.62,36119798,Красногвардейский, Стахановцев,1,Новочеркасская,299464044
4304,5,8,3,92.6,36252900,Василеостровский,,,Горный институт,296754102
4305,3,9,3,103.22,36463656,Центральный,проспект Бакунина,,Площадь Александра Невского,293263706
4306,7,9,3,118.7,36797000,Петроградский,Петровский проспект,11к2,Крестовский остров,294545972
4307,4,11,3,109.63,36638346,Красногвардейский, Стахановцев,1,Новочеркасская,299464125
4308,4,8,3,76.1,36900694,Петроградский,набережная Реки Карповки,31к1,Петроградская,297863464
4309,4,9,3,101.2,36958240,Приморский,Чёрная речка,,Черная речка,297998136
4310,1,9,3,140.7,37004100,Петроградский,Петровский проспект,9к2,Спортивная,298085181
4311,2,10,3,128.7,37110000,Красногвардейский,Большая Охта,,Площадь Ленина,277296502
4312,2,5,3,86.03,36921065,Курортный, Инструментальщиков,18,Беговая,298007307
4313,14,23,3,128.38,36973440,Московский,Гагаринское,,,297419292
4314,3,7,3,136.3,36900000,Московский,Московский проспект,,Московская,294066254
4315,6,11,3,135.51,36994230,Московский,Московская застава,,Московские ворота,294213905
4316,2,9,3,111.11,37204851,Центральный,проспект Бакунина,,Площадь Александра Невского,293263667
4317,5,9,3,98.73,37171845,Приморский,Чёрная речка,,Черная речка,297998024
4318,8,9,3,109.3,37200000,Выборгский,Нейшлотский переулок,3,Выборгская,298804861
4319,5,8,3,80.94,37272870,Петроградский,Петровский,,Чкаловская,294545277
4320,1,8,3,100.12,37334748,Петроградский,Петровский,,Чкаловская,294545249
4321,1,5,3,104.87,37505445,Курортный, Инструментальщиков,18,Беговая,293123144
4322,2,8,3,93.21,37545375,Петроградский,Пионерская ,53,Чкаловская,298529956
4323,6,8,3,92.47,37450350,Василеостровский,,,Горный институт,296795621
4324,3,7,3,85.8,37754247,Петроградский,набережная Реки Карповки,31к1,Петроградская,297863365
4325,2,9,3,108.8,37851520,Петроградский,Петровский проспект,11к3,Спортивная,294545881
4326,1,8,3,112.05,37850490,Петроградский,Петровский,,Чкаловская,294545251
4327,6,9,3,89.7,37674811,Центральный,Лиговка-Ямская,,Площадь Восстания,299131544
4328,6,6,3,116.7,38000000,Центральный, Маяковского,14,Маяковская,279090664
4329,2,9,3,108.92,38259999,Адмиралтейский, Шкапина,43-45,Балтийская,299481367
4330,1,8,3,106.3,38268000,Петроградский,Петровский проспект,26к2,Чкаловская,296753454
4331,9,10,3,88.84,38201200,Московский,Московский проспект,72к2,Фрунзенская,267475840
4332,6,9,3,101.1,38377560,Петроградский,Петровский проспект,9к2,Спортивная,298085160
4333,2,9,3,147.1,38334260,Петроградский,Петровский проспект,9к2,Спортивная,298085156
4334,3,8,3,110.4,38353197,Петроградский,Петровский проспект,22к2,Крестовский остров,298980279
4335,2,9,3,103.6,38435288,Петроградский,Аптекарский проспект,5,Петроградская,298575201
4336,3,16,3,144.6,38547396,Адмиралтейский, Парфеновская,6к1,Фрунзенская,292149732
4337,11,12,3,110.0,38430000,Приморский,Белоостровская ,7,Лесная,291806209
4338,2,7,3,124.02,38569227,Василеостровский,11-я Васильевского острова линия,56,Василеостровская,293435888
4339,7,9,3,91.78,38953174,Центральный,проспект Бакунина,,Владимирская,293263862
4340,4,7,3,84.9,38786811,Петроградский,набережная Реки Карповки,31к1,Петроградская,297863368
4341,8,9,3,105.29,39000000,Выборгский,Нейшлотский переулок,3,Выборгская,298804867
4342,7,11,3,103.88,38937600,Красногвардейский, Стахановцев,1,Новочеркасская,299636428
4343,12,23,3,128.63,38781945,Московский,Гагаринское,,,297419270
4344,4,8,3,88.04,38787523,Петроградский,Пионерская ,53,Чкаловская,298529960
4345,5,9,3,93.4,38863254,Центральный,Лиговка-Ямская,,Площадь Восстания,299131547
4346,6,9,3,106.86,38870325,Петроградский,Петроградская набережная,38,Горьковская,258156361
4347,7,10,3,97.07,38828000,Московский,Московский проспект,72к2,Фрунзенская,267475848
4348,2,9,3,151.0,39229800,Петроградский,Петровский проспект,9к2,Спортивная,298085148
4349,2,9,3,121.0,39385500,Петроградский,Петровский проспект,11к3,Спортивная,294545924
4350,7,8,3,82.43,39401540,Петроградский,Ремесленная ,,Спортивная,294544985
4351,5,9,3,67.67,39079425,Петроградский,проспект Добролюбова,18а,Спортивная,299107642
4352,10,12,3,108.25,39403000,Выборгский,Сампсониевское,,Выборгская,299465236
4353,4,8,3,88.83,39055320,Петроградский,Пионерская ,53,Чкаловская,299021186
4354,5,7,3,100.93,39059910,Василеостровский,,,Горный институт,297783640
4355,7,8,3,103.7,39342526,Петроградский,Петровский проспект,22к2,Крестовский остров,293496494
4356,2,9,3,116.5,39813749,Петроградский,проезд Петровская коса,6к1,Крестовский остров,298658059
4357,8,9,3,100.3,39839160,Петроградский,Петровский проспект,9к2,Спортивная,298085163
4358,6,8,3,107.0,39590000,Петроградский,Петровский проспект,28к2,Крестовский остров,297945686
4359,3,9,3,114.14,40249481,Центральный,проспект Бакунина,,Владимирская,293263717
4360,9,9,3,82.32,39982824,Приморский,Чёрная речка,,Черная речка,297998044
4361,7,11,3,108.83,39853546,Красногвардейский, Стахановцев,1,Новочеркасская,299464123
4362,7,9,3,98.37,40309133,Центральный,проспект Бакунина,,Площадь Александра Невского,293263877
4363,14,19,3,90.39,40409999,Василеостровский,Морской,,,279508163
4364,4,8,3,121.2,40359600,Петроградский,Петровский проспект,11к2,Крестовский остров,294640046
4365,2,8,3,95.29,40307670,Василеостровский,,,Горный институт,296754103
4366,3,9,3,155.9,40705490,Петроградский,Петровский проспект,9к2,Спортивная,298085145
4367,5,8,3,86.37,40766640,Петроградский,Петровский,,Чкаловская,294545323
4368,3,8,3,111.03,40748010,Петроградский,Петровский,,Чкаловская,294545221
4369,2,6,3,132.0,41000000,Петроградский,Аптекарский проспект,8,Петроградская,294115501
4370,2,10,3,127.56,40819200,Московский,Московский проспект,72к2,Фрунзенская,267475895
4371,8,9,3,109.89,40954904,Василеостровский,7-я Васильевского острова линия,84,Василеостровская,293425184
4372,6,9,3,112.5,41062500,Петроградский,Петровский проспект,11к2,Крестовский остров,294546013
4373,3,9,4,139.87,48842604,Петроградский, Малая Зеленина,,Чкаловская,273852790
4374,7,9,3,120.36,43197204,Петроградский,Петроградская набережная,38,Горьковская,291971004
4375,5,8,4,120.0,39900000,Петроградский,Петровский проспект,11к2,Крестовский остров,299064807
4376,6,9,4,132.69,49553081,Петроградский, Малая Зеленина,,Чкаловская,291933628
4377,7,9,4,168.96,60639744,Петроградский,Петроградская набережная,38,Горьковская,258155755
4378,6,7,3,109.0,41500000,Петроградский,Петровский,,Крестовский остров,297352031
4379,23,23,4,122.8,35382425,Выборгский,Шувалово-Озерки,,Проспект Просвещения,296810408
4380,7,9,4,141.0,83500000,Центральный,Парадная ,3к2,Чернышевская,297319476
4381,3,7,4,131.63,40936415,Василеостровский,11-я Васильевского острова линия,56,Василеостровская,293435892
4382,4,4,4,135.0,165000000,Центральный,набережная Кутузова,24,,291632305
4383,14,23,4,137.97,37251900,Московский,Гагаринское,,,286950069
4384,4,4,4,135.0,165000000,Центральный,набережная Кутузова,24,Чернышевская,292438602
4385,3,9,4,139.87,48842604,Петроградский, Малая Зеленина,,Чкаловская,273852790
4386,2,4,4,443.0,400000000,Петроградский,Чкаловское,5,,297403314
4387,10,19,4,101.8,37819999,Василеостровский,Морской,,,298848896
4388,5,8,4,212.3,101990000,Петроградский,Каменноостровский проспект,64К2,,298746817
4389,2,8,4,99.72,50358600,Петроградский,Пионерская ,53,Чкаловская,298529990
4390,4,6,4,127.6,67000000,Петроградский,Петровский проспект,2,Спортивная,299243371
4391,2,7,4,129.7,61866900,Петроградский,Петровский проспект,28к2,Крестовский остров,296753968
4392,7,7,4,222.0,104900000,Петроградский,Каменноостровский проспект,54/31,,291683449
4393,6,6,4,140.7,78510600,Московский, Гастелло,7,Московская,296753486
4394,6,6,4,200.0,275000000,Петроградский,Спортивная ,2,,297829056
4395,19,20,4,106.6,31679999,Василеостровский, Челюскина,8,,279506975
4396,3,3,4,122.7,22000000,Курортный, Мира,19,Беговая,291482300
4397,6,9,4,127.3,60496512,Центральный,Лиговка-Ямская,,Площадь Восстания,299131626
4398,4,5,4,93.2,18700000,Адмиралтейский, Егорова,28Г,Фрунзенская,296671521
4399,3,23,4,108.2,19208081,Приморский, Ивинская,1к1,Зенит,297884845
4400,9,11,4,248.0,300000000,Петроградский,Ждановская ,45,Спортивная,296471256
4401,7,8,4,120.7,88256202,Петроградский,набережная Реки Карповки,31к1,Петроградская,297863432
4402,5,6,4,170.0,85000000,Центральный,Таврическая ,5,,299599858
4403,9,9,4,189.2,87852239,Петроградский,Лодейнопольская ,7,Чкаловская,299294167
4404,7,7,4,133.7,60200000,Центральный,Стремянная ,15/1,,297310313
4405,3,27,4,112.2,18299820,Выборгский,проезд Толубеевский,36к2,,297360931
4406,9,9,4,153.0,92500000,Петроградский,Петровский проспект,11к3,,291499936
4407,14,18,4,115.09,37409999,Василеостровский,Морской,,,299606402
4408,2,5,4,190.5,140000000,Петроградский,Морской проспект,28,,299521413
4409,8,9,4,109.71,40976685,Василеостровский,7-я Васильевского острова линия,84,Василеостровская,293425149
4410,1,5,4,178.5,105000000,Петроградский,Чкаловское,5,,290502429
4411,7,9,4,168.96,60639744,Петроградский,Петроградская набережная,38,Горьковская,258155755
4412,3,4,4,280.0,392000000,Центральный,набережная Кутузова,24,,299519150
4413,5,12,4,122.0,37149000,Приморский,Белоостровская ,7,Лесная,291806189
4414,4,8,4,228.13,200000000,Петроградский,Вязовая ,8,Крестовский остров,299243384
4415,2,9,4,134.1,44181013,Центральный,проспект Бакунина,,Площадь Восстания,293263674
4416,4,8,4,204.0,83950000,Петроградский,Петровский проспект,11к2,,287817163
4417,4,8,4,118.1,37792000,Петроградский,Петровский проспект,26к2,Чкаловская,296753474
4418,16,16,4,260.0,100000000,Петроградский,Пионерская ,50,,290247521
4419,2,10,4,112.6,26855100,Выборгский,Манчестерская ,3,Удельная,296753533
4420,4,4,4,310.0,116900000,Петроградский,Константиновский проспект,26Г,Крестовский остров,298326191
4421,2,11,4,142.64,39939200,Московский,Благодатная ,50,Электросила,267475759
4422,1,6,4,78.1,18490000,Адмиралтейский,Гороховая ,58,Звенигородская,290314392
4423,2,9,4,146.8,38217912,Петроградский,Петровский проспект,9к2,Спортивная,298366945
4424,3,4,4,152.9,38900000,Адмиралтейский,Вознесенский проспект,20,Адмиралтейская,297989120
4425,2,8,4,116.56,42078160,Петроградский,Ремесленная ,,Спортивная,294545005
4426,4,4,4,129.7,140000000,Петроградский,Чкаловское,5,Крестовский остров,286846342
4427,2,6,4,164.63,99271890,Василеостровский,,,Горный институт,296754129
4428,2,9,4,142.1,142000000,Петроградский,набережная Адмирала Лазарева,22,Чкаловская,299289644
4429,2,7,4,100.34,32130000,Адмиралтейский,Малодетскосельский проспект,40,Фрунзенская,299648237
4430,3,6,4,130.0,39990000,Адмиралтейский,набережная Канала Грибоедова,85/9,Спасская,291794849
4431,12,12,4,149.08,40200913,Выборгский,Светлановское,,Удельная,284799004
4432,7,18,4,93.1,14200000,Красногвардейский,проспект Маршака,4,Девяткино,294367202
4433,15,25,4,115.31,27489801,Приморский,Коломяжский проспект,13к2,Пионерская,297024764
4434,3,5,4,90.0,17300000,Центральный,переулок Щербаков,2/58,Достоевская,294687087
4435,13,14,4,107.7,23780160,Василеостровский,набережная Миклухо-Маклая,1к1,Горный институт,298901764
4436,3,7,4,238.0,118000000,Петроградский,проезд Петровская коса,6к1,,296750916
4437,7,23,4,160.3,41000000,Московский, Ленсовета,87к3,Звездная,296738901
4438,3,4,4,102.7,13900000,Курортный, Николая Соколова,31,,297617253
4439,3,8,4,204.67,98241600,Петроградский,набережная Реки Карповки,27,Петроградская,280459375
4440,3,15,4,106.0,25000000,Московский,Свеаборгская ,12,Парк Победы,296612271
4441,25,25,4,116.93,27092681,Приморский,Коломяги,,Проспект Просвещения,298651618
4442,5,20,4,114.7,29700000,Василеостровский, Челюскина,8,Приморская,292278676
4443,4,23,4,139.6,34900000,Московский,Гагаринское,,,286949903
4444,9,11,4,112.0,30100000,Московский,Московская застава,,Электросила,284790153
4445,6,17,4,104.86,24942801,Калининский,Финляндский,,,298151244
4446,4,5,4,134.0,20494000,Пушкинский,Малиновская ,17,Звездная,295220652
4447,5,19,4,114.36,51019999,Василеостровский,Морской,,,279508219
4448,6,7,4,145.5,39800000,Петроградский,проспект Добролюбова,19,Спортивная,294417712
4449,2,7,4,138.13,41172864,Василеостровский,11-я Васильевского острова линия,56,Василеостровская,293435839
4450,1,10,4,90.0,11900000,Невский,проспект Большевиков,30К4,Улица Дыбенко,288709028
4451,6,9,4,132.69,49553081,Петроградский, Малая Зеленина,,Чкаловская,291933628
4452,13,14,4,139.0,31800000,Приморский, Савушкина,117к2,Старая Деревня,296645426
4453,5,5,4,113.97,18488918,Пушкинский,,,Звездная,292309830
4454,3,7,4,187.0,89900000,Петроградский,проспект Добролюбова,19,Спортивная,292460437
4455,5,8,4,96.7,51665843,Петроградский,Пионерская ,53,Чкаловская,298530000
4456,3,5,4,88.5,11200000,Выборгский,Лесной проспект,39к2,Лесная,296011662
4457,7,9,4,142.5,63012570,Петроградский,проезд Петровская коса,6к1,Крестовский остров,298658109
4458,3,4,4,97.4,18500000,Василеостровский,3-я Васильевского острова линия,36,Василеостровская,292318437
4459,5,7,4,192.1,69710886,Петроградский,проезд Петровская коса,6к1,Крестовский остров,298658193
4460,3,6,4,84.3,16950000,Петроградский,проспект Большой Петроградской стороны,31,Чкаловская,297702457
4461,3,10,4,111.9,27695250,Выборгский,Манчестерская ,3к1,Удельная,296753812
4462,5,5,4,91.6,10900000,Выборгский,Лесной проспект,39к3,Лесная,298609403
4463,4,10,4,129.1,41701307,Приморский,Белоостровская ,28,Черная речка,298657259
4464,4,4,4,237.7,55000000,Василеостровский,Морская набережная,31К2,Приморская,298804781
4465,6,10,4,112.1,28753650,Выборгский,Манчестерская ,3,Удельная,296753528
4466,4,5,4,133.7,27500000,Петроградский, Мира,10,Горьковская,294739706
4467,6,9,4,135.77,52254427,Центральный,проспект Бакунина,,Площадь Восстания,293263833
4468,3,4,4,182.0,69000000,Красносельский, Катерников,6к1,Автово,297217177
4469,6,27,4,112.5,20175863,Выборгский,проезд Толубеевский,36к2,,297360939
4470,3,4,4,153.5,70000000,Центральный,Шпалерная ,50а,Чернышевская,295910561
4471,4,4,4,254.7,195000000,Петроградский,Крестовский проспект,4,Крестовский остров,265781311
4472,7,9,4,75.7,11000000,Фрунзенский, Турку,9К3,Международная,298382717
4473,7,9,4,112.25,41622300,Василеостровский,7-я Васильевского острова линия,84,Василеостровская,291703813
4474,4,5,4,157.0,59000000,Адмиралтейский,набережная Канала Грибоедова,71,Сенная площадь,295910473
4475,3,6,4,138.9,103758300,Василеостровский,,,Горный институт,296754128
4476,17,19,4,135.0,49900000,Московский,Киевская ,3к2Г,Фрунзенская,298707827
4477,8,9,4,126.21,54630503,Центральный,проспект Бакунина,,Площадь Александра Невского,293263918
4478,8,9,4,112.6,36000000,Выборгский, Александра Матросова,1,Лесная,296210961
4479,15,25,4,117.87,27874981,Приморский,Коломяжский проспект,13к2,Пионерская,297024786
4480,2,2,4,121.0,34000000,Василеостровский,15-я Васильевского острова линия,84,Василеостровская,286808423
4481,3,8,4,163.1,92106484,Петроградский,набережная Реки Карповки,31к1,Чкаловская,297863427
4482,4,4,4,240.5,79990000,Центральный,набережная Реки Фонтанки,24,Гостиный двор,284799600
4483,7,9,4,154.38,67386870,Петроградский,Петроградская набережная,38,Горьковская,295104207
4484,2,7,4,105.9,26500000,Центральный,Мытнинская ,5/2,Площадь Восстания,293076334
4485,16,18,4,116.85,41919999,Василеостровский,Морской,,,299606319
4486,4,7,4,141.3,37500000,Петроградский,Каменноостровский проспект,39,Петроградская,295148527
4487,5,23,4,139.3,36218000,Московский,Гагаринское,,,286949894
4488,6,21,4,112.8,23500000,Выборгский,проспект Просвещения,33к1,Проспект Просвещения,297411718
4489,3,7,4,159.3,66289509,Василеостровский,13-я Васильевского острова линия,50,Василеостровская,290200457
4490,7,22,4,91.5,32500000,Красносельский,проспект Героев,31,Ленинский проспект,299101727
4491,11,11,4,144.75,40530000,Московский,Благодатная ,50,Электросила,299555569
4492,7,7,4,157.0,46000000,Центральный,10-я Советская ,4-6,Площадь Восстания,295885342
4493,5,8,4,113.11,45357110,Петроградский,Ремесленная ,,Спортивная,294545027
4494,8,17,4,104.4,48450000,Приморский,Ушаковская набережная,3к2,Черная речка,296213687
4495,3,18,4,128.3,25660000,Василеостровский,бульвар Головнина,3к1,Горный институт,294573113
4496,2,3,4,81.3,10990000,Красногвардейский,Магнитогорская ,65,Ладожская,292378916
4497,8,10,4,82.9,19580238,Приморский,Парашютная ,79к1,Комендантский проспект,292425293
4498,2,4,4,96.0,31490000,Центральный,набережная Реки Фонтанки,11,Невский проспект,292404258
4499,3,14,4,123.0,44239293,Красногвардейский,Большая Охта,,Ладожская,298980368
4500,8,10,4,240.0,74000000,Петроградский,Корпусная ,9,Спортивная,294658647
4501,1,18,4,132.8,32098800,Невский,проспект Обуховской обороны,70к4,Елизаровская,298656918
4502,7,14,4,108.0,15500000,Пушкинский,проспект Старорусский,8к2,Звездная,299483531
4503,3,3,4,105.5,22023119,Петродворцовый,Красносельское шоссе,22,Проспект Ветеранов,285685179
4504,16,23,4,98.0,22300000,Красносельский,бульвар Балтийский,4,Автово,289813265
4505,23,23,4,159.4,51000000,Московский, Ленсовета,87к3,Звездная,294775395
4506,19,20,4,99.8,16000000,Красносельский, Маршала Казакова,68к1,Автово,298661177
4507,6,9,4,197.8,83076000,Петроградский,Петровский проспект,11к3,Спортивная,294545813
4508,2,8,4,90.0,20650000,Кировский,Двинская ,6,Нарвская,298848116
4509,7,8,4,168.62,111289200,Петроградский,набережная Реки Карповки,27,Петроградская,280459333
4510,16,25,4,120.0,26480000,Калининский,Учительская ,18к1,Гражданский проспект,291908137
4511,13,13,4,144.3,45094000,Выборгский,Лиственная ,20к2,Озерки,282690405
4512,3,5,4,182.6,79990000,Петроградский,Гатчинская ,11,Чкаловская,295910402
4513,13,14,4,168.8,53647880,Красногвардейский,Магнитогорская ,1,Новочеркасская,298804765
4514,14,14,4,147.7,29300000,Выборгский,Северный проспект,18/1,Озерки,276352044
4515,13,18,4,115.09,34057098,Василеостровский,Морской,,,298740055
4516,6,8,4,153.0,85000000,Центральный,Парадная ,3к2,Чернышевская,298223095
4517,3,4,4,142.2,50000080,Красносельский,проспект Патриотов,33,,296569864
4518,2,9,4,73.8,9500000,Колпинский,Раумская ,7,Звездная,298464707
4519,12,14,4,114.07,27867301,Василеостровский,Гавань,,Приморская,294660533
4520,4,7,4,119.0,22000000,Василеостровский,5-я Васильевского острова линия,64/13,Спортивная,296404220
4521,13,18,4,95.65,21428300,Московский,м. Ленинский проспект,,Ленинский проспект,293304593
4522,3,4,4,137.8,31700000,Адмиралтейский,Измайловский проспект,2,Технологический институт,299137102
4523,10,23,4,110.4,19173068,Выборгский,дорога Ольгинская,,Парнас,298863900
4524,9,15,4,112.0,38200000,Приморский, Савушкина,140,Беговая,299504246
4525,5,16,4,109.49,25784895,Василеостровский,Гавань,,Приморская,294660969
4526,2,4,4,108.5,43500000,Адмиралтейский,Конногвардейский бульвар,6,Адмиралтейская,273738486
4527,10,24,4,65.24,12731521,Невский, Славянская,,Рыбацкое,298912001
4528,3,3,4,166.0,35000000,Пушкинский, Гумилевская,13к2,Купчино,298531065
4529,3,14,4,115.98,26118696,Василеостровский,Гавань,,Приморская,294660491
4530,24,24,4,216.0,65000000,Московский,проспект Космонавтов,63к1,Звездная,298686289
4531,14,16,4,105.54,27282090,Василеостровский,Гавань,,Приморская,294660850
4532,4,4,4,117.4,20990000,Петроградский,Малая Посадская ,17,Горьковская,298255797
4533,8,9,4,172.6,68633066,Петроградский,проезд Петровская коса,6к1,Крестовский остров,298658055
4534,3,6,4,150.0,48800000,Московский,Московский проспект,151,Электросила,298283348
4535,3,4,4,99.15,20083880,Пушкинский,,,Купчино,299153241
4536,17,18,4,141.1,29900000,Приморский,Стародеревенская ,33/10,Комендантский проспект,259267625
4537,9,12,4,122.0,38398500,Приморский,Белоостровская ,7,Лесная,298198078
4538,7,7,4,173.6,96000000,Петроградский,Каменноостровский проспект,62,Петроградская,293746976
4539,8,9,4,135.9,61138067,Петроградский,проезд Петровская коса,6к1,Крестовский остров,298658094
4540,4,8,4,157.2,75000000,Приморский,Приморский проспект,78к5,Беговая,286808631
4541,7,9,4,135.1,54621680,Петроградский,проезд Петровская коса,6к1,Крестовский остров,298658089
4542,2,3,4,220.0,55000000,Курортный,Дубковское шоссе,40к1,,289070923
4543,3,23,4,128.0,21007097,Выборгский,дорога Ольгинская,,Парнас,298864067
4544,2,17,4,104.0,22700000,Невский,переулок Клочков,10к2,Проспект Большевиков,294107190
4545,8,23,4,104.5,18148419,Выборгский,дорога Ольгинская,,Парнас,298864166
4546,5,6,4,141.8,58000000,Василеостровский,2-я Васильевского острова линия,29,Василеостровская,295910369
4547,10,14,4,77.12,15619604,Невский, Славянская,,Рыбацкое,298583484
4548,18,18,4,156.9,85000000,Невский,проспект Обуховской обороны,70к4,Елизаровская,299042720
4549,14,23,4,77.1,17968855,Невский,Рыбацкое,4,Рыбацкое,298422033
4550,5,6,4,110.0,75000000,Петроградский,набережная Реки Карповки,23,Петроградская,298888779
4551,23,24,4,78.97,15258868,Невский, Славянская,,Рыбацкое,299261027
4552,6,6,4,133.0,94000000,Центральный,Малая Конюшенная ,5,Гостиный двор,298743732
4553,14,23,4,113.23,34262119,Калининский,Финляндский,,Выборгская,299508148
4554,2,9,4,179.4,110000000,Петроградский,Кемская ,1,Крестовский остров,295910416
4555,4,7,4,125.15,51679240,Петроградский,набережная Адмирала Лазарева,14,Чкаловская,298202371
4556,9,14,4,120.6,39000000,Московский,Смоленская ,13,Фрунзенская,296366690
4557,7,9,4,171.4,66897627,Петроградский,проезд Петровская коса,6к1,Крестовский остров,298658048
4558,14,14,4,207.0,64900000,Красногвардейский,Перевозный переулок,4,Новочеркасская,292036474
4559,4,7,4,140.3,55519771,Петроградский,проезд Петровская коса,6к1,Крестовский остров,298658005
4560,1,9,4,110.0,14500000,Красносельский, Маршала Захарова,18к2,Ленинский проспект,295331345
4561,4,5,4,212.0,251600557,Петроградский,набережная Гребного канала,1,Крестовский остров,244728301
4562,2,9,4,180.0,125000000,Петроградский,Кемская ,1,Крестовский остров,284977134
4563,3,6,4,88.1,25108500,Выборгский,Зеленогорская ,3,Удельная,298197981
4564,2,4,4,443.0,400000000,Петроградский,Чкаловское,5,Крестовский остров,299566955
4565,14,14,4,110.64,32030280,Василеостровский,Гавань,,Приморская,299550780
4566,5,10,4,170.0,220000000,Петроградский,Вязовая ,8,Крестовский остров,296441423
4567,8,9,4,167.9,70598152,Петроградский,проезд Петровская коса,6к1,Крестовский остров,298658067
4568,3,10,4,118.1,37790000,Петроградский,Петровский проспект,26к2,Чкаловская,286796506
4569,9,9,4,171.7,70375965,Петроградский,проезд Петровская коса,6к1,Крестовский остров,298658057
4570,6,8,4,180.0,89000000,Петроградский,Морской проспект,33,Крестовский остров,295994104
4571,16,16,4,123.53,34279575,Василеостровский,Гавань,,Приморская,298050009
4572,9,9,4,130.1,54000000,Петроградский,Посадский,,Петроградская,299114894
4573,4,8,4,94.1,15669690,Курортный,,3,Проспект Просвещения,296607981
4574,16,16,4,262.2,100000000,Петроградский,Пионерская ,50,,295910375
4575,3,8,4,115.52,42857920,Петроградский,Ремесленная ,,Спортивная,294545015
4576,3,4,4,280.0,392000000,Центральный,Гагаринская ,1/24,Чернышевская,299568168
4577,2,7,4,219.5,70391933,Петроградский,проезд Петровская коса,6к1,Крестовский остров,298658187
4578,4,4,4,254.7,195000000,Петроградский,Крестовский проспект,4,,299336232
4579,6,17,4,128.12,32350300,Выборгский,Большой Сампсониевский проспект,77,Лесная,299249826
4580,5,8,4,264.5,185000000,Петроградский,Крестовский проспект,30,Крестовский остров,295910493
4581,11,11,4,102.7,31323500,Московский, Решетникова,29,Электросила,298800503
4582,14,14,4,82.53,24750000,Василеостровский,набережная Миклухо-Маклая,1к1,Горный институт,296800541
4583,6,6,4,91.9,27432150,Выборгский,Зеленогорская ,3,Удельная,298197993
4584,3,6,4,123.9,17700000,Центральный,5-я Советская ,7-9,Площадь Восстания,299606608
4585,4,9,4,143.5,51980755,Петроградский,проезд Петровская коса,6к1,Крестовский остров,298658104
4586,1,5,4,60.01,7100000,Фрунзенский, Турку,23К3,Проспект Славы,298271333
4587,1,10,4,93.8,13814874,Курортный,,,Парнас,296759970
4588,3,5,4,114.9,34000000,Василеостровский,6-я Васильевского острова линия,39,Василеостровская,295929474
4589,2,7,4,190.0,80938900,Петроградский,проезд Петровская коса,6к1,Крестовский остров,298657994
4590,1,6,4,78.8,13790000,Пушкинский, Архитектора Данини,19к1,Купчино,295942577
4591,1,4,4,149.4,42130800,Красносельский,проспект Патриотов,33,,296569861
4592,3,3,4,250.0,55000000,Приморский,1-я Утиная ,17к1,Озерки,297218809
4593,7,10,4,88.1,20206445,Приморский,Парашютная ,79к1,Озерки,292425364
4594,2,4,4,190.0,129500000,Петроградский,набережная Мартынова,62Е,Крестовский остров,297860311
4595,1,8,4,93.4,16083995,Курортный,,3,Проспект Просвещения,294402051
4596,2,3,4,176.9,45000000,Василеостровский,15-я Васильевского острова линия,84,Василеостровская,297234009
4597,4,23,4,140.66,35165000,Московский,Гагаринское,,,286949833
4598,3,12,4,83.0,17790000,Приморский,Дибуновская ,37,Старая Деревня,288009985
4599,2,4,4,100.25,19975800,Пушкинский,,,Купчино,295840318
4600,4,6,4,97.3,15900000,Адмиралтейский,Бронницкая ,22,Технологический институт,293650125
4601,13,14,4,110.48,27984584,Василеостровский,Гавань,,Приморская,299052466
4602,1,6,4,122.8,32000000,Петроградский, Подрезова,18,Петроградская,293911859
4603,6,7,4,180.6,122638526,Петроградский,проезд Петровская коса,6к1,Крестовский остров,298658000
4604,2,5,4,93.4,19400000,Адмиралтейский,Галерная ,46,Василеостровская,297789928
4605,4,7,4,190.2,76103775,Василеостровский,13-я Васильевского острова линия,50,Василеостровская,290200463
4606,4,6,4,110.1,17700000,Центральный,Гангутская ,16,,287087868
4607,3,4,4,135.4,47660800,Красносельский,проспект Патриотов,33,,296569901
4608,7,9,4,89.5,14700000,Василеостровский,проспект Большой Васильевского острова,62,Василеостровская,295918936
4609,8,18,4,128.6,25720000,Василеостровский,бульвар Головнина,3к1,Горный институт,297709745
4610,7,16,4,135.0,23000000,Калининский,проспект Непокоренных,49к2,Площадь Мужества,292946106
4611,1,3,4,116.8,22557811,Петродворцовый,Красносельское шоссе,22,Проспект Ветеранов,293828725
4612,4,6,4,126.5,21505000,Центральный,2-я Советская ,27/2,Площадь Восстания,286808931
4613,14,14,4,124.3,48497627,Красногвардейский,Большая Охта,,Ладожская,298804776
4614,16,16,4,111.4,24800000,Калининский, Ушинского,2к1,Гражданский проспект,294688938
4615,3,4,4,102.95,20948400,Пушкинский,,,Купчино,294621046
4616,3,5,4,59.0,8700000,Московский, Костюшко,90,Московская,293032379
4617,23,23,4,129.9,24176095,Выборгский,дорога Ольгинская,,Парнас,298864057
4618,4,14,4,79.4,9500000,Красногвардейский, Передовиков,29К1,Улица Дыбенко,297504537
4619,3,3,4,105.1,21939619,Петродворцовый,Красносельское шоссе,22,Ленинский проспект,285685213
4620,3,8,4,177.7,56000000,Центральный,набережная Воскресенская,12,Площадь Ленина,297901385
4621,4,23,4,75.64,16823125,Невский,Рыбацкое,4,Рыбацкое,296654423
4622,2,4,4,125.0,33500000,Центральный,5-я Советская ,32,Площадь Восстания,298490670
4623,9,9,4,150.5,66776850,Петроградский,Петровский проспект,11к2,Крестовский остров,294546000
4624,16,16,4,132.5,26500000,Василеостровский,Морская набережная,39к3,Приморская,297724408
4625,1,18,4,151.1,35475660,Невский,проспект Обуховской обороны,70к4,Елизаровская,299324379
4626,6,7,4,240.0,65000000,Петроградский,Каменноостровский проспект,54/31,Петроградская,299348378
4627,3,3,4,225.3,157710000,Петроградский,Санаторная аллея,3,Черная речка,244728473
4628,5,5,4,104.3,19000000,Центральный,Дегтярная ,13,Площадь Восстания,295978709
4629,2,3,4,257.6,218960000,Петроградский,Санаторная аллея,3,Черная речка,244728465
4630,6,8,4,130.5,41000000,Петроградский, Кропоткина,24Б,Горьковская,298771765
4631,3,18,4,134.4,26880000,Василеостровский,бульвар Головнина,3к1,Горный институт,294573115
4632,10,15,4,173.4,55000000,Приморский,Дибуновская ,50,Старая Деревня,295910523
4633,1,8,4,149.5,42167970,Красносельский,проспект Патриотов,33,,297300193
4634,1,15,4,124.7,34499000,Красногвардейский,Магнитогорская ,3к2,Новочеркасская,289687176
4635,9,9,4,163.14,69008600,Центральный,проспект Бакунина,,Площадь Александра Невского,293751348
4636,2,7,4,138.4,50930000,Адмиралтейский,Малодетскосельский проспект,40,Фрунзенская,299336198
4637,7,9,4,154.6,46843800,Петроградский,Петровский проспект,11к2,Крестовский остров,294545978
4638,6,8,4,157.0,69500000,Приморский,Приморский проспект,78к5,Беговая,295910462
4639,4,4,4,96.93,17917848,Петродворцовый,,,Проспект Ветеранов,295854276
4640,2,20,4,113.0,21500000,Невский, Ворошилова,31к3,Проспект Большевиков,298366333
4641,2,4,4,103.65,20960830,Пушкинский,,,,294620910
4642,4,7,4,178.0,75000000,Петроградский,проезд Петровская коса,6к1,Крестовский остров,293659280
4643,1,9,4,178.8,60827760,Петроградский,Петровский проспект,11к3,Спортивная,294545773
4644,10,16,4,206.8,175000000,Выборгский,Большой Сампсониевский проспект,4-6,Площадь Ленина,291788206
4645,5,7,4,156.8,72777936,Василеостровский,13-я Васильевского острова линия,50,Василеостровская,290200473
4646,7,7,4,213.4,88117000,Петроградский, Рентгена,25,Петроградская,299336131
4647,3,9,4,137.0,46885001,Центральный,проспект Бакунина,,Площадь Александра Невского,293263708
4648,7,7,4,363.0,350000000,Петроградский,Динамовская ,2,Крестовский остров,297418798
4649,2,5,4,216.4,207531061,Петроградский,набережная Гребного канала,1,Крестовский остров,244728275
4650,7,7,4,212.4,88922000,Петроградский, Рентгена,25,Петроградская,299336278
4651,1,4,4,151.6,173893083,Петроградский,1-я Березовая аллея,7,Черная речка,288144324
4652,7,9,4,156.0,160000000,Петроградский,набережная Адмирала Лазарева,22,Чкаловская,299336158
4653,4,7,4,211.5,94329000,Петроградский,Петровский проспект,11к3,Спортивная,294545870
4654,4,4,4,96.7,13900000,Московский,Московский проспект,78К,Фрунзенская,294827990
4655,7,10,4,85.7,19655985,Приморский,Парашютная ,79к1,Комендантский проспект,292425353
4656,5,12,4,110.0,27000000,Невский,проспект Обуховской обороны,70к4,Елизаровская,295328673
4657,1,10,4,105.4,15779700,Курортный,,,Парнас,296759967
4658,4,6,4,120.0,30000000,Петроградский, Большая Зеленина,3,Чкаловская,298922049
4659,2,18,4,137.2,26754000,Василеостровский,бульвар Головнина,3к1,Горный институт,294573112
4660,2,5,4,130.0,30000000,Приморский,Школьная ,8,Черная речка,296221278
4661,1,8,4,65.4,12867239,Курортный,,582,Парнас,284755048
4662,2,3,4,130.6,19900000,Адмиралтейский,Садовая ,89,Балтийская,296307988
4663,1,3,4,115.7,22345366,Петродворцовый,Красносельское шоссе,22,Ленинский проспект,293828750
4664,22,25,4,117.0,20500000,Красносельский,Ленинский проспект,51,Ленинский проспект,299094191
4665,7,8,4,175.3,79077830,Петроградский,Петровский проспект,11к3,Спортивная,294545918
4666,6,8,4,123.4,61685000,Петроградский,Петровский проспект,26к2,Чкаловская,280937837
4667,7,9,4,133.3,49135237,Петроградский,проезд Петровская коса,6к1,Крестовский остров,298658166
4668,10,17,4,155.0,42000000,Московский,Московский проспект,183-185,Московская,254021459
4669,6,23,4,104.4,18131053,Выборгский,дорога Ольгинская,,Парнас,298864200
4670,4,7,4,98.2,12250000,Василеостровский,10-я Васильевского острова линия,15Б,Василеостровская,295730808
4671,2,9,4,134.3,46156309,Петроградский,проезд Петровская коса,6к1,Крестовский остров,298658139
4672,5,7,4,84.0,14000000,Василеостровский,проспект Большой Васильевского острова,62,Горный институт,299025861
4673,5,8,4,180.7,80339220,Петроградский,Петровский проспект,11к3,Спортивная,294545902
4674,11,25,4,120.5,20500000,Приморский,аллея Поликарпова,2,Пионерская,294468954
4675,1,4,4,251.3,301560000,Петроградский,1-я Березовая аллея,7,Черная речка,260854425
4676,4,4,4,115.3,17500000,Адмиралтейский,Подольская ,17,Пушкинская,299278811
4677,2,3,4,102.2,20033124,Петродворцовый,Красносельское шоссе,22,Ленинский проспект,293828743
4678,5,6,4,100.0,24000000,Московский,Московский проспект,175,Парк Победы,299565469
4679,6,7,4,224.9,144682293,Петроградский,проезд Петровская коса,6к1,Крестовский остров,298657998
4680,3,4,4,95.7,20000000,Адмиралтейский, Глинки,3-5-7,Садовая,287868763
4681,1,7,4,155.5,58545750,Петроградский,Петровский проспект,11к3,Спортивная,294545866
4682,5,10,4,89.1,16800000,Приморский, Ильюшина,6,Комендантский проспект,298052507
4683,1,18,4,151.9,35663340,Невский,проспект Обуховской обороны,70к4,Елизаровская,298656920
4684,3,4,4,74.0,11990000,Адмиралтейский,Рижский проспект,54,Нарвская,294573039
4685,1,4,4,111.3,127666888,Петроградский,1-я Березовая аллея,7,Черная речка,288144330
4686,4,5,4,101.7,16760000,Василеостровский,проспект Кима,7/19,Приморская,298654722
4687,2,4,4,79.4,12300000,Невский,проспект Обуховской обороны,33,Площадь Александра Невского,280167220
4688,5,9,4,175.5,71955000,Петроградский,Петровский проспект,11к3,Спортивная,294545787
4689,3,6,4,130.6,22900000,Василеостровский,11-я Васильевского острова линия,46,Василеостровская,299346654
4690,6,8,4,199.7,80279400,Петроградский,Петровский проспект,11к2,Крестовский остров,294546057
4691,5,5,4,175.7,28990000,Центральный,Фурштатская ,47/11,Чернышевская,286149343
4692,14,23,4,129.2,22297030,Выборгский,дорога Ольгинская,,Парнас,298863950
4693,21,22,4,85.5,17680000,Приморский,Лыжный переулок,4к3,Беговая,291095058
4694,1,18,4,163.0,39392100,Невский,проспект Обуховской обороны,70к4,Елизаровская,298656930
4695,5,5,4,74.0,18050000,Петроградский,Кронверкский проспект,23,Горьковская,297008329
4696,6,8,4,198.05,122791000,Петроградский,набережная Реки Карповки,27,Петроградская,280459322
4697,3,5,4,118.9,23700000,Петроградский, Ленина,28,Чкаловская,291359384
4698,2,7,4,210.7,83226500,Петроградский,Петровский проспект,11к3,Спортивная,294545846
4699,4,4,4,183.5,44500000,Петроградский,Большая Посадская ,4,Горьковская,295687793
4700,7,9,4,126.0,45536400,Петроградский,Петровский проспект,11к2,Крестовский остров,294545976
4701,4,9,4,73.3,11300000,Выборгский,проспект Художников,3К1,Озерки,298804842
4702,2,7,4,97.8,15306438,Курортный,,,Проспект Просвещения,296759936
4703,6,18,4,85.0,18800000,Приморский,аллея Арцеуловская,17,Комендантский проспект,297091463
4704,14,14,4,107.51,31457426,Василеостровский,Гавань,,Приморская,299550778
4705,11,19,4,93.1,15600000,Невский, Латышских Стрелков,15к2,Проспект Большевиков,294303762
4706,2,7,4,227.5,96052947,Петроградский,проезд Петровская коса,6к1,Крестовский остров,298657993
4707,3,6,4,122.0,24900000,Петроградский,Сытнинская ,10,Горьковская,294204209
4708,8,9,4,160.02,61315710,Центральный,проспект Бакунина,,Площадь Восстания,293263916
4709,5,11,4,108.0,34020000,Приморский,Фермское шоссе,10,Удельная,296288436
4710,9,9,4,188.5,73326500,Петроградский,Петровский проспект,11к2,Крестовский остров,294546002
4711,2,6,4,108.6,19500000,Адмиралтейский,набережная Реки Фонтанки,126,Садовая,286430736
4712,3,3,4,99.4,20749744,Петродворцовый,Красносельское шоссе,22,Ленинский проспект,285685208
4713,5,9,4,73.9,11350000,Фрунзенский,Купчинская ,20К3,Дунайская,288960556
4714,2,7,4,141.59,55641600,Адмиралтейский,Малодетскосельский проспект,40,Фрунзенская,299648242
4715,5,5,4,75.0,12900000,Адмиралтейский, Володи Ермака,2,Садовая,287170370
4716,7,7,4,101.99,42269400,Адмиралтейский,Малодетскосельский проспект,40,Фрунзенская,299648240
4717,4,6,4,110.1,17700000,Центральный,Гангутская ,16,Чернышевская,299369314
4718,2,7,4,100.69,36382320,Адмиралтейский,Малодетскосельский проспект,40,Фрунзенская,299648238
4719,8,8,4,148.0,57000000,Петроградский, Большая Зеленина,34,Чкаловская,294266311
4720,1,8,4,183.7,66793320,Петроградский,Петровский проспект,11к3,Спортивная,294545895
4721,5,6,4,216.4,45900000,Петроградский,проспект Большой Петроградской стороны,13/4,Спортивная,291413268
4722,2,3,4,107.0,20974014,Петродворцовый,Красносельское шоссе,22,Ленинский проспект,285685146
4723,5,5,4,50.0,6390000,Кировский, Лени Голикова,10,Проспект Ветеранов,299109035
4724,14,14,4,118.23,32406843,Василеостровский,Гавань,,Приморская,294660555
4725,6,9,4,153.4,63000000,Василеостровский,проспект Средний Васильевского острова,85,Горный институт,292187974
4726,17,23,4,184.59,50669955,Московский,Гагаринское,,,286949891
4727,5,5,4,107.5,18900000,Московский, Севастьянова,5,Электросила,268147453
4728,2,7,4,190.6,68129017,Василеостровский,13-я Васильевского острова линия,50,Василеостровская,290200432
4729,1,3,4,111.7,12295000,Калининский, Академика Лебедева,20,Площадь Ленина,295734252
4730,16,23,4,110.5,19574243,Выборгский,дорога Ольгинская,,Парнас,298863909
4731,7,8,4,143.7,61900000,Петроградский,Каменноостровский проспект,64К2,Петроградская,293072667
4732,17,23,4,184.16,50551920,Московский,Гагаринское,,,286949997
4733,4,17,4,117.0,20000000,Красногвардейский, Коммуны,50,Проспект Большевиков,282211442
4734,8,8,4,149.38,134442000,Петроградский,набережная Реки Карповки,27,Петроградская,280459344
4735,1,3,4,84.7,10200000,Калининский,Бестужевская ,29,Ладожская,299334765
4736,3,17,4,105.86,25107285,Калининский,Финляндский,,,298151315
4737,5,5,4,77.5,14500000,Кировский, Швецова,10,Нарвская,292875116
4738,3,3,4,100.8,20125353,Петродворцовый,Красносельское шоссе,22,Автово,293828741
4739,12,14,4,87.0,22000000,Невский,Октябрьская набережная,34к2,Новочеркасская,283949328
4740,4,7,4,180.4,102579644,Петроградский,проезд Петровская коса,6к1,Крестовский остров,298657996
4741,9,9,4,73.5,11500000,Выборгский,Поэтический бульвар,5,Проспект Просвещения,296426270
4742,1,3,4,123.1,23774543,Петродворцовый,Красносельское шоссе,22,Ленинский проспект,285685242
4743,21,22,4,85.0,17700000,Приморский,Лыжный переулок,4к3,Беговая,291732092
4744,3,3,4,230.0,188600000,Петроградский,Санаторная аллея,3,Черная речка,244728468
4745,4,5,4,86.0,14200000,Кировский, Маринеско,1,Автово,270992717
4746,7,7,4,201.8,120373700,Петроградский,Петровский проспект,11к3,Спортивная,294545861
4747,3,6,4,85.2,17500000,Адмиралтейский,Подольская ,45,Технологический институт,291322758
4748,7,8,4,69.26,14127159,Курортный,,582,Парнас,292860798
4749,5,5,4,104.0,18500000,Центральный,Загородный проспект,9,Достоевская,293373912
4750,1,3,4,113.5,21920476,Петродворцовый,Красносельское шоссе,22,Проспект Ветеранов,285685210
4751,5,7,4,99.5,16000000,Центральный,9-я Советская ,39/24,Владимирская,293269387
4752,3,8,4,384.72,281331694,Петроградский,Петровский,,Чкаловская,295410530
4753,2,3,4,100.2,18500000,Петродворцовый,Красносельское шоссе,22,Автово,295157847
4754,14,14,4,107.2,27293120,Василеостровский,набережная Миклухо-Маклая,1к1,Горный институт,299550782
4755,5,9,4,73.0,10100000,Выборгский,Суздальский проспект,9,Проспект Просвещения,298048287
4756,3,9,4,144.2,44702000,Петроградский,Петровский проспект,11к3,Спортивная,294545925
4757,3,3,4,225.0,27000000,Курортный, Коробицына,2Т,Беговая,280798559
4758,8,9,4,173.68,67887536,Центральный,проспект Бакунина,,Площадь Восстания,293263912
4759,5,5,4,160.0,48000000,Петроградский, Ленина,8,Горьковская,293738865
4760,5,7,4,216.7,137459268,Петроградский,проезд Петровская коса,6к1,Крестовский остров,298657997
4761,1,4,4,72.0,16700000,Центральный,Фурштатская ,3,Чернышевская,297701760
4762,2,23,4,108.93,19277544,Приморский, Ивинская,1к1,Зенит,297361728
4763,4,5,4,49.1,7300000,Фрунзенский, Белы Куна,7К3,Международная,299247319
4764,5,8,4,386.13,362945018,Петроградский,Петровский,,Чкаловская,295410532
4765,25,25,4,110.0,30000000,Калининский, Брянцева,13к1,Гражданский проспект,295926570
4766,8,8,4,125.43,112887000,Петроградский,набережная Реки Карповки,27,Петроградская,280459354
4767,4,5,4,121.9,23300000,Василеостровский,17-я Васильевского острова линия,70/12,Василеостровская,294259195
4768,2,8,4,203.6,69834800,Петроградский,Петровский проспект,11к2,Крестовский остров,294546022
4769,5,5,4,102.0,25000000,Адмиралтейский, Декабристов,18,Садовая,295067905
4770,3,9,4,159.0,67734000,Петроградский,Петровский проспект,11к3,Спортивная,294545805
4771,5,6,4,83.4,10400000,Пушкинский, Ростовская,1,,292857915
4772,2,8,4,178.4,71360000,Петроградский,Петровский проспект,11к3,Спортивная,299324618
4773,6,7,4,115.8,19050000,Василеостровский,16-я Васильевского острова линия,35Б,Василеостровская,289529324
4774,4,8,4,204.36,106267200,Петроградский,набережная Реки Карповки,27,Петроградская,280459377
4775,5,5,4,117.0,23000000,Петроградский,Лахтинская ,28,Чкаловская,295034200
4776,7,7,4,203.4,121328100,Петроградский,Петровский проспект,11к3,Спортивная,294545876
4777,3,5,4,100.0,18000000,Калининский, Комсомола,17,Площадь Ленина,296326762
4778,7,8,4,174.12,125366400,Петроградский,набережная Реки Карповки,27,Петроградская,280459442
4779,4,5,4,196.3,31000000,Курортный, Николая Соколова,31,Беговая,290781046
4780,8,9,4,173.7,83410740,Петроградский,Петровский проспект,11к3,Спортивная,294545798
4781,4,4,4,85.7,17500000,Василеостровский,12-я Васильевского острова линия,55/20,Василеостровская,296955386
4782,1,8,4,149.4,42139764,Красносельский,проспект Патриотов,33,,297300190
4783,15,16,4,119.7,21000000,Московский, Ленсовета,90,Звездная,286019442
4784,9,9,4,146.3,60076632,Петроградский,Петровский проспект,9к2,Спортивная,298366956
4785,13,16,4,153.09,28600000,Красногвардейский, Маршала Тухачевского,13,Ладожская,294420801
4786,3,9,4,176.7,73683900,Петроградский,Петровский проспект,11к3,Спортивная,294545780
4787,1,9,4,75.7,10800000,Красногвардейский,Ириновский проспект,17К3,Улица Дыбенко,295039262
4788,5,8,4,205.89,115298400,Петроградский,набережная Реки Карповки,27,Петроградская,288819509
4789,2,3,4,100.9,13499000,Колпинский,набережная Комсомольского Канала,24/1,Шушары,274757002
4790,3,8,4,156.96,114779119,Петроградский,Петровский,,Чкаловская,295532233
4791,2,7,4,189.9,28000000,Петроградский,набережная Реки Карповки,30,Петроградская,292699650
4792,1,9,4,159.6,58254000,Петроградский,Петровский проспект,11к3,Спортивная,294545801
4793,10,11,4,170.0,38000000,Приморский,Северо-Приморская часть исторический район,,Беговая,299463229
4794,3,9,4,201.4,77136200,Петроградский,Петровский проспект,11к3,Спортивная,294545806
4795,5,9,4,76.0,10700000,Фрунзенский,Софийская ,29К1,Международная,297766741
4796,2,9,4,183.8,69079066,Петроградский,проезд Петровская коса,6к1,Крестовский остров,298658060
4797,3,9,4,94.51,12500000,Колпинский,Загородная ,43к5,,293264517
4798,6,7,4,93.0,16300000,Василеостровский,18-я Васильевского острова линия,25,Василеостровская,292369003
4799,12,25,4,116.5,16400000,Красносельский,Ленинский проспект,51,Ленинский проспект,292452136
4800,2,6,4,109.4,18700000,Невский,Ивановская ,13,Ломоносовская,292543409
4801,4,4,4,91.0,18950000,Пушкинский, Гренадерская,12к2,,291486836
4802,4,6,4,117.1,19600000,Центральный,Тележная ,26-28,Площадь Восстания,298746017
4803,5,5,4,89.6,20700000,Московский,Благодатная ,28,Электросила,286545056
4804,1,5,4,82.9,21000000,Василеостровский,5-я Васильевского острова линия,4,Василеостровская,277011997
4805,2,4,4,138.0,21500000,Центральный,Моховая ,30,,296563183
4806,2,6,4,114.0,22000000,Центральный,Невский проспект,131,Площадь Александра Невского,273493241
4807,2,7,4,113.6,22500000,Центральный,Свечной переулок,27,Лиговский проспект,291314572
4808,2,5,4,110.0,22490000,Василеостровский,проспект Малый Васильевского острова,14,Спортивная,298485532
4809,3,3,4,135.0,22400000,Петроградский,проспект Большой Петроградской стороны,30,Чкаловская,266290375
4810,6,7,4,133.1,22400000,Центральный,Свечной переулок,27,Лиговский проспект,297963579
4811,9,10,4,116.0,22900000,Калининский,Политехническая ,17К1,Площадь Мужества,287302394
4812,6,6,4,145.8,23000000,Петроградский, Куйбышева,36,Горьковская,298526638
4813,1,6,4,130.0,23500000,Адмиралтейский,набережная Реки Фонтанки,165,Балтийская,297774493
4814,3,4,4,151.4,23500000,Адмиралтейский,Садовая ,56,Садовая,295728289
4815,4,12,4,129.45,26293815,Приморский,Белоостровская ,7,Лесная,291838231
4816,3,5,4,95.6,27400000,Петроградский, Куйбышева,23,Горьковская,291550931
4817,5,5,4,100.3,28000000,Центральный, Ломоносова,20,Достоевская,299249709
4818,23,23,4,101.3,28200000,Калининский,Пискарёвка,5к8,Лесная,293521801
4819,13,24,4,148.9,28800000,Калининский,Гражданский проспект,36,Академическая,289479283
4820,2,5,4,101.5,28900000,Центральный,Тульская ,9,Чернышевская,296686971
4821,1,6,4,93.1,29900000,Центральный,Кирочная ,32-34,Чернышевская,262743416
4822,2,3,4,126.0,30900000,Красносельский,Петергофское шоссе,76к13,Ленинский проспект,295052109
4823,9,11,4,114.0,34900000,Московский,Сызранская ,23,Электросила,297173416
4824,15,16,4,220.0,34999999,Выборгский,проспект Просвещения,14к4,Проспект Просвещения,296993470
4825,4,6,4,126.0,36800000,Василеостровский,6-я Васильевского острова линия,43,Василеостровская,297471842
4826,5,5,4,148.4,37500000,Центральный, Рылеева,10,Чернышевская,293311236
4827,4,4,4,157.9,37850000,Адмиралтейский,Большая Морская ,31,Адмиралтейская,294314170
4828,4,4,4,170.9,38850000,Адмиралтейский,Большая Морская ,31,Адмиралтейская,287265523
4829,5,8,4,120.0,39900000,Петроградский,Петровский проспект,11к2,Крестовский остров,299064807
4830,8,26,4,145.1,39900000,Приморский,Коломяжский проспект,20,Пионерская,294168068
4831,10,21,4,120.6,42000000,Василеостровский, Челюскина,8,Приморская,298297162
4832,15,21,4,120.5,42000000,Василеостровский, Челюскина,8,Приморская,298297156
4833,10,13,4,116.0,44500000,Приморский,Приморский проспект,62к1,Беговая,297550138
4834,2,8,4,122.0,44500000,Адмиралтейский,набережная Обводного Канала,106,Фрунзенская,299410581
4835,3,4,4,150.0,46000000,Василеостровский,8-я Васильевского острова линия,15,Василеостровская,291527837
4836,5,14,4,187.0,49000000,Красногвардейский,Свердловская набережная,58,Площадь Ленина,285382250
4837,3,8,4,137.0,54000000,Петроградский, Графтио,5,Петроградская,291330843
4838,5,5,4,135.0,55000000,Центральный,Смольный проспект,7,Чернышевская,297246884
4839,6,10,4,162.7,59700000,Петроградский,набережная Реки Карповки,10,Петроградская,298926000
4840,7,7,4,133.7,60200000,Центральный,Стремянная ,15/1,Маяковская,295993566
4841,4,5,4,166.9,67000000,Центральный,Большая Конюшенная ,13,Невский проспект,292624048
4842,4,6,4,196.7,71000000,Центральный,Таврическая ,1,Маяковская,291595398
4843,4,6,4,196.9,73000000,Центральный,набережная Канала Грибоедова,19,Невский проспект,285834848
4844,4,8,4,184.2,75900000,Петроградский,Каменноостровский проспект,64К2,Петроградская,268787095
4845,1,8,4,255.3,78000000,Василеостровский,20-я Васильевского острова линия,5,Горный институт,285240927
4846,5,7,4,146.0,80385000,Центральный,Таврическая ,37,Чернышевская,291253661
4847,1,5,4,149.7,85500000,Петроградский,Морской проспект,11,Крестовский остров,295061211
4848,2,7,4,241.8,99000000,Петроградский,Морской проспект,33,Крестовский остров,270887431
4849,2,4,4,170.0,99000000,Центральный,Итальянская ,12Е,Гостиный двор,295292042
4850,5,5,4,235.4,115000000,Центральный,Большая Конюшенная ,13,Гостиный двор,297163040
4851,3,5,4,186.1,120000000,Центральный,Невский проспект,88,Маяковская,284332202
4852,2,2,4,160.0,150000000,Адмиралтейский,Почтамтская ,12,Адмиралтейская,294294743
4853,5,5,4,260.0,157500000,Центральный,Большая Конюшенная ,13,Невский проспект,264558452
4854,1,6,4,199.8,220000000,Петроградский,Спортивная ,2,Крестовский остров,295932765
4855,5,5,-1,121.4,3200000,Центральный,Мучной переулок,3,Сенная площадь,298636537
4856,1,6,-1,109.1,3300000,Адмиралтейский,Верейская ,46,Пушкинская,298976691
4857,3,8,-1,84.0,4650000,Василеостровский,12-я Васильевского острова линия,53,Василеостровская,299479271
4858,4,5,-1,56.0,5100000,Василеостровский,проспект Малый Васильевского острова,24,,289199814
4859,5,5,4,49.5,5790000,Кировский, Лени Голикова,23К4,Ленинский проспект,294738086
4860,5,5,4,47.3,5800000,Колпинский, Танкистов,16,Купчино,294872755
4861,5,5,4,49.0,5900000,Колпинский, Танкистов,30,Шушары,292229475
4862,5,5,4,49.0,6000000,Кировский, Бурцева,13,Ленинский проспект,296523229
4863,1,5,4,49.1,6100000,Колпинский,Пролетарская ,77,Шушары,269032512
4864,1,5,4,49.0,6100000,Кировский, Лени Голикова,21,Проспект Ветеранов,290748961
4865,3,5,4,48.2,6450000,Кировский,Трамвайный проспект,9К1,Ленинский проспект,295931193
4866,3,5,4,49.1,6400000,Кировский,проспект Народного ополчения,29,Ленинский проспект,295365610
4867,5,5,4,49.3,6400000,Кировский,Трамвайный проспект,27К2,Ленинский проспект,298071292
4868,3,5,4,48.0,6500000,Кировский,Трамвайный проспект,9К1,,298935387
4869,4,5,4,48.6,6500000,Кировский, Бурцева,14,Ленинский проспект,296573117
4870,5,5,4,49.0,6590000,Кировский,Дачный проспект,16К2,Проспект Ветеранов,299338676
4871,4,5,4,48.9,6550000,Московский, Костюшко,64,Московская,299281335
4872,3,5,4,48.6,6600000,Кировский, Бурцева,11,Ленинский проспект,295935155
4873,3,5,4,48.2,6670000,Кировский,Трамвайный проспект,9К1,Ленинский проспект,298223248
4874,4,5,4,48.2,6750000,Кировский, Червонного Казачества,20,Автово,294138365
4875,5,6,4,47.9,6750000,Кировский,Краснопутиловская ,55,Автово,298253737
4876,4,5,4,59.4,6800000,Колпинский,Пролетарская ,83,Шушары,293954983
4877,4,5,4,49.0,6890000,Кировский,бульвар Новаторов,20,,280333052
4878,5,5,4,48.81,6800000,Московский, Костюшко,9,Московская,296225752
4879,3,5,4,49.6,6850000,Кировский,проспект Стачек,220К2,Ленинский проспект,292265872
4880,2,5,4,49.5,6850000,Кировский,проспект Маршала Жукова,56К9,Проспект Ветеранов,293548171
4881,2,5,4,63.0,6800000,Петродворцовый,Кронштадтская ,4,,293955544
4882,4,5,4,49.3,6900000,Кировский, Бурцева,3,Ленинский проспект,297421368
4883,4,5,4,60.0,6950000,Колпинский,Пролетарская ,99,Шушары,299632486
4884,1,5,4,49.0,7100000,Кировский,проспект Народного ополчения,121,Проспект Ветеранов,294342723
4885,4,5,4,48.7,7200000,Кировский,Краснопутиловская ,43,Автово,299297347
4886,4,5,4,48.8,7200000,Кировский,проспект Маршала Жукова,56К6,Ленинский проспект,294954614
4887,3,9,4,68.3,7189000,Красносельский,Кингисеппское шоссе,10к1,,297413403
4888,3,5,4,54.0,7300000,Красносельский, Тамбасова,25К1,Проспект Ветеранов,276828574
4889,4,5,4,49.1,7300000,Фрунзенский, Белы Куна,7К3,Международная,293870127
4890,4,5,4,48.7,7300000,Кировский, Бурцева,15,,291598974
4891,1,5,4,49.0,7500000,Московский, Костюшко,24,Московская,273808799
4892,5,5,4,48.0,7600000,Красносельский,проспект Народного ополчения,241К4,Проспект Ветеранов,298819035
4893,5,5,4,60.3,7700000,Петродворцовый, Победы,19,,281298850
4894,5,5,4,48.4,7700000,Кировский, Лени Голикова,44,Проспект Ветеранов,296440340
4895,5,5,4,48.9,7777000,Кировский,проспект Ветеранов,17,Проспект Ветеранов,294909678
4896,4,5,4,59.5,7990000,Кировский,проспект Стачек,220К2,Проспект Ветеранов,294370852
4897,5,5,4,49.0,7900000,Московский, Костюшко,64,Московская,292976950
4898,2,5,4,49.4,8000000,Московский, Костюшко,15,Московская,299467117
4899,4,5,4,59.6,8100000,Кировский,бульвар Новаторов,90,Проспект Ветеранов,288758716
4900,2,7,-1,129.0,8050000,Василеостровский,18-я Васильевского острова линия,23,Горный институт,298570625
4901,1,9,4,72.5,8200000,Колпинский,Тверская ,48,Шушары,298924600
4902,3,5,4,59.4,8300000,Кировский,проспект Ветеранов,107,Ленинский проспект,299246025
4903,3,5,4,60.0,8300000,Красносельский, Пограничника Гарькавого,46К3,Проспект Ветеранов,290398045
4904,4,5,4,59.01,8400000,Кировский,проспект Ветеранов,27,Проспект Ветеранов,294140098
4905,1,9,4,73.4,8500000,Колпинский,Заводской проспект,20к3,Шушары,291914478
4906,2,3,4,81.4,8500000,Красносельский,проспект Ленина,61к1,,284953523
4907,1,9,4,74.0,8800000,Приморский,проспект Авиаконструкторов,13,Комендантский проспект,299587478
4908,1,9,4,73.8,8900000,Невский,проспект Солидарности,9К2,Проспект Большевиков,292489011
4909,3,4,4,66.5,8900000,Кировский, Метростроевцев,3,Нарвская,298072946
4910,2,5,4,49.3,9000000,Кировский,проспект Ветеранов,18,Проспект Ветеранов,293025492
4911,1,3,4,64.4,9000000,Кировский, Трефолева,14,Кировский завод,294780857
4912,3,9,-1,67.5,9000000,Московский,Новоизмайловский проспект,3,Электросила,291874363
4913,1,9,4,74.2,9150000,Фрунзенский,Бухарестская ,33К5,,297797029
4914,9,9,4,73.3,9300000,Красногвардейский, Передовиков,33К2,Ладожская,299250455
4915,4,4,4,84.5,9500000,Петродворцовый, Красного Флота,1,Проспект Ветеранов,297333772
4916,1,9,4,76.6,9500000,Выборгский, Шостаковича,1/9,Проспект Просвещения,296782157
4917,1,9,4,72.9,9500000,Красногвардейский,Хасанская ,24,,291256489
4918,1,10,4,70.8,9500000,Красносельский, Партизана Германа,18К1,Проспект Ветеранов,285022779
4919,1,9,4,77.9,9500000,Невский, Дыбенко,12К3,Улица Дыбенко,290971859
4920,6,9,4,77.7,9700000,Колпинский,Полевая ,14,Рыбацкое,298255018
4921,1,5,4,78.9,9700000,Фрунзенский,Софийская ,40К2,Ломоносовская,294365594
4922,1,5,4,90.4,9900000,Колпинский,Стахановская ,20,Шушары,290630898
4923,1,10,4,72.5,9900000,Приморский,Ситцевая ,11К2,Старая Деревня,293974386
4924,5,9,4,74.2,9990000,Фрунзенский, Белы Куна,27к1,Международная,294043575
4925,4,6,4,69.1,9999999,Адмиралтейский,Курляндская ,22-24Ж,Балтийская,298041381
4926,1,5,4,66.6,9999999,Московский, Костюшко,70,Московская,298852667
4927,4,9,4,73.0,10000000,Колпинский,Полевая ,25,Рыбацкое,295291476
4928,1,9,4,72.6,10100000,Калининский,проспект Науки,4К2,Академическая,292847740
4929,7,9,4,72.2,10200000,Красногвардейский,Ириновский проспект,17К1,Ладожская,293816839
4930,2,9,4,73.8,10300000,Красносельский, Партизана Германа,33К3,Проспект Ветеранов,299224094
4931,2,9,4,75.0,10300000,Выборгский,проспект Луначарского,62К1,Озерки,296940810
4932,20,26,4,103.6,10300000,Пушкинский,проспект Новгородский,4с1,Звездная,291802618
4933,1,9,4,82.3,10400000,Петродворцовый, Шахматова,4к1,Автово,294701846
4934,4,9,4,73.9,10390000,Невский, Подвойского,28к1К,Проспект Большевиков,293687942
4935,4,5,4,93.0,10400000,Красногвардейский,шоссе Революции,112,Ладожская,297562458
4936,4,10,4,77.7,10490000,Колпинский,Пролетарская ,54,Шушары,291410730
4937,3,9,4,72.6,10500000,Колпинский,Октябрьская ,67,Шушары,298391704
4938,7,10,4,88.0,10500000,Колпинский,Тверская ,33,Шушары,296094167
4939,5,14,4,74.0,10500000,Колпинский,Октябрьская ,61,Шушары,298741170
4940,1,9,4,84.0,10600000,Приморский,Серебристый бульвар,34К1,Комендантский проспект,294560963
4941,1,10,4,72.5,10600000,Приморский,проспект Авиаконструкторов,3К2,Комендантский проспект,289460468
4942,4,14,4,74.9,10800000,Выборгский, Композиторов,19,Проспект Просвещения,296635858
4943,5,9,4,73.4,10800000,Калининский, Академика Байкова,9,Политехническая,295731181
4944,4,9,4,73.4,10900000,Приморский, Шаврова,17,Комендантский проспект,298528487
4945,9,12,4,107.1,10900000,Пушкинский,Московское шоссе,246,Шушары,292485378
4946,9,9,4,72.0,10900000,Красногвардейский,проспект Ударников,19К3,Улица Дыбенко,298678583
4947,1,9,4,78.1,11000000,Кировский, Стойкости,7,,299294720
4948,1,5,4,91.1,11050000,Красносельский, Добровольцев,52,Проспект Ветеранов,297589998
4949,1,9,4,77.6,11000000,Кировский, Генерала Симоняка,7,Проспект Ветеранов,297782860
4950,8,9,4,72.8,11000000,Приморский, Маршала Новикова,6К1,Комендантский проспект,298122386
4951,1,9,4,78.1,11000000,Кировский, Стойкости,7,,299159449
4952,5,10,4,74.0,11200000,Приморский, Шаврова,11,Комендантский проспект,297353025
4953,8,9,4,77.5,11250000,Невский, Дыбенко,36К1,Улица Дыбенко,296055279
4954,4,5,4,104.6,11300000,Колпинский,проспект Ленина,24/8,,294273069
4955,1,10,4,89.2,11500000,Красносельский, Маршала Казакова,38К1,Автово,298301196
4956,1,9,4,76.8,11500000,Выборгский,проспект Энгельса,135,Проспект Просвещения,294863638
4957,1,6,4,100.1,11500000,Пушкинский, Галицкая,6к1,Шушары,299014471
4958,1,6,4,96.4,11700000,Пушкинский, Ростовская,6к1,Шушары,294226391
4959,21,26,4,101.0,11800000,Пушкинский,проспект Новгородский,4с1,,290707694
4960,7,9,4,75.0,11900000,Выборгский,Северный проспект,12К1,Озерки,299631783
4961,1,9,4,86.7,11999000,Калининский,Гражданский проспект,108К1,Гражданский проспект,295118047
4962,4,4,4,80.1,11900000,Пушкинский,Ленинградская ,87,,297515654
4963,5,9,4,73.2,12000000,Калининский,проспект Науки,2,Политехническая,285927103
4964,4,5,4,72.3,12000000,Московский,Пулковское шоссе,91,,291272417
4965,8,9,4,75.1,12000000,Выборгский,Сиреневый бульвар,7К1,Проспект Просвещения,296047258
4966,4,9,4,92.2,12100000,Колпинский,бульвар Трудящихся,33к2,Шушары,297885723
4967,1,9,4,89.3,12000000,Приморский,Комендантский проспект,18,Комендантский проспект,262478682
4968,1,9,4,86.1,12000000,Красносельский, Доблести,24К1,Ленинский проспект,261213346
4969,6,11,4,67.2,12000000,Московский,Московское шоссе,4,Московская,299224928
4970,4,16,4,87.2,12200000,Невский, Ткачей,70,Елизаровская,296801700
4971,2,9,4,64.6,12200000,Невский, Дыбенко,27К1,Улица Дыбенко,294197183
4972,1,5,4,85.0,12250000,Петродворцовый,Озерковая ,49к1,Автово,299260164
4973,1,5,4,86.2,12300000,Кировский, Танкиста Хрустицкого,116,Проспект Ветеранов,293841914
4974,5,9,4,73.5,12300000,Приморский, Уточкина,5,Комендантский проспект,298156231
4975,9,9,4,79.8,12300000,Фрунзенский,Загребский бульвар,7К1,Дунайская,298520507
4976,2,17,4,92.7,12550000,Красногвардейский,Полюстрово,68к1,Девяткино,285169972
4977,9,14,4,80.4,12500000,Петродворцовый,Ботаническая ,18к6,Автово,294141753
4978,5,5,4,88.5,12500000,Адмиралтейский,4-я Красноармейская ,2/35,Технологический институт,298107450
4979,4,9,4,64.5,12500000,Невский, Дыбенко,23К1,Улица Дыбенко,299419327
4980,5,9,4,72.9,12500000,Выборгский,Поэтический бульвар,5,Проспект Просвещения,295322663
4981,1,9,4,77.9,12500000,Калининский,Суздальский проспект,67,Гражданский проспект,297097510
4982,1,6,4,115.0,12500000,Адмиралтейский, Союза печатников,27,Балтийская,283352274
4983,2,6,4,95.2,12500000,Адмиралтейский,Нарвский проспект,9А,Нарвская,291595319
4984,10,11,4,101.0,12599000,Выборгский,Приозерское шоссе,18к7,Парнас,292774807
4985,4,9,4,84.0,12750000,Выборгский,проспект Энгельса,135,Проспект Просвещения,299296112
4986,2,4,4,104.5,12800000,Пушкинский, Обороны,4,Купчино,297129340
4987,5,5,4,111.5,12830000,Центральный, Черняховского,43,Лиговский проспект,279496555
4988,4,9,4,79.5,12850000,Фрунзенский,Будапештская ,14К1,Международная,276517062
4989,4,6,4,85.2,12990000,Василеостровский,Весельная ,4Б,Василеостровская,280883240
4990,4,16,4,87.2,12900000,Невский, Ткачей,70,Елизаровская,299098721
4991,4,15,4,105.3,12999000,Красносельский, Маршала Захарова,12к1,Ленинский проспект,286434269
4992,1,9,4,73.1,12900000,Красногвардейский,проспект Косыгина,28К4,Ладожская,299293647
4993,4,10,4,89.2,13100000,Выборгский,Приозерское шоссе,20к5,Парнас,299029458
4994,3,8,4,89.6,13000000,Невский, Бабушкина,64,Пролетарская,297379335
4995,5,9,4,77.8,13000000,Невский, Антонова-Овсеенко,25К1,Улица Дыбенко,297401976
4996,3,19,4,93.7,13200000,Красногвардейский,проспект Маршака,4,Гражданский проспект,271800267
4997,15,24,4,104.2,13200000,Красносельский, Доблести,17к2,,296116065
4998,6,18,4,93.0,13300000,Красногвардейский, Даниила Хармса,4,Академическая,283557681
4999,5,6,4,102.0,13500000,Центральный,Херсонская ,10,Площадь Александра Невского,298878504
5000,1,5,4,89.3,13500000,Московский,Бассейная ,71,Парк Победы,292388539
5001,13,18,4,92.5,13500000,Красногвардейский, Даниила Хармса,4,Девяткино,294370908
5002,5,5,4,98.6,13500000,Кировский, Ивана Черных,21,Нарвская,296757936
5003,2,9,4,74.5,13500000,Фрунзенский, Белы Куна,15К1,Международная,299005479
5004,3,4,4,89.7,13500000,Пушкинский,Красносельское шоссе,37,,280941970
5005,9,10,4,78.3,13500000,Приморский, Ильюшина,15К1,Комендантский проспект,298977105
5006,3,4,4,91.9,13500000,Пушкинский,Красносельское шоссе,31,Купчино,296593543
5007,16,18,4,95.7,13500000,Красногвардейский, Корнея Чуковского,10,Девяткино,297676350
5008,5,9,4,79.6,13650000,Кировский,проспект Маршала Жукова,26/16В,Кировский завод,299658859
5009,3,10,4,87.4,13699000,Фрунзенский,Белградская ,6К7,Международная,297472059
5010,1,3,4,98.1,13899000,Центральный,Днепропетровская ,6,Обводный канал,271596382
5011,6,6,4,86.7,13850000,Центральный, Тюшина,10,Обводный канал,293892003
5012,3,25,4,102.0,13900000,Красносельский,Ленинский проспект,55к3,Ленинский проспект,297181992
5013,4,4,4,90.5,13900000,Выборгский,Лесной проспект,75,Лесная,297979553
5014,1,20,4,96.8,13850000,Красносельский, Доблести,14к1,Автово,295000023
5015,2,12,4,95.3,14000000,Невский,Рыбацкий проспект,51К1,Рыбацкое,298731207
5016,1,4,4,92.0,14000000,Фрунзенский,Волковский проспект,12,Волковская,299476395
5017,7,9,4,89.6,13999000,Красносельский,Петергофское шоссе,84,Проспект Ветеранов,298024684
5018,14,17,4,93.4,14000000,Красногвардейский,проспект Маршака,4,Девяткино,294443672
5019,8,25,4,90.3,14000000,Красногвардейский,Полюстрово,14к2,Гражданский проспект,286724706
5020,6,10,4,87.0,13950000,Приморский,Планерная ,73К2,,298978798
5021,1,5,4,99.2,14200000,Центральный,Херсонская ,5-7,Площадь Александра Невского,287451643
5022,2,4,4,90.2,14300000,Василеостровский,проспект Большой Васильевского острова,94,Василеостровская,295149773
5023,16,18,4,91.9,14300000,Красногвардейский, Даниила Хармса,4,,295417950
5024,3,5,4,112.0,14300000,Пушкинский, Галицкая,10к4,Шушары,299331310
5025,3,7,4,89.5,14500000,Центральный,Лиговский проспект,44,Площадь Восстания,299056633
5026,5,7,4,87.9,14500000,Центральный,Коломенская ,27,Лиговский проспект,289127994
5027,6,6,4,73.7,14499000,Адмиралтейский,Московский проспект,7А,Садовая,291445707
5028,4,5,4,90.2,14750000,Выборгский,Дрезденская ,5,Удельная,299027642
5029,1,5,4,153.1,14750000,Петродворцовый,Кооперативная ,62,,295874522
5030,6,7,4,96.0,14700000,Калининский, Академика Лебедева,14/2,Площадь Ленина,294366951
5031,2,6,4,83.5,14800000,Василеостровский, Карташихина,6,Приморская,299549603
5032,1,5,4,79.6,14800000,Калининский,Кондратьевский проспект,18-20,Площадь Ленина,299467884
5033,2,7,4,81.0,14800000,Василеостровский,15-я Васильевского острова линия,34,Василеостровская,296569738
5034,1,17,4,89.1,14900000,Московский,Дунайский проспект,5к7,Звездная,274206729
5035,5,5,4,100.4,14900000,Калининский,Финский переулок,6,Площадь Ленина,295443218
5036,4,4,4,95.6,14900000,Центральный,Херсонская ,6/13,Площадь Александра Невского,294971223
5037,3,5,4,87.2,14900000,Петроградский, Маркина,10,Горьковская,270066611
5038,4,5,4,100.3,14970000,Адмиралтейский,Курляндская ,19-21,Балтийская,294080703
5039,2,4,4,86.0,14999999,Адмиралтейский, Декабристов,43-45,Василеостровская,295202005
5040,6,16,4,81.0,15000000,Приморский, Ивинская,9,Беговая,299446289
5041,3,7,4,123.8,14950000,Выборгский,Лесной проспект,13,Выборгская,295758245
5042,3,5,4,79.7,14999000,Центральный,5-я Советская ,37,Площадь Восстания,296517079
5043,15,18,4,92.5,14990000,Красногвардейский, Даниила Хармса,4,Девяткино,298680344
5044,7,7,4,63.4,14990000,Красногвардейский,Новочеркасский проспект,26/16,Новочеркасская,299018374
5045,3,6,4,78.4,15000000,Петроградский,проспект Малый Петроградской стороны,36-38,Чкаловская,282431368
5046,3,12,4,95.8,15000000,Невский,Шлиссельбургский проспект,12К1,Рыбацкое,298958395
5047,2,6,4,95.5,15000000,Московский, Коли Томчака,11/17Б,Московские ворота,258889938
5048,2,5,4,109.3,15200000,Адмиралтейский,Садовая ,127,Нарвская,298298216
5049,2,5,4,109.3,15200000,Адмиралтейский,Садовая ,127,Балтийская,297350425
5050,5,5,4,93.3,15300000,Невский, Профессора Качалова,6,Площадь Александра Невского,296423185
5051,5,5,4,93.0,15300000,Невский, Профессора Качалова,6,Площадь Александра Невского,295696797
5052,6,6,4,99.2,15400000,Центральный,Саперный переулок,13,Чернышевская,289204044
5053,2,3,4,86.6,15250000,Кировский,проспект Стачек,160,Ленинский проспект,291872035
5054,2,10,4,79.6,15500000,Василеостровский,Морской,,Приморская,299347569
5055,1,4,4,90.5,15550000,Красногвардейский,Краснодонская ,4,Новочеркасская,290923611
5056,3,3,4,108.4,15500000,Центральный, Марата,70а-70б,Звенигородская,281569527
5057,3,16,4,70.8,15500000,Василеостровский, Кораблестроителей,40К1,Приморская,293569601
5058,4,5,4,93.0,15500000,Адмиралтейский,набережная Обводного Канала,123,Фрунзенская,261956802
5059,4,6,4,80.9,15500000,Василеостровский,14-я Васильевского острова линия,37,Василеостровская,283112336
5060,3,7,4,108.9,15600000,Центральный,Лиговский проспект,65,Площадь Восстания,293528161
5061,5,6,4,95.1,15700000,Центральный,Греческий проспект,15,Площадь Восстания,295112299
5062,7,8,4,98.6,15800000,Красносельский, Партизана Германа,13,Проспект Ветеранов,297953054
5063,1,7,-1,138.1,15899000,Петроградский,Кронверкская ,29/37Б,Петроградская,294495551
5064,1,5,4,105.3,15795000,Центральный, Александра Невского,10,Площадь Александра Невского,280332249
5065,13,14,4,108.2,15800000,Приморский,Богатырский проспект,51к1,Комендантский проспект,295798689
5066,5,5,4,72.4,15930000,Адмиралтейский,Витебская ,12,Балтийская,299254220
5067,8,23,4,94.8,16026000,Выборгский,Парнас,3/20,Парнас,299112284
5068,6,7,4,92.6,16000000,Петроградский,Гатчинская ,31-33,Чкаловская,294612657
5069,6,6,4,84.0,15950000,Центральный,Невский проспект,119,Площадь Александра Невского,294346234
5070,4,11,4,108.0,16000000,Московский,5-й Предпортовый проезд,10к1,Московская,299515851
5071,6,7,4,102.7,15900000,Центральный,10-я Советская ,19,Площадь Александра Невского,295091501
5072,1,5,4,124.3,16000000,Петроградский,Ждановская набережная,7,Спортивная,292103156
5073,6,7,4,104.0,15900000,Петроградский, Куйбышева,20,Горьковская,275161935
5074,3,4,4,95.9,16000000,Фрунзенский,Лиговский проспект,247,,296739035
5075,5,6,4,99.5,16000000,Центральный,9-я Советская ,39/24,Площадь Восстания,274206528
5076,3,4,4,79.2,15999000,Центральный,Лиговский проспект,84/2,Лиговский проспект,291899921
5077,3,9,4,106.5,16000000,Калининский,проспект Культуры,25К1,Гражданский проспект,295919592
5078,14,14,4,75.4,16000000,Фрунзенский,проспект Славы,40К1,Проспект Славы,297986779
5079,2,4,4,79.7,15900000,Адмиралтейский, Декабристов,8,Спасская,299004719
5080,2,5,4,89.6,15990000,Кировский, Новостроек,17,Автово,292640296
5081,7,7,4,104.1,15900000,Центральный,Лиговский проспект,71,Владимирская,262828687
5082,2,5,4,131.1,15900000,Центральный, Ломоносова,20,Достоевская,285505459
5083,3,3,4,107.3,15990000,Адмиралтейский,Мясная ,19-21,Нарвская,293418411
5084,4,5,4,94.6,16100000,Центральный,Социалистическая ,9,Звенигородская,294632935
5085,2,8,4,103.3,16190000,Кировский, Генерала Симоняка,4к5,Проспект Ветеранов,296311765
5086,3,4,4,105.9,16150000,Центральный,проспект Бакунина,11,Площадь Александра Невского,294452114
5087,4,5,4,64.5,16250000,Фрунзенский,Альпийский переулок,7,Проспект Славы,298254581
5088,4,5,4,110.0,16200000,Василеостровский,10-я Васильевского острова линия,17,Василеостровская,286423494
5089,2,5,4,96.8,16370000,Адмиралтейский,Московский проспект,59,Фрунзенская,294679077
5090,3,5,4,70.7,16200000,Петроградский, Подрезова,10,Петроградская,293433112
5091,4,6,4,113.3,16400000,Василеостровский,5-я Васильевского острова линия,64/13,Спортивная,298688575
5092,3,3,4,104.0,16500000,Фрунзенский,набережная Обводного Канала,66,Обводный канал,299629766
5093,3,6,4,110.0,16499000,Центральный,Коломенская ,13,Лиговский проспект,298955840
5094,5,7,4,81.5,16500000,Петроградский, Блохина,3/1,Спортивная,294868481
5095,3,4,4,95.0,16500000,Пушкинский,Широкая ,20,Звездная,295103012
5096,6,7,4,110.6,16500000,Петроградский,проспект Малый Петроградской стороны,1Б,Спортивная,297459179
5097,4,5,4,107.4,16500000,Петроградский,Ропшинская ,12,Чкаловская,292210540
5098,2,16,4,91.6,16500000,Красносельский,Ленинский проспект,91,Ленинский проспект,293449124
5099,5,5,4,90.0,16499000,Невский,Октябрьская набережная,74К2,Ломоносовская,274206544
5100,2,15,4,104.0,16400000,Невский,Союзный проспект,6к1,Проспект Большевиков,299263831
5101,4,5,4,72.9,16500000,Адмиралтейский,Гороховая ,5,Адмиралтейская,298392127
5102,3,15,4,104.0,16480000,Невский,Союзный проспект,8к1,Проспект Большевиков,292282766
5103,1,10,4,108.2,16500000,Невский,проспект Пятилеток,7К1,Проспект Большевиков,294193234
5104,1,8,4,100.0,16499999,Адмиралтейский,Гражданская ,10,Спасская,299080739
5105,2,16,4,91.6,16500000,Красносельский,Ленинский проспект,91,,297851285
5106,2,5,4,100.9,16500000,Центральный,Гончарная ,6,Площадь Восстания,292649914
5107,4,5,4,90.2,16497000,Центральный,Гончарная ,5,Площадь Восстания,296757453
5108,3,4,4,121.3,16500000,Адмиралтейский,Подъездной переулок,17,Пушкинская,269313761
5109,4,4,4,92.6,16500000,Центральный,Озерной переулок,12,Площадь Восстания,295995366
5110,4,5,4,74.4,16600000,Василеостровский,Железноводская ,24,Приморская,297334563
5111,2,6,4,92.2,16647000,Адмиралтейский,Садовая ,59,,293531055
5112,2,6,4,108.7,16698000,Фрунзенский,Тамбовская ,26,Обводный канал,287998895
5113,15,25,4,100.1,16590000,Красносельский, Маршала Казакова,68к1,Автово,299416271
5114,3,5,4,96.0,16800000,Адмиралтейский,Старо-Петергофский проспект,37,Нарвская,299508827
5115,1,6,4,91.1,16800000,Адмиралтейский,6-я Красноармейская ,8,Технологический институт,287692037
5116,4,7,4,111.5,16800000,Калининский, Академика Лебедева,12,Площадь Ленина,238739647
5117,1,5,4,100.3,16750000,Приморский,Торжковская ,2К3,Черная речка,291887965
5118,1,5,4,108.2,16700000,Адмиралтейский,Можайская ,10,Пушкинская,292065624
5119,1,5,4,100.0,16750000,Приморский,Торжковская ,2К3,,298973374
5120,2,4,4,77.4,16700000,Центральный,Полтавская ,14,Площадь Восстания,292594830
5121,4,6,4,85.0,17000000,Петроградский, Яблочкова,3,Спортивная,280926746
5122,17,23,4,98.6,16990000,Красносельский,проспект Ветеранов,133к1,Проспект Ветеранов,295865473
5123,3,8,4,105.2,17000000,Центральный, Рылеева,2/6,Маяковская,298573344
5124,2,6,4,93.3,16960000,Василеостровский,14-я Васильевского острова линия,97Б,Василеостровская,298906516
5125,5,5,4,86.7,17000000,Центральный,Невский проспект,146,Площадь Восстания,296619284
5126,4,5,4,102.2,17000000,Центральный,переулок Апраксин,20,Спасская,299360378
5127,3,5,4,99.3,16900000,Петроградский,Введенская ,17Б,,286820716
5128,3,6,4,93.1,16990000,Петроградский,Введенская ,19,Горьковская,289506919
5129,5,5,4,74.8,17000000,Петроградский,Большая Пушкарская ,21,Чкаловская,299477577
5130,1,5,4,105.0,17000000,Красногвардейский,Малоохтинский проспект,6,Новочеркасская,293903277
5131,4,5,4,108.5,17100000,Красногвардейский,шоссе Революции,15,Ладожская,281181743
5132,3,5,4,131.0,17160000,Калининский,Финский переулок,6,Площадь Ленина,296420106
5133,2,6,4,84.9,17200000,Центральный,Саперный переулок,16/36,Чернышевская,299261249
5134,5,7,4,115.4,17200000,Петроградский,проспект Большой Петроградской стороны,74,Петроградская,298114664
5135,4,5,4,89.2,17499000,Приморский,набережная Черной речки,31,Черная речка,285245287
5136,1,5,4,90.2,17490000,Центральный,Ковенский переулок,23,Площадь Восстания,292416265
5137,2,4,4,91.1,17490000,Петроградский, Воскова,6,Чкаловская,299034498
5138,1,5,4,117.1,17500000,Адмиралтейский,Курляндская ,22-24,Технологический институт,281355073
5139,1,4,4,94.9,17400000,Центральный,7-я Советская ,17,,293432078
5140,1,4,4,115.4,17500000,Адмиралтейский,Столярный переулок,4,Сенная площадь,294043218
5141,1,4,4,106.4,17490000,Красносельский,Петергофское шоссе,78к21,,295100199
5142,1,7,4,106.7,17600000,Центральный,Загородный проспект,21-23,Достоевская,294970939
5143,4,5,4,123.0,17600000,Адмиралтейский,набережная Обводного Канала,121,Технологический институт,283115331
5144,2,5,4,112.9,17650000,Адмиралтейский,Рижский проспект,50,Балтийская,279660073
5145,4,6,4,92.5,17550000,Приморский,Лисичанская ,8,Черная речка,291573758
5146,5,5,4,108.2,17770000,Центральный,набережная Реки Фонтанки,51-53,Гостиный двор,297735315
5147,1,3,4,115.0,17800000,Адмиралтейский,Рузовская ,27,Пушкинская,299558229
5148,5,7,4,127.44,18000000,Выборгский,шоссе Суздальское,12,Озерки,291694050
5149,25,25,4,150.0,18000000,Приморский,Коломяжский проспект,20,Пионерская,294823557
5150,3,10,4,114.0,18000000,Калининский,проспект Просвещения,53К1,Гражданский проспект,298969871
5151,2,4,4,120.0,18000000,Адмиралтейский,проспект Римского-Корсакова,8/18,Садовая,286396646
5152,3,5,4,93.0,18000000,Фрунзенский,Мгинская ,7,Волковская,277921381
5153,1,7,4,85.8,17900000,Адмиралтейский,Измайловский проспект,16/30,Балтийская,284509511
5154,1,6,4,136.6,18100000,Кировский, Зенитчиков,3к1,Автово,298613961
5155,2,5,4,90.5,18100000,Приморский, Савушкина,9,Черная речка,295758147
5156,7,8,4,120.2,18300000,Центральный,Волоколамский переулок,1,Лиговский проспект,298905089
5157,1,6,4,97.7,18600000,Петроградский,Большая Монетная ,30,Петроградская,297505645
5158,1,6,4,79.7,18500000,Выборгский,Лесной проспект,32,Выборгская,299533204
5159,3,4,4,95.8,18500000,Центральный, Ломоносова,16,Достоевская,279493025
5160,2,6,4,95.6,18500000,Петроградский, Лизы Чайкиной,22,Горьковская,289351148
5161,3,4,4,85.1,18500000,Петроградский,Провиантская ,8,Спортивная,292246478
5162,7,7,4,113.0,18550000,Красносельский, Маршала Захарова,39,Ленинский проспект,282511925
5163,3,7,4,115.8,18500000,Центральный,Моховая ,28,Чернышевская,288183864
5164,4,5,4,79.3,18700000,Красногвардейский,Заневский проспект,7/7,Новочеркасская,297325107
5165,15,15,4,124.3,18800000,Невский, Дыбенко,21к3,Улица Дыбенко,297358343
5166,1,5,4,86.0,18950000,Василеостровский,11-я Васильевского острова линия,46,Василеостровская,296389669
5167,2,5,4,100.0,19000000,Центральный,Греческий проспект,15,Площадь Восстания,298391948
5168,2,6,4,100.9,19000000,Петроградский,Лахтинская ,28,Чкаловская,299255530
5169,2,22,4,98.8,19000000,Красносельский,Ленинский проспект,64к1,Ленинский проспект,299360239
5170,2,5,4,86.0,19000000,Выборгский,Большой Сампсониевский проспект,74,Лесная,274745349
5171,5,5,4,126.4,18970000,Пушкинский,Малиновская ,11,Купчино,286552661
5172,17,17,4,106.7,19000000,Приморский, Лидии Зверевой,9к2,Комендантский проспект,296351145
5173,9,23,4,110.2,19138000,Выборгский,Парнас,3/20,Парнас,299377471
5174,7,7,4,89.3,19199500,Кировский,проспект Стачек,75,Автово,296899845
5175,3,5,4,90.0,19200000,Выборгский,Лесной проспект,61,Лесная,299666304
5176,2,6,4,95.8,19200000,Красногвардейский,Малоохтинский проспект,86,Новочеркасская,253569288
5177,3,7,4,109.0,19200000,Адмиралтейский,Бронницкая ,19,Технологический институт,291589897
5178,2,5,4,89.0,19400000,Адмиралтейский,Московский проспект,79,Фрунзенская,284542325
5179,1,7,4,97.0,19400000,Центральный,8-я Советская ,6-8,Площадь Восстания,290607023
5180,8,13,4,87.2,19700000,Приморский,Комендантский проспект,25К1,Комендантский проспект,299255618
5181,5,6,4,91.5,19900000,Адмиралтейский, Писарева,18,Спасская,281501906
5182,3,5,4,101.4,19900000,Выборгский,Костромской проспект,7,,299012608
5183,13,14,4,83.88,19835000,Василеостровский,набережная Миклухо-Маклая,1к1,Приморская,291978346
5184,4,5,4,83.1,19800000,Центральный,Гончарная ,11а,Площадь Восстания,299318562
5185,3,4,4,92.0,19800000,Центральный, Моисеенко,15-17,Площадь Восстания,297802071
5186,5,5,4,106.0,19990000,Петроградский, Красного Курсанта,9а,Спортивная,277377330
5187,6,7,4,110.0,19990000,Петроградский,проспект Большой Петроградской стороны,74,Петроградская,279728753
5188,3,5,4,108.8,20000000,Адмиралтейский,Галерная ,44Б,Адмиралтейская,297190848
5189,1,8,4,87.6,20000000,Центральный,Коломенская ,10,Владимирская,299357343
5190,2,6,4,101.0,20000000,Адмиралтейский,7-я Красноармейская ,20,Фрунзенская,295057365
5191,5,7,4,121.1,20000000,Кировский,проспект Стачек,67К5,Автово,298135821
5192,3,5,4,93.3,20000000,Центральный,3-я Советская ,22,Площадь Восстания,294686090
5193,2,20,4,106.5,20150000,Московский, Парфеновская,17,Московские ворота,298868754
5194,6,19,4,93.48,20579500,Приморский,Комендантский аэродром,,Пионерская,295464089
5195,4,5,4,134.0,20500000,Пушкинский,Малиновская ,17,Купчино,299612218
5196,1,5,4,84.8,20499000,Красногвардейский,Заневский проспект,7/7,Новочеркасская,299554872
5197,2,7,4,139.7,20500000,Центральный,Гороховая ,32,Сенная площадь,287441525
5198,1,5,4,88.0,20700000,Адмиралтейский,Малодетскосельский проспект,36,Технологический институт,296391541
5199,5,5,4,105.1,20700000,Василеостровский,6-я Васильевского острова линия,25,Василеостровская,291029677
5200,5,5,4,116.2,20900000,Центральный,Ульяны Громовой переулок,5,Площадь Восстания,299569306
5201,13,20,4,115.0,20990000,Красногвардейский,проспект Косыгина,17к1,Ладожская,293780330
5202,1,4,4,120.0,21000000,Адмиралтейский,Садовая ,107,Балтийская,299639842
5203,23,23,4,110.4,21090000,Выборгский,Парнас,3/20,Парнас,299377475
5204,3,6,4,109.3,21000000,Василеостровский,1-я Васильевского острова линия,38,Василеостровская,297619247
5205,5,7,4,120.0,21000000,Петроградский, Подрезова,1,Петроградская,295848283
5206,7,7,4,98.8,21000000,Невский, Бабушкина,81к1,Ломоносовская,298845003
5207,5,7,4,140.0,21100000,Адмиралтейский,набережная Реки Фонтанки,103,Спасская,294108373
5208,3,6,4,96.8,21500000,Центральный, Ломоносова,11-13,Достоевская,266422908
5209,2,5,4,101.1,21500000,Калининский,Финляндский,8/8,,298214396
5210,4,6,4,136.0,21499000,Адмиралтейский,Гороховая ,58,Пушкинская,289052096
5211,1,5,4,68.0,21500000,Василеостровский,18-я Васильевского острова линия,19,,296603800
5212,2,5,4,113.8,21500000,Пушкинский,Слуцкая ,13к2,Купчино,299234272
5213,9,23,4,129.4,21893000,Выборгский,Парнас,3/20,Парнас,299374845
5214,8,23,4,128.2,21690000,Выборгский,Парнас,3/20,Парнас,299142194
5215,3,5,4,129.0,21750000,Центральный,Захарьевская ,21,Площадь Ленина,297349671
5216,12,14,4,108.5,21790000,Московский, Парфеновская,17,Московские ворота,296684386
5217,1,9,4,129.2,21700000,Невский, Дыбенко,40К1,Улица Дыбенко,298116058
5218,1,7,4,95.8,22000000,Василеостровский,1-я Васильевского острова линия,36,Спортивная,297270283
5219,1,2,4,94.4,22000000,Петродворцовый,Лихардовская ,6,Проспект Ветеранов,297277215
5220,13,27,4,99.4,22000000,Московский,Витебский проспект,101к4,Купчино,299629917
5221,4,12,4,83.8,22000000,Приморский,Белоостровская ,7,Лесная,299069292
5222,9,15,4,121.0,22000000,Выборгский,проспект Пархоменко,39,Площадь Мужества,298004059
5223,4,7,4,107.7,22000000,Московский,Ленинский проспект,161,Московская,291469586
5224,2,6,4,114.5,21999000,Центральный,Тележная ,16,Площадь Александра Невского,299486466
5225,3,7,4,107.7,22000000,Адмиралтейский,Бородинская ,1/88,Звенигородская,294627478
5226,15,16,4,102.3,22000000,Приморский,Сердобольская ,7к2,Лесная,290579582
5227,2,3,4,95.0,22000000,Калининский,Герасимовская ,18,Лесная,276668938
5228,3,4,4,118.9,22000000,Адмиралтейский,Вознесенский проспект,45,Садовая,298683666
5229,4,6,4,98.0,22000000,Центральный, Чехова,4,Маяковская,296452309
5230,18,24,4,116.0,22100000,Красносельский,бульвар Балтийский,4,Ленинский проспект,296201320
5231,12,14,4,110.75,22150000,Василеостровский,набережная Миклухо-Маклая,1к1,Приморская,297051025
5232,4,4,4,148.0,22250000,Центральный,Греческий проспект,13,Площадь Восстания,271981968
5233,18,23,4,102.82,22101000,Невский,Октябрьская набережная,3соор1,Улица Дыбенко,298415754
5234,13,16,4,142.0,22200000,Василеостровский,Морская набережная,33,Приморская,295473659
5235,13,14,4,100.0,22300000,Калининский,Кондратьевский проспект,64к4,Лесная,294164551
5236,2,6,4,100.0,22400000,Центральный,Невский проспект,156,,285355254
5237,4,7,4,85.0,22450000,Центральный,Караванная ,14,Гостиный двор,290048956
5238,19,24,4,107.8,22500000,Красносельский,бульвар Балтийский,4,Ленинский проспект,294272735
5239,3,6,4,98.3,22300000,Василеостровский,2-я Васильевского острова линия,29,Василеостровская,276906069
5240,4,6,4,126.0,22700000,Василеостровский,16-я Васильевского острова линия,19,Горный институт,282459139
5241,12,17,4,113.6,22900000,Приморский,Комендантский проспект,34к1,Комендантский проспект,296413084
5242,1,15,4,103.6,22999000,Приморский,Мебельная ,21к1,Беговая,297577252
5243,3,4,4,147.2,22950000,Адмиралтейский,Казанская ,45,Спасская,299344729
5244,3,6,4,109.4,22890000,Московский,Московское шоссе,14к1,Звездная,298536519
5245,3,4,4,115.2,22777000,Адмиралтейский,Конногвардейский бульвар,9Б,Адмиралтейская,294998391
5246,16,17,4,107.0,22900000,Приморский,Парашютная ,61к4,,256066239
5247,2,25,4,105.7,22990000,Приморский,проспект Королева,63к1,Комендантский проспект,299417617
5248,7,9,4,107.0,23000000,Фрунзенский,Альпийский переулок,37к1,Проспект Славы,298784254
5249,1,5,4,90.0,23000000,Московский, Севастьянова,1к2,,296696401
5250,4,6,4,107.7,23000000,Центральный,Кирочная ,25,Площадь Восстания,299466514
5251,7,12,4,90.5,23500000,Выборгский,Светлановский проспект,8,Пионерская,299481732
5252,6,6,4,181.8,23500000,Василеостровский,проспект Средний Васильевского острова,11,Спортивная,291324090
5253,1,15,4,103.7,23500000,Приморский,Мебельная ,21к1,Беговая,299328822
5254,2,17,4,104.0,23500000,Невский,переулок Клочков,10к2,Проспект Большевиков,298845729
5255,13,21,4,109.9,23500000,Московский,Московское шоссе,26к2,Звездная,295423373
5256,2,6,4,127.7,23800000,Адмиралтейский,Серпуховская ,48,Технологический институт,296963207
5257,3,4,4,119.1,23800000,Пушкинский,Жуковско-Волынская ,1/18,,274207007
5258,2,5,4,106.8,24000000,Василеостровский,проспект Малый Васильевского острова,10/62,Спортивная,299592831
5259,2,4,4,104.9,24000000,Центральный,Кузнечный переулок,13,Владимирская,298565321
5260,4,7,4,78.3,23999999,Центральный, Моисеенко,5,Площадь Восстания,299419793
5261,2,7,4,107.7,24000000,Центральный,4-я Советская ,13,Площадь Восстания,292022015
5262,11,15,4,120.0,24000000,Фрунзенский,Софийская ,37к2,Международная,298326050
5263,2,6,4,111.5,23950000,Невский,Ивановская ,17,Ломоносовская,296125538
5264,2,3,4,148.9,24000000,Центральный,Синопская набережная,32/35В,Площадь Александра Невского,285694094
5265,4,4,4,111.5,24000000,Центральный,Невский проспект,22-24,Гостиный двор,280087905
5266,7,7,4,102.3,24000000,Петроградский,Съезжинская ,29,Спортивная,297942481
5267,4,6,4,98.6,24200000,Василеостровский, Челюскина,6,Приморская,298825757
5268,2,4,4,100.9,24200000,Адмиралтейский, Декабристов,19,Спасская,294423056
5269,2,6,4,107.81,24600000,Центральный,3-я Советская ,7,Площадь Восстания,297036742
5270,8,16,4,106.9,24600000,Василеостровский,Морская набережная,15Б,Приморская,295985369
5271,3,5,4,90.0,24500000,Приморский,Школьная ,15,Черная речка,296473636
5272,4,6,4,160.0,24400000,Центральный, Правды,22,Звенигородская,274871381
5273,20,24,4,100.0,24700000,Выборгский,Выборгское шоссе,17к2,Проспект Просвещения,295378570
5274,2,7,4,128.0,24700000,Центральный,Лиговский проспект,65,Площадь Восстания,298701107
5275,13,19,4,136.0,24900000,Кировский,проспект Маршала Жукова,54к1,Ленинский проспект,299560216
5276,2,3,4,104.0,25000000,Центральный,Графский переулок,10/11,Достоевская,273993460
5277,3,7,4,120.8,25000000,Кировский,проспект Стачек,57,Кировский завод,282242656
5278,2,4,4,104.5,24990000,Адмиралтейский,Садовая ,91,Балтийская,295094575
5279,3,6,4,165.1,24990000,Василеостровский,6-я Васильевского острова линия,41,Василеостровская,293651189
5280,2,5,4,110.0,25000000,Адмиралтейский,Садовая ,65,Садовая,295331357
5281,5,7,4,150.0,25000000,Выборгский,шоссе Суздальское,10,Озерки,299437479
5282,4,5,4,104.0,25000000,Адмиралтейский,Почтамтский переулок,2,Адмиралтейская,297922108
5283,2,3,4,104.1,25000000,Центральный,Графский переулок,10/11,Достоевская,294426610
5284,2,7,4,156.1,24900000,Выборгский,шоссе Суздальское,12к2,,297660619
5285,2,10,4,118.1,25000000,Приморский,Новоколомяжский проспект,4К1,Удельная,285494358
5286,3,3,4,108.3,24997000,Адмиралтейский, Декабристов,51,Балтийская,297326941
5287,4,10,4,112.3,25000000,Кировский,проспект Стачек,79,Автово,298784768
5288,1,7,4,101.1,24900000,Адмиралтейский,Измайловский проспект,16/30,Балтийская,284601167
5289,2,14,4,110.0,24900000,Приморский,набережная Черной речки,9,Черная речка,297642930
5290,5,6,4,167.5,25000000,Выборгский, Руднева,22/1,Проспект Просвещения,276489058
5291,4,6,4,112.3,25000000,Центральный,Думская ,5/22,Невский проспект,295895775
5292,9,17,4,103.3,24900000,Фрунзенский,проспект Славы,52к1,Проспект Славы,293942118
5293,3,18,4,128.3,25018500,Василеостровский,бульвар Александра Грина,2к2,Приморская,297679158
5294,9,25,4,115.3,26199999,Калининский, Брянцева,13к1,Гражданский проспект,298331281
5295,4,5,4,138.0,26000000,Пушкинский, Глинки,17,,285102268
5296,6,7,4,172.2,25990000,Калининский, Хлопина,7К3,Площадь Мужества,290951818
5297,4,7,4,131.7,25990000,Петроградский, Ленина,52,Чкаловская,296973237
5298,3,6,4,94.6,26000000,Василеостровский,3-я Васильевского острова линия,58,Спортивная,298745107
5299,23,24,4,105.0,26400000,Красносельский,бульвар Балтийский,4,,291256296
5300,11,17,4,130.0,26500000,Приморский,Коломяжский проспект,20,Пионерская,284814518
5301,3,3,4,106.0,26500000,Василеостровский,Кадетская линия,17,Спортивная,296401388
5302,5,25,4,166.1,26500000,Василеостровский, Нахимова,20,Приморская,295860767
5303,4,4,4,100.0,26800000,Выборгский,Большой Сампсониевский проспект,38-40,Выборгская,299422704
5304,2,10,4,112.6,26856000,Выборгский,Манчестерская ,3,Удельная,299399141
5305,13,13,4,153.8,26950000,Василеостровский,Морская набережная,33,Приморская,292421539
5306,3,6,4,106.2,27000000,Центральный, Рубинштейна,2/45,Достоевская,295372903
5307,4,16,4,106.76,27007100,Василеостровский,Гавань,,,292068452
5308,2,3,4,181.9,27000000,Василеостровский,19-я Васильевского острова линия,2,Горный институт,266346951
5309,3,3,4,132.3,27000000,Центральный, Чайковского,33-37,Площадь Ленина,290434875
5310,3,6,4,103.3,27400000,Московский,Московский проспект,216,Московская,290546481
5311,2,6,4,138.9,27300000,Василеостровский,проспект Средний Васильевского острова,33,Василеостровская,298809023
5312,4,4,4,100.0,27400000,Василеостровский,1-я Васильевского острова линия,4,Василеостровская,296598769
5313,14,14,4,104.3,27475000,Василеостровский,набережная Миклухо-Маклая,1к1,Приморская,299153338
5314,3,7,4,95.7,27295000,Центральный,Лиговский проспект,139,Обводный канал,298986454
5315,2,3,4,165.0,27600000,Приморский,1-я Утиная ,17к1,Озерки,290075085
5316,4,5,4,135.3,28000000,Петроградский,Каменноостровский проспект,59,Петроградская,297182637
5317,7,9,4,140.0,28000000,Выборгский,проспект Энгельса,126К1,Озерки,295198038
5318,5,6,4,170.4,27900000,Петродворцовый,Разводная ,12,,287402885
5319,1,3,4,90.8,28000000,Фрунзенский,Лиговский проспект,201,Обводный канал,299555456
5320,15,25,4,117.87,27850000,Приморский,Коломяжский проспект,13,Пионерская,285390605
5321,6,6,4,95.5,28000000,Петроградский,проспект Большой Петроградской стороны,69,Петроградская,297078428
5322,4,7,4,129.0,28000000,Кировский,проспект Стачек,67К3,Автово,299149656
5323,5,6,4,188.6,27900000,Петродворцовый,Разводная ,12,,293457788
5324,4,5,4,145.4,28000000,Центральный,Пушкинская ,6,Площадь Восстания,294269313
5325,16,20,4,129.2,28000000,Приморский,Долгоозерная ,14,Комендантский проспект,295375392
5326,7,15,4,108.3,28500000,Выборгский,Новолитовская ,14,Лесная,298570176
5327,4,6,4,128.9,28400000,Центральный,Невский проспект,151,Площадь Александра Невского,295047485
5328,11,12,4,114.0,28490000,Курортный,Дубковское шоссе,38,Беговая,298074089
5329,3,3,4,115.0,28400000,Центральный, Чайковского,33-37,Чернышевская,294605770
5330,1,9,4,132.3,28890000,Выборгский,проспект Энгельса,126К1,Озерки,290501717
5331,4,5,4,115.5,28800000,Центральный,Казанская ,8-10,Гостиный двор,290344605
5332,3,11,4,106.7,28800000,Центральный,Кременчугская ,17к3,Площадь Александра Невского,279028513
5333,2,5,4,132.5,29500000,Центральный,Большая Морская ,23/12,Адмиралтейская,295324533
5334,4,5,4,113.2,30000000,Московский,Московский проспект,149А,Электросила,293615061
5335,2,4,4,101.7,30000000,Адмиралтейский,набережная Реки Мойки,62/2,Адмиралтейская,296501288
5336,3,15,4,141.4,29950000,Калининский,проспект Науки,19К2,Академическая,290943879
5337,1,4,4,104.8,29999000,Центральный, Рубинштейна,15-17,Достоевская,292240600
5338,2,3,4,170.0,30000000,Петродворцовый, Аврова,26к1,,298170378
5339,9,10,4,97.1,29850000,Выборгский,Манчестерская ,,Удельная,296642924
5340,2,16,4,116.0,29995000,Московский,Краснопутиловская ,125,Московская,294366944
5341,1,9,4,109.1,29800000,Петроградский,Петровский проспект,11к2,Крестовский остров,283440909
5342,2,4,4,100.2,29900000,Центральный,Парадная ,4,Площадь Восстания,296681696
5343,13,15,4,160.2,30000000,Приморский,Комендантский проспект,27К1,Комендантский проспект,243131157
5344,11,27,4,114.0,29848000,Московский,проспект Космонавтов,37,Московская,296786834
5345,12,12,4,141.4,31000000,Выборгский,Ярославский проспект,66к1,Удельная,291532110
5346,10,12,4,102.9,30900000,Московский, Решетникова,29,Электросила,295003407
5347,3,3,4,102.0,31000000,Приморский, Новая,51к27,Беговая,298042859
5348,3,6,4,120.8,30770000,Василеостровский,6-я Васильевского острова линия,43,Василеостровская,298018068
5349,2,4,4,144.0,31072765,Адмиралтейский,Казначейская ,4,Сенная площадь,295227027
5350,2,6,4,112.3,31500000,Адмиралтейский,Садовая ,97,Сенная площадь,299660633
5351,8,14,4,128.0,31700000,Московский,Бассейная ,73к1,Парк Победы,295162597
5352,3,4,4,131.0,32000000,Приморский,Новосельковская ,12,Пионерская,297247847
5353,3,15,4,160.9,32000000,Невский,проспект Пятилеток,13к1,Проспект Большевиков,294966239
5354,2,6,4,112.5,32000000,Красносельский,проспект Патриотов,35,Ленинский проспект,293718116
5355,5,5,4,97.7,32000000,Петроградский, Мира,10,Горьковская,299060597
5356,12,19,4,122.0,32000000,Московский,Малая Митрофаньевская ,8к1,Московские ворота,299190042
5357,7,15,4,132.1,32000000,Василеостровский, Кораблестроителей,34,Приморская,299016869
5358,4,4,4,118.8,32900000,Василеостровский,проспект Средний Васильевского острова,7,Спортивная,298256791
5359,3,7,4,150.7,32990000,Василеостровский,Гаванская ,20,Приморская,298949464
5360,33,35,4,130.0,33000000,Невский,проспект Обуховской обороны,138к2,Обухово,299522479
5361,3,6,4,133.5,33000000,Петроградский,проспект Большой Петроградской стороны,7/4,Спортивная,284793404
5362,3,8,4,80.5,33999999,Петроградский,Ремесленная ,21,Спортивная,294109474
5363,12,16,4,153.0,33999000,Василеостровский,Морская набережная,35К2,Приморская,286718359
5364,2,4,4,143.0,33999999,Центральный,Суворовский проспект,37,Площадь Восстания,294562882
5365,5,5,4,112.6,34000000,Петроградский,Ждановская набережная,11Д,Спортивная,297319628
5366,12,12,4,92.7,34500000,Красногвардейский,Магнитогорская ,3к2,Новочеркасская,275924129
5367,2,8,4,158.1,34500000,Центральный,Конная ,24,Площадь Александра Невского,296336383
5368,3,15,4,139.7,34500000,Выборгский,проспект Луначарского,11к3,Озерки,298417497
5369,11,14,4,110.0,34600000,Приморский,набережная Черной речки,9,Черная речка,298755978
5370,6,18,4,102.4,34900000,Фрунзенский,Загребский бульвар,9,Дунайская,285947778
5371,3,6,4,123.8,34900000,Центральный,Суворовский проспект,38Б,Чернышевская,299573807
5372,4,6,4,114.6,35000000,Центральный, Чайковского,2/7Б,Чернышевская,299570668
5373,3,6,4,160.0,35000000,Центральный,Кирочная ,49,Чернышевская,294383214
5374,2,10,4,159.7,35000000,Выборгский,проспект Тореза,81к1,Удельная,295015630
5375,16,21,4,120.0,35000000,Василеостровский, Челюскина,8,Приморская,289202007
5376,5,6,4,150.0,35000000,Василеостровский,19-я Васильевского острова линия,14/54,,299357386
5377,7,9,4,123.1,35000000,Адмиралтейский,Серпуховская ,34,Технологический институт,287605685
5378,5,6,4,101.2,35000000,Центральный, Жуковского,43,Площадь Восстания,298724968
5379,19,23,4,106.0,35000000,Калининский,Пискарёвка,5к8,Лесная,278144927
5380,22,25,4,120.0,36000000,Московский, Типанова,27/39,Московская,296006405
5381,4,4,4,168.0,36000000,Василеостровский,проспект Большой Васильевского острова,37/5,Василеостровская,297963700
5382,2,7,4,195.6,36000000,Центральный,Пушкинская ,10,Маяковская,294969950
5383,2,9,4,110.0,36170000,Петроградский,проезд Петровская коса,6к1,Крестовский остров,297855578
5384,4,9,4,133.8,36795000,Василеостровский,Детская ,18,Василеостровская,297991504
5385,2,6,4,127.0,36490000,Центральный,Смольный проспект,9,Новочеркасская,291926055
5386,5,9,4,134.1,36877000,Василеостровский,Детская ,18,Приморская,297991497
5387,4,8,4,122.0,37700000,Петроградский,Петровский проспект,26к2,Крестовский остров,298579972
5388,4,8,4,118.0,37800000,Петроградский,Петровский проспект,26к2,Крестовский остров,293812066
5389,13,25,4,151.1,38000000,Василеостровский, Нахимова,20,Приморская,298515597
5390,3,8,4,145.0,38000000,Московский,Алтайская ,12,Московская,266372444
5391,22,23,4,171.1,38000000,Выборгский,проспект Тореза,112к1,Удельная,292595265
5392,4,10,4,118.0,39000000,Московский,Московское шоссе,16к1,Звездная,298555281
5393,5,7,4,170.1,38950000,Адмиралтейский,набережная Реки Фонтанки,131,Сенная площадь,299239814
5394,8,20,4,122.0,38800000,Василеостровский, Челюскина,8,Приморская,292902987
5395,25,25,4,120.0,39500000,Московский,Краснопутиловская ,113К1,Московская,299596881
5396,14,14,4,159.8,39500000,Московский,Смоленская ,14,Фрунзенская,293984607
5397,2,3,4,210.0,39500000,Приморский,Эстонская ,19,Комендантский проспект,297692432
5398,2,3,4,216.5,39990000,Приморский,проспект Авиаконструкторов,55К2,Комендантский проспект,292590084
5399,3,10,4,104.7,39950000,Красногвардейский,Магнитогорская ,11,Новочеркасская,294509119
5400,5,8,4,118.4,39900000,Петроградский,Петровский проспект,26Д,Крестовский остров,297157220
5401,12,25,4,105.7,40000000,Московский,Московский проспект,,Московская,297908960
5402,4,7,4,134.1,40000000,Адмиралтейский,набережная Канала Грибоедова,144,Балтийская,262828758
5403,3,4,4,156.8,40000000,Василеостровский,проспект Большой Васильевского острова,35,Василеостровская,288157617
5404,3,9,4,175.83,39900000,Выборгский,Костромской проспект,71,Удельная,290783858
5405,3,8,4,125.0,40450000,Петроградский,Петровский проспект,26к2,Крестовский остров,299618680
5406,6,6,4,122.3,40980000,Петроградский,проспект Малый Петроградской стороны,79-81-83,Петроградская,298976589
5407,4,11,4,144.6,41800000,Адмиралтейский,набережная Обводного Канала,108,Фрунзенская,297991510
5408,21,23,4,170.0,41500000,Московский, Ленсовета,87к3,Звездная,289672681
5409,5,5,4,166.7,41800000,Центральный,Невский проспект,180/2,Площадь Александра Невского,296405519
5410,12,12,4,158.5,43100000,Фрунзенский,Тамбовская ,7к2,Обводный канал,298535093
5411,4,4,4,152.0,42950000,Приморский, Новая,51к1,Беговая,287844931
5412,7,8,4,137.0,43500000,Пушкинский,Детскосельский бульвар,5а,Купчино,286530380
5413,2,7,4,134.4,43800000,Адмиралтейский,Малодетскосельский проспект,40,Фрунзенская,297950958
5414,6,7,4,140.3,44500000,Петроградский, Блохина,13,Спортивная,286204787
5415,2,8,4,130.0,44680000,Петроградский,Петровский проспект,22к2,Крестовский остров,299022445
5416,3,10,4,127.0,45000000,Петроградский,Офицерский переулок,8,Спортивная,289485792
5417,16,24,4,116.5,45000000,Московский,Московский проспект,,Московская,286164702
5418,4,4,4,150.0,44950000,Приморский, Новая,51к1,Беговая,287845209
5419,10,12,4,129.9,45000000,Красносельский,проспект Героев,30,Ленинский проспект,295207970
5420,7,8,4,101.9,44999999,Адмиралтейский,набережная Обводного Канала,106,Фрунзенская,296476921
5421,3,4,4,168.3,45700000,Адмиралтейский,набережная Канала Грибоедова,105,Спасская,283322030
5422,1,6,4,158.0,47000000,Адмиралтейский,Адмиралтейская набережная,12-14,Адмиралтейская,299136243
5423,6,7,4,181.3,47000000,Московский,Свеаборгская ,11,Электросила,290501646
5424,3,7,4,152.1,48000000,Центральный,Тележная ,32,Площадь Александра Невского,292044299
5425,10,11,4,215.0,48368000,Василеостровский, Одоевского,21к1,Приморская,299336692
5426,4,4,4,205.3,48245500,Пушкинский,Захаржевская ,14,Звездная,297818910
5427,2,8,4,135.75,49105000,Адмиралтейский,Московский проспект,65,Фрунзенская,292684092
5428,10,15,4,184.0,48700000,Красногвардейский,Большеохтинский проспект,16к1,Новочеркасская,273036197
5429,3,6,4,140.4,50000000,Петроградский,проспект Добролюбова,19,Спортивная,276142024
5430,2,5,4,98.0,49995000,Василеостровский,9-я Васильевского острова линия,68,Василеостровская,290212891
5431,2,5,4,216.4,50000000,Красногвардейский,Большеохтинский проспект,31,Новочеркасская,279276155
5432,5,5,4,221.0,49900000,Адмиралтейский,Адмиралтейская набережная,12-14,Адмиралтейская,265222288
5433,2,7,4,138.5,50930000,Адмиралтейский,Малодетскосельский проспект,40,Фрунзенская,298853371
5434,12,15,4,150.0,51000000,Московский,Московское шоссе,3к4,Звездная,292176968
5435,2,9,4,143.0,53000000,Петроградский,проезд Петровская коса,6к1,Крестовский остров,294460914
5436,2,9,4,175.0,53280000,Петроградский,Петровский проспект,9к2,Крестовский остров,299481969
5437,24,24,4,160.6,54000000,Московский,Московский проспект,,Московская,293745730
5438,4,5,4,118.7,54000000,Василеостровский,20-я Васильевского острова линия,7,Василеостровская,293483858
5439,3,5,4,136.0,53900000,Центральный,Итальянская ,33,Гостиный двор,295910633
5440,8,10,4,150.34,53900000,Петроградский,Большая Разночинная ,19а,Чкаловская,294580796
5441,2,7,4,142.0,55640000,Адмиралтейский,Малодетскосельский проспект,40,Фрунзенская,294392840
5442,3,7,4,161.0,56000000,Адмиралтейский,Можайская ,18,Пушкинская,275054966
5443,7,8,4,132.3,56000000,Петроградский,Петровский проспект,22к2,Спортивная,292438984
5444,15,20,4,154.5,57000000,Приморский,Ушаковская набережная,3к4,Черная речка,269181088
5445,2,4,4,126.3,58500000,Красносельский,Петергофское шоссе,45,Проспект Ветеранов,298378202
5446,1,6,4,192.7,58800000,Петроградский,набережная Мартынова,74Д,Крестовский остров,297374266
5447,9,20,4,168.0,58400000,Выборгский,аллея Академика Лихачева,7,Площадь Мужества,296193876
5448,9,10,4,170.0,59400000,Петроградский,Песочная набережная,18,Петроградская,290886392
5449,35,36,4,250.0,60000000,Невский,проспект Обуховской обороны,138к2,Рыбацкое,298945107
5450,5,5,4,210.0,59900000,Приморский,Нижне-Каменская ,7к1,Комендантский проспект,295910376
5451,4,6,4,147.4,60000000,Центральный,набережная Канала Грибоедова,10,Гостиный двор,294007241
5452,4,25,4,148.9,59500000,Приморский,Дибуновская ,50,Старая Деревня,299359968
5453,6,6,4,213.3,60000000,Петроградский,Кронверкская ,29/37Б,Петроградская,287951168
5454,1,7,4,133.0,60990000,Петроградский,Морской проспект,24,,297810396
5455,2,7,4,179.7,61000000,Петроградский,Петровский проспект,11к3,Крестовский остров,299323420
5456,13,26,4,207.0,62100000,Приморский,Приморский проспект,137к1,Беговая,288004485
5457,2,6,4,151.5,63000000,Московский,Московский проспект,151,Электросила,298433620
5458,3,9,4,190.0,62890000,Петроградский,проезд Петровская коса,6к1,Крестовский остров,297855077
5459,5,5,4,153.0,64000000,Адмиралтейский,Адмиралтейская набережная,12-14,Адмиралтейская,294252568
5460,6,10,4,123.0,65000000,Петроградский,Петровский проспект,5,Спортивная,299243400
5461,4,5,4,135.0,65000000,Петроградский,Барочная ,6,Чкаловская,296537059
5462,8,8,4,212.0,64500000,Адмиралтейский,Серпуховская ,34,Технологический институт,257998266
5463,3,3,4,187.7,65000000,Адмиралтейский,Почтамтская ,8,Адмиралтейская,299137107
5464,4,4,4,234.1,65000000,Петроградский,Каменноостровский проспект,50,Петроградская,294351726
5465,7,8,4,154.38,67386870,Петроградский, Чапаева,19Б,Петроградская,297747621
5466,9,9,4,177.3,69000000,Петроградский,Офицерский переулок,8с2,Спортивная,281123691
5467,9,9,4,128.4,69000000,Петроградский,Аптекарский проспект,5,Петроградская,299243409
5468,5,7,4,157.0,69500000,Приморский,Приморский проспект,78к5,Беговая,293126915
5469,12,14,4,124.5,69800000,Красногвардейский,Магнитогорская ,3к2,Новочеркасская,299666206
5470,7,13,4,157.0,69900000,Петроградский,Песочная набережная,12,Петроградская,295416231
5471,4,9,4,170.3,70000000,Петроградский,Крестовский проспект,15,Крестовский остров,281852622
5472,2,4,4,238.1,70000000,Центральный,Гагаринская ,12,Площадь Ленина,298661433
5473,3,8,4,157.0,72000000,Приморский,Приморский проспект,78к5,Беговая,299293501
5474,8,15,4,140.0,74000000,Приморский,Ушаковская набережная,3к2,Черная речка,297961352
5475,5,6,4,223.0,73900000,Центральный, Рубинштейна,2/45,Достоевская,298897512
5476,4,7,4,143.6,74990000,Петроградский,проезд Петровская коса,6к1,Крестовский остров,299122060
5477,5,6,4,211.0,75000000,Центральный,Моховая ,47,Гостиный двор,298450551
5478,3,9,4,171.0,75000000,Петроградский,Петровский проспект,1,Чкаловская,297507834
5479,1,11,4,202.9,77600000,Петроградский,Петровский проспект,11к3,Спортивная,282918307
5480,9,9,4,479.0,78000000,Василеостровский,Морская набережная,21к1,Приморская,292706028
5481,2,9,4,220.4,78900000,Петроградский,Крестовский проспект,15,Крестовский остров,295910505
5482,5,7,4,146.0,80385000,Центральный,Таврическая ,37,Чернышевская,295132580
5483,4,7,4,175.0,81900000,Центральный, Восстания,8а,Площадь Восстания,297891598
5484,5,6,4,180.0,84990000,Центральный,Таврическая ,5,Чернышевская,284914584
5485,2,6,4,138.4,85000000,Центральный,переулок Басков,2,Чернышевская,299006648
5486,11,12,4,163.4,85000000,Петроградский,Песочная набережная,18,Петроградская,293136992
5487,3,5,4,149.8,85000000,Центральный,Смольный проспект,13,Чернышевская,295198536
5488,3,5,4,149.8,85000000,Центральный,Смольный проспект,13,Чернышевская,299339909
5489,3,5,4,149.0,85000000,Центральный,Смольный проспект,13,Чернышевская,260000419
5490,4,8,4,137.9,89000000,Центральный,Смольная набережная,12,Маяковская,296804785
5491,7,7,4,212.4,88722774,Петроградский, Рентгена,25,Петроградская,291495866
5492,3,6,4,200.0,95000000,Петроградский,Морской проспект,11,Крестовский остров,297306325
5493,10,10,4,216.5,95000000,Петроградский,Петровский проспект,14,Спортивная,287547621
5494,4,9,4,143.9,96000000,Петроградский,Кемская ,1,Крестовский остров,299058387
5495,9,13,4,147.6,96600000,Петроградский,Ждановская ,45,Чкаловская,299654414
5496,10,10,4,176.7,99000000,Центральный,Кирочная ,70,Чернышевская,299078902
5497,2,7,4,203.0,99000000,Петроградский,Морской проспект,33,Крестовский остров,294864394
5498,5,8,4,152.0,100000000,Центральный,Смольный проспект,17,Чернышевская,296636206
5499,3,8,4,145.3,105000000,Центральный,Дегтярный переулок,26,Площадь Александра Невского,297776580
5500,4,7,4,172.0,109000000,Петроградский,Каменноостровский проспект,38/96,Петроградская,227534278
5501,5,6,4,200.0,110000000,Центральный,переулок Басков,2,Чернышевская,295910428
5502,2,6,4,200.0,113000000,Петроградский, Эсперова,10,Крестовский остров,298628259
5503,3,9,4,181.1,120000000,Петроградский, Рюхина,10,Крестовский остров,285910194
5504,9,9,4,450.0,119900000,Петроградский, Рентгена,19,Петроградская,238626248
5505,8,12,4,280.0,125500000,Петроградский,Ждановская ,45,Спортивная,293618840
5506,2,8,4,187.0,128980000,Петроградский,Кемская ,1,Крестовский остров,279496497
5507,6,6,4,238.0,135900000,Петроградский,Петровский проспект,2,Спортивная,296334068
5508,7,7,4,237.3,139554200,Петроградский,проезд Петровская коса,6к1,Крестовский остров,298728163
5509,7,7,4,237.4,144275400,Петроградский,проезд Петровская коса,6к1,Крестовский остров,298734484
5510,4,7,4,215.2,150000000,Центральный,Смольный проспект,17,Чернышевская,298984530
5511,7,10,4,162.6,160000000,Петроградский,Вязовая ,8,Крестовский остров,296556401
5512,8,9,4,156.0,170000000,Петроградский,набережная Адмирала Лазарева,22,Чкаловская,299336167
5513,3,7,4,209.1,178000000,Петроградский,Вязовая ,8,Крестовский остров,299243407
5514,7,7,4,163.7,180000000,Центральный,Невский проспект,137,Площадь Восстания,299243403
5515,2,7,4,244.2,179000000,Петроградский,Кемская ,7,Крестовский остров,299179541
5516,6,10,4,170.6,185000000,Центральный,набережная Воскресенская,4,Чернышевская,295956131
5517,12,12,4,243.0,190000000,Центральный,Кирочная ,64,Чернышевская,294647620
5518,4,10,4,228.0,197287399,Петроградский,Вязовая ,8,Чкаловская,288282481
5519,4,10,4,228.0,197287399,Петроградский,Вязовая ,8,Крестовский остров,277970074
5520,3,7,4,198.0,200000000,Петроградский,Мытнинская набережная,5,Горьковская,298506520
5521,1,6,4,199.8,220000000,Петроградский,Спортивная ,2,Крестовский остров,296202225
5522,4,9,4,185.0,230000000,Центральный,набережная Воскресенская,32,Площадь Ленина,295678321
5523,4,4,4,254.7,231000000,Петроградский,Крестовский проспект,4,Крестовский остров,298277223
5524,4,4,4,257.4,231000000,Петроградский,Крестовский проспект,4,Крестовский остров,293619243
5525,4,6,4,203.0,295000000,Центральный,Большая Морская ,4,Адмиралтейская,294761095
5526,7,7,4,240.7,349000000,Центральный,Шпалерная ,26,Чернышевская,299336190
5527,7,7,4,240.7,349000000,Центральный,набережная Воскресенская,32,Площадь Ленина,297296551
5528,3,5,-1,88.6,860000,Петроградский, Мира,1,Горьковская,296611025
5529,6,7,4,192.7,260000000,Петроградский,Константиновский проспект,23,Крестовский остров,297260161
5530,4,5,-1,89.7,1880000,Невский,2-й Рабфаковский переулок,1К1,Обухово,298255790
5531,2,6,-1,73.7,2000000,Василеостровский,14-я Васильевского острова линия,45,Василеостровская,298911457
5532,5,9,-1,86.0,2450000,Колпинский,Раумская ,11,Шушары,296519985
5533,5,5,-1,10.76,2500000,Василеостровский,18-я Васильевского острова линия,13А,Василеостровская,295315758
5534,4,5,-1,73.8,3500000,Московский,Пулковское шоссе,97,Звездная,297548500
5535,5,5,-1,120.0,3550000,Центральный, Моисеенко,3/14,Площадь Восстания,297429425
5536,4,4,-1,107.0,3600000,Фрунзенский,Боровая ,58,Обводный канал,299652116
5537,8,9,-1,74.0,4800000,Фрунзенский, Турку,32К1,Проспект Славы,293959293
5538,7,10,-1,86.0,5000000,Фрунзенский,Бухарестская ,72К1,Международная,298483550
5539,3,3,-1,62.2,5100000,Центральный,1-я Советская ,10,Площадь Восстания,287411145
5540,3,5,4,64.0,5500000,Петродворцовый, Пулеметчиков,20,Проспект Ветеранов,285486992
5541,2,5,4,59.3,5950000,Колпинский,Пролетарская ,127,Шушары,294625624
5542,5,5,4,49.0,6400000,Кировский,Ленинский проспект,137К4,Ленинский проспект,294392900
5543,5,5,4,49.8,6400000,Кировский, Подводника Кузьмина,36,Ленинский проспект,272176725
5544,1,5,4,49.0,6450000,Кировский,Дачный проспект,9К6,Проспект Ветеранов,297376164
5545,4,5,4,49.2,6500000,Московский, Костюшко,54,Московская,294847362
5546,3,5,4,49.0,6500000,Кировский, Зины Портновой,14,Ленинский проспект,298944705
5547,3,5,4,49.5,6500000,Кировский,бульвар Новаторов,46,Ленинский проспект,297494537
5548,3,5,4,49.0,6600000,Красносельский, Пограничника Гарькавого,48К1,Проспект Ветеранов,295733397
5549,5,5,4,51.6,6750000,Московский,Ленинский проспект,148К2,Ленинский проспект,298257142
5550,5,6,4,47.9,6750000,Кировский,Краснопутиловская ,55,Автово,297274747
5551,3,5,4,49.1,6850000,Московский,Краснопутиловская ,117,Московская,298757068
5552,5,5,4,49.0,6950000,Московский,Краснопутиловская ,105,Ленинский проспект,287148007
5553,1,5,4,49.1,6999000,Кировский,Дачный проспект,20,Проспект Ветеранов,296508916
5554,4,5,4,49.1,6990000,Кировский,Дачный проспект,5К1,Проспект Ветеранов,298144402
5555,3,5,4,49.0,7000000,Кировский, Лени Голикова,46,Проспект Ветеранов,277725187
5556,1,5,4,48.9,7000000,Кировский, Подводника Кузьмина,13,Проспект Ветеранов,299357192
5557,3,5,4,48.6,7000000,Кировский,Дачный проспект,20,Проспект Ветеранов,297322786
5558,1,5,4,49.0,7000000,Кировский, Танкиста Хрустицкого,23,Проспект Ветеранов,288875854
5559,3,5,4,49.0,7199000,Кировский, Подводника Кузьмина,13,Проспект Ветеранов,299142294
5560,2,5,4,49.0,7200000,Кировский,бульвар Новаторов,68,Проспект Ветеранов,296944525
5561,1,5,4,49.0,7350000,Фрунзенский, Белы Куна,26К2,Международная,299145721
5562,1,5,4,48.6,7499000,Кировский,бульвар Новаторов,60,Ленинский проспект,298165768
5563,3,9,4,68.0,7490000,Красносельский,Кингисеппское шоссе,10к1,,297444378
5564,2,5,4,58.7,7500000,Кировский, Примакова,6,Автово,299470030
5565,2,5,4,49.4,7500000,Кировский, Солдата Корзуна,54,Проспект Ветеранов,298133101
5566,4,5,4,60.2,7500000,Кировский, Танкиста Хрустицкого,33,Проспект Ветеранов,286148624
5567,3,5,4,49.1,7500000,Кировский,бульвар Новаторов,86,Проспект Ветеранов,282636286
5568,4,5,4,49.0,7500000,Фрунзенский, Турку,8К4,Международная,299328943
5569,4,5,4,62.0,7500000,Красносельский,проспект Ленина,90,,298870559
5570,5,9,4,74.0,7500000,Колпинский,Раумская ,11,Шушары,296572787
5571,4,10,4,73.0,7600000,Красносельский, Коммунаров,114,Проспект Ветеранов,298633278
5572,2,5,4,49.3,7600000,Кировский, Зины Портновой,20,Ленинский проспект,299497225
5573,5,5,4,48.9,7600000,Красносельский,проспект Народного ополчения,241К3,Проспект Ветеранов,297448551
5574,1,5,4,48.5,7650000,Красносельский,проспект Народного ополчения,241К4,Проспект Ветеранов,297454290
5575,3,5,4,49.9,7700000,Кировский,Дачный проспект,24,Проспект Ветеранов,292389551
5576,5,5,4,60.2,7849999,Кировский,проспект Народного ополчения,31,Ленинский проспект,284247026
5577,4,5,4,49.0,7800000,Кировский,проспект Народного ополчения,93,Проспект Ветеранов,298081789
5578,4,5,4,59.5,7850000,Кировский,проспект Стачек,220К2,Проспект Ветеранов,294315717
5579,3,5,4,49.0,7900000,Кировский,Краснопутиловская ,57,Автово,297188751
5580,3,5,4,49.0,8000000,Кировский,Ленинский проспект,129К4,Ленинский проспект,298745516
5581,9,9,4,79.8,8000000,Колпинский,бульвар Трудящихся,15к3,Шушары,299111978
5582,5,5,4,48.1,8000000,Красносельский,проспект Народного ополчения,241К4,Проспект Ветеранов,278513551
5583,2,5,4,97.6,8200000,Красносельский, Политрука Пасечника,5к1,Проспект Ветеранов,293186280
5584,2,5,4,59.8,8200000,Кировский, Козлова,43К2,Проспект Ветеранов,295132563
5585,2,5,4,49.2,8290000,Кировский, Лени Голикова,36,Проспект Ветеранов,295185569
5586,3,5,4,60.0,8300000,Кировский,проспект Народного ополчения,111,Проспект Ветеранов,297153145
5587,1,2,4,54.2,8500000,Красногвардейский,Рябовское шоссе,21,Проспект Большевиков,296964337
5588,2,5,4,49.4,8500000,Фрунзенский, Белы Куна,13К3,Международная,290187061
5589,2,5,4,58.8,8500000,Кировский,Трамвайный проспект,19К1,Ленинский проспект,277448374
5590,2,9,4,62.4,8600000,Невский,Народная ,16,Ломоносовская,299248261
5591,5,5,4,59.1,8599999,Кировский, Лени Голикова,8,,297174800
5592,1,9,4,73.5,8600000,Выборгский, Сантьяго-де-Куба,6К2,Озерки,299088500
5593,7,9,4,71.5,8700000,Колпинский,Заводской проспект,16к2,Шушары,297644944
5594,8,9,4,91.9,8800000,Колпинский,Загородная ,62,Рыбацкое,293917297
5595,3,9,4,78.4,8900000,Колпинский,Пролетарская ,54,,257121919
5596,4,5,4,59.3,9000000,Кировский,Ленинский проспект,125К5,Ленинский проспект,298273636
5597,1,9,4,72.7,9000000,Красногвардейский,проспект Наставников,5К3,Ладожская,298421261
5598,2,2,4,81.6,9000000,Петродворцовый,Суворовская ,5к4,,299067734
5599,1,9,4,76.0,9000000,Невский,проспект Солидарности,8К5,Проспект Большевиков,294769303
5600,1,9,4,76.0,9000000,Красногвардейский,Хасанская ,8К1,Улица Дыбенко,293278575
5601,1,9,4,72.2,9150000,Красногвардейский,проспект Энтузиастов,51К3,Ладожская,286798549
5602,1,9,4,74.2,9150000,Фрунзенский,Бухарестская ,33К5,Международная,299065435
5603,6,6,4,74.8,9400000,Пушкинский,Ленсоветовский тер.,15,Шушары,293891803
5604,3,5,4,60.3,9450000,Фрунзенский,проспект Славы,30К4,Проспект Славы,297753632
5605,1,12,4,84.0,9499999,Красносельский, Пионерстроя,15К3,Ленинский проспект,296635295
5606,7,9,4,97.4,9500000,Красносельский,Красногородская ,19к1,Проспект Ветеранов,296875717
5607,4,5,4,59.3,9500000,Кировский, Лени Голикова,38,Проспект Ветеранов,299415034
5608,2,9,4,73.3,9500000,Калининский,Тихорецкий проспект,35,Политехническая,296413092
5609,4,14,4,78.0,9500000,Красногвардейский, Передовиков,29К1,,296067627
5610,5,8,-1,107.0,9600000,Петроградский,Каменноостровский проспект,65,Петроградская,298902647
5611,6,9,4,74.5,9700000,Невский,проспект Солидарности,9К2,Проспект Большевиков,291596837
5612,1,4,4,91.3,9700000,Колпинский,Пролетарская ,103,Рыбацкое,296781861
5613,8,10,4,87.5,9800000,Красногвардейский,Рябовское шоссе,121К2,Проспект Большевиков,298137930
5614,9,9,4,64.4,9800000,Фрунзенский,Софийская ,55,Международная,288769847
5615,1,10,4,80.8,9800000,Кировский, Козлова,15К2,Ленинский проспект,282490691
5616,3,5,4,59.5,9800000,Фрунзенский,проспект Славы,39,Проспект Славы,298482902
5617,4,5,4,85.6,9990000,Невский,2-й Рабфаковский переулок,1К1,Пролетарская,292909091
5618,1,9,4,73.6,9990000,Красногвардейский, Коммуны,44к2,Ладожская,298008542
5619,4,9,4,73.0,10000000,Приморский, Маршала Новикова,5,Комендантский проспект,291837339
5620,1,14,4,75.0,10000000,Красногвардейский, Коммуны,40,Новочеркасская,297219099
5621,1,5,4,90.0,10200000,Московский,Витебский проспект,23К4,Парк Победы,299081559
5622,7,9,4,72.0,10200000,Выборгский,Суздальский проспект,5К1,Озерки,284066987
5623,1,9,4,75.7,10165000,Выборгский,проспект Художников,43/14,Проспект Просвещения,297735340
5624,1,9,4,75.7,10250000,Выборгский,проспект Художников,43/14,Проспект Просвещения,298978975
5625,5,9,4,73.3,10250000,Выборгский,Суздальский проспект,9,Парнас,298220272
5626,7,9,4,73.2,10300000,Красногвардейский,проспект Косыгина,31к3Б,Улица Дыбенко,296684596
5627,12,14,4,74.6,10299999,Выборгский, Композиторов,19,Проспект Просвещения,298753013
5628,2,9,4,73.6,10250000,Калининский,Светлановский проспект,79,Политехническая,299037894
5629,1,10,4,86.8,10400000,Красносельский, Коммунаров,124,Проспект Ветеранов,296204857
5630,8,10,4,86.4,10399999,Красносельский,Кингисеппское шоссе,12к1,Проспект Ветеранов,298936830
5631,7,9,4,74.1,10480000,Выборгский,Северный проспект,16К1,Озерки,297008748
5632,7,9,4,75.0,10500000,Выборгский,проспект Энгельса,127,Проспект Просвещения,274930725
5633,9,9,4,74.2,10450000,Выборгский,проспект Просвещения,46К2,Проспект Просвещения,284437836
5634,5,5,4,48.6,10500000,Кировский,бульвар Новаторов,20,Ленинский проспект,299528934
5635,6,10,4,73.4,10500000,Фрунзенский, Турку,22К1,Международная,298020726
5636,3,6,-1,96.0,10500000,Невский, Бабушкина,73,Ломоносовская,296710067
5637,3,9,4,64.0,10590000,Фрунзенский, Белы Куна,2К1,Международная,296506914
5638,1,9,4,78.51,10600000,Фрунзенский,Софийская ,29К1,Международная,287480576
5639,3,9,4,74.0,10700000,Выборгский,Учебный переулок,12К2,Озерки,271567769
5640,1,9,4,88.6,10700000,Колпинский,Раумская ,15,Шушары,295338510
5641,9,14,4,75.0,10700000,Красносельский,проспект Ветеранов,142,Ленинский проспект,291384037
5642,6,14,4,74.0,10800000,Выборгский, Композиторов,15,Проспект Просвещения,297792180
5643,1,9,4,78.1,10999999,Выборгский,проспект Художников,27К1,Проспект Просвещения,299651385
5644,3,6,4,75.5,10980000,Адмиралтейский,Старо-Петергофский проспект,37,Нарвская,294792727
5645,10,14,4,74.8,10999000,Невский,Шлиссельбургский проспект,45,Рыбацкое,299658655
5646,5,9,4,73.3,10990000,Красногвардейский, Коммуны,28к2,Улица Дыбенко,299253437
5647,6,9,4,75.1,11000000,Невский, Коллонтай,21К2,Проспект Большевиков,298165378
5648,5,11,4,73.1,11000000,Московский,Дунайский проспект,26/77,Звездная,298481837
5649,6,9,4,76.7,11000000,Выборгский,проспект Художников,31К1,Проспект Просвещения,292847240
5650,4,10,4,72.2,11000000,Московский,Дунайский проспект,5,Звездная,284763025
5651,5,9,4,77.2,11090000,Невский, Дыбенко,11К1,Улица Дыбенко,298035698
5652,8,9,4,76.4,11100000,Фрунзенский, Белы Куна,7К1,Международная,299397242
5653,8,9,4,77.5,11200000,Невский, Дыбенко,36К1,Улица Дыбенко,298840190
5654,3,9,4,72.9,11300000,Невский, Подвойского,42,Улица Дыбенко,289318628
5655,7,7,4,74.0,11300000,Адмиралтейский,Бронницкая ,37,Фрунзенская,287617975
5656,1,10,4,89.2,11500000,Красносельский, Маршала Казакова,38К1,Автово,297812159
5657,8,10,4,73.4,11500000,Приморский,Планерная ,23К2,Комендантский проспект,297583927
5658,6,25,4,108.0,11500000,Пушкинский,проспект Новгородский,4,Купчино,294995837
5659,8,9,4,74.0,11500000,Выборгский,Учебный переулок,12К2,Озерки,297813093
5660,9,9,4,73.0,11500000,Выборгский,Поэтический бульвар,5,Проспект Просвещения,295902355
5661,5,9,4,79.7,11500000,Невский,проспект Солидарности,9К1,Проспект Большевиков,279396389
5662,5,7,4,73.0,11500000,Кронштадтский,Посадская ,1/82,,296476976
5663,24,27,4,90.7,11650000,Выборгский, Архитектора Белова,6к3,Парнас,272854337
5664,9,9,4,73.4,11750000,Фрунзенский,Купчинская ,20К4,Дунайская,298428387
5665,3,14,4,82.7,11890000,Петродворцовый,Ботаническая ,18к4,,299615243
5666,2,11,4,93.9,11990000,Пушкинский,Московское шоссе,262к3,Купчино,297724090
5667,12,14,4,74.1,11999998,Невский,Шлиссельбургский проспект,41,Рыбацкое,291459291
5668,9,10,4,88.0,11900000,Колпинский,Тверская ,33,Шушары,273336479
5669,2,9,4,73.4,11900000,Выборгский, Сантьяго-де-Куба,8К1,Озерки,280011824
5670,7,18,4,92.9,12000000,Красногвардейский,проспект Маршака,4,Девяткино,298754322
5671,6,6,4,59.7,12000000,Петроградский,Большая Монетная ,7,Горьковская,290704157
5672,4,7,4,98.4,12000000,Василеостровский,10-я Васильевского острова линия,15Б,Василеостровская,295908567
5673,1,10,4,90.0,12000000,Приморский,Долгоозерная ,7,Комендантский проспект,297737043
5674,2,14,4,74.2,12000000,Красносельский,Ленинский проспект,96К3,Автово,290717286
5675,6,14,4,74.6,12000000,Красногвардейский, Передовиков,37,Новочеркасская,296908142
5676,6,7,4,90.2,12299999,Василеостровский,18-я Васильевского острова линия,23,Василеостровская,298379593
5677,5,5,4,69.2,12300000,Центральный,8-я Советская ,34,Площадь Восстания,293912994
5678,9,10,4,87.7,12250000,Приморский,Планерная ,77,Комендантский проспект,294602178
5679,2,5,4,108.8,12498000,Невский, Седова,19,Елизаровская,296934817
5680,12,14,4,75.0,12500000,Невский,Шлиссельбургский проспект,45,Рыбацкое,298978939
5681,6,7,4,92.0,12500000,Василеостровский,18-я Васильевского острова линия,23,Василеостровская,297841334
5682,14,14,4,71.3,12500000,Красносельский,2-я Комсомольская ,42,Проспект Ветеранов,288004038
5683,3,4,4,97.8,12500000,Колпинский,проспект Ленина,17/10,Шушары,286120274
5684,9,18,4,69.9,12500000,Красносельский,2-я Комсомольская ,40к3,Проспект Ветеранов,295261064
5685,1,9,4,80.7,12500000,Фрунзенский,Загребский бульвар,31/5,Дунайская,268660441
5686,6,10,4,100.9,12699000,Выборгский,Приозерское шоссе,16к4,Проспект Просвещения,285032535
5687,3,14,4,75.0,12690000,Невский, Латышских Стрелков,5К2,Проспект Большевиков,296215933
5688,5,5,4,83.0,12800000,Центральный,Гончарная ,11а,Площадь Восстания,272505309
5689,2,9,4,74.1,12900000,Выборгский,Придорожная аллея,3К1,Проспект Просвещения,296636529
5690,4,4,4,81.5,12900000,Пушкинский, Красной Звезды,24,,298927596
5691,7,18,4,93.3,12990000,Красногвардейский,проспект Маршака,4,Девяткино,298883102
5692,3,4,4,80.0,12950000,Центральный,набережная Обводного Канала,57,Обводный канал,296134088
5693,10,18,4,95.5,12900000,Красногвардейский, Даниила Хармса,6,Гражданский проспект,290521422
5694,9,9,4,82.1,12990000,Красносельский, Партизана Германа,12,Ленинский проспект,289696749
5695,6,9,4,89.3,12900000,Красносельский,Петергофское шоссе,84к15,,293510459
5696,7,9,4,77.7,13000000,Калининский, Софьи Ковалевской,18,Академическая,294467371
5697,1,10,4,73.3,13000000,Калининский, Академика Байкова,9,Политехническая,298411709
5698,2,3,4,110.0,13000000,Красносельский,Стрельнинское шоссе,37,Ленинский проспект,294476079
5699,5,5,-1,100.0,13000000,Василеостровский,16-я Васильевского острова линия,25Б,Василеостровская,296309998
5700,9,10,4,78.2,13200000,Выборгский,проспект Просвещения,41,Проспект Просвещения,296750717
5701,4,9,4,82.6,13300000,Красносельский, Партизана Германа,12,Проспект Ветеранов,299151980
5702,5,7,4,76.8,13500000,Адмиралтейский,Большой Казачий переулок,9,Сенная площадь,298760830
5703,1,9,4,77.7,13500000,Невский, Антонова-Овсеенко,25К1,Улица Дыбенко,294850376
5704,1,10,4,88.0,13500000,Приморский,Планерная ,67К1,Комендантский проспект,296396297
5705,6,6,4,89.0,13500000,Адмиралтейский,Угловой переулок,7,Фрунзенская,286418259
5706,6,6,4,86.2,13500000,Петроградский,Чкаловский проспект,60,Петроградская,292044105
5707,6,9,4,94.0,13500000,Выборгский,проспект Энгельса,135,Проспект Просвещения,295693901
5708,2,7,4,86.0,13500000,Петроградский, Всеволода Вишневского,14,Петроградская,295403571
5709,4,6,4,81.4,13600000,Адмиралтейский,Курляндская ,8,Балтийская,297272136
5710,4,7,4,104.3,13600000,Кировский,Кронштадтская ,20,Автово,299414215
5711,8,9,4,73.0,13650000,Приморский, Маршала Новикова,5,Комендантский проспект,297810890
5712,2,9,4,81.1,13760000,Василеостровский,Наличная ,36К5,Приморская,293804428
5713,3,6,4,65.1,13700000,Петроградский,Лахтинская ,9,Чкаловская,296507530
5714,1,8,4,83.4,13700000,Московский,проспект Юрия Гагарина,27,Московская,298974003
5715,7,8,4,79.8,13700000,Центральный, Марата,36-38,Владимирская,280312705
5716,4,5,4,75.6,13700000,Московский,Московский проспект,127,Московские ворота,287648077
5717,5,6,4,73.4,13800000,Центральный,Социалистическая ,3,Звенигородская,293402580
5718,2,10,4,81.0,13900000,Василеостровский,Наличная ,36К5,Приморская,270414233
5719,13,16,4,93.3,13800000,Красногвардейский,Полюстрово,68к2,Девяткино,280400916
5720,3,3,4,116.8,13899999,Колпинский,Центральная ,,Рыбацкое,294457786
5721,4,12,4,95.3,14000000,Невский,Рыбацкий проспект,49К2,Рыбацкое,293909511
5722,2,4,4,77.3,14000000,Курортный, Первого Мая,2,,296401032
5723,4,5,4,98.0,13950000,Василеостровский,10-я Васильевского острова линия,15,Василеостровская,293820522
5724,2,3,4,85.3,14000000,Кировский,Дачный проспект,23К4,Проспект Ветеранов,298474321
5725,2,4,4,77.2,14000000,Центральный,Лиговский проспект,48В,Лиговский проспект,296012240
5726,8,9,4,74.8,14000000,Фрунзенский, Турку,22К1,Международная,295379200
5727,1,10,4,75.9,13995000,Калининский,Тимуровская ,30К1,Гражданский проспект,298841650
5728,3,10,4,86.1,14000000,Приморский, Шаврова,5к2В,Комендантский проспект,299226175
5729,3,6,4,112.0,14000000,Пушкинский, Галицкая,6к5,Шушары,284696221
5730,3,4,4,85.0,14200000,Кронштадтский, Карла Маркса,21,,295749351
5731,5,7,4,89.4,14100000,Адмиралтейский,Старо-Петергофский проспект,37,Нарвская,298763371
5732,5,5,4,93.1,14350000,Петроградский,Большая Пушкарская ,29,Петроградская,295413930
5733,8,18,4,93.7,14290000,Красногвардейский, Даниила Хармса,4,,297842223
5734,3,5,4,99.8,14499000,Фрунзенский,Лиговский проспект,237,Обводный канал,298891112
5735,2,5,4,75.2,14400000,Центральный, Марата,70а-70б,Звенигородская,297085431
5736,1,3,4,84.5,14400000,Василеостровский,1-я Васильевского острова линия,32,Спортивная,295048648
5737,1,17,4,85.3,14500000,Приморский, Савушкина,130К2,Беговая,288049823
5738,2,12,4,95.6,14500000,Невский,Шлиссельбургский проспект,14К1,Рыбацкое,299239207
5739,5,5,4,119.0,14500000,Центральный, Марата,77,Звенигородская,289697027
5740,1,9,4,78.9,14499000,Выборгский, Кустодиева,20К1,Проспект Просвещения,299281649
5741,1,10,4,78.9,14499000,Выборгский, Кустодиева,20К1,Проспект Просвещения,296558493
5742,4,7,4,88.0,14799000,Московский,Смоленская ,1Д,Фрунзенская,294846761
5743,9,10,4,87.4,14700000,Невский,Искровский проспект,2,Проспект Большевиков,293983197
5744,5,12,4,94.0,14700000,Приморский,Приморский проспект,141К2,Беговая,289424733
5745,5,6,4,111.0,14900000,Кировский, Трефолева,3,Нарвская,278633025
5746,2,7,4,94.4,14850000,Адмиралтейский,Курляндская ,6-8,Балтийская,278019630
5747,7,18,4,107.2,14900000,Московский,5-й Предпортовый проезд,12к1,,285533494
5748,2,5,4,80.0,15000000,Центральный,Волоколамский переулок,3,Площадь Восстания,257586529
5749,1,5,4,90.5,15000000,Московский,проспект Космонавтов,20К2,Московская,296781828
5750,5,5,4,116.0,15000000,Центральный,Суворовский проспект,47,Площадь Восстания,299028250
5751,3,5,4,99.8,15000000,Фрунзенский,Лиговский проспект,237,Обводный канал,295712516
5752,5,7,4,74.7,15000000,Василеостровский, Опочинина,17,Василеостровская,299527203
5753,5,6,-1,136.3,15000000,Петроградский,Малая Посадская ,15,Горьковская,298519197
5754,1,12,4,93.9,15200000,Приморский,Приморский проспект,141К2,Беговая,284400404
5755,2,16,4,119.8,15100000,Красногвардейский,проспект Ударников,22К1,Улица Дыбенко,299132105
5756,19,20,4,99.8,15250000,Красносельский, Маршала Казакова,68к1,,284307059
5757,6,17,4,95.5,15300000,Красногвардейский,Ковалевская ,20к3,Ладожская,296050282
5758,1,9,4,110.0,15499000,Красносельский, Маршала Захарова,18к2,Автово,297011976
5759,5,14,4,104.9,15500000,Выборгский, Тихоокеанская,14к2,Проспект Просвещения,299577737
5760,3,6,4,79.8,15499999,Петроградский,Съезжинская ,24Б,Спортивная,298419597
5761,2,5,4,75.9,15560000,Петроградский,Каменноостровский проспект,6Г,Горьковская,299192495
5762,2,6,4,99.6,15500000,Центральный, Марата,57,Лиговский проспект,298086249
5763,3,12,4,96.2,15500000,Приморский,проспект Королева,34К1,Комендантский проспект,298731698
5764,1,6,4,73.4,15500000,Адмиралтейский,переулок Бойцова,4В,Садовая,291695499
5765,3,4,4,74.3,15500000,Василеостровский,1-я Васильевского острова линия,22,Спортивная,297032492
5766,1,5,4,84.2,15500000,Центральный,Кирилловская ,6,Площадь Александра Невского,288539575
5767,3,6,4,85.0,15700000,Центральный,Пушкинская ,11,Маяковская,299659722
5768,3,3,4,99.1,15690000,Красногвардейский,Среднеохтинский проспект,23,Новочеркасская,294571475
5769,2,5,4,72.1,15600000,Московский,Московский проспект,127литЗ,Московские ворота,297430693
5770,5,14,4,91.0,15600000,Василеостровский, Кораблестроителей,46к1В,Приморская,286812768
5771,4,5,4,100.6,15700000,Центральный,Невский проспект,154,Площадь Александра Невского,284800963
5772,4,6,4,101.2,15790000,Адмиралтейский,Серпуховская ,48,Технологический институт,274403633
5773,9,16,4,86.0,15850000,Калининский, Карпинского,33к1,Академическая,295390244
5774,1,12,4,88.0,15850000,Приморский,Камышовая ,42К1,Комендантский проспект,290512157
5775,2,5,4,89.1,16000000,Курортный,Комсомольская ,10,Беговая,299172974
5776,12,19,4,108.0,15900000,Московский,5-й Предпортовый проезд,12к1,Звездная,280450416
5777,4,6,4,95.7,16000000,Калининский,Кондратьевский проспект,42,Выборгская,299525260
5778,5,5,4,95.0,15990000,Петроградский, Воскова,8/5,Горьковская,297103767
5779,3,6,4,111.6,16000000,Петроградский, Подрезова,26бБ,Чкаловская,287170967
5780,3,4,4,95.9,16000000,Фрунзенский,Лиговский проспект,247,Обводный канал,297754146
5781,3,4,4,96.0,16000000,Фрунзенский,Лиговский проспект,247,Обводный канал,297681677
5782,4,7,4,109.5,15970000,Адмиралтейский,Подольская ,38,Технологический институт,283478570
5783,4,4,4,81.2,16000000,Петроградский,Мончегорская ,10б,Чкаловская,274206709
5784,4,12,4,95.8,15990000,Невский,Рыбацкий проспект,49К2,Рыбацкое,274312879
5785,5,9,4,96.0,16000000,Калининский, Руставели,58К1,Гражданский проспект,295193231
5786,3,4,4,74.5,16000000,Петроградский, Полозова,21,Чкаловская,292945920
5787,1,12,4,95.3,16300000,Невский,Рыбацкий проспект,47,Рыбацкое,299121011
5788,5,6,4,85.9,16200000,Петроградский,Большая Монетная ,22,Петроградская,298401527
5789,4,6,4,81.0,16350000,Московский,Смоленская ,1Д,Московские ворота,296476982
5790,2,5,4,100.6,16300000,Кировский,Оборонная ,14,Нарвская,286554052
5791,15,16,4,105.5,16250000,Невский,Союзный проспект,6к1,Проспект Большевиков,297942842
5792,3,5,4,90.1,16320000,Невский, Полярников,15,Ломоносовская,285791228
5793,2,5,4,92.8,16500000,Красногвардейский,Среднеохтинский проспект,4,Новочеркасская,293864694
5794,7,10,4,74.6,16499999,Невский, Чудновского,8к4,Проспект Большевиков,298682144
5795,2,4,4,74.0,16500000,Василеостровский,18-я Васильевского острова линия,11,Василеостровская,293959533
5796,9,19,4,113.4,16400000,Красносельский,Ленинский проспект,55к1,Ленинский проспект,294789025
5797,5,5,4,98.0,16500000,Кировский,Огородный переулок,2,Кировский завод,298851117
5798,2,6,4,113.0,16500000,Адмиралтейский,Московский проспект,50,Технологический институт,290202231
5799,5,6,4,80.6,16400000,Василеостровский,4-я Васильевского острова линия,39,Спортивная,296290803
5800,4,8,4,90.0,16480000,Выборгский,Лесной проспект,61к1,Лесная,293102795
5801,3,7,4,84.3,16500000,Адмиралтейский,переулок Бойцова,4В,Садовая,284722578
5802,3,5,4,94.1,16500000,Выборгский,проспект Энгельса,70/1,Удельная,287616740
5803,2,3,4,100.1,16500000,Адмиралтейский, Якубовича,14,Адмиралтейская,281166370
5804,2,4,4,83.0,16700000,Центральный,Полтавская ,14,Площадь Восстания,299015308
5805,7,7,4,84.2,16750000,Центральный,Мытнинская ,9,,294857663
5806,1,5,4,100.5,16800000,Петроградский, Красного Курсанта,26,Чкаловская,296046319
5807,2,6,4,89.9,16700000,Приморский,Белоостровская ,25,Черная речка,296487467
5808,5,10,4,89.1,16700000,Приморский, Ильюшина,6,Комендантский проспект,297847251
5809,2,4,4,76.5,16790000,Петроградский,Петровский проспект,3,Чкаловская,293216356
5810,2,4,4,83.0,16700000,Центральный,Полтавская ,14,Площадь Восстания,298510221
5811,2,6,4,98.1,16700000,Адмиралтейский,Старо-Петергофский проспект,37,Нарвская,295880561
5812,1,5,4,100.0,16750000,Приморский,Торжковская ,2К3,Черная речка,291581258
5813,2,6,4,89.9,16900000,Приморский,Белоостровская ,25,Черная речка,296092909
5814,6,6,4,109.1,16950000,Центральный, Константина Заслонова,9/4Б,Лиговский проспект,297038579
5815,3,5,4,90.6,17000000,Центральный,Гончарная ,11а,Площадь Восстания,294231573
5816,5,6,4,88.6,17000000,Василеостровский,7-я Васильевского острова линия,26,Василеостровская,267986618
5817,4,6,4,90.4,17000000,Петроградский,Большая Посадская ,9/5Б,Горьковская,279178028
5818,2,5,4,121.0,17300000,Центральный, Рылеева,21,Чернышевская,292278052
5819,9,12,4,81.7,17300000,Василеостровский, Кораблестроителей,29К2,Приморская,295933676
5820,4,4,4,146.0,17250000,Адмиралтейский,проспект Римского-Корсакова,97,Балтийская,292540314
5821,9,25,4,105.1,17343000,Выборгский, Руднева,14к2,Проспект Просвещения,265838007
5822,2,5,4,112.9,17500000,Колпинский, Анисимова,5к2,Шушары,281042676
5823,4,4,3,78.0,16800000,Приморский, Савушкина,15,Черная речка,287362808
5824,4,5,4,81.4,17950000,Центральный,проспект Чернышевского,10,Площадь Ленина,298457200
5825,4,8,3,67.9,16300000,Центральный,7-я Советская ,6,Площадь Восстания,299083057
5826,2,4,1,22.28,4500047,Петродворцовый,,,Автово,299493945
5827,2,8,1,32.9,5990000,Василеостровский,11-я Васильевского острова линия,20,Василеостровская,277896720
5828,11,15,-1,21.39,6389999,Красногвардейский,переулок Уткин,,,297849093
5829,5,5,1,32.1,6965700,Василеостровский,4-я Васильевского острова линия,51,Спортивная,297045565
5830,13,14,1,25.85,9939999,Красногвардейский,проспект Энергетиков,2,,279352025
5831,4,5,-1,20.9,7294933,Василеостровский,7-я Васильевского острова линия,62к2,Василеостровская,295938212
5832,8,12,1,24.56,6000179,Приморский,Коломяги,,Озерки,298292426
5833,5,5,1,20.0,5825500,Василеостровский,4-я Васильевского острова линия,51,Спортивная,297045544
5834,3,5,1,23.53,4151706,Московский,Пулковский меридиан,,Купчино,295852661
5835,1,5,-1,25.3,7099344,Василеостровский,7-я Васильевского острова линия,62к2,Василеостровская,293687544
5836,4,5,1,23.23,4155049,Московский,Пулковский меридиан,,Звездная,295852663
5837,4,12,1,27.53,8800000,Выборгский,Светлановское,,Удельная,297725660
5838,2,5,1,25.49,4367600,Московский,Пулковский меридиан,,Купчино,295852705
5839,9,18,-1,35.58,9318402,Фрунзенский, Салова,61,Бухарестская,290539872
5840,3,9,1,23.71,8909999,Адмиралтейский, Шкапина,43-45,Балтийская,299481346
5841,9,18,-1,35.38,9234180,Фрунзенский, Салова,61,Бухарестская,296846414
5842,5,12,-1,22.8,8525376,Курортный,Приморское шоссе,570Л,,289388363
5843,2,6,-1,23.7,5273365,Фрунзенский,Прилукская ,35,Обводный канал,299506288
5844,2,9,1,18.62,4973572,Красносельский, Тамбасова,5,Проспект Ветеранов,295859159
5845,2,19,1,25.1,8400000,Приморский,переулок Ипподромный,1к2,Пионерская,293135775
5846,7,16,-1,24.4,8500000,Московский,Московский проспект,103к6Й,Московские ворота,297692860
5847,8,18,-1,39.49,9880398,Фрунзенский, Салова,61,Бухарестская,290539857
5848,2,19,1,31.39,9709999,Василеостровский,Морской,,,279507404
5849,8,18,-1,40.86,10076076,Фрунзенский, Салова,61,Бухарестская,296846408
5850,4,14,1,21.9,7531112,Фрунзенский,Волковское,,Волковская,299131636
5851,6,8,1,28.1,10500000,Выборгский, Александра Матросова,3,Лесная,293955405
5852,4,9,1,27.9,15898967,Центральный,Лиговка-Ямская,,Площадь Восстания,299131345
5853,3,4,1,28.98,4745000,Центральный,Разъезжая ,36,Лиговский проспект,299521411
5854,3,23,1,25.09,5206765,Приморский, Ивинская,1к2,Зенит,298977395
5855,1,5,-1,18.7,3450000,Адмиралтейский,набережная Обводного Канала,142/16,Нарвская,299503783
5856,12,27,1,20.12,5030000,Выборгский,Заречная ,54,Проспект Просвещения,297361025
5857,12,24,-1,21.29,3650000,Невский,проспект Большевиков,,Улица Дыбенко,298128045
5858,2,18,1,27.34,8659999,Василеостровский,Морской,,,282487163
5859,3,5,1,26.68,7050000,Петроградский,проспект Малый Петроградской стороны,23,Чкаловская,288345392
5860,1,7,1,24.8,5250184,Красносельский,проспект Буденного,21к1,Автово,298034331
5861,3,6,1,26.68,7040000,Петроградский,Мончегорская ,10,Чкаловская,296521881
5862,2,12,1,27.06,9550015,Василеостровский,Уральская ,,Василеостровская,297657362
5863,2,4,1,30.0,7300000,Петроградский, Чапаева,11/4,Горьковская,287128743
5864,3,5,1,24.2,4994986,Пушкинский, Камероновская,20,,295183000
5865,4,21,1,28.1,6990000,Калининский,Пискарёвка,7к6,Лесная,297664728
5866,2,7,1,25.46,7650093,Невский,Невская застава,,Елизаровская,299266593
5867,1,5,-1,32.0,8334033,Василеостровский,7-я Васильевского острова линия,62,Василеостровская,295363973
5868,7,10,1,28.41,13753281,Приморский,Лисичанская ,22,Черная речка,297998447
5869,6,14,1,26.0,8560000,Василеостровский,Уральская ,21,Василеостровская,299649242
5870,3,13,1,21.9,7834013,Выборгский,Сампсониевское,,Лесная,298767278
5871,3,11,-1,29.1,6690000,Московский,Детский переулок,2,Московские ворота,277270307
5872,5,15,-1,21.57,5095891,Красногвардейский,проспект Энергетиков,6,Ладожская,298767309
5873,2,5,1,20.0,4100000,Василеостровский,15-я Васильевского острова линия,68,Василеостровская,297954435
5874,5,10,1,26.6,9576000,Выборгский,Манчестерская ,5к1,Удельная,298355549
5875,2,4,1,26.84,4950000,Адмиралтейский,набережная Крюкова Канала,8,Спасская,296321928
5876,4,9,1,23.0,9177000,Петроградский,Петровский проспект,9к2,Спортивная,294546137
5877,2,6,1,29.7,7500000,Петроградский,Введенская ,17,Горьковская,297264030
5878,6,8,1,21.62,10042490,Петроградский,Петровский,,Крестовский остров,294544903
5879,2,4,1,32.0,7600000,Петроградский, Чапаева,11/4,Горьковская,287171076
5880,4,12,1,21.28,6700156,Невский,Невская застава,,Елизаровская,299613706
5881,2,4,1,20.0,4999000,Адмиралтейский,набережная Реки Фонтанки,93,Садовая,299646341
5882,3,10,1,24.5,8000132,Выборгский,Светлановский проспект,12к1,Удельная,296659502
5883,2,5,-1,31.9,14838358,Адмиралтейский,Гороховая ,47В,Сенная площадь,292492730
5884,2,17,1,50.5,14150226,Невский,Фарфоровская ,7к2,Ломоносовская,296729906
5885,1,5,1,29.01,4990000,Адмиралтейский,набережная Реки Фонтанки,137,Технологический институт,299392821
5886,2,25,1,20.4,4702200,Невский,Октябрьская набережная ЖК,,Ломоносовская,296205664
5887,1,5,1,20.81,3720000,Адмиралтейский,набережная Реки Фонтанки,137,Садовая,299180814
5888,2,14,1,22.6,7192450,Фрунзенский,Волковское,1,Обводный канал,290735446
5889,1,5,1,32.61,5390000,Адмиралтейский,набережная Реки Фонтанки,137,Садовая,299171718
5890,2,14,1,20.0,6616320,Фрунзенский,Волковское,5,Обводный канал,293795738
5891,2,5,1,26.33,4685000,Адмиралтейский,Лермонтовский проспект,23,Балтийская,293481854
5892,2,4,1,28.48,5900215,Красносельский,проспект Буденного,15,Проспект Ветеранов,299312171
5893,2,5,1,18.73,3355000,Адмиралтейский,Лермонтовский проспект,23,Балтийская,298811369
5894,6,11,1,22.0,12409348,Московский, Коли Томчака,,Московские ворота,296317334
5895,5,6,1,28.8,7290000,Адмиралтейский,Загородный проспект,45,Пушкинская,296972364
5896,3,13,1,28.35,7415169,Василеостровский,Гавань,,Горный институт,298644014
5897,2,2,1,11.0,3690000,Адмиралтейский,Московский проспект,54,Фрунзенская,287446022
5898,14,17,1,19.71,6218505,Василеостровский,Гавань,12,Горный институт,298050453
5899,4,5,-1,35.2,9921008,Василеостровский,7-я Васильевского острова линия,62,Василеостровская,295664681
5900,2,15,1,28.71,5039999,Выборгский,,,,297535095
5901,4,5,-1,35.9,9618890,Василеостровский,7-я Васильевского острова линия,62к2,Василеостровская,295664671
5902,13,25,1,24.25,8244091,Приморский,Богатырский проспект,2А,Пионерская,297024827
5903,3,5,1,31.0,7150000,Пушкинский,Гусарская ,4к5,Купчино,294974843
5904,4,8,-1,20.18,11088900,Петроградский,Петровский,,Чкаловская,298008222
5905,1,5,-1,34.9,9302020,Василеостровский,7-я Васильевского острова линия,62к2,Василеостровская,291165334
5906,3,13,1,27.1,6352219,Приморский,Планерная ,87к1,Комендантский проспект,297182842
5907,4,4,-1,50.0,7295000,Центральный,Социалистическая ,7/11В,Звенигородская,294651891
5908,2,10,1,24.01,6750111,Московский,м. Ленинский проспект,,Ленинский проспект,298405647
5909,7,21,1,29.4,6000000,Невский, Крыленко,1к1с7,Улица Дыбенко,291984646
5910,8,25,1,22.2,4907670,Приморский,набережная Реки Каменки,15к3,Озерки,299100880
5911,5,5,1,44.42,10950000,Адмиралтейский,Спасский переулок,6-8,Сенная площадь,286202332
5912,16,17,1,20.34,6763050,Василеостровский,Гавань,,Приморская,298050048
5913,15,21,1,26.7,5450000,Выборгский,Заречная ,13к1,Парнас,297640572
5914,12,12,1,47.84,14208481,Приморский, Плесецкая,6,Комендантский проспект,292252113
5915,5,5,1,33.65,9590000,Адмиралтейский,Спасский переулок,6-8,Сенная площадь,286192505
5916,4,23,1,25.0,5463250,Приморский, Ивинская,5к1,Зенит,297362003
5917,2,12,1,23.6,4800000,Приморский,Глухарская ,,Беговая,293261939
5918,5,13,1,20.59,4293361,Приморский,аллея Арцеуловская,9,Старая Деревня,294365879
5919,8,25,1,24.5,5100000,Приморский, Плесецкая,20к1,Комендантский проспект,299152850
5920,4,25,1,18.3,3257400,Красногвардейский,Полюстрово,,Академическая,299364751
5921,2,3,1,21.0,4100000,Выборгский, Первомайская,26,Проспект Просвещения,296171651
5922,2,14,-1,24.49,3998871,Невский,Невский,,,295182799
5923,6,24,1,22.0,4800000,Приморский, Плесецкая,10,Комендантский проспект,297882983
5924,3,10,1,28.7,7690000,Московский,Киевская ,5к6,Обводный канал,299495896
5925,10,12,1,25.81,3100000,Пушкинский,Ленсоветовский тер.,,,298987559
5926,5,14,-1,24.55,5350000,Красногвардейский,Магнитогорская ,51,Новочеркасская,299196210
5927,1,8,1,21.3,2850000,Выборгский, Центральная,13,Озерки,298270946
5928,12,18,1,24.33,6000033,Невский,Невский,,Проспект Большевиков,298861001
5929,5,8,1,24.8,4500000,Красносельский, Генерала Кравченко,7к3,Проспект Ветеранов,299372091
5930,3,12,1,21.4,4750136,Приморский,Коломяги,,Проспект Просвещения,298769375
5931,10,13,1,23.93,4500000,Приморский,Планерная ,87к1,Комендантский проспект,293907097
5932,2,12,1,21.1,5422700,Красногвардейский,Партизанская ,5Б,Ладожская,299403354
5933,2,5,1,27.9,7550000,Василеостровский,Кадетская линия,7/2,Спортивная,295934090
5934,2,23,1,21.7,5370750,Красносельский,Юго-Запад,,Автово,296181332
5935,1,5,1,20.9,6990000,Василеостровский,16-я Васильевского острова линия,97,Василеостровская,293373578
5936,5,12,1,25.31,6616287,Московский,Звёздное,,Звездная,298641868
5937,8,15,-1,24.5,5150000,Василеостровский,бульвар Александра Грина,3,Приморская,295373197
5938,10,13,1,22.39,4218218,Пушкинский,,,Купчино,294872835
5939,3,5,-1,28.2,12897164,Адмиралтейский,Гороховая ,47В,Сенная площадь,299249964
5940,8,10,-1,20.46,6751800,Выборгский, Курчатова,,Политехническая,299037490
5941,3,8,1,19.4,9199000,Петроградский,Петровский,,Спортивная,293885557
5942,5,9,1,21.42,6050004,Московский,Новоизмайловское,,,299664522
5943,5,5,1,26.9,4990000,Московский,Пулковское шоссе,71к14,Звездная,289518002
5944,6,24,1,32.03,6949987,Приморский,шоссе Суздальское,18к2,Проспект Просвещения,298650663
5945,1,4,-1,12.0,2200000,Адмиралтейский,набережная Реки Фонтанки,189,Балтийская,297064199
5946,4,25,1,24.7,6500052,Приморский,проспект Авиаконструкторов,69,Комендантский проспект,295774768
5947,3,16,1,26.88,5500000,Московский,Пулковское шоссе,42к6,Звездная,299599046
5948,3,12,-1,20.82,4996800,Приморский,м. Комендантский проспект,,Комендантский проспект,294911280
5949,3,4,-1,20.0,4845000,Центральный,Социалистическая ,7/11В,Звенигородская,296170916
5950,6,25,1,20.56,3690520,Красногвардейский,м. Гражданский проспект,,Гражданский проспект,299096353
5951,4,4,1,33.65,9580000,Адмиралтейский,Спасский переулок,6-8,Спасская,296837352
5952,4,5,1,24.3,4750030,Московский, Струве,8к2,Звездная,299582455
5953,3,6,1,26.8,7000000,Центральный, Марата,40,Владимирская,294733087
5954,2,5,1,21.99,3988748,Московский,Пулковский меридиан,,Звездная,295852629
5955,10,12,1,26.0,8600000,Адмиралтейский,Малая Митрофаньевская ,5к1,Московские ворота,294779923
5956,9,12,-1,35.62,6040000,Кировский,Автово,5к1,Автово,279676825
5957,2,5,1,18.2,5650000,Центральный,Гончарная ,17,Площадь Восстания,297265866
5958,2,5,1,24.66,4350036,Московский,Пулковский меридиан,,Звездная,299044016
5959,8,20,1,23.0,6190000,Приморский,Комендантский проспект,60к3,Комендантский проспект,299292815
5960,2,15,-1,26.9,5454366,Невский, Евдокима Огнева,3,Улица Дыбенко,296210650
5961,6,12,-1,27.6,6699000,Приморский,Озеро Долгое,15к3,Старая Деревня,298022675
5962,3,5,1,35.97,6109150,Колпинский,проезд Понтонный,6,Рыбацкое,298794440
5963,1,19,1,23.7,4900000,Василеостровский, Вадима Шефнера,10к1,Приморская,296710066
5964,2,4,1,23.26,4250171,Пушкинский,,,Купчино,296659668
5965,12,23,1,25.0,7000000,Невский, Крыленко,2,,299485491
5966,5,11,1,23.77,3125100,Пушкинский,,,Шушары,294087620
5967,1,25,1,22.3,4100000,Пушкинский,проспект Новгородский,7к2,Купчино,299419043
5968,2,6,1,23.07,3726200,Московский,Пулковский меридиан,,Звездная,297264470
5969,9,12,1,24.5,3800000,Колпинский, Севастьянова,28к2,,268687421
5970,6,15,-1,32.92,7909999,Красногвардейский,Малая Охта,,,279351281
5971,12,16,1,22.7,4900000,Невский, Крыленко,1к1с6,Ломоносовская,296231955
5972,5,5,1,25.3,5108300,Пушкинский,Пулковское тер.,,Звездная,279689456
5973,21,27,1,25.5,5500000,Выборгский,Заречная ,36,Парнас,299606187
5974,11,15,-1,28.8,8129999,Красногвардейский,переулок Уткин,,,297849144
5975,9,11,1,24.0,6560000,Невский,Октябрьская набережная,86К2,Елизаровская,297700502
5976,11,15,-1,22.07,6559999,Красногвардейский,переулок Уткин,,,297849086
5977,24,25,1,22.36,5850000,Красносельский, Маршала Казакова,21к2,Автово,297461092
5978,11,15,-1,39.67,10559999,Красногвардейский,переулок Уткин,,,297849176
5979,2,8,-1,25.47,11111111,Петроградский,Ремесленная ,,Спортивная,294315502
5980,1,5,1,26.45,5537500,Пушкинский, Нины Петровой,6к1,Купчино,279690642
5981,14,26,1,26.1,5600000,Выборгский, Михаила Дудина,10,Парнас,293294520
5982,1,5,1,26.0,5392320,Пушкинский, Нины Петровой,8к1,Купчино,279688837
5983,4,7,-1,16.5,4100000,Приморский,Приморский проспект,6,Черная речка,299005882
5984,7,17,1,24.75,7012499,Калининский,Финляндский,,,294621944
5985,13,19,1,28.2,5990000,Московский, Федора Котанова,13к1,Звездная,298339220
5986,7,9,1,21.62,6110532,Красносельский, Тамбасова,5,Проспект Ветеранов,295858095
5987,12,26,1,28.9,6640000,Невский,проспект Александровской фермы,8с1,Пролетарская,296358032
5988,7,23,1,24.63,5486279,Приморский, Ивинская,1к1,Зенит,297361746
5989,25,25,1,25.9,6600000,Кировский,проспект Народного ополчения,10,Ленинский проспект,297728488
5990,16,17,1,22.05,6578460,Калининский,Финляндский,,,298150986
5991,2,12,1,34.6,7980000,Приморский, Плесецкая,6,,281081916
5992,2,17,1,27.42,7423680,Калининский,Финляндский,,,294621976
5993,15,26,1,26.0,5750000,Выборгский, Михаила Дудина,10,Парнас,298512415
5994,6,12,-1,22.2,8940411,Курортный,Приморское шоссе,570Л,,295923677
5995,17,28,1,28.6,5200000,Выборгский, Федора Абрамова,16к1,Парнас,297557069
5996,6,15,1,29.74,5209999,Выборгский,,,,297535460
5997,8,19,1,25.97,6490000,Приморский,Комендантский проспект,55к1,Комендантский проспект,299519154
5998,7,11,1,21.7,6777000,Невский,Октябрьская набережная,86К2,Пролетарская,294777969
5999,16,16,1,32.5,7800000,Приморский,Туристская ,24/42,Беговая,297845395
6000,8,9,1,24.43,6712419,Красносельский, Тамбасова,5,Проспект Ветеранов,295858961
6001,3,7,1,29.0,7200000,Адмиралтейский,Можайская ,37-39,Пушкинская,298745940
6002,4,14,1,23.0,7909387,Фрунзенский,Волковское,,Волковская,299131639
6003,10,12,1,24.6,6800000,Выборгский,Светлановский проспект,8,Удельная,292149743
6004,1,8,-1,22.8,5631600,Курортный, Правды,,,295094653
6005,22,27,1,28.3,5300000,Выборгский, Архитектора Белова,6к5,Парнас,298969216
6006,13,14,1,30.71,11049999,Красногвардейский,проспект Энергетиков,2,,279352022
6007,3,13,1,24.4,4890000,Приморский, Плесецкая,20к2,Комендантский проспект,299380619
6008,3,9,1,34.72,12729999,Адмиралтейский, Шкапина,43-45,Балтийская,299481528
6009,17,17,1,34.0,7300000,Московский, Федора Котанова,5к1,Звездная,299152054
6010,13,14,1,31.2,12035930,Фрунзенский,Волковское,,Волковская,299131745
6011,5,6,1,25.55,5450000,Фрунзенский,Днепропетровская ,59,Обводный канал,294303916
6012,14,25,1,30.08,17338939,Московский,Алтайская ,39,Московская,296065119
6013,5,12,1,23.8,6990000,Невский,Железнодорожный проспект,14к3,Ломоносовская,293252681
6014,1,8,-1,35.0,8645000,Курортный, Правды,,,294787262
6015,6,8,1,27.2,4770000,Красносельский,проспект Буденного,23к3,,289912623
6016,11,14,1,31.78,11599999,Красногвардейский,проспект Энергетиков,2,,279351911
6017,11,18,1,27.6,5750000,Московский, Среднерогатская,20,Звездная,299382380
6018,1,8,-1,25.9,6526800,Курортный, Правды,,,295094655
6019,20,25,1,24.0,5880000,Московский, Орджоникидзе,52,Звездная,298052502
6020,11,11,1,21.1,6591000,Невский,Октябрьская набережная,86К2,Пролетарская,293297434
6021,16,19,1,29.0,6700000,Приморский,Комендантский проспект,57к1,Комендантский проспект,293806551
6022,4,9,1,39.6,19811541,Центральный,Лиговка-Ямская,,Площадь Восстания,299131359
6023,6,24,1,24.5,4900000,Приморский, Верхне-Каменская,9к1,Комендантский проспект,299105786
6024,6,11,1,29.1,15437822,Московский, Коли Томчака,,Московские ворота,287028872
6025,8,24,1,27.06,4000000,Невский, Русановская,20к1,Ломоносовская,299017413
6026,4,9,1,34.0,18629868,Центральный,Лиговка-Ямская,,Площадь Восстания,299131348
6027,9,12,1,24.5,4350000,Красносельский, Летчика Лихолетова,14к2,Проспект Ветеранов,297459200
6028,5,12,-1,21.91,5258400,Приморский,м. Комендантский проспект,,Комендантский проспект,294909935
6029,5,10,1,22.0,7950000,Центральный,Синопская набережная,24,,298229584
6030,3,10,1,26.3,3322500,Пушкинский,,,Шушары,294086742
6031,13,17,1,24.08,7150000,Невский,Фарфоровская ,7к2,Ломоносовская,296685262
6032,4,16,-1,26.7,9450000,Московский,Московский проспект,103к6Й,Московские ворота,271710016
6033,3,6,1,28.7,8100000,Центральный,Тележная ,21,Площадь Александра Невского,298392350
6034,10,10,1,24.54,7450313,Московский,м. Ленинский проспект,,Ленинский проспект,288949935
6035,18,21,1,19.1,3560000,Красногвардейский, Чарушинская,26к1,Девяткино,298373909
6036,2,6,1,27.01,4383610,Московский,Пулковский меридиан,,Звездная,297264481
6037,11,18,1,23.2,6750000,Московский, Среднерогатская,16к2,Звездная,299111836
6038,3,26,1,28.5,5671500,Пушкинский,проспект Новгородский,2к3,Купчино,268906987
6039,6,10,1,32.0,13600000,Петроградский,Аптекарский проспект,18,Петроградская,299191256
6040,4,11,1,25.24,3190000,Пушкинский,,,Шушары,294087606
6041,2,19,1,25.05,5600000,Приморский,Комендантский проспект,59к1,Комендантский проспект,296745318
6042,9,26,1,25.0,4650000,Пушкинский,проспект Новгородский,2к3,Купчино,296746313
6043,3,12,1,30.5,7980000,Выборгский,Манчестерская ,3к2,Удельная,298524132
6044,3,4,1,24.9,4700111,Пушкинский,шоссе Колпинское,127,Купчино,280678084
6045,4,13,1,24.3,7650000,Фрунзенский, Тосина,6,Обводный канал,297999208
6046,2,4,1,24.92,4400136,Пушкинский,,,Шушары,295505145
6047,23,25,1,18.06,4800000,Выборгский, Брюлловская,3,Парнас,296056538
6048,4,12,1,24.7,4742543,Пушкинский,,,Звездная,299526589
6049,22,22,-1,23.4,5500000,Красногвардейский,Бокситогорская ,27,Новочеркасская,271759366
6050,2,18,1,31.07,9599999,Василеостровский,Морской,,,282487072
6051,4,6,1,33.7,4690000,Петродворцовый, Войкова,68,,299103814
6052,10,18,1,34.5,10964837,Адмиралтейский,бульвар Измайловский,9,Фрунзенская,298655478
6053,3,22,1,25.0,6699999,Красногвардейский,проспект Энергетиков,11к5,Ладожская,299241170
6054,8,13,1,26.89,4720243,Пушкинский,,,Купчино,294872611
6055,17,18,-1,19.1,5385000,Фрунзенский, Салова,61,,299650835
6056,3,12,1,25.62,7100085,Московский,м. Ленинский проспект,,Ленинский проспект,295966224
6057,1,10,1,23.1,7000000,Центральный,Днепропетровская ,37,Лиговский проспект,297086444
6058,12,25,1,26.12,9248965,Приморский,Коломяжский проспект,13к2,Пионерская,297024574
6059,2,6,-1,24.8,5209866,Красносельский, Отважных,10,Ленинский проспект,298957965
6060,11,18,1,33.0,10242168,Адмиралтейский,бульвар Измайловский,9,Фрунзенская,298655448
6061,25,27,1,29.0,4400000,Выборгский, Архитектора Белова,6к5,Парнас,294029303
6062,20,25,1,23.91,8972771,Приморский,Коломяжский проспект,13к2,Пионерская,297024728
6063,15,25,1,23.01,3600000,Невский, Русановская,24,Улица Дыбенко,297836906
6064,1,4,1,29.7,5659303,Пушкинский, Соколиная,,Купчино,298658242
6065,15,26,1,23.2,4000000,Пушкинский,проспект Новгородский,4,Звездная,297949535
6066,2,4,1,27.2,5365801,Пушкинский, Соколиная,,Купчино,298658219
6067,9,27,1,24.4,4700000,Выборгский, Архитектора Белова,6к5,Парнас,296323850
6068,9,17,-1,28.96,5075851,Невский,Невский,,,295182404
6069,3,5,-1,15.0,5100000,Приморский,Сердобольская ,7,Лесная,298841118
6070,4,6,1,25.41,4176830,Московский,Пулковский меридиан,,Звездная,297264617
6071,3,6,1,25.0,9000000,Центральный,Тележная ,21,Площадь Александра Невского,299288903
6072,7,7,1,25.82,9100104,Невский,Невская застава,,Елизаровская,297868837
6073,2,6,1,25.0,5450000,Петроградский,проспект Большой Петроградской стороны,7/4,Спортивная,298578317
6074,1,10,1,32.1,9822600,Выборгский,Манчестерская ,3,Удельная,296753534
6075,10,23,1,24.0,5350000,Приморский,Комендантский проспект,67,Комендантский проспект,296990964
6076,1,27,1,23.24,5619432,Выборгский,проезд Толубеевский,34к2,,297361267
6077,4,6,1,23.0,7100000,Центральный,Тележная ,23,Площадь Александра Невского,298392347
6078,9,13,-1,29.2,9200000,Московский,Заозерная ,3к3с2,Фрунзенская,286004823
6079,10,15,1,31.0,6350000,Приморский, Верхне-Каменская,9к1,Комендантский проспект,292678988
6080,7,27,1,21.26,5042872,Выборгский,Заречная ,54,Проспект Просвещения,297360993
6081,6,11,-1,40.0,10000000,Василеостровский,проспект Средний Васильевского острова,87к3,Приморская,299336779
6082,11,25,1,23.6,6080697,Приморский,Коломяги,,Проспект Просвещения,299278130
6083,4,22,1,20.3,3499000,Красногвардейский, Пейзажная,24к1,Гражданский проспект,299480551
6084,2,13,-1,28.2,8900000,Московский,Заозерная ,3к3с2,Фрунзенская,286004817
6085,1,8,1,24.7,4250000,Красносельский,проспект Буденного,23к4,Проспект Ветеранов,297990909
6086,18,19,1,39.2,12052700,Московский, Парфеновская,17,Московские ворота,298657078
6087,21,22,1,25.2,8290000,Приморский, Оптиков,34К1,Старая Деревня,299316588
6088,2,5,1,24.5,5118319,Пушкинский, Архитектора Данини,23к1,,295182913
6089,3,13,1,23.2,4450000,Приморский,Планерная ,87к1,Комендантский проспект,296561861
6090,2,10,1,30.4,9576000,Выборгский,Манчестерская ,5к1,Удельная,296753644
6091,5,10,1,26.0,9200000,Центральный,Синопская набережная,24,,298229587
6092,10,10,1,27.19,13638504,Приморский,Лисичанская ,22,Черная речка,297998455
6093,3,12,1,23.1,5200000,Красносельский,проспект Ветеранов,169к3,Проспект Ветеранов,298658426
6094,10,14,-1,43.33,9150675,Красногвардейский,Магнитогорская ,51,Площадь Александра Невского,279676543
6095,13,20,-1,22.1,4500000,Выборгский,проезд Толубеевский,8к2,Парнас,298067302
6096,13,13,1,22.9,6215385,Приморский,Юнтолово,,Беговая,297294750
6097,9,24,-1,22.86,4000000,Невский,проспект Большевиков,,Улица Дыбенко,269178147
6098,9,10,-1,24.4,11104733,Центральный,Херсонский проезд,6,Площадь Александра Невского,296920364
6099,10,13,1,26.3,4840000,Красносельский,проспект Ветеранов,171к4,Проспект Ветеранов,295841542
6100,9,13,-1,28.13,6700847,Приморский,Коломяжский проспект,4,Черная речка,297553051
6101,8,13,1,23.0,5000000,Приморский,Планерная ,87к1,,295342768
6102,10,13,1,25.14,6376888,Приморский,аллея Арцеуловская,9,Старая Деревня,298731457
6103,8,24,1,24.8,5400000,Приморский, Верхне-Каменская,11к1,Комендантский проспект,297659928
6104,8,12,1,23.0,6210000,Красногвардейский,Партизанская ,5Б,Ладожская,299403377
6105,2,25,1,24.7,4350000,Пушкинский, Вишерская,24,Купчино,298819695
6106,5,12,1,27.87,6400192,Приморский,Коломяги,,Озерки,296659889
6107,4,10,-1,23.19,7652700,Выборгский, Курчатова,,Политехническая,299037449
6108,11,17,1,23.1,4550000,Красносельский, Коммунаров,190,,293839639
6109,8,9,1,25.9,10774400,Петроградский,Петровский проспект,9к2,Спортивная,298366853
6110,10,13,1,21.1,5150959,Приморский,Планерная ,97к1,Комендантский проспект,299237873
6111,19,24,1,25.9,4553220,Красногвардейский,Полюстрово,,Академическая,294540357
6112,13,25,1,25.13,5300000,Приморский,проспект Авиаконструкторов,69,Комендантский проспект,293079499
6113,8,10,1,24.4,6191633,Приморский,Парашютная ,79к1,Озерки,292425369
6114,4,5,1,25.7,5050000,Красносельский, Ивана Куликова,4,Проспект Ветеранов,294945071
6115,4,8,-1,24.55,12498590,Петроградский,Петровский,,Чкаловская,298137325
6116,9,25,1,25.13,5600000,Приморский,Комендантский проспект,69к2,Комендантский проспект,295974746
6117,14,14,1,29.3,9040808,Фрунзенский,Волковское,1,Обводный канал,293227163
6118,10,12,1,24.5,4450000,Красносельский,проспект Ветеранов,171к5,Проспект Ветеранов,295557253
6119,12,13,1,32.08,8597568,Василеостровский,Гавань,,Горный институт,283801175
6120,9,13,1,25.03,6850000,Невский,Дальневосточный проспект,19к1,Проспект Большевиков,296195906
6121,1,12,1,24.21,6968258,Московский,Звёздное,,Звездная,295358734
6122,8,13,1,21.0,5150000,Приморский,Глухарская ,,Беговая,287683336
6123,23,23,1,25.63,6850014,Невский,Невский,,Проспект Большевиков,298896658
6124,12,24,1,22.2,3700000,Невский, Русановская,20к3,Ломоносовская,299249983
6125,3,23,1,21.45,5437575,Красносельский,Юго-Запад,,Автово,294725067
6126,4,5,1,26.0,4550000,Московский,Пулковское шоссе,,Звездная,288352140
6127,15,25,1,21.2,5035000,Невский,Октябрьская набережная ЖК,,Елизаровская,296206247
6128,23,25,1,19.4,4600000,Красногвардейский,м. Гражданский проспект,,Гражданский проспект,299570154
6129,4,5,1,24.22,4600165,Московский,Пулковское шоссе,95к3,Звездная,298634621
6130,3,24,1,25.4,4700000,Пушкинский, Вишерская,2,Купчино,293972421
6131,7,12,1,24.2,5600203,Приморский,Коломяги,,Проспект Просвещения,298769435
6132,2,24,1,29.2,5700000,Пушкинский, Вишерская,2,Купчино,298975152
6133,7,10,1,35.3,8490000,Московский,Киевская ,5к6,Обводный канал,299495901
6134,1,3,-1,18.9,3994000,Кировский,переулок Майков,4а,Нарвская,297039438
6135,3,18,1,28.5,8550000,Василеостровский,бульвар Головнина,3к1,Горный институт,292856901
6136,9,17,1,18.97,3600000,Красногвардейский,Полюстрово,31к3,Гражданский проспект,297456206
6137,17,17,1,20.55,7552125,Василеостровский,Гавань,,Приморская,299459535
6138,5,13,1,21.35,6500000,Василеостровский,Гавань,,Горьковская,295367989
6139,4,9,1,24.8,10275929,Адмиралтейский,Измайловское,к 2.2,Балтийская,292688313
6140,3,8,1,22.52,9900000,Петроградский,Петровский,,Василеостровская,299054228
6141,3,4,1,26.22,5550131,Петродворцовый,,,Автово,295922911
6142,1,4,-1,43.4,3900000,Центральный,набережная Реки Фонтанки,8,Гостиный двор,299543950
6143,12,19,1,22.02,7056238,Калининский,Финляндский,,Выборгская,286344107
6144,2,7,1,15.3,4260000,Центральный,3-я Советская ,12,Площадь Восстания,292454066
6145,23,25,1,26.19,6525866,Приморский,Коломяги,,Удельная,298056593
6146,2,4,1,20.1,4960000,Василеостровский,проспект Малый Васильевского острова,16,Василеостровская,296301502
6147,12,14,1,31.3,13027617,Красногвардейский,Магнитогорская ,5к3,Ладожская,298804748
6148,4,13,-1,26.3,5200000,Невский,Варфоломеевская ,6,Ломоносовская,298917733
6149,10,13,1,26.8,8171212,Фрунзенский,Волковское,3,Обводный канал,287469451
6150,2,6,1,18.9,5950000,Петроградский,Лахтинская ,9,Чкаловская,293907607
6151,6,12,1,25.93,8100104,Невский,Невская застава,,Елизаровская,297783679
6152,2,5,1,15.2,4390000,Центральный,Пушкинская ,3,Площадь Восстания,296305399
6153,6,8,1,27.56,11037780,Петроградский,Петровский,,Крестовский остров,294544910
6154,18,25,1,25.2,5500000,Приморский,проспект Авиаконструкторов,69,Комендантский проспект,297328704
6155,12,12,1,22.4,8414044,Василеостровский,Гавань,1,Приморская,277117606
6156,2,7,1,20.6,5300000,Центральный,Моховая ,18,Гостиный двор,296304223
6157,3,12,1,25.25,6650155,Московский,Новоизмайловское,,,296659918
6158,2,3,1,23.5,7200000,Петроградский,Малая Посадская ,20,Горьковская,298269103
6159,5,5,1,36.55,7468950,Колпинский,шоссе Рубежное,14,Рыбацкое,298649533
6160,5,13,1,25.4,8490000,Выборгский,Большой Сампсониевский проспект,69к5,Лесная,279140428
6161,7,9,1,28.2,9358979,Калининский,Лесной проспект,,Выборгская,298658295
6162,10,13,1,26.1,6340000,Василеостровский,Гавань,,Приморская,279986932
6163,20,25,1,31.6,6950000,Приморский,шоссе Суздальское,20к4,Проспект Просвещения,298651622
6164,1,4,-1,24.03,5594000,Адмиралтейский,набережная Обводного Канала,142/16Б,Нарвская,285292728
6165,3,3,1,31.8,6753231,Петродворцовый,Красносельское шоссе,22,Ленинский проспект,298402701
6166,2,5,1,29.28,5500000,Московский,Пулковский меридиан,,Московская,289133460
6167,10,10,1,27.42,10400000,Фрунзенский,Прилукская ,28к2,Обводный канал,297024644
6168,2,5,1,16.8,4400000,Центральный,Загородный проспект,12,Достоевская,294035439
6169,2,13,1,25.4,8215198,Выборгский,Сампсониевское,,Лесная,292512765
6170,2,5,1,16.7,4560000,Центральный,Суворовский проспект,2,Площадь Восстания,297297225
6171,12,12,-1,25.22,5100000,Кировский,Автово,5к1,Автово,279676941
6172,4,5,1,24.18,4290000,Московский,Пулковское шоссе,99к4,Московская,287702899
6173,4,18,1,28.4,8946000,Василеостровский,бульвар Головнина,3к1,Горный институт,294573102
6174,13,18,1,25.4,6450000,Невский,Октябрьская набережная ЖК,,Ломоносовская,298817673
6175,8,16,1,20.9,5092337,Московский,Московское шоссе,13Ж,Звездная,299059197
6176,9,15,1,21.2,6350000,Невский,Дальневосточный проспект,19к1,Проспект Большевиков,292307082
6177,3,14,1,50.2,15000211,Невский,Фарфоровская ,7к1,Ломоносовская,293113210
6178,9,16,1,24.08,7550000,Невский,Фарфоровская ,7к2,Ломоносовская,297782842
6179,4,11,1,32.9,16872664,Московский, Коли Томчака,,Московские ворота,293372895
6180,2,4,1,32.0,7690000,Центральный, Маяковского,20,Маяковская,299210804
6181,4,12,1,29.59,9350070,Выборгский,Светлановское,,Удельная,297741413
6182,21,25,1,24.3,3800000,Невский, Русановская,18к6,Ломоносовская,298770295
6183,5,5,1,21.1,4550109,Московский, Струве,12,Звездная,299582534
6184,3,6,1,28.2,7600000,Центральный,Моховая ,31,Гостиный двор,299521738
6185,5,25,1,25.5,6550185,Приморский,проспект Авиаконструкторов,69,Комендантский проспект,297483166
6186,3,4,1,18.2,5200000,Центральный,Дмитровский переулок,11,Владимирская,299294035
6187,3,18,1,26.94,8898225,Василеостровский,Морской,,Горный институт,298740027
6188,10,25,1,32.5,6300000,Приморский,Туристская ,28к3,Комендантский проспект,299160663
6189,1,4,1,24.85,5350118,Красносельский,проспект Буденного,13,Ленинский проспект,299394146
6190,5,5,1,35.79,7290000,Адмиралтейский,Загородный проспект,45,Пушкинская,299296270
6191,13,13,1,22.9,6159678,Приморский,Юнтолово,,Беговая,297291596
6192,2,5,1,22.0,6120000,Центральный,4-я Советская ,7,Площадь Восстания,299093564
6193,6,24,-1,27.68,6366400,Московский,Новоизмайловское,,,295883172
6194,3,25,1,26.8,7100000,Выборгский,Новолитовская ,4,Лесная,298104540
6195,20,24,-1,24.45,6846000,Московский,Новоизмайловское,,,295883212
6196,2,4,1,25.0,6600000,Василеостровский,2-я Васильевского острова линия,35,Василеостровская,299553176
6197,4,18,1,23.63,5954760,Невский, Тельмана,37,Ломоносовская,299555737
6198,2,5,1,28.5,6980000,Центральный,Загородный проспект,10,Достоевская,298965940
6199,20,24,-1,26.37,6856200,Московский,Новоизмайловское,,,295883231
6200,14,25,1,28.8,7750000,Кировский,проспект Народного ополчения,10,Ленинский проспект,299422603
6201,17,23,1,24.35,6390666,Невский,Рыбацкое,4,Рыбацкое,299037745
6202,1,4,-1,12.0,2200000,Адмиралтейский,набережная Реки Фонтанки,189,Балтийская,297040877
6203,11,16,-1,28.4,6868533,Московский,Московское шоссе,13Ж,Звездная,298635371
6204,2,4,1,32.0,7350000,Адмиралтейский,проспект Римского-Корсакова,107,Нарвская,299119492
6205,9,14,-1,60.83,12815124,Красногвардейский,Магнитогорская ,51,Ладожская,292504237
6206,16,18,1,25.0,6750000,Московский, Среднерогатская,16к2,Звездная,298906901
6207,4,14,-1,39.23,8163579,Красногвардейский,Магнитогорская ,51,Ладожская,296045786
6208,11,12,1,23.8,4300000,Красносельский,проспект Ветеранов,171к4,Проспект Ветеранов,298831476
6209,10,14,-1,34.97,7475239,Красногвардейский,Магнитогорская ,51,Ладожская,279676521
6210,3,5,1,21.0,5700000,Центральный, Марата,37,Владимирская,299184032
6211,13,14,-1,51.26,11089450,Красногвардейский,Магнитогорская ,51,Новочеркасская,279676556
6212,2,5,1,14.8,4470000,Адмиралтейский,переулок Гривцова,24,Спасская,298976329
6213,8,12,1,22.2,6293700,Красногвардейский,Партизанская ,5,,299010048
6214,1,4,1,16.73,4890000,Василеостровский,набережная Лейтенанта Шмидта,35,Василеостровская,299296465
6215,13,13,1,20.1,5424054,Приморский,Юнтолово,,Беговая,297293455
6216,2,4,1,20.2,5850000,Кировский, Калинина,10,Нарвская,298071569
6217,2,13,1,26.5,6033582,Приморский,Юнтолово,,Беговая,297293704
6218,2,7,1,70.7,13490000,Адмиралтейский,11-я Красноармейская ,15Б,Балтийская,297585826
6219,10,12,1,20.39,5237888,Приморский,аллея Арцеуловская,7к2,Пионерская,297252241
6220,4,10,1,32.0,13440000,Петроградский,Аптекарский проспект,18,,298977056
6221,9,13,1,20.48,4857888,Приморский,аллея Арцеуловская,9,Старая Деревня,273772782
6222,13,18,-1,26.0,6787878,Фрунзенский, Салова,61,Бухарестская,298391858
6223,12,15,-1,38.97,10379999,Красногвардейский,Малая Охта,,,279350915
6224,9,23,1,27.0,4900000,Пушкинский,Школьная ,17,Звездная,298236748
6225,10,15,-1,28.38,7999999,Красногвардейский,Малая Охта,,,279350868
6226,4,5,1,17.7,6195000,Кировский, Швецова,4,Нарвская,296788313
6227,11,15,-1,29.64,8149999,Красногвардейский,переулок Уткин,,,297849132
6228,6,6,-1,25.6,11520000,Адмиралтейский,Мастерская ,9,Балтийская,289434570
6229,9,12,1,26.8,4958000,Пушкинский,проспект Старорусский,9,,296280879
6230,10,25,1,19.3,4900000,Приморский,набережная Реки Каменки,21к1,,298391928
6231,2,15,-1,22.52,8015623,Красногвардейский,переулок Уткин,,,287678877
6232,8,11,1,29.0,8050000,Приморский,Озеро Долгое,15к1,Старая Деревня,299113755
6233,20,24,-1,30.93,7670640,Московский,Новоизмайловское,,,295883225
6234,3,6,1,20.0,4900000,Центральный,Садовая ,34,,298701597
6235,11,24,-1,26.61,6705720,Московский,Новоизмайловское,,,291891055
6236,15,26,1,28.1,5400000,Выборгский, Михаила Дудина,23к1,Парнас,298959021
6237,3,10,-1,21.0,6930000,Выборгский, Курчатова,,Политехническая,299037463
6238,3,6,-1,36.5,6083351,Красносельский, Отважных,10,Ленинский проспект,292548624
6239,10,23,1,27.68,9271742,Калининский,Финляндский,,Выборгская,299507940
6240,16,16,1,31.8,6750000,Приморский,Туристская ,24/42,Беговая,295291853
6241,13,16,-1,20.7,5246760,Московский,Московское шоссе,13Ж,Звездная,298146287
6242,2,5,1,23.7,4500000,Петроградский,Петроградская набережная,26-28,Горьковская,297129083
6243,5,16,-1,21.9,5435284,Московский,Московское шоссе,13Ж,Звездная,298146183
6244,5,6,-1,23.6,3762850,Красносельский, Отважных,10,Ленинский проспект,294785316
6245,6,6,1,27.61,4314550,Московский,Пулковский меридиан,,Звездная,297264703
6246,4,6,1,27.01,4302580,Московский,Пулковский меридиан,,Звездная,297264639
6247,5,17,1,20.83,4380000,Красногвардейский,м. Гражданский проспект,,Гражданский проспект,294480862
6248,2,5,1,24.28,4350077,Московский,Пулковский меридиан,,Звездная,299044010
6249,1,5,1,25.89,4350024,Московский,Пулковский меридиан,,Звездная,298999822
6250,24,25,1,27.3,4381650,Красногвардейский,Полюстрово,,Академическая,296626744
6251,11,11,1,21.34,4350733,Колпинский,,к32,Рыбацкое,293180990
6252,4,11,1,21.34,4397340,Колпинский,,к36,Рыбацкое,284769162
6253,8,14,-1,25.38,4351269,Невский,Невский,,,295183197
6254,4,8,1,26.51,4360895,Красносельский, Лермонтова,15к2Ж,Проспект Ветеранов,293979162
6255,7,13,1,19.2,4350000,Приморский,Планерная ,93,Комендантский проспект,298729595
6256,1,4,1,24.1,4390078,Петродворцовый,,,Проспект Ветеранов,295854354
6257,1,4,1,24.59,4396824,Петродворцовый,,,Проспект Ветеранов,295854240
6258,19,19,1,30.7,4370000,Выборгский,Заречная ,13к1,Парнас,299131032
6259,5,13,1,24.5,4390000,Красносельский, Летчика Лихолетова,14к2,Проспект Ветеранов,296961931
6260,7,11,1,24.29,4404927,Колпинский,,к38,Рыбацкое,299406009
6261,7,8,1,27.2,4433600,Красносельский, Лермонтова,15к2Б,Проспект Ветеранов,299599907
6262,10,13,1,20.62,4437000,Приморский,аллея Арцеуловская,9,Старая Деревня,286068854
6263,3,4,1,21.9,4450101,Пушкинский,шоссе Колпинское,127,Купчино,297392395
6264,16,23,1,25.5,4482900,Красногвардейский,Полюстрово,,Академическая,297353379
6265,4,25,1,20.81,4474150,Красносельский, Маршала Казакова,64к1,,294605911
6266,12,12,1,26.3,4471000,Пушкинский,проспект Старорусский,9,,296280970
6267,3,20,1,25.4,4490000,Пушкинский,Первомайская ,5к1,Звездная,298875151
6268,16,26,1,23.4,4492800,Пушкинский,проспект Новгородский,2к3,Шушары,296842494
6269,13,18,1,17.0,4450000,Фрунзенский, Салова,61,Бухарестская,299034153
6270,2,5,1,24.44,4500063,Московский,Пулковское шоссе,95к3,Звездная,295774761
6271,1,5,1,24.62,4500142,Московский,Пулковское шоссе,95к3,Звездная,289807852
6272,5,5,1,24.04,4500179,Московский,Пулковское шоссе,103В,Звездная,298355540
6273,2,9,1,27.59,4524760,Колпинский,Заречье тер.,,Рыбацкое,298270720
6274,1,9,1,22.6,4504300,Курортный,,2,Проспект Просвещения,288561381
6275,6,6,1,28.56,4547480,Московский,Пулковский меридиан,,Звездная,297264797
6276,22,25,1,25.5,4500000,Невский, Русановская,16к1,Ломоносовская,298222203
6277,8,13,1,23.61,4531319,Пушкинский,,,Купчино,294872748
6278,1,4,1,25.72,4541108,Петродворцовый,,,Проспект Ветеранов,295853939
6279,9,20,-1,22.1,4570000,Выборгский,проезд Толубеевский,8к2,,289902337
6280,1,4,1,24.6,4550016,Пушкинский,шоссе Колпинское,127,Купчино,297392410
6281,1,4,1,26.01,4550150,Пушкинский,,,Шушары,295505168
6282,20,26,1,24.6,4575600,Пушкинский,проспект Новгородский,2к3,Купчино,296746332
6283,2,13,1,26.25,4595957,Пушкинский,,,Купчино,294872482
6284,2,6,1,29.93,4584360,Московский,Пулковский меридиан,,Звездная,297264523
6285,4,4,-1,32.0,4595000,Центральный,Социалистическая ,7/11В,Звенигородская,299531114
6286,4,5,1,24.22,4600165,Московский,Пулковское шоссе,99к6,Звездная,297741478
6287,1,5,1,26.32,4600130,Московский,Пулковское шоссе,95к3,Звездная,292871095
6288,3,4,-1,13.1,4612031,Центральный, Константина Заслонова,8Б,Лиговский проспект,295271261
6289,2,5,1,23.55,4660000,Пушкинский,,,Купчино,290579134
6290,4,4,1,21.56,4650039,Петродворцовый,,,Автово,299633260
6291,1,4,1,25.6,4650112,Пушкинский,шоссе Колпинское,127,Купчино,281018155
6292,5,5,1,24.18,4650116,Московский,Пулковское шоссе,95к4,Звездная,299178315
6293,5,5,1,25.38,4650060,Московский,Пулковское шоссе,103В,Звездная,297904400
6294,5,5,1,25.53,4650200,Московский,Пулковское шоссе,103В,Звездная,295920928
6295,2,26,1,21.7,4650000,Приморский,набережная Реки Каменки,21к1,Проспект Просвещения,295154125
6296,5,12,1,24.7,4694493,Пушкинский,,,Звездная,298655267
6297,1,10,1,23.1,4691087,Курортный,,,Парнас,296760139
6298,1,5,1,24.5,4650014,Московский, Струве,12,Звездная,299582528
6299,1,5,1,25.9,4650008,Московский, Струве,12,Звездная,299582544
6300,2,12,1,25.9,4662000,Пушкинский,,,,295100680
6301,17,21,-1,25.7,4650000,Выборгский,проезд Толубеевский,8к2,Парнас,298618769
6302,2,13,1,26.51,4652527,Пушкинский,,,Купчино,294872771
6303,13,23,1,25.6,4699900,Красногвардейский,Полюстрово,8к4,Девяткино,297715920
6304,1,5,1,26.88,4691201,Пушкинский,,,Звездная,292309981
6305,2,16,-1,17.69,4670659,Московский,Московское шоссе,13Ж,Звездная,299081841
6306,3,4,1,24.4,4700098,Пушкинский,шоссе Колпинское,127,Купчино,296729847
6307,1,4,1,26.73,4700189,Пушкинский,,,Шушары,295216804
6308,12,12,1,27.7,4709000,Пушкинский,проспект Старорусский,9,,296280971
6309,4,12,1,24.15,4709250,Пушкинский,,,,286945695
6310,10,12,1,24.9,4731000,Пушкинский,,,,295100670
6311,3,13,1,27.79,4719961,Пушкинский,,,Купчино,294872776
6312,2,5,1,24.79,4701940,Пушкинский,,,Звездная,292309795
6313,1,8,1,23.76,4784300,Колпинский,,10,Шушары,287034699
6314,3,7,-1,19.2,4760000,Приморский,Приморский проспект,6,,297211538
6315,1,5,1,26.6,4750134,Московский,Пулковский меридиан,,Звездная,299582478
6316,2,18,1,21.31,4794750,Невский, Тельмана,37,Ломоносовская,299556202
6317,7,13,1,20.39,4785888,Приморский,аллея Арцеуловская,9,Пионерская,298558864
6318,2,25,1,20.6,4789500,Невский,Октябрьская набережная ЖК,,Елизаровская,296206060
6319,1,4,1,25.77,4750209,Петродворцовый,,,Автово,295923059
6320,2,25,1,22.77,4781700,Красносельский, Маршала Казакова,64к1,,294605926
6321,3,14,-1,22.8,4750000,Выборгский,Большой Сампсониевский проспект,74к2,Лесная,295773953
6322,6,13,1,22.1,4790000,Приморский,Планерная ,87к1,Комендантский проспект,295730791
6323,1,5,1,25.05,4761820,Пушкинский,Пулковское тер.,,Звездная,279689546
6324,10,13,-1,30.8,4774000,Невский,Варфоломеевская ,6,Ломоносовская,298279653
6325,1,6,1,25.2,4788000,Курортный, Строителей,3к1,,292413282
6326,8,26,1,25.0,4770000,Пушкинский,проспект Новгородский,2к1,Звездная,299026636
6327,20,24,1,21.0,4800000,Приморский, Плесецкая,10с1,Комендантский проспект,296205419
6328,5,5,1,24.67,4800128,Московский,Пулковское шоссе,99к6,Звездная,294535252
6329,1,16,1,21.68,4832815,Невский, Гудиловская,9,Рыбацкое,284756176
6330,1,4,1,28.28,4834260,Петродворцовый,,,Проспект Ветеранов,295854211
6331,4,25,1,23.61,4840050,Красносельский, Маршала Казакова,64к1,,294606171
6332,1,5,1,27.77,4821076,Пушкинский,,,Звездная,295838385
6333,1,6,1,25.3,4807000,Курортный, Строителей,3к2,,292413418
6334,1,6,1,25.5,4845000,Курортный, Строителей,3к1,,292413226
6335,5,8,1,22.0,4887920,Курортный,,6,Проспект Просвещения,299577812
6336,2,17,-1,29.36,4853533,Невский,Невский,,,295182105
6337,2,5,1,26.2,4850183,Московский, Струве,10к2,Звездная,299582520
6338,3,5,1,24.8,4850086,Московский, Струве,10к2,Звездная,299582527
6339,4,5,1,24.2,4850200,Московский, Струве,12,Звездная,299582507
6340,2,12,1,23.6,4850000,Красносельский,проспект Ветеранов,171к4,Проспект Ветеранов,298986472
6341,8,24,1,22.0,4870000,Приморский, Плесецкая,10,Комендантский проспект,296440950
6342,4,18,1,20.18,4903740,Невский, Тельмана,37,Ломоносовская,299556128
6343,2,18,1,21.9,4927500,Невский, Тельмана,37,Ломоносовская,299556182
6344,9,12,1,21.6,4900100,Приморский,Коломяги,,Проспект Просвещения,298769482
6345,4,8,1,30.33,4943790,Красносельский, Лермонтова,15к2Ж,Проспект Ветеранов,293979034
6346,3,9,1,18.28,4938214,Курортный,,581,Проспект Просвещения,296287945
6347,2,9,1,24.2,4921631,Курортный,,,Беговая,296759890
6348,9,12,1,26.7,4939500,Пушкинский,проспект Старорусский,9,,296280875
6349,13,16,-1,19.4,4937749,Московский,Московское шоссе,13Ж,Звездная,298635450
6350,16,24,1,23.9,4900000,Приморский, Плесецкая,10,Комендантский проспект,298983185
6351,11,13,-1,18.4,4900000,Приморский, Матроса Железняка,2,Черная речка,298727010
6352,1,4,1,28.3,4950278,Пушкинский,,,Шушары,295216813
6353,11,12,1,25.7,4972950,Пушкинский,,,,286945298
6354,2,25,1,21.5,4966500,Невский,Октябрьская набережная ЖК,,Елизаровская,296206058
6355,3,8,1,30.43,4960090,Красносельский, Лермонтова,15к2Б,Проспект Ветеранов,299600120
6356,13,20,1,25.5,4980000,Приморский,аллея Арцеуловская,23к1,Комендантский проспект,298756071
6357,24,25,1,23.4,4952310,Невский, Русановская,24,Пролетарская,295861398
6358,15,25,1,25.2,4994769,Невский, Русановская,24,Пролетарская,293293223
6359,1,5,1,26.65,4999680,Пушкинский,Пулковское тер.,,Звездная,279688759
6360,3,5,1,26.44,4983810,Пушкинский,,,Звездная,295838324
6361,1,5,1,22.3,4988510,Пушкинский, Нины Петровой,8к1,Купчино,279689007
6362,1,5,1,22.3,4988510,Пушкинский, Нины Петровой,10к1,Купчино,279690477
6363,1,5,1,22.3,4988510,Пушкинский, Нины Петровой,6к1,Купчино,279690634
6364,3,25,1,21.95,5038169,Приморский,Коломяги,,Проспект Просвещения,299100878
6365,4,4,1,24.3,5000162,Пушкинский,шоссе Колпинское,129,Купчино,296145557
6366,2,25,1,25.2,5002200,Невский,Октябрьская набережная ЖК,,Елизаровская,296594271
6367,1,5,1,24.8,5036904,Пушкинский, Архитектора Данини,23к2,,295182755
6368,3,9,1,21.1,5005938,Курортный,,10,Проспект Просвещения,299577821
6369,2,25,1,25.11,5022000,Красносельский, Маршала Казакова,64к1,,294606353
6370,6,24,-1,21.01,5042400,Московский,Новоизмайловское,,,297649609
6371,2,13,1,21.1,5049348,Приморский,Юнтолово,,Беговая,297293274
6372,1,5,-1,20.6,5047000,Василеостровский,27-я Васильевского острова линия,10к2,Василеостровская,297540681
6373,1,23,1,20.95,5063168,Невский,Рыбацкое,4,Рыбацкое,294577165
6374,7,13,-1,22.79,5069407,Приморский,Коломяжский проспект,4,Черная речка,297552969
6375,3,16,-1,20.0,5090466,Московский,Московское шоссе,13Ж,Звездная,298635461
6376,1,23,1,21.45,5055102,Невский,Рыбацкое,5,Рыбацкое,299389557
6377,1,4,1,26.81,5050159,Петродворцовый,,,Автово,295922915
6378,1,15,1,30.64,5099999,Выборгский,,,,297535229
6379,2,13,1,28.76,5053960,Пушкинский,,,Купчино,284845900
6380,3,27,1,21.26,5081140,Выборгский,Заречная ,50,Парнас,297361478
6381,3,9,1,31.5,5071500,Колпинский,Заречье тер.,,Рыбацкое,298270725
6382,7,12,1,22.9,5088888,Пушкинский,проспект Старорусский,5к1,Шушары,292227802
6383,1,6,1,26.8,5092000,Курортный, Строителей,3к2,,292413399
6384,12,12,-1,25.22,5100000,Кировский,Автово,5к1,Кировский завод,279676946
6385,2,15,-1,23.25,5123937,Красногвардейский,проспект Энергетиков,6,Ладожская,289280605
6386,4,4,1,24.6,5100158,Пушкинский,шоссе Колпинское,129,Купчино,296375852
6387,2,15,1,29.74,5149999,Выборгский,,,,297535259
6388,1,8,1,32.11,5137600,Красносельский, Лермонтова,15к2Б,Проспект Ветеранов,299599940
6389,1,12,1,22.33,5114222,Красногвардейский,Полюстрово,,Академическая,294544943
6390,7,8,1,20.31,5149798,Курортный,,581,Проспект Просвещения,299577845
6391,1,9,1,25.21,5137998,Курортный,,582,Парнас,298629851
6392,5,8,1,24.9,5104643,Курортный,,6,Проспект Просвещения,299577810
6393,10,13,1,21.58,5136888,Приморский,аллея Арцеуловская,9,Пионерская,298845876
6394,6,25,1,24.9,5100000,Невский,проспект Советский,34к2,Рыбацкое,298864355
6395,3,12,-1,21.64,5193600,Приморский,м. Комендантский проспект,,Комендантский проспект,294911353
6396,13,16,-1,20.5,5196077,Московский,Московское шоссе,13Ж,Звездная,298635487
6397,9,9,1,21.54,5181990,Курортный,,582,Парнас,298583461
6398,6,24,-1,21.54,5169600,Московский,Новоизмайловское,,,287741909
6399,9,16,1,21.55,5185684,Московский,Московское шоссе,13Ж,Звездная,299059195
6400,5,13,-1,18.4,5150000,Приморский, Матроса Железняка,2,Черная речка,299372531
6401,2,10,1,23.28,5204300,Красносельский,Константиновское,,Проспект Ветеранов,295660146
6402,6,25,1,26.18,5226102,Приморский,набережная Реки Каменки,15к3,Озерки,299571908
6403,1,9,1,26.01,5221276,Курортный,,582,Парнас,298629850
6404,2,7,1,27.1,5234902,Курортный,,,Проспект Просвещения,296759960
6405,1,13,1,19.9,5237193,Приморский,Планерная ,87к1,Комендантский проспект,264975565
6406,11,20,1,24.6,5200000,Приморский,аллея Арцеуловская,23к1,Комендантский проспект,297997189
6407,2,13,1,29.75,5227630,Пушкинский,,,Купчино,294872683
6408,3,13,-1,19.23,5249540,Приморский,Коломяжский проспект,4,Черная речка,298730007
6409,2,5,1,26.45,5240000,Пушкинский,Пулковское тер.,,Звездная,279689117
6410,1,6,1,27.5,5225000,Курортный, Строителей,3к2,,292413420
6411,5,8,1,23.37,5287677,Колпинский,,10,Шушары,299405979
6412,1,8,1,24.75,5250719,Колпинский,,10,Шушары,287034636
6413,4,12,1,24.1,5250100,Приморский,Коломяги,,Проспект Просвещения,298861116
6414,1,4,1,27.24,5272444,Петродворцовый,,,Проспект Ветеранов,294622899
6415,1,23,1,19.78,5272986,Невский,Рыбацкое,4,Рыбацкое,294049878
6416,6,15,-1,24.65,5274637,Красногвардейский,проспект Энергетиков,6,Ладожская,290733281
6417,1,5,1,26.4,5296240,Пушкинский, Нины Петровой,8к1,Купчино,279688899
6418,1,5,1,26.4,5296240,Пушкинский, Нины Петровой,10к1,Купчино,279690599
6419,2,12,1,24.56,5250000,Пушкинский,проспект Старорусский,5к1,Шушары,292227395
6420,3,12,1,24.7,5300187,Приморский,Коломяги,,Проспект Просвещения,298861203
6421,10,24,1,21.07,5318051,Невский, Славянская,,Рыбацкое,297298438
6422,15,16,-1,21.55,5348420,Московский,Московское шоссе,13Ж,Звездная,298635494
6423,15,19,1,26.7,5300000,Выборгский,Заречная ,13к1,Парнас,298743664
6424,7,24,-1,19.94,5343920,Московский,Новоизмайловское,,,286950381
6425,3,13,1,22.8,5332493,Приморский,Юнтолово,,Беговая,297293974
6426,4,25,1,25.39,5300000,Приморский,проспект Авиаконструкторов,69,Комендантский проспект,293240446
6427,1,11,1,26.0,5304646,Пушкинский,проспект Старорусский,13к2,Звездная,294664570
6428,15,25,1,24.0,5300000,Приморский,Комендантский проспект,67,Комендантский проспект,297517318
6429,8,25,1,24.49,5368654,Приморский,Коломяги,,Проспект Просвещения,298075661
6430,5,14,-1,24.3,5350000,Красногвардейский,Магнитогорская ,51,Новочеркасская,299196212
6431,3,23,1,21.08,5385940,Красносельский,Юго-Запад,,Автово,296181350
6432,1,9,1,25.04,5353889,Курортный,,581,Проспект Просвещения,284755001
6433,5,8,1,25.6,5389023,Курортный,,5,Парнас,296291015
6434,6,18,-1,19.1,5350000,Фрунзенский, Салова,61,Бухарестская,299502431
6435,5,25,1,25.2,5350000,Приморский, Верхне-Каменская,9к2,,293139010
6436,1,5,1,26.0,5392320,Пушкинский, Нины Петровой,6к1,Купчино,279690651
6437,13,13,-1,23.3,5399728,Невский,Варфоломеевская ,6,Ломоносовская,292781828
6438,4,17,1,27.0,5350000,Приморский, Верхне-Каменская,11к1,Комендантский проспект,298704570
6439,2,8,1,25.93,5441998,Колпинский,,10,Шушары,296091910
6440,5,12,-1,22.57,5416800,Приморский,м. Комендантский проспект,,Комендантский проспект,294910818
6441,2,12,1,21.1,5443800,Красногвардейский,Партизанская ,5Б,Ладожская,299403355
6442,3,13,1,23.6,5438187,Приморский,Юнтолово,,Беговая,297294221
6443,5,13,1,22.8,5409377,Приморский,Юнтолово,,Беговая,297291741
6444,12,12,1,22.5,5400135,Приморский,Коломяги,,Проспект Просвещения,298769483
6445,9,13,-1,24.5,5429886,Невский,Варфоломеевская ,6,Ломоносовская,292781689
6446,1,8,1,34.23,5476800,Красносельский, Лермонтова,15к2Б,Проспект Ветеранов,299599939
6447,2,12,1,22.77,5499717,Красногвардейский,Полюстрово,,Академическая,294545019
6448,1,9,1,26.58,5460575,Курортный,,582,Парнас,298629849
6449,19,23,1,25.0,5489900,Приморский, Ивинская,5к1,Зенит,297884772
6450,4,13,1,24.3,5467266,Приморский,Юнтолово,,Беговая,297292350
6451,1,4,1,28.2,5466495,Пушкинский, Соколиная,,Купчино,298658201
6452,3,13,1,22.2,5489180,Приморский,Юнтолово,,Беговая,297294422
6453,4,14,-1,26.08,5574266,Красногвардейский,Магнитогорская ,51,Ладожская,296045811
6454,2,18,1,25.29,5563800,Невский, Тельмана,37,Ломоносовская,299556029
6455,3,18,1,24.48,5508000,Невский, Тельмана,37,Ломоносовская,299556066
6456,3,8,1,28.3,5528334,Курортный,,6,Проспект Просвещения,299577804
6457,9,12,1,21.32,5500983,Красногвардейский,Полюстрово,,Академическая,294545374
6458,1,8,1,25.8,5537128,Курортный,,581,Проспект Просвещения,284755000
6459,8,8,1,23.02,5539007,Курортный,,581,Проспект Просвещения,284755002
6460,14,14,-1,19.92,5505000,Кировский,проспект Стачек,64,Кировский завод,294571657
6461,3,15,-1,24.29,5580634,Красногвардейский,проспект Энергетиков,6,Ладожская,298767301
6462,2,13,1,27.6,5571588,Приморский,Юнтолово,,Беговая,297292245
6463,4,13,1,25.0,5596776,Приморский,Юнтолово,,Беговая,297292356
6464,7,15,-1,19.94,5591223,Красногвардейский,проспект Энергетиков,6,Ладожская,299174642
6465,9,11,1,25.3,5551652,Пушкинский,проспект Старорусский,13к2,Звездная,294664586
6466,15,16,1,23.38,5579345,Московский,Московское шоссе,13Ж,Звездная,299059198
6467,2,10,1,23.72,5636193,Красносельский,Константиновское,,Проспект Ветеранов,298690310
6468,5,25,1,26.24,5601288,Приморский,Коломяги,,Проспект Просвещения,298382707
6469,3,14,-1,26.63,5637599,Красногвардейский,Магнитогорская ,51,Ладожская,292504050
6470,13,13,1,21.9,5603154,Приморский,Планерная ,87к1,Комендантский проспект,283215680
6471,18,26,1,28.1,5620000,Пушкинский,проспект Новгородский,2к3,Купчино,296746324
6472,9,16,-1,22.6,5609022,Московский,Московское шоссе,13Ж,Звездная,298635410
6473,2,12,1,22.2,5616600,Красногвардейский,Партизанская ,5Б,Ладожская,299403291
6474,1,13,1,26.39,5636888,Приморский,аллея Арцеуловская,9,Пионерская,298845874
6475,2,26,1,28.5,5614500,Пушкинский,проспект Новгородский,2к3,Купчино,268906967
6476,6,12,1,21.56,5631888,Приморский,аллея Арцеуловская,7к2,Пионерская,297252112
6477,4,12,1,25.75,5600135,Приморский,Коломяги,,Проспект Просвещения,299540744
6478,13,24,-1,19.19,5603480,Московский,Новоизмайловское,,,295883059
6479,4,13,-1,27.0,5649561,Приморский,Коломяжский проспект,4,Черная речка,297552888
6480,2,5,1,21.2,5618000,Василеостровский,27-я Васильевского острова линия,10,Василеостровская,291187128
6481,3,8,1,26.58,5691316,Колпинский,,10,Шушары,299405963
6482,10,18,1,18.8,5650000,Фрунзенский, Салова,61,Бухарестская,298862103
6483,2,12,1,22.8,5654400,Красногвардейский,Партизанская ,5Б,Ладожская,299403391
6484,10,16,1,26.6,5660000,Красногвардейский,Ленская ,6к5,Проспект Большевиков,295434978
6485,1,4,1,25.75,5660460,Пушкинский,,,Купчино,299153204
6486,3,9,1,20.9,5692472,Красносельский, Тамбасова,5,Проспект Ветеранов,295858745
6487,1,6,1,29.8,5662000,Курортный, Строителей,3к2,,292413303
6488,18,23,1,22.3,5709941,Невский,Рыбацкое,4,Рыбацкое,299037754
6489,11,23,1,22.64,5731687,Невский,Рыбацкое,4,Рыбацкое,298422049
6490,3,18,1,25.92,5702400,Невский, Тельмана,37,Ломоносовская,299556089
6491,2,23,1,23.76,5726023,Невский,Рыбацкое,5,Рыбацкое,299260994
6492,19,27,1,22.34,5749610,Выборгский,проезд Толубеевский,34к2,,297361324
6493,3,4,1,29.4,5700298,Пушкинский, Соколиная,,Купчино,298658212
6494,10,15,-1,27.5,5744616,Невский, Евдокима Огнева,3,Улица Дыбенко,296835115
6495,1,4,1,28.76,5750285,Красносельский,проспект Буденного,15,Проспект Ветеранов,294799861
6496,1,4,1,27.08,5750195,Красносельский,проспект Буденного,15,Проспект Ветеранов,297980411
6497,4,4,1,24.39,5750088,Красносельский,проспект Буденного,13,Ленинский проспект,298674056
6498,1,8,-1,22.4,5756800,Курортный, Правды,,,294929582
6499,2,3,-1,26.3,5786000,Невский,Рыбацкий проспект,18,Рыбацкое,297535851
6500,11,13,1,22.4,5750000,Василеостровский, Чирикова,5,Приморская,299634595
6501,4,14,-1,27.61,5846070,Красногвардейский,Магнитогорская ,51,Ладожская,296045828
6502,4,13,-1,25.1,5812407,Приморский,Коломяжский проспект,4,Черная речка,297552896
6503,1,4,1,26.7,5826760,Пушкинский,,,Купчино,299153364
6504,2,3,-1,26.5,5830000,Невский,Рыбацкий проспект,18,Рыбацкое,299333323
6505,4,13,1,26.1,5843035,Приморский,Юнтолово,,Беговая,297292386
6506,1,13,1,23.8,5808894,Приморский,Планерная ,87к1,Комендантский проспект,294458085
6507,9,13,-1,25.68,5831619,Приморский,Коломяжский проспект,4,Черная речка,297553081
6508,3,25,1,22.2,5888922,Приморский,набережная Реки Каменки,15к1,Озерки,298093789
6509,2,12,1,23.5,5898500,Красногвардейский,Партизанская ,5Б,Ладожская,299634321
6510,5,16,1,20.75,5881543,Невский, Гудиловская,9,Рыбацкое,296091929
6511,4,6,1,22.9,5850000,Курортный, Строителей,3к2,Площадь Ленина,299643318
6512,4,12,1,27.1,5850198,Приморский,Коломяги,,Проспект Просвещения,298861213
6513,2,13,1,25.3,5888081,Приморский,Юнтолово,,Беговая,297293709
6514,3,15,-1,25.66,5851250,Красногвардейский,проспект Энергетиков,6,Ладожская,291240186
6515,1,13,1,25.2,5860297,Приморский,Планерная ,87к1,Комендантский проспект,264976099
6516,4,9,1,21.62,5888577,Красносельский, Тамбасова,5,Проспект Ветеранов,295859177
6517,18,19,1,29.1,5850000,Выборгский, Михаила Дудина,12,Парнас,298235003
6518,2,7,1,24.04,5943382,Красносельский,Константиновское,,Проспект Ветеранов,295660193
6519,1,12,1,25.78,5950036,Приморский,Коломяги,,Озерки,298405638
6520,9,18,1,16.7,5980000,Фрунзенский, Салова,61,Бухарестская,298862110
6521,1,11,1,24.66,5982590,Невский, Гудиловская,6к1,Обухово,289396699
6522,4,23,1,25.09,5991126,Приморский, Ивинская,5к2,Зенит,297885123
6523,6,13,-1,23.74,5960520,Приморский,Коломяжский проспект,4,Черная речка,299482184
6524,5,11,1,22.69,5934433,Невский, Гудиловская,6к1,Обухово,295478512
6525,9,13,1,24.85,5981888,Приморский,аллея Арцеуловская,9,Старая Деревня,299112472
6526,4,23,1,23.76,5989474,Невский,Рыбацкое,4,Рыбацкое,299037751
6527,3,11,1,20.34,5986213,Невский, Гудиловская,5к1,Рыбацкое,295426169
6528,4,15,-1,32.16,5999532,Красногвардейский,проспект Энергетиков,6,Ладожская,289280496
6529,9,24,-1,22.94,5964400,Московский,Новоизмайловское,,,287299948
6530,7,13,1,27.3,5990801,Приморский,Юнтолово,,Беговая,297292562
6531,7,10,1,24.5,6040920,Приморский,Парашютная ,79к1,Комендантский проспект,292425354
6532,13,18,1,24.33,6000033,Невский,Невский,,Проспект Большевиков,297694522
6533,10,18,1,24.5,6000099,Невский,Невский,,Проспект Большевиков,296627103
6534,8,9,1,28.44,6047045,Курортный,,582,Парнас,299037736
6535,3,17,1,30.0,6000000,Московский,проезд Дизельный,11к2,Звездная,299335569
6536,3,13,-1,21.4,6046184,Приморский,Коломяжский проспект,4,Черная речка,298730036
6537,2,12,-1,28.38,6067060,Кировский,Автово,5к1,Автово,279903524
6538,3,23,1,25.65,6091875,Красносельский,Юго-Запад,,Автово,299096701
6539,4,12,1,22.5,6066000,Красногвардейский,Большая Охта,,,299095615
6540,9,24,-1,23.66,6056960,Московский,Новоизмайловское,,,287299946
6541,5,12,1,23.64,6069277,Красногвардейский,Полюстрово,,Академическая,280432163
6542,2,15,-1,32.76,6092679,Красногвардейский,проспект Энергетиков,6,Ладожская,289280484
6543,5,13,1,21.7,6087600,Приморский,Планерная ,91к2,Старая Деревня,294504961
6544,2,13,1,30.2,6096449,Приморский,Юнтолово,,Беговая,297291636
6545,14,19,1,24.6,6090000,Приморский,Комендантский проспект,60к1,Комендантский проспект,299114639
6546,5,13,-1,28.47,6051668,Приморский,Коломяжский проспект,4,Черная речка,297552923
6547,2,23,1,25.5,6069294,Приморский, Ивинская,5к2,Зенит,297885110
6548,1,23,1,26.42,6100219,Невский,Невский,,Проспект Большевиков,299354067
6549,5,16,1,24.53,6102450,Невский, Гудиловская,9,Рыбацкое,293431278
6550,4,12,1,21.9,6134190,Красногвардейский,Большая Охта,,,299095700
6551,2,12,1,24.5,6149500,Красногвардейский,Партизанская ,5Б,Ладожская,299403253
6552,5,12,1,24.17,6100072,Приморский,Коломяги,,Озерки,298589187
6553,3,13,1,26.1,6140691,Приморский,Юнтолово,,Беговая,297292870
6554,1,12,1,26.58,6100110,Приморский,Коломяги,,Озерки,295387979
6555,2,12,1,23.3,6186150,Красногвардейский,Партизанская ,5,,299634308
6556,2,12,1,23.6,6171400,Красногвардейский,Партизанская ,5,,296463083
6557,1,4,1,28.6,6186920,Пушкинский,,,Купчино,294621196
6558,5,12,1,22.2,6182700,Красногвардейский,Партизанская ,5,,294538766
6559,9,13,-1,28.6,6174253,Приморский,Коломяжский проспект,4,Черная речка,297553055
6560,2,18,1,28.7,6170500,Невский, Тельмана,37,Ломоносовская,299556081
6561,5,5,1,31.39,6154740,Колпинский,шоссе Рубежное,14,Рыбацкое,298649421
6562,18,21,-1,27.0,6150000,Московский,Витебский проспект,101к1,Купчино,299184875
6563,3,12,-1,25.7,6168000,Приморский,м. Комендантский проспект,,Комендантский проспект,294911231
6564,6,18,1,25.3,6194000,Московский, Среднерогатская,12к1,,294664706
6565,2,9,1,23.97,6166592,Красносельский, Тамбасова,5,Проспект Ветеранов,295858619
6566,2,25,1,24.95,6294793,Приморский,набережная Реки Каменки,15к1,Озерки,298056517
6567,2,4,1,27.85,6285700,Пушкинский,,,Купчино,299153252
6568,6,18,1,21.3,6228120,Невский,проспект Большевиков,68к1,Ломоносовская,298678473
6569,14,17,1,19.71,6218505,Василеостровский,Гавань,12,Горный институт,298050451
6570,3,3,1,33.9,6200000,Петродворцовый,Красносельское шоссе,22,,289199838
6571,3,11,1,22.0,6279633,Невский, Гудиловская,5к1,Рыбацкое,295426174
6572,4,16,1,23.9,6243230,Невский,проспект Советский,43к2,Рыбацкое,295114187
6573,14,15,1,24.53,6250145,Невский,Октябрьская набережная,36к3,Проспект Большевиков,298589132
6574,6,24,-1,27.65,6221250,Московский,Новоизмайловское,,,295883233
6575,4,9,1,23.46,6271633,Красносельский, Тамбасова,5,Проспект Ветеранов,295858754
6576,8,16,1,21.7,6250000,Московский,м. Ленинский проспект,,Ленинский проспект,299029615
6577,16,21,1,27.55,6200000,Приморский,Полевая Сабировская ,45к1,Комендантский проспект,298233075
6578,1,12,1,24.64,6300164,Московский,Новоизмайловское,,,296780094
6579,1,10,1,24.61,6300024,Московский,м. Ленинский проспект,,Ленинский проспект,298769287
6580,8,10,1,25.6,6312145,Приморский,Парашютная ,79к1,Озерки,298402698
6581,5,18,1,27.57,6327315,Невский, Тельмана,37,Ломоносовская,299556164
6582,4,17,1,24.42,6341380,Невский,Октябрьская набережная,11Б,Пролетарская,297359547
6583,1,9,1,30.15,6347488,Курортный,,581,Проспект Просвещения,284754959
6584,1,11,1,24.63,6314806,Невский, Гудиловская,5к1,Рыбацкое,295426167
6585,7,16,1,26.81,6340719,Невский, Гудиловская,9,Обухово,292207756
6586,6,24,-1,28.66,6305200,Московский,Новоизмайловское,,,286950370
6587,3,4,-1,18.5,6319248,Центральный, Константина Заслонова,8Б,Лиговский проспект,295288046
6588,15,19,1,23.4,6350000,Московский, Среднерогатская,14к1,Звездная,298092711
6589,3,24,1,21.98,6384597,Невский, Славянская,8,Рыбацкое,298009600
6590,10,23,1,24.58,6374815,Невский,Рыбацкое,4,Рыбацкое,299173189
6591,5,24,-1,29.58,6359700,Московский,Новоизмайловское,,,286950311
6592,7,14,1,24.8,6399999,Приморский,аллея Арцеуловская,17,Комендантский проспект,299092493
6593,1,13,1,29.0,6368864,Приморский,Планерная ,87к1,Комендантский проспект,264975822
6594,2,17,1,27.03,6453778,Красносельский,Константиновское,,Проспект Ветеранов,295660109
6595,22,25,1,26.12,6492520,Приморский,набережная Реки Каменки,15к1,Проспект Просвещения,298056522
6596,4,14,-1,31.15,6498228,Красногвардейский,Магнитогорская ,51,Новочеркасская,296045834
6597,4,10,1,26.9,6450289,Приморский,Парашютная ,79к1,Комендантский проспект,292425333
6598,2,10,1,27.8,6402541,Приморский,Парашютная ,79к1,Комендантский проспект,292425319
6599,2,9,1,27.87,6400192,Приморский,Коломяги,,Озерки,297904437
6600,3,18,1,27.03,6487200,Невский, Тельмана,37,Ломоносовская,299555720
6601,16,18,1,23.1,6468000,Василеостровский, Вадима Шефнера,4,Василеостровская,297667973
6602,11,15,-1,22.07,6479999,Красногвардейский,переулок Уткин,,,297849161
6603,15,15,1,19.02,6409740,Василеостровский,Гавань,12,Горный институт,298050440
6604,12,12,1,20.6,6472520,Красногвардейский,Партизанская ,,,294539329
6605,2,9,1,34.5,6444466,Курортный,,,Проспект Просвещения,296759925
6606,11,18,1,23.9,6453000,Василеостровский, Вадима Шефнера,4,Василеостровская,296306138
6607,11,16,1,21.63,6449140,Московский,м. Ленинский проспект,,Ленинский проспект,299561115
6608,8,24,-1,26.37,6434280,Московский,Новоизмайловское,,,298343518
6609,4,13,1,28.4,6413738,Приморский,Юнтолово,,Беговая,297293999
6610,12,16,1,21.47,6463275,Московский,Кубинская ,82к1,Ленинский проспект,274433604
6611,7,25,1,25.0,6400000,Выборгский,проспект Просвещения,43,Проспект Просвещения,293945331
6612,5,5,1,36.55,6459900,Колпинский,шоссе Рубежное,14,Рыбацкое,298649536
6613,1,17,1,26.9,6464070,Московский,Московское шоссе,13ВГ,Звездная,297034999
6614,3,12,1,24.29,6500137,Московский,Новоизмайловское,,,296375888
6615,2,15,-1,22.34,6539999,Красногвардейский,Малая Охта,,,296634758
6616,4,12,1,24.5,6519450,Красногвардейский,Большая Охта,,,299095555
6617,10,16,1,22.22,6546242,Московский,Кубинская ,82к1,Ленинский проспект,276767084
6618,2,13,1,28.9,6514498,Приморский,Юнтолово,,Беговая,297293470
6619,17,25,1,25.3,6500000,Калининский,Лабораторный проспект,20к3,Лесная,299631743
6620,4,5,-1,23.73,6550000,Курортный, Инструментальщиков,9Б,,297212645
6621,12,16,1,20.43,6558638,Московский,м. Ленинский проспект,,Ленинский проспект,273646351
6622,2,7,1,26.82,6603456,Красносельский,Константиновское,,Проспект Ветеранов,295660187
6623,3,8,1,29.27,6643280,Колпинский,,10,Шушары,299405962
6624,17,18,1,25.9,6690000,Фрунзенский, Салова,61,Бухарестская,299649659
6625,10,14,1,20.0,6712320,Фрунзенский,Волковское,5,Обводный канал,293795736
6626,4,10,1,28.9,6733909,Приморский,Парашютная ,79к1,Комендантский проспект,298402690
6627,1,12,1,26.34,6700132,Московский,м. Ленинский проспект,,Ленинский проспект,298355601
6628,2,6,1,25.92,6650138,Московский,Новоизмайловское,,,299394251
6629,17,18,1,26.1,6655500,Василеостровский, Вадима Шефнера,4,Василеостровская,296306235
6630,2,8,1,36.2,6679987,Курортный,,,Проспект Просвещения,296759953
6631,4,11,1,27.27,6730550,Невский, Гудиловская,5к1,Рыбацкое,295426177
6632,2,11,1,23.35,6680169,Невский, Гудиловская,5к1,Рыбацкое,295426168
6633,2,11,1,25.97,6682237,Невский, Гудиловская,6к1,Обухово,285024177
6634,6,16,1,24.73,6722158,Московский,м. Ленинский проспект,,Ленинский проспект,299561114
6635,1,12,1,27.5,6650000,Выборгский,Манчестерская ,3к2,Удельная,299320588
6636,6,24,-1,30.53,6716600,Московский,Новоизмайловское,,,286950371
6637,13,24,-1,25.14,6737520,Московский,Новоизмайловское,,,295883063
6638,1,11,1,39.0,6743100,Пушкинский,проспект Старорусский,13к2,Звездная,294664538
6639,4,13,-1,31.07,6653329,Приморский,Коломяжский проспект,4,Черная речка,297552904
6640,11,11,1,21.6,6746000,Невский,Октябрьская набережная,86К2,Пролетарская,293297444
6641,3,9,1,25.2,6672730,Красносельский, Тамбасова,5,Проспект Ветеранов,295858749
6642,2,17,1,23.06,6684480,Калининский,Финляндский,,,294621678
6643,1,17,1,27.9,6696000,Московский, Федора Котанова,5к2,Звездная,292227372
6644,6,23,1,30.2,6782803,Выборгский,дорога Ольгинская,,Парнас,298863697
6645,6,10,-1,20.59,6794700,Выборгский, Курчатова,,Политехническая,299037531
6646,12,16,1,23.86,6775403,Московский,м. Ленинский проспект,,Ленинский проспект,269631908
6647,1,12,1,26.61,6800025,Московский,м. Ленинский проспект,,Ленинский проспект,293794644
6648,2,12,1,27.88,6885987,Московский,Звёздное,,Звездная,298641692
6649,13,16,-1,28.41,6870948,Московский,Московское шоссе,13Ж,Звездная,298146063
6650,12,23,1,30.7,6895101,Выборгский,дорога Ольгинская,,Парнас,298863621
6651,11,15,-1,23.43,6839999,Красногвардейский,переулок Уткин,,,297849168
6652,16,17,1,20.55,6812325,Василеостровский,Гавань,,Приморская,298050045
6653,3,11,1,25.97,6872404,Невский, Гудиловская,5к1,Рыбацкое,295426202
6654,9,15,-1,23.1,6899999,Красногвардейский,Малая Охта,,,291246485
6655,3,17,1,23.33,6810458,Невский,Октябрьская набережная,11Б,Пролетарская,297359522
6656,3,13,1,30.2,6887314,Приморский,Юнтолово,,Беговая,297293992
6657,4,15,-1,30.07,6871231,Красногвардейский,проспект Энергетиков,6,Ладожская,289280458
6658,2,15,-1,27.59,6826613,Красногвардейский,проспект Энергетиков,6,Ладожская,289280468
6659,4,13,1,30.7,6823896,Приморский,Планерная ,87к1,Комендантский проспект,297548220
6660,3,17,1,23.77,6886080,Калининский,Финляндский,,,294621621
6661,8,8,1,29.49,6935916,Красносельский,Константиновское,,Проспект Ветеранов,298422070
6662,1,3,1,35.8,6937377,Петродворцовый,Красносельское шоссе,22,Ленинский проспект,298402712
6663,8,25,1,31.6,6949991,Приморский,шоссе Суздальское,20к4,Проспект Просвещения,298651636
6664,11,23,1,29.0,6949000,Красногвардейский,проспект Энергетиков,11к2,Новочеркасская,298339302
6665,6,24,-1,31.59,6949800,Московский,Новоизмайловское,,,286950372
6666,12,12,1,24.23,6924837,Московский,Звёздное,,Звездная,298641833
6667,1,4,-1,30.0,6900000,Приморский, Новая,51к41,Беговая,293441590
6668,10,19,1,22.55,6939976,Калининский,Финляндский,,Выборгская,292590519
6669,15,15,1,22.81,6984422,Василеостровский,Гавань,12,Горный институт,296662623
6670,14,14,-1,36.54,6990000,Кировский,проспект Стачек,64,Кировский завод,294571658
6671,2,15,-1,36.89,6955964,Красногвардейский,проспект Энергетиков,6,Ладожская,290733274
6672,2,17,1,25.09,6982968,Калининский,Финляндский,,,294621777
6673,16,24,1,25.0,6990000,Приморский, Плесецкая,10,Комендантский проспект,299189228
6674,5,8,1,34.66,7043110,Колпинский,,10,Шушары,299405961
6675,6,10,-1,21.74,7065500,Выборгский, Курчатова,,Политехническая,299037544
6676,3,7,-1,26.4,7000000,Приморский,Приморский проспект,6,,297211543
6677,3,3,1,33.1,7029306,Петродворцовый,Красносельское шоссе,22,Ленинский проспект,293828734
6678,16,17,1,21.52,7026280,Василеостровский,Гавань,,Приморская,298050046
6679,8,18,1,26.5,7022500,Василеостровский, Вадима Шефнера,4,Василеостровская,296306156
6680,2,11,1,21.8,7073664,Фрунзенский,Волковское,3,Обводный канал,287469471
6681,12,14,1,20.6,7036300,Фрунзенский,Волковское,5,Обводный канал,292512706
6682,12,12,1,21.8,7079942,Фрунзенский,Волковское,5,Обводный канал,290223466
6683,7,10,-1,22.62,7125300,Выборгский, Курчатова,,Политехническая,299037571
6684,10,18,1,24.6,7134000,Василеостровский,бульвар Головнина,3к1,Горный институт,292855629
6685,14,18,-1,25.0,7100000,Московский,5-й Предпортовый проезд,2,Московская,299137228
6686,4,7,-1,26.6,7185000,Приморский,Приморский проспект,6,,289902310
6687,2,3,1,34.0,7220435,Петродворцовый,Красносельское шоссе,22,Проспект Ветеранов,298402725
6688,2,12,1,24.12,7200097,Невский,Невская застава,,Елизаровская,298769336
6689,1,13,1,28.88,7153027,Василеостровский,Гавань,,Горный институт,283800939
6690,17,18,1,28.4,7242000,Василеостровский, Вадима Шефнера,4,Василеостровская,296306223
6691,4,6,1,19.6,7173169,Адмиралтейский,набережная Обводного Канала,118бБ,Балтийская,298163681
6692,11,14,1,23.6,7238592,Фрунзенский,Волковское,5,Обводный канал,294724133
6693,2,12,1,22.1,7203384,Фрунзенский,Волковское,4,Обводный канал,277372984
6694,1,13,1,29.83,7249853,Василеостровский,Гавань,,Горный институт,298644027
6695,10,17,1,26.05,7246800,Калининский,Финляндский,,,294622094
6696,2,5,1,29.3,7200000,Петроградский, Ленина,41,Чкаловская,299059285
6697,2,23,1,31.06,7250242,Невский,Невский,,Проспект Большевиков,298634666
6698,17,18,1,28.6,7293000,Василеостровский, Вадима Шефнера,4,Василеостровская,296306218
6699,21,25,1,30.1,7250000,Калининский, Богословская,4к3,Лесная,299166705
6700,2,12,1,30.27,7261591,Московский,Звёздное,,Звездная,298641839
6701,2,11,1,23.8,7259000,Московский,Московский проспект,114Б,Московские ворота,294213911
6702,4,7,1,21.34,7287625,Калининский,Финляндский,,Выборгская,284358975
6703,3,14,-1,34.97,7349140,Красногвардейский,Магнитогорская ,51,Ладожская,292504134
6704,12,18,1,28.5,7300000,Фрунзенский, Салова,61,Бухарестская,298967970
6705,2,12,1,24.59,7300057,Невский,Невская застава,,Елизаровская,299626010
6706,10,12,1,23.53,7334301,Московский,Звёздное,,Звездная,289467124
6707,1,8,-1,28.5,7324500,Курортный, Правды,,,295094651
6708,2,11,1,23.61,7319100,Московский,Московская застава,,Московские ворота,294213907
6709,2,14,1,24.3,7403359,Фрунзенский,Волковское,1,Обводный канал,288160763
6710,12,14,1,25.4,7412736,Фрунзенский,Волковское,5,Обводный канал,299174636
6711,13,13,1,23.6,7403980,Фрунзенский,Волковское,3,Обводный канал,293354156
6712,9,12,1,28.72,7409186,Московский,Звёздное,,Звездная,298641958
6713,3,17,1,27.09,7427475,Калининский,Финляндский,,,294621990
6714,5,10,-1,24.15,7486500,Выборгский, Курчатова,,Политехническая,299037552
6715,11,15,-1,25.87,7489999,Красногвардейский,переулок Уткин,,,297849115
6716,6,12,1,25.37,7471820,Московский,Звёздное,,Звездная,277319794
6717,2,15,-1,30.1,7489999,Красногвардейский,Малая Охта,,,279351097
6718,1,8,-1,26.6,7498000,Курортный, Правды,,,295094650
6719,2,15,-1,28.96,7579999,Красногвардейский,Малая Охта,,,288175711
6720,1,12,1,27.4,7567291,Московский,Звёздное,,Звездная,298641684
6721,2,17,1,28.03,7594600,Калининский,Финляндский,,,294622064
6722,2,10,-1,35.2,7585600,Василеостровский, Одоевского,17,Василеостровская,295026147
6723,2,12,1,28.43,7638999,Московский,Звёздное,,Звездная,298641976
6724,8,17,1,25.6,7600000,Приморский,переулок Ипподромный,1к2,Пионерская,298216616
6725,2,11,1,26.0,7600320,Фрунзенский,Волковское,3,Обводный канал,275298194
6726,12,13,1,26.29,7611560,Василеостровский,Гавань,,Горный институт,295360212
6727,5,7,1,25.0,7625000,Петроградский,Каменноостровский проспект,45,Петроградская,298677646
6728,4,12,1,28.91,7650222,Московский,Новоизмайловское,,,297392471
6729,4,10,-1,35.9,7736450,Василеостровский, Одоевского,17,Василеостровская,295026160
6730,1,13,1,32.98,7711694,Василеостровский,Гавань,,Горный институт,283801203
6731,1,11,1,33.34,7711409,Невский, Гудиловская,6к1,Обухово,285020664
6732,4,15,-1,28.38,7749999,Красногвардейский,Малая Охта,,,279351173
6733,3,10,-1,24.75,7672500,Выборгский, Курчатова,,Политехническая,299037459
6734,1,13,1,32.19,7673999,Василеостровский,Гавань,,Горный институт,283800943
6735,3,17,1,28.56,7741260,Калининский,Финляндский,,,294621963
6736,10,18,-1,23.2,7830000,Фрунзенский, Салова,61,Бухарестская,297982363
6737,2,12,1,29.04,7806533,Московский,Звёздное,,Звездная,298642031
6738,7,22,1,25.37,7821659,Калининский,Финляндский,,Лесная,299507651
6739,13,22,1,25.05,7755582,Калининский,Финляндский,,Лесная,299508454
6740,4,15,-1,32.92,7849999,Красногвардейский,Малая Охта,,,279351152
6741,3,15,-1,18.68,7849999,Красногвардейский,переулок Уткин,,,294615775
6742,1,13,1,33.53,7773630,Василеостровский,Гавань,,Горный институт,283800936
6743,10,19,-1,23.1,7750000,Фрунзенский, Салова,61,Бухарестская,298648611
6744,12,18,1,26.52,7876440,Фрунзенский, Салова,61,Бухарестская,297982362
6745,4,12,1,25.67,7850001,Невский,Невская застава,,Елизаровская,298674208
6746,9,10,1,27.7,7990000,Московский,Киевская ,5к6,Технологический институт,279676716
6747,9,10,1,27.3,7990000,Московский,Киевская ,5к6,Технологический институт,279676710
6748,1,9,1,26.25,7900186,Невский,Невская застава,,Елизаровская,299493923
6749,8,18,-1,23.56,7951500,Фрунзенский, Салова,61,Бухарестская,293340260
6750,2,23,1,38.3,7984603,Выборгский,дорога Ольгинская,,Парнас,298864209
6751,12,23,1,23.29,7961000,Калининский,Финляндский,,Выборгская,299508123
6752,13,16,1,25.51,7913755,Московский,м. Ленинский проспект,,Ленинский проспект,273646309
6753,2,10,-1,36.8,7930400,Василеостровский, Одоевского,17,Василеостровская,295026151
6754,4,13,1,26.91,8022032,Калининский,Полюстровский проспект,,Лесная,298022254
6755,3,13,1,23.26,8049742,Калининский,Полюстровский проспект,,Лесная,298022068
6756,11,15,-1,28.83,8039999,Красногвардейский,переулок Уткин,,,297849119
6757,4,13,1,22.8,8037054,Выборгский,Сампсониевское,,Лесная,292390971
6758,1,13,1,24.7,8031733,Выборгский,Сампсониевское,,Лесная,299174610
6759,3,14,-1,39.23,8143392,Красногвардейский,Магнитогорская ,51,Площадь Александра Невского,292504048
6760,5,22,1,28.29,8145841,Калининский,Финляндский,,Лесная,299507645
6761,5,14,1,23.6,8115719,Фрунзенский,Волковское,,Волковская,299131648
6762,2,14,1,24.9,8063989,Фрунзенский,Волковское,1,Обводный канал,293227169
6763,1,13,1,36.23,8088118,Василеостровский,Гавань,,Горный институт,283801224
6764,5,14,1,26.0,8100000,Василеостровский,Уральская ,21,Василеостровская,298095241
6765,3,13,-1,30.0,8144790,Приморский,Коломяжский проспект,4,Черная речка,298730064
6766,3,13,1,23.77,8244782,Калининский,Полюстровский проспект,,Лесная,298022067
6767,15,23,1,27.19,8239183,Калининский,Финляндский,,Выборгская,299507519
6768,1,13,1,28.3,8191103,Выборгский,Сампсониевское,,Лесная,292512764
6769,8,12,1,24.8,8156472,Фрунзенский,Волковское,4,Обводный канал,299174525
6770,5,10,-1,35.3,8290000,Московский,Киевская ,5к6,Фрунзенская,291029374
6771,5,10,1,36.0,8290000,Московский,Киевская ,5к6,Обводный канал,293722066
6772,3,13,1,27.4,8274612,Выборгский,Сампсониевское,,Лесная,294143903
6773,11,23,1,38.6,8290848,Выборгский,дорога Ольгинская,,Парнас,298864198
6774,6,22,1,27.35,8285686,Калининский,Финляндский,,Лесная,299508582
6775,3,22,1,28.61,8273633,Калининский,Финляндский,,Лесная,299508205
6776,9,10,1,30.0,8390000,Московский,Киевская ,5к6,Обводный канал,279676742
6777,4,14,-1,39.9,8303002,Красногвардейский,Магнитогорская ,51,Ладожская,296045830
6778,4,13,1,30.77,8373022,Калининский,Полюстровский проспект,,Лесная,298022252
6779,9,22,1,28.29,8339951,Калининский,Финляндский,,Лесная,299508349
6780,14,23,1,24.9,8395999,Калининский,Полюстровский проспект,75,Лесная,299507407
6781,1,19,1,36.5,8300118,Невский,Дальневосточный проспект,19к1,Проспект Большевиков,299178327
6782,12,18,1,28.3,8348500,Василеостровский,бульвар Головнина,3к1,Горный институт,294573254
6783,11,12,1,23.2,8302468,Фрунзенский,Волковское,4,Обводный канал,287469096
6784,1,9,1,27.83,8350154,Невский,Невская застава,,Елизаровская,296754152
6785,5,13,1,26.22,8435630,Калининский,Полюстровский проспект,,Лесная,298022177
6786,12,18,1,28.5,8407500,Василеостровский,бульвар Головнина,3к1,Горный институт,294573248
6787,3,25,1,23.24,8499966,Приморский,Коломяжский проспект,13к2,Пионерская,297024769
6788,8,12,1,24.6,8487738,Василеостровский,Гавань,1,Приморская,277780807
6789,2,14,1,29.3,8492458,Фрунзенский,Волковское,1,Обводный канал,293227164
6790,6,23,1,29.72,8524325,Калининский,Финляндский,,Выборгская,299507595
6791,6,19,1,36.0,8500068,Невский,Дальневосточный проспект,19к1,Проспект Большевиков,299582558
6792,4,5,-1,24.56,8514903,Курортный, Инструментальщиков,18,Беговая,293123129
6793,11,12,1,24.0,8530704,Василеостровский,Гавань,1,Приморская,298242940
6794,2,8,1,32.0,8629453,Московский,Черниговская ,11к1,Московские ворота,298657601
6795,5,5,-1,23.74,8630155,Курортный, Инструментальщиков,18,Беговая,293123103
6796,12,19,1,26.99,8636800,Московский,Гагаринское,,,295853451
6797,2,13,1,36.74,8626793,Василеостровский,Гавань,,Горный институт,298644044
6798,6,10,-1,21.5,8550000,Центральный,Херсонский проезд,6,Площадь Александра Невского,299518634
6799,4,13,1,29.1,8740224,Выборгский,Сампсониевское,,Лесная,296296095
6800,5,13,1,27.95,8697901,Калининский,Полюстровский проспект,,Лесная,297673108
6801,6,18,1,26.28,8719999,Василеостровский,Морской,,,299606364
6802,20,25,1,29.0,8706118,Приморский,Богатырский проспект,2А,Пионерская,297024826
6803,11,12,1,29.6,8714388,Фрунзенский,Волковское,4,Обводный канал,299174524
6804,19,25,1,30.26,8719832,Приморский,Богатырский проспект,2А,Пионерская,297024811
6805,9,10,-1,26.1,8748000,Василеостровский,проспект Малый Васильевского острова,54к2,Горный институт,292192711
6806,2,10,-1,40.4,8706200,Василеостровский, Одоевского,17,Василеостровская,295026152
6807,2,12,1,28.8,8797460,Московский,Черниговская ,17,Московские ворота,299132636
6808,4,22,1,31.11,8795558,Калининский,Финляндский,,Лесная,299507768
6809,2,25,1,28.06,8776159,Приморский,Коломяжский проспект,13к2,Пионерская,297024761
6810,3,25,1,23.76,8785522,Приморский,Коломяжский проспект,13к2,Пионерская,297024731
6811,6,12,1,26.2,8758791,Фрунзенский,Волковское,4,Обводный канал,294724109
6812,1,12,1,31.44,8773862,Московский,Звёздное,,Звездная,295358735
6813,5,12,-1,39.12,8802000,Приморский,м. Комендантский проспект,,Комендантский проспект,294913951
6814,2,19,1,30.92,8804246,Приморский,Коломяжский проспект,13,Пионерская,297025118
6815,5,5,-1,22.33,8850418,Курортный, Инструментальщиков,18,Беговая,291779585
6816,14,25,1,29.43,8862762,Приморский,Коломяжский проспект,13к2,Пионерская,297024439
6817,4,14,1,29.9,8899286,Фрунзенский,Волковское,1,Обводный канал,294144813
6818,2,9,1,27.03,8800076,Невский,Невская застава,,Елизаровская,299178342
6819,3,10,-1,40.9,8813950,Василеостровский, Одоевского,17,Василеостровская,295026157
6820,10,10,-1,25.2,8850000,Василеостровский,проспект Малый Васильевского острова,54к2,Горный институт,268140002
6821,10,11,-1,29.8,8870000,Василеостровский,набережная Макарова,60,Приморская,298432660
6822,3,14,-1,43.33,8994473,Красногвардейский,Магнитогорская ,51,Ладожская,292504059
6823,5,13,1,30.48,8982792,Калининский,Полюстровский проспект,,Лесная,298022178
6824,2,25,1,26.12,8984475,Приморский,Коломяжский проспект,13к2,Пионерская,297024763
6825,9,9,1,20.0,8992040,Адмиралтейский,Измайловское,к 2.1,Балтийская,299176053
6826,2,12,1,28.7,8922801,Василеостровский,Гавань,1,Приморская,277167918
6827,4,12,1,26.0,8980000,Выборгский,Новолитовская ,12,Лесная,299341908
6828,4,10,1,27.8,8990000,Василеостровский,проспект Малый Васильевского острова,63/14,Василеостровская,294174720
6829,24,25,1,31.38,8904617,Приморский,Богатырский проспект,2А,Пионерская,297024804
6830,7,18,-1,30.15,9090225,Фрунзенский, Салова,61,Бухарестская,294996567
6831,2,16,-1,27.3,9000000,Московский,Московский проспект,103к6Й,Московские ворота,286942198
6832,3,12,-1,39.54,9094200,Приморский,м. Комендантский проспект,,Комендантский проспект,294913997
6833,13,23,1,27.9,9008756,Калининский,Полюстровский проспект,75,Лесная,299507405
6834,9,9,1,20.0,9074760,Адмиралтейский,Измайловское,к 2.2,Балтийская,295870052
6835,7,12,1,27.1,9124593,Московский,Черниговская ,17,Московские ворота,298657656
6836,1,23,1,33.3,9127536,Калининский,Финляндский,,Выборгская,299507873
6837,2,25,1,25.41,9171724,Приморский,Коломяжский проспект,13к2,Пионерская,297024755
6838,2,7,1,23.2,9150636,Адмиралтейский,Измайловское,к 2.1,Балтийская,299176051
6839,6,9,1,21.2,9101117,Адмиралтейский,Измайловское,к 2.2,Балтийская,298768024
6840,2,7,1,24.3,9191620,Адмиралтейский,Измайловское,к 2.2,Балтийская,292688315
6841,4,22,1,30.73,9222496,Калининский,Финляндский,,Лесная,299508214
6842,12,16,-1,24.5,9200000,Московский,Московский проспект,103к6Й,Московские ворота,295869994
6843,13,19,1,29.72,9228060,Московский,Гагаринское,,,295853510
6844,7,8,1,27.2,9208761,Московский,Черниговская ,13к2,Московские ворота,298657566
6845,4,10,-1,42.9,9244950,Василеостровский, Одоевского,17,Василеостровская,295026158
6846,3,18,1,29.74,9349999,Василеостровский,Морской,,,299606358
6847,4,8,1,24.6,9342997,Московский,Черниговская ,11к1,Московские ворота,298657617
6848,4,7,1,23.2,9314196,Адмиралтейский,Измайловское,к 2.2,Балтийская,299176018
6849,18,18,1,30.4,9300000,Калининский, Обручевых,5,Политехническая,295914224
6850,6,11,1,23.4,9250000,Фрунзенский,Лиговский проспект,271,Обводный канал,299186864
6851,9,12,1,27.4,9321343,Фрунзенский,Волковское,4,Обводный канал,277372926
6852,6,18,1,29.47,9429999,Василеостровский,Морской,,,299606463
6853,3,12,1,29.59,9350070,Выборгский,Светлановское,,Удельная,292692425
6854,4,5,-1,23.32,9380167,Курортный, Инструментальщиков,18,Беговая,293598990
6855,2,9,1,24.8,9378417,Адмиралтейский,Измайловское,к 2.1,Балтийская,299176050
6856,2,9,1,24.8,9436697,Адмиралтейский,Измайловское,к 2.2,Балтийская,292688314
6857,2,10,-1,43.8,9438900,Василеостровский, Одоевского,17,Василеостровская,295026163
6858,3,9,1,24.1,9505040,Петроградский,Петровский проспект,9к2,Спортивная,298085164
6859,6,12,-1,23.7,9544492,Курортный,Приморское шоссе,570Л,,289388411
6860,2,10,-1,22.7,9534000,Центральный,Херсонский проезд,6,Площадь Александра Невского,296920323
6861,3,16,-1,26.4,9450000,Московский,Московский проспект,103к6Й,Московские ворота,271710044
6862,9,10,-1,21.2,9648374,Центральный,Херсонский проезд,6,Площадь Александра Невского,299635046
6863,2,12,1,27.46,9550203,Василеостровский,Уральская ,,Василеостровская,297657365
6864,9,10,-1,20.9,9608900,Центральный,Херсонский проезд,6,Площадь Александра Невского,299640628
6865,2,10,-1,22.9,9618000,Центральный,Херсонский проезд,6,Площадь Александра Невского,299338004
6866,2,8,1,30.4,9625596,Московский,Черниговская ,11к1,Московские ворота,298657620
6867,4,12,1,27.8,9582139,Московский,Черниговская ,17,Московские ворота,298657816
6868,3,11,1,30.43,9646310,Московский,Московский проспект,114Б,Московские ворота,294213912
6869,3,15,-1,38.97,9739999,Красногвардейский,Малая Охта,,,279351114
6870,3,7,1,24.3,9728407,Адмиралтейский,Измайловское,к 2.1,Балтийская,293408463
6871,5,9,1,26.1,9761400,Петроградский,Петровский проспект,9к2,Спортивная,298085139
6872,5,8,1,24.3,9785260,Московский,Черниговская ,11к1,Московские ворота,298657608
6873,2,10,-1,23.6,9912000,Центральный,Херсонский проезд,6,Площадь Александра Невского,296920317
6874,3,9,1,26.57,9949999,Адмиралтейский, Шкапина,43-45,Балтийская,299481419
6875,6,8,1,27.7,9892327,Московский,Черниговская ,13к2,Московские ворота,298657562
6876,5,5,-1,29.02,9987915,Курортный, Инструментальщиков,18,Беговая,293123107
6877,16,25,1,27.26,10002645,Приморский,Коломяжский проспект,13к2,Пионерская,297024719
6878,3,9,1,27.6,10004006,Адмиралтейский,Измайловское,к 2.2,Балтийская,290945795
6879,3,13,-1,39.13,9990202,Приморский,Коломяжский проспект,4,Черная речка,298729987
6880,2,8,-1,22.5,9970000,Петроградский,Ремесленная ,17литЗ,Спортивная,299601643
6881,5,16,-1,34.9,10100000,Московский,Московский проспект,103к6Й,Московские ворота,297604371
6882,5,16,-1,30.4,10100000,Московский,Московский проспект,103к6Й,Московские ворота,297604362
6883,2,15,-1,30.78,10066873,Красногвардейский,переулок Уткин,,,295950292
6884,4,8,1,31.9,10104619,Московский,Черниговская ,13к2,Московские ворота,298657535
6885,9,10,-1,22.4,10194509,Центральный,Херсонский проезд,6,Площадь Александра Невского,299640627
6886,1,5,-1,25.58,10160069,Курортный, Инструментальщиков,18,Беговая,293123118
6887,5,12,-1,44.16,10156800,Приморский,м. Комендантский проспект,,Комендантский проспект,294913966
6888,6,12,1,26.0,10204434,Московский,Черниговская ,17,Московские ворота,298657818
6889,4,9,1,27.6,10177831,Адмиралтейский,Измайловское,к 2.1,Балтийская,290945865
6890,9,18,1,33.8,10263337,Адмиралтейский,бульвар Измайловский,9,Фрунзенская,298655450
6891,9,14,1,25.9,10257029,Фрунзенский,Волковское,,Волковская,299131695
6892,7,8,1,31.4,10371200,Московский,Черниговская ,13к2,Московские ворота,298657541
6893,6,18,1,32.0,10529309,Адмиралтейский,бульвар Измайловский,9,Фрунзенская,298655458
6894,5,8,1,25.19,10542015,Петроградский,Петровский,,Крестовский остров,294544841
6895,2,5,-1,29.98,10545375,Курортный, Инструментальщиков,18,Беговая,293598859
6896,5,8,1,35.9,10536106,Московский,Черниговская ,13к2,Московские ворота,298657963
6897,2,10,1,32.1,10544850,Выборгский,Светлановское,,Удельная,297188064
6898,7,8,1,38.0,10500000,Красносельский,Петергофское шоссе,84к19,,299376579
6899,2,10,-1,25.0,10500000,Центральный,Херсонский проезд,6,Площадь Александра Невского,296920318
6900,10,17,1,34.88,10495392,Выборгский,Большой Сампсониевский проспект,77,Лесная,299273050
6901,1,10,1,29.7,10558350,Выборгский,Манчестерская ,3к1,Удельная,296753822
6902,4,9,1,28.95,10639999,Адмиралтейский, Шкапина,43-45,Балтийская,299481477
6903,1,5,-1,35.26,10578000,Курортный, Инструментальщиков,18,Беговая,289559413
6904,2,7,1,23.2,10592145,Адмиралтейский,Измайловское,к1,Балтийская,274325237
6905,4,6,-1,26.57,10588145,Курортный,дорога Таможенная,11к1с4,Беговая,293980708
6906,7,14,1,30.9,10550000,Выборгский, Грибалевой,7к3,Лесная,299468449
6907,6,9,1,29.83,10679999,Адмиралтейский, Шкапина,43-45,Балтийская,299481546
6908,5,9,1,24.8,10788793,Адмиралтейский,Измайловское,к1,Балтийская,284669843
6909,4,14,-1,50.87,10795469,Красногвардейский,Магнитогорская ,51,Ладожская,296045824
6910,5,8,1,27.56,10899980,Петроградский,Петровский,,Крестовский остров,294544899
6911,2,10,-1,26.4,10824000,Центральный,Херсонский проезд,6,Площадь Александра Невского,299337999
6912,11,12,1,28.0,10777956,Василеостровский,Гавань,1,Приморская,289084223
6913,2,7,1,24.3,10811118,Адмиралтейский,Измайловское,к1,Балтийская,275860537
6914,6,10,-1,26.8,10827950,Центральный,Херсонский проезд,6,Площадь Александра Невского,296920293
6915,2,10,-1,26.7,10947000,Центральный,Херсонский проезд,6,Площадь Александра Невского,299338015
6916,7,18,1,34.7,10984019,Адмиралтейский,бульвар Измайловский,9,Фрунзенская,298655486
6917,8,10,-1,25.9,10945444,Центральный,Херсонский проезд,6,Площадь Александра Невского,296920358
6918,12,14,1,30.71,10949999,Красногвардейский,проспект Энергетиков,2,,279352009
6919,4,8,-1,20.18,11088900,Петроградский,Петровский,,Чкаловская,298008373
6920,4,16,-1,39.9,11000000,Московский,Московский проспект,103к6Й,Московские ворота,299046054
6921,8,9,1,27.4,11098260,Адмиралтейский,Измайловское,к 2.1,Балтийская,298894723
6922,5,9,1,29.8,11210760,Петроградский,Петровский проспект,9к2,Спортивная,298366920
6923,5,16,-1,39.9,11200008,Московский,Московский проспект,103к6Й,Московские ворота,297604380
6924,3,16,-1,38.7,11200000,Московский,Московский проспект,103к6Й,Московские ворота,273024315
6925,6,14,1,31.2,11265191,Фрунзенский,Волковское,,Волковская,299131719
6926,6,9,1,31.62,11269999,Адмиралтейский, Шкапина,43-45,Балтийская,299481550
6927,2,10,-1,27.5,11275000,Центральный,Херсонский проезд,6,Площадь Александра Невского,296920344
6928,6,6,1,31.4,11405000,Василеостровский,Морской,7,Горный институт,289707281
6929,7,9,1,29.1,11316990,Петроградский,Петровский проспект,9к2,Спортивная,298366965
6930,2,10,-1,27.7,11357000,Центральный,Херсонский проезд,6,Площадь Александра Невского,299337997
6931,2,8,-1,24.62,11456905,Петроградский,Петровский,,Чкаловская,293603725
6932,2,8,-1,25.59,11520682,Петроградский,Петровский,,Чкаловская,293816972
6933,5,8,-1,21.77,11486299,Петроградский,Петровский,,Чкаловская,298008239
6934,6,9,1,27.6,11495786,Адмиралтейский,Измайловское,к1,Балтийская,296296604
6935,1,13,1,36.1,11552902,Приморский,Коломяжский проспект,4,Черная речка,298220727
6936,6,11,-1,28.7,11600000,Центральный,Херсонский проезд,6,Площадь Александра Невского,297116332
6937,3,8,-1,27.53,11724119,Петроградский,Петровский,,Чкаловская,294555492
6938,3,5,-1,38.85,11654994,Курортный, Инструментальщиков,18,Беговая,285763039
6939,2,4,1,24.5,11900000,Василеостровский,проспект Средний Васильевского острова,83с2,Василеостровская,299517776
6940,5,8,-1,24.46,12123440,Петроградский,Петровский,,Чкаловская,298137334
6941,7,8,1,26.94,12001770,Петроградский,Петровский,,Крестовский остров,294544916
6942,8,8,-1,21.47,12122961,Петроградский,Петровский,,Чкаловская,294069340
6943,8,9,1,27.4,12015174,Адмиралтейский,Измайловское,к1,Балтийская,298894717
6944,3,18,1,31.8,12109999,Василеостровский,Морской,,,295839396
6945,3,8,-1,22.94,12167980,Петроградский,Петровский,,Чкаловская,293816975
6946,4,8,-1,24.65,12176127,Петроградский,Петровский,,Чкаловская,298135177
6947,12,14,1,33.79,12219999,Красногвардейский,проспект Энергетиков,2,,279352033
6948,2,9,1,34.34,12369999,Адмиралтейский, Шкапина,43-45,Балтийская,299481516
6949,5,8,-1,25.69,12343956,Петроградский,Петровский,,Чкаловская,293381309
6950,2,9,1,34.72,12439999,Адмиралтейский, Шкапина,43-45,Балтийская,299481518
6951,2,15,-1,40.59,12425623,Красногвардейский,переулок Уткин,,,295950286
6952,3,14,-1,60.83,12627136,Красногвардейский,Магнитогорская ,51,Ладожская,292504112
6953,11,15,-1,48.89,12509999,Красногвардейский,переулок Уткин,,,297849130
6954,2,10,-1,30.7,12587000,Центральный,Херсонский проезд,6,Площадь Александра Невского,296920308
6955,7,8,1,26.49,12701955,Петроградский,Петровский,,Чкаловская,294545338
6956,6,8,-1,21.53,12809069,Петроградский,Петровский,,Чкаловская,293292812
6957,7,8,1,28.87,12803845,Петроградский,Петровский,,Крестовский остров,294544861
6958,5,8,-1,22.86,13369500,Петроградский,Петровский,,Чкаловская,293292807
6959,6,8,-1,27.5,13398784,Петроградский,Петровский,,Чкаловская,293381359
6960,2,15,-1,45.25,13358748,Красногвардейский,переулок Уткин,,,295950274
6961,5,8,-1,24.3,13414183,Петроградский,Петровский,,Чкаловская,298008386
6962,3,10,-1,34.3,13603298,Центральный,Херсонский проезд,6,Площадь Александра Невского,296920286
6963,2,8,-1,33.42,13723990,Петроградский,Петровский,,Чкаловская,298135168
6964,4,8,-1,30.07,13942452,Петроградский,Петровский,,Чкаловская,294555449
6965,3,8,-1,31.88,13984194,Петроградский,Петровский,,Чкаловская,294555486
6966,7,8,1,30.79,14024845,Петроградский,Ремесленная ,,Спортивная,294544980
6967,2,14,1,51.0,14150307,Невский,Фарфоровская ,7к1,Ломоносовская,299582555
6968,2,8,-1,31.88,14191494,Петроградский,Петровский,,Чкаловская,293292767
6969,2,10,-1,34.7,14227000,Центральный,Херсонский проезд,6,Площадь Александра Невского,296920311
6970,10,10,1,36.25,14300000,Фрунзенский,Прилукская ,28к2,Обводный канал,297024661
6971,4,10,-1,37.6,14842224,Центральный,Херсонский проезд,6,Площадь Александра Невского,299338034
6972,2,10,-1,36.4,14924000,Центральный,Херсонский проезд,6,Площадь Александра Невского,296920310
6973,3,10,-1,38.6,15165261,Центральный,Херсонский проезд,6,Площадь Александра Невского,296920285
6974,8,8,-1,27.29,15317345,Петроградский,Петровский,,Чкаловская,293518530
6975,7,25,1,30.32,15691282,Московский,Алтайская ,39,Московская,297319719
6976,2,8,-1,29.82,15633269,Петроградский,Петровский,,Чкаловская,294711295
6977,2,12,-1,48.2,16154712,Курортный,Приморское шоссе,570Л,,289388271
6978,3,9,1,34.3,16750000,Центральный,Лиговка-Ямская,,Площадь Восстания,299131346
6979,5,12,-1,46.3,17158055,Курортный,Приморское шоссе,570Л,,296606507
6980,10,12,-1,24.7,17331496,Курортный,Приморское шоссе,570Л,,290705960
6981,5,12,-1,46.6,17271684,Курортный,Приморское шоссе,570Л,,289388327
6982,9,10,-1,38.4,17832960,Центральный,Херсонский проезд,6,Площадь Александра Невского,296920381
6983,8,8,-1,33.87,17956011,Петроградский,Петровский,,Чкаловская,293518496
6984,7,8,1,37.91,18045160,Петроградский,Петровский,,Чкаловская,294545208
6985,1,13,1,59.36,18406348,Приморский,Коломяжский проспект,4,Черная речка,298220731
6986,4,8,-1,29.33,18955158,Петроградский,Петровский,,Чкаловская,298137364
6987,6,12,-1,49.3,19089995,Курортный,Приморское шоссе,570Л,,289388395
6988,5,8,-1,29.07,19227450,Петроградский,Петровский,,Чкаловская,298135203
6989,8,8,-1,32.95,20656932,Петроградский,Петровский,,Чкаловская,293518501
6990,3,8,-1,33.58,21786586,Петроградский,Петровский,,Чкаловская,293515561
6991,3,12,-1,64.5,22205633,Курортный,Приморское шоссе,570Л,,289388278
6992,12,12,-1,50.7,35505680,Курортный,Приморское шоссе,570Л,,290705992
6993,11,12,-1,51.5,36077200,Курортный,Приморское шоссе,570Л,,290705973
6994,11,12,-1,96.6,68296640,Курортный,Приморское шоссе,570Л,,290705980
6995,11,12,-1,107.2,75869280,Курортный,Приморское шоссе,570Л,,290705979
6996,1,5,1,14.0,2660000,Красносельский,Авангардная ,23,Проспект Ветеранов,288362894
6997,4,4,-1,15.3,2677500,Кировский,Морские ворота,17,Балтийская,294452552
6998,1,3,-1,10.35,2990000,Центральный, Черняховского,32,Лиговский проспект,298226514
6999,1,3,-1,13.2,2990000,Кировский,проспект Стачек,38,Кировский завод,284009922
7000,9,9,1,15.0,3100000,Калининский, Руставели,37,Академическая,297048095
7001,1,4,1,16.5,3200000,Невский, Ткачей,54,Елизаровская,296154760
7002,1,10,1,11.3,3200000,Приморский,проспект Авиаконструкторов,3К1,Комендантский проспект,299136434
7003,1,5,-1,24.5,3280550,Красногвардейский,Челябинская ,37,Гражданский проспект,299104924
7004,1,5,-1,24.3,3253770,Красногвардейский,Челябинская ,37,Гражданский проспект,299234396
7005,2,4,-1,12.0,3260000,Центральный,переулок Апраксин,10,Сенная площадь,296708598
7006,1,9,1,11.1,3300000,Выборгский,Поэтический бульвар,11К1,Проспект Просвещения,297461156
7007,1,5,-1,24.8,3320720,Красногвардейский,Челябинская ,37,Гражданский проспект,298784529
7008,4,4,1,18.74,3350000,Василеостровский,4-я Васильевского острова линия,5,Василеостровская,297590968
7009,1,3,-1,16.0,3350000,Невский,проспект Обуховской обороны,123А,Елизаровская,296914920
7010,15,23,-1,28.5,3400000,Невский,проспект Большевиков,54к2,Ломоносовская,295277584
7011,16,23,1,20.6,3400000,Красногвардейский,м. Гражданский проспект,,Гражданский проспект,298141465
7012,4,4,1,21.54,3400000,Василеостровский,4-я Васильевского острова линия,5,Василеостровская,297590975
7013,9,9,1,25.19,3430000,Петродворцовый,Михайловская ,51,,298883384
7014,19,24,1,20.8,3490000,Красногвардейский,Полюстрово,25к3,Гражданский проспект,285510881
7015,2,4,1,12.6,3498000,Адмиралтейский,Верейская ,42/8,Пушкинская,299009967
7016,7,26,-1,15.85,3499000,Московский, Орджоникидзе,44,Звездная,297902679
7017,2,4,1,16.0,3490000,Центральный,Шпалерная ,13,Площадь Ленина,296781160
7018,1,3,1,18.7,3500000,Кировский,переулок Майков,4а,,292846465
7019,3,5,1,18.0,3500000,Невский,бульвар Красных Зорь,10,Ломоносовская,296924716
7020,4,7,1,17.2,3500000,Московский,Московский проспект,186,Парк Победы,296647096
7021,17,22,1,20.7,3550000,Красногвардейский, Пейзажная,26,Гражданский проспект,295691390
7022,4,4,1,19.94,3570000,Василеостровский,4-я Васильевского острова линия,5,Василеостровская,297590970
7023,19,25,1,22.56,3600000,Невский, Русановская,24,Ломоносовская,294769913
7024,13,19,1,20.4,3600000,Красногвардейский,Полюстрово,25к2,Гражданский проспект,294089684
7025,1,9,-1,19.6,3600000,Красногвардейский,Хасанская ,26К1,Проспект Большевиков,286331204
7026,19,24,1,19.0,3600000,Красногвардейский, Пахомовская,26,Девяткино,298406704
7027,2,5,1,17.0,3699000,Центральный,Гороховая ,32,Сенная площадь,297193896
7028,9,19,1,20.4,3690000,Красногвардейский,Полюстрово,27к1,,292390889
7029,22,23,1,20.2,3748000,Красногвардейский, Пейзажная,20,Девяткино,296395763
7030,9,26,-1,13.24,3700000,Московский, Орджоникидзе,44,Звездная,297051641
7031,3,19,1,19.0,3700000,Красногвардейский,м. Гражданский проспект,,Гражданский проспект,286669192
7032,17,17,1,20.21,3700000,Красногвардейский, Пейзажная,,Девяткино,280815498
7033,6,22,-1,19.5,3700000,Выборгский,проезд Толубеевский,8к2,Парнас,298678147
7034,16,18,1,20.6,3750000,Красногвардейский,Полюстрово,27к2,Академическая,292565971
7035,1,4,-1,21.9,3750000,Адмиралтейский,набережная Обводного Канала,142/16Б,Нарвская,294453489
7036,21,24,1,24.3,3800000,Невский, Русановская,18к6,Обухово,299504832
7037,15,24,1,20.7,3800000,Красногвардейский, Пейзажная,24к2,Гражданский проспект,296113075
7038,3,18,1,19.7,3800000,Красногвардейский,Полюстрово,27к3,Гражданский проспект,297913344
7039,5,18,1,20.0,3850000,Красногвардейский,Полюстрово,27к3,Гражданский проспект,293144046
7040,1,5,1,13.1,3899999,Центральный, Чехова,9,Маяковская,299644293
7041,3,12,1,29.0,3890000,Колпинский, Севастьянова,28к2,Рыбацкое,298736263
7042,12,21,1,20.2,3850000,Красногвардейский,Полюстрово,12к1,Девяткино,287827148
7043,13,24,1,21.8,3850000,Красногвардейский,Полюстрово,25к3,Девяткино,297543571
7044,4,16,1,23.1,3900000,Фрунзенский,Загребский бульвар,21,,298878358
7045,1,5,-1,28.8,3915648,Красногвардейский,Челябинская ,37,Ладожская,299610358
7046,16,24,1,18.6,3900000,Красногвардейский, Пахомовская,26,Гражданский проспект,280428734
7047,1,5,1,11.2,3990000,Центральный, Чайковского,60,Чернышевская,298226517
7048,13,19,-1,24.4,3950000,Невский,Товарищеский проспект,19,Улица Дыбенко,279883263
7049,16,24,1,27.0,3950000,Невский, Русановская,20к1,Ломоносовская,295292418
7050,8,12,1,23.35,3950000,Пушкинский,проспект Старорусский,5к1,Шушары,295933544
7051,2,5,1,15.0,3980000,Центральный,Шпалерная ,34,Чернышевская,294573849
7052,5,5,1,16.3,3990000,Центральный,Суворовский проспект,47,Чернышевская,279491290
7053,19,25,1,22.2,4000000,Красногвардейский,Полюстрово,10к1,Академическая,285798856
7054,2,18,-1,30.7,4000000,Невский,Товарищеский проспект,19,Улица Дыбенко,292271572
7055,10,23,1,25.5,4000000,Красногвардейский, Чарушинская,24к1,Гражданский проспект,294573455
7056,15,26,-1,14.17,4040835,Московский, Орджоникидзе,44а,Московская,295141833
7057,1,7,-1,12.0,4000000,Адмиралтейский,набережная Обводного Канала,132,Балтийская,299036229
7058,6,22,-1,22.5,4050000,Выборгский,проезд Толубеевский,8к2,Парнас,298678644
7059,23,24,1,24.8,4100000,Невский, Русановская,20к3,Ломоносовская,299120023
7060,2,3,1,20.71,4100000,Выборгский, Первомайская,26,Озерки,284892762
7061,8,11,1,22.0,4100000,Пушкинский,проспект Старорусский,13к1,Купчино,293859883
7062,7,12,1,22.96,4128000,Пушкинский,проспект Старорусский,5к1,Звездная,297670832
7063,7,23,1,23.0,4100000,Красногвардейский, Чарушинская,24к1,Гражданский проспект,297311083
7064,1,3,1,19.3,4190000,Кировский,переулок Майков,4а,,298727158
7065,18,25,1,19.8,4190000,Приморский,набережная Реки Каменки,21к1,Проспект Просвещения,298795756
7066,20,20,-1,23.0,4150000,Выборгский,проезд Толубеевский,8к2,Парнас,297954250
7067,5,12,1,23.88,4150000,Пушкинский,Школьная ,,Купчино,298700826
7068,17,24,1,21.1,4200000,Красногвардейский, Пейзажная,24к2,Лесная,296021394
7069,3,3,1,23.16,4200000,Выборгский, Первомайская,26,Озерки,287715396
7070,1,6,1,27.0,4200000,Красносельский, Первого Мая,3,Проспект Ветеранов,290453206
7071,18,23,1,26.7,4200000,Красногвардейский,Полюстрово,8к4,Девяткино,298783339
7072,8,15,1,23.0,4299000,Невский, Русановская,24,Пролетарская,296738869
7073,19,23,1,21.0,4290000,Красногвардейский, Чарушинская,24к1,Девяткино,298690810
7074,16,25,1,19.4,4300000,Приморский,набережная Реки Каменки,21к1,Проспект Просвещения,292859314
7075,10,15,1,17.0,4300000,Красногвардейский,проспект Энергетиков,24,Новочеркасская,297459991
7076,4,4,1,23.64,4340000,Василеостровский,4-я Васильевского острова линия,5,Василеостровская,297590952
7077,19,24,1,26.6,4300000,Пушкинский,проспект Новгородский,2к1,Купчино,295048650
7078,16,25,1,22.2,4300000,Красногвардейский,м. Гражданский проспект,,Гражданский проспект,295810917
7079,1,5,1,13.7,4300000,Центральный,Полтавская ,10,Площадь Восстания,297470500
7080,6,13,1,24.0,4300000,Красносельский,проспект Ветеранов,171к5,Ленинский проспект,299666392
7081,21,25,1,24.2,4300000,Невский,проспект Советский,34к2,Рыбацкое,298106423
7082,10,12,1,23.6,4300000,Красносельский,проспект Ветеранов,171к5,Ленинский проспект,299096396
7083,9,13,1,23.33,4350000,Приморский,Планерная ,87к1,Комендантский проспект,297415593
7084,11,25,1,29.1,4380000,Красногвардейский, Чарушинская,2,Девяткино,299422671
7085,2,24,1,27.1,4390000,Невский, Русановская,9,Ломоносовская,299111248
7086,14,26,-1,15.67,4449134,Московский, Орджоникидзе,44а,Московская,295219232
7087,3,25,1,19.1,4450000,Приморский,набережная Реки Каменки,19к1,Озерки,297410237
7088,6,12,1,22.2,4450000,Невский,проспект Советский,,Рыбацкое,296022724
7089,16,26,1,29.7,4499000,Выборгский, Архитектора Белова,6к1,,294174097
7090,3,14,-1,15.0,4500000,Выборгский,Большой Сампсониевский проспект,74к2,Лесная,298092139
7091,4,16,1,24.2,4535000,Невский, Славянская,28,Обухово,296598369
7092,9,13,1,24.6,4500000,Красносельский,проспект Ветеранов,175,Проспект Ветеранов,298804288
7093,2,5,1,16.45,4524000,Центральный,Манежный переулок,15-17,Чернышевская,296301804
7094,17,27,1,28.7,4549999,Выборгский, Архитектора Белова,6к3,Парнас,299563800
7095,3,5,1,26.0,4500000,Центральный,Кирочная ,11,Чернышевская,280186617
7096,1,5,1,15.0,4500000,Адмиралтейский,Рузовская ,29,Пушкинская,299044444
7097,14,14,1,26.0,4500000,Выборгский, Тихоокеанская,18к2,Комендантский проспект,275136349
7098,7,24,1,23.0,4500000,Пушкинский,переулок Вилеровский,6,,298340784
7099,5,5,1,26.0,4500000,Адмиралтейский,Садовая ,112-114,Сенная площадь,292996297
7100,9,12,1,23.27,4500000,Приморский,проспект Авиаконструкторов,61,Комендантский проспект,297328644
7101,6,12,1,22.69,4550000,Невский, Гудиловская,6к1,Обухово,296570095
7102,1,21,1,27.0,4580000,Приморский,Парашютная ,58,Комендантский проспект,299070061
7103,1,4,1,21.56,4550000,Центральный,Синопская набережная,32/35,Площадь Восстания,298751778
7104,25,25,1,26.9,4550000,Невский,проспект Советский,36к1,Рыбацкое,295326135
7105,2,8,1,24.5,4550000,Красносельский, Генерала Кравченко,7к3,Проспект Ветеранов,280239713
7106,11,11,1,20.1,4550000,Пушкинский,проспект Старорусский,13к2,Купчино,299385634
7107,2,5,-1,15.7,4580000,Василеостровский,27-я Васильевского острова линия,10к2,Горный институт,288741608
7108,12,12,1,23.95,4550000,Красносельский,проспект Ветеранов,171к5,Ленинский проспект,299127798
7109,3,16,1,25.0,4600000,Невский, Славянская,,Ломоносовская,281157676
7110,25,27,1,28.2,4600000,Выборгский, Архитектора Белова,6к3,Парнас,298213132
7111,21,24,1,25.46,4600000,Приморский,шоссе Суздальское,18к4,Проспект Просвещения,287733598
7112,10,12,1,27.5,4600000,Красносельский, Летчика Лихолетова,14к2,Проспект Ветеранов,297850837
7113,3,13,1,24.05,4600000,Приморский,Планерная ,87к1,Комендантский проспект,297324722
7114,4,5,1,24.3,4600000,Пушкинский, Нины Петровой,6к1,Московская,298090734
7115,2,26,1,21.7,4650000,Приморский,набережная Реки Каменки,21к1,Озерки,298260224
7116,3,25,1,26.2,4690000,Пушкинский, Валдайская,6к2,Купчино,298153934
7117,3,8,1,21.0,4650000,Василеостровский,12-я Васильевского острова линия,53,Василеостровская,296710892
7118,3,8,1,26.2,4650000,Красносельский,проспект Буденного,21к1,Проспект Ветеранов,296513351
7119,2,5,1,25.6,4690000,Московский,Пулковское шоссе,99к4,Звездная,299436792
7120,4,6,1,18.6,4700000,Адмиралтейский,набережная Обводного Канала,113,,293953297
7121,2,3,-1,26.5,4716000,Невский,Рыбацкий проспект,18,Рыбацкое,297885084
7122,2,4,1,18.0,4700000,Центральный,Загородный проспект,24,Достоевская,295676672
7123,11,13,1,21.9,4799000,Приморский,проспект Авиаконструкторов,61,Комендантский проспект,296705193
7124,3,4,1,24.0,4750000,Пушкинский,шоссе Колпинское,129,Шушары,288276065
7125,14,19,1,26.0,4750000,Выборгский,Заречная ,13к3,Парнас,297108112
7126,21,21,1,21.56,4790000,Невский, Русановская,24,Ломоносовская,297137320
7127,16,21,1,22.09,4790000,Невский, Русановская,24,Ломоносовская,296266051
7128,17,18,1,21.4,4790000,Невский,Октябрьская набережная,102,Улица Дыбенко,290404279
7129,3,5,1,25.05,4750000,Пушкинский, Архитектора Данини,19к1,Московская,290510567
7130,13,14,1,23.95,4800000,Приморский,Планерная ,87к1,Комендантский проспект,292048587
7131,2,4,1,27.0,4800000,Петродворцовый,,,Проспект Ветеранов,294248520
7132,10,25,1,19.9,4800000,Приморский,набережная Реки Каменки,19к3,Проспект Просвещения,297496263
7133,4,14,1,24.3,4849999,Приморский,аллея Арцеуловская,19,Комендантский проспект,297208637
7134,3,25,1,25.8,4890000,Приморский,шоссе Суздальское,30к2,Парнас,284056829
7135,2,4,1,24.4,4900000,Пушкинский,шоссе Колпинское,129,Шушары,296779531
7136,9,23,1,27.0,4900000,Пушкинский,Школьная ,17,,299611479
7137,8,16,1,22.1,4900000,Невский, Крыленко,1к1с7,Елизаровская,299269825
7138,10,14,1,21.35,4900000,Приморский,проспект Авиаконструкторов,61,,298526498
7139,23,25,1,23.6,4930000,Приморский, Плесецкая,20к2,Комендантский проспект,294629236
7140,4,5,1,32.1,4900000,Московский,Пулковское шоссе,71к3,Звездная,290974377
7141,9,25,1,24.5,4900000,Приморский, Верхне-Каменская,11к1,Комендантский проспект,298063471
7142,6,20,1,23.2,4950000,Красносельский, Маршала Казакова,70к1с1,Автово,293952418
7143,4,4,1,25.8,4990000,Пушкинский,шоссе Колпинское,129,Шушары,298851049
7144,2,3,-1,27.7,4999850,Невский,Рыбацкий проспект,18,Рыбацкое,298832401
7145,15,15,1,23.8,4990000,Московский,Пулковское шоссе,42к6,,297936140
7146,5,23,1,30.6,4950000,Невский, Русановская,15к1,Обухово,289120002
7147,1,3,1,25.9,4990000,Невский,проспект Обуховской обороны,123А,Елизаровская,298067338
7148,1,18,1,27.05,4999000,Приморский,аллея Арцеуловская,15,Комендантский проспект,296062824
7149,13,19,-1,28.4,4950000,Василеостровский,бульвар Александра Грина,1,Василеостровская,295807228
7150,16,16,1,28.0,4950000,Приморский, Плесецкая,10,Комендантский проспект,299163627
7151,1,4,-1,12.4,4990000,Адмиралтейский,Английский проспект,30Б,Балтийская,299026979
7152,5,5,1,25.17,4950000,Пушкинский, Архитектора Данини,19к2,Купчино,291271448
7153,18,25,1,29.2,5015000,Приморский,аллея Арцеуловская,21,Комендантский проспект,299054999
7154,20,25,1,21.0,5000000,Выборгский, Шишкина,311,Парнас,297409782
7155,6,24,1,26.7,5000000,Выборгский, Архитектора Белова,6к1,Парнас,293719803
7156,11,19,-1,22.9,5000000,Василеостровский,бульвар Александра Грина,3,Василеостровская,299103462
7157,20,20,1,24.0,5000000,Красносельский, Маршала Казакова,70к1с1,Ленинский проспект,294422779
7158,6,14,-1,20.9,5000000,Выборгский,Большой Сампсониевский проспект,74к2,Лесная,292798336
7159,12,12,1,27.0,5000000,Красносельский,проспект Ветеранов,175,Проспект Ветеранов,298056111
7160,13,16,1,24.9,5050000,Приморский,Комендантский проспект,66к1,Комендантский проспект,298224865
7161,4,14,1,24.0,5050000,Приморский,аллея Арцеуловская,19,Комендантский проспект,293803882
7162,13,19,1,28.4,5090000,Василеостровский,бульвар Александра Грина,1,,297452972
7163,13,13,1,21.3,5100000,Приморский,проспект Авиаконструкторов,61,Комендантский проспект,299558859
7164,2,5,1,27.57,5100000,Московский,Пулковское шоссе,71к16,Звездная,299134820
7165,3,4,1,24.3,5100000,Красносельский, Владимира Пчелинцева,4,Проспект Ветеранов,279154958
7166,8,12,1,24.7,5100000,Красносельский, Генерала Кравченко,8,Проспект Ветеранов,298746009
7167,9,25,1,28.46,5110000,Приморский,проспект Авиаконструкторов,69,Комендантский проспект,298343462
7168,10,25,1,26.62,5110000,Приморский,проспект Авиаконструкторов,69,Комендантский проспект,297885353
7169,6,15,-1,26.0,5100000,Невский, Крыленко,14с2,Улица Дыбенко,294824502
7170,18,24,1,23.9,5100000,Приморский, Плесецкая,10,Комендантский проспект,297806607
7171,3,5,-1,16.7,5100000,Василеостровский,27-я Васильевского острова линия,10к2,Василеостровская,295103684
7172,5,18,1,23.43,5190000,Василеостровский, Вадима Шефнера,4,Приморская,293755356
7173,25,26,1,24.57,5150000,Приморский, Верхне-Каменская,11к1с1,Комендантский проспект,296027142
7174,17,25,1,24.1,5150000,Приморский, Верхне-Каменская,7к1,Комендантский проспект,293424624
7175,15,18,-1,29.0,5150000,Василеостровский,бульвар Александра Грина,1,Приморская,292571474
7176,5,5,1,22.5,5155000,Московский, Орбитальная,7к1,Звездная,297370259
7177,20,24,1,27.0,5200000,Приморский, Верхне-Каменская,11к1,Комендантский проспект,297850832
7178,3,4,1,24.3,5200000,Красносельский, Владимира Пчелинцева,4,Проспект Ветеранов,298070903
7179,4,5,1,25.4,5200000,Московский,Пулковское шоссе,95к3,Звездная,298689217
7180,7,26,-1,16.75,5250000,Московский, Орджоникидзе,44а,Московская,282723850
7181,10,18,1,24.3,5250000,Невский, Крыленко,1к1с1,Улица Дыбенко,298491576
7182,4,4,1,24.34,5300000,Красносельский,Сосновая поляна,,Проспект Ветеранов,299176522
7183,3,25,1,25.18,5300000,Приморский,Комендантский проспект,71,Комендантский проспект,297472819
7184,12,18,-1,17.0,5300000,Фрунзенский, Салова,61,Бухарестская,298068179
7185,6,25,1,25.62,5300000,Приморский,проспект Авиаконструкторов,69,Комендантский проспект,299068214
7186,7,8,1,23.8,5300000,Красносельский,проспект Ветеранов,185к2,Проспект Ветеранов,280249213
7187,3,25,1,24.69,5300000,Приморский,Коломяги,,Озерки,289509495
7188,9,28,1,33.2,5300000,Выборгский, Прокофьева,7к2,Проспект Просвещения,297048239
7189,5,14,-1,23.0,5300000,Выборгский,Большой Сампсониевский проспект,74к2,Лесная,296699218
7190,10,25,1,26.0,5300000,Приморский,аллея Арцеуловская,21,Комендантский проспект,299166160
7191,4,4,1,25.59,5300000,Красносельский,проспект Ветеранов,,Проспект Ветеранов,299541963
7192,19,25,1,24.1,5300000,Приморский,Комендантский проспект,66к3,Комендантский проспект,299416299
7193,5,5,1,28.0,5350000,Московский, Орбитальная,11,Звездная,293901878
7194,11,18,1,20.74,5350000,Невский,проспект Советский,,,289226777
7195,4,4,1,25.59,5350000,Красносельский,проспект Буденного,13,Проспект Ветеранов,296087423
7196,4,14,-1,23.7,5390000,Выборгский,Политехническая ,6,Площадь Мужества,298136850
7197,2,25,1,26.0,5350000,Приморский,проспект Авиаконструкторов,69,Комендантский проспект,299294558
7198,9,28,1,30.0,5390000,Выборгский, Федора Абрамова,23к1,Парнас,295443052
7199,4,5,1,26.3,5350000,Московский,Пулковское шоссе,95к4,Проспект Ветеранов,298689118
7200,21,22,-1,25.0,5350000,Московский,Пулковское шоссе,14с6,Звездная,297988869
7201,15,18,1,27.0,5400000,Приморский,аллея Арцеуловская,15,Комендантский проспект,298662192
7202,3,26,1,30.0,5400000,Выборгский, Архитектора Белова,9,Парнас,293529072
7203,11,25,1,26.0,5400000,Приморский, Верхне-Каменская,5,Комендантский проспект,294881712
7204,27,27,1,28.35,5400000,Выборгский,проезд Толубеевский,24,Парнас,298367188
7205,16,27,1,24.2,5400000,Выборгский, Николая Рубцова,5к1,Парнас,292982453
7206,13,25,1,25.13,5499000,Приморский,проспект Авиаконструкторов,69,Комендантский проспект,285802245
7207,2,4,1,26.0,5490000,Адмиралтейский,Троицкий проспект,14,Балтийская,298804377
7208,4,11,-1,23.7,5450000,Выборгский,Политехническая ,6,Площадь Мужества,298980162
7209,13,25,1,26.37,5550000,Приморский, Верхне-Каменская,11к1с1,Комендантский проспект,296521395
7210,2,6,1,26.0,5550000,Петроградский,проспект Большой Петроградской стороны,7/4,Крестовский остров,294773914
7211,5,6,1,25.0,5500000,Курортный, Строителей,3к2,,299584211
7212,12,25,1,24.2,5550000,Приморский,Комендантский проспект,69,Комендантский проспект,294866919
7213,19,30,-1,26.36,5500000,Московский,Витебский проспект,101к1,Купчино,284906036
7214,2,3,-1,30.7,5526000,Невский,Рыбацкий проспект,18,Рыбацкое,296663301
7215,3,3,-1,27.9,5580000,Невский,Рыбацкий проспект,18,Рыбацкое,289530582
7216,7,26,1,27.0,5500000,Выборгский,Заречная ,11к2,Парнас,289004645
7217,5,18,1,22.0,5500000,Московский, Среднерогатская,16к4,Звездная,295936665
7218,1,5,1,30.0,5500000,Колпинский,Понтонная ,9к1,,297119803
7219,9,14,-1,20.7,5500000,Кировский,проспект Стачек,64,Кировский завод,286934792
7220,6,18,1,26.0,5500000,Василеостровский, Вадима Шефнера,4,Приморская,291963671
7221,2,27,1,29.85,5540000,Выборгский,Заречная ,45к2,Парнас,297445703
7222,3,3,1,18.44,5500000,Центральный,Суворовский проспект,1/8,Площадь Восстания,296979347
7223,14,25,1,21.14,5649000,Выборгский,Парнас,,Парнас,293887671
7224,8,25,1,24.3,5600000,Приморский,аллея Арцеуловская,21,Комендантский проспект,297743667
7225,4,4,1,24.7,5600000,Красносельский,проспект Ветеранов,210,Проспект Ветеранов,299641512
7226,12,25,1,24.3,5600000,Приморский,Комендантский проспект,69,Комендантский проспект,299628126
7227,11,13,1,25.65,5600000,Приморский,Планерная ,97к1,Комендантский проспект,298057461
7228,4,4,1,30.92,5640000,Василеостровский,4-я Васильевского острова линия,5,Василеостровская,297590963
7229,7,11,-1,22.37,5600000,Выборгский,Политехническая ,6,Площадь Мужества,292799558
7230,3,5,1,28.4,5600000,Московский,Пулковское шоссе,95к4,Проспект Ветеранов,298689188
7231,10,13,-1,24.5,5650000,Невский,Варфоломеевская ,6,Ломоносовская,296612017
7232,3,6,1,28.0,5650000,Фрунзенский,Днепропетровская ,59,Обводный канал,283509182
7233,22,24,1,22.0,5650000,Выборгский, Архитектора Белова,9,,290456237
7234,8,24,1,22.8,5650000,Кировский,проспект Народного ополчения,149,Проспект Ветеранов,298701832
7235,6,13,1,29.4,5650000,Приморский,м. Комендантский проспект,,Комендантский проспект,298925072
7236,5,24,1,30.0,5700000,Выборгский, Михаила Дудина,10,Парнас,295333461
7237,9,12,-1,25.6,5700000,Кировский,Автово,5к1,,297170185
7238,11,24,1,24.4,5700000,Приморский, Плесецкая,10с1,Комендантский проспект,295895938
7239,8,25,1,27.7,5799000,Приморский,аллея Арцеуловская,19,Комендантский проспект,293236944
7240,10,12,1,21.36,5800000,Московский,Звёздное,,Звездная,284670522
7241,21,23,1,26.9,5810000,Невский,Октябрьская набережная,44,,293806538
7242,8,21,-1,23.7,5800000,Московский,Витебский проспект,101к2,Купчино,298161714
7243,12,13,1,29.25,5800000,Приморский,м. Комендантский проспект,,Комендантский проспект,284112644
7244,13,18,1,23.8,5800000,Василеостровский, Вадима Шефнера,4,Приморская,298699780
7245,10,19,1,22.0,5800000,Василеостровский, Вадима Шефнера,10к1,Приморская,294252786
7246,8,13,1,24.0,5880000,Приморский,Планерная ,87к1,Комендантский проспект,297878632
7247,15,18,1,27.0,5870000,Приморский, Верхне-Каменская,11к1с1,,295813264
7248,20,24,1,25.2,5850000,Приморский,проспект Королева,57к1,Комендантский проспект,297697529
7249,5,24,1,21.98,5850000,Красносельский,Юго-Запад,,,299591762
7250,18,19,1,29.1,5850000,Выборгский, Михаила Дудина,12,Парнас,299519152
7251,13,20,1,19.8,5850000,Василеостровский,бульвар Головнина,10,,296126120
7252,14,25,1,27.0,5890000,Приморский,аллея Арцеуловская,21,Комендантский проспект,297316966
7253,16,17,1,26.7,5850000,Приморский, Верхне-Каменская,11к1,Комендантский проспект,295935724
7254,6,19,1,25.6,5850000,Приморский,проспект Королева,69,Комендантский проспект,298783399
7255,21,21,1,28.6,5850000,Красносельский,проспект Героев,27к1,Ленинский проспект,295995211
7256,15,15,1,26.0,5850000,Выборгский,Сиреневый бульвар,9,Проспект Просвещения,285914634
7257,9,18,-1,24.6,5950000,Фрунзенский, Салова,61,Бухарестская,298755288
7258,6,13,1,21.35,5900000,Василеостровский,Гавань,,Приморская,291895364
7259,16,18,1,26.75,5980000,Приморский, Верхне-Каменская,11к1,Комендантский проспект,296565925
7260,1,4,1,24.6,5900000,Красносельский,проспект Ветеранов,196,Проспект Ветеранов,292050811
7261,7,16,1,22.15,5900000,Калининский,проспект Маршала Блюхера,7к1,Лесная,293304958
7262,3,15,1,19.73,5900000,Московский,м. Ленинский проспект,,Ленинский проспект,294392962
7263,5,18,-1,19.3,5990000,Фрунзенский, Салова,61,Бухарестская,299188543
7264,10,22,-1,26.2,6000000,Московский,Пулковское шоссе,14с6,Звездная,289345663
7265,5,11,1,25.0,6000000,Приморский, Плесецкая,16,Комендантский проспект,291883006
7266,4,18,1,22.9,6000000,Невский,Октябрьская набережная,40,,298964435
7267,6,23,1,25.0,6090000,Калининский,Кондратьевский проспект,68к4,Лесная,298684136
7268,2,25,1,22.52,6090000,Красносельский, Маршала Казакова,21к3,Автово,298924485
7269,3,15,1,28.83,6100000,Приморский, Плесецкая,26,Комендантский проспект,287614607
7270,8,18,1,28.29,6100000,Василеостровский, Вадима Шефнера,4,Приморская,294175360
7271,5,19,1,26.2,6100000,Московский,5-й Предпортовый проезд,12к2,Звездная,297215984
7272,15,25,1,26.0,6150000,Приморский,Парашютная ,36к1,Комендантский проспект,298527434
7273,4,17,1,27.2,6150000,Приморский,Богатырский проспект,58к3,Комендантский проспект,296719458
7274,7,25,1,26.7,6200000,Приморский,Камышовая ,38к1,Комендантский проспект,297129863
7275,11,15,1,26.26,6200000,Невский,Октябрьская набережная,34к4,Проспект Большевиков,292334931
7276,2,3,-1,28.4,6248000,Невский,Рыбацкий проспект,18,Рыбацкое,298832417
7277,4,24,1,25.0,6230000,Приморский,проспект Королева,59к2,Комендантский проспект,297090351
7278,10,13,1,23.55,6200000,Василеостровский,бульвар Головнина,,Горный институт,270914954
7279,8,16,-1,28.5,6150000,Выборгский, Хошимина,16,Проспект Просвещения,294164416
7280,12,25,1,31.2,6200000,Приморский,Полевая Сабировская ,47к1,Пионерская,298100864
7281,13,15,1,23.9,5950000,Невский,Союзный проспект,4,Проспект Большевиков,299127926
7282,6,23,1,30.4,6150000,Невский, Русановская,16к3,Ломоносовская,298806561
7283,9,18,1,42.6,6150000,Красносельский,шоссе Красносельское,54к1,Проспект Ветеранов,293101780
7284,7,13,1,29.5,6150000,Приморский,Планерная ,97к2,,286917962
