author;author_type;url;location;deal_type;accommodation_type;floor;floors_count;rooms_count;total_meters;price;district;street;house_number;underground;residential_complex
RBI;developer;https://spb.cian.ru/sale/flat/296810408/;Санкт-Петербург;sale;flat;23;23;4;122.8;35382425;Выборгский;Шувалово-Озерки;;Проспект Просвещения;Струны
NF GROUP  St Petersburg;real_estate_agent;https://spb.cian.ru/sale/flat/297319476/;Санкт-Петербург;sale;flat;7;9;4;141.0;83500000;Центральный;Парадная ;3к2;Чернышевская;Парадный квартал
Sun Development;developer;https://spb.cian.ru/sale/flat/293435892/;Санкт-Петербург;sale;flat;3;7;4;131.63;40936415;Василеостровский;11-я Васильевского острова линия;56;Василеостровская;Клубный дом Monodom Line
BEYOND. ex-Engel  Volkers;real_estate_agent;https://spb.cian.ru/sale/flat/291632305/;Санкт-Петербург;sale;flat;4;4;4;135.0;165000000;Центральный;набережная Кутузова;24;;Особняк Кушелева-Безбородко
Лидер Групп;developer;https://spb.cian.ru/sale/flat/286950069/;Санкт-Петербург;sale;flat;14;23;4;137.97;37251900;Московский;Гагаринское;;;Дефанс ЖК
NF GROUP  St Petersburg;real_estate_agent;https://spb.cian.ru/sale/flat/292438602/;Санкт-Петербург;sale;flat;4;4;4;135.0;165000000;Центральный;набережная Кутузова;24;Чернышевская;Особняк Кушелева-Безбородко
Балтийская коммерция;developer;https://spb.cian.ru/sale/flat/273852790/;Санкт-Петербург;sale;flat;3;9;4;139.87;48842604;Петроградский; Малая Зеленина;;Чкаловская;Квадрия
BEYOND. ex-Engel  Volkers;real_estate_agent;https://spb.cian.ru/sale/flat/297403314/;Санкт-Петербург;sale;flat;2;4;4;443.0;400000000;Петроградский;Чкаловское;5;;
GloraX;developer;https://spb.cian.ru/sale/flat/298848896/;Санкт-Петербург;sale;flat;10;19;4;101.8;37819999;Василеостровский;Морской;;;Глоракс Премиум Василеостровский ЖК
NF GROUP  St Petersburg;real_estate_agent;https://spb.cian.ru/sale/flat/298746817/;Санкт-Петербург;sale;flat;5;8;4;212.3;101990000;Петроградский;Каменноостровский проспект;64К2;;Каменноостровский, 64
AAG;developer;https://spb.cian.ru/sale/flat/298529990/;Санкт-Петербург;sale;flat;2;8;4;99.72;50358600;Петроградский;Пионерская ;53;Чкаловская;Avant
NF GROUP  St Petersburg;real_estate_agent;https://spb.cian.ru/sale/flat/299243371/;Санкт-Петербург;sale;flat;4;6;4;127.6;67000000;Петроградский;Петровский проспект;2;Спортивная;"Элитный комплекс ""ROYAL PARK"""
Петербургская Недвижимость;representative_developer;https://spb.cian.ru/sale/flat/296753968/;Санкт-Петербург;sale;flat;2;7;4;129.7;61866900;Петроградский;Петровский проспект;28к2;Крестовский остров;Grand View
BEYOND. ex-Engel  Volkers;real_estate_agent;https://spb.cian.ru/sale/flat/291683449/;Санкт-Петербург;sale;flat;7;7;4;222.0;104900000;Петроградский;Каменноостровский проспект;54/31;;
Петербургская Недвижимость;representative_developer;https://spb.cian.ru/sale/flat/296753486/;Санкт-Петербург;sale;flat;6;6;4;140.7;78510600;Московский; Гастелло;7;Московская;Victory Plaza
BEYOND. ex-Engel  Volkers;real_estate_agent;https://spb.cian.ru/sale/flat/297829056/;Санкт-Петербург;sale;flat;6;6;4;200.0;275000000;Петроградский;Спортивная ;2;;Крестовский de luxe
GloraX;developer;https://spb.cian.ru/sale/flat/279506975/;Санкт-Петербург;sale;flat;19;20;4;106.6;31679999;Василеостровский; Челюскина;8;;Golden City
BE HOME;real_estate_agent;https://spb.cian.ru/sale/flat/291482300/;Санкт-Петербург;sale;flat;3;3;4;122.7;22000000;Курортный; Мира;19;Беговая;
RBI;developer;https://spb.cian.ru/sale/flat/299131626/;Санкт-Петербург;sale;flat;6;9;4;127.3;60496512;Центральный;Лиговка-Ямская;;Площадь Восстания;Миръ
ID 111576386;homeowner;https://spb.cian.ru/sale/flat/296671521/;Санкт-Петербург;sale;flat;4;5;4;93.2;18700000;Адмиралтейский; Егорова;28Г;Фрунзенская;
ГлавстройСПб;developer;https://spb.cian.ru/sale/flat/297884845/;Санкт-Петербург;sale;flat;3;23;4;108.2;19208081;Приморский; Ивинская;1к1;Зенит;ПАРК-КВАРТАЛ Юнтолово
BE HOME;real_estate_agent;https://spb.cian.ru/sale/flat/296471256/;Санкт-Петербург;sale;flat;9;11;4;248.0;300000000;Петроградский;Ждановская ;45;Спортивная;Леонтьевский мыс
Петербургская Строительная Компания;developer;https://spb.cian.ru/sale/flat/297863432/;Санкт-Петербург;sale;flat;7;8;4;120.7;88256202;Петроградский;набережная Реки Карповки;31к1;Петроградская;Северная Корона
NF GROUP  St Petersburg;real_estate_agent;https://spb.cian.ru/sale/flat/299599858/;Санкт-Петербург;sale;flat;5;6;4;170.0;85000000;Центральный;Таврическая ;5;;
Группа Аквилон;developer;https://spb.cian.ru/sale/flat/299294167/;Санкт-Петербург;sale;flat;9;9;4;189.2;87852239;Петроградский;Лодейнопольская ;7;Чкаловская;Авторский дом Tesoro by Akvilon
BEYOND. ex-Engel  Volkers;real_estate_agent;https://spb.cian.ru/sale/flat/297310313/;Санкт-Петербург;sale;flat;7;7;4;133.7;60200000;Центральный;Стремянная ;15/1;;Дворцовая слобода
ГлавстройСПб;developer;https://spb.cian.ru/sale/flat/297360931/;Санкт-Петербург;sale;flat;3;27;4;112.2;18299820;Выборгский;проезд Толубеевский;36к2;;Северная долина
BEYOND. ex-Engel  Volkers;real_estate_agent;https://spb.cian.ru/sale/flat/291499936/;Санкт-Петербург;sale;flat;9;9;4;153.0;92500000;Петроградский;Петровский проспект;11к3;;Neva Haus
GloraX;developer;https://spb.cian.ru/sale/flat/299606402/;Санкт-Петербург;sale;flat;14;18;4;115.09;37409999;Василеостровский;Морской;;;Глоракс Василеостровский ЖК
BEYOND. ex-Engel  Volkers;real_estate_agent;https://spb.cian.ru/sale/flat/299521413/;Санкт-Петербург;sale;flat;2;5;4;190.5;140000000;Петроградский;Морской проспект;28;;Морской 28
Красная Стрела;developer;https://spb.cian.ru/sale/flat/293425149/;Санкт-Петербург;sale;flat;8;9;4;109.71;40976685;Василеостровский;7-я Васильевского острова линия;84;Василеостровская;Регенбоген
BEYOND. ex-Engel  Volkers;real_estate_agent;https://spb.cian.ru/sale/flat/290502429/;Санкт-Петербург;sale;flat;1;5;4;178.5;105000000;Петроградский;Чкаловское;5;;
Балтийская коммерция;developer;https://spb.cian.ru/sale/flat/258155755/;Санкт-Петербург;sale;flat;7;9;4;168.96;60639744;Петроградский;Петроградская набережная;38;Горьковская;Мануфактура James Beck
BEYOND. ex-Engel  Volkers;real_estate_agent;https://spb.cian.ru/sale/flat/299519150/;Санкт-Петербург;sale;flat;3;4;4;280.0;392000000;Центральный;набережная Кутузова;24;;Особняк Кушелева-Безбородко
Базис;developer;https://spb.cian.ru/sale/flat/291806189/;Санкт-Петербург;sale;flat;5;12;4;122.0;37149000;Приморский;Белоостровская ;7;Лесная;Белый остров
NF GROUP  St Petersburg;real_estate_agent;https://spb.cian.ru/sale/flat/299243384/;Санкт-Петербург;sale;flat;4;8;4;228.13;200000000;Петроградский;Вязовая ;8;Крестовский остров;Привилегия
Петербургская Строительная Компания;developer;https://spb.cian.ru/sale/flat/293263674/;Санкт-Петербург;sale;flat;2;9;4;134.1;44181013;Центральный;проспект Бакунина;;Площадь Восстания;Bakunina 33
BEYOND. ex-Engel  Volkers;real_estate_agent;https://spb.cian.ru/sale/flat/287817163/;Санкт-Петербург;sale;flat;4;8;4;204.0;83950000;Петроградский;Петровский проспект;11к2;;Neva Haus
Петербургская Недвижимость;representative_developer;https://spb.cian.ru/sale/flat/296753474/;Санкт-Петербург;sale;flat;4;8;4;118.1;37792000;Петроградский;Петровский проспект;26к2;Чкаловская;The One
BEYOND. ex-Engel  Volkers;real_estate_agent;https://spb.cian.ru/sale/flat/290247521/;Санкт-Петербург;sale;flat;16;16;4;260.0;100000000;Петроградский;Пионерская ;50;;Премьер Палас
Петербургская Недвижимость;representative_developer;https://spb.cian.ru/sale/flat/296753533/;Санкт-Петербург;sale;flat;2;10;4;112.6;26855100;Выборгский;Манчестерская ;3;Удельная;Svetlana Park
BEYOND. ex-Engel  Volkers;real_estate_agent;https://spb.cian.ru/sale/flat/298326191/;Санкт-Петербург;sale;flat;4;4;4;310.0;116900000;Петроградский;Константиновский проспект;26Г;Крестовский остров;
Euroinvest Development;developer;https://spb.cian.ru/sale/flat/267475759/;Санкт-Петербург;sale;flat;2;11;4;142.64;39939200;Московский;Благодатная ;50;Электросила;iD Park Pobedy
BR Group;real_estate_agent;https://spb.cian.ru/sale/flat/290314392/;Санкт-Петербург;sale;flat;1;6;4;78.1;18490000;Адмиралтейский;Гороховая ;58;Звенигородская;
ЛСР Санкт-Петербург;developer;https://spb.cian.ru/sale/flat/298366945/;Санкт-Петербург;sale;flat;2;9;4;146.8;38217912;Петроградский;Петровский проспект;9к2;Спортивная;Neva Haus
ЦН КВАДРАТ;real_estate_agent;https://spb.cian.ru/sale/flat/297989120/;Санкт-Петербург;sale;flat;3;4;4;152.9;38900000;Адмиралтейский;Вознесенский проспект;20;Адмиралтейская;
ЛСР Санкт-Петербург;developer;https://spb.cian.ru/sale/flat/294545005/;Санкт-Петербург;sale;flat;2;8;4;116.56;42078160;Петроградский;Ремесленная ;;Спортивная;Neva Residence
BR Group;real_estate_agent;https://spb.cian.ru/sale/flat/286846342/;Санкт-Петербург;sale;flat;4;4;4;129.7;140000000;Петроградский;Чкаловское;5;Крестовский остров;
Петербургская Недвижимость;representative_developer;https://spb.cian.ru/sale/flat/296754129/;Санкт-Петербург;sale;flat;2;6;4;164.63;99271890;Василеостровский;;;Горный институт;Империал Клаб ЖК
NF GROUP  St Petersburg;real_estate_agent;https://spb.cian.ru/sale/flat/299289644/;Санкт-Петербург;sale;flat;2;9;4;142.1;142000000;Петроградский;набережная Адмирала Лазарева;22;Чкаловская;One Trinity Place
Master-Group Real Estate;representative_developer;https://spb.cian.ru/sale/flat/299648237/;Санкт-Петербург;sale;flat;2;7;4;100.34;32130000;Адмиралтейский;Малодетскосельский проспект;40;Фрунзенская;Идеалист
Сергей Александров;realtor;https://spb.cian.ru/sale/flat/291794849/;Санкт-Петербург;sale;flat;3;6;4;130.0;39990000;Адмиралтейский;набережная Канала Грибоедова;85/9;Спасская;
Euroinvest Development;developer;https://spb.cian.ru/sale/flat/284799004/;Санкт-Петербург;sale;flat;12;12;4;149.08;40200913;Выборгский;Светлановское;;Удельная;ID Svetlanovskiy
АРИСТА;real_estate_agent;https://spb.cian.ru/sale/flat/294367202/;Санкт-Петербург;sale;flat;7;18;4;93.1;14200000;Красногвардейский;проспект Маршака;4;Девяткино;Новая Охта
Мегалит–Охта Групп;developer;https://spb.cian.ru/sale/flat/297024764/;Санкт-Петербург;sale;flat;15;25;4;115.31;27489801;Приморский;Коломяжский проспект;13к2;Пионерская;Приморский квартал
Номер 1;real_estate_agent;https://spb.cian.ru/sale/flat/294687087/;Санкт-Петербург;sale;flat;3;5;4;90.0;17300000;Центральный;переулок Щербаков;2/58;Достоевская;
ЛСР Санкт-Петербург;developer;https://spb.cian.ru/sale/flat/298901764/;Санкт-Петербург;sale;flat;13;14;4;107.7;23780160;Василеостровский;набережная Миклухо-Маклая;1к1;Горный институт;Морская набережная. SeaView
BEYOND. ex-Engel  Volkers;real_estate_agent;https://spb.cian.ru/sale/flat/296750916/;Санкт-Петербург;sale;flat;3;7;4;238.0;118000000;Петроградский;проезд Петровская коса;6к1;;Петровская Доминанта
Дом на Ленсовета;developer;https://spb.cian.ru/sale/flat/296738901/;Санкт-Петербург;sale;flat;7;23;4;160.3;41000000;Московский; Ленсовета;87к3;Звездная;Клубный дом BARCELONA
ЦН КВАДРАТ;real_estate_agent;https://spb.cian.ru/sale/flat/297617253/;Санкт-Петербург;sale;flat;3;4;4;102.7;13900000;Курортный; Николая Соколова;31;;
Альфа Фаберже;developer;https://spb.cian.ru/sale/flat/280459375/;Санкт-Петербург;sale;flat;3;8;4;204.67;98241600;Петроградский;набережная Реки Карповки;27;Петроградская;Клубный дом MELTZER HALL
Ирина Степанова;realtor;https://spb.cian.ru/sale/flat/296612271/;Санкт-Петербург;sale;flat;3;15;4;106.0;25000000;Московский;Свеаборгская ;12;Парк Победы;
Ленстройтрест;developer;https://spb.cian.ru/sale/flat/298651618/;Санкт-Петербург;sale;flat;25;25;4;116.93;27092681;Приморский;Коломяги;;Проспект Просвещения;Окла ЖК
ID 96188341;unknown;https://spb.cian.ru/sale/flat/292278676/;Санкт-Петербург;sale;flat;5;20;4;114.7;29700000;Василеостровский; Челюскина;8;Приморская;Golden City
Лидер Групп;developer;https://spb.cian.ru/sale/flat/286949903/;Санкт-Петербург;sale;flat;4;23;4;139.6;34900000;Московский;Гагаринское;;;Дефанс ЖК
Торговый Дом Невский;real_estate_agent;https://spb.cian.ru/sale/flat/284790153/;Санкт-Петербург;sale;flat;9;11;4;112.0;30100000;Московский;Московская застава;;Электросила;АйДи Парк Победы ЖК
КВС;developer;https://spb.cian.ru/sale/flat/298151244/;Санкт-Петербург;sale;flat;6;17;4;104.86;24942801;Калининский;Финляндский;;;Квартал бизнес-класса Б15
Экотон;real_estate_agent;https://spb.cian.ru/sale/flat/295220652/;Санкт-Петербург;sale;flat;4;5;4;134.0;20494000;Пушкинский;Малиновская ;17;Звездная;
GloraX;developer;https://spb.cian.ru/sale/flat/279508219/;Санкт-Петербург;sale;flat;5;19;4;114.36;51019999;Василеостровский;Морской;;;Глоракс Премиум Василеостровский ЖК
Невский простор;real_estate_agent;https://spb.cian.ru/sale/flat/294417712/;Санкт-Петербург;sale;flat;6;7;4;145.5;39800000;Петроградский;проспект Добролюбова;19;Спортивная;
Sun Development;developer;https://spb.cian.ru/sale/flat/293435839/;Санкт-Петербург;sale;flat;2;7;4;138.13;41172864;Василеостровский;11-я Васильевского острова линия;56;Василеостровская;Клубный дом Monodom Line
Экотон;real_estate_agent;https://spb.cian.ru/sale/flat/288709028/;Санкт-Петербург;sale;flat;1;10;4;90.0;11900000;Невский;проспект Большевиков;30К4;Улица Дыбенко;
Балтийская коммерция;developer;https://spb.cian.ru/sale/flat/291933628/;Санкт-Петербург;sale;flat;6;9;4;132.69;49553081;Петроградский; Малая Зеленина;;Чкаловская;Квадрия
Невский простор;real_estate_agent;https://spb.cian.ru/sale/flat/296645426/;Санкт-Петербург;sale;flat;13;14;4;139.0;31800000;Приморский; Савушкина;117к2;Старая Деревня;
КВС;developer;https://spb.cian.ru/sale/flat/292309830/;Санкт-Петербург;sale;flat;5;5;4;113.97;18488918;Пушкинский;;;Звездная;ЮгТаун ЖК
Невский простор;real_estate_agent;https://spb.cian.ru/sale/flat/292460437/;Санкт-Петербург;sale;flat;3;7;4;187.0;89900000;Петроградский;проспект Добролюбова;19;Спортивная;
AAG;developer;https://spb.cian.ru/sale/flat/298530000/;Санкт-Петербург;sale;flat;5;8;4;96.7;51665843;Петроградский;Пионерская ;53;Чкаловская;Avant
Петербургская Недвижимость;real_estate_agent;https://spb.cian.ru/sale/flat/296011662/;Санкт-Петербург;sale;flat;3;5;4;88.5;11200000;Выборгский;Лесной проспект;39к2;Лесная;
Эталон СПБ;developer;https://spb.cian.ru/sale/flat/298658109/;Санкт-Петербург;sale;flat;7;9;4;142.5;63012570;Петроградский;проезд Петровская коса;6к1;Крестовский остров;Петровская Доминанта
Свой Мир;real_estate_agent;https://spb.cian.ru/sale/flat/292318437/;Санкт-Петербург;sale;flat;3;4;4;97.4;18500000;Василеостровский;3-я Васильевского острова линия;36;Василеостровская;
Эталон СПБ;developer;https://spb.cian.ru/sale/flat/298658193/;Санкт-Петербург;sale;flat;5;7;4;192.1;69710886;Петроградский;проезд Петровская коса;6к1;Крестовский остров;Петровская Доминанта
Городской департамент недвижимости;real_estate_agent;https://spb.cian.ru/sale/flat/297702457/;Санкт-Петербург;sale;flat;3;6;4;84.3;16950000;Петроградский;проспект Большой Петроградской стороны;31;Чкаловская;
Петербургская Недвижимость;representative_developer;https://spb.cian.ru/sale/flat/296753812/;Санкт-Петербург;sale;flat;3;10;4;111.9;27695250;Выборгский;Манчестерская ;3к1;Удельная;Svetlana Park
Невский Альянс;real_estate_agent;https://spb.cian.ru/sale/flat/298609403/;Санкт-Петербург;sale;flat;5;5;4;91.6;10900000;Выборгский;Лесной проспект;39к3;Лесная;
Эталон СПБ;developer;https://spb.cian.ru/sale/flat/298657259/;Санкт-Петербург;sale;flat;4;10;4;129.1;41701307;Приморский;Белоостровская ;28;Черная речка;Domino
Мир Квартир Элит;real_estate_agent;https://spb.cian.ru/sale/flat/298804781/;Санкт-Петербург;sale;flat;4;4;4;237.7;55000000;Василеостровский;Морская набережная;31К2;Приморская;
Петербургская Недвижимость;representative_developer;https://spb.cian.ru/sale/flat/296753528/;Санкт-Петербург;sale;flat;6;10;4;112.1;28753650;Выборгский;Манчестерская ;3;Удельная;Svetlana Park
Мир Квартир Элит;real_estate_agent;https://spb.cian.ru/sale/flat/294739706/;Санкт-Петербург;sale;flat;4;5;4;133.7;27500000;Петроградский; Мира;10;Горьковская;
Петербургская Строительная Компания;developer;https://spb.cian.ru/sale/flat/293263833/;Санкт-Петербург;sale;flat;6;9;4;135.77;52254427;Центральный;проспект Бакунина;;Площадь Восстания;Bakunina 33
Мир Квартир Элит;real_estate_agent;https://spb.cian.ru/sale/flat/297217177/;Санкт-Петербург;sale;flat;3;4;4;182.0;69000000;Красносельский; Катерников;6к1;Автово;Duderhof Club
ГлавстройСПб;developer;https://spb.cian.ru/sale/flat/297360939/;Санкт-Петербург;sale;flat;6;27;4;112.5;20175863;Выборгский;проезд Толубеевский;36к2;;Северная долина
Мир Квартир PREMIUM;real_estate_agent;https://spb.cian.ru/sale/flat/295910561/;Санкт-Петербург;sale;flat;3;4;4;153.5;70000000;Центральный;Шпалерная ;50а;Чернышевская;
RBI;developer;https://spb.cian.ru/sale/flat/265781311/;Санкт-Петербург;sale;flat;4;4;4;254.7;195000000;Петроградский;Крестовский проспект;4;Крестовский остров;Клубный дом Крестовский IV
Петербургская Недвижимость;real_estate_agent;https://spb.cian.ru/sale/flat/298382717/;Санкт-Петербург;sale;flat;7;9;4;75.7;11000000;Фрунзенский; Турку;9К3;Международная;
Красная Стрела;developer;https://spb.cian.ru/sale/flat/291703813/;Санкт-Петербург;sale;flat;7;9;4;112.25;41622300;Василеостровский;7-я Васильевского острова линия;84;Василеостровская;Регенбоген
Мир Квартир PREMIUM;real_estate_agent;https://spb.cian.ru/sale/flat/295910473/;Санкт-Петербург;sale;flat;4;5;4;157.0;59000000;Адмиралтейский;набережная Канала Грибоедова;71;Сенная площадь;
Петербургская Недвижимость;representative_developer;https://spb.cian.ru/sale/flat/296754128/;Санкт-Петербург;sale;flat;3;6;4;138.9;103758300;Василеостровский;;;Горный институт;Империал Клаб ЖК
МИР КВАРТИР;real_estate_agent;https://spb.cian.ru/sale/flat/298707827/;Санкт-Петербург;sale;flat;17;19;4;135.0;49900000;Московский;Киевская ;3к2Г;Фрунзенская;
Петербургская Строительная Компания;developer;https://spb.cian.ru/sale/flat/293263918/;Санкт-Петербург;sale;flat;8;9;4;126.21;54630503;Центральный;проспект Бакунина;;Площадь Александра Невского;Bakunina 33
Мир квартир элит Крестовский;real_estate_agent;https://spb.cian.ru/sale/flat/296210961/;Санкт-Петербург;sale;flat;8;9;4;112.6;36000000;Выборгский; Александра Матросова;1;Лесная;Притяжение
Мегалит–Охта Групп;developer;https://spb.cian.ru/sale/flat/297024786/;Санкт-Петербург;sale;flat;15;25;4;117.87;27874981;Приморский;Коломяжский проспект;13к2;Пионерская;Приморский квартал
Мир квартир элит Крестовский;real_estate_agent;https://spb.cian.ru/sale/flat/286808423/;Санкт-Петербург;sale;flat;2;2;4;121.0;34000000;Василеостровский;15-я Васильевского острова линия;84;Василеостровская;Халькон
Петербургская Строительная Компания;developer;https://spb.cian.ru/sale/flat/297863427/;Санкт-Петербург;sale;flat;3;8;4;163.1;92106484;Петроградский;набережная Реки Карповки;31к1;Чкаловская;Северная Корона
Мир Квартир Элит;real_estate_agent;https://spb.cian.ru/sale/flat/284799600/;Санкт-Петербург;sale;flat;4;4;4;240.5;79990000;Центральный;набережная Реки Фонтанки;24;Гостиный двор;
Балтийская коммерция;developer;https://spb.cian.ru/sale/flat/295104207/;Санкт-Петербург;sale;flat;7;9;4;154.38;67386870;Петроградский;Петроградская набережная;38;Горьковская;Мануфактура James Beck
Мир Квартир Элит;real_estate_agent;https://spb.cian.ru/sale/flat/293076334/;Санкт-Петербург;sale;flat;2;7;4;105.9;26500000;Центральный;Мытнинская ;5/2;Площадь Восстания;
GloraX;developer;https://spb.cian.ru/sale/flat/299606319/;Санкт-Петербург;sale;flat;16;18;4;116.85;41919999;Василеостровский;Морской;;;Глоракс Василеостровский ЖК
Мир квартир элит Крестовский;real_estate_agent;https://spb.cian.ru/sale/flat/295148527/;Санкт-Петербург;sale;flat;4;7;4;141.3;37500000;Петроградский;Каменноостровский проспект;39;Петроградская;
Лидер Групп;developer;https://spb.cian.ru/sale/flat/286949894/;Санкт-Петербург;sale;flat;5;23;4;139.3;36218000;Московский;Гагаринское;;;Дефанс ЖК
Петербургская Недвижимость;real_estate_agent;https://spb.cian.ru/sale/flat/297411718/;Санкт-Петербург;sale;flat;6;21;4;112.8;23500000;Выборгский;проспект Просвещения;33к1;Проспект Просвещения;
Винтеко;developer;https://spb.cian.ru/sale/flat/290200457/;Санкт-Петербург;sale;flat;3;7;4;159.3;66289509;Василеостровский;13-я Васильевского острова линия;50;Василеостровская;Клубный дом Манхэттен
Мир Квартир Элит;real_estate_agent;https://spb.cian.ru/sale/flat/299101727/;Санкт-Петербург;sale;flat;7;22;4;91.5;32500000;Красносельский;проспект Героев;31;Ленинский проспект;Legenda Героев
Euroinvest Development;developer;https://spb.cian.ru/sale/flat/299555569/;Санкт-Петербург;sale;flat;11;11;4;144.75;40530000;Московский;Благодатная ;50;Электросила;iD Park Pobedy
Мир Квартир Элит;real_estate_agent;https://spb.cian.ru/sale/flat/295885342/;Санкт-Петербург;sale;flat;7;7;4;157.0;46000000;Центральный;10-я Советская ;4-6;Площадь Восстания;
ЛСР Санкт-Петербург;developer;https://spb.cian.ru/sale/flat/294545027/;Санкт-Петербург;sale;flat;5;8;4;113.11;45357110;Петроградский;Ремесленная ;;Спортивная;Neva Residence
МИР КВАРТИР;real_estate_agent;https://spb.cian.ru/sale/flat/296213687/;Санкт-Петербург;sale;flat;8;17;4;104.4;48450000;Приморский;Ушаковская набережная;3к2;Черная речка;Riverside
Лидер Групп;developer;https://spb.cian.ru/sale/flat/294573113/;Санкт-Петербург;sale;flat;3;18;4;128.3;25660000;Василеостровский;бульвар Головнина;3к1;Горный институт;Колумб (Гавань Капитанов)
КАПИТАЛ;real_estate_agent;https://spb.cian.ru/sale/flat/292378916/;Санкт-Петербург;sale;flat;2;3;4;81.3;10990000;Красногвардейский;Магнитогорская ;65;Ладожская;
VEREN GROUP;developer;https://spb.cian.ru/sale/flat/292425293/;Санкт-Петербург;sale;flat;8;10;4;82.9;19580238;Приморский;Парашютная ;79к1;Комендантский проспект;Veren Next Шуваловский
Мир Квартир Элит;real_estate_agent;https://spb.cian.ru/sale/flat/292404258/;Санкт-Петербург;sale;flat;2;4;4;96.0;31490000;Центральный;набережная Реки Фонтанки;11;Невский проспект;
Bonava;developer;https://spb.cian.ru/sale/flat/298980368/;Санкт-Петербург;sale;flat;3;14;4;123.0;44239293;Красногвардейский;Большая Охта;;Ладожская;Магнифика ЖК
Active Group - Арендафон. Штаб Квартир;real_estate_agent;https://spb.cian.ru/sale/flat/294658647/;Санкт-Петербург;sale;flat;8;10;4;240.0;74000000;Петроградский;Корпусная ;9;Спортивная;Lumiere
Эталон СПБ;developer;https://spb.cian.ru/sale/flat/298656918/;Санкт-Петербург;sale;flat;1;18;4;132.8;32098800;Невский;проспект Обуховской обороны;70к4;Елизаровская;Эталон на Неве
VSN (Весь Спектр Недвижимости);real_estate_agent;https://spb.cian.ru/sale/flat/299483531/;Санкт-Петербург;sale;flat;7;14;4;108.0;15500000;Пушкинский;проспект Старорусский;8к2;Звездная;Алексеевский квартал
VEREN GROUP;developer;https://spb.cian.ru/sale/flat/285685179/;Санкт-Петербург;sale;flat;3;3;4;105.5;22023119;Петродворцовый;Красносельское шоссе;22;Проспект Ветеранов;Veren Village Стрельна
DealEstate;real_estate_agent;https://spb.cian.ru/sale/flat/289813265/;Санкт-Петербург;sale;flat;16;23;4;98.0;22300000;Красносельский;бульвар Балтийский;4;Автово;Паруса
Дом на Ленсовета;developer;https://spb.cian.ru/sale/flat/294775395/;Санкт-Петербург;sale;flat;23;23;4;159.4;51000000;Московский; Ленсовета;87к3;Звездная;Клубный дом BARCELONA
НЕВАДА-ЦЕНТР;real_estate_agent;https://spb.cian.ru/sale/flat/298661177/;Санкт-Петербург;sale;flat;19;20;4;99.8;16000000;Красносельский; Маршала Казакова;68к1;Автово;
ЛСР Санкт-Петербург;developer;https://spb.cian.ru/sale/flat/294545813/;Санкт-Петербург;sale;flat;6;9;4;197.8;83076000;Петроградский;Петровский проспект;11к3;Спортивная;Neva Haus
Мир Квартир Элит;real_estate_agent;https://spb.cian.ru/sale/flat/298848116/;Санкт-Петербург;sale;flat;2;8;4;90.0;20650000;Кировский;Двинская ;6;Нарвская;Принцип
Альфа Фаберже;developer;https://spb.cian.ru/sale/flat/280459333/;Санкт-Петербург;sale;flat;7;8;4;168.62;111289200;Петроградский;набережная Реки Карповки;27;Петроградская;Клубный дом MELTZER HALL
Golden Home;real_estate_agent;https://spb.cian.ru/sale/flat/291908137/;Санкт-Петербург;sale;flat;16;25;4;120.0;26480000;Калининский;Учительская ;18к1;Гражданский проспект;
Строительный трест;developer;https://spb.cian.ru/sale/flat/282690405/;Санкт-Петербург;sale;flat;13;13;4;144.3;45094000;Выборгский;Лиственная ;20к2;Озерки;Листва
Мир Квартир PREMIUM;real_estate_agent;https://spb.cian.ru/sale/flat/295910402/;Санкт-Петербург;sale;flat;3;5;4;182.6;79990000;Петроградский;Гатчинская ;11;Чкаловская;
Bonava;developer;https://spb.cian.ru/sale/flat/298804765/;Санкт-Петербург;sale;flat;13;14;4;168.8;53647880;Красногвардейский;Магнитогорская ;1;Новочеркасская;Magnifika Lifestyle
Время Инвест;real_estate_agent;https://spb.cian.ru/sale/flat/276352044/;Санкт-Петербург;sale;flat;14;14;4;147.7;29300000;Выборгский;Северный проспект;18/1;Озерки;
ПИА Недвижимость;representative_developer;https://spb.cian.ru/sale/flat/298740055/;Санкт-Петербург;sale;flat;13;18;4;115.09;34057098;Василеостровский;Морской;;;Глоракс Василеостровский ЖК
Мир Квартир PREMIUM;real_estate_agent;https://spb.cian.ru/sale/flat/298223095/;Санкт-Петербург;sale;flat;6;8;4;153.0;85000000;Центральный;Парадная ;3к2;Чернышевская;Парадный квартал
PLEADA;representative_developer;https://spb.cian.ru/sale/flat/296569864/;Санкт-Петербург;sale;flat;3;4;4;142.2;50000080;Красносельский;проспект Патриотов;33;;Riviera club
Петербургская Недвижимость;real_estate_agent;https://spb.cian.ru/sale/flat/298464707/;Санкт-Петербург;sale;flat;2;9;4;73.8;9500000;Колпинский;Раумская ;7;Звездная;
ЛСР Санкт-Петербург;developer;https://spb.cian.ru/sale/flat/294660533/;Санкт-Петербург;sale;flat;12;14;4;114.07;27867301;Василеостровский;Гавань;;Приморская;Морская Набережная ЖК
Апартаменты Петербурга;real_estate_agent;https://spb.cian.ru/sale/flat/296404220/;Санкт-Петербург;sale;flat;4;7;4;119.0;22000000;Василеостровский;5-я Васильевского острова линия;64/13;Спортивная;
РосСтройИнвест;developer;https://spb.cian.ru/sale/flat/293304593/;Санкт-Петербург;sale;flat;13;18;4;95.65;21428300;Московский;м. Ленинский проспект;;Ленинский проспект;Cube
Мир Квартир Элит;real_estate_agent;https://spb.cian.ru/sale/flat/299137102/;Санкт-Петербург;sale;flat;3;4;4;137.8;31700000;Адмиралтейский;Измайловский проспект;2;Технологический институт;
Master-Group Real Estate;representative_developer;https://spb.cian.ru/sale/flat/298863900/;Санкт-Петербург;sale;flat;10;23;4;110.4;19173068;Выборгский;дорога Ольгинская;;Парнас;Прагма city
АРИН;real_estate_agent;https://spb.cian.ru/sale/flat/299504246/;Санкт-Петербург;sale;flat;9;15;4;112.0;38200000;Приморский; Савушкина;140;Беговая;
ЛСР Санкт-Петербург;developer;https://spb.cian.ru/sale/flat/294660969/;Санкт-Петербург;sale;flat;5;16;4;109.49;25784895;Василеостровский;Гавань;;Приморская;Морская Набережная ЖК
МИР КВАРТИР;real_estate_agent;https://spb.cian.ru/sale/flat/273738486/;Санкт-Петербург;sale;flat;2;4;4;108.5;43500000;Адмиралтейский;Конногвардейский бульвар;6;Адмиралтейская;
Самолет;developer;https://spb.cian.ru/sale/flat/298912001/;Санкт-Петербург;sale;flat;10;24;4;65.24;12731521;Невский; Славянская;;Рыбацкое;Живи! в Рыбацком
Мир Квартир Элит;real_estate_agent;https://spb.cian.ru/sale/flat/298531065/;Санкт-Петербург;sale;flat;3;3;4;166.0;35000000;Пушкинский; Гумилевская;13к2;Купчино;
ЛСР Санкт-Петербург;developer;https://spb.cian.ru/sale/flat/294660491/;Санкт-Петербург;sale;flat;3;14;4;115.98;26118696;Василеостровский;Гавань;;Приморская;Морская Набережная ЖК
Мир Квартир Элит;real_estate_agent;https://spb.cian.ru/sale/flat/298686289/;Санкт-Петербург;sale;flat;24;24;4;216.0;65000000;Московский;проспект Космонавтов;63к1;Звездная;Гранд Фамилия
ЛСР Санкт-Петербург;developer;https://spb.cian.ru/sale/flat/294660850/;Санкт-Петербург;sale;flat;14;16;4;105.54;27282090;Василеостровский;Гавань;;Приморская;Морская Набережная ЖК
Sever Group;real_estate_agent;https://spb.cian.ru/sale/flat/298255797/;Санкт-Петербург;sale;flat;4;4;4;117.4;20990000;Петроградский;Малая Посадская ;17;Горьковская;
Эталон СПБ;developer;https://spb.cian.ru/sale/flat/298658055/;Санкт-Петербург;sale;flat;8;9;4;172.6;68633066;Петроградский;проезд Петровская коса;6к1;Крестовский остров;Петровская Доминанта
МИР КВАРТИР;real_estate_agent;https://spb.cian.ru/sale/flat/298283348/;Санкт-Петербург;sale;flat;3;6;4;150.0;48800000;Московский;Московский проспект;151;Электросила;
КВС;developer;https://spb.cian.ru/sale/flat/299153241/;Санкт-Петербург;sale;flat;3;4;4;99.15;20083880;Пушкинский;;;Купчино;Дубровский ЖК
АН РЕШЕНИЕ;real_estate_agent;https://spb.cian.ru/sale/flat/259267625/;Санкт-Петербург;sale;flat;17;18;4;141.1;29900000;Приморский;Стародеревенская ;33/10;Комендантский проспект;
PLEADA;representative_developer;https://spb.cian.ru/sale/flat/298198078/;Санкт-Петербург;sale;flat;9;12;4;122.0;38398500;Приморский;Белоостровская ;7;Лесная;Белый остров
Мир квартир элит Крестовский;real_estate_agent;https://spb.cian.ru/sale/flat/293746976/;Санкт-Петербург;sale;flat;7;7;4;173.6;96000000;Петроградский;Каменноостровский проспект;62;Петроградская;Каменноостровская коллекция
Эталон СПБ;developer;https://spb.cian.ru/sale/flat/298658094/;Санкт-Петербург;sale;flat;8;9;4;135.9;61138067;Петроградский;проезд Петровская коса;6к1;Крестовский остров;Петровская Доминанта
Мир квартир элит Крестовский;real_estate_agent;https://spb.cian.ru/sale/flat/286808631/;Санкт-Петербург;sale;flat;4;8;4;157.2;75000000;Приморский;Приморский проспект;78к5;Беговая;Лахта Плаза
Эталон СПБ;developer;https://spb.cian.ru/sale/flat/298658089/;Санкт-Петербург;sale;flat;7;9;4;135.1;54621680;Петроградский;проезд Петровская коса;6к1;Крестовский остров;Петровская Доминанта
М16;real_estate_agent;https://spb.cian.ru/sale/flat/289070923/;Санкт-Петербург;sale;flat;2;3;4;220.0;55000000;Курортный;Дубковское шоссе;40к1;;
Master-Group Real Estate;representative_developer;https://spb.cian.ru/sale/flat/298864067/;Санкт-Петербург;sale;flat;3;23;4;128.0;21007097;Выборгский;дорога Ольгинская;;Парнас;Прагма city
Puzzle Realty;real_estate_agent;https://spb.cian.ru/sale/flat/294107190/;Санкт-Петербург;sale;flat;2;17;4;104.0;22700000;Невский;переулок Клочков;10к2;Проспект Большевиков;
Master-Group Real Estate;representative_developer;https://spb.cian.ru/sale/flat/298864166/;Санкт-Петербург;sale;flat;8;23;4;104.5;18148419;Выборгский;дорога Ольгинская;;Парнас;Прагма city
Мир Квартир PREMIUM;real_estate_agent;https://spb.cian.ru/sale/flat/295910369/;Санкт-Петербург;sale;flat;5;6;4;141.8;58000000;Василеостровский;2-я Васильевского острова линия;29;Василеостровская;
Самолет;developer;https://spb.cian.ru/sale/flat/298583484/;Санкт-Петербург;sale;flat;10;14;4;77.12;15619604;Невский; Славянская;;Рыбацкое;Живи! в Рыбацком
Мир Квартир PREMIUM;real_estate_agent;https://spb.cian.ru/sale/flat/299042720/;Санкт-Петербург;sale;flat;18;18;4;156.9;85000000;Невский;проспект Обуховской обороны;70к4;Елизаровская;Эталон на Неве
Самолет;developer;https://spb.cian.ru/sale/flat/298422033/;Санкт-Петербург;sale;flat;14;23;4;77.1;17968855;Невский;Рыбацкое;4;Рыбацкое;Живи в Рыбацком ЖК
Мир Квартир PREMIUM;real_estate_agent;https://spb.cian.ru/sale/flat/298888779/;Санкт-Петербург;sale;flat;5;6;4;110.0;75000000;Петроградский;набережная Реки Карповки;23;Петроградская;
Самолет;developer;https://spb.cian.ru/sale/flat/299261027/;Санкт-Петербург;sale;flat;23;24;4;78.97;15258868;Невский; Славянская;;Рыбацкое;Живи! в Рыбацком
Мир Квартир PREMIUM;real_estate_agent;https://spb.cian.ru/sale/flat/298743732/;Санкт-Петербург;sale;flat;6;6;4;133.0;94000000;Центральный;Малая Конюшенная ;5;Гостиный двор;
Росстройинвест;developer;https://spb.cian.ru/sale/flat/299508148/;Санкт-Петербург;sale;flat;14;23;4;113.23;34262119;Калининский;Финляндский;;Выборгская;Беларт ЖК
Мир Квартир PREMIUM;real_estate_agent;https://spb.cian.ru/sale/flat/295910416/;Санкт-Петербург;sale;flat;2;9;4;179.4;110000000;Петроградский;Кемская ;1;Крестовский остров;
Master-Group Real Estate;representative_developer;https://spb.cian.ru/sale/flat/298202371/;Санкт-Петербург;sale;flat;4;7;4;125.15;51679240;Петроградский;набережная Адмирала Лазарева;14;Чкаловская;Классика. Дом для Души
Мир Квартир Элит;real_estate_agent;https://spb.cian.ru/sale/flat/296366690/;Санкт-Петербург;sale;flat;9;14;4;120.6;39000000;Московский;Смоленская ;13;Фрунзенская;Галант
Эталон СПБ;developer;https://spb.cian.ru/sale/flat/298658048/;Санкт-Петербург;sale;flat;7;9;4;171.4;66897627;Петроградский;проезд Петровская коса;6к1;Крестовский остров;Петровская Доминанта
Мир Квартир Элит;real_estate_agent;https://spb.cian.ru/sale/flat/292036474/;Санкт-Петербург;sale;flat;14;14;4;207.0;64900000;Красногвардейский;Перевозный переулок;4;Новочеркасская;Новый город
Эталон СПБ;developer;https://spb.cian.ru/sale/flat/298658005/;Санкт-Петербург;sale;flat;4;7;4;140.3;55519771;Петроградский;проезд Петровская коса;6к1;Крестовский остров;Петровская Доминанта
Владис Центральный;real_estate_agent;https://spb.cian.ru/sale/flat/295331345/;Санкт-Петербург;sale;flat;1;9;4;110.0;14500000;Красносельский; Маршала Захарова;18к2;Ленинский проспект;
BEYOND. ex-Engel Volkers;representative_developer;https://spb.cian.ru/sale/flat/244728301/;Санкт-Петербург;sale;flat;4;5;4;212.0;251600557;Петроградский;набережная Гребного канала;1;Крестовский остров;"Комплекс резиденций ""Императорский Яхтъ-клуб"""
Мир Квартир Элит;real_estate_agent;https://spb.cian.ru/sale/flat/284977134/;Санкт-Петербург;sale;flat;2;9;4;180.0;125000000;Петроградский;Кемская ;1;Крестовский остров;
PLEADA;representative_developer;https://spb.cian.ru/sale/flat/298197981/;Санкт-Петербург;sale;flat;3;6;4;88.1;25108500;Выборгский;Зеленогорская ;3;Удельная;Дом Аура у Светлановской
Мир квартир элит Крестовский;real_estate_agent;https://spb.cian.ru/sale/flat/299566955/;Санкт-Петербург;sale;flat;2;4;4;443.0;400000000;Петроградский;Чкаловское;5;Крестовский остров;
ЛСР Санкт-Петербург;developer;https://spb.cian.ru/sale/flat/299550780/;Санкт-Петербург;sale;flat;14;14;4;110.64;32030280;Василеостровский;Гавань;;Приморская;Морская Набережная ЖК
Мир Квартир Элит;real_estate_agent;https://spb.cian.ru/sale/flat/296441423/;Санкт-Петербург;sale;flat;5;10;4;170.0;220000000;Петроградский;Вязовая ;8;Крестовский остров;Привилегия
Эталон СПБ;developer;https://spb.cian.ru/sale/flat/298658067/;Санкт-Петербург;sale;flat;8;9;4;167.9;70598152;Петроградский;проезд Петровская коса;6к1;Крестовский остров;Петровская Доминанта
NEXT;real_estate_agent;https://spb.cian.ru/sale/flat/286796506/;Санкт-Петербург;sale;flat;3;10;4;118.1;37790000;Петроградский;Петровский проспект;26к2;Чкаловская;The One
Эталон СПБ;developer;https://spb.cian.ru/sale/flat/298658057/;Санкт-Петербург;sale;flat;9;9;4;171.7;70375965;Петроградский;проезд Петровская коса;6к1;Крестовский остров;Петровская Доминанта
Колвэй;real_estate_agent;https://spb.cian.ru/sale/flat/295994104/;Санкт-Петербург;sale;flat;6;8;4;180.0;89000000;Петроградский;Морской проспект;33;Крестовский остров;Морской 33
ЛСР Санкт-Петербург;developer;https://spb.cian.ru/sale/flat/298050009/;Санкт-Петербург;sale;flat;16;16;4;123.53;34279575;Василеостровский;Гавань;;Приморская;Морская Набережная ЖК
Мир Квартир Элит;real_estate_agent;https://spb.cian.ru/sale/flat/299114894/;Санкт-Петербург;sale;flat;9;9;4;130.1;54000000;Петроградский;Посадский;;Петроградская;Мануфактура James Beck
Самолет;developer;https://spb.cian.ru/sale/flat/296607981/;Санкт-Петербург;sale;flat;4;8;4;94.1;15669690;Курортный;;3;Проспект Просвещения;Курортный квартал ЖК
Мир Квартир PREMIUM;real_estate_agent;https://spb.cian.ru/sale/flat/295910375/;Санкт-Петербург;sale;flat;16;16;4;262.2;100000000;Петроградский;Пионерская ;50;;Премьер Палас
ЛСР Санкт-Петербург;developer;https://spb.cian.ru/sale/flat/294545015/;Санкт-Петербург;sale;flat;3;8;4;115.52;42857920;Петроградский;Ремесленная ;;Спортивная;Neva Residence
NF GROUP  St Petersburg;real_estate_agent;https://spb.cian.ru/sale/flat/299568168/;Санкт-Петербург;sale;flat;3;4;4;280.0;392000000;Центральный;Гагаринская ;1/24;Чернышевская;
Эталон СПБ;developer;https://spb.cian.ru/sale/flat/298658187/;Санкт-Петербург;sale;flat;2;7;4;219.5;70391933;Петроградский;проезд Петровская коса;6к1;Крестовский остров;Петровская Доминанта
Мир Квартир PREMIUM;real_estate_agent;https://spb.cian.ru/sale/flat/299336232/;Санкт-Петербург;sale;flat;4;4;4;254.7;195000000;Петроградский;Крестовский проспект;4;;Клубный дом Крестовский IV
АБСОЛЮТ СТРОЙ СЕРВИС;developer;https://spb.cian.ru/sale/flat/299249826/;Санкт-Петербург;sale;flat;6;17;4;128.12;32350300;Выборгский;Большой Сампсониевский проспект;77;Лесная;Георг Ландрин
Мир Квартир PREMIUM;real_estate_agent;https://spb.cian.ru/sale/flat/295910493/;Санкт-Петербург;sale;flat;5;8;4;264.5;185000000;Петроградский;Крестовский проспект;30;Крестовский остров;
Euroinvest Development;developer;https://spb.cian.ru/sale/flat/298800503/;Санкт-Петербург;sale;flat;11;11;4;102.7;31323500;Московский; Решетникова;29;Электросила;iD Park Pobedy
Петербургская Недвижимость;real_estate_agent;https://spb.cian.ru/sale/flat/296800541/;Санкт-Петербург;sale;flat;14;14;4;82.53;24750000;Василеостровский;набережная Миклухо-Маклая;1к1;Горный институт;Морская набережная. SeaView
PLEADA;representative_developer;https://spb.cian.ru/sale/flat/298197993/;Санкт-Петербург;sale;flat;6;6;4;91.9;27432150;Выборгский;Зеленогорская ;3;Удельная;Дом Аура у Светлановской
Александр Санкин;realtor;https://spb.cian.ru/sale/flat/299606608/;Санкт-Петербург;sale;flat;3;6;4;123.9;17700000;Центральный;5-я Советская ;7-9;Площадь Восстания;
Эталон СПБ;developer;https://spb.cian.ru/sale/flat/298658104/;Санкт-Петербург;sale;flat;4;9;4;143.5;51980755;Петроградский;проезд Петровская коса;6к1;Крестовский остров;Петровская Доминанта
ЦАН - Центральное Агентство Недвижимости;real_estate_agent;https://spb.cian.ru/sale/flat/298271333/;Санкт-Петербург;sale;flat;1;5;4;60.01;7100000;Фрунзенский; Турку;23К3;Проспект Славы;
Самолет;developer;https://spb.cian.ru/sale/flat/296759970/;Санкт-Петербург;sale;flat;1;10;4;93.8;13814874;Курортный;;;Парнас;Курортный квартал ЖК
ID 20859426;homeowner;https://spb.cian.ru/sale/flat/295929474/;Санкт-Петербург;sale;flat;3;5;4;114.9;34000000;Василеостровский;6-я Васильевского острова линия;39;Василеостровская;
Эталон СПБ;developer;https://spb.cian.ru/sale/flat/298657994/;Санкт-Петербург;sale;flat;2;7;4;190.0;80938900;Петроградский;проезд Петровская коса;6к1;Крестовский остров;Петровская Доминанта
ID 7006834;homeowner;https://spb.cian.ru/sale/flat/295942577/;Санкт-Петербург;sale;flat;1;6;4;78.8;13790000;Пушкинский; Архитектора Данини;19к1;Купчино;UP-квартал Пушкинский
PLEADA;representative_developer;https://spb.cian.ru/sale/flat/296569861/;Санкт-Петербург;sale;flat;1;4;4;149.4;42130800;Красносельский;проспект Патриотов;33;;Riviera club
Ирина Степанова;realtor;https://spb.cian.ru/sale/flat/297218809/;Санкт-Петербург;sale;flat;3;3;4;250.0;55000000;Приморский;1-я Утиная ;17к1;Озерки;
VEREN GROUP;developer;https://spb.cian.ru/sale/flat/292425364/;Санкт-Петербург;sale;flat;7;10;4;88.1;20206445;Приморский;Парашютная ;79к1;Озерки;Veren Next Шуваловский
ID 18787195;homeowner;https://spb.cian.ru/sale/flat/297860311/;Санкт-Петербург;sale;flat;2;4;4;190.0;129500000;Петроградский;набережная Мартынова;62Е;Крестовский остров;
Самолет;developer;https://spb.cian.ru/sale/flat/294402051/;Санкт-Петербург;sale;flat;1;8;4;93.4;16083995;Курортный;;3;Проспект Просвещения;Курортный квартал ЖК
ТН-Брокер;real_estate_agent;https://spb.cian.ru/sale/flat/297234009/;Санкт-Петербург;sale;flat;2;3;4;176.9;45000000;Василеостровский;15-я Васильевского острова линия;84;Василеостровская;Халькон
Лидер Групп;developer;https://spb.cian.ru/sale/flat/286949833/;Санкт-Петербург;sale;flat;4;23;4;140.66;35165000;Московский;Гагаринское;;;Дефанс ЖК
Первое Агентство Недвижимости;real_estate_agent;https://spb.cian.ru/sale/flat/288009985/;Санкт-Петербург;sale;flat;3;12;4;83.0;17790000;Приморский;Дибуновская ;37;Старая Деревня;
КВС;developer;https://spb.cian.ru/sale/flat/295840318/;Санкт-Петербург;sale;flat;2;4;4;100.25;19975800;Пушкинский;;;Купчино;Дубровский ЖК
МИР КВАРТИР;real_estate_agent;https://spb.cian.ru/sale/flat/293650125/;Санкт-Петербург;sale;flat;4;6;4;97.3;15900000;Адмиралтейский;Бронницкая ;22;Технологический институт;
ЛСР Санкт-Петербург;developer;https://spb.cian.ru/sale/flat/299052466/;Санкт-Петербург;sale;flat;13;14;4;110.48;27984584;Василеостровский;Гавань;;Приморская;Морская Набережная ЖК
Мир Квартир Элит;real_estate_agent;https://spb.cian.ru/sale/flat/293911859/;Санкт-Петербург;sale;flat;1;6;4;122.8;32000000;Петроградский; Подрезова;18;Петроградская;
Эталон СПБ;developer;https://spb.cian.ru/sale/flat/298658000/;Санкт-Петербург;sale;flat;6;7;4;180.6;122638526;Петроградский;проезд Петровская коса;6к1;Крестовский остров;Петровская Доминанта
ТРЕНД;real_estate_agent;https://spb.cian.ru/sale/flat/297789928/;Санкт-Петербург;sale;flat;2;5;4;93.4;19400000;Адмиралтейский;Галерная ;46;Василеостровская;
Винтеко;developer;https://spb.cian.ru/sale/flat/290200463/;Санкт-Петербург;sale;flat;4;7;4;190.2;76103775;Василеостровский;13-я Васильевского острова линия;50;Василеостровская;Клубный дом Манхэттен
ТРЕНД;real_estate_agent;https://spb.cian.ru/sale/flat/287087868/;Санкт-Петербург;sale;flat;4;6;4;110.1;17700000;Центральный;Гангутская ;16;;
PLEADA;representative_developer;https://spb.cian.ru/sale/flat/296569901/;Санкт-Петербург;sale;flat;3;4;4;135.4;47660800;Красносельский;проспект Патриотов;33;;Riviera club
ПРИОРИТЕТ;real_estate_agent;https://spb.cian.ru/sale/flat/295918936/;Санкт-Петербург;sale;flat;7;9;4;89.5;14700000;Василеостровский;проспект Большой Васильевского острова;62;Василеостровская;
Лидер Групп;developer;https://spb.cian.ru/sale/flat/297709745/;Санкт-Петербург;sale;flat;8;18;4;128.6;25720000;Василеостровский;бульвар Головнина;3к1;Горный институт;Колумб (Гавань Капитанов)
Первое Агентство Недвижимости;real_estate_agent;https://spb.cian.ru/sale/flat/292946106/;Санкт-Петербург;sale;flat;7;16;4;135.0;23000000;Калининский;проспект Непокоренных;49к2;Площадь Мужества;
VEREN GROUP;developer;https://spb.cian.ru/sale/flat/293828725/;Санкт-Петербург;sale;flat;1;3;4;116.8;22557811;Петродворцовый;Красносельское шоссе;22;Проспект Ветеранов;Veren Village Стрельна
Мир квартир элит Крестовский;real_estate_agent;https://spb.cian.ru/sale/flat/286808931/;Санкт-Петербург;sale;flat;4;6;4;126.5;21505000;Центральный;2-я Советская ;27/2;Площадь Восстания;
Bonava;developer;https://spb.cian.ru/sale/flat/298804776/;Санкт-Петербург;sale;flat;14;14;4;124.3;48497627;Красногвардейский;Большая Охта;;Ладожская;Магнифика ЖК
Первое Агентство Недвижимости;real_estate_agent;https://spb.cian.ru/sale/flat/294688938/;Санкт-Петербург;sale;flat;16;16;4;111.4;24800000;Калининский; Ушинского;2к1;Гражданский проспект;Живой ручей
КВС;developer;https://spb.cian.ru/sale/flat/294621046/;Санкт-Петербург;sale;flat;3;4;4;102.95;20948400;Пушкинский;;;Купчино;Дубровский ЖК
Лига Недвижимости;real_estate_agent;https://spb.cian.ru/sale/flat/293032379/;Санкт-Петербург;sale;flat;3;5;4;59.0;8700000;Московский; Костюшко;90;Московская;
Master-Group Real Estate;representative_developer;https://spb.cian.ru/sale/flat/298864057/;Санкт-Петербург;sale;flat;23;23;4;129.9;24176095;Выборгский;дорога Ольгинская;;Парнас;Прагма city
Астория Прайд;real_estate_agent;https://spb.cian.ru/sale/flat/297504537/;Санкт-Петербург;sale;flat;4;14;4;79.4;9500000;Красногвардейский; Передовиков;29К1;Улица Дыбенко;
VEREN GROUP;developer;https://spb.cian.ru/sale/flat/285685213/;Санкт-Петербург;sale;flat;3;3;4;105.1;21939619;Петродворцовый;Красносельское шоссе;22;Ленинский проспект;Veren Village Стрельна
АН Петро-риэлт;real_estate_agent;https://spb.cian.ru/sale/flat/297901385/;Санкт-Петербург;sale;flat;3;8;4;177.7;56000000;Центральный;набережная Воскресенская;12;Площадь Ленина;
Самолет;developer;https://spb.cian.ru/sale/flat/296654423/;Санкт-Петербург;sale;flat;4;23;4;75.64;16823125;Невский;Рыбацкое;4;Рыбацкое;Живи в Рыбацком ЖК
ЮСОН;real_estate_agent;https://spb.cian.ru/sale/flat/298490670/;Санкт-Петербург;sale;flat;2;4;4;125.0;33500000;Центральный;5-я Советская ;32;Площадь Восстания;
ЛСР Санкт-Петербург;developer;https://spb.cian.ru/sale/flat/294546000/;Санкт-Петербург;sale;flat;9;9;4;150.5;66776850;Петроградский;Петровский проспект;11к2;Крестовский остров;Neva Haus
МИР КВАРТИР;real_estate_agent;https://spb.cian.ru/sale/flat/297724408/;Санкт-Петербург;sale;flat;16;16;4;132.5;26500000;Василеостровский;Морская набережная;39к3;Приморская;
Эталон СПБ;developer;https://spb.cian.ru/sale/flat/299324379/;Санкт-Петербург;sale;flat;1;18;4;151.1;35475660;Невский;проспект Обуховской обороны;70к4;Елизаровская;Эталон на Неве
Мир Квартир PREMIUM;real_estate_agent;https://spb.cian.ru/sale/flat/299348378/;Санкт-Петербург;sale;flat;6;7;4;240.0;65000000;Петроградский;Каменноостровский проспект;54/31;Петроградская;
BEYOND. ex-Engel Volkers;representative_developer;https://spb.cian.ru/sale/flat/244728473/;Санкт-Петербург;sale;flat;3;3;4;225.3;157710000;Петроградский;Санаторная аллея;3;Черная речка;Del Arte
АСАН;real_estate_agent;https://spb.cian.ru/sale/flat/295978709/;Санкт-Петербург;sale;flat;5;5;4;104.3;19000000;Центральный;Дегтярная ;13;Площадь Восстания;
BEYOND. ex-Engel Volkers;representative_developer;https://spb.cian.ru/sale/flat/244728465/;Санкт-Петербург;sale;flat;2;3;4;257.6;218960000;Петроградский;Санаторная аллея;3;Черная речка;Del Arte
Виолетта Осыка;realtor;https://spb.cian.ru/sale/flat/298771765/;Санкт-Петербург;sale;flat;6;8;4;130.5;41000000;Петроградский; Кропоткина;24Б;Горьковская;
Лидер Групп;developer;https://spb.cian.ru/sale/flat/294573115/;Санкт-Петербург;sale;flat;3;18;4;134.4;26880000;Василеостровский;бульвар Головнина;3к1;Горный институт;Колумб (Гавань Капитанов)
Мир Квартир PREMIUM;real_estate_agent;https://spb.cian.ru/sale/flat/295910523/;Санкт-Петербург;sale;flat;10;15;4;173.4;55000000;Приморский;Дибуновская ;50;Старая Деревня;
Балтийская жемчужина;developer;https://spb.cian.ru/sale/flat/297300193/;Санкт-Петербург;sale;flat;1;8;4;149.5;42167970;Красносельский;проспект Патриотов;33;;Riviera club
Первое Агентство Недвижимости;real_estate_agent;https://spb.cian.ru/sale/flat/289687176/;Санкт-Петербург;sale;flat;1;15;4;124.7;34499000;Красногвардейский;Магнитогорская ;3к2;Новочеркасская;Magnifika Residence
Петербургская Строительная Компания;developer;https://spb.cian.ru/sale/flat/293751348/;Санкт-Петербург;sale;flat;9;9;4;163.14;69008600;Центральный;проспект Бакунина;;Площадь Александра Невского;Bakunina 33
Мир Квартир PREMIUM;real_estate_agent;https://spb.cian.ru/sale/flat/299336198/;Санкт-Петербург;sale;flat;2;7;4;138.4;50930000;Адмиралтейский;Малодетскосельский проспект;40;Фрунзенская;Идеалист
ЛСР Санкт-Петербург;developer;https://spb.cian.ru/sale/flat/294545978/;Санкт-Петербург;sale;flat;7;9;4;154.6;46843800;Петроградский;Петровский проспект;11к2;Крестовский остров;Neva Haus
Мир Квартир PREMIUM;real_estate_agent;https://spb.cian.ru/sale/flat/295910462/;Санкт-Петербург;sale;flat;6;8;4;157.0;69500000;Приморский;Приморский проспект;78к5;Беговая;Лахта Плаза
КВС;developer;https://spb.cian.ru/sale/flat/295854276/;Санкт-Петербург;sale;flat;4;4;4;96.93;17917848;Петродворцовый;;;Проспект Ветеранов;Любоград ЖК
ВАРИАНТ;real_estate_agent;https://spb.cian.ru/sale/flat/298366333/;Санкт-Петербург;sale;flat;2;20;4;113.0;21500000;Невский; Ворошилова;31к3;Проспект Большевиков;Ладожский парк
КВС;developer;https://spb.cian.ru/sale/flat/294620910/;Санкт-Петербург;sale;flat;2;4;4;103.65;20960830;Пушкинский;;;;Дубровский ЖК
Мир Квартир Элит;real_estate_agent;https://spb.cian.ru/sale/flat/293659280/;Санкт-Петербург;sale;flat;4;7;4;178.0;75000000;Петроградский;проезд Петровская коса;6к1;Крестовский остров;Петровская Доминанта
ЛСР Санкт-Петербург;developer;https://spb.cian.ru/sale/flat/294545773/;Санкт-Петербург;sale;flat;1;9;4;178.8;60827760;Петроградский;Петровский проспект;11к3;Спортивная;Neva Haus
Мир квартир элит Крестовский;real_estate_agent;https://spb.cian.ru/sale/flat/291788206/;Санкт-Петербург;sale;flat;10;16;4;206.8;175000000;Выборгский;Большой Сампсониевский проспект;4-6;Площадь Ленина;
Винтеко;developer;https://spb.cian.ru/sale/flat/290200473/;Санкт-Петербург;sale;flat;5;7;4;156.8;72777936;Василеостровский;13-я Васильевского острова линия;50;Василеостровская;Клубный дом Манхэттен
Мир Квартир PREMIUM;real_estate_agent;https://spb.cian.ru/sale/flat/299336131/;Санкт-Петербург;sale;flat;7;7;4;213.4;88117000;Петроградский; Рентгена;25;Петроградская;White House
Петербургская Строительная Компания;developer;https://spb.cian.ru/sale/flat/293263708/;Санкт-Петербург;sale;flat;3;9;4;137.0;46885001;Центральный;проспект Бакунина;;Площадь Александра Невского;Bakunina 33
Мир Квартир Элит;real_estate_agent;https://spb.cian.ru/sale/flat/297418798/;Санкт-Петербург;sale;flat;7;7;4;363.0;350000000;Петроградский;Динамовская ;2;Крестовский остров;
BEYOND. ex-Engel Volkers;representative_developer;https://spb.cian.ru/sale/flat/244728275/;Санкт-Петербург;sale;flat;2;5;4;216.4;207531061;Петроградский;набережная Гребного канала;1;Крестовский остров;"Комплекс резиденций ""Императорский Яхтъ-клуб"""
Мир Квартир PREMIUM;real_estate_agent;https://spb.cian.ru/sale/flat/299336278/;Санкт-Петербург;sale;flat;7;7;4;212.4;88922000;Петроградский; Рентгена;25;Петроградская;White House
BEYOND. ex-Engel Volkers;representative_developer;https://spb.cian.ru/sale/flat/288144324/;Санкт-Петербург;sale;flat;1;4;4;151.6;173893083;Петроградский;1-я Березовая аллея;7;Черная речка;Резиденция на Каменном
Мир Квартир PREMIUM;real_estate_agent;https://spb.cian.ru/sale/flat/299336158/;Санкт-Петербург;sale;flat;7;9;4;156.0;160000000;Петроградский;набережная Адмирала Лазарева;22;Чкаловская;One Trinity Place
ЛСР Санкт-Петербург;developer;https://spb.cian.ru/sale/flat/294545870/;Санкт-Петербург;sale;flat;4;7;4;211.5;94329000;Петроградский;Петровский проспект;11к3;Спортивная;Neva Haus
ЦАН - Центральное Агентство Недвижимости;real_estate_agent;https://spb.cian.ru/sale/flat/294827990/;Санкт-Петербург;sale;flat;4;4;4;96.7;13900000;Московский;Московский проспект;78К;Фрунзенская;
VEREN GROUP;developer;https://spb.cian.ru/sale/flat/292425353/;Санкт-Петербург;sale;flat;7;10;4;85.7;19655985;Приморский;Парашютная ;79к1;Комендантский проспект;Veren Next Шуваловский
Алькор;real_estate_agent;https://spb.cian.ru/sale/flat/295328673/;Санкт-Петербург;sale;flat;5;12;4;110.0;27000000;Невский;проспект Обуховской обороны;70к4;Елизаровская;
Самолет;developer;https://spb.cian.ru/sale/flat/296759967/;Санкт-Петербург;sale;flat;1;10;4;105.4;15779700;Курортный;;;Парнас;Курортный квартал ЖК
ID 65902581;unknown;https://spb.cian.ru/sale/flat/298922049/;Санкт-Петербург;sale;flat;4;6;4;120.0;30000000;Петроградский; Большая Зеленина;3;Чкаловская;
Лидер Групп;developer;https://spb.cian.ru/sale/flat/294573112/;Санкт-Петербург;sale;flat;2;18;4;137.2;26754000;Василеостровский;бульвар Головнина;3к1;Горный институт;Колумб (Гавань Капитанов)
ID 15088120;homeowner;https://spb.cian.ru/sale/flat/296221278/;Санкт-Петербург;sale;flat;2;5;4;130.0;30000000;Приморский;Школьная ;8;Черная речка;
Самолет;developer;https://spb.cian.ru/sale/flat/284755048/;Санкт-Петербург;sale;flat;1;8;4;65.4;12867239;Курортный;;582;Парнас;Курортный квартал ЖК
ID 49156649;unknown;https://spb.cian.ru/sale/flat/296307988/;Санкт-Петербург;sale;flat;2;3;4;130.6;19900000;Адмиралтейский;Садовая ;89;Балтийская;
VEREN GROUP;developer;https://spb.cian.ru/sale/flat/293828750/;Санкт-Петербург;sale;flat;1;3;4;115.7;22345366;Петродворцовый;Красносельское шоссе;22;Ленинский проспект;Veren Village Стрельна
ID 113800330;homeowner;https://spb.cian.ru/sale/flat/299094191/;Санкт-Петербург;sale;flat;22;25;4;117.0;20500000;Красносельский;Ленинский проспект;51;Ленинский проспект;
ЛСР Санкт-Петербург;developer;https://spb.cian.ru/sale/flat/294545918/;Санкт-Петербург;sale;flat;7;8;4;175.3;79077830;Петроградский;Петровский проспект;11к3;Спортивная;Neva Haus
ID 97747272;homeowner;https://spb.cian.ru/sale/flat/280937837/;Санкт-Петербург;sale;flat;6;8;4;123.4;61685000;Петроградский;Петровский проспект;26к2;Чкаловская;The One
Эталон СПБ;developer;https://spb.cian.ru/sale/flat/298658166/;Санкт-Петербург;sale;flat;7;9;4;133.3;49135237;Петроградский;проезд Петровская коса;6к1;Крестовский остров;Петровская Доминанта
ID 18925667;realtor;https://spb.cian.ru/sale/flat/254021459/;Санкт-Петербург;sale;flat;10;17;4;155.0;42000000;Московский;Московский проспект;183-185;Московская;Граф Орлов
Master-Group Real Estate;representative_developer;https://spb.cian.ru/sale/flat/298864200/;Санкт-Петербург;sale;flat;6;23;4;104.4;18131053;Выборгский;дорога Ольгинская;;Парнас;Прагма city
ТРЕНД;real_estate_agent;https://spb.cian.ru/sale/flat/295730808/;Санкт-Петербург;sale;flat;4;7;4;98.2;12250000;Василеостровский;10-я Васильевского острова линия;15Б;Василеостровская;
Эталон СПБ;developer;https://spb.cian.ru/sale/flat/298658139/;Санкт-Петербург;sale;flat;2;9;4;134.3;46156309;Петроградский;проезд Петровская коса;6к1;Крестовский остров;Петровская Доминанта
Экотон;real_estate_agent;https://spb.cian.ru/sale/flat/299025861/;Санкт-Петербург;sale;flat;5;7;4;84.0;14000000;Василеостровский;проспект Большой Васильевского острова;62;Горный институт;
ЛСР Санкт-Петербург;developer;https://spb.cian.ru/sale/flat/294545902/;Санкт-Петербург;sale;flat;5;8;4;180.7;80339220;Петроградский;Петровский проспект;11к3;Спортивная;Neva Haus
ТРЕНД;real_estate_agent;https://spb.cian.ru/sale/flat/294468954/;Санкт-Петербург;sale;flat;11;25;4;120.5;20500000;Приморский;аллея Поликарпова;2;Пионерская;
BEYOND. ex-Engel Volkers;representative_developer;https://spb.cian.ru/sale/flat/260854425/;Санкт-Петербург;sale;flat;1;4;4;251.3;301560000;Петроградский;1-я Березовая аллея;7;Черная речка;Резиденция на Каменном
Владис Север;real_estate_agent;https://spb.cian.ru/sale/flat/299278811/;Санкт-Петербург;sale;flat;4;4;4;115.3;17500000;Адмиралтейский;Подольская ;17;Пушкинская;
VEREN GROUP;developer;https://spb.cian.ru/sale/flat/293828743/;Санкт-Петербург;sale;flat;2;3;4;102.2;20033124;Петродворцовый;Красносельское шоссе;22;Ленинский проспект;Veren Village Стрельна
Владис Центральный;real_estate_agent;https://spb.cian.ru/sale/flat/299565469/;Санкт-Петербург;sale;flat;5;6;4;100.0;24000000;Московский;Московский проспект;175;Парк Победы;
Эталон СПБ;developer;https://spb.cian.ru/sale/flat/298657998/;Санкт-Петербург;sale;flat;6;7;4;224.9;144682293;Петроградский;проезд Петровская коса;6к1;Крестовский остров;Петровская Доминанта
Озерки;real_estate_agent;https://spb.cian.ru/sale/flat/287868763/;Санкт-Петербург;sale;flat;3;4;4;95.7;20000000;Адмиралтейский; Глинки;3-5-7;Садовая;
ЛСР Санкт-Петербург;developer;https://spb.cian.ru/sale/flat/294545866/;Санкт-Петербург;sale;flat;1;7;4;155.5;58545750;Петроградский;Петровский проспект;11к3;Спортивная;Neva Haus
Владис Центральный;real_estate_agent;https://spb.cian.ru/sale/flat/298052507/;Санкт-Петербург;sale;flat;5;10;4;89.1;16800000;Приморский; Ильюшина;6;Комендантский проспект;
Эталон СПБ;developer;https://spb.cian.ru/sale/flat/298656920/;Санкт-Петербург;sale;flat;1;18;4;151.9;35663340;Невский;проспект Обуховской обороны;70к4;Елизаровская;Эталон на Неве
CENTURY 21 Capital Petersburg;real_estate_agent;https://spb.cian.ru/sale/flat/294573039/;Санкт-Петербург;sale;flat;3;4;4;74.0;11990000;Адмиралтейский;Рижский проспект;54;Нарвская;
BEYOND. ex-Engel Volkers;representative_developer;https://spb.cian.ru/sale/flat/288144330/;Санкт-Петербург;sale;flat;1;4;4;111.3;127666888;Петроградский;1-я Березовая аллея;7;Черная речка;Резиденция на Каменном
АУРУМ;real_estate_agent;https://spb.cian.ru/sale/flat/298654722/;Санкт-Петербург;sale;flat;4;5;4;101.7;16760000;Василеостровский;проспект Кима;7/19;Приморская;
АЛЕКСАНДР-НЕДВИЖИМОСТЬ;real_estate_agent;https://spb.cian.ru/sale/flat/280167220/;Санкт-Петербург;sale;flat;2;4;4;79.4;12300000;Невский;проспект Обуховской обороны;33;Площадь Александра Невского;
ЛСР Санкт-Петербург;developer;https://spb.cian.ru/sale/flat/294545787/;Санкт-Петербург;sale;flat;5;9;4;175.5;71955000;Петроградский;Петровский проспект;11к3;Спортивная;Neva Haus
АУРУМ;real_estate_agent;https://spb.cian.ru/sale/flat/299346654/;Санкт-Петербург;sale;flat;3;6;4;130.6;22900000;Василеостровский;11-я Васильевского острова линия;46;Василеостровская;
ЛСР Санкт-Петербург;developer;https://spb.cian.ru/sale/flat/294546057/;Санкт-Петербург;sale;flat;6;8;4;199.7;80279400;Петроградский;Петровский проспект;11к2;Крестовский остров;Neva Haus
Мир Квартир Элит;real_estate_agent;https://spb.cian.ru/sale/flat/286149343/;Санкт-Петербург;sale;flat;5;5;4;175.7;28990000;Центральный;Фурштатская ;47/11;Чернышевская;
Master-Group Real Estate;representative_developer;https://spb.cian.ru/sale/flat/298863950/;Санкт-Петербург;sale;flat;14;23;4;129.2;22297030;Выборгский;дорога Ольгинская;;Парнас;Прагма city
Экотон;real_estate_agent;https://spb.cian.ru/sale/flat/291095058/;Санкт-Петербург;sale;flat;21;22;4;85.5;17680000;Приморский;Лыжный переулок;4к3;Беговая;Геометрия
Эталон СПБ;developer;https://spb.cian.ru/sale/flat/298656930/;Санкт-Петербург;sale;flat;1;18;4;163.0;39392100;Невский;проспект Обуховской обороны;70к4;Елизаровская;Эталон на Неве
ТРЕНД;real_estate_agent;https://spb.cian.ru/sale/flat/297008329/;Санкт-Петербург;sale;flat;5;5;4;74.0;18050000;Петроградский;Кронверкский проспект;23;Горьковская;
Альфа Фаберже;developer;https://spb.cian.ru/sale/flat/280459322/;Санкт-Петербург;sale;flat;6;8;4;198.05;122791000;Петроградский;набережная Реки Карповки;27;Петроградская;Клубный дом MELTZER HALL
Мир квартир элит Крестовский;real_estate_agent;https://spb.cian.ru/sale/flat/291359384/;Санкт-Петербург;sale;flat;3;5;4;118.9;23700000;Петроградский; Ленина;28;Чкаловская;
ЛСР Санкт-Петербург;developer;https://spb.cian.ru/sale/flat/294545846/;Санкт-Петербург;sale;flat;2;7;4;210.7;83226500;Петроградский;Петровский проспект;11к3;Спортивная;Neva Haus
Мир квартир элит Крестовский;real_estate_agent;https://spb.cian.ru/sale/flat/295687793/;Санкт-Петербург;sale;flat;4;4;4;183.5;44500000;Петроградский;Большая Посадская ;4;Горьковская;
ЛСР Санкт-Петербург;developer;https://spb.cian.ru/sale/flat/294545976/;Санкт-Петербург;sale;flat;7;9;4;126.0;45536400;Петроградский;Петровский проспект;11к2;Крестовский остров;Neva Haus
Экотон;real_estate_agent;https://spb.cian.ru/sale/flat/298804842/;Санкт-Петербург;sale;flat;4;9;4;73.3;11300000;Выборгский;проспект Художников;3К1;Озерки;
Самолет;developer;https://spb.cian.ru/sale/flat/296759936/;Санкт-Петербург;sale;flat;2;7;4;97.8;15306438;Курортный;;;Проспект Просвещения;Курортный квартал ЖК
Golden Home;real_estate_agent;https://spb.cian.ru/sale/flat/297091463/;Санкт-Петербург;sale;flat;6;18;4;85.0;18800000;Приморский;аллея Арцеуловская;17;Комендантский проспект;Чистое небо
ЛСР Санкт-Петербург;developer;https://spb.cian.ru/sale/flat/299550778/;Санкт-Петербург;sale;flat;14;14;4;107.51;31457426;Василеостровский;Гавань;;Приморская;Морская Набережная ЖК
Экотон;real_estate_agent;https://spb.cian.ru/sale/flat/294303762/;Санкт-Петербург;sale;flat;11;19;4;93.1;15600000;Невский; Латышских Стрелков;15к2;Проспект Большевиков;Ладожский парк
Эталон СПБ;developer;https://spb.cian.ru/sale/flat/298657993/;Санкт-Петербург;sale;flat;2;7;4;227.5;96052947;Петроградский;проезд Петровская коса;6к1;Крестовский остров;Петровская Доминанта
Мир Квартир Элит;real_estate_agent;https://spb.cian.ru/sale/flat/294204209/;Санкт-Петербург;sale;flat;3;6;4;122.0;24900000;Петроградский;Сытнинская ;10;Горьковская;
Петербургская Строительная Компания;developer;https://spb.cian.ru/sale/flat/293263916/;Санкт-Петербург;sale;flat;8;9;4;160.02;61315710;Центральный;проспект Бакунина;;Площадь Восстания;Bakunina 33
Гранит Инвест;real_estate_agent;https://spb.cian.ru/sale/flat/296288436/;Санкт-Петербург;sale;flat;5;11;4;108.0;34020000;Приморский;Фермское шоссе;10;Удельная;Шведская крона
ЛСР Санкт-Петербург;developer;https://spb.cian.ru/sale/flat/294546002/;Санкт-Петербург;sale;flat;9;9;4;188.5;73326500;Петроградский;Петровский проспект;11к2;Крестовский остров;Neva Haus
Мир Квартир Элит;real_estate_agent;https://spb.cian.ru/sale/flat/286430736/;Санкт-Петербург;sale;flat;2;6;4;108.6;19500000;Адмиралтейский;набережная Реки Фонтанки;126;Садовая;
VEREN GROUP;developer;https://spb.cian.ru/sale/flat/285685208/;Санкт-Петербург;sale;flat;3;3;4;99.4;20749744;Петродворцовый;Красносельское шоссе;22;Ленинский проспект;Veren Village Стрельна
Владис Центральный;real_estate_agent;https://spb.cian.ru/sale/flat/288960556/;Санкт-Петербург;sale;flat;5;9;4;73.9;11350000;Фрунзенский;Купчинская ;20К3;Дунайская;
Master-Group Real Estate;real_estate_agent;https://spb.cian.ru/sale/flat/299648242/;Санкт-Петербург;sale;flat;2;7;4;141.59;55641600;Адмиралтейский;Малодетскосельский проспект;40;Фрунзенская;Идеалист
Ольга Данилевская;realtor;https://spb.cian.ru/sale/flat/287170370/;Санкт-Петербург;sale;flat;5;5;4;75.0;12900000;Адмиралтейский; Володи Ермака;2;Садовая;
Master-Group Real Estate;real_estate_agent;https://spb.cian.ru/sale/flat/299648240/;Санкт-Петербург;sale;flat;7;7;4;101.99;42269400;Адмиралтейский;Малодетскосельский проспект;40;Фрунзенская;Идеалист
Владис Аврора;real_estate_agent;https://spb.cian.ru/sale/flat/299369314/;Санкт-Петербург;sale;flat;4;6;4;110.1;17700000;Центральный;Гангутская ;16;Чернышевская;
Master-Group Real Estate;real_estate_agent;https://spb.cian.ru/sale/flat/299648238/;Санкт-Петербург;sale;flat;2;7;4;100.69;36382320;Адмиралтейский;Малодетскосельский проспект;40;Фрунзенская;Идеалист
Мир Квартир Элит;real_estate_agent;https://spb.cian.ru/sale/flat/294266311/;Санкт-Петербург;sale;flat;8;8;4;148.0;57000000;Петроградский; Большая Зеленина;34;Чкаловская;Дом на Зелейной
ЛСР Санкт-Петербург;developer;https://spb.cian.ru/sale/flat/294545895/;Санкт-Петербург;sale;flat;1;8;4;183.7;66793320;Петроградский;Петровский проспект;11к3;Спортивная;Neva Haus
Мир Квартир Элит;real_estate_agent;https://spb.cian.ru/sale/flat/291413268/;Санкт-Петербург;sale;flat;5;6;4;216.4;45900000;Петроградский;проспект Большой Петроградской стороны;13/4;Спортивная;
VEREN GROUP;developer;https://spb.cian.ru/sale/flat/285685146/;Санкт-Петербург;sale;flat;2;3;4;107.0;20974014;Петродворцовый;Красносельское шоссе;22;Ленинский проспект;Veren Village Стрельна
Golden Home;real_estate_agent;https://spb.cian.ru/sale/flat/299109035/;Санкт-Петербург;sale;flat;5;5;4;50.0;6390000;Кировский; Лени Голикова;10;Проспект Ветеранов;
ЛСР Санкт-Петербург;developer;https://spb.cian.ru/sale/flat/294660555/;Санкт-Петербург;sale;flat;14;14;4;118.23;32406843;Василеостровский;Гавань;;Приморская;Морская Набережная ЖК
Мир Квартир Элит;real_estate_agent;https://spb.cian.ru/sale/flat/292187974/;Санкт-Петербург;sale;flat;6;9;4;153.4;63000000;Василеостровский;проспект Средний Васильевского острова;85;Горный институт;
Лидер Групп;developer;https://spb.cian.ru/sale/flat/286949891/;Санкт-Петербург;sale;flat;17;23;4;184.59;50669955;Московский;Гагаринское;;;Дефанс ЖК
АЛЕКСАНДР-НЕДВИЖИМОСТЬ;real_estate_agent;https://spb.cian.ru/sale/flat/268147453/;Санкт-Петербург;sale;flat;5;5;4;107.5;18900000;Московский; Севастьянова;5;Электросила;
Винтеко;developer;https://spb.cian.ru/sale/flat/290200432/;Санкт-Петербург;sale;flat;2;7;4;190.6;68129017;Василеостровский;13-я Васильевского острова линия;50;Василеостровская;Клубный дом Манхэттен
ТРЕНД;real_estate_agent;https://spb.cian.ru/sale/flat/295734252/;Санкт-Петербург;sale;flat;1;3;4;111.7;12295000;Калининский; Академика Лебедева;20;Площадь Ленина;
Master-Group Real Estate;representative_developer;https://spb.cian.ru/sale/flat/298863909/;Санкт-Петербург;sale;flat;16;23;4;110.5;19574243;Выборгский;дорога Ольгинская;;Парнас;Прагма city
Мир Квартир Элит;real_estate_agent;https://spb.cian.ru/sale/flat/293072667/;Санкт-Петербург;sale;flat;7;8;4;143.7;61900000;Петроградский;Каменноостровский проспект;64К2;Петроградская;Каменноостровский, 64
Лидер Групп;developer;https://spb.cian.ru/sale/flat/286949997/;Санкт-Петербург;sale;flat;17;23;4;184.16;50551920;Московский;Гагаринское;;;Дефанс ЖК
АЛЕКСАНДР-НЕДВИЖИМОСТЬ;real_estate_agent;https://spb.cian.ru/sale/flat/282211442/;Санкт-Петербург;sale;flat;4;17;4;117.0;20000000;Красногвардейский; Коммуны;50;Проспект Большевиков;
Альфа Фаберже;developer;https://spb.cian.ru/sale/flat/280459344/;Санкт-Петербург;sale;flat;8;8;4;149.38;134442000;Петроградский;набережная Реки Карповки;27;Петроградская;Клубный дом MELTZER HALL
Экотон;real_estate_agent;https://spb.cian.ru/sale/flat/299334765/;Санкт-Петербург;sale;flat;1;3;4;84.7;10200000;Калининский;Бестужевская ;29;Ладожская;
КВС;developer;https://spb.cian.ru/sale/flat/298151315/;Санкт-Петербург;sale;flat;3;17;4;105.86;25107285;Калининский;Финляндский;;;Квартал бизнес-класса Б15
Мир Квартир Элит;real_estate_agent;https://spb.cian.ru/sale/flat/292875116/;Санкт-Петербург;sale;flat;5;5;4;77.5;14500000;Кировский; Швецова;10;Нарвская;
VEREN GROUP;developer;https://spb.cian.ru/sale/flat/293828741/;Санкт-Петербург;sale;flat;3;3;4;100.8;20125353;Петродворцовый;Красносельское шоссе;22;Автово;Veren Village Стрельна
Мир Квартир Элит;real_estate_agent;https://spb.cian.ru/sale/flat/283949328/;Санкт-Петербург;sale;flat;12;14;4;87.0;22000000;Невский;Октябрьская набережная;34к2;Новочеркасская;Pulse на набережной
Эталон СПБ;developer;https://spb.cian.ru/sale/flat/298657996/;Санкт-Петербург;sale;flat;4;7;4;180.4;102579644;Петроградский;проезд Петровская коса;6к1;Крестовский остров;Петровская Доминанта
Владис Аврора;real_estate_agent;https://spb.cian.ru/sale/flat/296426270/;Санкт-Петербург;sale;flat;9;9;4;73.5;11500000;Выборгский;Поэтический бульвар;5;Проспект Просвещения;
VEREN GROUP;developer;https://spb.cian.ru/sale/flat/285685242/;Санкт-Петербург;sale;flat;1;3;4;123.1;23774543;Петродворцовый;Красносельское шоссе;22;Ленинский проспект;Veren Village Стрельна
ТРЕНД;real_estate_agent;https://spb.cian.ru/sale/flat/291732092/;Санкт-Петербург;sale;flat;21;22;4;85.0;17700000;Приморский;Лыжный переулок;4к3;Беговая;Геометрия
BEYOND. ex-Engel Volkers;representative_developer;https://spb.cian.ru/sale/flat/244728468/;Санкт-Петербург;sale;flat;3;3;4;230.0;188600000;Петроградский;Санаторная аллея;3;Черная речка;Del Arte
АЛЕКСАНДР-НЕДВИЖИМОСТЬ;real_estate_agent;https://spb.cian.ru/sale/flat/270992717/;Санкт-Петербург;sale;flat;4;5;4;86.0;14200000;Кировский; Маринеско;1;Автово;
ЛСР Санкт-Петербург;developer;https://spb.cian.ru/sale/flat/294545861/;Санкт-Петербург;sale;flat;7;7;4;201.8;120373700;Петроградский;Петровский проспект;11к3;Спортивная;Neva Haus
Экотон;real_estate_agent;https://spb.cian.ru/sale/flat/291322758/;Санкт-Петербург;sale;flat;3;6;4;85.2;17500000;Адмиралтейский;Подольская ;45;Технологический институт;
Самолет;developer;https://spb.cian.ru/sale/flat/292860798/;Санкт-Петербург;sale;flat;7;8;4;69.26;14127159;Курортный;;582;Парнас;Курортный квартал ЖК
Владис Центральный;real_estate_agent;https://spb.cian.ru/sale/flat/293373912/;Санкт-Петербург;sale;flat;5;5;4;104.0;18500000;Центральный;Загородный проспект;9;Достоевская;
VEREN GROUP;developer;https://spb.cian.ru/sale/flat/285685210/;Санкт-Петербург;sale;flat;1;3;4;113.5;21920476;Петродворцовый;Красносельское шоссе;22;Проспект Ветеранов;Veren Village Стрельна
Владис Центральный;real_estate_agent;https://spb.cian.ru/sale/flat/293269387/;Санкт-Петербург;sale;flat;5;7;4;99.5;16000000;Центральный;9-я Советская ;39/24;Владимирская;
Element Development;developer;https://spb.cian.ru/sale/flat/295410530/;Санкт-Петербург;sale;flat;3;8;4;384.72;281331694;Петроградский;Петровский;;Чкаловская;17/33 Петровский остров
Мир Квартир Элит;real_estate_agent;https://spb.cian.ru/sale/flat/295157847/;Санкт-Петербург;sale;flat;2;3;4;100.2;18500000;Петродворцовый;Красносельское шоссе;22;Автово;Veren Village Стрельна
ЛСР Санкт-Петербург;developer;https://spb.cian.ru/sale/flat/299550782/;Санкт-Петербург;sale;flat;14;14;4;107.2;27293120;Василеостровский;набережная Миклухо-Маклая;1к1;Горный институт;Морская набережная. SeaView
Владис Центральный;real_estate_agent;https://spb.cian.ru/sale/flat/298048287/;Санкт-Петербург;sale;flat;5;9;4;73.0;10100000;Выборгский;Суздальский проспект;9;Проспект Просвещения;
ЛСР Санкт-Петербург;developer;https://spb.cian.ru/sale/flat/294545925/;Санкт-Петербург;sale;flat;3;9;4;144.2;44702000;Петроградский;Петровский проспект;11к3;Спортивная;Neva Haus
Колвэй;real_estate_agent;https://spb.cian.ru/sale/flat/280798559/;Санкт-Петербург;sale;flat;3;3;4;225.0;27000000;Курортный; Коробицына;2Т;Беговая;
Петербургская Строительная Компания;developer;https://spb.cian.ru/sale/flat/293263912/;Санкт-Петербург;sale;flat;8;9;4;173.68;67887536;Центральный;проспект Бакунина;;Площадь Восстания;Bakunina 33
Мир Квартир Элит;real_estate_agent;https://spb.cian.ru/sale/flat/293738865/;Санкт-Петербург;sale;flat;5;5;4;160.0;48000000;Петроградский; Ленина;8;Горьковская;
Эталон СПБ;developer;https://spb.cian.ru/sale/flat/298657997/;Санкт-Петербург;sale;flat;5;7;4;216.7;137459268;Петроградский;проезд Петровская коса;6к1;Крестовский остров;Петровская Доминанта
Владис Центральный;real_estate_agent;https://spb.cian.ru/sale/flat/297701760/;Санкт-Петербург;sale;flat;1;4;4;72.0;16700000;Центральный;Фурштатская ;3;Чернышевская;
ГлавстройСПб;developer;https://spb.cian.ru/sale/flat/297361728/;Санкт-Петербург;sale;flat;2;23;4;108.93;19277544;Приморский; Ивинская;1к1;Зенит;ПАРК-КВАРТАЛ Юнтолово
Владис Аврора;real_estate_agent;https://spb.cian.ru/sale/flat/299247319/;Санкт-Петербург;sale;flat;4;5;4;49.1;7300000;Фрунзенский; Белы Куна;7К3;Международная;
Element Development;developer;https://spb.cian.ru/sale/flat/295410532/;Санкт-Петербург;sale;flat;5;8;4;386.13;362945018;Петроградский;Петровский;;Чкаловская;17/33 Петровский остров
Мир Квартир Элит;real_estate_agent;https://spb.cian.ru/sale/flat/295926570/;Санкт-Петербург;sale;flat;25;25;4;110.0;30000000;Калининский; Брянцева;13к1;Гражданский проспект;Дом на проспекте Просвещения
Альфа Фаберже;developer;https://spb.cian.ru/sale/flat/280459354/;Санкт-Петербург;sale;flat;8;8;4;125.43;112887000;Петроградский;набережная Реки Карповки;27;Петроградская;Клубный дом MELTZER HALL
Мир квартир элит Крестовский;real_estate_agent;https://spb.cian.ru/sale/flat/294259195/;Санкт-Петербург;sale;flat;4;5;4;121.9;23300000;Василеостровский;17-я Васильевского острова линия;70/12;Василеостровская;
ЛСР Санкт-Петербург;developer;https://spb.cian.ru/sale/flat/294546022/;Санкт-Петербург;sale;flat;2;8;4;203.6;69834800;Петроградский;Петровский проспект;11к2;Крестовский остров;Neva Haus
Мир Квартир Элит;real_estate_agent;https://spb.cian.ru/sale/flat/295067905/;Санкт-Петербург;sale;flat;5;5;4;102.0;25000000;Адмиралтейский; Декабристов;18;Садовая;
ЛСР Санкт-Петербург;developer;https://spb.cian.ru/sale/flat/294545805/;Санкт-Петербург;sale;flat;3;9;4;159.0;67734000;Петроградский;Петровский проспект;11к3;Спортивная;Neva Haus
Владис Центральный;real_estate_agent;https://spb.cian.ru/sale/flat/292857915/;Санкт-Петербург;sale;flat;5;6;4;83.4;10400000;Пушкинский; Ростовская;1;;
ЛСР Санкт-Петербург;developer;https://spb.cian.ru/sale/flat/299324618/;Санкт-Петербург;sale;flat;2;8;4;178.4;71360000;Петроградский;Петровский проспект;11к3;Спортивная;Neva Haus
АЛЕКСАНДР-НЕДВИЖИМОСТЬ;real_estate_agent;https://spb.cian.ru/sale/flat/289529324/;Санкт-Петербург;sale;flat;6;7;4;115.8;19050000;Василеостровский;16-я Васильевского острова линия;35Б;Василеостровская;
Альфа Фаберже;developer;https://spb.cian.ru/sale/flat/280459377/;Санкт-Петербург;sale;flat;4;8;4;204.36;106267200;Петроградский;набережная Реки Карповки;27;Петроградская;Клубный дом MELTZER HALL
Мир Квартир Элит;real_estate_agent;https://spb.cian.ru/sale/flat/295034200/;Санкт-Петербург;sale;flat;5;5;4;117.0;23000000;Петроградский;Лахтинская ;28;Чкаловская;
ЛСР Санкт-Петербург;developer;https://spb.cian.ru/sale/flat/294545876/;Санкт-Петербург;sale;flat;7;7;4;203.4;121328100;Петроградский;Петровский проспект;11к3;Спортивная;Neva Haus
Владис Центральный;real_estate_agent;https://spb.cian.ru/sale/flat/296326762/;Санкт-Петербург;sale;flat;3;5;4;100.0;18000000;Калининский; Комсомола;17;Площадь Ленина;
Альфа Фаберже;developer;https://spb.cian.ru/sale/flat/280459442/;Санкт-Петербург;sale;flat;7;8;4;174.12;125366400;Петроградский;набережная Реки Карповки;27;Петроградская;Клубный дом MELTZER HALL
Мир Квартир Элит;real_estate_agent;https://spb.cian.ru/sale/flat/290781046/;Санкт-Петербург;sale;flat;4;5;4;196.3;31000000;Курортный; Николая Соколова;31;Беговая;
ЛСР Санкт-Петербург;developer;https://spb.cian.ru/sale/flat/294545798/;Санкт-Петербург;sale;flat;8;9;4;173.7;83410740;Петроградский;Петровский проспект;11к3;Спортивная;Neva Haus
Первое Красносельское;real_estate_agent;https://spb.cian.ru/sale/flat/296955386/;Санкт-Петербург;sale;flat;4;4;4;85.7;17500000;Василеостровский;12-я Васильевского острова линия;55/20;Василеостровская;
Балтийская жемчужина;developer;https://spb.cian.ru/sale/flat/297300190/;Санкт-Петербург;sale;flat;1;8;4;149.4;42139764;Красносельский;проспект Патриотов;33;;Riviera club
АЛЕКСАНДР-НЕДВИЖИМОСТЬ;real_estate_agent;https://spb.cian.ru/sale/flat/286019442/;Санкт-Петербург;sale;flat;15;16;4;119.7;21000000;Московский; Ленсовета;90;Звездная;
ЛСР Санкт-Петербург;developer;https://spb.cian.ru/sale/flat/298366956/;Санкт-Петербург;sale;flat;9;9;4;146.3;60076632;Петроградский;Петровский проспект;9к2;Спортивная;Neva Haus
ТРЕНД;real_estate_agent;https://spb.cian.ru/sale/flat/294420801/;Санкт-Петербург;sale;flat;13;16;4;153.09;28600000;Красногвардейский; Маршала Тухачевского;13;Ладожская;
ЛСР Санкт-Петербург;developer;https://spb.cian.ru/sale/flat/294545780/;Санкт-Петербург;sale;flat;3;9;4;176.7;73683900;Петроградский;Петровский проспект;11к3;Спортивная;Neva Haus
Владис Аврора;real_estate_agent;https://spb.cian.ru/sale/flat/295039262/;Санкт-Петербург;sale;flat;1;9;4;75.7;10800000;Красногвардейский;Ириновский проспект;17К3;Улица Дыбенко;
Альфа Фаберже;developer;https://spb.cian.ru/sale/flat/288819509/;Санкт-Петербург;sale;flat;5;8;4;205.89;115298400;Петроградский;набережная Реки Карповки;27;Петроградская;Клубный дом MELTZER HALL
ЦАРСКОСЕЛЬСКИЙ ДОМ;real_estate_agent;https://spb.cian.ru/sale/flat/274757002/;Санкт-Петербург;sale;flat;2;3;4;100.9;13499000;Колпинский;набережная Комсомольского Канала;24/1;Шушары;
Element Development;developer;https://spb.cian.ru/sale/flat/295532233/;Санкт-Петербург;sale;flat;3;8;4;156.96;114779119;Петроградский;Петровский;;Чкаловская;17/33 Петровский остров
Владис Аврора;real_estate_agent;https://spb.cian.ru/sale/flat/292699650/;Санкт-Петербург;sale;flat;2;7;4;189.9;28000000;Петроградский;набережная Реки Карповки;30;Петроградская;
ЛСР Санкт-Петербург;developer;https://spb.cian.ru/sale/flat/294545801/;Санкт-Петербург;sale;flat;1;9;4;159.6;58254000;Петроградский;Петровский проспект;11к3;Спортивная;Neva Haus
Первое Агентство Недвижимости;real_estate_agent;https://spb.cian.ru/sale/flat/299463229/;Санкт-Петербург;sale;flat;10;11;4;170.0;38000000;Приморский;Северо-Приморская часть исторический район;;Беговая;
ЛСР Санкт-Петербург;developer;https://spb.cian.ru/sale/flat/294545806/;Санкт-Петербург;sale;flat;3;9;4;201.4;77136200;Петроградский;Петровский проспект;11к3;Спортивная;Neva Haus
ТРЕНД;real_estate_agent;https://spb.cian.ru/sale/flat/297766741/;Санкт-Петербург;sale;flat;5;9;4;76.0;10700000;Фрунзенский;Софийская ;29К1;Международная;
Эталон СПБ;developer;https://spb.cian.ru/sale/flat/298658060/;Санкт-Петербург;sale;flat;2;9;4;183.8;69079066;Петроградский;проезд Петровская коса;6к1;Крестовский остров;Петровская Доминанта
Владис Центральный;real_estate_agent;https://spb.cian.ru/sale/flat/293264517/;Санкт-Петербург;sale;flat;3;9;4;94.51;12500000;Колпинский;Загородная ;43к5;;Новое Колпино
Весь Петербург;real_estate_agent;https://spb.cian.ru/sale/flat/292369003/;Санкт-Петербург;sale;flat;6;7;4;93.0;16300000;Василеостровский;18-я Васильевского острова линия;25;Василеостровская;
Экотон;real_estate_agent;https://spb.cian.ru/sale/flat/292452136/;Санкт-Петербург;sale;flat;12;25;4;116.5;16400000;Красносельский;Ленинский проспект;51;Ленинский проспект;
Владис Северо-Запад;real_estate_agent;https://spb.cian.ru/sale/flat/292543409/;Санкт-Петербург;sale;flat;2;6;4;109.4;18700000;Невский;Ивановская ;13;Ломоносовская;
Владис Аврора;real_estate_agent;https://spb.cian.ru/sale/flat/291486836/;Санкт-Петербург;sale;flat;4;4;4;91.0;18950000;Пушкинский; Гренадерская;12к2;;
Владис Центральный;real_estate_agent;https://spb.cian.ru/sale/flat/298746017/;Санкт-Петербург;sale;flat;4;6;4;117.1;19600000;Центральный;Тележная ;26-28;Площадь Восстания;
АЛЕКСАНДР-НЕДВИЖИМОСТЬ;real_estate_agent;https://spb.cian.ru/sale/flat/286545056/;Санкт-Петербург;sale;flat;5;5;4;89.6;20700000;Московский;Благодатная ;28;Электросила;
Владис Аврора;real_estate_agent;https://spb.cian.ru/sale/flat/277011997/;Санкт-Петербург;sale;flat;1;5;4;82.9;21000000;Василеостровский;5-я Васильевского острова линия;4;Василеостровская;
ID 44026600;realtor;https://spb.cian.ru/sale/flat/296563183/;Санкт-Петербург;sale;flat;2;4;4;138.0;21500000;Центральный;Моховая ;30;;
ID 45353666;homeowner;https://spb.cian.ru/sale/flat/273493241/;Санкт-Петербург;sale;flat;2;6;4;114.0;22000000;Центральный;Невский проспект;131;Площадь Александра Невского;
Владис Аврора;real_estate_agent;https://spb.cian.ru/sale/flat/291314572/;Санкт-Петербург;sale;flat;2;7;4;113.6;22500000;Центральный;Свечной переулок;27;Лиговский проспект;
Владис Центральный;real_estate_agent;https://spb.cian.ru/sale/flat/298485532/;Санкт-Петербург;sale;flat;2;5;4;110.0;22490000;Василеостровский;проспект Малый Васильевского острова;14;Спортивная;
ТВОЁ ПРОСТРАНСТВО;real_estate_agent;https://spb.cian.ru/sale/flat/266290375/;Санкт-Петербург;sale;flat;3;3;4;135.0;22400000;Петроградский;проспект Большой Петроградской стороны;30;Чкаловская;
Владис Центральный;real_estate_agent;https://spb.cian.ru/sale/flat/297963579/;Санкт-Петербург;sale;flat;6;7;4;133.1;22400000;Центральный;Свечной переулок;27;Лиговский проспект;
Экотон;real_estate_agent;https://spb.cian.ru/sale/flat/287302394/;Санкт-Петербург;sale;flat;9;10;4;116.0;22900000;Калининский;Политехническая ;17К1;Площадь Мужества;
ТРЕНД;real_estate_agent;https://spb.cian.ru/sale/flat/298526638/;Санкт-Петербург;sale;flat;6;6;4;145.8;23000000;Петроградский; Куйбышева;36;Горьковская;
Торговый дом недвижимости;real_estate_agent;https://spb.cian.ru/sale/flat/297774493/;Санкт-Петербург;sale;flat;1;6;4;130.0;23500000;Адмиралтейский;набережная Реки Фонтанки;165;Балтийская;
Мир квартир элит Крестовский;real_estate_agent;https://spb.cian.ru/sale/flat/295728289/;Санкт-Петербург;sale;flat;3;4;4;151.4;23500000;Адмиралтейский;Садовая ;56;Садовая;
Lange and Smith;real_estate_agent;https://spb.cian.ru/sale/flat/291838231/;Санкт-Петербург;sale;flat;4;12;4;129.45;26293815;Приморский;Белоостровская ;7;Лесная;
ID 106583611;homeowner;https://spb.cian.ru/sale/flat/291550931/;Санкт-Петербург;sale;flat;3;5;4;95.6;27400000;Петроградский; Куйбышева;23;Горьковская;
ID 93320689;unknown;https://spb.cian.ru/sale/flat/299249709/;Санкт-Петербург;sale;flat;5;5;4;100.3;28000000;Центральный; Ломоносова;20;Достоевская;
Мир Квартир Элит;real_estate_agent;https://spb.cian.ru/sale/flat/293521801/;Санкт-Петербург;sale;flat;23;23;4;101.3;28200000;Калининский;Пискарёвка;5к8;Лесная;Калина-Парк II
АЛЕКСАНДР-НЕДВИЖИМОСТЬ;real_estate_agent;https://spb.cian.ru/sale/flat/289479283/;Санкт-Петербург;sale;flat;13;24;4;148.9;28800000;Калининский;Гражданский проспект;36;Академическая;Новая Гражданка
Мир Квартир Элит;real_estate_agent;https://spb.cian.ru/sale/flat/296686971/;Санкт-Петербург;sale;flat;2;5;4;101.5;28900000;Центральный;Тульская ;9;Чернышевская;
АЛЕКСАНДР-НЕДВИЖИМОСТЬ;real_estate_agent;https://spb.cian.ru/sale/flat/262743416/;Санкт-Петербург;sale;flat;1;6;4;93.1;29900000;Центральный;Кирочная ;32-34;Чернышевская;
ТРЕНД;real_estate_agent;https://spb.cian.ru/sale/flat/295052109/;Санкт-Петербург;sale;flat;2;3;4;126.0;30900000;Красносельский;Петергофское шоссе;76к13;Ленинский проспект;
Мир Квартир Элит;real_estate_agent;https://spb.cian.ru/sale/flat/297173416/;Санкт-Петербург;sale;flat;9;11;4;114.0;34900000;Московский;Сызранская ;23;Электросила;iD Park Pobedy
ID 111935039;homeowner;https://spb.cian.ru/sale/flat/296993470/;Санкт-Петербург;sale;flat;15;16;4;220.0;34999999;Выборгский;проспект Просвещения;14к4;Проспект Просвещения;
Владис Центральный;real_estate_agent;https://spb.cian.ru/sale/flat/297471842/;Санкт-Петербург;sale;flat;4;6;4;126.0;36800000;Василеостровский;6-я Васильевского острова линия;43;Василеостровская;
Golden Home;real_estate_agent;https://spb.cian.ru/sale/flat/293311236/;Санкт-Петербург;sale;flat;5;5;4;148.4;37500000;Центральный; Рылеева;10;Чернышевская;
Мир Квартир Элит;real_estate_agent;https://spb.cian.ru/sale/flat/294314170/;Санкт-Петербург;sale;flat;4;4;4;157.9;37850000;Адмиралтейский;Большая Морская ;31;Адмиралтейская;
Мир Квартир Элит;real_estate_agent;https://spb.cian.ru/sale/flat/287265523/;Санкт-Петербург;sale;flat;4;4;4;170.9;38850000;Адмиралтейский;Большая Морская ;31;Адмиралтейская;
Мир квартир элит Крестовский;real_estate_agent;https://spb.cian.ru/sale/flat/299064807/;Санкт-Петербург;sale;flat;5;8;4;120.0;39900000;Петроградский;Петровский проспект;11к2;Крестовский остров;Neva Haus
Мир квартир элит Крестовский;real_estate_agent;https://spb.cian.ru/sale/flat/294168068/;Санкт-Петербург;sale;flat;8;26;4;145.1;39900000;Приморский;Коломяжский проспект;20;Пионерская;Богатырский 2
CENTURY 21 Capital Petersburg;real_estate_agent;https://spb.cian.ru/sale/flat/298297162/;Санкт-Петербург;sale;flat;10;21;4;120.6;42000000;Василеостровский; Челюскина;8;Приморская;Golden City
CENTURY 21 Capital Petersburg;real_estate_agent;https://spb.cian.ru/sale/flat/298297156/;Санкт-Петербург;sale;flat;15;21;4;120.5;42000000;Василеостровский; Челюскина;8;Приморская;Golden City
INFULL;real_estate_agent;https://spb.cian.ru/sale/flat/297550138/;Санкт-Петербург;sale;flat;10;13;4;116.0;44500000;Приморский;Приморский проспект;62к1;Беговая;Три ветра
Владис Центральный;real_estate_agent;https://spb.cian.ru/sale/flat/299410581/;Санкт-Петербург;sale;flat;2;8;4;122.0;44500000;Адмиралтейский;набережная Обводного Канала;106;Фрунзенская;Московский, 65
ID 94577122;homeowner;https://spb.cian.ru/sale/flat/291527837/;Санкт-Петербург;sale;flat;3;4;4;150.0;46000000;Василеостровский;8-я Васильевского острова линия;15;Василеостровская;
Мир Квартир Элит;real_estate_agent;https://spb.cian.ru/sale/flat/285382250/;Санкт-Петербург;sale;flat;5;14;4;187.0;49000000;Красногвардейский;Свердловская набережная;58;Площадь Ленина;Платинум
Будь первым;real_estate_agent;https://spb.cian.ru/sale/flat/291330843/;Санкт-Петербург;sale;flat;3;8;4;137.0;54000000;Петроградский; Графтио;5;Петроградская;
Мир Квартир Элит;real_estate_agent;https://spb.cian.ru/sale/flat/297246884/;Санкт-Петербург;sale;flat;5;5;4;135.0;55000000;Центральный;Смольный проспект;7;Чернышевская;
Роман Хазин;realtor;https://spb.cian.ru/sale/flat/298926000/;Санкт-Петербург;sale;flat;6;10;4;162.7;59700000;Петроградский;набережная Реки Карповки;10;Петроградская;
Мир квартир элит Крестовский;real_estate_agent;https://spb.cian.ru/sale/flat/295993566/;Санкт-Петербург;sale;flat;7;7;4;133.7;60200000;Центральный;Стремянная ;15/1;Маяковская;Дворцовая слобода
Мир Квартир Элит;real_estate_agent;https://spb.cian.ru/sale/flat/292624048/;Санкт-Петербург;sale;flat;4;5;4;166.9;67000000;Центральный;Большая Конюшенная ;13;Невский проспект;
Мир Квартир Элит;real_estate_agent;https://spb.cian.ru/sale/flat/291595398/;Санкт-Петербург;sale;flat;4;6;4;196.7;71000000;Центральный;Таврическая ;1;Маяковская;
Мир Квартир Элит;real_estate_agent;https://spb.cian.ru/sale/flat/285834848/;Санкт-Петербург;sale;flat;4;6;4;196.9;73000000;Центральный;набережная Канала Грибоедова;19;Невский проспект;
Мир Квартир Элит;real_estate_agent;https://spb.cian.ru/sale/flat/268787095/;Санкт-Петербург;sale;flat;4;8;4;184.2;75900000;Петроградский;Каменноостровский проспект;64К2;Петроградская;Каменноостровский, 64
Алёна Осипова;realtor;https://spb.cian.ru/sale/flat/285240927/;Санкт-Петербург;sale;flat;1;8;4;255.3;78000000;Василеостровский;20-я Васильевского острова линия;5;Горный институт;Маленькая Франция
Мир Квартир Элит;real_estate_agent;https://spb.cian.ru/sale/flat/291253661/;Санкт-Петербург;sale;flat;5;7;4;146.0;80385000;Центральный;Таврическая ;37;Чернышевская;
Мир Квартир Элит;real_estate_agent;https://spb.cian.ru/sale/flat/295061211/;Санкт-Петербург;sale;flat;1;5;4;149.7;85500000;Петроградский;Морской проспект;11;Крестовский остров;
Мир Квартир Элит;real_estate_agent;https://spb.cian.ru/sale/flat/270887431/;Санкт-Петербург;sale;flat;2;7;4;241.8;99000000;Петроградский;Морской проспект;33;Крестовский остров;Морской 33
Мир Квартир Элит;real_estate_agent;https://spb.cian.ru/sale/flat/295292042/;Санкт-Петербург;sale;flat;2;4;4;170.0;99000000;Центральный;Итальянская ;12Е;Гостиный двор;
Мир Квартир Элит;real_estate_agent;https://spb.cian.ru/sale/flat/297163040/;Санкт-Петербург;sale;flat;5;5;4;235.4;115000000;Центральный;Большая Конюшенная ;13;Гостиный двор;
Владис Аврора;real_estate_agent;https://spb.cian.ru/sale/flat/284332202/;Санкт-Петербург;sale;flat;3;5;4;186.1;120000000;Центральный;Невский проспект;88;Маяковская;
Мир Квартир Элит;real_estate_agent;https://spb.cian.ru/sale/flat/294294743/;Санкт-Петербург;sale;flat;2;2;4;160.0;150000000;Адмиралтейский;Почтамтская ;12;Адмиралтейская;
Мир Квартир Элит;real_estate_agent;https://spb.cian.ru/sale/flat/264558452/;Санкт-Петербург;sale;flat;5;5;4;260.0;157500000;Центральный;Большая Конюшенная ;13;Невский проспект;
Мир квартир элит Крестовский;real_estate_agent;https://spb.cian.ru/sale/flat/295932765/;Санкт-Петербург;sale;flat;1;6;4;199.8;220000000;Петроградский;Спортивная ;2;Крестовский остров;Крестовский de luxe
Владис Аврора;real_estate_agent;https://spb.cian.ru/sale/flat/298636537/;Санкт-Петербург;sale;flat;5;5;-1;121.4;3200000;Центральный;Мучной переулок;3;Сенная площадь;
Владис Север;real_estate_agent;https://spb.cian.ru/sale/flat/298976691/;Санкт-Петербург;sale;flat;1;6;-1;109.1;3300000;Адмиралтейский;Верейская ;46;Пушкинская;
Владис Аврора;real_estate_agent;https://spb.cian.ru/sale/flat/299479271/;Санкт-Петербург;sale;flat;3;8;-1;84.0;4650000;Василеостровский;12-я Васильевского острова линия;53;Василеостровская;
Адресат;real_estate_agent;https://spb.cian.ru/sale/flat/289199814/;Санкт-Петербург;sale;flat;4;5;-1;56.0;5100000;Василеостровский;проспект Малый Васильевского острова;24;;
Марина Семенцова;realtor;https://spb.cian.ru/sale/flat/294738086/;Санкт-Петербург;sale;flat;5;5;4;49.5;5790000;Кировский; Лени Голикова;23К4;Ленинский проспект;
Адвекс;real_estate_agent;https://spb.cian.ru/sale/flat/294872755/;Санкт-Петербург;sale;flat;5;5;4;47.3;5800000;Колпинский; Танкистов;16;Купчино;
Будь первым;real_estate_agent;https://spb.cian.ru/sale/flat/292229475/;Санкт-Петербург;sale;flat;5;5;4;49.0;5900000;Колпинский; Танкистов;30;Шушары;
ПРОСПЕКТ;real_estate_agent;https://spb.cian.ru/sale/flat/296523229/;Санкт-Петербург;sale;flat;5;5;4;49.0;6000000;Кировский; Бурцева;13;Ленинский проспект;
Ампир Недвижимость;real_estate_agent;https://spb.cian.ru/sale/flat/269032512/;Санкт-Петербург;sale;flat;1;5;4;49.1;6100000;Колпинский;Пролетарская ;77;Шушары;
Бастион. Кронштадт;real_estate_agent;https://spb.cian.ru/sale/flat/290748961/;Санкт-Петербург;sale;flat;1;5;4;49.0;6100000;Кировский; Лени Голикова;21;Проспект Ветеранов;
Городская Недвижимость;real_estate_agent;https://spb.cian.ru/sale/flat/295931193/;Санкт-Петербург;sale;flat;3;5;4;48.2;6450000;Кировский;Трамвайный проспект;9К1;Ленинский проспект;
Городская Недвижимость;real_estate_agent;https://spb.cian.ru/sale/flat/295365610/;Санкт-Петербург;sale;flat;3;5;4;49.1;6400000;Кировский;проспект Народного ополчения;29;Ленинский проспект;
Александра Яцкевич;realtor;https://spb.cian.ru/sale/flat/298071292/;Санкт-Петербург;sale;flat;5;5;4;49.3;6400000;Кировский;Трамвайный проспект;27К2;Ленинский проспект;
KTM;real_estate_agent;https://spb.cian.ru/sale/flat/298935387/;Санкт-Петербург;sale;flat;3;5;4;48.0;6500000;Кировский;Трамвайный проспект;9К1;;
СТАТУС;real_estate_agent;https://spb.cian.ru/sale/flat/296573117/;Санкт-Петербург;sale;flat;4;5;4;48.6;6500000;Кировский; Бурцева;14;Ленинский проспект;
НЕСКУЧНЫЙ САД - офис Петроградский;real_estate_agent;https://spb.cian.ru/sale/flat/299338676/;Санкт-Петербург;sale;flat;5;5;4;49.0;6590000;Кировский;Дачный проспект;16К2;Проспект Ветеранов;
МАКРОМИР НЕДВИЖИМОСТЬ;real_estate_agent;https://spb.cian.ru/sale/flat/299281335/;Санкт-Петербург;sale;flat;4;5;4;48.9;6550000;Московский; Костюшко;64;Московская;
ПРОСПЕКТ;real_estate_agent;https://spb.cian.ru/sale/flat/295935155/;Санкт-Петербург;sale;flat;3;5;4;48.6;6600000;Кировский; Бурцева;11;Ленинский проспект;
АЛЕКСАНДР-НЕДВИЖИМОСТЬ;real_estate_agent;https://spb.cian.ru/sale/flat/298223248/;Санкт-Петербург;sale;flat;3;5;4;48.2;6670000;Кировский;Трамвайный проспект;9К1;Ленинский проспект;
КАПИТАЛ;real_estate_agent;https://spb.cian.ru/sale/flat/294138365/;Санкт-Петербург;sale;flat;4;5;4;48.2;6750000;Кировский; Червонного Казачества;20;Автово;
Семья;real_estate_agent;https://spb.cian.ru/sale/flat/298253737/;Санкт-Петербург;sale;flat;5;6;4;47.9;6750000;Кировский;Краснопутиловская ;55;Автово;
ХэштегриэлТ;real_estate_agent;https://spb.cian.ru/sale/flat/293954983/;Санкт-Петербург;sale;flat;4;5;4;59.4;6800000;Колпинский;Пролетарская ;83;Шушары;
АДРЕСАТ;real_estate_agent;https://spb.cian.ru/sale/flat/280333052/;Санкт-Петербург;sale;flat;4;5;4;49.0;6890000;Кировский;бульвар Новаторов;20;;
MARINOVA estate;real_estate_agent;https://spb.cian.ru/sale/flat/296225752/;Санкт-Петербург;sale;flat;5;5;4;48.81;6800000;Московский; Костюшко;9;Московская;
ИП Шутикова Е. С.;real_estate_agent;https://spb.cian.ru/sale/flat/292265872/;Санкт-Петербург;sale;flat;3;5;4;49.6;6850000;Кировский;проспект Стачек;220К2;Ленинский проспект;
Адвекс;real_estate_agent;https://spb.cian.ru/sale/flat/293548171/;Санкт-Петербург;sale;flat;2;5;4;49.5;6850000;Кировский;проспект Маршала Жукова;56К9;Проспект Ветеранов;
Татьяна Пруткова;realtor;https://spb.cian.ru/sale/flat/293955544/;Санкт-Петербург;sale;flat;2;5;4;63.0;6800000;Петродворцовый;Кронштадтская ;4;;
Олеся Болдырева;realtor;https://spb.cian.ru/sale/flat/297421368/;Санкт-Петербург;sale;flat;4;5;4;49.3;6900000;Кировский; Бурцева;3;Ленинский проспект;
Роман Насибулин;realtor;https://spb.cian.ru/sale/flat/299632486/;Санкт-Петербург;sale;flat;4;5;4;60.0;6950000;Колпинский;Пролетарская ;99;Шушары;
Панорама;real_estate_agent;https://spb.cian.ru/sale/flat/294342723/;Санкт-Петербург;sale;flat;1;5;4;49.0;7100000;Кировский;проспект Народного ополчения;121;Проспект Ветеранов;
ТРЕНД;real_estate_agent;https://spb.cian.ru/sale/flat/299297347/;Санкт-Петербург;sale;flat;4;5;4;48.7;7200000;Кировский;Краснопутиловская ;43;Автово;
АТЛАНТ;real_estate_agent;https://spb.cian.ru/sale/flat/294954614/;Санкт-Петербург;sale;flat;4;5;4;48.8;7200000;Кировский;проспект Маршала Жукова;56К6;Ленинский проспект;
Вадим Тукмаков;realtor;https://spb.cian.ru/sale/flat/297413403/;Санкт-Петербург;sale;flat;3;9;4;68.3;7189000;Красносельский;Кингисеппское шоссе;10к1;;
Панорама;real_estate_agent;https://spb.cian.ru/sale/flat/276828574/;Санкт-Петербург;sale;flat;3;5;4;54.0;7300000;Красносельский; Тамбасова;25К1;Проспект Ветеранов;
ЮСОН;real_estate_agent;https://spb.cian.ru/sale/flat/293870127/;Санкт-Петербург;sale;flat;4;5;4;49.1;7300000;Фрунзенский; Белы Куна;7К3;Международная;
ЮСОН;real_estate_agent;https://spb.cian.ru/sale/flat/291598974/;Санкт-Петербург;sale;flat;4;5;4;48.7;7300000;Кировский; Бурцева;15;;
Масштаб Центр недвижимости;real_estate_agent;https://spb.cian.ru/sale/flat/273808799/;Санкт-Петербург;sale;flat;1;5;4;49.0;7500000;Московский; Костюшко;24;Московская;
Zебра;real_estate_agent;https://spb.cian.ru/sale/flat/298819035/;Санкт-Петербург;sale;flat;5;5;4;48.0;7600000;Красносельский;проспект Народного ополчения;241К4;Проспект Ветеранов;
Адвекс;real_estate_agent;https://spb.cian.ru/sale/flat/281298850/;Санкт-Петербург;sale;flat;5;5;4;60.3;7700000;Петродворцовый; Победы;19;;
Панорама;real_estate_agent;https://spb.cian.ru/sale/flat/296440340/;Санкт-Петербург;sale;flat;5;5;4;48.4;7700000;Кировский; Лени Голикова;44;Проспект Ветеранов;
Адвекс;real_estate_agent;https://spb.cian.ru/sale/flat/294909678/;Санкт-Петербург;sale;flat;5;5;4;48.9;7777000;Кировский;проспект Ветеранов;17;Проспект Ветеранов;
Владис Аврора;real_estate_agent;https://spb.cian.ru/sale/flat/294370852/;Санкт-Петербург;sale;flat;4;5;4;59.5;7990000;Кировский;проспект Стачек;220К2;Проспект Ветеранов;
ЮСОН;real_estate_agent;https://spb.cian.ru/sale/flat/292976950/;Санкт-Петербург;sale;flat;5;5;4;49.0;7900000;Московский; Костюшко;64;Московская;
Capital-Estate;real_estate_agent;https://spb.cian.ru/sale/flat/299467117/;Санкт-Петербург;sale;flat;2;5;4;49.4;8000000;Московский; Костюшко;15;Московская;
ПРОнедвижимость;real_estate_agent;https://spb.cian.ru/sale/flat/288758716/;Санкт-Петербург;sale;flat;4;5;4;59.6;8100000;Кировский;бульвар Новаторов;90;Проспект Ветеранов;
Будь первым;real_estate_agent;https://spb.cian.ru/sale/flat/298570625/;Санкт-Петербург;sale;flat;2;7;-1;129.0;8050000;Василеостровский;18-я Васильевского острова линия;23;Горный институт;
Алексей Рыбин;realtor;https://spb.cian.ru/sale/flat/298924600/;Санкт-Петербург;sale;flat;1;9;4;72.5;8200000;Колпинский;Тверская ;48;Шушары;
Алькор;real_estate_agent;https://spb.cian.ru/sale/flat/299246025/;Санкт-Петербург;sale;flat;3;5;4;59.4;8300000;Кировский;проспект Ветеранов;107;Ленинский проспект;
ЮСОН;real_estate_agent;https://spb.cian.ru/sale/flat/290398045/;Санкт-Петербург;sale;flat;3;5;4;60.0;8300000;Красносельский; Пограничника Гарькавого;46К3;Проспект Ветеранов;
Аристократ;real_estate_agent;https://spb.cian.ru/sale/flat/294140098/;Санкт-Петербург;sale;flat;4;5;4;59.01;8400000;Кировский;проспект Ветеранов;27;Проспект Ветеранов;
Ключ;real_estate_agent;https://spb.cian.ru/sale/flat/291914478/;Санкт-Петербург;sale;flat;1;9;4;73.4;8500000;Колпинский;Заводской проспект;20к3;Шушары;
Zебра;real_estate_agent;https://spb.cian.ru/sale/flat/284953523/;Санкт-Петербург;sale;flat;2;3;4;81.4;8500000;Красносельский;проспект Ленина;61к1;;
Панорама;real_estate_agent;https://spb.cian.ru/sale/flat/299587478/;Санкт-Петербург;sale;flat;1;9;4;74.0;8800000;Приморский;проспект Авиаконструкторов;13;Комендантский проспект;
Адвекс;real_estate_agent;https://spb.cian.ru/sale/flat/292489011/;Санкт-Петербург;sale;flat;1;9;4;73.8;8900000;Невский;проспект Солидарности;9К2;Проспект Большевиков;
Будь первым;real_estate_agent;https://spb.cian.ru/sale/flat/298072946/;Санкт-Петербург;sale;flat;3;4;4;66.5;8900000;Кировский; Метростроевцев;3;Нарвская;
Владис Аврора;real_estate_agent;https://spb.cian.ru/sale/flat/293025492/;Санкт-Петербург;sale;flat;2;5;4;49.3;9000000;Кировский;проспект Ветеранов;18;Проспект Ветеранов;
FisherGroup;real_estate_agent;https://spb.cian.ru/sale/flat/294780857/;Санкт-Петербург;sale;flat;1;3;4;64.4;9000000;Кировский; Трефолева;14;Кировский завод;
Торговый дом недвижимости;real_estate_agent;https://spb.cian.ru/sale/flat/291874363/;Санкт-Петербург;sale;flat;3;9;-1;67.5;9000000;Московский;Новоизмайловский проспект;3;Электросила;
Адмирал;real_estate_agent;https://spb.cian.ru/sale/flat/297797029/;Санкт-Петербург;sale;flat;1;9;4;74.2;9150000;Фрунзенский;Бухарестская ;33К5;;
ID 13735132;real_estate_agent;https://spb.cian.ru/sale/flat/299250455/;Санкт-Петербург;sale;flat;9;9;4;73.3;9300000;Красногвардейский; Передовиков;33К2;Ладожская;
Русский Фонд Недвижимости;real_estate_agent;https://spb.cian.ru/sale/flat/297333772/;Санкт-Петербург;sale;flat;4;4;4;84.5;9500000;Петродворцовый; Красного Флота;1;Проспект Ветеранов;
ДомИн;real_estate_agent;https://spb.cian.ru/sale/flat/296782157/;Санкт-Петербург;sale;flat;1;9;4;76.6;9500000;Выборгский; Шостаковича;1/9;Проспект Просвещения;
Наталья Власова;realtor;https://spb.cian.ru/sale/flat/291256489/;Санкт-Петербург;sale;flat;1;9;4;72.9;9500000;Красногвардейский;Хасанская ;24;;
ТРИАДА;real_estate_agent;https://spb.cian.ru/sale/flat/285022779/;Санкт-Петербург;sale;flat;1;10;4;70.8;9500000;Красносельский; Партизана Германа;18К1;Проспект Ветеранов;
Екатерина Зорина;realtor;https://spb.cian.ru/sale/flat/290971859/;Санкт-Петербург;sale;flat;1;9;4;77.9;9500000;Невский; Дыбенко;12К3;Улица Дыбенко;
ЭВО;real_estate_agent;https://spb.cian.ru/sale/flat/298255018/;Санкт-Петербург;sale;flat;6;9;4;77.7;9700000;Колпинский;Полевая ;14;Рыбацкое;
Петербургский двор;real_estate_agent;https://spb.cian.ru/sale/flat/294365594/;Санкт-Петербург;sale;flat;1;5;4;78.9;9700000;Фрунзенский;Софийская ;40К2;Ломоносовская;
АЛЬЯНС ПЛЮС;real_estate_agent;https://spb.cian.ru/sale/flat/290630898/;Санкт-Петербург;sale;flat;1;5;4;90.4;9900000;Колпинский;Стахановская ;20;Шушары;
ЮСОН;real_estate_agent;https://spb.cian.ru/sale/flat/293974386/;Санкт-Петербург;sale;flat;1;10;4;72.5;9900000;Приморский;Ситцевая ;11К2;Старая Деревня;
Адвекс;real_estate_agent;https://spb.cian.ru/sale/flat/294043575/;Санкт-Петербург;sale;flat;5;9;4;74.2;9990000;Фрунзенский; Белы Куна;27к1;Международная;
Инд. Предприниматели;real_estate_agent;https://spb.cian.ru/sale/flat/298041381/;Санкт-Петербург;sale;flat;4;6;4;69.1;9999999;Адмиралтейский;Курляндская ;22-24Ж;Балтийская;
ПРОСПЕКТ;real_estate_agent;https://spb.cian.ru/sale/flat/298852667/;Санкт-Петербург;sale;flat;1;5;4;66.6;9999999;Московский; Костюшко;70;Московская;
ЭксперТ;real_estate_agent;https://spb.cian.ru/sale/flat/295291476/;Санкт-Петербург;sale;flat;4;9;4;73.0;10000000;Колпинский;Полевая ;25;Рыбацкое;
ДОМЗЕМЛЯ;real_estate_agent;https://spb.cian.ru/sale/flat/292847740/;Санкт-Петербург;sale;flat;1;9;4;72.6;10100000;Калининский;проспект Науки;4К2;Академическая;
НЕВА Недвижимость;real_estate_agent;https://spb.cian.ru/sale/flat/293816839/;Санкт-Петербург;sale;flat;7;9;4;72.2;10200000;Красногвардейский;Ириновский проспект;17К1;Ладожская;
Невский простор;real_estate_agent;https://spb.cian.ru/sale/flat/299224094/;Санкт-Петербург;sale;flat;2;9;4;73.8;10300000;Красносельский; Партизана Германа;33К3;Проспект Ветеранов;
Панорама;real_estate_agent;https://spb.cian.ru/sale/flat/296940810/;Санкт-Петербург;sale;flat;2;9;4;75.0;10300000;Выборгский;проспект Луначарского;62К1;Озерки;
Оксана Карпова;realtor;https://spb.cian.ru/sale/flat/291802618/;Санкт-Петербург;sale;flat;20;26;4;103.6;10300000;Пушкинский;проспект Новгородский;4с1;Звездная;
Русский Фонд Недвижимости;real_estate_agent;https://spb.cian.ru/sale/flat/294701846/;Санкт-Петербург;sale;flat;1;9;4;82.3;10400000;Петродворцовый; Шахматова;4к1;Автово;
Итака;real_estate_agent;https://spb.cian.ru/sale/flat/293687942/;Санкт-Петербург;sale;flat;4;9;4;73.9;10390000;Невский; Подвойского;28к1К;Проспект Большевиков;
Адвекс;real_estate_agent;https://spb.cian.ru/sale/flat/297562458/;Санкт-Петербург;sale;flat;4;5;4;93.0;10400000;Красногвардейский;шоссе Революции;112;Ладожская;
ЦАРСКОСЕЛЬСКИЙ ДОМ;real_estate_agent;https://spb.cian.ru/sale/flat/291410730/;Санкт-Петербург;sale;flat;4;10;4;77.7;10490000;Колпинский;Пролетарская ;54;Шушары;
ЭксперТ;real_estate_agent;https://spb.cian.ru/sale/flat/298391704/;Санкт-Петербург;sale;flat;3;9;4;72.6;10500000;Колпинский;Октябрьская ;67;Шушары;
Гарант-Сервис;real_estate_agent;https://spb.cian.ru/sale/flat/296094167/;Санкт-Петербург;sale;flat;7;10;4;88.0;10500000;Колпинский;Тверская ;33;Шушары;
ПРОФ-Недвижимость;real_estate_agent;https://spb.cian.ru/sale/flat/298741170/;Санкт-Петербург;sale;flat;5;14;4;74.0;10500000;Колпинский;Октябрьская ;61;Шушары;
ЮСОН;real_estate_agent;https://spb.cian.ru/sale/flat/294560963/;Санкт-Петербург;sale;flat;1;9;4;84.0;10600000;Приморский;Серебристый бульвар;34К1;Комендантский проспект;
Панорама;real_estate_agent;https://spb.cian.ru/sale/flat/289460468/;Санкт-Петербург;sale;flat;1;10;4;72.5;10600000;Приморский;проспект Авиаконструкторов;3К2;Комендантский проспект;
ОКТАВА;real_estate_agent;https://spb.cian.ru/sale/flat/296635858/;Санкт-Петербург;sale;flat;4;14;4;74.9;10800000;Выборгский; Композиторов;19;Проспект Просвещения;
Город - М171;real_estate_agent;https://spb.cian.ru/sale/flat/295731181/;Санкт-Петербург;sale;flat;5;9;4;73.4;10800000;Калининский; Академика Байкова;9;Политехническая;
Реал Лидер;real_estate_agent;https://spb.cian.ru/sale/flat/298528487/;Санкт-Петербург;sale;flat;4;9;4;73.4;10900000;Приморский; Шаврова;17;Комендантский проспект;
Консенсус;real_estate_agent;https://spb.cian.ru/sale/flat/292485378/;Санкт-Петербург;sale;flat;9;12;4;107.1;10900000;Пушкинский;Московское шоссе;246;Шушары;
Наталья Морозова;realtor;https://spb.cian.ru/sale/flat/298678583/;Санкт-Петербург;sale;flat;9;9;4;72.0;10900000;Красногвардейский;проспект Ударников;19К3;Улица Дыбенко;
Балтийский берег;real_estate_agent;https://spb.cian.ru/sale/flat/299294720/;Санкт-Петербург;sale;flat;1;9;4;78.1;11000000;Кировский; Стойкости;7;;
ПРОнедвижимость;real_estate_agent;https://spb.cian.ru/sale/flat/297589998/;Санкт-Петербург;sale;flat;1;5;4;91.1;11050000;Красносельский; Добровольцев;52;Проспект Ветеранов;
МАКРОМИР НЕДВИЖИМОСТЬ;real_estate_agent;https://spb.cian.ru/sale/flat/297782860/;Санкт-Петербург;sale;flat;1;9;4;77.6;11000000;Кировский; Генерала Симоняка;7;Проспект Ветеранов;
ВКВАРТИРЕ;real_estate_agent;https://spb.cian.ru/sale/flat/298122386/;Санкт-Петербург;sale;flat;8;9;4;72.8;11000000;Приморский; Маршала Новикова;6К1;Комендантский проспект;
ТРЕНД;real_estate_agent;https://spb.cian.ru/sale/flat/299159449/;Санкт-Петербург;sale;flat;1;9;4;78.1;11000000;Кировский; Стойкости;7;;
Ваш Адрес;real_estate_agent;https://spb.cian.ru/sale/flat/297353025/;Санкт-Петербург;sale;flat;5;10;4;74.0;11200000;Приморский; Шаврова;11;Комендантский проспект;
Будь первым;real_estate_agent;https://spb.cian.ru/sale/flat/296055279/;Санкт-Петербург;sale;flat;8;9;4;77.5;11250000;Невский; Дыбенко;36К1;Улица Дыбенко;
Гарант-Сервис;real_estate_agent;https://spb.cian.ru/sale/flat/294273069/;Санкт-Петербург;sale;flat;4;5;4;104.6;11300000;Колпинский;проспект Ленина;24/8;;
МИР КВАРТИР;real_estate_agent;https://spb.cian.ru/sale/flat/298301196/;Санкт-Петербург;sale;flat;1;10;4;89.2;11500000;Красносельский; Маршала Казакова;38К1;Автово;
Панорама;real_estate_agent;https://spb.cian.ru/sale/flat/294863638/;Санкт-Петербург;sale;flat;1;9;4;76.8;11500000;Выборгский;проспект Энгельса;135;Проспект Просвещения;
Панорама;real_estate_agent;https://spb.cian.ru/sale/flat/299014471/;Санкт-Петербург;sale;flat;1;6;4;100.1;11500000;Пушкинский; Галицкая;6к1;Шушары;
Елена Пирогова;realtor;https://spb.cian.ru/sale/flat/294226391/;Санкт-Петербург;sale;flat;1;6;4;96.4;11700000;Пушкинский; Ростовская;6к1;Шушары;
Адвекс;real_estate_agent;https://spb.cian.ru/sale/flat/290707694/;Санкт-Петербург;sale;flat;21;26;4;101.0;11800000;Пушкинский;проспект Новгородский;4с1;;Шушары
Эрмитаж Галерея Недвижимости;real_estate_agent;https://spb.cian.ru/sale/flat/299631783/;Санкт-Петербург;sale;flat;7;9;4;75.0;11900000;Выборгский;Северный проспект;12К1;Озерки;
Итака;real_estate_agent;https://spb.cian.ru/sale/flat/295118047/;Санкт-Петербург;sale;flat;1;9;4;86.7;11999000;Калининский;Гражданский проспект;108К1;Гражданский проспект;
Адвекс;real_estate_agent;https://spb.cian.ru/sale/flat/297515654/;Санкт-Петербург;sale;flat;4;4;4;80.1;11900000;Пушкинский;Ленинградская ;87;;
Будь первым;real_estate_agent;https://spb.cian.ru/sale/flat/285927103/;Санкт-Петербург;sale;flat;5;9;4;73.2;12000000;Калининский;проспект Науки;2;Политехническая;
Адресат;real_estate_agent;https://spb.cian.ru/sale/flat/291272417/;Санкт-Петербург;sale;flat;4;5;4;72.3;12000000;Московский;Пулковское шоссе;91;;
Панорама;real_estate_agent;https://spb.cian.ru/sale/flat/296047258/;Санкт-Петербург;sale;flat;8;9;4;75.1;12000000;Выборгский;Сиреневый бульвар;7К1;Проспект Просвещения;
АЛЬЯНС ПЛЮС;real_estate_agent;https://spb.cian.ru/sale/flat/297885723/;Санкт-Петербург;sale;flat;4;9;4;92.2;12100000;Колпинский;бульвар Трудящихся;33к2;Шушары;
Ключ;real_estate_agent;https://spb.cian.ru/sale/flat/262478682/;Санкт-Петербург;sale;flat;1;9;4;89.3;12000000;Приморский;Комендантский проспект;18;Комендантский проспект;
Городское агентство недвижимости;real_estate_agent;https://spb.cian.ru/sale/flat/261213346/;Санкт-Петербург;sale;flat;1;9;4;86.1;12000000;Красносельский; Доблести;24К1;Ленинский проспект;
ID 64833471;unknown;https://spb.cian.ru/sale/flat/299224928/;Санкт-Петербург;sale;flat;6;11;4;67.2;12000000;Московский;Московское шоссе;4;Московская;
АРИСТЕЙ-Риэлти;real_estate_agent;https://spb.cian.ru/sale/flat/296801700/;Санкт-Петербург;sale;flat;4;16;4;87.2;12200000;Невский; Ткачей;70;Елизаровская;
MASTER-GROUP Real Estate;real_estate_agent;https://spb.cian.ru/sale/flat/294197183/;Санкт-Петербург;sale;flat;2;9;4;64.6;12200000;Невский; Дыбенко;27К1;Улица Дыбенко;
Русский Фонд Недвижимости;real_estate_agent;https://spb.cian.ru/sale/flat/299260164/;Санкт-Петербург;sale;flat;1;5;4;85.0;12250000;Петродворцовый;Озерковая ;49к1;Автово;
ПРОСПЕКТ;real_estate_agent;https://spb.cian.ru/sale/flat/293841914/;Санкт-Петербург;sale;flat;1;5;4;86.2;12300000;Кировский; Танкиста Хрустицкого;116;Проспект Ветеранов;
MASTER-GROUP Real Estate;real_estate_agent;https://spb.cian.ru/sale/flat/298156231/;Санкт-Петербург;sale;flat;5;9;4;73.5;12300000;Приморский; Уточкина;5;Комендантский проспект;
Сергей Горячий;realtor;https://spb.cian.ru/sale/flat/298520507/;Санкт-Петербург;sale;flat;9;9;4;79.8;12300000;Фрунзенский;Загребский бульвар;7К1;Дунайская;
Владис Север;real_estate_agent;https://spb.cian.ru/sale/flat/285169972/;Санкт-Петербург;sale;flat;2;17;4;92.7;12550000;Красногвардейский;Полюстрово;68к1;Девяткино;Новая Охта
Русский Фонд Недвижимости;real_estate_agent;https://spb.cian.ru/sale/flat/294141753/;Санкт-Петербург;sale;flat;9;14;4;80.4;12500000;Петродворцовый;Ботаническая ;18к6;Автово;
Панорама;real_estate_agent;https://spb.cian.ru/sale/flat/298107450/;Санкт-Петербург;sale;flat;5;5;4;88.5;12500000;Адмиралтейский;4-я Красноармейская ;2/35;Технологический институт;
Владис Аврора;real_estate_agent;https://spb.cian.ru/sale/flat/299419327/;Санкт-Петербург;sale;flat;4;9;4;64.5;12500000;Невский; Дыбенко;23К1;Улица Дыбенко;
АЛЕКСАНДР-НЕДВИЖИМОСТЬ;real_estate_agent;https://spb.cian.ru/sale/flat/295322663/;Санкт-Петербург;sale;flat;5;9;4;72.9;12500000;Выборгский;Поэтический бульвар;5;Проспект Просвещения;
ЮСОН;real_estate_agent;https://spb.cian.ru/sale/flat/297097510/;Санкт-Петербург;sale;flat;1;9;4;77.9;12500000;Калининский;Суздальский проспект;67;Гражданский проспект;
Будь первым;real_estate_agent;https://spb.cian.ru/sale/flat/283352274/;Санкт-Петербург;sale;flat;1;6;4;115.0;12500000;Адмиралтейский; Союза печатников;27;Балтийская;
АТЛАНТА;real_estate_agent;https://spb.cian.ru/sale/flat/291595319/;Санкт-Петербург;sale;flat;2;6;4;95.2;12500000;Адмиралтейский;Нарвский проспект;9А;Нарвская;
Юлия Лебедева;realtor;https://spb.cian.ru/sale/flat/292774807/;Санкт-Петербург;sale;flat;10;11;4;101.0;12599000;Выборгский;Приозерское шоссе;18к7;Парнас;
Будь первым;real_estate_agent;https://spb.cian.ru/sale/flat/299296112/;Санкт-Петербург;sale;flat;4;9;4;84.0;12750000;Выборгский;проспект Энгельса;135;Проспект Просвещения;
АЛЕКСАНДР-НЕДВИЖИМОСТЬ;real_estate_agent;https://spb.cian.ru/sale/flat/297129340/;Санкт-Петербург;sale;flat;2;4;4;104.5;12800000;Пушкинский; Обороны;4;Купчино;
КомиссиON ВТБ;real_estate_agent;https://spb.cian.ru/sale/flat/279496555/;Санкт-Петербург;sale;flat;5;5;4;111.5;12830000;Центральный; Черняховского;43;Лиговский проспект;
Торговый дом недвижимости;real_estate_agent;https://spb.cian.ru/sale/flat/276517062/;Санкт-Петербург;sale;flat;4;9;4;79.5;12850000;Фрунзенский;Будапештская ;14К1;Международная;
Будь первым;real_estate_agent;https://spb.cian.ru/sale/flat/280883240/;Санкт-Петербург;sale;flat;4;6;4;85.2;12990000;Василеостровский;Весельная ;4Б;Василеостровская;
ДомИн;real_estate_agent;https://spb.cian.ru/sale/flat/299098721/;Санкт-Петербург;sale;flat;4;16;4;87.2;12900000;Невский; Ткачей;70;Елизаровская;
Ступени;real_estate_agent;https://spb.cian.ru/sale/flat/286434269/;Санкт-Петербург;sale;flat;4;15;4;105.3;12999000;Красносельский; Маршала Захарова;12к1;Ленинский проспект;
Адвекс;real_estate_agent;https://spb.cian.ru/sale/flat/299293647/;Санкт-Петербург;sale;flat;1;9;4;73.1;12900000;Красногвардейский;проспект Косыгина;28К4;Ладожская;
Этажи Санкт-Петербург;real_estate_agent;https://spb.cian.ru/sale/flat/299029458/;Санкт-Петербург;sale;flat;4;10;4;89.2;13100000;Выборгский;Приозерское шоссе;20к5;Парнас;
Адвекс;real_estate_agent;https://spb.cian.ru/sale/flat/297379335/;Санкт-Петербург;sale;flat;3;8;4;89.6;13000000;Невский; Бабушкина;64;Пролетарская;
Смарт Инновации;real_estate_agent;https://spb.cian.ru/sale/flat/297401976/;Санкт-Петербург;sale;flat;5;9;4;77.8;13000000;Невский; Антонова-Овсеенко;25К1;Улица Дыбенко;
Ольга Данилевская;realtor;https://spb.cian.ru/sale/flat/271800267/;Санкт-Петербург;sale;flat;3;19;4;93.7;13200000;Красногвардейский;проспект Маршака;4;Гражданский проспект;Новая Охта
КомиссиON ВТБ;real_estate_agent;https://spb.cian.ru/sale/flat/296116065/;Санкт-Петербург;sale;flat;15;24;4;104.2;13200000;Красносельский; Доблести;17к2;;
Владис Север;real_estate_agent;https://spb.cian.ru/sale/flat/283557681/;Санкт-Петербург;sale;flat;6;18;4;93.0;13300000;Красногвардейский; Даниила Хармса;4;Академическая;Новая Охта
Будь первым;real_estate_agent;https://spb.cian.ru/sale/flat/298878504/;Санкт-Петербург;sale;flat;5;6;4;102.0;13500000;Центральный;Херсонская ;10;Площадь Александра Невского;
ДомИн;real_estate_agent;https://spb.cian.ru/sale/flat/292388539/;Санкт-Петербург;sale;flat;1;5;4;89.3;13500000;Московский;Бассейная ;71;Парк Победы;
Владис Север;real_estate_agent;https://spb.cian.ru/sale/flat/294370908/;Санкт-Петербург;sale;flat;13;18;4;92.5;13500000;Красногвардейский; Даниила Хармса;4;Девяткино;Новая Охта
МАКРОМИР НЕДВИЖИМОСТЬ;real_estate_agent;https://spb.cian.ru/sale/flat/296757936/;Санкт-Петербург;sale;flat;5;5;4;98.6;13500000;Кировский; Ивана Черных;21;Нарвская;
Домината;real_estate_agent;https://spb.cian.ru/sale/flat/299005479/;Санкт-Петербург;sale;flat;2;9;4;74.5;13500000;Фрунзенский; Белы Куна;15К1;Международная;
Адвекс;real_estate_agent;https://spb.cian.ru/sale/flat/280941970/;Санкт-Петербург;sale;flat;3;4;4;89.7;13500000;Пушкинский;Красносельское шоссе;37;;
Гатчинское Городское Агентство Недвижимости;real_estate_agent;https://spb.cian.ru/sale/flat/298977105/;Санкт-Петербург;sale;flat;9;10;4;78.3;13500000;Приморский; Ильюшина;15К1;Комендантский проспект;
Агентство недвижимости Ольги Смирновой;real_estate_agent;https://spb.cian.ru/sale/flat/296593543/;Санкт-Петербург;sale;flat;3;4;4;91.9;13500000;Пушкинский;Красносельское шоссе;31;Купчино;
Екатерина Ключинская;realtor;https://spb.cian.ru/sale/flat/297676350/;Санкт-Петербург;sale;flat;16;18;4;95.7;13500000;Красногвардейский; Корнея Чуковского;10;Девяткино;Новая Охта
Адвекс;real_estate_agent;https://spb.cian.ru/sale/flat/299658859/;Санкт-Петербург;sale;flat;5;9;4;79.6;13650000;Кировский;проспект Маршала Жукова;26/16В;Кировский завод;
ЭЦН;real_estate_agent;https://spb.cian.ru/sale/flat/297472059/;Санкт-Петербург;sale;flat;3;10;4;87.4;13699000;Фрунзенский;Белградская ;6К7;Международная;
Будь первым;real_estate_agent;https://spb.cian.ru/sale/flat/271596382/;Санкт-Петербург;sale;flat;1;3;4;98.1;13899000;Центральный;Днепропетровская ;6;Обводный канал;
Эрмитаж Галерея Недвижимости;real_estate_agent;https://spb.cian.ru/sale/flat/293892003/;Санкт-Петербург;sale;flat;6;6;4;86.7;13850000;Центральный; Тюшина;10;Обводный канал;
Школа Недвижимости;real_estate_agent;https://spb.cian.ru/sale/flat/297181992/;Санкт-Петербург;sale;flat;3;25;4;102.0;13900000;Красносельский;Ленинский проспект;55к3;Ленинский проспект;
Мир Квартир Элит;real_estate_agent;https://spb.cian.ru/sale/flat/297979553/;Санкт-Петербург;sale;flat;4;4;4;90.5;13900000;Выборгский;Лесной проспект;75;Лесная;
ЮГАН;real_estate_agent;https://spb.cian.ru/sale/flat/295000023/;Санкт-Петербург;sale;flat;1;20;4;96.8;13850000;Красносельский; Доблести;14к1;Автово;
Панорама;real_estate_agent;https://spb.cian.ru/sale/flat/298731207/;Санкт-Петербург;sale;flat;2;12;4;95.3;14000000;Невский;Рыбацкий проспект;51К1;Рыбацкое;
Сергей Конышев;realtor;https://spb.cian.ru/sale/flat/299476395/;Санкт-Петербург;sale;flat;1;4;4;92.0;14000000;Фрунзенский;Волковский проспект;12;Волковская;
Адвекс;real_estate_agent;https://spb.cian.ru/sale/flat/298024684/;Санкт-Петербург;sale;flat;7;9;4;89.6;13999000;Красносельский;Петергофское шоссе;84;Проспект Ветеранов;
Тепло;real_estate_agent;https://spb.cian.ru/sale/flat/294443672/;Санкт-Петербург;sale;flat;14;17;4;93.4;14000000;Красногвардейский;проспект Маршака;4;Девяткино;Новая Охта
КАПИТАЛ;real_estate_agent;https://spb.cian.ru/sale/flat/286724706/;Санкт-Петербург;sale;flat;8;25;4;90.3;14000000;Красногвардейский;Полюстрово;14к2;Гражданский проспект;Цветной Город
Сергей Васин;realtor;https://spb.cian.ru/sale/flat/298978798/;Санкт-Петербург;sale;flat;6;10;4;87.0;13950000;Приморский;Планерная ;73К2;;
Панорама;real_estate_agent;https://spb.cian.ru/sale/flat/287451643/;Санкт-Петербург;sale;flat;1;5;4;99.2;14200000;Центральный;Херсонская ;5-7;Площадь Александра Невского;
МАКРОМИР НЕДВИЖИМОСТЬ;real_estate_agent;https://spb.cian.ru/sale/flat/295149773/;Санкт-Петербург;sale;flat;2;4;4;90.2;14300000;Василеостровский;проспект Большой Васильевского острова;94;Василеостровская;
ДОМвизор;real_estate_agent;https://spb.cian.ru/sale/flat/295417950/;Санкт-Петербург;sale;flat;16;18;4;91.9;14300000;Красногвардейский; Даниила Хармса;4;;Новая Охта
Инд. Предприниматели;real_estate_agent;https://spb.cian.ru/sale/flat/299331310/;Санкт-Петербург;sale;flat;3;5;4;112.0;14300000;Пушкинский; Галицкая;10к4;Шушары;
Домината;real_estate_agent;https://spb.cian.ru/sale/flat/299056633/;Санкт-Петербург;sale;flat;3;7;4;89.5;14500000;Центральный;Лиговский проспект;44;Площадь Восстания;
Панорама;real_estate_agent;https://spb.cian.ru/sale/flat/289127994/;Санкт-Петербург;sale;flat;5;7;4;87.9;14500000;Центральный;Коломенская ;27;Лиговский проспект;
Петербургский Риэлтор;real_estate_agent;https://spb.cian.ru/sale/flat/291445707/;Санкт-Петербург;sale;flat;6;6;4;73.7;14499000;Адмиралтейский;Московский проспект;7А;Садовая;
АРИСТЕЙ-Риэлти;real_estate_agent;https://spb.cian.ru/sale/flat/299027642/;Санкт-Петербург;sale;flat;4;5;4;90.2;14750000;Выборгский;Дрезденская ;5;Удельная;
Владис Аврора;real_estate_agent;https://spb.cian.ru/sale/flat/295874522/;Санкт-Петербург;sale;flat;1;5;4;153.1;14750000;Петродворцовый;Кооперативная ;62;;
Петербургская Недвижимость;real_estate_agent;https://spb.cian.ru/sale/flat/294366951/;Санкт-Петербург;sale;flat;6;7;4;96.0;14700000;Калининский; Академика Лебедева;14/2;Площадь Ленина;
Time RieltoRs;real_estate_agent;https://spb.cian.ru/sale/flat/299549603/;Санкт-Петербург;sale;flat;2;6;4;83.5;14800000;Василеостровский; Карташихина;6;Приморская;
Атмосфера Недвижимости;real_estate_agent;https://spb.cian.ru/sale/flat/299467884/;Санкт-Петербург;sale;flat;1;5;4;79.6;14800000;Калининский;Кондратьевский проспект;18-20;Площадь Ленина;
МИР КВАРТИР;real_estate_agent;https://spb.cian.ru/sale/flat/296569738/;Санкт-Петербург;sale;flat;2;7;4;81.0;14800000;Василеостровский;15-я Васильевского острова линия;34;Василеостровская;
Адвекс;real_estate_agent;https://spb.cian.ru/sale/flat/274206729/;Санкт-Петербург;sale;flat;1;17;4;89.1;14900000;Московский;Дунайский проспект;5к7;Звездная;Пулковский посад
Панорама;real_estate_agent;https://spb.cian.ru/sale/flat/295443218/;Санкт-Петербург;sale;flat;5;5;4;100.4;14900000;Калининский;Финский переулок;6;Площадь Ленина;
Невский маяк;real_estate_agent;https://spb.cian.ru/sale/flat/294971223/;Санкт-Петербург;sale;flat;4;4;4;95.6;14900000;Центральный;Херсонская ;6/13;Площадь Александра Невского;
Ирина Чижова;realtor;https://spb.cian.ru/sale/flat/270066611/;Санкт-Петербург;sale;flat;3;5;4;87.2;14900000;Петроградский; Маркина;10;Горьковская;
Дриада;real_estate_agent;https://spb.cian.ru/sale/flat/294080703/;Санкт-Петербург;sale;flat;4;5;4;100.3;14970000;Адмиралтейский;Курляндская ;19-21;Балтийская;
Панорама;real_estate_agent;https://spb.cian.ru/sale/flat/295202005/;Санкт-Петербург;sale;flat;2;4;4;86.0;14999999;Адмиралтейский; Декабристов;43-45;Василеостровская;
Петербургский Риэлтор;real_estate_agent;https://spb.cian.ru/sale/flat/299446289/;Санкт-Петербург;sale;flat;6;16;4;81.0;15000000;Приморский; Ивинская;9;Беговая;Юнтолово
Ю-Питер;real_estate_agent;https://spb.cian.ru/sale/flat/295758245/;Санкт-Петербург;sale;flat;3;7;4;123.8;14950000;Выборгский;Лесной проспект;13;Выборгская;
Городской Центр Недвижимости;real_estate_agent;https://spb.cian.ru/sale/flat/296517079/;Санкт-Петербург;sale;flat;3;5;4;79.7;14999000;Центральный;5-я Советская ;37;Площадь Восстания;
MASTER-GROUP Real Estate;real_estate_agent;https://spb.cian.ru/sale/flat/298680344/;Санкт-Петербург;sale;flat;15;18;4;92.5;14990000;Красногвардейский; Даниила Хармса;4;Девяткино;Новая Охта
ТОЧКАДОМ;real_estate_agent;https://spb.cian.ru/sale/flat/299018374/;Санкт-Петербург;sale;flat;7;7;4;63.4;14990000;Красногвардейский;Новочеркасский проспект;26/16;Новочеркасская;
Панорама;real_estate_agent;https://spb.cian.ru/sale/flat/282431368/;Санкт-Петербург;sale;flat;3;6;4;78.4;15000000;Петроградский;проспект Малый Петроградской стороны;36-38;Чкаловская;
ТРИАДА;real_estate_agent;https://spb.cian.ru/sale/flat/298958395/;Санкт-Петербург;sale;flat;3;12;4;95.8;15000000;Невский;Шлиссельбургский проспект;12К1;Рыбацкое;
Наталья Рожкова;realtor;https://spb.cian.ru/sale/flat/258889938/;Санкт-Петербург;sale;flat;2;6;4;95.5;15000000;Московский; Коли Томчака;11/17Б;Московские ворота;
Елисеевский квартал;real_estate_agent;https://spb.cian.ru/sale/flat/298298216/;Санкт-Петербург;sale;flat;2;5;4;109.3;15200000;Адмиралтейский;Садовая ;127;Нарвская;
Панорама;real_estate_agent;https://spb.cian.ru/sale/flat/297350425/;Санкт-Петербург;sale;flat;2;5;4;109.3;15200000;Адмиралтейский;Садовая ;127;Балтийская;
ЮСОН;real_estate_agent;https://spb.cian.ru/sale/flat/296423185/;Санкт-Петербург;sale;flat;5;5;4;93.3;15300000;Невский; Профессора Качалова;6;Площадь Александра Невского;
Адвекс;real_estate_agent;https://spb.cian.ru/sale/flat/295696797/;Санкт-Петербург;sale;flat;5;5;4;93.0;15300000;Невский; Профессора Качалова;6;Площадь Александра Невского;
Адвекс;real_estate_agent;https://spb.cian.ru/sale/flat/289204044/;Санкт-Петербург;sale;flat;6;6;4;99.2;15400000;Центральный;Саперный переулок;13;Чернышевская;
Елизавета Вороновская;realtor;https://spb.cian.ru/sale/flat/291872035/;Санкт-Петербург;sale;flat;2;3;4;86.6;15250000;Кировский;проспект Стачек;160;Ленинский проспект;
АДРЕС ПЛЮС;real_estate_agent;https://spb.cian.ru/sale/flat/299347569/;Санкт-Петербург;sale;flat;2;10;4;79.6;15500000;Василеостровский;Морской;;Приморская;
Интерсервис;real_estate_agent;https://spb.cian.ru/sale/flat/290923611/;Санкт-Петербург;sale;flat;1;4;4;90.5;15550000;Красногвардейский;Краснодонская ;4;Новочеркасская;
Адвекс;real_estate_agent;https://spb.cian.ru/sale/flat/281569527/;Санкт-Петербург;sale;flat;3;3;4;108.4;15500000;Центральный; Марата;70а-70б;Звенигородская;
Центр недвижимости ПРЕМИУМ;real_estate_agent;https://spb.cian.ru/sale/flat/293569601/;Санкт-Петербург;sale;flat;3;16;4;70.8;15500000;Василеостровский; Кораблестроителей;40К1;Приморская;
Петербургский Риэлтор;real_estate_agent;https://spb.cian.ru/sale/flat/261956802/;Санкт-Петербург;sale;flat;4;5;4;93.0;15500000;Адмиралтейский;набережная Обводного Канала;123;Фрунзенская;
Екатерина Носова;realtor;https://spb.cian.ru/sale/flat/283112336/;Санкт-Петербург;sale;flat;4;6;4;80.9;15500000;Василеостровский;14-я Васильевского острова линия;37;Василеостровская;
Время Инвест;real_estate_agent;https://spb.cian.ru/sale/flat/293528161/;Санкт-Петербург;sale;flat;3;7;4;108.9;15600000;Центральный;Лиговский проспект;65;Площадь Восстания;
Залина Цалоева;realtor;https://spb.cian.ru/sale/flat/295112299/;Санкт-Петербург;sale;flat;5;6;4;95.1;15700000;Центральный;Греческий проспект;15;Площадь Восстания;
Century 21 Гарант;real_estate_agent;https://spb.cian.ru/sale/flat/297953054/;Санкт-Петербург;sale;flat;7;8;4;98.6;15800000;Красносельский; Партизана Германа;13;Проспект Ветеранов;
Феникс Недвижимость;real_estate_agent;https://spb.cian.ru/sale/flat/294495551/;Санкт-Петербург;sale;flat;1;7;-1;138.1;15899000;Петроградский;Кронверкская ;29/37Б;Петроградская;
Панорама;real_estate_agent;https://spb.cian.ru/sale/flat/280332249/;Санкт-Петербург;sale;flat;1;5;4;105.3;15795000;Центральный; Александра Невского;10;Площадь Александра Невского;
MASTER-GROUP Real Estate;real_estate_agent;https://spb.cian.ru/sale/flat/295798689/;Санкт-Петербург;sale;flat;13;14;4;108.2;15800000;Приморский;Богатырский проспект;51к1;Комендантский проспект;
CENTURY 21 Capital Petersburg;real_estate_agent;https://spb.cian.ru/sale/flat/299254220/;Санкт-Петербург;sale;flat;5;5;4;72.4;15930000;Адмиралтейский;Витебская ;12;Балтийская;
Магазин Квартир;real_estate_agent;https://spb.cian.ru/sale/flat/299112284/;Санкт-Петербург;sale;flat;8;23;4;94.8;16026000;Выборгский;Парнас;3/20;Парнас;Прагма city
Адвекс;real_estate_agent;https://spb.cian.ru/sale/flat/294612657/;Санкт-Петербург;sale;flat;6;7;4;92.6;16000000;Петроградский;Гатчинская ;31-33;Чкаловская;
МАКРОМИР НЕДВИЖИМОСТЬ;real_estate_agent;https://spb.cian.ru/sale/flat/294346234/;Санкт-Петербург;sale;flat;6;6;4;84.0;15950000;Центральный;Невский проспект;119;Площадь Александра Невского;
FisherGroup;real_estate_agent;https://spb.cian.ru/sale/flat/299515851/;Санкт-Петербург;sale;flat;4;11;4;108.0;16000000;Московский;5-й Предпортовый проезд;10к1;Московская;
КВС;real_estate_agent;https://spb.cian.ru/sale/flat/295091501/;Санкт-Петербург;sale;flat;6;7;4;102.7;15900000;Центральный;10-я Советская ;19;Площадь Александра Невского;
Будь первым;real_estate_agent;https://spb.cian.ru/sale/flat/292103156/;Санкт-Петербург;sale;flat;1;5;4;124.3;16000000;Петроградский;Ждановская набережная;7;Спортивная;
NEXT Level;real_estate_agent;https://spb.cian.ru/sale/flat/275161935/;Санкт-Петербург;sale;flat;6;7;4;104.0;15900000;Петроградский; Куйбышева;20;Горьковская;
Адвекс;real_estate_agent;https://spb.cian.ru/sale/flat/296739035/;Санкт-Петербург;sale;flat;3;4;4;95.9;16000000;Фрунзенский;Лиговский проспект;247;;
Адвекс;real_estate_agent;https://spb.cian.ru/sale/flat/274206528/;Санкт-Петербург;sale;flat;5;6;4;99.5;16000000;Центральный;9-я Советская ;39/24;Площадь Восстания;
Панорама;real_estate_agent;https://spb.cian.ru/sale/flat/291899921/;Санкт-Петербург;sale;flat;3;4;4;79.2;15999000;Центральный;Лиговский проспект;84/2;Лиговский проспект;
Союз;real_estate_agent;https://spb.cian.ru/sale/flat/295919592/;Санкт-Петербург;sale;flat;3;9;4;106.5;16000000;Калининский;проспект Культуры;25К1;Гражданский проспект;
Апартаменты Петербурга;real_estate_agent;https://spb.cian.ru/sale/flat/297986779/;Санкт-Петербург;sale;flat;14;14;4;75.4;16000000;Фрунзенский;проспект Славы;40К1;Проспект Славы;
АДРЕС ПЛЮС;real_estate_agent;https://spb.cian.ru/sale/flat/299004719/;Санкт-Петербург;sale;flat;2;4;4;79.7;15900000;Адмиралтейский; Декабристов;8;Спасская;
ЛЕНЖИЛСТРОЙ недвижимость;real_estate_agent;https://spb.cian.ru/sale/flat/292640296/;Санкт-Петербург;sale;flat;2;5;4;89.6;15990000;Кировский; Новостроек;17;Автово;
ЮСОН;real_estate_agent;https://spb.cian.ru/sale/flat/262828687/;Санкт-Петербург;sale;flat;7;7;4;104.1;15900000;Центральный;Лиговский проспект;71;Владимирская;
Консенсус;real_estate_agent;https://spb.cian.ru/sale/flat/285505459/;Санкт-Петербург;sale;flat;2;5;4;131.1;15900000;Центральный; Ломоносова;20;Достоевская;
Анна Веселова;realtor;https://spb.cian.ru/sale/flat/293418411/;Санкт-Петербург;sale;flat;3;3;4;107.3;15990000;Адмиралтейский;Мясная ;19-21;Нарвская;
ID 44815740;realtor;https://spb.cian.ru/sale/flat/294632935/;Санкт-Петербург;sale;flat;4;5;4;94.6;16100000;Центральный;Социалистическая ;9;Звенигородская;
Игорь Зайченко;realtor;https://spb.cian.ru/sale/flat/296311765/;Санкт-Петербург;sale;flat;2;8;4;103.3;16190000;Кировский; Генерала Симоняка;4к5;Проспект Ветеранов;
Иван Бакиянов;realtor;https://spb.cian.ru/sale/flat/294452114/;Санкт-Петербург;sale;flat;3;4;4;105.9;16150000;Центральный;проспект Бакунина;11;Площадь Александра Невского;
Центр Недвижимости ГОРИЗОНТ;real_estate_agent;https://spb.cian.ru/sale/flat/298254581/;Санкт-Петербург;sale;flat;4;5;4;64.5;16250000;Фрунзенский;Альпийский переулок;7;Проспект Славы;
Адвекс;real_estate_agent;https://spb.cian.ru/sale/flat/286423494/;Санкт-Петербург;sale;flat;4;5;4;110.0;16200000;Василеостровский;10-я Васильевского острова линия;17;Василеостровская;
Будь первым;real_estate_agent;https://spb.cian.ru/sale/flat/294679077/;Санкт-Петербург;sale;flat;2;5;4;96.8;16370000;Адмиралтейский;Московский проспект;59;Фрунзенская;
Панорама;real_estate_agent;https://spb.cian.ru/sale/flat/293433112/;Санкт-Петербург;sale;flat;3;5;4;70.7;16200000;Петроградский; Подрезова;10;Петроградская;
Будь первым;real_estate_agent;https://spb.cian.ru/sale/flat/298688575/;Санкт-Петербург;sale;flat;4;6;4;113.3;16400000;Василеостровский;5-я Васильевского острова линия;64/13;Спортивная;
FisherGroup;real_estate_agent;https://spb.cian.ru/sale/flat/299629766/;Санкт-Петербург;sale;flat;3;3;4;104.0;16500000;Фрунзенский;набережная Обводного Канала;66;Обводный канал;
NEVA deluxe;real_estate_agent;https://spb.cian.ru/sale/flat/298955840/;Санкт-Петербург;sale;flat;3;6;4;110.0;16499000;Центральный;Коломенская ;13;Лиговский проспект;
ЮСОН;real_estate_agent;https://spb.cian.ru/sale/flat/294868481/;Санкт-Петербург;sale;flat;5;7;4;81.5;16500000;Петроградский; Блохина;3/1;Спортивная;
Агентство недвижимости Ольги Смирновой;real_estate_agent;https://spb.cian.ru/sale/flat/295103012/;Санкт-Петербург;sale;flat;3;4;4;95.0;16500000;Пушкинский;Широкая ;20;Звездная;
Лига Недвижимости;real_estate_agent;https://spb.cian.ru/sale/flat/297459179/;Санкт-Петербург;sale;flat;6;7;4;110.6;16500000;Петроградский;проспект Малый Петроградской стороны;1Б;Спортивная;
Веста;real_estate_agent;https://spb.cian.ru/sale/flat/292210540/;Санкт-Петербург;sale;flat;4;5;4;107.4;16500000;Петроградский;Ропшинская ;12;Чкаловская;
Владис Аврора;real_estate_agent;https://spb.cian.ru/sale/flat/293449124/;Санкт-Петербург;sale;flat;2;16;4;91.6;16500000;Красносельский;Ленинский проспект;91;Ленинский проспект;
Адвекс;real_estate_agent;https://spb.cian.ru/sale/flat/274206544/;Санкт-Петербург;sale;flat;5;5;4;90.0;16499000;Невский;Октябрьская набережная;74К2;Ломоносовская;
Эрмитаж Галерея Недвижимости;real_estate_agent;https://spb.cian.ru/sale/flat/299263831/;Санкт-Петербург;sale;flat;2;15;4;104.0;16400000;Невский;Союзный проспект;6к1;Проспект Большевиков;
Невский простор;real_estate_agent;https://spb.cian.ru/sale/flat/298392127/;Санкт-Петербург;sale;flat;4;5;4;72.9;16500000;Адмиралтейский;Гороховая ;5;Адмиралтейская;
АЛЕКСАНДР-НЕДВИЖИМОСТЬ;real_estate_agent;https://spb.cian.ru/sale/flat/292282766/;Санкт-Петербург;sale;flat;3;15;4;104.0;16480000;Невский;Союзный проспект;8к1;Проспект Большевиков;
МИР КВАРТИР;real_estate_agent;https://spb.cian.ru/sale/flat/294193234/;Санкт-Петербург;sale;flat;1;10;4;108.2;16500000;Невский;проспект Пятилеток;7К1;Проспект Большевиков;
Будь первым;real_estate_agent;https://spb.cian.ru/sale/flat/299080739/;Санкт-Петербург;sale;flat;1;8;4;100.0;16499999;Адмиралтейский;Гражданская ;10;Спасская;
Михаил Хохлов;realtor;https://spb.cian.ru/sale/flat/297851285/;Санкт-Петербург;sale;flat;2;16;4;91.6;16500000;Красносельский;Ленинский проспект;91;;
MASTER-GROUP Real Estate;real_estate_agent;https://spb.cian.ru/sale/flat/292649914/;Санкт-Петербург;sale;flat;2;5;4;100.9;16500000;Центральный;Гончарная ;6;Площадь Восстания;
Торговый дом недвижимости;real_estate_agent;https://spb.cian.ru/sale/flat/296757453/;Санкт-Петербург;sale;flat;4;5;4;90.2;16497000;Центральный;Гончарная ;5;Площадь Восстания;
ЮСОН;real_estate_agent;https://spb.cian.ru/sale/flat/269313761/;Санкт-Петербург;sale;flat;3;4;4;121.3;16500000;Адмиралтейский;Подъездной переулок;17;Пушкинская;
ID 72656140;realtor;https://spb.cian.ru/sale/flat/295995366/;Санкт-Петербург;sale;flat;4;4;4;92.6;16500000;Центральный;Озерной переулок;12;Площадь Восстания;
Этажи Санкт-Петербург;real_estate_agent;https://spb.cian.ru/sale/flat/297334563/;Санкт-Петербург;sale;flat;4;5;4;74.4;16600000;Василеостровский;Железноводская ;24;Приморская;
ТЕРРАСА Загородная Недвижимость;real_estate_agent;https://spb.cian.ru/sale/flat/293531055/;Санкт-Петербург;sale;flat;2;6;4;92.2;16647000;Адмиралтейский;Садовая ;59;;
НЕВА Недвижимость;real_estate_agent;https://spb.cian.ru/sale/flat/287998895/;Санкт-Петербург;sale;flat;2;6;4;108.7;16698000;Фрунзенский;Тамбовская ;26;Обводный канал;
Юлия Мальцева;realtor;https://spb.cian.ru/sale/flat/299416271/;Санкт-Петербург;sale;flat;15;25;4;100.1;16590000;Красносельский; Маршала Казакова;68к1;Автово;
Century 21 Гарант;real_estate_agent;https://spb.cian.ru/sale/flat/299508827/;Санкт-Петербург;sale;flat;3;5;4;96.0;16800000;Адмиралтейский;Старо-Петергофский проспект;37;Нарвская;
Казанская площадь;real_estate_agent;https://spb.cian.ru/sale/flat/287692037/;Санкт-Петербург;sale;flat;1;6;4;91.1;16800000;Адмиралтейский;6-я Красноармейская ;8;Технологический институт;
АТЛАНТА;real_estate_agent;https://spb.cian.ru/sale/flat/238739647/;Санкт-Петербург;sale;flat;4;7;4;111.5;16800000;Калининский; Академика Лебедева;12;Площадь Ленина;
PRO.Flat;real_estate_agent;https://spb.cian.ru/sale/flat/291887965/;Санкт-Петербург;sale;flat;1;5;4;100.3;16750000;Приморский;Торжковская ;2К3;Черная речка;
Будь первым;real_estate_agent;https://spb.cian.ru/sale/flat/292065624/;Санкт-Петербург;sale;flat;1;5;4;108.2;16700000;Адмиралтейский;Можайская ;10;Пушкинская;
ТРЕНД;real_estate_agent;https://spb.cian.ru/sale/flat/298973374/;Санкт-Петербург;sale;flat;1;5;4;100.0;16750000;Приморский;Торжковская ;2К3;;
Школа Недвижимости;real_estate_agent;https://spb.cian.ru/sale/flat/292594830/;Санкт-Петербург;sale;flat;2;4;4;77.4;16700000;Центральный;Полтавская ;14;Площадь Восстания;
Пальмира;real_estate_agent;https://spb.cian.ru/sale/flat/280926746/;Санкт-Петербург;sale;flat;4;6;4;85.0;17000000;Петроградский; Яблочкова;3;Спортивная;
Будь первым;real_estate_agent;https://spb.cian.ru/sale/flat/295865473/;Санкт-Петербург;sale;flat;17;23;4;98.6;16990000;Красносельский;проспект Ветеранов;133к1;Проспект Ветеранов;Аист
ПРОСПЕКТ;real_estate_agent;https://spb.cian.ru/sale/flat/298573344/;Санкт-Петербург;sale;flat;3;8;4;105.2;17000000;Центральный; Рылеева;2/6;Маяковская;
Наталья Клименко;realtor;https://spb.cian.ru/sale/flat/298906516/;Санкт-Петербург;sale;flat;2;6;4;93.3;16960000;Василеостровский;14-я Васильевского острова линия;97Б;Василеостровская;
Будь первым;real_estate_agent;https://spb.cian.ru/sale/flat/296619284/;Санкт-Петербург;sale;flat;5;5;4;86.7;17000000;Центральный;Невский проспект;146;Площадь Восстания;
Магазин Квартир;real_estate_agent;https://spb.cian.ru/sale/flat/299360378/;Санкт-Петербург;sale;flat;4;5;4;102.2;17000000;Центральный;переулок Апраксин;20;Спасская;
Адвекс;real_estate_agent;https://spb.cian.ru/sale/flat/286820716/;Санкт-Петербург;sale;flat;3;5;4;99.3;16900000;Петроградский;Введенская ;17Б;;
Панорама;real_estate_agent;https://spb.cian.ru/sale/flat/289506919/;Санкт-Петербург;sale;flat;3;6;4;93.1;16990000;Петроградский;Введенская ;19;Горьковская;
Яна Киндеева;realtor;https://spb.cian.ru/sale/flat/299477577/;Санкт-Петербург;sale;flat;5;5;4;74.8;17000000;Петроградский;Большая Пушкарская ;21;Чкаловская;
Антонина Бригис;realtor;https://spb.cian.ru/sale/flat/293903277/;Санкт-Петербург;sale;flat;1;5;4;105.0;17000000;Красногвардейский;Малоохтинский проспект;6;Новочеркасская;
Будь первым;real_estate_agent;https://spb.cian.ru/sale/flat/281181743/;Санкт-Петербург;sale;flat;4;5;4;108.5;17100000;Красногвардейский;шоссе Революции;15;Ладожская;
ID 82827948;unknown;https://spb.cian.ru/sale/flat/296420106/;Санкт-Петербург;sale;flat;3;5;4;131.0;17160000;Калининский;Финский переулок;6;Площадь Ленина;
Этажи Санкт-Петербург;real_estate_agent;https://spb.cian.ru/sale/flat/299261249/;Санкт-Петербург;sale;flat;2;6;4;84.9;17200000;Центральный;Саперный переулок;16/36;Чернышевская;
Лариса Мустафина;realtor;https://spb.cian.ru/sale/flat/298114664/;Санкт-Петербург;sale;flat;5;7;4;115.4;17200000;Петроградский;проспект Большой Петроградской стороны;74;Петроградская;
ДомИн;real_estate_agent;https://spb.cian.ru/sale/flat/285245287/;Санкт-Петербург;sale;flat;4;5;4;89.2;17499000;Приморский;набережная Черной речки;31;Черная речка;
Кремлёвские Ключи;real_estate_agent;https://spb.cian.ru/sale/flat/292416265/;Санкт-Петербург;sale;flat;1;5;4;90.2;17490000;Центральный;Ковенский переулок;23;Площадь Восстания;
FisherGroup;real_estate_agent;https://spb.cian.ru/sale/flat/299034498/;Санкт-Петербург;sale;flat;2;4;4;91.1;17490000;Петроградский; Воскова;6;Чкаловская;
Городской Центр Недвижимости;real_estate_agent;https://spb.cian.ru/sale/flat/281355073/;Санкт-Петербург;sale;flat;1;5;4;117.1;17500000;Адмиралтейский;Курляндская ;22-24;Технологический институт;
Адресат;real_estate_agent;https://spb.cian.ru/sale/flat/293432078/;Санкт-Петербург;sale;flat;1;4;4;94.9;17400000;Центральный;7-я Советская ;17;;
МИР КВАРТИР;real_estate_agent;https://spb.cian.ru/sale/flat/294043218/;Санкт-Петербург;sale;flat;1;4;4;115.4;17500000;Адмиралтейский;Столярный переулок;4;Сенная площадь;
Столица Квартир;real_estate_agent;https://spb.cian.ru/sale/flat/295100199/;Санкт-Петербург;sale;flat;1;4;4;106.4;17490000;Красносельский;Петергофское шоссе;78к21;;
Виктория Бердышева;realtor;https://spb.cian.ru/sale/flat/294970939/;Санкт-Петербург;sale;flat;1;7;4;106.7;17600000;Центральный;Загородный проспект;21-23;Достоевская;
ЮСОН;real_estate_agent;https://spb.cian.ru/sale/flat/283115331/;Санкт-Петербург;sale;flat;4;5;4;123.0;17600000;Адмиралтейский;набережная Обводного Канала;121;Технологический институт;
МИР КВАРТИР;real_estate_agent;https://spb.cian.ru/sale/flat/279660073/;Санкт-Петербург;sale;flat;2;5;4;112.9;17650000;Адмиралтейский;Рижский проспект;50;Балтийская;
Ольга Ковалева;realtor;https://spb.cian.ru/sale/flat/291573758/;Санкт-Петербург;sale;flat;4;6;4;92.5;17550000;Приморский;Лисичанская ;8;Черная речка;
Итака;real_estate_agent;https://spb.cian.ru/sale/flat/297735315/;Санкт-Петербург;sale;flat;5;5;4;108.2;17770000;Центральный;набережная Реки Фонтанки;51-53;Гостиный двор;
Союз;real_estate_agent;https://spb.cian.ru/sale/flat/299558229/;Санкт-Петербург;sale;flat;1;3;4;115.0;17800000;Адмиралтейский;Рузовская ;27;Пушкинская;
Century 21 Гарант;real_estate_agent;https://spb.cian.ru/sale/flat/291694050/;Санкт-Петербург;sale;flat;5;7;4;127.44;18000000;Выборгский;шоссе Суздальское;12;Озерки;Новая Скандинавия
РУСКОЛ;real_estate_agent;https://spb.cian.ru/sale/flat/294823557/;Санкт-Петербург;sale;flat;25;25;4;150.0;18000000;Приморский;Коломяжский проспект;20;Пионерская;Богатырский 2
Адвекс;real_estate_agent;https://spb.cian.ru/sale/flat/298969871/;Санкт-Петербург;sale;flat;3;10;4;114.0;18000000;Калининский;проспект Просвещения;53К1;Гражданский проспект;
Панорама;real_estate_agent;https://spb.cian.ru/sale/flat/286396646/;Санкт-Петербург;sale;flat;2;4;4;120.0;18000000;Адмиралтейский;проспект Римского-Корсакова;8/18;Садовая;
ЮСОН;real_estate_agent;https://spb.cian.ru/sale/flat/277921381/;Санкт-Петербург;sale;flat;3;5;4;93.0;18000000;Фрунзенский;Мгинская ;7;Волковская;
Петр Богатырев;realtor;https://spb.cian.ru/sale/flat/284509511/;Санкт-Петербург;sale;flat;1;7;4;85.8;17900000;Адмиралтейский;Измайловский проспект;16/30;Балтийская;
Владис Аврора;real_estate_agent;https://spb.cian.ru/sale/flat/298613961/;Санкт-Петербург;sale;flat;1;6;4;136.6;18100000;Кировский; Зенитчиков;3к1;Автово;
СТАТУС;real_estate_agent;https://spb.cian.ru/sale/flat/295758147/;Санкт-Петербург;sale;flat;2;5;4;90.5;18100000;Приморский; Савушкина;9;Черная речка;
Ю-Питер;real_estate_agent;https://spb.cian.ru/sale/flat/298905089/;Санкт-Петербург;sale;flat;7;8;4;120.2;18300000;Центральный;Волоколамский переулок;1;Лиговский проспект;
МАКРОМИР НЕДВИЖИМОСТЬ;real_estate_agent;https://spb.cian.ru/sale/flat/297505645/;Санкт-Петербург;sale;flat;1;6;4;97.7;18600000;Петроградский;Большая Монетная ;30;Петроградская;
Адвекс;real_estate_agent;https://spb.cian.ru/sale/flat/299533204/;Санкт-Петербург;sale;flat;1;6;4;79.7;18500000;Выборгский;Лесной проспект;32;Выборгская;
Панорама;real_estate_agent;https://spb.cian.ru/sale/flat/279493025/;Санкт-Петербург;sale;flat;3;4;4;95.8;18500000;Центральный; Ломоносова;16;Достоевская;
Ампир Недвижимость;real_estate_agent;https://spb.cian.ru/sale/flat/289351148/;Санкт-Петербург;sale;flat;2;6;4;95.6;18500000;Петроградский; Лизы Чайкиной;22;Горьковская;
ЮСОН;real_estate_agent;https://spb.cian.ru/sale/flat/292246478/;Санкт-Петербург;sale;flat;3;4;4;85.1;18500000;Петроградский;Провиантская ;8;Спортивная;
БЮРО НЕДВИЖИМОСТИ No1;real_estate_agent;https://spb.cian.ru/sale/flat/282511925/;Санкт-Петербург;sale;flat;7;7;4;113.0;18550000;Красносельский; Маршала Захарова;39;Ленинский проспект;
Екатерина Ермолаева;realtor;https://spb.cian.ru/sale/flat/288183864/;Санкт-Петербург;sale;flat;3;7;4;115.8;18500000;Центральный;Моховая ;28;Чернышевская;
ЭЛИТцентр;real_estate_agent;https://spb.cian.ru/sale/flat/297325107/;Санкт-Петербург;sale;flat;4;5;4;79.3;18700000;Красногвардейский;Заневский проспект;7/7;Новочеркасская;
Городской Центр Недвижимости;real_estate_agent;https://spb.cian.ru/sale/flat/297358343/;Санкт-Петербург;sale;flat;15;15;4;124.3;18800000;Невский; Дыбенко;21к3;Улица Дыбенко;
Адвекс;real_estate_agent;https://spb.cian.ru/sale/flat/296389669/;Санкт-Петербург;sale;flat;1;5;4;86.0;18950000;Василеостровский;11-я Васильевского острова линия;46;Василеостровская;
МАКРОМИР НЕДВИЖИМОСТЬ;real_estate_agent;https://spb.cian.ru/sale/flat/298391948/;Санкт-Петербург;sale;flat;2;5;4;100.0;19000000;Центральный;Греческий проспект;15;Площадь Восстания;
Петербургский Риэлтор;real_estate_agent;https://spb.cian.ru/sale/flat/299255530/;Санкт-Петербург;sale;flat;2;6;4;100.9;19000000;Петроградский;Лахтинская ;28;Чкаловская;
Петербургская Недвижимость;real_estate_agent;https://spb.cian.ru/sale/flat/299360239/;Санкт-Петербург;sale;flat;2;22;4;98.8;19000000;Красносельский;Ленинский проспект;64к1;Ленинский проспект;Ленинский парк
Панорама;real_estate_agent;https://spb.cian.ru/sale/flat/274745349/;Санкт-Петербург;sale;flat;2;5;4;86.0;19000000;Выборгский;Большой Сампсониевский проспект;74;Лесная;
Будь первым;real_estate_agent;https://spb.cian.ru/sale/flat/286552661/;Санкт-Петербург;sale;flat;5;5;4;126.4;18970000;Пушкинский;Малиновская ;11;Купчино;
Владимир Злобин;realtor;https://spb.cian.ru/sale/flat/296351145/;Санкт-Петербург;sale;flat;17;17;4;106.7;19000000;Приморский; Лидии Зверевой;9к2;Комендантский проспект;Шуваловский
Магазин Квартир;real_estate_agent;https://spb.cian.ru/sale/flat/299377471/;Санкт-Петербург;sale;flat;9;23;4;110.2;19138000;Выборгский;Парнас;3/20;Парнас;Прагма city
МИР КВАРТИР;real_estate_agent;https://spb.cian.ru/sale/flat/296899845/;Санкт-Петербург;sale;flat;7;7;4;89.3;19199500;Кировский;проспект Стачек;75;Автово;
Адвекс;real_estate_agent;https://spb.cian.ru/sale/flat/299666304/;Санкт-Петербург;sale;flat;3;5;4;90.0;19200000;Выборгский;Лесной проспект;61;Лесная;
MORE;real_estate_agent;https://spb.cian.ru/sale/flat/253569288/;Санкт-Петербург;sale;flat;2;6;4;95.8;19200000;Красногвардейский;Малоохтинский проспект;86;Новочеркасская;
Яковлевна Лела;realtor;https://spb.cian.ru/sale/flat/291589897/;Санкт-Петербург;sale;flat;3;7;4;109.0;19200000;Адмиралтейский;Бронницкая ;19;Технологический институт;
Время Инвест;real_estate_agent;https://spb.cian.ru/sale/flat/284542325/;Санкт-Петербург;sale;flat;2;5;4;89.0;19400000;Адмиралтейский;Московский проспект;79;Фрунзенская;
ПРОСПЕКТ;real_estate_agent;https://spb.cian.ru/sale/flat/290607023/;Санкт-Петербург;sale;flat;1;7;4;97.0;19400000;Центральный;8-я Советская ;6-8;Площадь Восстания;
Школа Недвижимости;real_estate_agent;https://spb.cian.ru/sale/flat/299255618/;Санкт-Петербург;sale;flat;8;13;4;87.2;19700000;Приморский;Комендантский проспект;25К1;Комендантский проспект;
Этажи Санкт-Петербург;real_estate_agent;https://spb.cian.ru/sale/flat/281501906/;Санкт-Петербург;sale;flat;5;6;4;91.5;19900000;Адмиралтейский; Писарева;18;Спасская;
Балтийский берег;real_estate_agent;https://spb.cian.ru/sale/flat/299012608/;Санкт-Петербург;sale;flat;3;5;4;101.4;19900000;Выборгский;Костромской проспект;7;;
Школа Недвижимости;real_estate_agent;https://spb.cian.ru/sale/flat/291978346/;Санкт-Петербург;sale;flat;13;14;4;83.88;19835000;Василеостровский;набережная Миклухо-Маклая;1к1;Приморская;Морская набережная. SeaView
FisherGroup;real_estate_agent;https://spb.cian.ru/sale/flat/299318562/;Санкт-Петербург;sale;flat;4;5;4;83.1;19800000;Центральный;Гончарная ;11а;Площадь Восстания;
НЕВА Недвижимость;real_estate_agent;https://spb.cian.ru/sale/flat/297802071/;Санкт-Петербург;sale;flat;3;4;4;92.0;19800000;Центральный; Моисеенко;15-17;Площадь Восстания;
Просто недвижимость;real_estate_agent;https://spb.cian.ru/sale/flat/277377330/;Санкт-Петербург;sale;flat;5;5;4;106.0;19990000;Петроградский; Красного Курсанта;9а;Спортивная;
Анна Кальченко;realtor;https://spb.cian.ru/sale/flat/279728753/;Санкт-Петербург;sale;flat;6;7;4;110.0;19990000;Петроградский;проспект Большой Петроградской стороны;74;Петроградская;
Адвекс;real_estate_agent;https://spb.cian.ru/sale/flat/297190848/;Санкт-Петербург;sale;flat;3;5;4;108.8;20000000;Адмиралтейский;Галерная ;44Б;Адмиралтейская;
Панорама;real_estate_agent;https://spb.cian.ru/sale/flat/299357343/;Санкт-Петербург;sale;flat;1;8;4;87.6;20000000;Центральный;Коломенская ;10;Владимирская;
Владис Аврора;real_estate_agent;https://spb.cian.ru/sale/flat/295057365/;Санкт-Петербург;sale;flat;2;6;4;101.0;20000000;Адмиралтейский;7-я Красноармейская ;20;Фрунзенская;
Адвекс;real_estate_agent;https://spb.cian.ru/sale/flat/298135821/;Санкт-Петербург;sale;flat;5;7;4;121.1;20000000;Кировский;проспект Стачек;67К5;Автово;
Марина Михайловна Синяговская;realtor;https://spb.cian.ru/sale/flat/294686090/;Санкт-Петербург;sale;flat;3;5;4;93.3;20000000;Центральный;3-я Советская ;22;Площадь Восстания;
Будь первым;real_estate_agent;https://spb.cian.ru/sale/flat/298868754/;Санкт-Петербург;sale;flat;2;20;4;106.5;20150000;Московский; Парфеновская;17;Московские ворота;Московские ворота II
Магазин Квартир;real_estate_agent;https://spb.cian.ru/sale/flat/295464089/;Санкт-Петербург;sale;flat;6;19;4;93.48;20579500;Приморский;Комендантский аэродром;;Пионерская;Приморский Квартал ЖК
ТРЕНД;real_estate_agent;https://spb.cian.ru/sale/flat/299612218/;Санкт-Петербург;sale;flat;4;5;4;134.0;20500000;Пушкинский;Малиновская ;17;Купчино;
ПетербургНедвижимость;real_estate_agent;https://spb.cian.ru/sale/flat/299554872/;Санкт-Петербург;sale;flat;1;5;4;84.8;20499000;Красногвардейский;Заневский проспект;7/7;Новочеркасская;
Панорама;real_estate_agent;https://spb.cian.ru/sale/flat/287441525/;Санкт-Петербург;sale;flat;2;7;4;139.7;20500000;Центральный;Гороховая ;32;Сенная площадь;
МИР КВАРТИР;real_estate_agent;https://spb.cian.ru/sale/flat/296391541/;Санкт-Петербург;sale;flat;1;5;4;88.0;20700000;Адмиралтейский;Малодетскосельский проспект;36;Технологический институт;
Юлия Никонорова;realtor;https://spb.cian.ru/sale/flat/291029677/;Санкт-Петербург;sale;flat;5;5;4;105.1;20700000;Василеостровский;6-я Васильевского острова линия;25;Василеостровская;
Виктория Оршанская;realtor;https://spb.cian.ru/sale/flat/299569306/;Санкт-Петербург;sale;flat;5;5;4;116.2;20900000;Центральный;Ульяны Громовой переулок;5;Площадь Восстания;
МИР КВАРТИР;real_estate_agent;https://spb.cian.ru/sale/flat/293780330/;Санкт-Петербург;sale;flat;13;20;4;115.0;20990000;Красногвардейский;проспект Косыгина;17к1;Ладожская;
Владис Аврора;real_estate_agent;https://spb.cian.ru/sale/flat/299639842/;Санкт-Петербург;sale;flat;1;4;4;120.0;21000000;Адмиралтейский;Садовая ;107;Балтийская;
Магазин Квартир;real_estate_agent;https://spb.cian.ru/sale/flat/299377475/;Санкт-Петербург;sale;flat;23;23;4;110.4;21090000;Выборгский;Парнас;3/20;Парнас;Прагма city
АЛЕКСАНДР-НЕДВИЖИМОСТЬ;real_estate_agent;https://spb.cian.ru/sale/flat/297619247/;Санкт-Петербург;sale;flat;3;6;4;109.3;21000000;Василеостровский;1-я Васильевского острова линия;38;Василеостровская;
МИР КВАРТИР;real_estate_agent;https://spb.cian.ru/sale/flat/295848283/;Санкт-Петербург;sale;flat;5;7;4;120.0;21000000;Петроградский; Подрезова;1;Петроградская;
Лимон Недвижимость;real_estate_agent;https://spb.cian.ru/sale/flat/298845003/;Санкт-Петербург;sale;flat;7;7;4;98.8;21000000;Невский; Бабушкина;81к1;Ломоносовская;
Владимир Ромашко;realtor;https://spb.cian.ru/sale/flat/294108373/;Санкт-Петербург;sale;flat;5;7;4;140.0;21100000;Адмиралтейский;набережная Реки Фонтанки;103;Спасская;
Городская Служба Недвижимости;real_estate_agent;https://spb.cian.ru/sale/flat/266422908/;Санкт-Петербург;sale;flat;3;6;4;96.8;21500000;Центральный; Ломоносова;11-13;Достоевская;
ТРЕНД;real_estate_agent;https://spb.cian.ru/sale/flat/298214396/;Санкт-Петербург;sale;flat;2;5;4;101.1;21500000;Калининский;Финляндский;8/8;;
Квартиры СПБ;real_estate_agent;https://spb.cian.ru/sale/flat/289052096/;Санкт-Петербург;sale;flat;4;6;4;136.0;21499000;Адмиралтейский;Гороховая ;58;Пушкинская;
Анастасия Аблова;realtor;https://spb.cian.ru/sale/flat/296603800/;Санкт-Петербург;sale;flat;1;5;4;68.0;21500000;Василеостровский;18-я Васильевского острова линия;19;;
ID 84317967;unknown;https://spb.cian.ru/sale/flat/299234272/;Санкт-Петербург;sale;flat;2;5;4;113.8;21500000;Пушкинский;Слуцкая ;13к2;Купчино;
Магазин Квартир;real_estate_agent;https://spb.cian.ru/sale/flat/299374845/;Санкт-Петербург;sale;flat;9;23;4;129.4;21893000;Выборгский;Парнас;3/20;Парнас;Прагма city
Магазин Квартир;real_estate_agent;https://spb.cian.ru/sale/flat/299142194/;Санкт-Петербург;sale;flat;8;23;4;128.2;21690000;Выборгский;Парнас;3/20;Парнас;Прагма city
Петербургский Риэлтор;real_estate_agent;https://spb.cian.ru/sale/flat/297349671/;Санкт-Петербург;sale;flat;3;5;4;129.0;21750000;Центральный;Захарьевская ;21;Площадь Ленина;
Магазин Квартир;real_estate_agent;https://spb.cian.ru/sale/flat/296684386/;Санкт-Петербург;sale;flat;12;14;4;108.5;21790000;Московский; Парфеновская;17;Московские ворота;Московские ворота II
Лилия Шеффер;realtor;https://spb.cian.ru/sale/flat/298116058/;Санкт-Петербург;sale;flat;1;9;4;129.2;21700000;Невский; Дыбенко;40К1;Улица Дыбенко;
Будь первым;real_estate_agent;https://spb.cian.ru/sale/flat/297270283/;Санкт-Петербург;sale;flat;1;7;4;95.8;22000000;Василеостровский;1-я Васильевского острова линия;36;Спортивная;
Русский Фонд Недвижимости;real_estate_agent;https://spb.cian.ru/sale/flat/297277215/;Санкт-Петербург;sale;flat;1;2;4;94.4;22000000;Петродворцовый;Лихардовская ;6;Проспект Ветеранов;
Студия 78;real_estate_agent;https://spb.cian.ru/sale/flat/299629917/;Санкт-Петербург;sale;flat;13;27;4;99.4;22000000;Московский;Витебский проспект;101к4;Купчино;Квартет
PRO.НедвижимостьN1;real_estate_agent;https://spb.cian.ru/sale/flat/299069292/;Санкт-Петербург;sale;flat;4;12;4;83.8;22000000;Приморский;Белоостровская ;7;Лесная;
МАКРОМИР НЕДВИЖИМОСТЬ;real_estate_agent;https://spb.cian.ru/sale/flat/298004059/;Санкт-Петербург;sale;flat;9;15;4;121.0;22000000;Выборгский;проспект Пархоменко;39;Площадь Мужества;
ЕОН Недвижимость;real_estate_agent;https://spb.cian.ru/sale/flat/291469586/;Санкт-Петербург;sale;flat;4;7;4;107.7;22000000;Московский;Ленинский проспект;161;Московская;
Школа Недвижимости;real_estate_agent;https://spb.cian.ru/sale/flat/299486466/;Санкт-Петербург;sale;flat;2;6;4;114.5;21999000;Центральный;Тележная ;16;Площадь Александра Невского;
Адвекс;real_estate_agent;https://spb.cian.ru/sale/flat/294627478/;Санкт-Петербург;sale;flat;3;7;4;107.7;22000000;Адмиралтейский;Бородинская ;1/88;Звенигородская;
Будь первым;real_estate_agent;https://spb.cian.ru/sale/flat/290579582/;Санкт-Петербург;sale;flat;15;16;4;102.3;22000000;Приморский;Сердобольская ;7к2;Лесная;
Интерсервис;real_estate_agent;https://spb.cian.ru/sale/flat/276668938/;Санкт-Петербург;sale;flat;2;3;4;95.0;22000000;Калининский;Герасимовская ;18;Лесная;
Лимон Недвижимость;real_estate_agent;https://spb.cian.ru/sale/flat/298683666/;Санкт-Петербург;sale;flat;3;4;4;118.9;22000000;Адмиралтейский;Вознесенский проспект;45;Садовая;
ПРОСПЕКТ;real_estate_agent;https://spb.cian.ru/sale/flat/296452309/;Санкт-Петербург;sale;flat;4;6;4;98.0;22000000;Центральный; Чехова;4;Маяковская;
Тепло;real_estate_agent;https://spb.cian.ru/sale/flat/296201320/;Санкт-Петербург;sale;flat;18;24;4;116.0;22100000;Красносельский;бульвар Балтийский;4;Ленинский проспект;Паруса
Вадим Слободов;realtor;https://spb.cian.ru/sale/flat/297051025/;Санкт-Петербург;sale;flat;12;14;4;110.75;22150000;Василеостровский;набережная Миклухо-Маклая;1к1;Приморская;Морская набережная. SeaView
МИР КВАРТИР;real_estate_agent;https://spb.cian.ru/sale/flat/271981968/;Санкт-Петербург;sale;flat;4;4;4;148.0;22250000;Центральный;Греческий проспект;13;Площадь Восстания;
Магазин Квартир;real_estate_agent;https://spb.cian.ru/sale/flat/298415754/;Санкт-Петербург;sale;flat;18;23;4;102.82;22101000;Невский;Октябрьская набережная;3соор1;Улица Дыбенко;Pulse Premier
ЮГАН;real_estate_agent;https://spb.cian.ru/sale/flat/295473659/;Санкт-Петербург;sale;flat;13;16;4;142.0;22200000;Василеостровский;Морская набережная;33;Приморская;
VSN (Весь Спектр Недвижимости);real_estate_agent;https://spb.cian.ru/sale/flat/294164551/;Санкт-Петербург;sale;flat;13;14;4;100.0;22300000;Калининский;Кондратьевский проспект;64к4;Лесная;
Недвижка Маркет;real_estate_agent;https://spb.cian.ru/sale/flat/285355254/;Санкт-Петербург;sale;flat;2;6;4;100.0;22400000;Центральный;Невский проспект;156;;
Время Инвест;real_estate_agent;https://spb.cian.ru/sale/flat/290048956/;Санкт-Петербург;sale;flat;4;7;4;85.0;22450000;Центральный;Караванная ;14;Гостиный двор;
IPM Group;real_estate_agent;https://spb.cian.ru/sale/flat/294272735/;Санкт-Петербург;sale;flat;19;24;4;107.8;22500000;Красносельский;бульвар Балтийский;4;Ленинский проспект;Паруса
ЮСОН;real_estate_agent;https://spb.cian.ru/sale/flat/276906069/;Санкт-Петербург;sale;flat;3;6;4;98.3;22300000;Василеостровский;2-я Васильевского острова линия;29;Василеостровская;
ЮГАН;real_estate_agent;https://spb.cian.ru/sale/flat/282459139/;Санкт-Петербург;sale;flat;4;6;4;126.0;22700000;Василеостровский;16-я Васильевского острова линия;19;Горный институт;
Просто недвижимость;real_estate_agent;https://spb.cian.ru/sale/flat/296413084/;Санкт-Петербург;sale;flat;12;17;4;113.6;22900000;Приморский;Комендантский проспект;34к1;Комендантский проспект;
ЮСОН;real_estate_agent;https://spb.cian.ru/sale/flat/297577252/;Санкт-Петербург;sale;flat;1;15;4;103.6;22999000;Приморский;Мебельная ;21к1;Беговая;
AVIV ESTATE;real_estate_agent;https://spb.cian.ru/sale/flat/299344729/;Санкт-Петербург;sale;flat;3;4;4;147.2;22950000;Адмиралтейский;Казанская ;45;Спасская;
ЮСОН;real_estate_agent;https://spb.cian.ru/sale/flat/298536519/;Санкт-Петербург;sale;flat;3;6;4;109.4;22890000;Московский;Московское шоссе;14к1;Звездная;
АЛЕКСАНДР-НЕДВИЖИМОСТЬ;real_estate_agent;https://spb.cian.ru/sale/flat/294998391/;Санкт-Петербург;sale;flat;3;4;4;115.2;22777000;Адмиралтейский;Конногвардейский бульвар;9Б;Адмиралтейская;
М16;real_estate_agent;https://spb.cian.ru/sale/flat/256066239/;Санкт-Петербург;sale;flat;16;17;4;107.0;22900000;Приморский;Парашютная ;61к4;;Шуваловский
ЮРИСТ  отд.;real_estate_agent;https://spb.cian.ru/sale/flat/299417617/;Санкт-Петербург;sale;flat;2;25;4;105.7;22990000;Приморский;проспект Королева;63к1;Комендантский проспект;Юбилейный квартал
МАКРОМИР НЕДВИЖИМОСТЬ;real_estate_agent;https://spb.cian.ru/sale/flat/298784254/;Санкт-Петербург;sale;flat;7;9;4;107.0;23000000;Фрунзенский;Альпийский переулок;37к1;Проспект Славы;
Адвекс;real_estate_agent;https://spb.cian.ru/sale/flat/296696401/;Санкт-Петербург;sale;flat;1;5;4;90.0;23000000;Московский; Севастьянова;1к2;;
Brokers Pro Недвижимость;real_estate_agent;https://spb.cian.ru/sale/flat/299466514/;Санкт-Петербург;sale;flat;4;6;4;107.7;23000000;Центральный;Кирочная ;25;Площадь Восстания;
ДОМУС;real_estate_agent;https://spb.cian.ru/sale/flat/299481732/;Санкт-Петербург;sale;flat;7;12;4;90.5;23500000;Выборгский;Светлановский проспект;8;Пионерская;Панорама парк Сосновка
Адвекс;real_estate_agent;https://spb.cian.ru/sale/flat/291324090/;Санкт-Петербург;sale;flat;6;6;4;181.8;23500000;Василеостровский;проспект Средний Васильевского острова;11;Спортивная;
ТРЕНД;real_estate_agent;https://spb.cian.ru/sale/flat/299328822/;Санкт-Петербург;sale;flat;1;15;4;103.7;23500000;Приморский;Мебельная ;21к1;Беговая;
ТРЕНД;real_estate_agent;https://spb.cian.ru/sale/flat/298845729/;Санкт-Петербург;sale;flat;2;17;4;104.0;23500000;Невский;переулок Клочков;10к2;Проспект Большевиков;
Ольга Юлова;realtor;https://spb.cian.ru/sale/flat/295423373/;Санкт-Петербург;sale;flat;13;21;4;109.9;23500000;Московский;Московское шоссе;26к2;Звездная;Звезда
Жилплощадь;real_estate_agent;https://spb.cian.ru/sale/flat/296963207/;Санкт-Петербург;sale;flat;2;6;4;127.7;23800000;Адмиралтейский;Серпуховская ;48;Технологический институт;
Адвекс;real_estate_agent;https://spb.cian.ru/sale/flat/274207007/;Санкт-Петербург;sale;flat;3;4;4;119.1;23800000;Пушкинский;Жуковско-Волынская ;1/18;;
Балтийский берег;real_estate_agent;https://spb.cian.ru/sale/flat/299592831/;Санкт-Петербург;sale;flat;2;5;4;106.8;24000000;Василеостровский;проспект Малый Васильевского острова;10/62;Спортивная;
МИР КВАРТИР;real_estate_agent;https://spb.cian.ru/sale/flat/298565321/;Санкт-Петербург;sale;flat;2;4;4;104.9;24000000;Центральный;Кузнечный переулок;13;Владимирская;
Виктория Бердышева;realtor;https://spb.cian.ru/sale/flat/299419793/;Санкт-Петербург;sale;flat;4;7;4;78.3;23999999;Центральный; Моисеенко;5;Площадь Восстания;
МАКРОМИР НЕДВИЖИМОСТЬ;real_estate_agent;https://spb.cian.ru/sale/flat/292022015/;Санкт-Петербург;sale;flat;2;7;4;107.7;24000000;Центральный;4-я Советская ;13;Площадь Восстания;
KARTES;real_estate_agent;https://spb.cian.ru/sale/flat/298326050/;Санкт-Петербург;sale;flat;11;15;4;120.0;24000000;Фрунзенский;Софийская ;37к2;Международная;
Гарант-Сервис;real_estate_agent;https://spb.cian.ru/sale/flat/296125538/;Санкт-Петербург;sale;flat;2;6;4;111.5;23950000;Невский;Ивановская ;17;Ломоносовская;
МИР КВАРТИР;real_estate_agent;https://spb.cian.ru/sale/flat/285694094/;Санкт-Петербург;sale;flat;2;3;4;148.9;24000000;Центральный;Синопская набережная;32/35В;Площадь Александра Невского;
Адвекс;real_estate_agent;https://spb.cian.ru/sale/flat/280087905/;Санкт-Петербург;sale;flat;4;4;4;111.5;24000000;Центральный;Невский проспект;22-24;Гостиный двор;
АДРЕС ПЛЮС;real_estate_agent;https://spb.cian.ru/sale/flat/297942481/;Санкт-Петербург;sale;flat;7;7;4;102.3;24000000;Петроградский;Съезжинская ;29;Спортивная;
ТРЕНД;real_estate_agent;https://spb.cian.ru/sale/flat/298825757/;Санкт-Петербург;sale;flat;4;6;4;98.6;24200000;Василеостровский; Челюскина;6;Приморская;Golden City
Большой Дом;real_estate_agent;https://spb.cian.ru/sale/flat/294423056/;Санкт-Петербург;sale;flat;2;4;4;100.9;24200000;Адмиралтейский; Декабристов;19;Спасская;
АЛЕКСАНДР-НЕДВИЖИМОСТЬ;real_estate_agent;https://spb.cian.ru/sale/flat/297036742/;Санкт-Петербург;sale;flat;2;6;4;107.81;24600000;Центральный;3-я Советская ;7;Площадь Восстания;
МИР КВАРТИР;real_estate_agent;https://spb.cian.ru/sale/flat/295985369/;Санкт-Петербург;sale;flat;8;16;4;106.9;24600000;Василеостровский;Морская набережная;15Б;Приморская;
Петербургская Недвижимость;real_estate_agent;https://spb.cian.ru/sale/flat/296473636/;Санкт-Петербург;sale;flat;3;5;4;90.0;24500000;Приморский;Школьная ;15;Черная речка;
Время Инвест;real_estate_agent;https://spb.cian.ru/sale/flat/274871381/;Санкт-Петербург;sale;flat;4;6;4;160.0;24400000;Центральный; Правды;22;Звенигородская;
ЮСОН;real_estate_agent;https://spb.cian.ru/sale/flat/295378570/;Санкт-Петербург;sale;flat;20;24;4;100.0;24700000;Выборгский;Выборгское шоссе;17к2;Проспект Просвещения;
Мир Квартир Элит;real_estate_agent;https://spb.cian.ru/sale/flat/298701107/;Санкт-Петербург;sale;flat;2;7;4;128.0;24700000;Центральный;Лиговский проспект;65;Площадь Восстания;
Просто недвижимость;real_estate_agent;https://spb.cian.ru/sale/flat/299560216/;Санкт-Петербург;sale;flat;13;19;4;136.0;24900000;Кировский;проспект Маршала Жукова;54к1;Ленинский проспект;Полежаевский парк
Rielt Group Agency;real_estate_agent;https://spb.cian.ru/sale/flat/273993460/;Санкт-Петербург;sale;flat;2;3;4;104.0;25000000;Центральный;Графский переулок;10/11;Достоевская;
Омега;real_estate_agent;https://spb.cian.ru/sale/flat/282242656/;Санкт-Петербург;sale;flat;3;7;4;120.8;25000000;Кировский;проспект Стачек;57;Кировский завод;
В ПИТЕРЕ ЖИТЬ;real_estate_agent;https://spb.cian.ru/sale/flat/295094575/;Санкт-Петербург;sale;flat;2;4;4;104.5;24990000;Адмиралтейский;Садовая ;91;Балтийская;
Адвекс;real_estate_agent;https://spb.cian.ru/sale/flat/293651189/;Санкт-Петербург;sale;flat;3;6;4;165.1;24990000;Василеостровский;6-я Васильевского острова линия;41;Василеостровская;
Жилплощадь;real_estate_agent;https://spb.cian.ru/sale/flat/295331357/;Санкт-Петербург;sale;flat;2;5;4;110.0;25000000;Адмиралтейский;Садовая ;65;Садовая;
ЮСОН;real_estate_agent;https://spb.cian.ru/sale/flat/299437479/;Санкт-Петербург;sale;flat;5;7;4;150.0;25000000;Выборгский;шоссе Суздальское;10;Озерки;Новая Скандинавия
Городской Центр Недвижимости;real_estate_agent;https://spb.cian.ru/sale/flat/297922108/;Санкт-Петербург;sale;flat;4;5;4;104.0;25000000;Адмиралтейский;Почтамтский переулок;2;Адмиралтейская;
МИР КВАРТИР;real_estate_agent;https://spb.cian.ru/sale/flat/294426610/;Санкт-Петербург;sale;flat;2;3;4;104.1;25000000;Центральный;Графский переулок;10/11;Достоевская;
Денис Афанасьев;realtor;https://spb.cian.ru/sale/flat/297660619/;Санкт-Петербург;sale;flat;2;7;4;156.1;24900000;Выборгский;шоссе Суздальское;12к2;;
Ю-Питер;real_estate_agent;https://spb.cian.ru/sale/flat/285494358/;Санкт-Петербург;sale;flat;2;10;4;118.1;25000000;Приморский;Новоколомяжский проспект;4К1;Удельная;
Панорама;real_estate_agent;https://spb.cian.ru/sale/flat/297326941/;Санкт-Петербург;sale;flat;3;3;4;108.3;24997000;Адмиралтейский; Декабристов;51;Балтийская;
НЕВА Недвижимость;real_estate_agent;https://spb.cian.ru/sale/flat/298784768/;Санкт-Петербург;sale;flat;4;10;4;112.3;25000000;Кировский;проспект Стачек;79;Автово;
Петр Богатырев;realtor;https://spb.cian.ru/sale/flat/284601167/;Санкт-Петербург;sale;flat;1;7;4;101.1;24900000;Адмиралтейский;Измайловский проспект;16/30;Балтийская;
Инд. Предприниматели;real_estate_agent;https://spb.cian.ru/sale/flat/297642930/;Санкт-Петербург;sale;flat;2;14;4;110.0;24900000;Приморский;набережная Черной речки;9;Черная речка;ЦДС Черная речка
Владислав Харламов;realtor;https://spb.cian.ru/sale/flat/276489058/;Санкт-Петербург;sale;flat;5;6;4;167.5;25000000;Выборгский; Руднева;22/1;Проспект Просвещения;
Татьяна Никитинская;realtor;https://spb.cian.ru/sale/flat/295895775/;Санкт-Петербург;sale;flat;4;6;4;112.3;25000000;Центральный;Думская ;5/22;Невский проспект;
Станислав Серегин;realtor;https://spb.cian.ru/sale/flat/293942118/;Санкт-Петербург;sale;flat;9;17;4;103.3;24900000;Фрунзенский;проспект Славы;52к1;Проспект Славы;
Gordo;real_estate_agent;https://spb.cian.ru/sale/flat/297679158/;Санкт-Петербург;sale;flat;3;18;4;128.3;25018500;Василеостровский;бульвар Александра Грина;2к2;Приморская;Нахимов (Гавань Капитанов)
Эрмитаж Галерея Недвижимости;real_estate_agent;https://spb.cian.ru/sale/flat/298331281/;Санкт-Петербург;sale;flat;9;25;4;115.3;26199999;Калининский; Брянцева;13к1;Гражданский проспект;Дом на проспекте Просвещения
Оксана Дауранова;realtor;https://spb.cian.ru/sale/flat/285102268/;Санкт-Петербург;sale;flat;4;5;4;138.0;26000000;Пушкинский; Глинки;17;;
Альфа Недвижимость;real_estate_agent;https://spb.cian.ru/sale/flat/290951818/;Санкт-Петербург;sale;flat;6;7;4;172.2;25990000;Калининский; Хлопина;7К3;Площадь Мужества;
Ирина Шушунина;realtor;https://spb.cian.ru/sale/flat/296973237/;Санкт-Петербург;sale;flat;4;7;4;131.7;25990000;Петроградский; Ленина;52;Чкаловская;
Brokers Pro Недвижимость;real_estate_agent;https://spb.cian.ru/sale/flat/298745107/;Санкт-Петербург;sale;flat;3;6;4;94.6;26000000;Василеостровский;3-я Васильевского острова линия;58;Спортивная;
ДОМенико;real_estate_agent;https://spb.cian.ru/sale/flat/291256296/;Санкт-Петербург;sale;flat;23;24;4;105.0;26400000;Красносельский;бульвар Балтийский;4;;Паруса
Панорама;real_estate_agent;https://spb.cian.ru/sale/flat/284814518/;Санкт-Петербург;sale;flat;11;17;4;130.0;26500000;Приморский;Коломяжский проспект;20;Пионерская;Богатырский 2
МИР КВАРТИР;real_estate_agent;https://spb.cian.ru/sale/flat/296401388/;Санкт-Петербург;sale;flat;3;3;4;106.0;26500000;Василеостровский;Кадетская линия;17;Спортивная;
Алькор;real_estate_agent;https://spb.cian.ru/sale/flat/295860767/;Санкт-Петербург;sale;flat;5;25;4;166.1;26500000;Василеостровский; Нахимова;20;Приморская;
Будь первым;real_estate_agent;https://spb.cian.ru/sale/flat/299422704/;Санкт-Петербург;sale;flat;4;4;4;100.0;26800000;Выборгский;Большой Сампсониевский проспект;38-40;Выборгская;
Панорама;real_estate_agent;https://spb.cian.ru/sale/flat/299399141/;Санкт-Петербург;sale;flat;2;10;4;112.6;26856000;Выборгский;Манчестерская ;3;Удельная;
Петербургский Риэлтор;real_estate_agent;https://spb.cian.ru/sale/flat/292421539/;Санкт-Петербург;sale;flat;13;13;4;153.8;26950000;Василеостровский;Морская набережная;33;Приморская;
МИР КВАРТИР;real_estate_agent;https://spb.cian.ru/sale/flat/295372903/;Санкт-Петербург;sale;flat;3;6;4;106.2;27000000;Центральный; Рубинштейна;2/45;Достоевская;
Школа Недвижимости;real_estate_agent;https://spb.cian.ru/sale/flat/292068452/;Санкт-Петербург;sale;flat;4;16;4;106.76;27007100;Василеостровский;Гавань;;;Морская Набережная ЖК
MASTER-GROUP Real Estate;real_estate_agent;https://spb.cian.ru/sale/flat/266346951/;Санкт-Петербург;sale;flat;2;3;4;181.9;27000000;Василеостровский;19-я Васильевского острова линия;2;Горный институт;
Антонина Бригис;realtor;https://spb.cian.ru/sale/flat/290434875/;Санкт-Петербург;sale;flat;3;3;4;132.3;27000000;Центральный; Чайковского;33-37;Площадь Ленина;
Симур Бахшиев;realtor;https://spb.cian.ru/sale/flat/290546481/;Санкт-Петербург;sale;flat;3;6;4;103.3;27400000;Московский;Московский проспект;216;Московская;
Будь первым;real_estate_agent;https://spb.cian.ru/sale/flat/298809023/;Санкт-Петербург;sale;flat;2;6;4;138.9;27300000;Василеостровский;проспект Средний Васильевского острова;33;Василеостровская;
АВЕНТИН;real_estate_agent;https://spb.cian.ru/sale/flat/296598769/;Санкт-Петербург;sale;flat;4;4;4;100.0;27400000;Василеостровский;1-я Васильевского острова линия;4;Василеостровская;
ВАРИАНТ;real_estate_agent;https://spb.cian.ru/sale/flat/299153338/;Санкт-Петербург;sale;flat;14;14;4;104.3;27475000;Василеостровский;набережная Миклухо-Маклая;1к1;Приморская;Морская набережная. SeaView
ТРЕНД;real_estate_agent;https://spb.cian.ru/sale/flat/298986454/;Санкт-Петербург;sale;flat;3;7;4;95.7;27295000;Центральный;Лиговский проспект;139;Обводный канал;
Панорама;real_estate_agent;https://spb.cian.ru/sale/flat/290075085/;Санкт-Петербург;sale;flat;2;3;4;165.0;27600000;Приморский;1-я Утиная ;17к1;Озерки;
Русский Фонд Недвижимости;real_estate_agent;https://spb.cian.ru/sale/flat/297182637/;Санкт-Петербург;sale;flat;4;5;4;135.3;28000000;Петроградский;Каменноостровский проспект;59;Петроградская;
ЭЛИТцентр;real_estate_agent;https://spb.cian.ru/sale/flat/295198038/;Санкт-Петербург;sale;flat;7;9;4;140.0;28000000;Выборгский;проспект Энгельса;126К1;Озерки;
АРИСТЕЙ-Риэлти;real_estate_agent;https://spb.cian.ru/sale/flat/287402885/;Санкт-Петербург;sale;flat;5;6;4;170.4;27900000;Петродворцовый;Разводная ;12;;
Смарт Инновации;real_estate_agent;https://spb.cian.ru/sale/flat/299555456/;Санкт-Петербург;sale;flat;1;3;4;90.8;28000000;Фрунзенский;Лиговский проспект;201;Обводный канал;
Магазин Квартир;real_estate_agent;https://spb.cian.ru/sale/flat/285390605/;Санкт-Петербург;sale;flat;15;25;4;117.87;27850000;Приморский;Коломяжский проспект;13;Пионерская;Приморский квартал
8 ЭТАЖ;real_estate_agent;https://spb.cian.ru/sale/flat/297078428/;Санкт-Петербург;sale;flat;6;6;4;95.5;28000000;Петроградский;проспект Большой Петроградской стороны;69;Петроградская;
Панорама;real_estate_agent;https://spb.cian.ru/sale/flat/299149656/;Санкт-Петербург;sale;flat;4;7;4;129.0;28000000;Кировский;проспект Стачек;67К3;Автово;
Адвекс;real_estate_agent;https://spb.cian.ru/sale/flat/293457788/;Санкт-Петербург;sale;flat;5;6;4;188.6;27900000;Петродворцовый;Разводная ;12;;
Анна Брун;realtor;https://spb.cian.ru/sale/flat/294269313/;Санкт-Петербург;sale;flat;4;5;4;145.4;28000000;Центральный;Пушкинская ;6;Площадь Восстания;
Оксана Двораковская;realtor;https://spb.cian.ru/sale/flat/295375392/;Санкт-Петербург;sale;flat;16;20;4;129.2;28000000;Приморский;Долгоозерная ;14;Комендантский проспект;Дом на Долгоозёрной
KARTES;real_estate_agent;https://spb.cian.ru/sale/flat/298570176/;Санкт-Петербург;sale;flat;7;15;4;108.3;28500000;Выборгский;Новолитовская ;14;Лесная;Облака на Лесной
ДомИн;real_estate_agent;https://spb.cian.ru/sale/flat/295047485/;Санкт-Петербург;sale;flat;4;6;4;128.9;28400000;Центральный;Невский проспект;151;Площадь Александра Невского;
Итака;real_estate_agent;https://spb.cian.ru/sale/flat/298074089/;Санкт-Петербург;sale;flat;11;12;4;114.0;28490000;Курортный;Дубковское шоссе;38;Беговая;
Active Group - Арендафон. Штаб Квартир;real_estate_agent;https://spb.cian.ru/sale/flat/294605770/;Санкт-Петербург;sale;flat;3;3;4;115.0;28400000;Центральный; Чайковского;33-37;Чернышевская;
Агентство недвижимости Романа Чиковани;real_estate_agent;https://spb.cian.ru/sale/flat/290501717/;Санкт-Петербург;sale;flat;1;9;4;132.3;28890000;Выборгский;проспект Энгельса;126К1;Озерки;
Ольга Гаврилюк;realtor;https://spb.cian.ru/sale/flat/290344605/;Санкт-Петербург;sale;flat;4;5;4;115.5;28800000;Центральный;Казанская ;8-10;Гостиный двор;
Сергей Варфоломеев;realtor;https://spb.cian.ru/sale/flat/279028513/;Санкт-Петербург;sale;flat;3;11;4;106.7;28800000;Центральный;Кременчугская ;17к3;Площадь Александра Невского;Царская столица
Петербургская Недвижимость;real_estate_agent;https://spb.cian.ru/sale/flat/295324533/;Санкт-Петербург;sale;flat;2;5;4;132.5;29500000;Центральный;Большая Морская ;23/12;Адмиралтейская;
МИР КВАРТИР;real_estate_agent;https://spb.cian.ru/sale/flat/293615061/;Санкт-Петербург;sale;flat;4;5;4;113.2;30000000;Московский;Московский проспект;149А;Электросила;
KARTES;real_estate_agent;https://spb.cian.ru/sale/flat/296501288/;Санкт-Петербург;sale;flat;2;4;4;101.7;30000000;Адмиралтейский;набережная Реки Мойки;62/2;Адмиралтейская;
Торговый дом недвижимости;real_estate_agent;https://spb.cian.ru/sale/flat/290943879/;Санкт-Петербург;sale;flat;3;15;4;141.4;29950000;Калининский;проспект Науки;19К2;Академическая;Гражданка Сити-2
Адвекс;real_estate_agent;https://spb.cian.ru/sale/flat/292240600/;Санкт-Петербург;sale;flat;1;4;4;104.8;29999000;Центральный; Рубинштейна;15-17;Достоевская;
Митра;real_estate_agent;https://spb.cian.ru/sale/flat/298170378/;Санкт-Петербург;sale;flat;2;3;4;170.0;30000000;Петродворцовый; Аврова;26к1;;
Петербургская Недвижимость;real_estate_agent;https://spb.cian.ru/sale/flat/296642924/;Санкт-Петербург;sale;flat;9;10;4;97.1;29850000;Выборгский;Манчестерская ;;Удельная;Svetlana Park
Петербургская Недвижимость;real_estate_agent;https://spb.cian.ru/sale/flat/294366944/;Санкт-Петербург;sale;flat;2;16;4;116.0;29995000;Московский;Краснопутиловская ;125;Московская;
ПИА Недвижимость;real_estate_agent;https://spb.cian.ru/sale/flat/283440909/;Санкт-Петербург;sale;flat;1;9;4;109.1;29800000;Петроградский;Петровский проспект;11к2;Крестовский остров;Neva Haus
Городская Служба Недвижимости;real_estate_agent;https://spb.cian.ru/sale/flat/296681696/;Санкт-Петербург;sale;flat;2;4;4;100.2;29900000;Центральный;Парадная ;4;Площадь Восстания;
Ирина Бабаева;realtor;https://spb.cian.ru/sale/flat/243131157/;Санкт-Петербург;sale;flat;13;15;4;160.2;30000000;Приморский;Комендантский проспект;27К1;Комендантский проспект;
Ольга Волохонская;realtor;https://spb.cian.ru/sale/flat/296786834/;Санкт-Петербург;sale;flat;11;27;4;114.0;29848000;Московский;проспект Космонавтов;37;Московская;Доминанта
Матвеев Дом;real_estate_agent;https://spb.cian.ru/sale/flat/291532110/;Санкт-Петербург;sale;flat;12;12;4;141.4;31000000;Выборгский;Ярославский проспект;66к1;Удельная;
Квадратный метр;real_estate_agent;https://spb.cian.ru/sale/flat/295003407/;Санкт-Петербург;sale;flat;10;12;4;102.9;30900000;Московский; Решетникова;29;Электросила;iD Park Pobedy
МИР КВАРТИР;real_estate_agent;https://spb.cian.ru/sale/flat/298042859/;Санкт-Петербург;sale;flat;3;3;4;102.0;31000000;Приморский; Новая;51к27;Беговая;Квартал Лахта Парк
Панорама;real_estate_agent;https://spb.cian.ru/sale/flat/298018068/;Санкт-Петербург;sale;flat;3;6;4;120.8;30770000;Василеостровский;6-я Васильевского острова линия;43;Василеостровская;
МИР КВАРТИР;real_estate_agent;https://spb.cian.ru/sale/flat/295227027/;Санкт-Петербург;sale;flat;2;4;4;144.0;31072765;Адмиралтейский;Казначейская ;4;Сенная площадь;
Этажи Санкт-Петербург;real_estate_agent;https://spb.cian.ru/sale/flat/299660633/;Санкт-Петербург;sale;flat;2;6;4;112.3;31500000;Адмиралтейский;Садовая ;97;Сенная площадь;
Панорама;real_estate_agent;https://spb.cian.ru/sale/flat/295162597/;Санкт-Петербург;sale;flat;8;14;4;128.0;31700000;Московский;Бассейная ;73к1;Парк Победы;
ДомИн;real_estate_agent;https://spb.cian.ru/sale/flat/297247847/;Санкт-Петербург;sale;flat;3;4;4;131.0;32000000;Приморский;Новосельковская ;12;Пионерская;
Огни Города;real_estate_agent;https://spb.cian.ru/sale/flat/294966239/;Санкт-Петербург;sale;flat;3;15;4;160.9;32000000;Невский;проспект Пятилеток;13к1;Проспект Большевиков;
Будь первым;real_estate_agent;https://spb.cian.ru/sale/flat/293718116/;Санкт-Петербург;sale;flat;2;6;4;112.5;32000000;Красносельский;проспект Патриотов;35;Ленинский проспект;Lotos Сlub
Апартаменты Петербурга;real_estate_agent;https://spb.cian.ru/sale/flat/299060597/;Санкт-Петербург;sale;flat;5;5;4;97.7;32000000;Петроградский; Мира;10;Горьковская;
Мир Квартир Элит;real_estate_agent;https://spb.cian.ru/sale/flat/299190042/;Санкт-Петербург;sale;flat;12;19;4;122.0;32000000;Московский;Малая Митрофаньевская ;8к1;Московские ворота;Галактика. Премиум
ТОЧКАДОМ;real_estate_agent;https://spb.cian.ru/sale/flat/299016869/;Санкт-Петербург;sale;flat;7;15;4;132.1;32000000;Василеостровский; Кораблестроителей;34;Приморская;
Агентство-Адвокат;real_estate_agent;https://spb.cian.ru/sale/flat/298256791/;Санкт-Петербург;sale;flat;4;4;4;118.8;32900000;Василеостровский;проспект Средний Васильевского острова;7;Спортивная;
Кремлёвские Ключи;real_estate_agent;https://spb.cian.ru/sale/flat/298949464/;Санкт-Петербург;sale;flat;3;7;4;150.7;32990000;Василеостровский;Гаванская ;20;Приморская;
Эрмитаж Галерея Недвижимости;real_estate_agent;https://spb.cian.ru/sale/flat/299522479/;Санкт-Петербург;sale;flat;33;35;4;130.0;33000000;Невский;проспект Обуховской обороны;138к2;Обухово;Князь Александр Невский
Огни Города;real_estate_agent;https://spb.cian.ru/sale/flat/284793404/;Санкт-Петербург;sale;flat;3;6;4;133.5;33000000;Петроградский;проспект Большой Петроградской стороны;7/4;Спортивная;
Владис Аврора;real_estate_agent;https://spb.cian.ru/sale/flat/294109474/;Санкт-Петербург;sale;flat;3;8;4;80.5;33999999;Петроградский;Ремесленная ;21;Спортивная;Апарт-отель AVATAR
Просто недвижимость;real_estate_agent;https://spb.cian.ru/sale/flat/286718359/;Санкт-Петербург;sale;flat;12;16;4;153.0;33999000;Василеостровский;Морская набережная;35К2;Приморская;
EWNESTATE;real_estate_agent;https://spb.cian.ru/sale/flat/294562882/;Санкт-Петербург;sale;flat;2;4;4;143.0;33999999;Центральный;Суворовский проспект;37;Площадь Восстания;
НЕВА Недвижимость;real_estate_agent;https://spb.cian.ru/sale/flat/297319628/;Санкт-Петербург;sale;flat;5;5;4;112.6;34000000;Петроградский;Ждановская набережная;11Д;Спортивная;
NEDmax;real_estate_agent;https://spb.cian.ru/sale/flat/275924129/;Санкт-Петербург;sale;flat;12;12;4;92.7;34500000;Красногвардейский;Магнитогорская ;3к2;Новочеркасская;Magnifika Lifestyle
ИнтерСервис Про;real_estate_agent;https://spb.cian.ru/sale/flat/296336383/;Санкт-Петербург;sale;flat;2;8;4;158.1;34500000;Центральный;Конная ;24;Площадь Александра Невского;
Артем Шепелев;realtor;https://spb.cian.ru/sale/flat/298417497/;Санкт-Петербург;sale;flat;3;15;4;139.7;34500000;Выборгский;проспект Луначарского;11к3;Озерки;
Инд. Предприниматели;real_estate_agent;https://spb.cian.ru/sale/flat/298755978/;Санкт-Петербург;sale;flat;11;14;4;110.0;34600000;Приморский;набережная Черной речки;9;Черная речка;ЦДС Черная речка
ДомИн;real_estate_agent;https://spb.cian.ru/sale/flat/285947778/;Санкт-Петербург;sale;flat;6;18;4;102.4;34900000;Фрунзенский;Загребский бульвар;9;Дунайская;Радуга
МИР КВАРТИР;real_estate_agent;https://spb.cian.ru/sale/flat/299573807/;Санкт-Петербург;sale;flat;3;6;4;123.8;34900000;Центральный;Суворовский проспект;38Б;Чернышевская;
МИР КВАРТИР;real_estate_agent;https://spb.cian.ru/sale/flat/299570668/;Санкт-Петербург;sale;flat;4;6;4;114.6;35000000;Центральный; Чайковского;2/7Б;Чернышевская;
Будь первым;real_estate_agent;https://spb.cian.ru/sale/flat/294383214/;Санкт-Петербург;sale;flat;3;6;4;160.0;35000000;Центральный;Кирочная ;49;Чернышевская;
АТЛАНТА;real_estate_agent;https://spb.cian.ru/sale/flat/295015630/;Санкт-Петербург;sale;flat;2;10;4;159.7;35000000;Выборгский;проспект Тореза;81к1;Удельная;
Торент;real_estate_agent;https://spb.cian.ru/sale/flat/289202007/;Санкт-Петербург;sale;flat;16;21;4;120.0;35000000;Василеостровский; Челюскина;8;Приморская;Golden City
Панорама;real_estate_agent;https://spb.cian.ru/sale/flat/299357386/;Санкт-Петербург;sale;flat;5;6;4;150.0;35000000;Василеостровский;19-я Васильевского острова линия;14/54;;
Адвекс;real_estate_agent;https://spb.cian.ru/sale/flat/287605685/;Санкт-Петербург;sale;flat;7;9;4;123.1;35000000;Адмиралтейский;Серпуховская ;34;Технологический институт;
FisherGroup;real_estate_agent;https://spb.cian.ru/sale/flat/298724968/;Санкт-Петербург;sale;flat;5;6;4;101.2;35000000;Центральный; Жуковского;43;Площадь Восстания;
БЮРО НЕДВИЖИМОСТИ No1;real_estate_agent;https://spb.cian.ru/sale/flat/278144927/;Санкт-Петербург;sale;flat;19;23;4;106.0;35000000;Калининский;Пискарёвка;5к8;Лесная;Калина-Парк II
Инна Горлова;realtor;https://spb.cian.ru/sale/flat/296006405/;Санкт-Петербург;sale;flat;22;25;4;120.0;36000000;Московский; Типанова;27/39;Московская;
ЭЦН;real_estate_agent;https://spb.cian.ru/sale/flat/297963700/;Санкт-Петербург;sale;flat;4;4;4;168.0;36000000;Василеостровский;проспект Большой Васильевского острова;37/5;Василеостровская;
Михаил Михаль;realtor;https://spb.cian.ru/sale/flat/294969950/;Санкт-Петербург;sale;flat;2;7;4;195.6;36000000;Центральный;Пушкинская ;10;Маяковская;
Инд. Предприниматели;real_estate_agent;https://spb.cian.ru/sale/flat/297855578/;Санкт-Петербург;sale;flat;2;9;4;110.0;36170000;Петроградский;проезд Петровская коса;6к1;Крестовский остров;Петровская Доминанта
АЛЕКСАНДР-НЕДВИЖИМОСТЬ;real_estate_agent;https://spb.cian.ru/sale/flat/297991504/;Санкт-Петербург;sale;flat;4;9;4;133.8;36795000;Василеостровский;Детская ;18;Василеостровская;Дом на Детской
Екатерина Шлепнева;realtor;https://spb.cian.ru/sale/flat/291926055/;Санкт-Петербург;sale;flat;2;6;4;127.0;36490000;Центральный;Смольный проспект;9;Новочеркасская;
АЛЕКСАНДР-НЕДВИЖИМОСТЬ;real_estate_agent;https://spb.cian.ru/sale/flat/297991497/;Санкт-Петербург;sale;flat;5;9;4;134.1;36877000;Василеостровский;Детская ;18;Приморская;Дом на Детской
Будь первым;real_estate_agent;https://spb.cian.ru/sale/flat/298579972/;Санкт-Петербург;sale;flat;4;8;4;122.0;37700000;Петроградский;Петровский проспект;26к2;Крестовский остров;The One
Вадим Слободов;realtor;https://spb.cian.ru/sale/flat/293812066/;Санкт-Петербург;sale;flat;4;8;4;118.0;37800000;Петроградский;Петровский проспект;26к2;Крестовский остров;The One
Петербургское;real_estate_agent;https://spb.cian.ru/sale/flat/298515597/;Санкт-Петербург;sale;flat;13;25;4;151.1;38000000;Василеостровский; Нахимова;20;Приморская;
МАКРОМИР НЕДВИЖИМОСТЬ;real_estate_agent;https://spb.cian.ru/sale/flat/266372444/;Санкт-Петербург;sale;flat;3;8;4;145.0;38000000;Московский;Алтайская ;12;Московская;
Оксана Абрамова;realtor;https://spb.cian.ru/sale/flat/292595265/;Санкт-Петербург;sale;flat;22;23;4;171.1;38000000;Выборгский;проспект Тореза;112к1;Удельная;
ЭЛИТцентр;real_estate_agent;https://spb.cian.ru/sale/flat/298555281/;Санкт-Петербург;sale;flat;4;10;4;118.0;39000000;Московский;Московское шоссе;16к1;Звездная;
МИР КВАРТИР;real_estate_agent;https://spb.cian.ru/sale/flat/299239814/;Санкт-Петербург;sale;flat;5;7;4;170.1;38950000;Адмиралтейский;набережная Реки Фонтанки;131;Сенная площадь;
Риэлторские Услуги;real_estate_agent;https://spb.cian.ru/sale/flat/292902987/;Санкт-Петербург;sale;flat;8;20;4;122.0;38800000;Василеостровский; Челюскина;8;Приморская;Golden City
Районный Агент;real_estate_agent;https://spb.cian.ru/sale/flat/299596881/;Санкт-Петербург;sale;flat;25;25;4;120.0;39500000;Московский;Краснопутиловская ;113К1;Московская;Clever
МИР КВАРТИР;real_estate_agent;https://spb.cian.ru/sale/flat/293984607/;Санкт-Петербург;sale;flat;14;14;4;159.8;39500000;Московский;Смоленская ;14;Фрунзенская;Богемия
Панорама;real_estate_agent;https://spb.cian.ru/sale/flat/297692432/;Санкт-Петербург;sale;flat;2;3;4;210.0;39500000;Приморский;Эстонская ;19;Комендантский проспект;
ЦН КВАДРАТ;real_estate_agent;https://spb.cian.ru/sale/flat/292590084/;Санкт-Петербург;sale;flat;2;3;4;216.5;39990000;Приморский;проспект Авиаконструкторов;55К2;Комендантский проспект;
Century 21 Гарант;real_estate_agent;https://spb.cian.ru/sale/flat/294509119/;Санкт-Петербург;sale;flat;3;10;4;104.7;39950000;Красногвардейский;Магнитогорская ;11;Новочеркасская;Magnifika Residence
МИР КВАРТИР;real_estate_agent;https://spb.cian.ru/sale/flat/297157220/;Санкт-Петербург;sale;flat;5;8;4;118.4;39900000;Петроградский;Петровский проспект;26Д;Крестовский остров;The One
Агентство недвижимости Сергея Галлера;real_estate_agent;https://spb.cian.ru/sale/flat/297908960/;Санкт-Петербург;sale;flat;12;25;4;105.7;40000000;Московский;Московский проспект;;Московская;Граф Орлов
ЮСОН;real_estate_agent;https://spb.cian.ru/sale/flat/262828758/;Санкт-Петербург;sale;flat;4;7;4;134.1;40000000;Адмиралтейский;набережная Канала Грибоедова;144;Балтийская;
Городской департамент недвижимости;real_estate_agent;https://spb.cian.ru/sale/flat/288157617/;Санкт-Петербург;sale;flat;3;4;4;156.8;40000000;Василеостровский;проспект Большой Васильевского острова;35;Василеостровская;
А Групп;real_estate_agent;https://spb.cian.ru/sale/flat/290783858/;Санкт-Петербург;sale;flat;3;9;4;175.83;39900000;Выборгский;Костромской проспект;71;Удельная;
Инд. Предприниматели;real_estate_agent;https://spb.cian.ru/sale/flat/299618680/;Санкт-Петербург;sale;flat;3;8;4;125.0;40450000;Петроградский;Петровский проспект;26к2;Крестовский остров;The One
Школа Недвижимости;real_estate_agent;https://spb.cian.ru/sale/flat/298976589/;Санкт-Петербург;sale;flat;6;6;4;122.3;40980000;Петроградский;проспект Малый Петроградской стороны;79-81-83;Петроградская;
АЛЕКСАНДР-НЕДВИЖИМОСТЬ;real_estate_agent;https://spb.cian.ru/sale/flat/297991510/;Санкт-Петербург;sale;flat;4;11;4;144.6;41800000;Адмиралтейский;набережная Обводного Канала;108;Фрунзенская;
МАКРОМИР НЕДВИЖИМОСТЬ;real_estate_agent;https://spb.cian.ru/sale/flat/289672681/;Санкт-Петербург;sale;flat;21;23;4;170.0;41500000;Московский; Ленсовета;87к3;Звездная;Клубный дом BARCELONA
Любимое дело;real_estate_agent;https://spb.cian.ru/sale/flat/296405519/;Санкт-Петербург;sale;flat;5;5;4;166.7;41800000;Центральный;Невский проспект;180/2;Площадь Александра Невского;
МИР КВАРТИР;real_estate_agent;https://spb.cian.ru/sale/flat/298535093/;Санкт-Петербург;sale;flat;12;12;4;158.5;43100000;Фрунзенский;Тамбовская ;7к2;Обводный канал;Дом на Тамбовской
Петербургская Риэлторская Компания;real_estate_agent;https://spb.cian.ru/sale/flat/287844931/;Санкт-Петербург;sale;flat;4;4;4;152.0;42950000;Приморский; Новая;51к1;Беговая;Квартал Лахта Парк
ЮВИКОЛ;real_estate_agent;https://spb.cian.ru/sale/flat/286530380/;Санкт-Петербург;sale;flat;7;8;4;137.0;43500000;Пушкинский;Детскосельский бульвар;5а;Купчино;
Екатерина Меркушева;realtor;https://spb.cian.ru/sale/flat/297950958/;Санкт-Петербург;sale;flat;2;7;4;134.4;43800000;Адмиралтейский;Малодетскосельский проспект;40;Фрунзенская;Идеалист
Владис Север;real_estate_agent;https://spb.cian.ru/sale/flat/286204787/;Санкт-Петербург;sale;flat;6;7;4;140.3;44500000;Петроградский; Блохина;13;Спортивная;
Инд. Предприниматели;real_estate_agent;https://spb.cian.ru/sale/flat/299022445/;Санкт-Петербург;sale;flat;2;8;4;130.0;44680000;Петроградский;Петровский проспект;22к2;Крестовский остров;Familia
СЕВЕР;real_estate_agent;https://spb.cian.ru/sale/flat/289485792/;Санкт-Петербург;sale;flat;3;10;4;127.0;45000000;Петроградский;Офицерский переулок;8;Спортивная;Офицерский
ИП Лайкова И.Н.;real_estate_agent;https://spb.cian.ru/sale/flat/286164702/;Санкт-Петербург;sale;flat;16;24;4;116.5;45000000;Московский;Московский проспект;;Московская;
Петербургская Риэлторская Компания;real_estate_agent;https://spb.cian.ru/sale/flat/287845209/;Санкт-Петербург;sale;flat;4;4;4;150.0;44950000;Приморский; Новая;51к1;Беговая;Квартал Лахта Парк
MASTER-GROUP Real Estate;real_estate_agent;https://spb.cian.ru/sale/flat/295207970/;Санкт-Петербург;sale;flat;10;12;4;129.9;45000000;Красносельский;проспект Героев;30;Ленинский проспект;Жемчужный берег
Александр Сидоров;realtor;https://spb.cian.ru/sale/flat/296476921/;Санкт-Петербург;sale;flat;7;8;4;101.9;44999999;Адмиралтейский;набережная Обводного Канала;106;Фрунзенская;Московский, 65
МИР КВАРТИР;real_estate_agent;https://spb.cian.ru/sale/flat/283322030/;Санкт-Петербург;sale;flat;3;4;4;168.3;45700000;Адмиралтейский;набережная Канала Грибоедова;105;Спасская;
Магазин Квартир;real_estate_agent;https://spb.cian.ru/sale/flat/299136243/;Санкт-Петербург;sale;flat;1;6;4;158.0;47000000;Адмиралтейский;Адмиралтейская набережная;12-14;Адмиралтейская;
Егор Квач;realtor;https://spb.cian.ru/sale/flat/290501646/;Санкт-Петербург;sale;flat;6;7;4;181.3;47000000;Московский;Свеаборгская ;11;Электросила;
Ирина Никитина;real_estate_agent;https://spb.cian.ru/sale/flat/292044299/;Санкт-Петербург;sale;flat;3;7;4;152.1;48000000;Центральный;Тележная ;32;Площадь Александра Невского;Новый Невский
МИР КВАРТИР;real_estate_agent;https://spb.cian.ru/sale/flat/299336692/;Санкт-Петербург;sale;flat;10;11;4;215.0;48368000;Василеостровский; Одоевского;21к1;Приморская;Адмирал Ушаков
Панорама;real_estate_agent;https://spb.cian.ru/sale/flat/297818910/;Санкт-Петербург;sale;flat;4;4;4;205.3;48245500;Пушкинский;Захаржевская ;14;Звездная;Дворянское сословие
Школа Недвижимости;real_estate_agent;https://spb.cian.ru/sale/flat/292684092/;Санкт-Петербург;sale;flat;2;8;4;135.75;49105000;Адмиралтейский;Московский проспект;65;Фрунзенская;
ID 15694104;realtor;https://spb.cian.ru/sale/flat/273036197/;Санкт-Петербург;sale;flat;10;15;4;184.0;48700000;Красногвардейский;Большеохтинский проспект;16к1;Новочеркасская;
Будь первым;real_estate_agent;https://spb.cian.ru/sale/flat/276142024/;Санкт-Петербург;sale;flat;3;6;4;140.4;50000000;Петроградский;проспект Добролюбова;19;Спортивная;
МИР КВАРТИР;real_estate_agent;https://spb.cian.ru/sale/flat/290212891/;Санкт-Петербург;sale;flat;2;5;4;98.0;49995000;Василеостровский;9-я Васильевского острова линия;68;Василеостровская;
Время Инвест;real_estate_agent;https://spb.cian.ru/sale/flat/279276155/;Санкт-Петербург;sale;flat;2;5;4;216.4;50000000;Красногвардейский;Большеохтинский проспект;31;Новочеркасская;
ID 10843416;unknown;https://spb.cian.ru/sale/flat/265222288/;Санкт-Петербург;sale;flat;5;5;4;221.0;49900000;Адмиралтейский;Адмиралтейская набережная;12-14;Адмиралтейская;
Будь первым;real_estate_agent;https://spb.cian.ru/sale/flat/298853371/;Санкт-Петербург;sale;flat;2;7;4;138.5;50930000;Адмиралтейский;Малодетскосельский проспект;40;Фрунзенская;Идеалист
Елизавета Уварова;realtor;https://spb.cian.ru/sale/flat/292176968/;Санкт-Петербург;sale;flat;12;15;4;150.0;51000000;Московский;Московское шоссе;3к4;Звездная;NEO
СТАТУС;real_estate_agent;https://spb.cian.ru/sale/flat/294460914/;Санкт-Петербург;sale;flat;2;9;4;143.0;53000000;Петроградский;проезд Петровская коса;6к1;Крестовский остров;Петровская Доминанта
Инд. Предприниматели;real_estate_agent;https://spb.cian.ru/sale/flat/299481969/;Санкт-Петербург;sale;flat;2;9;4;175.0;53280000;Петроградский;Петровский проспект;9к2;Крестовский остров;Neva Haus
Флэтрум;real_estate_agent;https://spb.cian.ru/sale/flat/293745730/;Санкт-Петербург;sale;flat;24;24;4;160.6;54000000;Московский;Московский проспект;;Московская;
Школа Недвижимости;real_estate_agent;https://spb.cian.ru/sale/flat/293483858/;Санкт-Петербург;sale;flat;4;5;4;118.7;54000000;Василеостровский;20-я Васильевского острова линия;7;Василеостровская;
Мир Квартир PREMIUM;real_estate_agent;https://spb.cian.ru/sale/flat/295910633/;Санкт-Петербург;sale;flat;3;5;4;136.0;53900000;Центральный;Итальянская ;33;Гостиный двор;
Вера Аникеева;realtor;https://spb.cian.ru/sale/flat/294580796/;Санкт-Петербург;sale;flat;8;10;4;150.34;53900000;Петроградский;Большая Разночинная ;19а;Чкаловская;Клубный дом 
Школа Недвижимости;real_estate_agent;https://spb.cian.ru/sale/flat/294392840/;Санкт-Петербург;sale;flat;2;7;4;142.0;55640000;Адмиралтейский;Малодетскосельский проспект;40;Фрунзенская;Идеалист
Линкор Недвижимость;real_estate_agent;https://spb.cian.ru/sale/flat/275054966/;Санкт-Петербург;sale;flat;3;7;4;161.0;56000000;Адмиралтейский;Можайская ;18;Пушкинская;
Школа Недвижимости;real_estate_agent;https://spb.cian.ru/sale/flat/292438984/;Санкт-Петербург;sale;flat;7;8;4;132.3;56000000;Петроградский;Петровский проспект;22к2;Спортивная;Familia
Елена Гуцол;realtor;https://spb.cian.ru/sale/flat/269181088/;Санкт-Петербург;sale;flat;15;20;4;154.5;57000000;Приморский;Ушаковская набережная;3к4;Черная речка;Riverside
Century 21 Гарант;real_estate_agent;https://spb.cian.ru/sale/flat/298378202/;Санкт-Петербург;sale;flat;2;4;4;126.3;58500000;Красносельский;Петергофское шоссе;45;Проспект Ветеранов;Жемчужная симфония
NF GROUP  St Petersburg;real_estate_agent;https://spb.cian.ru/sale/flat/297374266/;Санкт-Петербург;sale;flat;1;6;4;192.7;58800000;Петроградский;набережная Мартынова;74Д;Крестовский остров;
Магазин Квартир;real_estate_agent;https://spb.cian.ru/sale/flat/296193876/;Санкт-Петербург;sale;flat;9;20;4;168.0;58400000;Выборгский;аллея Академика Лихачева;7;Площадь Мужества;Институтский, 16
Будь первым;real_estate_agent;https://spb.cian.ru/sale/flat/290886392/;Санкт-Петербург;sale;flat;9;10;4;170.0;59400000;Петроградский;Песочная набережная;18;Петроградская;Песочная наб. 18
Этажи Санкт-Петербург;real_estate_agent;https://spb.cian.ru/sale/flat/298945107/;Санкт-Петербург;sale;flat;35;36;4;250.0;60000000;Невский;проспект Обуховской обороны;138к2;Рыбацкое;Князь Александр Невский
Мир Квартир PREMIUM;real_estate_agent;https://spb.cian.ru/sale/flat/295910376/;Санкт-Петербург;sale;flat;5;5;4;210.0;59900000;Приморский;Нижне-Каменская ;7к1;Комендантский проспект;Дом на улице Нижне-Каменская
i-deal;real_estate_agent;https://spb.cian.ru/sale/flat/294007241/;Санкт-Петербург;sale;flat;4;6;4;147.4;60000000;Центральный;набережная Канала Грибоедова;10;Гостиный двор;
Ирина Ивлева;realtor;https://spb.cian.ru/sale/flat/299359968/;Санкт-Петербург;sale;flat;4;25;4;148.9;59500000;Приморский;Дибуновская ;50;Старая Деревня;
Екатерина Носова;realtor;https://spb.cian.ru/sale/flat/287951168/;Санкт-Петербург;sale;flat;6;6;4;213.3;60000000;Петроградский;Кронверкская ;29/37Б;Петроградская;
GLENDELS;real_estate_agent;https://spb.cian.ru/sale/flat/297810396/;Санкт-Петербург;sale;flat;1;7;4;133.0;60990000;Петроградский;Морской проспект;24;;
Elite Club Realty;real_estate_agent;https://spb.cian.ru/sale/flat/299323420/;Санкт-Петербург;sale;flat;2;7;4;179.7;61000000;Петроградский;Петровский проспект;11к3;Крестовский остров;Neva Haus
Станислав Кракович;realtor;https://spb.cian.ru/sale/flat/288004485/;Санкт-Петербург;sale;flat;13;26;4;207.0;62100000;Приморский;Приморский проспект;137к1;Беговая;Золотая гавань
Мир Квартир Элит;real_estate_agent;https://spb.cian.ru/sale/flat/298433620/;Санкт-Петербург;sale;flat;2;6;4;151.5;63000000;Московский;Московский проспект;151;Электросила;
Инд. Предприниматели;real_estate_agent;https://spb.cian.ru/sale/flat/297855077/;Санкт-Петербург;sale;flat;3;9;4;190.0;62890000;Петроградский;проезд Петровская коса;6к1;Крестовский остров;Петровская Доминанта
Ваш Дом;real_estate_agent;https://spb.cian.ru/sale/flat/294252568/;Санкт-Петербург;sale;flat;5;5;4;153.0;64000000;Адмиралтейский;Адмиралтейская набережная;12-14;Адмиралтейская;
NF GROUP  St Petersburg;real_estate_agent;https://spb.cian.ru/sale/flat/299243400/;Санкт-Петербург;sale;flat;6;10;4;123.0;65000000;Петроградский;Петровский проспект;5;Спортивная;ОСТРОВ
Инна Горлова;realtor;https://spb.cian.ru/sale/flat/296537059/;Санкт-Петербург;sale;flat;4;5;4;135.0;65000000;Петроградский;Барочная ;6;Чкаловская;Futurist
Надежда Борисовна Кузьминская;realtor;https://spb.cian.ru/sale/flat/257998266/;Санкт-Петербург;sale;flat;8;8;4;212.0;64500000;Адмиралтейский;Серпуховская ;34;Технологический институт;
Мир Квартир Элит;real_estate_agent;https://spb.cian.ru/sale/flat/299137107/;Санкт-Петербург;sale;flat;3;3;4;187.7;65000000;Адмиралтейский;Почтамтская ;8;Адмиралтейская;
Панорама;real_estate_agent;https://spb.cian.ru/sale/flat/294351726/;Санкт-Петербург;sale;flat;4;4;4;234.1;65000000;Петроградский;Каменноостровский проспект;50;Петроградская;
Олег Токтев;realtor;https://spb.cian.ru/sale/flat/297747621/;Санкт-Петербург;sale;flat;7;8;4;154.38;67386870;Петроградский; Чапаева;19Б;Петроградская;
Магазин Квартир;real_estate_agent;https://spb.cian.ru/sale/flat/281123691/;Санкт-Петербург;sale;flat;9;9;4;177.3;69000000;Петроградский;Офицерский переулок;8с2;Спортивная;
NF GROUP  St Petersburg;real_estate_agent;https://spb.cian.ru/sale/flat/299243409/;Санкт-Петербург;sale;flat;9;9;4;128.4;69000000;Петроградский;Аптекарский проспект;5;Петроградская;BOTANICA
Active Group - Арендафон. Штаб Квартир;real_estate_agent;https://spb.cian.ru/sale/flat/293126915/;Санкт-Петербург;sale;flat;5;7;4;157.0;69500000;Приморский;Приморский проспект;78к5;Беговая;Лахта Плаза
TOWN 78;real_estate_agent;https://spb.cian.ru/sale/flat/299666206/;Санкт-Петербург;sale;flat;12;14;4;124.5;69800000;Красногвардейский;Магнитогорская ;3к2;Новочеркасская;Magnifika Lifestyle
VIPFLAT;real_estate_agent;https://spb.cian.ru/sale/flat/295416231/;Санкт-Петербург;sale;flat;7;13;4;157.0;69900000;Петроградский;Песочная набережная;12;Петроградская;
Петербургская Недвижимость;real_estate_agent;https://spb.cian.ru/sale/flat/281852622/;Санкт-Петербург;sale;flat;4;9;4;170.3;70000000;Петроградский;Крестовский проспект;15;Крестовский остров;
IPM Group;real_estate_agent;https://spb.cian.ru/sale/flat/298661433/;Санкт-Петербург;sale;flat;2;4;4;238.1;70000000;Центральный;Гагаринская ;12;Площадь Ленина;
Кристина Костюкова;realtor;https://spb.cian.ru/sale/flat/299293501/;Санкт-Петербург;sale;flat;3;8;4;157.0;72000000;Приморский;Приморский проспект;78к5;Беговая;Лахта Плаза
Мир Квартир Элит;real_estate_agent;https://spb.cian.ru/sale/flat/297961352/;Санкт-Петербург;sale;flat;8;15;4;140.0;74000000;Приморский;Ушаковская набережная;3к2;Черная речка;Riverside
МАКРОМИР НЕДВИЖИМОСТЬ;real_estate_agent;https://spb.cian.ru/sale/flat/298897512/;Санкт-Петербург;sale;flat;5;6;4;223.0;73900000;Центральный; Рубинштейна;2/45;Достоевская;
Кремлёвские Ключи;real_estate_agent;https://spb.cian.ru/sale/flat/299122060/;Санкт-Петербург;sale;flat;4;7;4;143.6;74990000;Петроградский;проезд Петровская коса;6к1;Крестовский остров;Петровская Доминанта
FisherGroup;real_estate_agent;https://spb.cian.ru/sale/flat/298450551/;Санкт-Петербург;sale;flat;5;6;4;211.0;75000000;Центральный;Моховая ;47;Гостиный двор;
АБСОЛЮТ Сити;real_estate_agent;https://spb.cian.ru/sale/flat/297507834/;Санкт-Петербург;sale;flat;3;9;4;171.0;75000000;Петроградский;Петровский проспект;1;Чкаловская;
Elite Club Realty;real_estate_agent;https://spb.cian.ru/sale/flat/282918307/;Санкт-Петербург;sale;flat;1;11;4;202.9;77600000;Петроградский;Петровский проспект;11к3;Спортивная;Neva Haus
Панорама;real_estate_agent;https://spb.cian.ru/sale/flat/292706028/;Санкт-Петербург;sale;flat;9;9;4;479.0;78000000;Василеостровский;Морская набережная;21к1;Приморская;
Мир Квартир PREMIUM;real_estate_agent;https://spb.cian.ru/sale/flat/295910505/;Санкт-Петербург;sale;flat;2;9;4;220.4;78900000;Петроградский;Крестовский проспект;15;Крестовский остров;
BE HOME;real_estate_agent;https://spb.cian.ru/sale/flat/295132580/;Санкт-Петербург;sale;flat;5;7;4;146.0;80385000;Центральный;Таврическая ;37;Чернышевская;
Мир Квартир Элит;real_estate_agent;https://spb.cian.ru/sale/flat/297891598/;Санкт-Петербург;sale;flat;4;7;4;175.0;81900000;Центральный; Восстания;8а;Площадь Восстания;
Будь первым;real_estate_agent;https://spb.cian.ru/sale/flat/284914584/;Санкт-Петербург;sale;flat;5;6;4;180.0;84990000;Центральный;Таврическая ;5;Чернышевская;
ЮСОН;real_estate_agent;https://spb.cian.ru/sale/flat/299006648/;Санкт-Петербург;sale;flat;2;6;4;138.4;85000000;Центральный;переулок Басков;2;Чернышевская;Русский дом
М16;real_estate_agent;https://spb.cian.ru/sale/flat/293136992/;Санкт-Петербург;sale;flat;11;12;4;163.4;85000000;Петроградский;Песочная набережная;18;Петроградская;Песочная наб. 18
NF GROUP  St Petersburg;real_estate_agent;https://spb.cian.ru/sale/flat/295198536/;Санкт-Петербург;sale;flat;3;5;4;149.8;85000000;Центральный;Смольный проспект;13;Чернышевская;Смольный проспект
Мир Квартир Элит;real_estate_agent;https://spb.cian.ru/sale/flat/299339909/;Санкт-Петербург;sale;flat;3;5;4;149.8;85000000;Центральный;Смольный проспект;13;Чернышевская;Смольный проспект
Инга Морозовская;realtor;https://spb.cian.ru/sale/flat/260000419/;Санкт-Петербург;sale;flat;3;5;4;149.0;85000000;Центральный;Смольный проспект;13;Чернышевская;Смольный проспект
NEXT Level;real_estate_agent;https://spb.cian.ru/sale/flat/296804785/;Санкт-Петербург;sale;flat;4;8;4;137.9;89000000;Центральный;Смольная набережная;12;Маяковская;Смольный парк
Школа Недвижимости;real_estate_agent;https://spb.cian.ru/sale/flat/291495866/;Санкт-Петербург;sale;flat;7;7;4;212.4;88722774;Петроградский; Рентгена;25;Петроградская;White House
Русский Дом;real_estate_agent;https://spb.cian.ru/sale/flat/297306325/;Санкт-Петербург;sale;flat;3;6;4;200.0;95000000;Петроградский;Морской проспект;11;Крестовский остров;
А Групп;real_estate_agent;https://spb.cian.ru/sale/flat/287547621/;Санкт-Петербург;sale;flat;10;10;4;216.5;95000000;Петроградский;Петровский проспект;14;Спортивная;
Мир Квартир PREMIUM;real_estate_agent;https://spb.cian.ru/sale/flat/299058387/;Санкт-Петербург;sale;flat;4;9;4;143.9;96000000;Петроградский;Кемская ;1;Крестовский остров;
NF GROUP  St Petersburg;real_estate_agent;https://spb.cian.ru/sale/flat/299654414/;Санкт-Петербург;sale;flat;9;13;4;147.6;96600000;Петроградский;Ждановская ;45;Чкаловская;Леонтьевский мыс
PRO.Flat;real_estate_agent;https://spb.cian.ru/sale/flat/299078902/;Санкт-Петербург;sale;flat;10;10;4;176.7;99000000;Центральный;Кирочная ;70;Чернышевская;Монополист
Владис Аврора;real_estate_agent;https://spb.cian.ru/sale/flat/294864394/;Санкт-Петербург;sale;flat;2;7;4;203.0;99000000;Петроградский;Морской проспект;33;Крестовский остров;Морской 33
BE HOME;real_estate_agent;https://spb.cian.ru/sale/flat/296636206/;Санкт-Петербург;sale;flat;5;8;4;152.0;100000000;Центральный;Смольный проспект;17;Чернышевская;Смольный проспект
Марина Машарова;realtor;https://spb.cian.ru/sale/flat/297776580/;Санкт-Петербург;sale;flat;3;8;4;145.3;105000000;Центральный;Дегтярный переулок;26;Площадь Александра Невского;Дом у ратуши
Александр Осипов;realtor;https://spb.cian.ru/sale/flat/227534278/;Санкт-Петербург;sale;flat;4;7;4;172.0;109000000;Петроградский;Каменноостровский проспект;38/96;Петроградская;
Мир Квартир PREMIUM;real_estate_agent;https://spb.cian.ru/sale/flat/295910428/;Санкт-Петербург;sale;flat;5;6;4;200.0;110000000;Центральный;переулок Басков;2;Чернышевская;Русский дом
Будь первым;real_estate_agent;https://spb.cian.ru/sale/flat/298628259/;Санкт-Петербург;sale;flat;2;6;4;200.0;113000000;Петроградский; Эсперова;10;Крестовский остров;Esper Club
HOME INVEST;real_estate_agent;https://spb.cian.ru/sale/flat/285910194/;Санкт-Петербург;sale;flat;3;9;4;181.1;120000000;Петроградский; Рюхина;10;Крестовский остров;
Elite Club Realty;real_estate_agent;https://spb.cian.ru/sale/flat/238626248/;Санкт-Петербург;sale;flat;9;9;4;450.0;119900000;Петроградский; Рентгена;19;Петроградская;Клубный дом Петроградец
Будь первым;real_estate_agent;https://spb.cian.ru/sale/flat/293618840/;Санкт-Петербург;sale;flat;8;12;4;280.0;125500000;Петроградский;Ждановская ;45;Спортивная;Леонтьевский мыс
БЮРО НЕДВИЖИМОСТИ No1;real_estate_agent;https://spb.cian.ru/sale/flat/279496497/;Санкт-Петербург;sale;flat;2;8;4;187.0;128980000;Петроградский;Кемская ;1;Крестовский остров;
VIPFLAT;real_estate_agent;https://spb.cian.ru/sale/flat/296334068/;Санкт-Петербург;sale;flat;6;6;4;238.0;135900000;Петроградский;Петровский проспект;2;Спортивная;"Элитный комплекс ""ROYAL PARK"""
Мир Квартир Элит;real_estate_agent;https://spb.cian.ru/sale/flat/298728163/;Санкт-Петербург;sale;flat;7;7;4;237.3;139554200;Петроградский;проезд Петровская коса;6к1;Крестовский остров;Петровская Доминанта
Мир Квартир Элит;real_estate_agent;https://spb.cian.ru/sale/flat/298734484/;Санкт-Петербург;sale;flat;7;7;4;237.4;144275400;Петроградский;проезд Петровская коса;6к1;Крестовский остров;Петровская Доминанта
Мир Квартир PREMIUM;real_estate_agent;https://spb.cian.ru/sale/flat/298984530/;Санкт-Петербург;sale;flat;4;7;4;215.2;150000000;Центральный;Смольный проспект;17;Чернышевская;Смольный проспект
NF GROUP  St Petersburg;real_estate_agent;https://spb.cian.ru/sale/flat/296556401/;Санкт-Петербург;sale;flat;7;10;4;162.6;160000000;Петроградский;Вязовая ;8;Крестовский остров;Привилегия
Мир Квартир PREMIUM;real_estate_agent;https://spb.cian.ru/sale/flat/299336167/;Санкт-Петербург;sale;flat;8;9;4;156.0;170000000;Петроградский;набережная Адмирала Лазарева;22;Чкаловская;One Trinity Place
NF GROUP  St Petersburg;real_estate_agent;https://spb.cian.ru/sale/flat/299243407/;Санкт-Петербург;sale;flat;3;7;4;209.1;178000000;Петроградский;Вязовая ;8;Крестовский остров;Привилегия
NF GROUP  St Petersburg;real_estate_agent;https://spb.cian.ru/sale/flat/299243403/;Санкт-Петербург;sale;flat;7;7;4;163.7;180000000;Центральный;Невский проспект;137;Площадь Восстания;
М16;real_estate_agent;https://spb.cian.ru/sale/flat/299179541/;Санкт-Петербург;sale;flat;2;7;4;244.2;179000000;Петроградский;Кемская ;7;Крестовский остров;Кемская 7
Мир Квартир PREMIUM;real_estate_agent;https://spb.cian.ru/sale/flat/295956131/;Санкт-Петербург;sale;flat;6;10;4;170.6;185000000;Центральный;набережная Воскресенская;4;Чернышевская;
NF GROUP  St Petersburg;real_estate_agent;https://spb.cian.ru/sale/flat/294647620/;Санкт-Петербург;sale;flat;12;12;4;243.0;190000000;Центральный;Кирочная ;64;Чернышевская;Резиденция на Суворовском
Elite Club Realty;real_estate_agent;https://spb.cian.ru/sale/flat/288282481/;Санкт-Петербург;sale;flat;4;10;4;228.0;197287399;Петроградский;Вязовая ;8;Чкаловская;Привилегия
Ирина Ивлева;realtor;https://spb.cian.ru/sale/flat/277970074/;Санкт-Петербург;sale;flat;4;10;4;228.0;197287399;Петроградский;Вязовая ;8;Крестовский остров;Привилегия
VIPFLAT;real_estate_agent;https://spb.cian.ru/sale/flat/298506520/;Санкт-Петербург;sale;flat;3;7;4;198.0;200000000;Петроградский;Мытнинская набережная;5;Горьковская;
NF GROUP  St Petersburg;real_estate_agent;https://spb.cian.ru/sale/flat/296202225/;Санкт-Петербург;sale;flat;1;6;4;199.8;220000000;Петроградский;Спортивная ;2;Крестовский остров;Крестовский de luxe
Будь первым;real_estate_agent;https://spb.cian.ru/sale/flat/295678321/;Санкт-Петербург;sale;flat;4;9;4;185.0;230000000;Центральный;набережная Воскресенская;32;Площадь Ленина;Приоритет
Петербургский Риэлтор;real_estate_agent;https://spb.cian.ru/sale/flat/298277223/;Санкт-Петербург;sale;flat;4;4;4;254.7;231000000;Петроградский;Крестовский проспект;4;Крестовский остров;Клубный дом Крестовский IV
Магазин Квартир;real_estate_agent;https://spb.cian.ru/sale/flat/293619243/;Санкт-Петербург;sale;flat;4;4;4;257.4;231000000;Петроградский;Крестовский проспект;4;Крестовский остров;Клубный дом Крестовский IV
NF GROUP  St Petersburg;real_estate_agent;https://spb.cian.ru/sale/flat/294761095/;Санкт-Петербург;sale;flat;4;6;4;203.0;295000000;Центральный;Большая Морская ;4;Адмиралтейская;
Мир Квартир PREMIUM;real_estate_agent;https://spb.cian.ru/sale/flat/299336190/;Санкт-Петербург;sale;flat;7;7;4;240.7;349000000;Центральный;Шпалерная ;26;Чернышевская;Приоритет
Магазин Квартир;real_estate_agent;https://spb.cian.ru/sale/flat/297296551/;Санкт-Петербург;sale;flat;7;7;4;240.7;349000000;Центральный;набережная Воскресенская;32;Площадь Ленина;Приоритет
ID 110471042;homeowner;https://spb.cian.ru/sale/flat/296611025/;Санкт-Петербург;sale;flat;3;5;-1;88.6;860000;Петроградский; Мира;1;Горьковская;
ID 8362480;unknown;https://spb.cian.ru/sale/flat/297260161/;Санкт-Петербург;sale;flat;6;7;4;192.7;260000000;Петроградский;Константиновский проспект;23;Крестовский остров;Diadema Club House
NEWдвижимость;real_estate_agent;https://spb.cian.ru/sale/flat/298255790/;Санкт-Петербург;sale;flat;4;5;-1;89.7;1880000;Невский;2-й Рабфаковский переулок;1К1;Обухово;
Александр Кокин;realtor;https://spb.cian.ru/sale/flat/298911457/;Санкт-Петербург;sale;flat;2;6;-1;73.7;2000000;Василеостровский;14-я Васильевского острова линия;45;Василеостровская;
ID 78732101;homeowner;https://spb.cian.ru/sale/flat/296519985/;Санкт-Петербург;sale;flat;5;9;-1;86.0;2450000;Колпинский;Раумская ;11;Шушары;
ID 108741354;homeowner;https://spb.cian.ru/sale/flat/295315758/;Санкт-Петербург;sale;flat;5;5;-1;10.76;2500000;Василеостровский;18-я Васильевского острова линия;13А;Василеостровская;
ID 15134150;realtor;https://spb.cian.ru/sale/flat/297548500/;Санкт-Петербург;sale;flat;4;5;-1;73.8;3500000;Московский;Пулковское шоссе;97;Звездная;
ID 112204642;homeowner;https://spb.cian.ru/sale/flat/297429425/;Санкт-Петербург;sale;flat;5;5;-1;120.0;3550000;Центральный; Моисеенко;3/14;Площадь Восстания;
Татьяна Комиссаренко;realtor;https://spb.cian.ru/sale/flat/299652116/;Санкт-Петербург;sale;flat;4;4;-1;107.0;3600000;Фрунзенский;Боровая ;58;Обводный канал;
ID 79769073;homeowner;https://spb.cian.ru/sale/flat/293959293/;Санкт-Петербург;sale;flat;8;9;-1;74.0;4800000;Фрунзенский; Турку;32К1;Проспект Славы;
ID 82308645;homeowner;https://spb.cian.ru/sale/flat/298483550/;Санкт-Петербург;sale;flat;7;10;-1;86.0;5000000;Фрунзенский;Бухарестская ;72К1;Международная;
ID 32069373;homeowner;https://spb.cian.ru/sale/flat/287411145/;Санкт-Петербург;sale;flat;3;3;-1;62.2;5100000;Центральный;1-я Советская ;10;Площадь Восстания;
ID 24126896;homeowner;https://spb.cian.ru/sale/flat/285486992/;Санкт-Петербург;sale;flat;3;5;4;64.0;5500000;Петродворцовый; Пулеметчиков;20;Проспект Ветеранов;
Горжилобмен;real_estate_agent;https://spb.cian.ru/sale/flat/294625624/;Санкт-Петербург;sale;flat;2;5;4;59.3;5950000;Колпинский;Пролетарская ;127;Шушары;
Квартиры СПБ;real_estate_agent;https://spb.cian.ru/sale/flat/294392900/;Санкт-Петербург;sale;flat;5;5;4;49.0;6400000;Кировский;Ленинский проспект;137К4;Ленинский проспект;
ID 73726554;homeowner;https://spb.cian.ru/sale/flat/272176725/;Санкт-Петербург;sale;flat;5;5;4;49.8;6400000;Кировский; Подводника Кузьмина;36;Ленинский проспект;
ID 77385130;homeowner;https://spb.cian.ru/sale/flat/297376164/;Санкт-Петербург;sale;flat;1;5;4;49.0;6450000;Кировский;Дачный проспект;9К6;Проспект Ветеранов;
Екатерина Резепкина;realtor;https://spb.cian.ru/sale/flat/294847362/;Санкт-Петербург;sale;flat;4;5;4;49.2;6500000;Московский; Костюшко;54;Московская;
ID 14069064;realtor;https://spb.cian.ru/sale/flat/298944705/;Санкт-Петербург;sale;flat;3;5;4;49.0;6500000;Кировский; Зины Портновой;14;Ленинский проспект;
ID 78604382;unknown;https://spb.cian.ru/sale/flat/297494537/;Санкт-Петербург;sale;flat;3;5;4;49.5;6500000;Кировский;бульвар Новаторов;46;Ленинский проспект;
ПетербургЪ Недвижимость;real_estate_agent;https://spb.cian.ru/sale/flat/295733397/;Санкт-Петербург;sale;flat;3;5;4;49.0;6600000;Красносельский; Пограничника Гарькавого;48К1;Проспект Ветеранов;
ID 67145749;homeowner;https://spb.cian.ru/sale/flat/298257142/;Санкт-Петербург;sale;flat;5;5;4;51.6;6750000;Московский;Ленинский проспект;148К2;Ленинский проспект;
ID 112073174;realtor;https://spb.cian.ru/sale/flat/297274747/;Санкт-Петербург;sale;flat;5;6;4;47.9;6750000;Кировский;Краснопутиловская ;55;Автово;
ID 48534855;unknown;https://spb.cian.ru/sale/flat/298757068/;Санкт-Петербург;sale;flat;3;5;4;49.1;6850000;Московский;Краснопутиловская ;117;Московская;
Сити-Недвижимость;real_estate_agent;https://spb.cian.ru/sale/flat/287148007/;Санкт-Петербург;sale;flat;5;5;4;49.0;6950000;Московский;Краснопутиловская ;105;Ленинский проспект;
ID 15416149;realtor;https://spb.cian.ru/sale/flat/296508916/;Санкт-Петербург;sale;flat;1;5;4;49.1;6999000;Кировский;Дачный проспект;20;Проспект Ветеранов;
ID 109745894;homeowner;https://spb.cian.ru/sale/flat/298144402/;Санкт-Петербург;sale;flat;4;5;4;49.1;6990000;Кировский;Дачный проспект;5К1;Проспект Ветеранов;
ID 95277236;homeowner;https://spb.cian.ru/sale/flat/277725187/;Санкт-Петербург;sale;flat;3;5;4;49.0;7000000;Кировский; Лени Голикова;46;Проспект Ветеранов;
ID 12421612;realtor;https://spb.cian.ru/sale/flat/299357192/;Санкт-Петербург;sale;flat;1;5;4;48.9;7000000;Кировский; Подводника Кузьмина;13;Проспект Ветеранов;
ID 61552487;realtor;https://spb.cian.ru/sale/flat/297322786/;Санкт-Петербург;sale;flat;3;5;4;48.6;7000000;Кировский;Дачный проспект;20;Проспект Ветеранов;
ID 39417729;homeowner;https://spb.cian.ru/sale/flat/288875854/;Санкт-Петербург;sale;flat;1;5;4;49.0;7000000;Кировский; Танкиста Хрустицкого;23;Проспект Ветеранов;
Ирина Рождествина;realtor;https://spb.cian.ru/sale/flat/299142294/;Санкт-Петербург;sale;flat;3;5;4;49.0;7199000;Кировский; Подводника Кузьмина;13;Проспект Ветеранов;
ID 111862079;homeowner;https://spb.cian.ru/sale/flat/296944525/;Санкт-Петербург;sale;flat;2;5;4;49.0;7200000;Кировский;бульвар Новаторов;68;Проспект Ветеранов;
NEWдвижимость;real_estate_agent;https://spb.cian.ru/sale/flat/299145721/;Санкт-Петербург;sale;flat;1;5;4;49.0;7350000;Фрунзенский; Белы Куна;26К2;Международная;
Северный Регион СПб;real_estate_agent;https://spb.cian.ru/sale/flat/298165768/;Санкт-Петербург;sale;flat;1;5;4;48.6;7499000;Кировский;бульвар Новаторов;60;Ленинский проспект;
ID 112347452;homeowner;https://spb.cian.ru/sale/flat/297444378/;Санкт-Петербург;sale;flat;3;9;4;68.0;7490000;Красносельский;Кингисеппское шоссе;10к1;;
Новый Адрес;real_estate_agent;https://spb.cian.ru/sale/flat/299470030/;Санкт-Петербург;sale;flat;2;5;4;58.7;7500000;Кировский; Примакова;6;Автово;
Этажи Санкт-Петербург;real_estate_agent;https://spb.cian.ru/sale/flat/298133101/;Санкт-Петербург;sale;flat;2;5;4;49.4;7500000;Кировский; Солдата Корзуна;54;Проспект Ветеранов;
Нев-Альянс;real_estate_agent;https://spb.cian.ru/sale/flat/286148624/;Санкт-Петербург;sale;flat;4;5;4;60.2;7500000;Кировский; Танкиста Хрустицкого;33;Проспект Ветеранов;
Городской Центр Недвижимости;real_estate_agent;https://spb.cian.ru/sale/flat/282636286/;Санкт-Петербург;sale;flat;3;5;4;49.1;7500000;Кировский;бульвар Новаторов;86;Проспект Ветеранов;
Реал;real_estate_agent;https://spb.cian.ru/sale/flat/299328943/;Санкт-Петербург;sale;flat;4;5;4;49.0;7500000;Фрунзенский; Турку;8К4;Международная;
ID 106547602;homeowner;https://spb.cian.ru/sale/flat/298870559/;Санкт-Петербург;sale;flat;4;5;4;62.0;7500000;Красносельский;проспект Ленина;90;;
ID 111493074;homeowner;https://spb.cian.ru/sale/flat/296572787/;Санкт-Петербург;sale;flat;5;9;4;74.0;7500000;Колпинский;Раумская ;11;Шушары;
Жилищный вопрос;real_estate_agent;https://spb.cian.ru/sale/flat/298633278/;Санкт-Петербург;sale;flat;4;10;4;73.0;7600000;Красносельский; Коммунаров;114;Проспект Ветеранов;
Светлана Алексеева;realtor;https://spb.cian.ru/sale/flat/299497225/;Санкт-Петербург;sale;flat;2;5;4;49.3;7600000;Кировский; Зины Портновой;20;Ленинский проспект;
ID 112349595;homeowner;https://spb.cian.ru/sale/flat/297448551/;Санкт-Петербург;sale;flat;5;5;4;48.9;7600000;Красносельский;проспект Народного ополчения;241К3;Проспект Ветеранов;
ID 93355444;homeowner;https://spb.cian.ru/sale/flat/297454290/;Санкт-Петербург;sale;flat;1;5;4;48.5;7650000;Красносельский;проспект Народного ополчения;241К4;Проспект Ветеранов;
ID 98788063;homeowner;https://spb.cian.ru/sale/flat/292389551/;Санкт-Петербург;sale;flat;3;5;4;49.9;7700000;Кировский;Дачный проспект;24;Проспект Ветеранов;
Никита Лабецкий;realtor;https://spb.cian.ru/sale/flat/284247026/;Санкт-Петербург;sale;flat;5;5;4;60.2;7849999;Кировский;проспект Народного ополчения;31;Ленинский проспект;
Адвекс;real_estate_agent;https://spb.cian.ru/sale/flat/298081789/;Санкт-Петербург;sale;flat;4;5;4;49.0;7800000;Кировский;проспект Народного ополчения;93;Проспект Ветеранов;
ID 42935492;homeowner;https://spb.cian.ru/sale/flat/294315717/;Санкт-Петербург;sale;flat;4;5;4;59.5;7850000;Кировский;проспект Стачек;220К2;Проспект Ветеранов;
ID 85385339;homeowner;https://spb.cian.ru/sale/flat/297188751/;Санкт-Петербург;sale;flat;3;5;4;49.0;7900000;Кировский;Краснопутиловская ;57;Автово;
Этажи Санкт-Петербург;real_estate_agent;https://spb.cian.ru/sale/flat/298745516/;Санкт-Петербург;sale;flat;3;5;4;49.0;8000000;Кировский;Ленинский проспект;129К4;Ленинский проспект;
Гарант-Сервис;real_estate_agent;https://spb.cian.ru/sale/flat/299111978/;Санкт-Петербург;sale;flat;9;9;4;79.8;8000000;Колпинский;бульвар Трудящихся;15к3;Шушары;
ID 79439113;homeowner;https://spb.cian.ru/sale/flat/278513551/;Санкт-Петербург;sale;flat;5;5;4;48.1;8000000;Красносельский;проспект Народного ополчения;241К4;Проспект Ветеранов;
Русский Фонд Недвижимости;real_estate_agent;https://spb.cian.ru/sale/flat/293186280/;Санкт-Петербург;sale;flat;2;5;4;97.6;8200000;Красносельский; Политрука Пасечника;5к1;Проспект Ветеранов;
Адвекс;real_estate_agent;https://spb.cian.ru/sale/flat/295132563/;Санкт-Петербург;sale;flat;2;5;4;59.8;8200000;Кировский; Козлова;43К2;Проспект Ветеранов;
ID 72767277;homeowner;https://spb.cian.ru/sale/flat/295185569/;Санкт-Петербург;sale;flat;2;5;4;49.2;8290000;Кировский; Лени Голикова;36;Проспект Ветеранов;
ID 18261130;homeowner;https://spb.cian.ru/sale/flat/297153145/;Санкт-Петербург;sale;flat;3;5;4;60.0;8300000;Кировский;проспект Народного ополчения;111;Проспект Ветеранов;
ID 70789341;unknown;https://spb.cian.ru/sale/flat/296964337/;Санкт-Петербург;sale;flat;1;2;4;54.2;8500000;Красногвардейский;Рябовское шоссе;21;Проспект Большевиков;
ID 46936654;homeowner;https://spb.cian.ru/sale/flat/290187061/;Санкт-Петербург;sale;flat;2;5;4;49.4;8500000;Фрунзенский; Белы Куна;13К3;Международная;
ID 80730311;homeowner;https://spb.cian.ru/sale/flat/277448374/;Санкт-Петербург;sale;flat;2;5;4;58.8;8500000;Кировский;Трамвайный проспект;19К1;Ленинский проспект;
Этажи Санкт-Петербург;real_estate_agent;https://spb.cian.ru/sale/flat/299248261/;Санкт-Петербург;sale;flat;2;9;4;62.4;8600000;Невский;Народная ;16;Ломоносовская;
Никита Лабецкий;realtor;https://spb.cian.ru/sale/flat/297174800/;Санкт-Петербург;sale;flat;5;5;4;59.1;8599999;Кировский; Лени Голикова;8;;
КОД812.Недвижимость;real_estate_agent;https://spb.cian.ru/sale/flat/299088500/;Санкт-Петербург;sale;flat;1;9;4;73.5;8600000;Выборгский; Сантьяго-де-Куба;6К2;Озерки;
ЭксперТ;real_estate_agent;https://spb.cian.ru/sale/flat/297644944/;Санкт-Петербург;sale;flat;7;9;4;71.5;8700000;Колпинский;Заводской проспект;16к2;Шушары;
Гарант-Сервис;real_estate_agent;https://spb.cian.ru/sale/flat/293917297/;Санкт-Петербург;sale;flat;8;9;4;91.9;8800000;Колпинский;Загородная ;62;Рыбацкое;
АЛЬЯНС ПЛЮС;real_estate_agent;https://spb.cian.ru/sale/flat/257121919/;Санкт-Петербург;sale;flat;3;9;4;78.4;8900000;Колпинский;Пролетарская ;54;;
Новый Адрес;real_estate_agent;https://spb.cian.ru/sale/flat/298273636/;Санкт-Петербург;sale;flat;4;5;4;59.3;9000000;Кировский;Ленинский проспект;125К5;Ленинский проспект;
Итака;real_estate_agent;https://spb.cian.ru/sale/flat/298421261/;Санкт-Петербург;sale;flat;1;9;4;72.7;9000000;Красногвардейский;проспект Наставников;5К3;Ладожская;
ID 8478166;realtor;https://spb.cian.ru/sale/flat/299067734/;Санкт-Петербург;sale;flat;2;2;4;81.6;9000000;Петродворцовый;Суворовская ;5к4;;
ID 109672703;homeowner;https://spb.cian.ru/sale/flat/294769303/;Санкт-Петербург;sale;flat;1;9;4;76.0;9000000;Невский;проспект Солидарности;8К5;Проспект Большевиков;
ID 87397037;homeowner;https://spb.cian.ru/sale/flat/293278575/;Санкт-Петербург;sale;flat;1;9;4;76.0;9000000;Красногвардейский;Хасанская ;8К1;Улица Дыбенко;
Номер 1;real_estate_agent;https://spb.cian.ru/sale/flat/286798549/;Санкт-Петербург;sale;flat;1;9;4;72.2;9150000;Красногвардейский;проспект Энтузиастов;51К3;Ладожская;
Новый Адрес;real_estate_agent;https://spb.cian.ru/sale/flat/299065435/;Санкт-Петербург;sale;flat;1;9;4;74.2;9150000;Фрунзенский;Бухарестская ;33К5;Международная;
ID 77169609;homeowner;https://spb.cian.ru/sale/flat/293891803/;Санкт-Петербург;sale;flat;6;6;4;74.8;9400000;Пушкинский;Ленсоветовский тер.;15;Шушары;
Этажи Санкт-Петербург;real_estate_agent;https://spb.cian.ru/sale/flat/297753632/;Санкт-Петербург;sale;flat;3;5;4;60.3;9450000;Фрунзенский;проспект Славы;30К4;Проспект Славы;
ПетербургЪ Недвижимость;real_estate_agent;https://spb.cian.ru/sale/flat/296635295/;Санкт-Петербург;sale;flat;1;12;4;84.0;9499999;Красносельский; Пионерстроя;15К3;Ленинский проспект;
ID 93675541;homeowner;https://spb.cian.ru/sale/flat/296875717/;Санкт-Петербург;sale;flat;7;9;4;97.4;9500000;Красносельский;Красногородская ;19к1;Проспект Ветеранов;
ID 15193206;homeowner;https://spb.cian.ru/sale/flat/299415034/;Санкт-Петербург;sale;flat;4;5;4;59.3;9500000;Кировский; Лени Голикова;38;Проспект Ветеранов;
ID 24114772;realtor;https://spb.cian.ru/sale/flat/296413092/;Санкт-Петербург;sale;flat;2;9;4;73.3;9500000;Калининский;Тихорецкий проспект;35;Политехническая;
ID 70160099;homeowner;https://spb.cian.ru/sale/flat/296067627/;Санкт-Петербург;sale;flat;4;14;4;78.0;9500000;Красногвардейский; Передовиков;29К1;;
Никита Лабецкий;realtor;https://spb.cian.ru/sale/flat/298902647/;Санкт-Петербург;sale;flat;5;8;-1;107.0;9600000;Петроградский;Каменноостровский проспект;65;Петроградская;
NEWдвижимость;real_estate_agent;https://spb.cian.ru/sale/flat/291596837/;Санкт-Петербург;sale;flat;6;9;4;74.5;9700000;Невский;проспект Солидарности;9К2;Проспект Большевиков;
Юла;real_estate_agent;https://spb.cian.ru/sale/flat/296781861/;Санкт-Петербург;sale;flat;1;4;4;91.3;9700000;Колпинский;Пролетарская ;103;Рыбацкое;
ЭксперТ;real_estate_agent;https://spb.cian.ru/sale/flat/298137930/;Санкт-Петербург;sale;flat;8;10;4;87.5;9800000;Красногвардейский;Рябовское шоссе;121К2;Проспект Большевиков;
АЛЬЯНС ПЛЮС;real_estate_agent;https://spb.cian.ru/sale/flat/288769847/;Санкт-Петербург;sale;flat;9;9;4;64.4;9800000;Фрунзенский;Софийская ;55;Международная;
АЛЬЯНС ПЛЮС;real_estate_agent;https://spb.cian.ru/sale/flat/282490691/;Санкт-Петербург;sale;flat;1;10;4;80.8;9800000;Кировский; Козлова;15К2;Ленинский проспект;
ID 71600747;homeowner;https://spb.cian.ru/sale/flat/298482902/;Санкт-Петербург;sale;flat;3;5;4;59.5;9800000;Фрунзенский;проспект Славы;39;Проспект Славы;
Этажи Санкт-Петербург;real_estate_agent;https://spb.cian.ru/sale/flat/292909091/;Санкт-Петербург;sale;flat;4;5;4;85.6;9990000;Невский;2-й Рабфаковский переулок;1К1;Пролетарская;
Этажи Санкт-Петербург;real_estate_agent;https://spb.cian.ru/sale/flat/298008542/;Санкт-Петербург;sale;flat;1;9;4;73.6;9990000;Красногвардейский; Коммуны;44к2;Ладожская;
ID 13324858;realtor;https://spb.cian.ru/sale/flat/291837339/;Санкт-Петербург;sale;flat;4;9;4;73.0;10000000;Приморский; Маршала Новикова;5;Комендантский проспект;
Яна Юнусова;realtor;https://spb.cian.ru/sale/flat/297219099/;Санкт-Петербург;sale;flat;1;14;4;75.0;10000000;Красногвардейский; Коммуны;40;Новочеркасская;
Итака;real_estate_agent;https://spb.cian.ru/sale/flat/299081559/;Санкт-Петербург;sale;flat;1;5;4;90.0;10200000;Московский;Витебский проспект;23К4;Парк Победы;
Огни Города;real_estate_agent;https://spb.cian.ru/sale/flat/284066987/;Санкт-Петербург;sale;flat;7;9;4;72.0;10200000;Выборгский;Суздальский проспект;5К1;Озерки;
ID 112589076;homeowner;https://spb.cian.ru/sale/flat/297735340/;Санкт-Петербург;sale;flat;1;9;4;75.7;10165000;Выборгский;проспект Художников;43/14;Проспект Просвещения;
Этажи Санкт-Петербург;real_estate_agent;https://spb.cian.ru/sale/flat/298978975/;Санкт-Петербург;sale;flat;1;9;4;75.7;10250000;Выборгский;проспект Художников;43/14;Проспект Просвещения;
АЛЕКСАНДР-НЕДВИЖИМОСТЬ;real_estate_agent;https://spb.cian.ru/sale/flat/298220272/;Санкт-Петербург;sale;flat;5;9;4;73.3;10250000;Выборгский;Суздальский проспект;9;Парнас;
Фаст Хоум;real_estate_agent;https://spb.cian.ru/sale/flat/296684596/;Санкт-Петербург;sale;flat;7;9;4;73.2;10300000;Красногвардейский;проспект Косыгина;31к3Б;Улица Дыбенко;
ID 47775951;realtor;https://spb.cian.ru/sale/flat/298753013/;Санкт-Петербург;sale;flat;12;14;4;74.6;10299999;Выборгский; Композиторов;19;Проспект Просвещения;
ID 2589586;realtor;https://spb.cian.ru/sale/flat/299037894/;Санкт-Петербург;sale;flat;2;9;4;73.6;10250000;Калининский;Светлановский проспект;79;Политехническая;
Этажи Санкт-Петербург;real_estate_agent;https://spb.cian.ru/sale/flat/296204857/;Санкт-Петербург;sale;flat;1;10;4;86.8;10400000;Красносельский; Коммунаров;124;Проспект Ветеранов;
Никита Лабецкий;realtor;https://spb.cian.ru/sale/flat/298936830/;Санкт-Петербург;sale;flat;8;10;4;86.4;10399999;Красносельский;Кингисеппское шоссе;12к1;Проспект Ветеранов;
АДРЕС ПЛЮС;real_estate_agent;https://spb.cian.ru/sale/flat/297008748/;Санкт-Петербург;sale;flat;7;9;4;74.1;10480000;Выборгский;Северный проспект;16К1;Озерки;
Адвекс;real_estate_agent;https://spb.cian.ru/sale/flat/274930725/;Санкт-Петербург;sale;flat;7;9;4;75.0;10500000;Выборгский;проспект Энгельса;127;Проспект Просвещения;
ID 100378170;homeowner;https://spb.cian.ru/sale/flat/284437836/;Санкт-Петербург;sale;flat;9;9;4;74.2;10450000;Выборгский;проспект Просвещения;46К2;Проспект Просвещения;
ID 95977654;homeowner;https://spb.cian.ru/sale/flat/299528934/;Санкт-Петербург;sale;flat;5;5;4;48.6;10500000;Кировский;бульвар Новаторов;20;Ленинский проспект;
ID 83780147;unknown;https://spb.cian.ru/sale/flat/298020726/;Санкт-Петербург;sale;flat;6;10;4;73.4;10500000;Фрунзенский; Турку;22К1;Международная;
ID 111617833;homeowner;https://spb.cian.ru/sale/flat/296710067/;Санкт-Петербург;sale;flat;3;6;-1;96.0;10500000;Невский; Бабушкина;73;Ломоносовская;
АЛЕКСАНДР-НЕДВИЖИМОСТЬ;real_estate_agent;https://spb.cian.ru/sale/flat/296506914/;Санкт-Петербург;sale;flat;3;9;4;64.0;10590000;Фрунзенский; Белы Куна;2К1;Международная;
Сити-Недвижимость;real_estate_agent;https://spb.cian.ru/sale/flat/287480576/;Санкт-Петербург;sale;flat;1;9;4;78.51;10600000;Фрунзенский;Софийская ;29К1;Международная;
Домината;real_estate_agent;https://spb.cian.ru/sale/flat/271567769/;Санкт-Петербург;sale;flat;3;9;4;74.0;10700000;Выборгский;Учебный переулок;12К2;Озерки;
ID 16692724;unknown;https://spb.cian.ru/sale/flat/295338510/;Санкт-Петербург;sale;flat;1;9;4;88.6;10700000;Колпинский;Раумская ;15;Шушары;
ID 70481551;unknown;https://spb.cian.ru/sale/flat/291384037/;Санкт-Петербург;sale;flat;9;14;4;75.0;10700000;Красносельский;проспект Ветеранов;142;Ленинский проспект;
ID 49921211;homeowner;https://spb.cian.ru/sale/flat/297792180/;Санкт-Петербург;sale;flat;6;14;4;74.0;10800000;Выборгский; Композиторов;15;Проспект Просвещения;
Никита Лабецкий;realtor;https://spb.cian.ru/sale/flat/299651385/;Санкт-Петербург;sale;flat;1;9;4;78.1;10999999;Выборгский;проспект Художников;27К1;Проспект Просвещения;
Адвекс;real_estate_agent;https://spb.cian.ru/sale/flat/294792727/;Санкт-Петербург;sale;flat;3;6;4;75.5;10980000;Адмиралтейский;Старо-Петергофский проспект;37;Нарвская;
ID 11369698;homeowner;https://spb.cian.ru/sale/flat/299658655/;Санкт-Петербург;sale;flat;10;14;4;74.8;10999000;Невский;Шлиссельбургский проспект;45;Рыбацкое;
ID 57138585;homeowner;https://spb.cian.ru/sale/flat/299253437/;Санкт-Петербург;sale;flat;5;9;4;73.3;10990000;Красногвардейский; Коммуны;28к2;Улица Дыбенко;
Этажи Санкт-Петербург;real_estate_agent;https://spb.cian.ru/sale/flat/298165378/;Санкт-Петербург;sale;flat;6;9;4;75.1;11000000;Невский; Коллонтай;21К2;Проспект Большевиков;
ID 2978956;realtor;https://spb.cian.ru/sale/flat/298481837/;Санкт-Петербург;sale;flat;5;11;4;73.1;11000000;Московский;Дунайский проспект;26/77;Звездная;
Торговый Дом Недвижимости;real_estate_agent;https://spb.cian.ru/sale/flat/292847240/;Санкт-Петербург;sale;flat;6;9;4;76.7;11000000;Выборгский;проспект Художников;31К1;Проспект Просвещения;
ID 82266793;unknown;https://spb.cian.ru/sale/flat/284763025/;Санкт-Петербург;sale;flat;4;10;4;72.2;11000000;Московский;Дунайский проспект;5;Звездная;
ID 16446105;unknown;https://spb.cian.ru/sale/flat/298035698/;Санкт-Петербург;sale;flat;5;9;4;77.2;11090000;Невский; Дыбенко;11К1;Улица Дыбенко;
Сергей Безымянный;realtor;https://spb.cian.ru/sale/flat/299397242/;Санкт-Петербург;sale;flat;8;9;4;76.4;11100000;Фрунзенский; Белы Куна;7К1;Международная;
Этажи Санкт-Петербург;real_estate_agent;https://spb.cian.ru/sale/flat/298840190/;Санкт-Петербург;sale;flat;8;9;4;77.5;11200000;Невский; Дыбенко;36К1;Улица Дыбенко;
ID 104730165;homeowner;https://spb.cian.ru/sale/flat/289318628/;Санкт-Петербург;sale;flat;3;9;4;72.9;11300000;Невский; Подвойского;42;Улица Дыбенко;
ID 103256181;homeowner;https://spb.cian.ru/sale/flat/287617975/;Санкт-Петербург;sale;flat;7;7;4;74.0;11300000;Адмиралтейский;Бронницкая ;37;Фрунзенская;
Этажи Санкт-Петербург;real_estate_agent;https://spb.cian.ru/sale/flat/297812159/;Санкт-Петербург;sale;flat;1;10;4;89.2;11500000;Красносельский; Маршала Казакова;38К1;Автово;
Адвекс;real_estate_agent;https://spb.cian.ru/sale/flat/297583927/;Санкт-Петербург;sale;flat;8;10;4;73.4;11500000;Приморский;Планерная ;23К2;Комендантский проспект;
АЛЕКСАНДР-НЕДВИЖИМОСТЬ;real_estate_agent;https://spb.cian.ru/sale/flat/294995837/;Санкт-Петербург;sale;flat;6;25;4;108.0;11500000;Пушкинский;проспект Новгородский;4;Купчино;Шушары
Эрмитаж Галерея Недвижимости;real_estate_agent;https://spb.cian.ru/sale/flat/297813093/;Санкт-Петербург;sale;flat;8;9;4;74.0;11500000;Выборгский;Учебный переулок;12К2;Озерки;
ID 110978186;homeowner;https://spb.cian.ru/sale/flat/295902355/;Санкт-Петербург;sale;flat;9;9;4;73.0;11500000;Выборгский;Поэтический бульвар;5;Проспект Просвещения;
ID 13309191;homeowner;https://spb.cian.ru/sale/flat/279396389/;Санкт-Петербург;sale;flat;5;9;4;79.7;11500000;Невский;проспект Солидарности;9К1;Проспект Большевиков;
ID 19419145;realtor;https://spb.cian.ru/sale/flat/296476976/;Санкт-Петербург;sale;flat;5;7;4;73.0;11500000;Кронштадтский;Посадская ;1/82;;
ЭЛИТцентр;real_estate_agent;https://spb.cian.ru/sale/flat/272854337/;Санкт-Петербург;sale;flat;24;27;4;90.7;11650000;Выборгский; Архитектора Белова;6к3;Парнас;Парнас
VSN (Весь Спектр Недвижимости);real_estate_agent;https://spb.cian.ru/sale/flat/298428387/;Санкт-Петербург;sale;flat;9;9;4;73.4;11750000;Фрунзенский;Купчинская ;20К4;Дунайская;
ID 68012747;realtor;https://spb.cian.ru/sale/flat/299615243/;Санкт-Петербург;sale;flat;3;14;4;82.7;11890000;Петродворцовый;Ботаническая ;18к4;;
Этажи Санкт-Петербург;real_estate_agent;https://spb.cian.ru/sale/flat/297724090/;Санкт-Петербург;sale;flat;2;11;4;93.9;11990000;Пушкинский;Московское шоссе;262к3;Купчино;Полет
Северный модерн;real_estate_agent;https://spb.cian.ru/sale/flat/291459291/;Санкт-Петербург;sale;flat;12;14;4;74.1;11999998;Невский;Шлиссельбургский проспект;41;Рыбацкое;
ID 90801966;homeowner;https://spb.cian.ru/sale/flat/273336479/;Санкт-Петербург;sale;flat;9;10;4;88.0;11900000;Колпинский;Тверская ;33;Шушары;
ID 61633420;realtor;https://spb.cian.ru/sale/flat/280011824/;Санкт-Петербург;sale;flat;2;9;4;73.4;11900000;Выборгский; Сантьяго-де-Куба;8К1;Озерки;
Этажи Санкт-Петербург;real_estate_agent;https://spb.cian.ru/sale/flat/298754322/;Санкт-Петербург;sale;flat;7;18;4;92.9;12000000;Красногвардейский;проспект Маршака;4;Девяткино;Новая Охта
Торговый Дом Недвижимости;real_estate_agent;https://spb.cian.ru/sale/flat/290704157/;Санкт-Петербург;sale;flat;6;6;4;59.7;12000000;Петроградский;Большая Монетная ;7;Горьковская;
ID 54195102;homeowner;https://spb.cian.ru/sale/flat/295908567/;Санкт-Петербург;sale;flat;4;7;4;98.4;12000000;Василеостровский;10-я Васильевского острова линия;15Б;Василеостровская;
ID 48617294;homeowner;https://spb.cian.ru/sale/flat/297737043/;Санкт-Петербург;sale;flat;1;10;4;90.0;12000000;Приморский;Долгоозерная ;7;Комендантский проспект;
ID 35829691;homeowner;https://spb.cian.ru/sale/flat/290717286/;Санкт-Петербург;sale;flat;2;14;4;74.2;12000000;Красносельский;Ленинский проспект;96К3;Автово;
ID 111809340;homeowner;https://spb.cian.ru/sale/flat/296908142/;Санкт-Петербург;sale;flat;6;14;4;74.6;12000000;Красногвардейский; Передовиков;37;Новочеркасская;
Никита Лабецкий;realtor;https://spb.cian.ru/sale/flat/298379593/;Санкт-Петербург;sale;flat;6;7;4;90.2;12299999;Василеостровский;18-я Васильевского острова линия;23;Василеостровская;
Адвекс;real_estate_agent;https://spb.cian.ru/sale/flat/293912994/;Санкт-Петербург;sale;flat;5;5;4;69.2;12300000;Центральный;8-я Советская ;34;Площадь Восстания;
ID 12727728;unknown;https://spb.cian.ru/sale/flat/294602178/;Санкт-Петербург;sale;flat;9;10;4;87.7;12250000;Приморский;Планерная ;77;Комендантский проспект;
ID 50420973;real_estate_agent;https://spb.cian.ru/sale/flat/296934817/;Санкт-Петербург;sale;flat;2;5;4;108.8;12498000;Невский; Седова;19;Елизаровская;
Этажи Санкт-Петербург;real_estate_agent;https://spb.cian.ru/sale/flat/298978939/;Санкт-Петербург;sale;flat;12;14;4;75.0;12500000;Невский;Шлиссельбургский проспект;45;Рыбацкое;
Этажи Санкт-Петербург;real_estate_agent;https://spb.cian.ru/sale/flat/297841334/;Санкт-Петербург;sale;flat;6;7;4;92.0;12500000;Василеостровский;18-я Васильевского острова линия;23;Василеостровская;
ID 21427463;realtor;https://spb.cian.ru/sale/flat/288004038/;Санкт-Петербург;sale;flat;14;14;4;71.3;12500000;Красносельский;2-я Комсомольская ;42;Проспект Ветеранов;Сандэй
АЛЬЯНС ПЛЮС;real_estate_agent;https://spb.cian.ru/sale/flat/286120274/;Санкт-Петербург;sale;flat;3;4;4;97.8;12500000;Колпинский;проспект Ленина;17/10;Шушары;
ID 110148066;homeowner;https://spb.cian.ru/sale/flat/295261064/;Санкт-Петербург;sale;flat;9;18;4;69.9;12500000;Красносельский;2-я Комсомольская ;40к3;Проспект Ветеранов;Сандэй
ID 85599184;homeowner;https://spb.cian.ru/sale/flat/268660441/;Санкт-Петербург;sale;flat;1;9;4;80.7;12500000;Фрунзенский;Загребский бульвар;31/5;Дунайская;
Гарантия;real_estate_agent;https://spb.cian.ru/sale/flat/285032535/;Санкт-Петербург;sale;flat;6;10;4;100.9;12699000;Выборгский;Приозерское шоссе;16к4;Проспект Просвещения;
ID 78177736;unknown;https://spb.cian.ru/sale/flat/296215933/;Санкт-Петербург;sale;flat;3;14;4;75.0;12690000;Невский; Латышских Стрелков;5К2;Проспект Большевиков;
ID 71242930;realtor;https://spb.cian.ru/sale/flat/272505309/;Санкт-Петербург;sale;flat;5;5;4;83.0;12800000;Центральный;Гончарная ;11а;Площадь Восстания;
Этажи Санкт-Петербург;real_estate_agent;https://spb.cian.ru/sale/flat/296636529/;Санкт-Петербург;sale;flat;2;9;4;74.1;12900000;Выборгский;Придорожная аллея;3К1;Проспект Просвещения;
Адвекс;real_estate_agent;https://spb.cian.ru/sale/flat/298927596/;Санкт-Петербург;sale;flat;4;4;4;81.5;12900000;Пушкинский; Красной Звезды;24;;
Невский Альянс;real_estate_agent;https://spb.cian.ru/sale/flat/298883102/;Санкт-Петербург;sale;flat;7;18;4;93.3;12990000;Красногвардейский;проспект Маршака;4;Девяткино;Новая Охта
ID 84180724;unknown;https://spb.cian.ru/sale/flat/296134088/;Санкт-Петербург;sale;flat;3;4;4;80.0;12950000;Центральный;набережная Обводного Канала;57;Обводный канал;
ID 10373183;unknown;https://spb.cian.ru/sale/flat/290521422/;Санкт-Петербург;sale;flat;10;18;4;95.5;12900000;Красногвардейский; Даниила Хармса;6;Гражданский проспект;Новая Охта
ID 6644146;realtor;https://spb.cian.ru/sale/flat/289696749/;Санкт-Петербург;sale;flat;9;9;4;82.1;12990000;Красносельский; Партизана Германа;12;Ленинский проспект;
ID 108481296;homeowner;https://spb.cian.ru/sale/flat/293510459/;Санкт-Петербург;sale;flat;6;9;4;89.3;12900000;Красносельский;Петергофское шоссе;84к15;;
Адвекс;real_estate_agent;https://spb.cian.ru/sale/flat/294467371/;Санкт-Петербург;sale;flat;7;9;4;77.7;13000000;Калининский; Софьи Ковалевской;18;Академическая;
ID 75550801;unknown;https://spb.cian.ru/sale/flat/298411709/;Санкт-Петербург;sale;flat;1;10;4;73.3;13000000;Калининский; Академика Байкова;9;Политехническая;
ID 64766979;homeowner;https://spb.cian.ru/sale/flat/294476079/;Санкт-Петербург;sale;flat;2;3;4;110.0;13000000;Красносельский;Стрельнинское шоссе;37;Ленинский проспект;
ID 111269304;homeowner;https://spb.cian.ru/sale/flat/296309998/;Санкт-Петербург;sale;flat;5;5;-1;100.0;13000000;Василеостровский;16-я Васильевского острова линия;25Б;Василеостровская;
Никита Лабецкий;realtor;https://spb.cian.ru/sale/flat/296750717/;Санкт-Петербург;sale;flat;9;10;4;78.2;13200000;Выборгский;проспект Просвещения;41;Проспект Просвещения;
ID 86184200;homeowner;https://spb.cian.ru/sale/flat/299151980/;Санкт-Петербург;sale;flat;4;9;4;82.6;13300000;Красносельский; Партизана Германа;12;Проспект Ветеранов;
Итака;real_estate_agent;https://spb.cian.ru/sale/flat/298760830/;Санкт-Петербург;sale;flat;5;7;4;76.8;13500000;Адмиралтейский;Большой Казачий переулок;9;Сенная площадь;
Екатерина Резепкина;realtor;https://spb.cian.ru/sale/flat/294850376/;Санкт-Петербург;sale;flat;1;9;4;77.7;13500000;Невский; Антонова-Овсеенко;25К1;Улица Дыбенко;
Лидер недвижимости;real_estate_agent;https://spb.cian.ru/sale/flat/296396297/;Санкт-Петербург;sale;flat;1;10;4;88.0;13500000;Приморский;Планерная ;67К1;Комендантский проспект;
Статус - Недвижимость;real_estate_agent;https://spb.cian.ru/sale/flat/286418259/;Санкт-Петербург;sale;flat;6;6;4;89.0;13500000;Адмиралтейский;Угловой переулок;7;Фрунзенская;
Невский Альянс;real_estate_agent;https://spb.cian.ru/sale/flat/292044105/;Санкт-Петербург;sale;flat;6;6;4;86.2;13500000;Петроградский;Чкаловский проспект;60;Петроградская;
Аватерра;real_estate_agent;https://spb.cian.ru/sale/flat/295693901/;Санкт-Петербург;sale;flat;6;9;4;94.0;13500000;Выборгский;проспект Энгельса;135;Проспект Просвещения;
ID 84847897;unknown;https://spb.cian.ru/sale/flat/295403571/;Санкт-Петербург;sale;flat;2;7;4;86.0;13500000;Петроградский; Всеволода Вишневского;14;Петроградская;
ПетербургНедвижимость;real_estate_agent;https://spb.cian.ru/sale/flat/297272136/;Санкт-Петербург;sale;flat;4;6;4;81.4;13600000;Адмиралтейский;Курляндская ;8;Балтийская;
Сергей Безымянный;realtor;https://spb.cian.ru/sale/flat/299414215/;Санкт-Петербург;sale;flat;4;7;4;104.3;13600000;Кировский;Кронштадтская ;20;Автово;
ID 112667016;homeowner;https://spb.cian.ru/sale/flat/297810890/;Санкт-Петербург;sale;flat;8;9;4;73.0;13650000;Приморский; Маршала Новикова;5;Комендантский проспект;
СОФИЯ;real_estate_agent;https://spb.cian.ru/sale/flat/293804428/;Санкт-Петербург;sale;flat;2;9;4;81.1;13760000;Василеостровский;Наличная ;36К5;Приморская;
ID 86194875;realtor;https://spb.cian.ru/sale/flat/296507530/;Санкт-Петербург;sale;flat;3;6;4;65.1;13700000;Петроградский;Лахтинская ;9;Чкаловская;
ID 7204276;unknown;https://spb.cian.ru/sale/flat/298974003/;Санкт-Петербург;sale;flat;1;8;4;83.4;13700000;Московский;проспект Юрия Гагарина;27;Московская;
ID 78088045;unknown;https://spb.cian.ru/sale/flat/280312705/;Санкт-Петербург;sale;flat;7;8;4;79.8;13700000;Центральный; Марата;36-38;Владимирская;
ID 6999106;realtor;https://spb.cian.ru/sale/flat/287648077/;Санкт-Петербург;sale;flat;4;5;4;75.6;13700000;Московский;Московский проспект;127;Московские ворота;
Русский Фонд Недвижимости;real_estate_agent;https://spb.cian.ru/sale/flat/293402580/;Санкт-Петербург;sale;flat;5;6;4;73.4;13800000;Центральный;Социалистическая ;3;Звенигородская;
Панорама;real_estate_agent;https://spb.cian.ru/sale/flat/270414233/;Санкт-Петербург;sale;flat;2;10;4;81.0;13900000;Василеостровский;Наличная ;36К5;Приморская;
ID 24366601;realtor;https://spb.cian.ru/sale/flat/280400916/;Санкт-Петербург;sale;flat;13;16;4;93.3;13800000;Красногвардейский;Полюстрово;68к2;Девяткино;Новая Охта
ID 99331584;homeowner;https://spb.cian.ru/sale/flat/294457786/;Санкт-Петербург;sale;flat;3;3;4;116.8;13899999;Колпинский;Центральная ;;Рыбацкое;
Гарант-Сервис;real_estate_agent;https://spb.cian.ru/sale/flat/293909511/;Санкт-Петербург;sale;flat;4;12;4;95.3;14000000;Невский;Рыбацкий проспект;49К2;Рыбацкое;
Эстейт СПб;real_estate_agent;https://spb.cian.ru/sale/flat/296401032/;Санкт-Петербург;sale;flat;2;4;4;77.3;14000000;Курортный; Первого Мая;2;;
Итака;real_estate_agent;https://spb.cian.ru/sale/flat/293820522/;Санкт-Петербург;sale;flat;4;5;4;98.0;13950000;Василеостровский;10-я Васильевского острова линия;15;Василеостровская;
Сити-Недвижимость;real_estate_agent;https://spb.cian.ru/sale/flat/298474321/;Санкт-Петербург;sale;flat;2;3;4;85.3;14000000;Кировский;Дачный проспект;23К4;Проспект Ветеранов;
АЛЕКСАНДР-НЕДВИЖИМОСТЬ;real_estate_agent;https://spb.cian.ru/sale/flat/296012240/;Санкт-Петербург;sale;flat;2;4;4;77.2;14000000;Центральный;Лиговский проспект;48В;Лиговский проспект;
Адвекс;real_estate_agent;https://spb.cian.ru/sale/flat/295379200/;Санкт-Петербург;sale;flat;8;9;4;74.8;14000000;Фрунзенский; Турку;22К1;Международная;
ID 40220280;realtor;https://spb.cian.ru/sale/flat/298841650/;Санкт-Петербург;sale;flat;1;10;4;75.9;13995000;Калининский;Тимуровская ;30К1;Гражданский проспект;
ID 24528177;unknown;https://spb.cian.ru/sale/flat/299226175/;Санкт-Петербург;sale;flat;3;10;4;86.1;14000000;Приморский; Шаврова;5к2В;Комендантский проспект;
ID 88627414;homeowner;https://spb.cian.ru/sale/flat/284696221/;Санкт-Петербург;sale;flat;3;6;4;112.0;14000000;Пушкинский; Галицкая;6к5;Шушары;
Агентство Котлин;real_estate_agent;https://spb.cian.ru/sale/flat/295749351/;Санкт-Петербург;sale;flat;3;4;4;85.0;14200000;Кронштадтский; Карла Маркса;21;;
ID 84180724;unknown;https://spb.cian.ru/sale/flat/298763371/;Санкт-Петербург;sale;flat;5;7;4;89.4;14100000;Адмиралтейский;Старо-Петергофский проспект;37;Нарвская;
Адмирал;real_estate_agent;https://spb.cian.ru/sale/flat/295413930/;Санкт-Петербург;sale;flat;5;5;4;93.1;14350000;Петроградский;Большая Пушкарская ;29;Петроградская;
ID 49579671;homeowner;https://spb.cian.ru/sale/flat/297842223/;Санкт-Петербург;sale;flat;8;18;4;93.7;14290000;Красногвардейский; Даниила Хармса;4;;Новая Охта
Этажи Санкт-Петербург;real_estate_agent;https://spb.cian.ru/sale/flat/298891112/;Санкт-Петербург;sale;flat;3;5;4;99.8;14499000;Фрунзенский;Лиговский проспект;237;Обводный канал;
Этажи Санкт-Петербург;real_estate_agent;https://spb.cian.ru/sale/flat/297085431/;Санкт-Петербург;sale;flat;2;5;4;75.2;14400000;Центральный; Марата;70а-70б;Звенигородская;
Ината;real_estate_agent;https://spb.cian.ru/sale/flat/295048648/;Санкт-Петербург;sale;flat;1;3;4;84.5;14400000;Василеостровский;1-я Васильевского острова линия;32;Спортивная;
Огни Города;real_estate_agent;https://spb.cian.ru/sale/flat/288049823/;Санкт-Петербург;sale;flat;1;17;4;85.3;14500000;Приморский; Савушкина;130К2;Беговая;
Квартиры СПБ;real_estate_agent;https://spb.cian.ru/sale/flat/299239207/;Санкт-Петербург;sale;flat;2;12;4;95.6;14500000;Невский;Шлиссельбургский проспект;14К1;Рыбацкое;
Студия 78;real_estate_agent;https://spb.cian.ru/sale/flat/289697027/;Санкт-Петербург;sale;flat;5;5;4;119.0;14500000;Центральный; Марата;77;Звенигородская;
Личный Риэлтор Санкт-Петербург;real_estate_agent;https://spb.cian.ru/sale/flat/299281649/;Санкт-Петербург;sale;flat;1;9;4;78.9;14499000;Выборгский; Кустодиева;20К1;Проспект Просвещения;
Личный Риэлтор Санкт-Петербург;real_estate_agent;https://spb.cian.ru/sale/flat/296558493/;Санкт-Петербург;sale;flat;1;10;4;78.9;14499000;Выборгский; Кустодиева;20К1;Проспект Просвещения;
Интерсервис;real_estate_agent;https://spb.cian.ru/sale/flat/294846761/;Санкт-Петербург;sale;flat;4;7;4;88.0;14799000;Московский;Смоленская ;1Д;Фрунзенская;
СМИРНОВ и К;real_estate_agent;https://spb.cian.ru/sale/flat/293983197/;Санкт-Петербург;sale;flat;9;10;4;87.4;14700000;Невский;Искровский проспект;2;Проспект Большевиков;
ID 91151332;realtor;https://spb.cian.ru/sale/flat/289424733/;Санкт-Петербург;sale;flat;5;12;4;94.0;14700000;Приморский;Приморский проспект;141К2;Беговая;
Интерсервис;real_estate_agent;https://spb.cian.ru/sale/flat/278633025/;Санкт-Петербург;sale;flat;5;6;4;111.0;14900000;Кировский; Трефолева;3;Нарвская;
Городское агентство недвижимости;real_estate_agent;https://spb.cian.ru/sale/flat/278019630/;Санкт-Петербург;sale;flat;2;7;4;94.4;14850000;Адмиралтейский;Курляндская ;6-8;Балтийская;
Татьяна Рябинова;realtor;https://spb.cian.ru/sale/flat/285533494/;Санкт-Петербург;sale;flat;7;18;4;107.2;14900000;Московский;5-й Предпортовый проезд;12к1;;
Апартаменты Петербурга;real_estate_agent;https://spb.cian.ru/sale/flat/257586529/;Санкт-Петербург;sale;flat;2;5;4;80.0;15000000;Центральный;Волоколамский переулок;3;Площадь Восстания;
Юла;real_estate_agent;https://spb.cian.ru/sale/flat/296781828/;Санкт-Петербург;sale;flat;1;5;4;90.5;15000000;Московский;проспект Космонавтов;20К2;Московская;
Центр жилья и Права;real_estate_agent;https://spb.cian.ru/sale/flat/299028250/;Санкт-Петербург;sale;flat;5;5;4;116.0;15000000;Центральный;Суворовский проспект;47;Площадь Восстания;
Горжилобмен;real_estate_agent;https://spb.cian.ru/sale/flat/295712516/;Санкт-Петербург;sale;flat;3;5;4;99.8;15000000;Фрунзенский;Лиговский проспект;237;Обводный канал;
ID 39094836;unknown;https://spb.cian.ru/sale/flat/299527203/;Санкт-Петербург;sale;flat;5;7;4;74.7;15000000;Василеостровский; Опочинина;17;Василеостровская;
ID 85241549;realtor;https://spb.cian.ru/sale/flat/298519197/;Санкт-Петербург;sale;flat;5;6;-1;136.3;15000000;Петроградский;Малая Посадская ;15;Горьковская;
Этажи Санкт-Петербург;real_estate_agent;https://spb.cian.ru/sale/flat/284400404/;Санкт-Петербург;sale;flat;1;12;4;93.9;15200000;Приморский;Приморский проспект;141К2;Беговая;
ID 72695371;homeowner;https://spb.cian.ru/sale/flat/299132105/;Санкт-Петербург;sale;flat;2;16;4;119.8;15100000;Красногвардейский;проспект Ударников;22К1;Улица Дыбенко;
Квартиры СПБ;real_estate_agent;https://spb.cian.ru/sale/flat/284307059/;Санкт-Петербург;sale;flat;19;20;4;99.8;15250000;Красносельский; Маршала Казакова;68к1;;
Адвекс;real_estate_agent;https://spb.cian.ru/sale/flat/296050282/;Санкт-Петербург;sale;flat;6;17;4;95.5;15300000;Красногвардейский;Ковалевская ;20к3;Ладожская;Стереос
Этажи Санкт-Петербург;real_estate_agent;https://spb.cian.ru/sale/flat/297011976/;Санкт-Петербург;sale;flat;1;9;4;110.0;15499000;Красносельский; Маршала Захарова;18к2;Автово;
Этажи Санкт-Петербург;real_estate_agent;https://spb.cian.ru/sale/flat/299577737/;Санкт-Петербург;sale;flat;5;14;4;104.9;15500000;Выборгский; Тихоокеанская;14к2;Проспект Просвещения;в Парголово
Никита Лабецкий;realtor;https://spb.cian.ru/sale/flat/298419597/;Санкт-Петербург;sale;flat;3;6;4;79.8;15499999;Петроградский;Съезжинская ;24Б;Спортивная;
Номер 1;real_estate_agent;https://spb.cian.ru/sale/flat/299192495/;Санкт-Петербург;sale;flat;2;5;4;75.9;15560000;Петроградский;Каменноостровский проспект;6Г;Горьковская;
Студия 78;real_estate_agent;https://spb.cian.ru/sale/flat/298086249/;Санкт-Петербург;sale;flat;2;6;4;99.6;15500000;Центральный; Марата;57;Лиговский проспект;
Петербургская Риэлторская Компания;real_estate_agent;https://spb.cian.ru/sale/flat/298731698/;Санкт-Петербург;sale;flat;3;12;4;96.2;15500000;Приморский;проспект Королева;34К1;Комендантский проспект;
ID 11081297;unknown;https://spb.cian.ru/sale/flat/291695499/;Санкт-Петербург;sale;flat;1;6;4;73.4;15500000;Адмиралтейский;переулок Бойцова;4В;Садовая;
ID 48386288;homeowner;https://spb.cian.ru/sale/flat/297032492/;Санкт-Петербург;sale;flat;3;4;4;74.3;15500000;Василеостровский;1-я Васильевского острова линия;22;Спортивная;
ID 104021159;homeowner;https://spb.cian.ru/sale/flat/288539575/;Санкт-Петербург;sale;flat;1;5;4;84.2;15500000;Центральный;Кирилловская ;6;Площадь Александра Невского;
Итака;real_estate_agent;https://spb.cian.ru/sale/flat/299659722/;Санкт-Петербург;sale;flat;3;6;4;85.0;15700000;Центральный;Пушкинская ;11;Маяковская;
АЛЕКСАНДР-НЕДВИЖИМОСТЬ;real_estate_agent;https://spb.cian.ru/sale/flat/294571475/;Санкт-Петербург;sale;flat;3;3;4;99.1;15690000;Красногвардейский;Среднеохтинский проспект;23;Новочеркасская;
Итака;real_estate_agent;https://spb.cian.ru/sale/flat/297430693/;Санкт-Петербург;sale;flat;2;5;4;72.1;15600000;Московский;Московский проспект;127литЗ;Московские ворота;
Адвекс;real_estate_agent;https://spb.cian.ru/sale/flat/286812768/;Санкт-Петербург;sale;flat;5;14;4;91.0;15600000;Василеостровский; Кораблестроителей;46к1В;Приморская;
ID 77680301;unknown;https://spb.cian.ru/sale/flat/284800963/;Санкт-Петербург;sale;flat;4;5;4;100.6;15700000;Центральный;Невский проспект;154;Площадь Александра Невского;
Студия 78;real_estate_agent;https://spb.cian.ru/sale/flat/274403633/;Санкт-Петербург;sale;flat;4;6;4;101.2;15790000;Адмиралтейский;Серпуховская ;48;Технологический институт;
ID 49046324;realtor;https://spb.cian.ru/sale/flat/295390244/;Санкт-Петербург;sale;flat;9;16;4;86.0;15850000;Калининский; Карпинского;33к1;Академическая;
ID 105765877;homeowner;https://spb.cian.ru/sale/flat/290512157/;Санкт-Петербург;sale;flat;1;12;4;88.0;15850000;Приморский;Камышовая ;42К1;Комендантский проспект;
Русский Фонд Недвижимости;real_estate_agent;https://spb.cian.ru/sale/flat/299172974/;Санкт-Петербург;sale;flat;2;5;4;89.1;16000000;Курортный;Комсомольская ;10;Беговая;
Статус - Недвижимость;real_estate_agent;https://spb.cian.ru/sale/flat/280450416/;Санкт-Петербург;sale;flat;12;19;4;108.0;15900000;Московский;5-й Предпортовый проезд;12к1;Звездная;
VSN (Весь Спектр Недвижимости);real_estate_agent;https://spb.cian.ru/sale/flat/299525260/;Санкт-Петербург;sale;flat;4;6;4;95.7;16000000;Калининский;Кондратьевский проспект;42;Выборгская;
Sever Group;real_estate_agent;https://spb.cian.ru/sale/flat/297103767/;Санкт-Петербург;sale;flat;5;5;4;95.0;15990000;Петроградский; Воскова;8/5;Горьковская;
8 ЭТАЖ;real_estate_agent;https://spb.cian.ru/sale/flat/287170967/;Санкт-Петербург;sale;flat;3;6;4;111.6;16000000;Петроградский; Подрезова;26бБ;Чкаловская;
Адвекс;real_estate_agent;https://spb.cian.ru/sale/flat/297754146/;Санкт-Петербург;sale;flat;3;4;4;95.9;16000000;Фрунзенский;Лиговский проспект;247;Обводный канал;
Адвекс;real_estate_agent;https://spb.cian.ru/sale/flat/297681677/;Санкт-Петербург;sale;flat;3;4;4;96.0;16000000;Фрунзенский;Лиговский проспект;247;Обводный канал;
Адвекс;real_estate_agent;https://spb.cian.ru/sale/flat/283478570/;Санкт-Петербург;sale;flat;4;7;4;109.5;15970000;Адмиралтейский;Подольская ;38;Технологический институт;
Адвекс;real_estate_agent;https://spb.cian.ru/sale/flat/274206709/;Санкт-Петербург;sale;flat;4;4;4;81.2;16000000;Петроградский;Мончегорская ;10б;Чкаловская;
Союз;real_estate_agent;https://spb.cian.ru/sale/flat/274312879/;Санкт-Петербург;sale;flat;4;12;4;95.8;15990000;Невский;Рыбацкий проспект;49К2;Рыбацкое;
АВРОРА;real_estate_agent;https://spb.cian.ru/sale/flat/295193231/;Санкт-Петербург;sale;flat;5;9;4;96.0;16000000;Калининский; Руставели;58К1;Гражданский проспект;
ID 102426726;unknown;https://spb.cian.ru/sale/flat/292945920/;Санкт-Петербург;sale;flat;3;4;4;74.5;16000000;Петроградский; Полозова;21;Чкаловская;
Этажи Санкт-Петербург;real_estate_agent;https://spb.cian.ru/sale/flat/299121011/;Санкт-Петербург;sale;flat;1;12;4;95.3;16300000;Невский;Рыбацкий проспект;47;Рыбацкое;
Этажи Санкт-Петербург;real_estate_agent;https://spb.cian.ru/sale/flat/298401527/;Санкт-Петербург;sale;flat;5;6;4;85.9;16200000;Петроградский;Большая Монетная ;22;Петроградская;
Этажи Санкт-Петербург;real_estate_agent;https://spb.cian.ru/sale/flat/296476982/;Санкт-Петербург;sale;flat;4;6;4;81.0;16350000;Московский;Смоленская ;1Д;Московские ворота;
Городской Центр Недвижимости;real_estate_agent;https://spb.cian.ru/sale/flat/286554052/;Санкт-Петербург;sale;flat;2;5;4;100.6;16300000;Кировский;Оборонная ;14;Нарвская;
ID 107804876;homeowner;https://spb.cian.ru/sale/flat/297942842/;Санкт-Петербург;sale;flat;15;16;4;105.5;16250000;Невский;Союзный проспект;6к1;Проспект Большевиков;
ID 101649337;homeowner;https://spb.cian.ru/sale/flat/285791228/;Санкт-Петербург;sale;flat;3;5;4;90.1;16320000;Невский; Полярников;15;Ломоносовская;
Этажи Санкт-Петербург;real_estate_agent;https://spb.cian.ru/sale/flat/293864694/;Санкт-Петербург;sale;flat;2;5;4;92.8;16500000;Красногвардейский;Среднеохтинский проспект;4;Новочеркасская;
Никита Лабецкий;realtor;https://spb.cian.ru/sale/flat/298682144/;Санкт-Петербург;sale;flat;7;10;4;74.6;16499999;Невский; Чудновского;8к4;Проспект Большевиков;
Адвекс;real_estate_agent;https://spb.cian.ru/sale/flat/293959533/;Санкт-Петербург;sale;flat;2;4;4;74.0;16500000;Василеостровский;18-я Васильевского острова линия;11;Василеостровская;
Домосельцев;real_estate_agent;https://spb.cian.ru/sale/flat/294789025/;Санкт-Петербург;sale;flat;9;19;4;113.4;16400000;Красносельский;Ленинский проспект;55к1;Ленинский проспект;
Адвекс;real_estate_agent;https://spb.cian.ru/sale/flat/298851117/;Санкт-Петербург;sale;flat;5;5;4;98.0;16500000;Кировский;Огородный переулок;2;Кировский завод;
МЕЙСОН;real_estate_agent;https://spb.cian.ru/sale/flat/290202231/;Санкт-Петербург;sale;flat;2;6;4;113.0;16500000;Адмиралтейский;Московский проспект;50;Технологический институт;
ID 50789607;realtor;https://spb.cian.ru/sale/flat/296290803/;Санкт-Петербург;sale;flat;5;6;4;80.6;16400000;Василеостровский;4-я Васильевского острова линия;39;Спортивная;
Лидия Бутарева;realtor;https://spb.cian.ru/sale/flat/293102795/;Санкт-Петербург;sale;flat;4;8;4;90.0;16480000;Выборгский;Лесной проспект;61к1;Лесная;
ID 21462701;unknown;https://spb.cian.ru/sale/flat/284722578/;Санкт-Петербург;sale;flat;3;7;4;84.3;16500000;Адмиралтейский;переулок Бойцова;4В;Садовая;
ID 96545349;homeowner;https://spb.cian.ru/sale/flat/287616740/;Санкт-Петербург;sale;flat;3;5;4;94.1;16500000;Выборгский;проспект Энгельса;70/1;Удельная;
ID 47283503;unknown;https://spb.cian.ru/sale/flat/281166370/;Санкт-Петербург;sale;flat;2;3;4;100.1;16500000;Адмиралтейский; Якубовича;14;Адмиралтейская;
Этажи Санкт-Петербург;real_estate_agent;https://spb.cian.ru/sale/flat/299015308/;Санкт-Петербург;sale;flat;2;4;4;83.0;16700000;Центральный;Полтавская ;14;Площадь Восстания;
Этажи Санкт-Петербург;real_estate_agent;https://spb.cian.ru/sale/flat/294857663/;Санкт-Петербург;sale;flat;7;7;4;84.2;16750000;Центральный;Мытнинская ;9;;
АДРЕС ПЛЮС;real_estate_agent;https://spb.cian.ru/sale/flat/296046319/;Санкт-Петербург;sale;flat;1;5;4;100.5;16800000;Петроградский; Красного Курсанта;26;Чкаловская;
ЗемКадастр;real_estate_agent;https://spb.cian.ru/sale/flat/296487467/;Санкт-Петербург;sale;flat;2;6;4;89.9;16700000;Приморский;Белоостровская ;25;Черная речка;
ID 72172468;homeowner;https://spb.cian.ru/sale/flat/297847251/;Санкт-Петербург;sale;flat;5;10;4;89.1;16700000;Приморский; Ильюшина;6;Комендантский проспект;
ID 96163496;homeowner;https://spb.cian.ru/sale/flat/293216356/;Санкт-Петербург;sale;flat;2;4;4;76.5;16790000;Петроградский;Петровский проспект;3;Чкаловская;
ID 21185076;homeowner;https://spb.cian.ru/sale/flat/298510221/;Санкт-Петербург;sale;flat;2;4;4;83.0;16700000;Центральный;Полтавская ;14;Площадь Восстания;
ID 110947035;homeowner;https://spb.cian.ru/sale/flat/295880561/;Санкт-Петербург;sale;flat;2;6;4;98.1;16700000;Адмиралтейский;Старо-Петергофский проспект;37;Нарвская;
ID 19920810;homeowner;https://spb.cian.ru/sale/flat/291581258/;Санкт-Петербург;sale;flat;1;5;4;100.0;16750000;Приморский;Торжковская ;2К3;Черная речка;
Русский Фонд Недвижимости;real_estate_agent;https://spb.cian.ru/sale/flat/296092909/;Санкт-Петербург;sale;flat;2;6;4;89.9;16900000;Приморский;Белоостровская ;25;Черная речка;
Фаст Хоум;real_estate_agent;https://spb.cian.ru/sale/flat/297038579/;Санкт-Петербург;sale;flat;6;6;4;109.1;16950000;Центральный; Константина Заслонова;9/4Б;Лиговский проспект;
NEWдвижимость;real_estate_agent;https://spb.cian.ru/sale/flat/294231573/;Санкт-Петербург;sale;flat;3;5;4;90.6;17000000;Центральный;Гончарная ;11а;Площадь Восстания;
ID 12556807;homeowner;https://spb.cian.ru/sale/flat/267986618/;Санкт-Петербург;sale;flat;5;6;4;88.6;17000000;Василеостровский;7-я Васильевского острова линия;26;Василеостровская;
ID 96545687;homeowner;https://spb.cian.ru/sale/flat/279178028/;Санкт-Петербург;sale;flat;4;6;4;90.4;17000000;Петроградский;Большая Посадская ;9/5Б;Горьковская;
АВЕНТИН;real_estate_agent;https://spb.cian.ru/sale/flat/292278052/;Санкт-Петербург;sale;flat;2;5;4;121.0;17300000;Центральный; Рылеева;21;Чернышевская;
ID 907828;realtor;https://spb.cian.ru/sale/flat/295933676/;Санкт-Петербург;sale;flat;9;12;4;81.7;17300000;Василеостровский; Кораблестроителей;29К2;Приморская;
БЮРО НЕДВИЖИМОСТИ No1;real_estate_agent;https://spb.cian.ru/sale/flat/292540314/;Санкт-Петербург;sale;flat;4;4;4;146.0;17250000;Адмиралтейский;проспект Римского-Корсакова;97;Балтийская;
ID 81387446;unknown;https://spb.cian.ru/sale/flat/265838007/;Санкт-Петербург;sale;flat;9;25;4;105.1;17343000;Выборгский; Руднева;14к2;Проспект Просвещения;Поэт
ЭксперТ;real_estate_agent;https://spb.cian.ru/sale/flat/281042676/;Санкт-Петербург;sale;flat;2;5;4;112.9;17500000;Колпинский; Анисимова;5к2;Шушары;
ID 19253339;homeowner;https://spb.cian.ru/sale/flat/287362808/;Санкт-Петербург;sale;flat;4;4;3;78.0;16800000;Приморский; Савушкина;15;Черная речка;
ID 18591381;homeowner;https://spb.cian.ru/sale/flat/298457200/;Санкт-Петербург;sale;flat;4;5;4;81.4;17950000;Центральный;проспект Чернышевского;10;Площадь Ленина;
Ирина Ходыкина;realtor;https://spb.cian.ru/sale/flat/299083057/;Санкт-Петербург;sale;flat;4;8;3;67.9;16300000;Центральный;7-я Советская ;6;Площадь Восстания;
