author;author_type;url;location;deal_type;accommodation_type;floor;floors_count;rooms_count;total_meters;price;district;street;house_number;underground;residential_complex
ЛСР Санкт-Петербург;developer;https://spb.cian.ru/sale/flat/298367029/;Санкт-Петербург;sale;flat;7;9;1;42.3;16835400;Петроградский;Петровский проспект;9к2;Спортивная;Neva Haus
House Estate;real_estate_agent;https://spb.cian.ru/sale/flat/275227744/;Санкт-Петербург;sale;flat;4;19;1;35.0;11850000;Василеостровский;Морской;;Приморская;GloraX Premium Василеостровский
Euroinvest Development;developer;https://spb.cian.ru/sale/flat/293271886/;Санкт-Петербург;sale;flat;2;12;1;35.78;10169034;Выборгский;Светлановское;;Удельная;ID Svetlanovskiy
ID 13770423;homeowner;https://spb.cian.ru/sale/flat/297442986/;Санкт-Петербург;sale;flat;4;25;1;37.0;10500000;Приморский;Байконурская ;26;Комендантский проспект;
Euroinvest Development;developer;https://spb.cian.ru/sale/flat/293271702/;Санкт-Петербург;sale;flat;2;12;1;36.56;10142475;Выборгский;Светлановское;;Удельная;ID Svetlanovskiy
Илья Мерчук;realtor;https://spb.cian.ru/sale/flat/298702714/;Санкт-Петербург;sale;flat;10;16;1;44.0;10000000;Приморский;Комендантский проспект;17к1;Комендантский проспект;
RBI;developer;https://spb.cian.ru/sale/flat/297057902/;Санкт-Петербург;sale;flat;3;16;1;34.5;10153567;Выборгский;Шувалово-Озерки;;Проспект Просвещения;Струны
House Estate;real_estate_agent;https://spb.cian.ru/sale/flat/298588228/;Санкт-Петербург;sale;flat;4;8;1;38.5;17500000;Петроградский;Ремесленная ;17;Василеостровская;
GloraX;developer;https://spb.cian.ru/sale/flat/297849170/;Санкт-Петербург;sale;flat;11;15;1;46.3;11949999;Красногвардейский;переулок Уткин;;;Апарт-отель GloraX Заневский
ЦН КВАДРАТ;real_estate_agent;https://spb.cian.ru/sale/flat/299208708/;Санкт-Петербург;sale;flat;10;13;1;42.78;11850000;Выборгский;Светлановское;;Удельная;ID Svetlanovskiy
Sun Development;developer;https://spb.cian.ru/sale/flat/293435902/;Санкт-Петербург;sale;flat;6;7;1;65.36;22733515;Василеостровский;11-я Васильевского острова линия;56;Василеостровская;Клубный дом Monodom Line
BE HOME;real_estate_agent;https://spb.cian.ru/sale/flat/297243992/;Санкт-Петербург;sale;flat;9;13;1;30.8;8000000;Приморский;Планерная ;91к2;Комендантский проспект;New Time
LEGENDA Intelligent Development;developer;https://spb.cian.ru/sale/flat/299465242/;Санкт-Петербург;sale;flat;4;12;1;42.46;16151784;Выборгский;Сампсониевское;;Выборгская;Сампсониевский 32
BE HOME;real_estate_agent;https://spb.cian.ru/sale/flat/299595690/;Санкт-Петербург;sale;flat;2;17;1;48.0;14500000;Выборгский;Зеленогорская ;7;Пионерская;Светлана
GloraX;developer;https://spb.cian.ru/sale/flat/279351973/;Санкт-Петербург;sale;flat;11;14;1;34.16;13079999;Красногвардейский;проспект Энергетиков;2;;GloraX Заневский
ХочуКвартиру;real_estate_agent;https://spb.cian.ru/sale/flat/297726567/;Санкт-Петербург;sale;flat;4;12;1;33.01;11400000;Выборгский;Светлановское;;Удельная;Айди Светлановский ЖК
LEGENDA Intelligent Development;developer;https://spb.cian.ru/sale/flat/299636558/;Санкт-Петербург;sale;flat;6;11;1;40.46;16960832;Красногвардейский; Стахановцев;1;Новочеркасская;Малоохтинский, 68
ID 113882570;homeowner;https://spb.cian.ru/sale/flat/299399518/;Санкт-Петербург;sale;flat;9;16;1;46.6;11350000;Выборгский;проспект Тореза;44к2;Площадь Мужества;
Петербургская Строительная Компания;developer;https://spb.cian.ru/sale/flat/299379820/;Санкт-Петербург;sale;flat;3;5;1;35.29;6114825;Московский;Пулковский меридиан;;Международная;Плюс Пулковский ЖК
ID 86116002;unknown;https://spb.cian.ru/sale/flat/299378118/;Санкт-Петербург;sale;flat;12;25;1;40.0;6890000;Красносельский;Ленинский проспект;51;Ленинский проспект;
LEGENDA Intelligent Development;developer;https://spb.cian.ru/sale/flat/299451100/;Санкт-Петербург;sale;flat;3;23;1;62.1;20989800;Выборгский;аллея Академика Лихачева;7;Площадь Мужества;Институтский, 16
ЦН КВАДРАТ;real_estate_agent;https://spb.cian.ru/sale/flat/297722654/;Санкт-Петербург;sale;flat;11;12;1;32.59;5800000;Красносельский;проспект Ветеранов;173к7;;Солнечный город
РСТИ;developer;https://spb.cian.ru/sale/flat/293496609/;Санкт-Петербург;sale;flat;3;8;1;39.3;19118473;Петроградский;Петровский проспект;22к2;Крестовский остров;Familia
Северо-Западный Региональный Центр Недвижимости;real_estate_agent;https://spb.cian.ru/sale/flat/296856031/;Санкт-Петербург;sale;flat;1;14;1;37.7;5950000;Красносельский;Брестский бульвар;11/36;Ленинский проспект;
GloraX;developer;https://spb.cian.ru/sale/flat/299481340/;Санкт-Петербург;sale;flat;2;9;1;35.99;11849999;Адмиралтейский; Шкапина;43-45;Балтийская;GloraX Балтийская
Вам к нам;real_estate_agent;https://spb.cian.ru/sale/flat/299006414/;Санкт-Петербург;sale;flat;8;10;1;40.7;13850000;Приморский;Белоостровская ;28;Черная речка;Domino
Сенатор;developer;https://spb.cian.ru/sale/flat/289388509/;Санкт-Петербург;sale;flat;3;12;1;47.4;16225848;Курортный;Приморское шоссе;570Л;;МФК Морская ривьера
Северо-Западный Региональный Центр Недвижимости;real_estate_agent;https://spb.cian.ru/sale/flat/298375223/;Санкт-Петербург;sale;flat;1;13;1;36.3;6100000;Красносельский; Летчика Лихолетова;14к2;Проспект Ветеранов;Солнечный город
РСТИ;developer;https://spb.cian.ru/sale/flat/298331096/;Санкт-Петербург;sale;flat;2;9;1;29.11;7535060;Красносельский; Тамбасова;5;Проспект Ветеранов;Кинопарк
ID 104795526;real_estate_agent;https://spb.cian.ru/sale/flat/297719432/;Санкт-Петербург;sale;flat;3;4;1;29.6;4913600;Красносельский;Стрельнинское шоссе;3а;Ленинский проспект;
RBI;developer;https://spb.cian.ru/sale/flat/295197899/;Санкт-Петербург;sale;flat;15;16;1;46.0;14150000;Московский;Московский проспект;103к6Й;Московские ворота;Апарт-отель ARTSTUDIO М103
SaFri;real_estate_agent;https://spb.cian.ru/sale/flat/272257905/;Санкт-Петербург;sale;flat;7;12;1;32.2;7600000;Приморский;Озеро Долгое;15к3;Старая Деревня;ArtLine
Рикэл;developer;https://spb.cian.ru/sale/flat/292061882/;Санкт-Петербург;sale;flat;5;25;1;51.4;9406200;Калининский;Светлановский проспект;121к1;Гражданский проспект;Эврика
Суслов недвижимость;real_estate_agent;https://spb.cian.ru/sale/flat/298687821/;Санкт-Петербург;sale;flat;3;4;1;45.0;7999999;Петродворцовый;Красносельское шоссе;22;Ленинский проспект;Veren Village Стрельна
ГлавстройСПб;developer;https://spb.cian.ru/sale/flat/297361104/;Санкт-Петербург;sale;flat;19;24;1;34.5;6234150;Приморский; Ивинская;19к1;Комендантский проспект;Юнтолово
ID 104795526;real_estate_agent;https://spb.cian.ru/sale/flat/290174351/;Санкт-Петербург;sale;flat;2;4;1;31.0;5487000;Красносельский;Стрельнинское шоссе;3а;Проспект Ветеранов;
GloraX;developer;https://spb.cian.ru/sale/flat/291595620/;Санкт-Петербург;sale;flat;6;19;1;37.81;11799999;Василеостровский;Морской;;;Глоракс Премиум Василеостровский ЖК
Артем Снегирев;realtor;https://spb.cian.ru/sale/flat/298895332/;Санкт-Петербург;sale;flat;9;19;1;39.7;6790000;Василеостровский;бульвар Александра Грина;1;Приморская;
AAG;developer;https://spb.cian.ru/sale/flat/298529949/;Санкт-Петербург;sale;flat;2;8;1;21.88;11933352;Петроградский;Пионерская ;53;Чкаловская;Avant
Северо-Западный Региональный Центр Недвижимости;real_estate_agent;https://spb.cian.ru/sale/flat/298574187/;Санкт-Петербург;sale;flat;4;20;1;36.0;9890000;Красносельский; Катерников;7;Проспект Ветеранов;More
Петербургская Недвижимость;representative_developer;https://spb.cian.ru/sale/flat/298461605/;Санкт-Петербург;sale;flat;2;8;1;39.5;17241750;Петроградский;Петровский проспект;28к2;Крестовский остров;Grand View
Илья Мерчук;realtor;https://spb.cian.ru/sale/flat/296238884/;Санкт-Петербург;sale;flat;4;25;1;50.4;10600000;Московский;Витебский проспект;97к1;Купчино;Квартет
AAG;developer;https://spb.cian.ru/sale/flat/298322048/;Санкт-Петербург;sale;flat;6;9;1;27.62;11213489;Красногвардейский; Помяловского;;Новочеркасская;Akzent
ID 12701739;unknown;https://spb.cian.ru/sale/flat/297427106/;Санкт-Петербург;sale;flat;5;9;1;29.0;8500000;Приморский;Богатырский проспект;3К1;Пионерская;
AAG;developer;https://spb.cian.ru/sale/flat/298267736/;Санкт-Петербург;sale;flat;2;7;1;39.66;17309948;Василеостровский;Васильевский;;Василеостровская;Amo
House Estate;real_estate_agent;https://spb.cian.ru/sale/flat/277269506/;Санкт-Петербург;sale;flat;5;11;1;41.7;9690000;Московский;Детский переулок;2;Московские ворота;Апарт-комплекс М97
Унистрой;developer;https://spb.cian.ru/sale/flat/296337346/;Санкт-Петербург;sale;flat;4;10;1;35.0;13230000;Красногвардейский;Большая Охта;;Площадь Ленина;Юпоинт ЖК
ЦН КВАДРАТ;real_estate_agent;https://spb.cian.ru/sale/flat/299108127/;Санкт-Петербург;sale;flat;5;8;1;35.6;14000000;Петроградский;Петровский;;Спортивная;Нева Резиденс ЖК
Петербургская Недвижимость;representative_developer;https://spb.cian.ru/sale/flat/296753880/;Санкт-Петербург;sale;flat;1;8;1;76.5;22950000;Петроградский;Петровский проспект;24к2;;Петровский квартал на воде
Вертикаль;real_estate_agent;https://spb.cian.ru/sale/flat/299467095/;Санкт-Петербург;sale;flat;7;16;1;40.6;19500000;Московский;Варшавская ;6к2;Электросила;Московский квартал
Красная стрела;developer;https://spb.cian.ru/sale/flat/268560184/;Санкт-Петербург;sale;flat;7;7;1;58.7;28500000;Адмиралтейский;Звенигородская ;7к2;Звенигородская;Артхаус
BE HOME;real_estate_agent;https://spb.cian.ru/sale/flat/298331683/;Санкт-Петербург;sale;flat;4;19;1;42.0;16700000;Адмиралтейский;Московский проспект;73к5;Фрунзенская;Времена года
RBI;developer;https://spb.cian.ru/sale/flat/299536424/;Санкт-Петербург;sale;flat;3;14;1;31.5;10800000;Фрунзенский;Волковское;;Волковская;Аэронавт ЖК
Городской департамент недвижимости;real_estate_agent;https://spb.cian.ru/sale/flat/297086499/;Санкт-Петербург;sale;flat;3;20;1;70.35;19000000;Приморский;Ушаковская набережная;1к3А1;Черная речка;
RBI;developer;https://spb.cian.ru/sale/flat/299131351/;Санкт-Петербург;sale;flat;2;9;1;47.5;19450000;Центральный;Лиговка-Ямская;;Площадь Восстания;Миръ
ЦН КВАДРАТ;real_estate_agent;https://spb.cian.ru/sale/flat/297617210/;Санкт-Петербург;sale;flat;5;5;1;42.0;8450000;Пушкинский; Образцовая;5к1;;
GloraX;developer;https://spb.cian.ru/sale/flat/279507019/;Санкт-Петербург;sale;flat;9;20;1;34.59;10189999;Василеостровский; Челюскина;8;;Golden City
Престиж;real_estate_agent;https://spb.cian.ru/sale/flat/299192913/;Санкт-Петербург;sale;flat;4;10;1;41.3;16000000;Московский;Московский проспект;72к2;Фрунзенская;ID Moskovskiy
ГлавстройСПб;developer;https://spb.cian.ru/sale/flat/298977574/;Санкт-Петербург;sale;flat;4;23;1;32.62;6207564;Приморский; Ивинская;1к2;Зенит;ПАРК-КВАРТАЛ Юнтолово
ID 104795526;real_estate_agent;https://spb.cian.ru/sale/flat/298267433/;Санкт-Петербург;sale;flat;4;4;1;40.3;5964400;Красносельский;Стрельнинское шоссе;3а;Проспект Ветеранов;
Петербургская Строительная Компания;developer;https://spb.cian.ru/sale/flat/299196217/;Санкт-Петербург;sale;flat;3;8;1;40.5;20456954;Петроградский;набережная Реки Карповки;31к1;Спортивная;Северная Корона
Северо-Западный Региональный Центр Недвижимости;real_estate_agent;https://spb.cian.ru/sale/flat/293573680/;Санкт-Петербург;sale;flat;6;23;1;38.7;6990000;Пушкинский;Школьная ;17;Звездная;UP-квартал Московский
ГлавстройСПб;developer;https://spb.cian.ru/sale/flat/297361344/;Санкт-Петербург;sale;flat;22;27;1;33.77;7799904;Выборгский;проезд Толубеевский;34к2;;Северная долина
BE HOME;real_estate_agent;https://spb.cian.ru/sale/flat/299139282/;Санкт-Петербург;sale;flat;6;9;1;36.6;9000000;Василеостровский; Кораблестроителей;19К1;Приморская;
LEGENDA Development;developer;https://spb.cian.ru/sale/flat/297998330/;Санкт-Петербург;sale;flat;4;9;1;48.59;18464200;Приморский;Чёрная речка;;Черная речка;Черная речка, 41
ID 15422187;realtor;https://spb.cian.ru/sale/flat/299243910/;Санкт-Петербург;sale;flat;2;20;1;33.5;10990000;Приморский;Комендантский проспект;63;Комендантский проспект;Ultra City
GloraX;developer;https://spb.cian.ru/sale/flat/299606353/;Санкт-Петербург;sale;flat;8;18;1;36.68;11089999;Василеостровский;Морской;;;Глоракс Василеостровский ЖК
BE HOME;real_estate_agent;https://spb.cian.ru/sale/flat/295258416/;Санкт-Петербург;sale;flat;6;6;1;37.2;10000000;Василеостровский;8-я Васильевского острова линия;77;Василеостровская;
Красная Стрела;developer;https://spb.cian.ru/sale/flat/291720442/;Санкт-Петербург;sale;flat;3;9;1;26.91;10497494;Василеостровский;7-я Васильевского острова линия;84;Василеостровская;Регенбоген
House Estate;real_estate_agent;https://spb.cian.ru/sale/flat/299517113/;Санкт-Петербург;sale;flat;6;13;1;34.56;8100000;Василеостровский; Чирикова;5;Приморская;Аквилон ZALIVE
Балтийская коммерция;developer;https://spb.cian.ru/sale/flat/296121150/;Санкт-Петербург;sale;flat;7;9;1;43.77;16990000;Петроградский;Петроградская набережная;38;Горьковская;Мануфактура James Beck
ID 16494810;realtor;https://spb.cian.ru/sale/flat/299667280/;Санкт-Петербург;sale;flat;4;7;1;36.0;9999000;Адмиралтейский;Можайская ;37-39;Пушкинская;
Базис;developer;https://spb.cian.ru/sale/flat/293956325/;Санкт-Петербург;sale;flat;11;12;1;39.6;15444000;Приморский;Белоостровская ;7;Лесная;Белый остров
Insiders;real_estate_agent;https://spb.cian.ru/sale/flat/298169679/;Санкт-Петербург;sale;flat;4;8;1;37.6;12100000;Красногвардейский;шоссе Революции;12к2;Новочеркасская;Ива Дом
Петербургская Недвижимость;representative_developer;https://spb.cian.ru/sale/flat/295505639/;Санкт-Петербург;sale;flat;2;12;1;33.32;12700151;Василеостровский;Уральская ;;Василеостровская;Amber Club
BR Group;real_estate_agent;https://spb.cian.ru/sale/flat/292885053/;Санкт-Петербург;sale;flat;2;10;1;33.18;6400000;Красносельский;проспект Ветеранов;169к6;Проспект Ветеранов;Английская миля
Петербургская Строительная Компания;developer;https://spb.cian.ru/sale/flat/299495918/;Санкт-Петербург;sale;flat;2;9;1;54.71;21008640;Центральный;проспект Бакунина;;Площадь Александра Невского;Bakunina 33
BR Group;real_estate_agent;https://spb.cian.ru/sale/flat/287506866/;Санкт-Петербург;sale;flat;11;24;1;36.2;5980000;Невский; Русановская;18к6;Ломоносовская;ЦДС Приневский
LEGENDA Development;developer;https://spb.cian.ru/sale/flat/297998589/;Санкт-Петербург;sale;flat;3;9;1;64.44;29809944;Василеостровский;20-я Васильевского острова линия;19;Спортивная;Большой, 67
ID 12464338;homeowner;https://spb.cian.ru/sale/flat/297370904/;Санкт-Петербург;sale;flat;11;29;1;47.7;11300000;Выборгский;Выборгское шоссе;15;Проспект Просвещения;OZERKI Style Tower
Петербургская Недвижимость;representative_developer;https://spb.cian.ru/sale/flat/299493888/;Санкт-Петербург;sale;flat;3;9;1;32.97;11450250;Невский;Невская застава;;Елизаровская;Астра Марин ЖК
BR Group;real_estate_agent;https://spb.cian.ru/sale/flat/292934116/;Санкт-Петербург;sale;flat;3;13;1;36.2;7550000;Приморский;проспект Авиаконструкторов;63;Комендантский проспект;Полис Приморский
LEGENDA Development;developer;https://spb.cian.ru/sale/flat/297998586/;Санкт-Петербург;sale;flat;6;10;1;37.12;15122688;Приморский;Лисичанская ;22;Черная речка;Лисичанская, 22
Зеленые крыши;real_estate_agent;https://spb.cian.ru/sale/flat/296170905/;Санкт-Петербург;sale;flat;5;8;1;46.9;17300000;Петроградский;Петровский проспект;22к2;Крестовский остров;Familia
ПИК;developer;https://spb.cian.ru/sale/flat/298767273/;Санкт-Петербург;sale;flat;3;13;1;36.1;10121000;Выборгский;Сампсониевское;;Лесная;Кантемировская 11 ЖК
Светлана Шабалкина;realtor;https://spb.cian.ru/sale/flat/269178916/;Санкт-Петербург;sale;flat;1;5;1;36.4;6150000;Приморский;проспект Юнтоловский;49к6;;Юнтолово
ПИК;developer;https://spb.cian.ru/sale/flat/291938304/;Санкт-Петербург;sale;flat;2;15;1;37.42;8085854;Красногвардейский;проспект Энергетиков;6;Ладожская;Вольта
Северо-Западный Региональный Центр Недвижимости;real_estate_agent;https://spb.cian.ru/sale/flat/298854923/;Санкт-Петербург;sale;flat;2;26;1;38.6;8600000;Фрунзенский;Дунайский проспект;55к1;Дунайская;Карпаты
Петербургская Недвижимость;representative_developer;https://spb.cian.ru/sale/flat/296753669/;Санкт-Петербург;sale;flat;2;10;1;33.5;11004750;Выборгский;Светлановское;;Удельная;Svetlana Park
BR Group;real_estate_agent;https://spb.cian.ru/sale/flat/291099462/;Санкт-Петербург;sale;flat;6;13;1;36.42;6880000;Приморский;м. Комендантский проспект;;Комендантский проспект;Полис Приморский 2 ЖК
Euroinvest Development;developer;https://spb.cian.ru/sale/flat/299555564/;Санкт-Петербург;sale;flat;3;11;1;38.07;13478684;Московский;Благодатная ;50;Электросила;iD Park Pobedy
ID 76729310;realtor;https://spb.cian.ru/sale/flat/297217133/;Санкт-Петербург;sale;flat;3;9;1;39.1;16200000;Выборгский; Александра Матросова;3;Лесная;Притяжение
ЛСР Санкт-Петербург;developer;https://spb.cian.ru/sale/flat/298367006/;Санкт-Петербург;sale;flat;7;9;1;42.7;16789640;Петроградский;Петровский проспект;9к2;Спортивная;Neva Haus
Вероника Евдокимова;realtor;https://spb.cian.ru/sale/flat/299561227/;Санкт-Петербург;sale;flat;5;16;1;36.8;12320000;Приморский;Богатырский проспект;25к1;Комендантский проспект;
ЛСР Санкт-Петербург;developer;https://spb.cian.ru/sale/flat/294545051/;Санкт-Петербург;sale;flat;4;8;1;34.68;14704320;Петроградский;Ремесленная ;;Спортивная;Neva Residence
ID 110038433;homeowner;https://spb.cian.ru/sale/flat/295161407/;Санкт-Петербург;sale;flat;6;10;1;33.3;5550000;Приморский; Репищева;19К1;Комендантский проспект;
Петербургская Недвижимость;representative_developer;https://spb.cian.ru/sale/flat/299626005/;Санкт-Петербург;sale;flat;2;12;1;31.27;9600249;Невский;Невская застава;;Елизаровская;Астра Континенталь ЖК
ИТЕРА;real_estate_agent;https://spb.cian.ru/sale/flat/298705717/;Санкт-Петербург;sale;flat;4;10;1;41.1;8490000;Невский;Глазурная ;2;Площадь Александра Невского;
Петербургская Недвижимость;representative_developer;https://spb.cian.ru/sale/flat/298861014/;Санкт-Петербург;sale;flat;3;5;1;39.01;18432225;Василеостровский;;;Горный институт;Империал Клаб ЖК
Владимир Гонтарь;realtor;https://spb.cian.ru/sale/flat/296514485/;Санкт-Петербург;sale;flat;9;11;1;37.7;8750000;Кировский;Дачный проспект;2к1;Проспект Ветеранов;
Петербургская Недвижимость;representative_developer;https://spb.cian.ru/sale/flat/295123198/;Санкт-Петербург;sale;flat;2;12;1;34.65;12150039;Выборгский;Светлановское;;Удельная;Панорама парк Сосновка
ID 15791446;realtor;https://spb.cian.ru/sale/flat/299389917/;Санкт-Петербург;sale;flat;6;9;1;30.2;8700000;Кировский;бульвар Новаторов;116;Проспект Ветеранов;
Euroinvest Development;developer;https://spb.cian.ru/sale/flat/267475944/;Санкт-Петербург;sale;flat;3;10;1;41.98;20150400;Московский;Московский проспект;72к2;Фрунзенская;ID Moskovskiy
Иван Сурду;realtor;https://spb.cian.ru/sale/flat/298623712/;Санкт-Петербург;sale;flat;6;7;1;39.9;16799000;Выборгский;проспект Энгельса;2;Пионерская;Усадьба на Ланском
Арсенал-Недвижимость;developer;https://spb.cian.ru/sale/flat/266866924/;Санкт-Петербург;sale;flat;8;12;1;38.06;10995534;Приморский;проспект Авиаконструкторов;54;Комендантский проспект;Modum
Ольга Миллер;realtor;https://spb.cian.ru/sale/flat/296429310/;Санкт-Петербург;sale;flat;9;10;1;33.5;9100000;Приморский; Ильюшина;2;Комендантский проспект;
Петербургская Недвижимость;representative_developer;https://spb.cian.ru/sale/flat/294535347/;Санкт-Петербург;sale;flat;10;24;1;41.5;14550232;Невский;Фарфоровская ;9;Ломоносовская;Стрижи в Невском 2
Северо-Западный Региональный Центр Недвижимости;real_estate_agent;https://spb.cian.ru/sale/flat/299029630/;Санкт-Петербург;sale;flat;1;9;1;31.7;5600000;Красносельский; Летчика Пилютова;46;Проспект Ветеранов;
ЛСР Санкт-Петербург;developer;https://spb.cian.ru/sale/flat/297753065/;Санкт-Петербург;sale;flat;4;25;1;32.7;6114900;Невский;Октябрьская набережная ЖК;;Елизаровская;Октябрьская набережная ЖК
Торговый Дом Невский;real_estate_agent;https://spb.cian.ru/sale/flat/294205466/;Санкт-Петербург;sale;flat;1;5;1;51.5;13400000;Курортный;переулок Большой Литейный;44Д;Комендантский проспект;BEREG.Курортный
ПИК;developer;https://spb.cian.ru/sale/flat/292739077/;Санкт-Петербург;sale;flat;2;13;1;33.7;9886232;Фрунзенский;Волковское;1;Обводный канал;Аэронавт ЖК
Ринкон;real_estate_agent;https://spb.cian.ru/sale/flat/299186520/;Санкт-Петербург;sale;flat;6;9;1;32.3;5800000;Калининский; Демьяна Бедного;30к1;Гражданский проспект;
ЛСР Санкт-Петербург;developer;https://spb.cian.ru/sale/flat/294538515/;Санкт-Петербург;sale;flat;2;12;1;63.5;10960100;Московский;Московское шоссе;3к5;Звездная;NEOPARK
ID 57006546;homeowner;https://spb.cian.ru/sale/flat/299206769/;Санкт-Петербург;sale;flat;4;7;1;47.4;14900000;Центральный;Полтавский проезд;2;Площадь Восстания;Царская столица
ПИК;developer;https://spb.cian.ru/sale/flat/292512705/;Санкт-Петербург;sale;flat;2;12;1;32.4;9150796;Фрунзенский;Волковское;5;Обводный канал;Витебский Парк ЖК
Golden Home;real_estate_agent;https://spb.cian.ru/sale/flat/299071423/;Санкт-Петербург;sale;flat;6;16;1;38.8;6150000;Красносельский; Маршала Захарова;50К1;Проспект Ветеранов;
Интеском;developer;https://spb.cian.ru/sale/flat/294693178/;Санкт-Петербург;sale;flat;2;5;1;41.29;9207670;Выборгский; Береговая;12;Проспект Просвещения;Loft у Озера
Невский простор;real_estate_agent;https://spb.cian.ru/sale/flat/292436369/;Санкт-Петербург;sale;flat;12;29;1;39.4;8360000;Выборгский;Выборгское шоссе;15;Проспект Просвещения;OZERKI Style Tower
Группа Аквилон;developer;https://spb.cian.ru/sale/flat/283800990/;Санкт-Петербург;sale;flat;2;13;1;35.67;8968318;Василеостровский;Гавань;;Горный институт;Аквилон Залив ЖК
АРИСТА;real_estate_agent;https://spb.cian.ru/sale/flat/291921103/;Санкт-Петербург;sale;flat;5;5;1;31.0;5900000;Красногвардейский;Таллинская ;27;Новочеркасская;
ЛСР Санкт-Петербург;developer;https://spb.cian.ru/sale/flat/298050421/;Санкт-Петербург;sale;flat;15;15;1;32.03;10025390;Василеостровский;Гавань;12;Горный институт;Морская Набережная ЖК
ID 27547711;unknown;https://spb.cian.ru/sale/flat/296548554/;Санкт-Петербург;sale;flat;7;13;1;45.3;7790000;Невский; Дыбенко;42;Улица Дыбенко;
GloraX;developer;https://spb.cian.ru/sale/flat/297535249/;Санкт-Петербург;sale;flat;2;15;1;32.45;5839999;Выборгский;;;;Глоракс Парголово ЖК
ТВОЁ ПРОСТРАНСТВО;real_estate_agent;https://spb.cian.ru/sale/flat/298378211/;Санкт-Петербург;sale;flat;11;17;1;38.6;7590000;Невский;проспект Пятилеток;16к3;Проспект Большевиков;
Euroinvest Development;developer;https://spb.cian.ru/sale/flat/293271694/;Санкт-Петербург;sale;flat;2;12;1;32.67;9126691;Выборгский;Светлановское;;Удельная;ID Svetlanovskiy
ID 110082247;homeowner;https://spb.cian.ru/sale/flat/295206611/;Санкт-Петербург;sale;flat;3;9;1;43.0;16600000;Василеостровский;проспект Средний Васильевского острова;85;Горный институт;
Мегалит–Охта Групп;developer;https://spb.cian.ru/sale/flat/297024768/;Санкт-Петербург;sale;flat;3;25;1;39.04;10090307;Приморский;Коломяжский проспект;13к2;Пионерская;Приморский квартал
Елена Попова;realtor;https://spb.cian.ru/sale/flat/298499897/;Санкт-Петербург;sale;flat;12;14;1;39.8;15950000;Приморский;Белоостровская ;12;Лесная;ЦДС Черная речка
Группа Аквилон;developer;https://spb.cian.ru/sale/flat/292452929/;Санкт-Петербург;sale;flat;3;13;1;37.6;9317922;Приморский;Планерная ;87к1;Комендантский проспект;FoRest Аквилон
PRO.Flat;real_estate_agent;https://spb.cian.ru/sale/flat/295268092/;Санкт-Петербург;sale;flat;16;25;1;35.2;7600000;Калининский;Кондратьевский проспект;64к9;Лесная;
Петербургская Недвижимость;representative_developer;https://spb.cian.ru/sale/flat/299394257/;Санкт-Петербург;sale;flat;2;12;1;31.22;8600110;Московский;м. Ленинский проспект;;Ленинский проспект;Сенат
КВС;real_estate_agent;https://spb.cian.ru/sale/flat/299096314/;Санкт-Петербург;sale;flat;18;24;1;35.5;6800000;Выборгский;Заречная ;15к1;Парнас;Жили-Были
Петербургская Строительная Компания;developer;https://spb.cian.ru/sale/flat/298056575/;Санкт-Петербург;sale;flat;23;25;1;37.07;7531446;Приморский;набережная Реки Каменки;15к3;Проспект Просвещения;Friends
Невский простор;real_estate_agent;https://spb.cian.ru/sale/flat/296190867/;Санкт-Петербург;sale;flat;2;5;1;30.4;3790000;Колпинский;дорога На Петро-Славянку;2АБ;;
ЛСР Санкт-Петербург;developer;https://spb.cian.ru/sale/flat/298049969/;Санкт-Петербург;sale;flat;8;16;1;42.17;12187130;Василеостровский;Гавань;;Приморская;Морская Набережная ЖК
4ROOMS;real_estate_agent;https://spb.cian.ru/sale/flat/299092760/;Санкт-Петербург;sale;flat;9;14;1;45.77;9500000;Василеостровский;набережная Миклухо-Маклая;1к1;Приморская;Морская набережная. SeaView
Арсенал-Недвижимость;developer;https://spb.cian.ru/sale/flat/293371715/;Санкт-Петербург;sale;flat;11;12;1;45.51;13147839;Приморский; Плесецкая;2;Комендантский проспект;Ariosto!
КВС;real_estate_agent;https://spb.cian.ru/sale/flat/298715153/;Санкт-Петербург;sale;flat;6;24;1;33.8;6100000;Невский; Русановская;18к3;Ломоносовская;ЦДС Приневский
Полис;developer;https://spb.cian.ru/sale/flat/299028880/;Санкт-Петербург;sale;flat;10;13;1;34.55;7578888;Приморский;аллея Арцеуловская;9;Старая Деревня;Полис Приморский 2
4ROOMS;real_estate_agent;https://spb.cian.ru/sale/flat/295659991/;Санкт-Петербург;sale;flat;4;4;1;33.9;16500000;Центральный;набережная Воскресенская;28;Чернышевская;
ЛСР Санкт-Петербург;developer;https://spb.cian.ru/sale/flat/294544573/;Санкт-Петербург;sale;flat;2;15;1;36.9;10837530;Невский;Октябрьская набережная;57к3;Елизаровская;Цивилизация на Неве
Невский простор;real_estate_agent;https://spb.cian.ru/sale/flat/294867847/;Санкт-Петербург;sale;flat;12;22;1;37.9;9480000;Калининский; Бутлерова;11к4;Академическая;Академ-парк
ЛСР Санкт-Петербург;developer;https://spb.cian.ru/sale/flat/299364605/;Санкт-Петербург;sale;flat;3;25;1;26.0;4498000;Красногвардейский;Полюстрово;;Академическая;Цветной Город
КВС;real_estate_agent;https://spb.cian.ru/sale/flat/297486994/;Санкт-Петербург;sale;flat;18;26;1;39.98;7200000;Выборгский; Брюлловская;3кЕ;Парнас;
Петербургская Недвижимость;representative_developer;https://spb.cian.ru/sale/flat/296006362/;Санкт-Петербург;sale;flat;2;4;1;30.66;7100058;Петродворцовый;;;Автово;Дворцовый фасад ЖК
Северо-Западный Региональный Центр Недвижимости;real_estate_agent;https://spb.cian.ru/sale/flat/295682288/;Санкт-Петербург;sale;flat;3;9;1;32.7;6000000;Красносельский; Тамбасова;28;Проспект Ветеранов;
Альфа Фаберже;developer;https://spb.cian.ru/sale/flat/280459325/;Санкт-Петербург;sale;flat;6;8;1;54.4;29376000;Петроградский;набережная Реки Карповки;27;Петроградская;Клубный дом MELTZER HALL
Городская Недвижимость;real_estate_agent;https://spb.cian.ru/sale/flat/292406186/;Санкт-Петербург;sale;flat;1;10;1;40.5;5100000;Пушкинский;Пушкинская ;48;;Шушары
Терминал-Ресурс;developer;https://spb.cian.ru/sale/flat/296121371/;Санкт-Петербург;sale;flat;2;4;1;28.71;5081670;Пушкинский;;;Купчино;Образцовый квартал 14 ЖК
Городская Недвижимость;real_estate_agent;https://spb.cian.ru/sale/flat/297075527/;Санкт-Петербург;sale;flat;7;10;1;38.4;6600000;Приморский; Репищева;19К1;Комендантский проспект;
ФСК;developer;https://spb.cian.ru/sale/flat/295183685/;Санкт-Петербург;sale;flat;4;17;1;33.81;5292549;Невский;Невский;;;Зум на Неве ЖК
Экотон;real_estate_agent;https://spb.cian.ru/sale/flat/297989469/;Санкт-Петербург;sale;flat;2;18;1;41.6;6250000;Красносельский;Ленинский проспект;55к1;Ленинский проспект;
Петербургская Недвижимость;representative_developer;https://spb.cian.ru/sale/flat/297483173/;Санкт-Петербург;sale;flat;14;17;1;31.3;8100158;Невский;Невский;;Проспект Большевиков;Пульс Премьер ЖК
PRO.Flat;real_estate_agent;https://spb.cian.ru/sale/flat/295283735/;Санкт-Петербург;sale;flat;17;17;1;39.4;7299000;Московский;Дунайский проспект;5к5;Звездная;Пулковский посад
Петербургская Недвижимость;representative_developer;https://spb.cian.ru/sale/flat/299540719/;Санкт-Петербург;sale;flat;10;12;1;30.5;6750092;Приморский;Коломяги;;Проспект Просвещения;Бионика Заповедная
Невский простор;real_estate_agent;https://spb.cian.ru/sale/flat/291808351/;Санкт-Петербург;sale;flat;14;14;1;41.0;7450000;Выборгский;Выборгское шоссе;23к2;Озерки;
ЛСР Санкт-Петербург;developer;https://spb.cian.ru/sale/flat/299403387/;Санкт-Петербург;sale;flat;2;12;1;34.7;8241250;Красногвардейский;Партизанская ;5Б;Ладожская;ЛСР. Большая Охта
Вам к нам;real_estate_agent;https://spb.cian.ru/sale/flat/296733100/;Санкт-Петербург;sale;flat;5;12;1;34.5;6300000;Красногвардейский; Коммуны;32к2;Улица Дыбенко;
ЛСР Санкт-Петербург;developer;https://spb.cian.ru/sale/flat/296181325/;Санкт-Петербург;sale;flat;2;23;1;34.58;7797790;Красносельский;Юго-Запад;;Автово;Морская миля ЖК
Active Group - Арендафон. Штаб Квартир;real_estate_agent;https://spb.cian.ru/sale/flat/298739677/;Санкт-Петербург;sale;flat;10;10;1;45.6;14000000;Приморский;Приморский проспект;54к2;Старая Деревня;Life Приморский
Группа Аквилон;developer;https://spb.cian.ru/sale/flat/298641812/;Санкт-Петербург;sale;flat;3;12;1;37.51;9369698;Московский;Звёздное;;Звездная;Аквилон Ливз 2 ЖК
Невский простор;real_estate_agent;https://spb.cian.ru/sale/flat/294020465/;Санкт-Петербург;sale;flat;14;23;1;31.3;4590000;Пушкинский;проспект Старорусский;6;Купчино;Шушары
Группа Аквилон;developer;https://spb.cian.ru/sale/flat/299533660/;Санкт-Петербург;sale;flat;2;13;1;32.33;5857961;Пушкинский;;;Купчино;Аквилон All In 3.0
Golden Home;real_estate_agent;https://spb.cian.ru/sale/flat/297014130/;Санкт-Петербург;sale;flat;12;14;1;40.41;14900000;Приморский;Белоостровская ;12;Черная речка;ЦДС Черная речка
Петербургская Недвижимость;representative_developer;https://spb.cian.ru/sale/flat/295028987/;Санкт-Петербург;sale;flat;6;12;1;32.65;8000213;Приморский;Коломяги;;Озерки;Прайм Приморский ЖК
ID 80009498;homeowner;https://spb.cian.ru/sale/flat/299398539/;Санкт-Петербург;sale;flat;1;18;1;42.2;12600000;Фрунзенский;Белградская ;26к9;Международная;
Euroinvest Development;developer;https://spb.cian.ru/sale/flat/298884866/;Санкт-Петербург;sale;flat;7;10;1;29.21;9055100;Выборгский; Курчатова;;Политехническая;iD Polytech
Игорь Черепанов;realtor;https://spb.cian.ru/sale/flat/299099426/;Санкт-Петербург;sale;flat;2;19;1;32.0;8000000;Московский; Среднерогатская;16к2;Звездная;4YOU
Петербургская Недвижимость;representative_developer;https://spb.cian.ru/sale/flat/299394245/;Санкт-Петербург;sale;flat;2;12;1;30.42;8200030;Московский;Новоизмайловское;;;Титул в Московском
Экотон;real_estate_agent;https://spb.cian.ru/sale/flat/297227985/;Санкт-Петербург;sale;flat;24;24;1;41.0;6425000;Пушкинский;переулок Вилеровский;6;Звездная;Юнион
Унистрой;developer;https://spb.cian.ru/sale/flat/296825881/;Санкт-Петербург;sale;flat;3;5;1;24.89;6361000;Курортный;;;Беговая;Лисино
PRO.Flat;real_estate_agent;https://spb.cian.ru/sale/flat/296212408/;Санкт-Петербург;sale;flat;6;19;1;33.54;8300000;Невский;Дальневосточный проспект;19к1;Новочеркасская;Pulse Premier
Ленстройтрест;developer;https://spb.cian.ru/sale/flat/298650860/;Санкт-Петербург;sale;flat;5;8;1;42.5;9881750;Приморский;Коломяги;;Проспект Просвещения;Окла ЖК
Невский простор;real_estate_agent;https://spb.cian.ru/sale/flat/295879876/;Санкт-Петербург;sale;flat;9;17;1;42.0;6800000;Красносельский;проспект Героев;24к1;Проспект Ветеранов;
Петербургская Недвижимость;representative_developer;https://spb.cian.ru/sale/flat/296851449/;Санкт-Петербург;sale;flat;2;10;1;41.0;10050043;Приморский;проспект Авиаконструкторов;67к1;Комендантский проспект;Чистое небо
Весь Петербург;real_estate_agent;https://spb.cian.ru/sale/flat/294179154/;Санкт-Петербург;sale;flat;15;17;1;33.7;7500000;Приморский;Богатырский проспект;51к1;Старая Деревня;
К-25;developer;https://spb.cian.ru/sale/flat/294911486/;Санкт-Петербург;sale;flat;3;12;1;25.43;5848900;Приморский;м. Комендантский проспект;;Комендантский проспект;YE'S Primorsky Комплекс Апартаментов
Семейный Риэлтор;real_estate_agent;https://spb.cian.ru/sale/flat/292434440/;Санкт-Петербург;sale;flat;12;14;1;37.0;7900000;Приморский;набережная Реки Каменки;19к4;Озерки;
ЛСР Санкт-Петербург;developer;https://spb.cian.ru/sale/flat/299096348/;Санкт-Петербург;sale;flat;6;25;1;30.21;5452905;Красногвардейский;м. Гражданский проспект;;Гражданский проспект;Ручьи ЖК
Невский простор;real_estate_agent;https://spb.cian.ru/sale/flat/295721078/;Санкт-Петербург;sale;flat;16;24;1;34.7;6300000;Выборгский; Валерия Гаврилина;13к1;Парнас;Северная долина
Петербургская Недвижимость;representative_developer;https://spb.cian.ru/sale/flat/299582550/;Санкт-Петербург;sale;flat;2;5;1;33.4;6950155;Московский;Пулковское шоссе;71к19;Звездная;Зеленый квартал
Невский простор;real_estate_agent;https://spb.cian.ru/sale/flat/292112525/;Санкт-Петербург;sale;flat;3;12;1;49.0;13900000;Московский;Сызранская ;23;Электросила;iD Park Pobedy
Лидер Групп;developer;https://spb.cian.ru/sale/flat/292158183/;Санкт-Петербург;sale;flat;17;23;1;47.35;14915250;Московский;Гагаринское;;;Дефанс ЖК
Весь Петербург;real_estate_agent;https://spb.cian.ru/sale/flat/289252855/;Санкт-Петербург;sale;flat;12;14;1;35.44;8250000;Василеостровский;Гавань;;Приморская;Аквилон Залив ЖК
Петербургская Строительная Компания;developer;https://spb.cian.ru/sale/flat/295852716/;Санкт-Петербург;sale;flat;2;5;1;32.7;5679249;Московский;Пулковский меридиан;;Проспект Славы;Плюс Пулковский ЖК
Хабита Северо-Запад;real_estate_agent;https://spb.cian.ru/sale/flat/294941822/;Санкт-Петербург;sale;flat;2;7;1;29.1;7750000;Петроградский; Профессора Попова;26;Петроградская;
Петербургская Недвижимость;representative_developer;https://spb.cian.ru/sale/flat/299178306/;Санкт-Петербург;sale;flat;2;5;1;32.27;5900085;Московский;Пулковский меридиан;;Звездная;Парадный ансамбль
Петербургская Недвижимость;real_estate_agent;https://spb.cian.ru/sale/flat/299110914/;Санкт-Петербург;sale;flat;5;5;1;30.2;5500000;Калининский;Гражданский проспект;9К8;Площадь Мужества;
Монолит;developer;https://spb.cian.ru/sale/flat/296210633/;Санкт-Петербург;sale;flat;2;15;1;39.5;8164532;Невский; Евдокима Огнева;3;Улица Дыбенко;WINGS апартаменты на Крыленко
Петербургская Недвижимость;real_estate_agent;https://spb.cian.ru/sale/flat/297829100/;Санкт-Петербург;sale;flat;5;5;1;31.1;5200000;Московский;проспект Космонавтов;30К3;Московская;
Терминал-Ресурс;developer;https://spb.cian.ru/sale/flat/293667114/;Санкт-Петербург;sale;flat;3;4;1;26.22;5332010;Пушкинский; Образцовая;2;Купчино;Образцовый квартал 13
Адвекс;real_estate_agent;https://spb.cian.ru/sale/flat/297849492/;Санкт-Петербург;sale;flat;10;10;1;33.8;6480000;Невский; Коллонтай;16К3;Проспект Большевиков;
Ленстройтрест;developer;https://spb.cian.ru/sale/flat/298649495/;Санкт-Петербург;sale;flat;1;5;1;42.86;7434350;Колпинский;шоссе Рубежное;14;Рыбацкое;Юттери
СЕЗАН;real_estate_agent;https://spb.cian.ru/sale/flat/297757839/;Санкт-Петербург;sale;flat;10;24;1;33.2;5000000;Невский; Русановская;20к1;Ломоносовская;Аквилон SKY
Петербургская Недвижимость;representative_developer;https://spb.cian.ru/sale/flat/296006316/;Санкт-Петербург;sale;flat;2;4;1;32.01;5650117;Пушкинский;;;Купчино;Универ Сити ЖК
Вам к нам;real_estate_agent;https://spb.cian.ru/sale/flat/297714144/;Санкт-Петербург;sale;flat;7;9;1;33.4;5500000;Фрунзенский;Белградская ;42;Проспект Славы;
К-25;developer;https://spb.cian.ru/sale/flat/294928453/;Санкт-Петербург;sale;flat;5;12;1;42.77;9623250;Приморский;м. Комендантский проспект;;Комендантский проспект;YE'S Primorsky Комплекс Апартаментов
Константин Михайловер;realtor;https://spb.cian.ru/sale/flat/296836302/;Санкт-Петербург;sale;flat;4;9;1;30.0;6300000;Выборгский; Карбышева;6К1;Площадь Мужества;
К-25;developer;https://spb.cian.ru/sale/flat/294928458/;Санкт-Петербург;sale;flat;5;12;1;38.14;8581500;Приморский;м. Комендантский проспект;;Комендантский проспект;YE'S Primorsky Комплекс Апартаментов
4ROOMS;real_estate_agent;https://spb.cian.ru/sale/flat/299382297/;Санкт-Петербург;sale;flat;1;12;1;33.6;4800000;Калининский;проспект Культуры;5к1;;
Стоун;developer;https://spb.cian.ru/sale/flat/294086595/;Санкт-Петербург;sale;flat;6;11;1;43.72;5500000;Пушкинский;;;Шушары;Полет ЖК
RBG Недвижимость  Realty Broker Group;real_estate_agent;https://spb.cian.ru/sale/flat/299505788/;Санкт-Петербург;sale;flat;7;12;1;43.4;5300000;Выборгский; Жени Егоровой;12К2;Проспект Просвещения;
Стоун;developer;https://spb.cian.ru/sale/flat/297264189/;Санкт-Петербург;sale;flat;2;6;1;27.35;4821250;Московский;Пулковский меридиан;;Звездная;Перспектива ЖК
Петербургская Недвижимость;real_estate_agent;https://spb.cian.ru/sale/flat/298731686/;Санкт-Петербург;sale;flat;2;5;1;30.2;4500000;Красногвардейский;Пискаревский проспект;155К2;Академическая;
GloraX;developer;https://spb.cian.ru/sale/flat/297535002/;Санкт-Петербург;sale;flat;4;15;1;37.65;6529999;Выборгский;;;;Глоракс Парголово ЖК
Первое Агентство Недвижимости;real_estate_agent;https://spb.cian.ru/sale/flat/299135050/;Санкт-Петербург;sale;flat;10;12;1;38.3;7300000;Приморский;проспект Авиаконструкторов;39К1;Комендантский проспект;
GloraX;developer;https://spb.cian.ru/sale/flat/297534950/;Санкт-Петербург;sale;flat;1;15;1;38.95;6579999;Выборгский;;;;Глоракс Парголово ЖК
Мир Квартир Элит;real_estate_agent;https://spb.cian.ru/sale/flat/292857535/;Санкт-Петербург;sale;flat;4;7;1;42.9;24980000;Центральный;Таврическая ;37;Чернышевская;
КВС;developer;https://spb.cian.ru/sale/flat/279688554/;Санкт-Петербург;sale;flat;1;5;1;40.6;7171880;Пушкинский;Пулковское тер.;;Звездная;ЮгТаун. Олимпийские кварталы
ЖИЛФОНД Санкт-Петербург;real_estate_agent;https://spb.cian.ru/sale/flat/297697704/;Санкт-Петербург;sale;flat;9;23;1;37.3;5850000;Невский; Русановская;17к4;Ломоносовская;Ласточкино гнездо
Терминал-Ресурс;developer;https://spb.cian.ru/sale/flat/296121559/;Санкт-Петербург;sale;flat;2;4;1;36.31;6511000;Пушкинский;;;Купчино;Образцовый квартал 14 ЖК
Puzzle Realty;real_estate_agent;https://spb.cian.ru/sale/flat/298608906/;Санкт-Петербург;sale;flat;9;12;1;38.1;7200000;Приморский;Камышовая ;32К1;Комендантский проспект;
Терминал-Ресурс;developer;https://spb.cian.ru/sale/flat/296121384/;Санкт-Петербург;sale;flat;1;4;1;37.76;6282080;Пушкинский;;;Купчино;Образцовый квартал 14 ЖК
ПИА Недвижимость;real_estate_agent;https://spb.cian.ru/sale/flat/298870704/;Санкт-Петербург;sale;flat;2;16;1;38.0;9990000;Василеостровский; Кораблестроителей;32к3;Приморская;
Терминал-Ресурс;developer;https://spb.cian.ru/sale/flat/296122330/;Санкт-Петербург;sale;flat;4;4;1;32.3;6213600;Пушкинский;;;Купчино;Образцовый квартал 14 ЖК
Евгений Смирнов;realtor;https://spb.cian.ru/sale/flat/299321083/;Санкт-Петербург;sale;flat;13;19;1;44.8;8600000;Приморский;аллея Арцеуловская;23к1;Комендантский проспект;Чистое небо
ГлавстройСПб;developer;https://spb.cian.ru/sale/flat/297885525/;Санкт-Петербург;sale;flat;14;23;1;39.68;7691513;Приморский; Ивинская;1к4;Зенит;ПАРК-КВАРТАЛ Юнтолово
Динас;real_estate_agent;https://spb.cian.ru/sale/flat/299095339/;Санкт-Петербург;sale;flat;1;4;1;28.3;3500000;Колпинский;проспект Ленина;73;;
КВС;developer;https://spb.cian.ru/sale/flat/292309429/;Санкт-Петербург;sale;flat;1;5;1;39.07;6619325;Пушкинский;;;Звездная;ЮгТаун ЖК
Реал Лидер;real_estate_agent;https://spb.cian.ru/sale/flat/299357595/;Санкт-Петербург;sale;flat;15;23;1;39.8;7200000;Выборгский;Заречная ;10;Парнас;Прагма city
КВС;developer;https://spb.cian.ru/sale/flat/298151321/;Санкт-Петербург;sale;flat;3;17;1;37.57;10064160;Калининский;Финляндский;;;Квартал бизнес-класса Б15
FRAN;real_estate_agent;https://spb.cian.ru/sale/flat/289786509/;Санкт-Петербург;sale;flat;15;24;1;36.95;6000000;Приморский; Ивинская;19к1;Беговая;Юнтолово
ГлавстройСПб;developer;https://spb.cian.ru/sale/flat/298459515/;Санкт-Петербург;sale;flat;14;23;1;34.37;6893604;Приморский; Ивинская;1к4;Зенит;ПАРК-КВАРТАЛ Юнтолово
Петербургская Недвижимость;real_estate_agent;https://spb.cian.ru/sale/flat/299374819/;Санкт-Петербург;sale;flat;8;24;1;32.4;7500000;Московский;Дунайский проспект;28к2;Звездная;
ГлавстройСПб;developer;https://spb.cian.ru/sale/flat/297362013/;Санкт-Петербург;sale;flat;8;23;1;33.92;6718950;Приморский; Ивинская;5к1;Зенит;ПАРК-КВАРТАЛ Юнтолово
ТРЕНД;real_estate_agent;https://spb.cian.ru/sale/flat/294965679/;Санкт-Петербург;sale;flat;10;16;1;44.0;8800000;Московский;Краснопутиловская ;76к2;Московская;
GloraX;developer;https://spb.cian.ru/sale/flat/297535218/;Санкт-Петербург;sale;flat;10;15;1;36.46;6429999;Выборгский;;;;Глоракс Парголово ЖК
Century 21 Гарант;real_estate_agent;https://spb.cian.ru/sale/flat/296734435/;Санкт-Петербург;sale;flat;11;14;1;36.0;8888888;Приморский;Приморский проспект;145К3;Беговая;
RBI;developer;https://spb.cian.ru/sale/flat/299131436/;Санкт-Петербург;sale;flat;4;9;1;56.2;26153866;Центральный;Лиговка-Ямская;;Площадь Восстания;Миръ
Мир Квартир Элит;real_estate_agent;https://spb.cian.ru/sale/flat/294111461/;Санкт-Петербург;sale;flat;3;4;1;41.1;20990000;Центральный;набережная Воскресенская;26;Чернышевская;
GloraX;developer;https://spb.cian.ru/sale/flat/279507904/;Санкт-Петербург;sale;flat;17;19;1;41.43;19709999;Василеостровский;Морской;;;Глоракс Премиум Василеостровский ЖК
PRILSgroup;real_estate_agent;https://spb.cian.ru/sale/flat/298195620/;Санкт-Петербург;sale;flat;8;9;1;41.7;13950000;Приморский;Фермское шоссе;12А;Удельная;Шведская крона
GloraX;developer;https://spb.cian.ru/sale/flat/279507903/;Санкт-Петербург;sale;flat;17;19;1;40.03;18709999;Василеостровский;Морской;;;Глоракс Премиум Василеостровский ЖК
RBG Недвижимость  Realty Broker Group;real_estate_agent;https://spb.cian.ru/sale/flat/297795562/;Санкт-Петербург;sale;flat;20;23;1;28.2;4950000;Невский; Русановская;18к3;Ломоносовская;ЦДС Приневский
КВС;developer;https://spb.cian.ru/sale/flat/294621909/;Санкт-Петербург;sale;flat;8;17;1;35.82;9275234;Калининский;Финляндский;;;Квартал бизнес-класса Б15
Ринкон;real_estate_agent;https://spb.cian.ru/sale/flat/297684712/;Санкт-Петербург;sale;flat;1;5;1;30.7;5400000;Калининский;проспект Науки;27;Академическая;
РСТИ;developer;https://spb.cian.ru/sale/flat/295858926/;Санкт-Петербург;sale;flat;4;9;1;33.72;9200731;Красносельский; Тамбасова;5;Проспект Ветеранов;Кинопарк
Самолет Плюс СПБ Приморский;real_estate_agent;https://spb.cian.ru/sale/flat/291372451/;Санкт-Петербург;sale;flat;8;12;1;36.2;5800000;Красногвардейский;проспект Наставников;12;Ладожская;
КВС;developer;https://spb.cian.ru/sale/flat/294621880/;Санкт-Петербург;sale;flat;13;17;1;36.84;9479160;Калининский;Финляндский;;;Квартал бизнес-класса Б15
ВСЯ НЕДВИЖИМОСТЬ ПЕТЕРБУРГА;real_estate_agent;https://spb.cian.ru/sale/flat/297994012/;Санкт-Петербург;sale;flat;3;5;1;30.0;5500000;Выборгский; Орбели;31К2;Площадь Мужества;
РСТИ;developer;https://spb.cian.ru/sale/flat/295859089/;Санкт-Петербург;sale;flat;1;9;1;36.81;8578900;Красносельский; Тамбасова;5;Проспект Ветеранов;Кинопарк
Ваш Дом;real_estate_agent;https://spb.cian.ru/sale/flat/299099830/;Санкт-Петербург;sale;flat;8;16;1;38.7;7650000;Приморский;Богатырский проспект;52к1;Комендантский проспект;
RBI;developer;https://spb.cian.ru/sale/flat/299131844/;Санкт-Петербург;sale;flat;8;14;1;40.5;15454071;Фрунзенский;Волковское;;Волковская;Аэронавт ЖК
Мир Квартир Элит;real_estate_agent;https://spb.cian.ru/sale/flat/297961350/;Санкт-Петербург;sale;flat;5;10;1;47.0;18000000;Петроградский;Ждановская ;29;Чкаловская;Идеальный мир
РСТИ;developer;https://spb.cian.ru/sale/flat/293496463/;Санкт-Петербург;sale;flat;7;8;1;48.8;22210541;Петроградский;Петровский проспект;22к2;Крестовский остров;Familia
RBG Недвижимость  Realty Broker Group;real_estate_agent;https://spb.cian.ru/sale/flat/298049316/;Санкт-Петербург;sale;flat;16;25;1;34.5;7500000;Невский; Коллонтай;5/1;Проспект Большевиков;Аврора
GloraX;developer;https://spb.cian.ru/sale/flat/279508038/;Санкт-Петербург;sale;flat;7;19;1;39.0;12629999;Василеостровский;Морской;;;Глоракс Премиум Василеостровский ЖК
Петербургская Недвижимость;real_estate_agent;https://spb.cian.ru/sale/flat/295280586/;Санкт-Петербург;sale;flat;5;25;1;37.95;5290000;Невский; Русановская;20к1;Ломоносовская;Аквилон SKY
RBI;developer;https://spb.cian.ru/sale/flat/299131936/;Санкт-Петербург;sale;flat;14;14;1;47.7;18011453;Фрунзенский;Волковское;;Волковская;Аэронавт ЖК
Мир Квартир Элит;real_estate_agent;https://spb.cian.ru/sale/flat/295323138/;Санкт-Петербург;sale;flat;5;9;1;44.0;16500000;Петроградский;Петровский проспект;24к3;Крестовский остров;Петровская ривьера
РСТИ;developer;https://spb.cian.ru/sale/flat/293496511/;Санкт-Петербург;sale;flat;5;8;1;39.7;19740518;Петроградский;Петровский проспект;22к2;Крестовский остров;Familia
ТРЕНД;real_estate_agent;https://spb.cian.ru/sale/flat/298662189/;Санкт-Петербург;sale;flat;2;5;1;31.2;5000000;Петродворцовый;Блан-Менильская ;3;;
AAG;developer;https://spb.cian.ru/sale/flat/298322054/;Санкт-Петербург;sale;flat;7;9;1;43.14;15915957;Красногвардейский; Помяловского;;Новочеркасская;Akzent
Минаков недвижимость;real_estate_agent;https://spb.cian.ru/sale/flat/291460963/;Санкт-Петербург;sale;flat;6;7;1;54.5;13790000;Центральный;переулок Апраксин;1;Сенная площадь;
Element Development;developer;https://spb.cian.ru/sale/flat/294551126/;Санкт-Петербург;sale;flat;10;25;1;36.94;18688685;Московский;Алтайская ;39;Московская;Шепилевский
Омега;real_estate_agent;https://spb.cian.ru/sale/flat/299334139/;Санкт-Петербург;sale;flat;13;14;1;37.0;6900000;Красногвардейский;шоссе Революции;27;Ладожская;
GloraX;developer;https://spb.cian.ru/sale/flat/299481389/;Санкт-Петербург;sale;flat;2;9;1;49.19;15679999;Адмиралтейский; Шкапина;43-45;Балтийская;GloraX Балтийская
Петербургский двор;real_estate_agent;https://spb.cian.ru/sale/flat/299632115/;Санкт-Петербург;sale;flat;10;10;1;35.0;6000000;Красносельский;проспект Ветеранов;169к6;Проспект Ветеранов;Английская миля
Sun Development;developer;https://spb.cian.ru/sale/flat/293435870/;Санкт-Петербург;sale;flat;7;7;1;63.86;24311275;Василеостровский;11-я Васильевского острова линия;56;Василеостровская;Клубный дом Monodom Line
ПИА Недвижимость;real_estate_agent;https://spb.cian.ru/sale/flat/296834271/;Санкт-Петербург;sale;flat;2;10;1;43.0;13700000;Адмиралтейский; Парфеновская;11к1;Фрунзенская;Квартал Галактика
AAG;developer;https://spb.cian.ru/sale/flat/298267752/;Санкт-Петербург;sale;flat;4;7;1;63.09;24879173;Василеостровский;Васильевский;;Василеостровская;Amo
ПИА Недвижимость;real_estate_agent;https://spb.cian.ru/sale/flat/297706736/;Санкт-Петербург;sale;flat;6;17;1;44.8;8900000;Калининский;проспект Непокоренных;49к2;Площадь Мужества;
GloraX;developer;https://spb.cian.ru/sale/flat/299481414/;Санкт-Петербург;sale;flat;6;9;1;41.6;15949999;Адмиралтейский; Шкапина;43-45;Балтийская;GloraX Балтийская
NEDmax;real_estate_agent;https://spb.cian.ru/sale/flat/294034275/;Санкт-Петербург;sale;flat;5;21;1;34.9;8700000;Василеостровский; Челюскина;8;Приморская;Golden City
Сенатор;developer;https://spb.cian.ru/sale/flat/289388425/;Санкт-Петербург;sale;flat;6;12;1;48.2;17877708;Курортный;Приморское шоссе;570Л;;МФК Морская ривьера
Агентство недвижимости Сергея Галлера;real_estate_agent;https://spb.cian.ru/sale/flat/298329429/;Санкт-Петербург;sale;flat;5;5;1;31.1;6100000;Фрунзенский;Софийская ;37К3;Международная;
Sun Development;developer;https://spb.cian.ru/sale/flat/293435822/;Санкт-Петербург;sale;flat;6;7;1;74.62;28626097;Василеостровский;11-я Васильевского острова линия;56;Василеостровская;Клубный дом Monodom Line
РУСЛЕКС;real_estate_agent;https://spb.cian.ru/sale/flat/297516945/;Санкт-Петербург;sale;flat;9;9;1;34.4;5490000;Выборгский;проспект Культуры;22К1;Гражданский проспект;
RBI;developer;https://spb.cian.ru/sale/flat/299135829/;Санкт-Петербург;sale;flat;3;6;1;48.1;21607555;Центральный;Миргородская ;1;Площадь Александра Невского;Миръ
Первое Агентство Недвижимости;real_estate_agent;https://spb.cian.ru/sale/flat/295747960/;Санкт-Петербург;sale;flat;12;16;1;33.6;11600000;Красногвардейский;Заневский проспект;42;Ладожская;Малая Охта
GloraX;developer;https://spb.cian.ru/sale/flat/279352049/;Санкт-Петербург;sale;flat;13;14;1;43.2;15089999;Красногвардейский;проспект Энергетиков;2;;GloraX Заневский
RBG Недвижимость  Realty Broker Group;real_estate_agent;https://spb.cian.ru/sale/flat/287949090/;Санкт-Петербург;sale;flat;6;12;1;37.38;8200000;Приморский;проспект Авиаконструкторов;54;Комендантский проспект;Modum
Сенатор;developer;https://spb.cian.ru/sale/flat/294787261/;Санкт-Петербург;sale;flat;1;8;1;35.8;9200600;Курортный; Правды;;;Мариоки
CENTURY 21 Capital Petersburg;real_estate_agent;https://spb.cian.ru/sale/flat/299363990/;Санкт-Петербург;sale;flat;3;16;1;41.2;11290000;Московский;Краснопутиловская ;125;Московская;
Сенатор;developer;https://spb.cian.ru/sale/flat/294180843/;Санкт-Петербург;sale;flat;3;12;1;71.8;25998780;Курортный;Приморское шоссе;570Л;;МФК Морская ривьера
ТВОЁ ПРОСТРАНСТВО;real_estate_agent;https://spb.cian.ru/sale/flat/269502406/;Санкт-Петербург;sale;flat;5;12;1;31.0;11500000;Московский;Кузнецовская ;58к1;Бухарестская;
RBI;developer;https://spb.cian.ru/sale/flat/299131874/;Санкт-Петербург;sale;flat;7;14;1;42.0;15802555;Фрунзенский;Волковское;;Волковская;Аэронавт ЖК
АРИСТА;real_estate_agent;https://spb.cian.ru/sale/flat/298092726/;Санкт-Петербург;sale;flat;8;13;1;30.8;5970000;Калининский;проспект Непокоренных;74;Академическая;
GloraX;developer;https://spb.cian.ru/sale/flat/279352061/;Санкт-Петербург;sale;flat;13;14;1;42.17;14989999;Красногвардейский;проспект Энергетиков;2;;GloraX Заневский
МИР КВАРТИР;real_estate_agent;https://spb.cian.ru/sale/flat/295364531/;Санкт-Петербург;sale;flat;22;24;1;54.2;13990000;Приморский;Мебельная ;49/92;Беговая;Vita Nova
ГлавстройСПб;developer;https://spb.cian.ru/sale/flat/297361064/;Санкт-Петербург;sale;flat;8;24;1;42.1;6912820;Приморский; Ивинская;19к1;Комендантский проспект;Юнтолово
ВСЯ НЕДВИЖИМОСТЬ ПЕТЕРБУРГА;real_estate_agent;https://spb.cian.ru/sale/flat/298255448/;Санкт-Петербург;sale;flat;3;10;1;35.5;11600000;Фрунзенский;Днепропетровская ;65;Обводный канал;Дом у Каретного
GloraX;developer;https://spb.cian.ru/sale/flat/298146758/;Санкт-Петербург;sale;flat;4;14;1;36.88;13119999;Красногвардейский;проспект Энергетиков;2;;GloraX Заневский
Реал Лидер;real_estate_agent;https://spb.cian.ru/sale/flat/299505462/;Санкт-Петербург;sale;flat;6;7;1;40.0;9990000;Выборгский;проспект Энгельса;134к3;Проспект Просвещения;
GloraX;developer;https://spb.cian.ru/sale/flat/299481388/;Санкт-Петербург;sale;flat;2;9;1;46.26;14709999;Адмиралтейский; Шкапина;43-45;Балтийская;GloraX Балтийская
ТРЕНД;real_estate_agent;https://spb.cian.ru/sale/flat/296031592/;Санкт-Петербург;sale;flat;20;23;1;35.3;5600000;Красногвардейский; Корнея Чуковского;5к2;Девяткино;
AAG;developer;https://spb.cian.ru/sale/flat/298322029/;Санкт-Петербург;sale;flat;9;9;1;63.19;32549169;Красногвардейский; Помяловского;;Новочеркасская;Akzent
АРИН;real_estate_agent;https://spb.cian.ru/sale/flat/298074012/;Санкт-Петербург;sale;flat;2;5;1;29.7;5599000;Калининский; Ушинского;41;Гражданский проспект;
GloraX;developer;https://spb.cian.ru/sale/flat/297849164/;Санкт-Петербург;sale;flat;11;15;1;51.64;13059999;Красногвардейский;переулок Уткин;;;Апарт-отель GloraX Заневский
Century 21 Гарант;real_estate_agent;https://spb.cian.ru/sale/flat/295762890/;Санкт-Петербург;sale;flat;3;4;1;31.5;5500000;Пушкинский;Гуммолосаровская ;19;Купчино;
AAG;developer;https://spb.cian.ru/sale/flat/298322010/;Санкт-Петербург;sale;flat;7;9;1;37.78;13640919;Красногвардейский; Помяловского;;Новочеркасская;Akzent
Самолет Плюс СПБ Приморский;real_estate_agent;https://spb.cian.ru/sale/flat/289681131/;Санкт-Петербург;sale;flat;1;9;1;47.5;12700000;Центральный;Кременчугская ;19к3;Площадь Александра Невского;Царская столица
Сенатор;developer;https://spb.cian.ru/sale/flat/294787260/;Санкт-Петербург;sale;flat;1;8;1;35.4;9097800;Курортный; Правды;;;Мариоки
BR Group;real_estate_agent;https://spb.cian.ru/sale/flat/299103855/;Санкт-Петербург;sale;flat;4;12;1;34.5;7290000;Приморский;проспект Орлово-Денисовский;19к1;Проспект Просвещения;Орловский парк
AAG;developer;https://spb.cian.ru/sale/flat/298529998/;Санкт-Петербург;sale;flat;4;8;1;25.52;15132619;Петроградский;Пионерская ;53;Чкаловская;Avant
СОФИЯ;real_estate_agent;https://spb.cian.ru/sale/flat/292437729/;Санкт-Петербург;sale;flat;4;11;1;28.2;5500000;Пушкинский;проспект Старорусский;11;Купчино;Аэросити
LEGENDA Intelligent Development;developer;https://spb.cian.ru/sale/flat/299464106/;Санкт-Петербург;sale;flat;7;11;1;44.89;18404900;Красногвардейский; Стахановцев;1;Новочеркасская;Малоохтинский, 68
М16;real_estate_agent;https://spb.cian.ru/sale/flat/297872990/;Санкт-Петербург;sale;flat;6;26;1;46.9;13990000;Невский;проспект Обуховской обороны;195;Пролетарская;Дом-Мегалит на Неве
SENATOR;developer;https://spb.cian.ru/sale/flat/294777985/;Санкт-Петербург;sale;flat;10;11;1;35.2;10610000;Невский;Октябрьская набережная;86К2;Пролетарская;Панорама Невы
Петербургская Недвижимость;real_estate_agent;https://spb.cian.ru/sale/flat/293041151/;Санкт-Петербург;sale;flat;9;25;1;31.4;6780000;Приморский; Верхне-Каменская;7к1;Комендантский проспект;Чистое небо
AAG;developer;https://spb.cian.ru/sale/flat/298529954/;Санкт-Петербург;sale;flat;2;8;1;45.33;20277423;Петроградский;Пионерская ;53;Чкаловская;Avant
ПИА Недвижимость;real_estate_agent;https://spb.cian.ru/sale/flat/296992432/;Санкт-Петербург;sale;flat;10;11;1;35.37;10990000;Центральный;Днепропетровская ;7;Лиговский проспект;СемьА
ГлавстройСПб;developer;https://spb.cian.ru/sale/flat/297361142/;Санкт-Петербург;sale;flat;1;17;1;38.4;7107840;Приморский; Ивинская;9;Комендантский проспект;Юнтолово
NEXT;real_estate_agent;https://spb.cian.ru/sale/flat/299637865/;Санкт-Петербург;sale;flat;6;8;1;40.55;23660000;Петроградский;набережная Реки Карповки;31к1;Петроградская;
GloraX;developer;https://spb.cian.ru/sale/flat/295950298/;Санкт-Петербург;sale;flat;2;15;1;44.94;13135623;Красногвардейский;переулок Уткин;;;Апарт-отель GloraX Заневский
Century 21 Гарант;real_estate_agent;https://spb.cian.ru/sale/flat/294773629/;Санкт-Петербург;sale;flat;1;6;1;30.3;8500000;Петроградский; Мира;24;Горьковская;
LEGENDA Intelligent Development;developer;https://spb.cian.ru/sale/flat/299464134/;Санкт-Петербург;sale;flat;2;11;1;55.77;22386078;Красногвардейский; Стахановцев;1;Новочеркасская;Малоохтинский, 68
Петербургская Недвижимость;real_estate_agent;https://spb.cian.ru/sale/flat/297458707/;Санкт-Петербург;sale;flat;11;18;1;33.4;7700000;Московский; Среднерогатская;16к2;Звездная;4YOU
ГлавстройСПб;developer;https://spb.cian.ru/sale/flat/297361030/;Санкт-Петербург;sale;flat;2;24;1;40.6;6540660;Приморский; Ивинская;19к1;Комендантский проспект;Юнтолово
Омега;real_estate_agent;https://spb.cian.ru/sale/flat/298731633/;Санкт-Петербург;sale;flat;15;15;1;38.6;15940000;Красногвардейский;Магнитогорская ;3к2;Новочеркасская;Magnifika Lifestyle
Element Development;developer;https://spb.cian.ru/sale/flat/297316436/;Санкт-Петербург;sale;flat;7;25;1;34.56;19688676;Московский;Алтайская ;39;Московская;Шепилевский
VSN (Весь Спектр Недвижимости);real_estate_agent;https://spb.cian.ru/sale/flat/270168275/;Санкт-Петербург;sale;flat;2;5;1;31.1;5500000;Кировский; Козлова;27К1;Проспект Ветеранов;
LEGENDA Intelligent Development;developer;https://spb.cian.ru/sale/flat/299451096/;Санкт-Петербург;sale;flat;6;23;1;66.5;21147000;Выборгский;аллея Академика Лихачева;7;Площадь Мужества;Институтский, 16
FisherGroup;real_estate_agent;https://spb.cian.ru/sale/flat/297274171/;Санкт-Петербург;sale;flat;13;15;1;45.4;7700000;Красносельский;проспект Ветеранов;130;Проспект Ветеранов;
LEGENDA Intelligent Development;developer;https://spb.cian.ru/sale/flat/299465229/;Санкт-Петербург;sale;flat;6;12;1;39.66;16240770;Выборгский;Сампсониевское;;Выборгская;Сампсониевский 32
Гарантия;real_estate_agent;https://spb.cian.ru/sale/flat/299071751/;Санкт-Петербург;sale;flat;11;15;1;34.3;6800000;Кировский; Лени Голикова;2;Проспект Ветеранов;
Рикэл;developer;https://spb.cian.ru/sale/flat/292061878/;Санкт-Петербург;sale;flat;5;25;1;51.7;9461100;Калининский;Светлановский проспект;121к1;Гражданский проспект;Эврика
Петербургская Недвижимость;real_estate_agent;https://spb.cian.ru/sale/flat/296783105/;Санкт-Петербург;sale;flat;2;4;1;40.9;15000000;Центральный;Малая Садовая ;4;Гостиный двор;
SENATOR;developer;https://spb.cian.ru/sale/flat/296399787/;Санкт-Петербург;sale;flat;9;11;1;46.37;10766000;Невский;Октябрьская набережная;86К2;Пролетарская;Панорама Невы
Владис Центральный;real_estate_agent;https://spb.cian.ru/sale/flat/297570434/;Санкт-Петербург;sale;flat;14;18;1;31.0;7500000;Василеостровский; Вадима Шефнера;14к1;Приморская;"Светлый мир ""Я-романтик"""
LEGENDA Intelligent Development;developer;https://spb.cian.ru/sale/flat/299465221/;Санкт-Петербург;sale;flat;7;12;1;43.47;16922871;Выборгский;Сампсониевское;;Выборгская;Сампсониевский 32
Первое Агентство Недвижимости;real_estate_agent;https://spb.cian.ru/sale/flat/298659871/;Санкт-Петербург;sale;flat;9;23;1;40.1;6500000;Невский;проспект Советский;41к1;Рыбацкое;Живи! в Рыбацком
SENATOR;developer;https://spb.cian.ru/sale/flat/294042869/;Санкт-Петербург;sale;flat;10;11;1;28.9;10809500;Невский;Октябрьская набережная;86К2;Пролетарская;Панорама Невы
МИР КВАРТИР;real_estate_agent;https://spb.cian.ru/sale/flat/299336700/;Санкт-Петербург;sale;flat;5;9;1;58.33;41000000;Петроградский;набережная Адмирала Лазарева;22;Чкаловская;One Trinity Place
Element Development;developer;https://spb.cian.ru/sale/flat/293371725/;Санкт-Петербург;sale;flat;2;11;1;37.6;17239224;Московский; Коли Томчака;;Московские ворота;Коллекционный Дом 1919
Vysotsky Estate;real_estate_agent;https://spb.cian.ru/sale/flat/298736745/;Санкт-Петербург;sale;flat;10;11;1;41.0;5800000;Выборгский; Тихоокеанская;5;Проспект Просвещения;в Парголово
Element Development;developer;https://spb.cian.ru/sale/flat/294555441/;Санкт-Петербург;sale;flat;7;11;1;40.4;21098761;Московский; Коли Томчака;;Московские ворота;Коллекционный Дом 1919
АУРУМ;real_estate_agent;https://spb.cian.ru/sale/flat/294184360/;Санкт-Петербург;sale;flat;5;10;1;39.5;9500000;Курортный; Гагаринская;77к1;Беговая;Дом у Разлива
Element Development;developer;https://spb.cian.ru/sale/flat/287028904/;Санкт-Петербург;sale;flat;17;25;1;43.1;24880294;Московский;Алтайская ;39;Московская;Шепилевский
Арина Николаева;realtor;https://spb.cian.ru/sale/flat/297343485/;Санкт-Петербург;sale;flat;14;25;1;33.5;5899000;Невский;проспект Советский;39к1;Рыбацкое;Живи! в Рыбацком
Element Development;developer;https://spb.cian.ru/sale/flat/294901647/;Санкт-Петербург;sale;flat;5;11;1;40.6;18861024;Московский; Коли Томчака;;Московские ворота;Коллекционный Дом 1919
BR Group;real_estate_agent;https://spb.cian.ru/sale/flat/296446881/;Санкт-Петербург;sale;flat;7;15;1;39.0;7200000;Выборгский;дорога Михайловская;14к1;Проспект Просвещения;Parkolovo
Стоун;developer;https://spb.cian.ru/sale/flat/297264272/;Санкт-Петербург;sale;flat;6;6;1;38.7;6227000;Московский;Пулковский меридиан;;Звездная;Перспектива ЖК
Агентство Недвижимости КВАДРАТЫ;real_estate_agent;https://spb.cian.ru/sale/flat/295940595/;Санкт-Петербург;sale;flat;2;5;1;29.3;5690000;Выборгский; Орбели;31К2;Площадь Мужества;
Петербургская Недвижимость;representative_developer;https://spb.cian.ru/sale/flat/296659706/;Санкт-Петербург;sale;flat;1;4;1;34.3;6150247;Пушкинский;шоссе Колпинское;127;Купчино;Univer City. Город возможностей
Мир Квартир Элит;real_estate_agent;https://spb.cian.ru/sale/flat/293254950/;Санкт-Петербург;sale;flat;13;13;1;33.7;15800000;Красногвардейский;Пискаревский проспект;1;Площадь Ленина;Четыре горизонта
;developer;https://spb.cian.ru/sale/flat/297024654/;Санкт-Петербург;sale;flat;8;25;1;41.31;11218263;Приморский;Коломяжский проспект;13к2;Пионерская;Приморский квартал
;;https://spb.cian.ru/sale/flat/296631786/;Санкт-Петербург;sale;flat;9;10;1;46.7;9600000;Приморский;Мартыновская ;6;Комендантский проспект;
;representative_developer;https://spb.cian.ru/sale/flat/280678056/;Санкт-Петербург;sale;flat;3;4;1;38.2;7050211;Пушкинский;шоссе Колпинское;127;Купчино;Univer City. Город возможностей
;;https://spb.cian.ru/sale/flat/292232141/;Санкт-Петербург;sale;flat;6;9;1;32.5;6300000;Невский;проспект Большевиков;13К3;Улица Дыбенко;
;developer;https://spb.cian.ru/sale/flat/298656206/;Санкт-Петербург;sale;flat;15;18;1;36.1;11335405;Адмиралтейский;бульвар Измайловский;11;Московские ворота;Квартал Галактика
;;https://spb.cian.ru/sale/flat/299583835/;Санкт-Петербург;sale;flat;19;24;1;33.9;8500000;Красногвардейский;проспект Энергетиков;9К1;Ладожская;ЗимаЛето
;developer;https://spb.cian.ru/sale/flat/294928402/;Санкт-Петербург;sale;flat;8;12;1;27.42;7129200;Приморский;м. Комендантский проспект;;Комендантский проспект;YE'S Primorsky Комплекс Апартаментов
;;https://spb.cian.ru/sale/flat/299055356/;Санкт-Петербург;sale;flat;2;21;1;32.0;9300000;Фрунзенский; Турку;11к2;Международная;ЦДС Турку, 11
;developer;https://spb.cian.ru/sale/flat/296078225/;Санкт-Петербург;sale;flat;11;12;1;27.59;7449300;Приморский;м. Комендантский проспект;;Комендантский проспект;YE'S Primorsky Комплекс Апартаментов
;;https://spb.cian.ru/sale/flat/297430999/;Санкт-Петербург;sale;flat;2;12;1;35.1;6750000;Выборгский;Манчестерская ;16;Удельная;
;developer;https://spb.cian.ru/sale/flat/297024575/;Санкт-Петербург;sale;flat;12;25;1;42.59;11086743;Приморский;Коломяжский проспект;13к2;Пионерская;Приморский квартал
;;https://spb.cian.ru/sale/flat/298879842/;Санкт-Петербург;sale;flat;2;12;1;36.73;10500000;Приморский;Белоостровская ;12;Лесная;ЦДС Черная речка
;developer;https://spb.cian.ru/sale/flat/298655591/;Санкт-Петербург;sale;flat;7;18;1;36.8;12016058;Адмиралтейский;бульвар Измайловский;9;Фрунзенская;Квартал Галактика
;;https://spb.cian.ru/sale/flat/296477514/;Санкт-Петербург;sale;flat;4;4;1;31.1;12927000;Центральный;Фурштатская ;23;Чернышевская;
;developer;https://spb.cian.ru/sale/flat/298657299/;Санкт-Петербург;sale;flat;2;10;1;41.1;17482036;Приморский;Белоостровская ;28;Черная речка;Domino
;;https://spb.cian.ru/sale/flat/299559466/;Санкт-Петербург;sale;flat;5;5;1;31.6;5300000;Невский; Цимбалина;46;Ломоносовская;
;developer;https://spb.cian.ru/sale/flat/294603061/;Санкт-Петербург;sale;flat;5;9;1;50.35;20006294;Василеостровский;7-я Васильевского острова линия;84;Василеостровская;Регенбоген
;;https://spb.cian.ru/sale/flat/298374900/;Санкт-Петербург;sale;flat;2;9;1;36.0;6150000;Красносельский;Петергофское шоссе;15к2;;
;developer;https://spb.cian.ru/sale/flat/299606413/;Санкт-Петербург;sale;flat;3;18;1;39.33;11849999;Василеостровский;Морской;;;Глоракс Василеостровский ЖК
;;https://spb.cian.ru/sale/flat/299100668/;Санкт-Петербург;sale;flat;2;16;1;46.0;8499999;Невский;Товарищеский проспект;32к1;Улица Дыбенко;
;developer;https://spb.cian.ru/sale/flat/297264794/;Санкт-Петербург;sale;flat;5;6;1;32.77;5278200;Московский;Пулковский меридиан;;Звездная;Перспектива ЖК
;;https://spb.cian.ru/sale/flat/296197788/;Санкт-Петербург;sale;flat;3;5;1;31.0;6490000;Выборгский;Удельный проспект;51К1;Удельная;
;developer;https://spb.cian.ru/sale/flat/268906782/;Санкт-Петербург;sale;flat;18;26;1;32.2;7084000;Пушкинский;проспект Новгородский;2к3;Шушары;Simple
;;https://spb.cian.ru/sale/flat/293797582/;Санкт-Петербург;sale;flat;5;15;1;46.3;13200000;Фрунзенский; Тосина;6;Обводный канал;Автограф в центре
;representative_developer;https://spb.cian.ru/sale/flat/298191334/;Санкт-Петербург;sale;flat;8;12;1;34.8;10100120;Московский;м. Ленинский проспект;;Ленинский проспект;Сенат
;;https://spb.cian.ru/sale/flat/298791080/;Санкт-Петербург;sale;flat;1;12;1;35.9;8750000;Выборгский;Манчестерская ;3к2;Удельная;Панорама парк Сосновка
;representative_developer;https://spb.cian.ru/sale/flat/296730034/;Санкт-Петербург;sale;flat;5;12;1;34.29;9900191;Московский;м. Ленинский проспект;;Ленинский проспект;Сенат
;;https://spb.cian.ru/sale/flat/288958467/;Санкт-Петербург;sale;flat;13;24;1;36.8;6100000;Невский; Русановская;17к4;Пролетарская;Ласточкино гнездо
RBI;developer;https://spb.cian.ru/sale/flat/295748468/;Санкт-Петербург;sale;flat;21;23;1;35.9;12823257;Выборгский;Шувалово-Озерки;;Проспект Просвещения;Струны
Century 21 Гарант;real_estate_agent;https://spb.cian.ru/sale/flat/294854766/;Санкт-Петербург;sale;flat;8;9;1;30.5;5200000;Красносельский;проспект Ветеранов;129к2;Проспект Ветеранов;
Отделстрой;developer;https://spb.cian.ru/sale/flat/265730967/;Санкт-Петербург;sale;flat;8;12;1;34.99;12407000;Выборгский;Большой Сампсониевский проспект;70к3;Выборгская;Новый Лесснер
Владис Центральный;real_estate_agent;https://spb.cian.ru/sale/flat/293329983/;Санкт-Петербург;sale;flat;6;18;1;40.3;9200000;Приморский; Матроса Железняка;57;Пионерская;Grand Capital
Эталон СПБ;developer;https://spb.cian.ru/sale/flat/298657444/;Санкт-Петербург;sale;flat;7;10;1;36.8;14664779;Приморский;Белоостровская ;28;Черная речка;Domino
МИР КВАРТИР;real_estate_agent;https://spb.cian.ru/sale/flat/299336702/;Санкт-Петербург;sale;flat;5;9;1;60.15;42000000;Петроградский;набережная Адмирала Лазарева;22;Чкаловская;One Trinity Place
RBI;developer;https://spb.cian.ru/sale/flat/295748063/;Санкт-Петербург;sale;flat;4;23;1;45.4;13687242;Выборгский; Шостаковича;8к2Б2;Проспект Просвещения;Струны
MARINOVA estate;real_estate_agent;https://spb.cian.ru/sale/flat/296411711/;Санкт-Петербург;sale;flat;4;25;1;40.01;8199000;Приморский;проспект Авиаконструкторов;69;Комендантский проспект;Чистое небо
Петербургская Недвижимость;representative_developer;https://spb.cian.ru/sale/flat/296753998/;Санкт-Петербург;sale;flat;2;7;1;42.84;19085220;Василеостровский;;;Горный институт;Империал Клаб ЖК
КАПИТАЛ;real_estate_agent;https://spb.cian.ru/sale/flat/297267506/;Санкт-Петербург;sale;flat;18;27;1;38.9;7580000;Невский;проспект Советский;36к2;Рыбацкое;Невские паруса
ГлавстройСПб;developer;https://spb.cian.ru/sale/flat/297905085/;Санкт-Петербург;sale;flat;1;27;1;41.29;8493353;Выборгский;Заречная ;52к1;;Северная долина
Петроградская;real_estate_agent;https://spb.cian.ru/sale/flat/299055703/;Санкт-Петербург;sale;flat;13;26;1;39.5;10900000;Приморский;проспект Авиаконструкторов;2;Комендантский проспект;
Арсенал-Недвижимость;developer;https://spb.cian.ru/sale/flat/266866573/;Санкт-Петербург;sale;flat;7;12;1;45.75;12970125;Приморский;проспект Авиаконструкторов;54;Комендантский проспект;Modum
Единый Центр Инвестиций;real_estate_agent;https://spb.cian.ru/sale/flat/299387511/;Санкт-Петербург;sale;flat;7;24;1;34.78;5170000;Невский; Русановская;20к1;;Аквилон SKY
ГлавстройСПб;developer;https://spb.cian.ru/sale/flat/297905161/;Санкт-Петербург;sale;flat;9;27;1;37.65;8116032;Выборгский;Заречная ;52к1;;Северная долина
КВС;real_estate_agent;https://spb.cian.ru/sale/flat/296601592/;Санкт-Петербург;sale;flat;7;16;1;35.1;8500000;Калининский;Кондратьевский проспект;70к1;Площадь Мужества;
Унистрой;developer;https://spb.cian.ru/sale/flat/277296457/;Санкт-Петербург;sale;flat;6;10;1;56.6;18100000;Красногвардейский;Большая Охта;;Площадь Ленина;Юпоинт ЖК
Матвеев Дом;real_estate_agent;https://spb.cian.ru/sale/flat/292240491/;Санкт-Петербург;sale;flat;4;9;1;29.0;5850000;Невский;проспект Солидарности;7К1;Проспект Большевиков;
Эталон СПБ;developer;https://spb.cian.ru/sale/flat/298658144/;Санкт-Петербург;sale;flat;3;9;1;49.6;19875522;Петроградский;проезд Петровская коса;6к1;Крестовский остров;Петровская Доминанта
Мир квартир элит Крестовский;real_estate_agent;https://spb.cian.ru/sale/flat/293992137/;Санкт-Петербург;sale;flat;9;17;1;50.5;20950000;Приморский;Ушаковская набережная;3к2;Черная речка;Riverside
Балтийская коммерция;developer;https://spb.cian.ru/sale/flat/258156062/;Санкт-Петербург;sale;flat;6;9;1;51.04;18813344;Петроградский;Петроградская набережная;38;Горьковская;Мануфактура James Beck
Конгломерат Недвижимость;real_estate_agent;https://spb.cian.ru/sale/flat/298194738/;Санкт-Петербург;sale;flat;7;10;1;38.6;11199000;Фрунзенский;Лиговский проспект;271;Обводный канал;Ligovsky city-Первый квартал
LEGENDA Development;developer;https://spb.cian.ru/sale/flat/297998223/;Санкт-Петербург;sale;flat;9;9;1;49.57;23798557;Приморский;Чёрная речка;;Черная речка;Черная речка, 41
Петербургская Недвижимость;real_estate_agent;https://spb.cian.ru/sale/flat/298375857/;Санкт-Петербург;sale;flat;8;24;1;32.6;4900000;Красногвардейский;Полюстрово;25к3;Гражданский проспект;Цветной Город
Арсенал-Недвижимость;developer;https://spb.cian.ru/sale/flat/266867937/;Санкт-Петербург;sale;flat;5;12;1;48.34;12138175;Приморский;проспект Авиаконструкторов;54;Комендантский проспект;Modum
RBG Недвижимость  Realty Broker Group;real_estate_agent;https://spb.cian.ru/sale/flat/298732256/;Санкт-Петербург;sale;flat;2;7;1;38.1;8900000;Красносельский; Адмирала Черокова;18к2;Проспект Ветеранов;More
Балтийская коммерция;developer;https://spb.cian.ru/sale/flat/258156041/;Санкт-Петербург;sale;flat;5;9;1;53.88;19337532;Петроградский;Петроградская набережная;38;Горьковская;Мануфактура James Beck
RBG Недвижимость  Realty Broker Group;real_estate_agent;https://spb.cian.ru/sale/flat/268472350/;Санкт-Петербург;sale;flat;1;6;1;37.9;6490000;Выборгский;Новороссийская ;2К2;Пионерская;
Унистрой;developer;https://spb.cian.ru/sale/flat/277296450/;Санкт-Петербург;sale;flat;2;10;1;54.1;17280000;Красногвардейский;Большая Охта;;Площадь Ленина;Юпоинт ЖК
4ROOMS;real_estate_agent;https://spb.cian.ru/sale/flat/297689225/;Санкт-Петербург;sale;flat;1;14;1;37.8;7500000;Калининский;Сибирская ;9;;
Шельф;developer;https://spb.cian.ru/sale/flat/298728776/;Санкт-Петербург;sale;flat;16;26;1;34.6;7093000;Пушкинский;проспект Новгородский;2к3;Шушары;Simple
Мир Квартир Элит;real_estate_agent;https://spb.cian.ru/sale/flat/299010990/;Санкт-Петербург;sale;flat;9;24;1;45.0;17500000;Московский; Типанова;23с1;Московская;
ФСК;developer;https://spb.cian.ru/sale/flat/295183627/;Санкт-Петербург;sale;flat;2;17;1;40.49;6018287;Невский;Невский;;;Зум на Неве ЖК
4ROOMS;real_estate_agent;https://spb.cian.ru/sale/flat/299371546/;Санкт-Петербург;sale;flat;21;25;1;30.8;4970000;Красногвардейский;Полюстрово;25к3;Гражданский проспект;Цветной Город
Эталон СПБ;developer;https://spb.cian.ru/sale/flat/298655299/;Санкт-Петербург;sale;flat;5;12;1;34.5;6270997;Пушкинский;;;Звездная;Монография ЖК
Сити-Недвижимость;real_estate_agent;https://spb.cian.ru/sale/flat/299587695/;Санкт-Петербург;sale;flat;1;18;1;41.9;8500000;Невский; Ворошилова;31к3;Проспект Большевиков;Ладожский парк
Эталон СПБ;developer;https://spb.cian.ru/sale/flat/298658239/;Санкт-Петербург;sale;flat;3;4;1;38.1;7101770;Пушкинский; Соколиная;;Купчино;Пулковский дом
Мир Квартир Элит;real_estate_agent;https://spb.cian.ru/sale/flat/298818734/;Санкт-Петербург;sale;flat;4;10;1;58.2;23500000;Красногвардейский;Пискаревский проспект;1;Площадь Ленина;Четыре горизонта
Петербургская Строительная Компания;developer;https://spb.cian.ru/sale/flat/297863442/;Санкт-Петербург;sale;flat;5;8;1;59.9;31762275;Петроградский;набережная Реки Карповки;31к1;Чкаловская;Северная Корона
Мир Квартир Элит;real_estate_agent;https://spb.cian.ru/sale/flat/298269492/;Санкт-Петербург;sale;flat;6;8;1;42.0;15850000;Адмиралтейский;12-я Красноармейская ;26;Балтийская;Созидатели
Euroinvest Development;developer;https://spb.cian.ru/sale/flat/271170286/;Санкт-Петербург;sale;flat;7;12;1;50.11;14144550;Выборгский;Светлановское;;Удельная;ID Svetlanovskiy
М16;real_estate_agent;https://spb.cian.ru/sale/flat/292254325/;Санкт-Петербург;sale;flat;2;3;1;50.3;17605000;Василеостровский;8-я Васильевского острова линия;19;Василеостровская;
Эталон СПБ;developer;https://spb.cian.ru/sale/flat/298658234/;Санкт-Петербург;sale;flat;3;4;1;34.4;6344619;Пушкинский; Соколиная;;Купчино;Пулковский дом
ТВОЁ ПРОСТРАНСТВО;real_estate_agent;https://spb.cian.ru/sale/flat/270915239/;Санкт-Петербург;sale;flat;10;13;1;42.09;9000000;Василеостровский;бульвар Головнина;;Горный институт;Аквилон ZALIVE
Петербургская Недвижимость;representative_developer;https://spb.cian.ru/sale/flat/296754034/;Санкт-Петербург;sale;flat;4;8;1;48.53;22493655;Василеостровский;;;Горный институт;Империал Клаб ЖК
АН Петро-риэлт;real_estate_agent;https://spb.cian.ru/sale/flat/293605050/;Санкт-Петербург;sale;flat;7;25;1;33.6;6150000;Невский; Русановская;20к1;Пролетарская;Аквилон SKY
Euroinvest Development;developer;https://spb.cian.ru/sale/flat/293271480/;Санкт-Петербург;sale;flat;2;12;1;40.85;11174109;Выборгский;Светлановское;;Удельная;ID Svetlanovskiy
Мир Квартир Элит;real_estate_agent;https://spb.cian.ru/sale/flat/296838576/;Санкт-Петербург;sale;flat;3;8;1;44.5;24900000;Центральный;Полтавский проезд;3;Площадь Восстания;Дом у Невского
Эталон СПБ;developer;https://spb.cian.ru/sale/flat/298656747/;Санкт-Петербург;sale;flat;7;25;1;38.6;8688011;Приморский;Коломяги;;Проспект Просвещения;Новоорловский ЖК
Свой Мир;real_estate_agent;https://spb.cian.ru/sale/flat/299250635/;Санкт-Петербург;sale;flat;2;4;1;32.9;7600000;Красносельский;проспект Ветеранов;194;Проспект Ветеранов;Солнечный город. Резиденции
Петербургская Строительная Компания;developer;https://spb.cian.ru/sale/flat/293263846/;Санкт-Петербург;sale;flat;6;9;1;49.14;22594150;Центральный;проспект Бакунина;;Площадь Александра Невского;Bakunina 33
NEXT;real_estate_agent;https://spb.cian.ru/sale/flat/296572902/;Санкт-Петербург;sale;flat;5;14;1;40.7;11990000;Приморский;Белоостровская ;10к2;Лесная;ЦДС Черная речка
Петербургская Недвижимость;representative_developer;https://spb.cian.ru/sale/flat/296659721/;Санкт-Петербург;sale;flat;11;12;1;32.42;13900026;Василеостровский;Уральская ;;Василеостровская;Amber Club
Петербургская Недвижимость;real_estate_agent;https://spb.cian.ru/sale/flat/298648359/;Санкт-Петербург;sale;flat;10;12;1;38.9;12500000;Приморский;Приморский проспект;167К3;Беговая;
Стоун;developer;https://spb.cian.ru/sale/flat/294086705/;Санкт-Петербург;sale;flat;1;10;1;56.18;6551880;Пушкинский;;;Шушары;Полет ЖК
Петербургская Недвижимость;real_estate_agent;https://spb.cian.ru/sale/flat/297533814/;Санкт-Петербург;sale;flat;12;27;1;37.4;7300000;Выборгский; Николая Рубцова;12к1;Парнас;Северная долина
ID 97857447;realtor;https://spb.cian.ru/sale/flat/291267845/;Санкт-Петербург;sale;flat;1;6;1;38.4;17280000;Адмиралтейский;Мастерская ;9;Балтийская;
PLEADA;representative_developer;https://spb.cian.ru/sale/flat/298980289/;Санкт-Петербург;sale;flat;1;8;1;47.5;18037434;Петроградский;Петровский проспект;22к2;Крестовский остров;Familia
NEXT;real_estate_agent;https://spb.cian.ru/sale/flat/296285672/;Санкт-Петербург;sale;flat;3;8;1;42.8;18000000;Петроградский;Петровский проспект;28к1;Крестовский остров;Grand View
Bonava;developer;https://spb.cian.ru/sale/flat/298804753/;Санкт-Петербург;sale;flat;2;14;1;47.9;18444132;Красногвардейский;Большая Охта;;Ладожская;Магнифика ЖК
Lange and Smith;real_estate_agent;https://spb.cian.ru/sale/flat/296778800/;Санкт-Петербург;sale;flat;9;9;1;54.71;18730705;Красногвардейский;Малоохтинский проспект;;Площадь Александра Невского;Малоохтинский, 68
МИР КВАРТИР;real_estate_agent;https://spb.cian.ru/sale/flat/294265707/;Санкт-Петербург;sale;flat;3;4;1;49.0;18900000;Василеостровский;проспект Средний Васильевского острова;83с2;Василеостровская;LOFT NA SREDNEM
Алина Петлёваная;realtor;https://spb.cian.ru/sale/flat/299025669/;Санкт-Петербург;sale;flat;12;26;1;45.3;19000000;Выборгский;проспект Тореза;118;Озерки;LENINGRAD
Эталон СПБ;developer;https://spb.cian.ru/sale/flat/298658137/;Санкт-Петербург;sale;flat;2;9;1;50.1;19818493;Петроградский;проезд Петровская коса;6к1;Крестовский остров;Петровская Доминанта
М16;real_estate_agent;https://spb.cian.ru/sale/flat/287402989/;Санкт-Петербург;sale;flat;1;3;1;53.6;19990000;Василеостровский;8-я Васильевского острова линия;19;;
Петербургская Недвижимость;real_estate_agent;https://spb.cian.ru/sale/flat/298749054/;Санкт-Петербург;sale;flat;4;8;1;45.9;20900000;Петроградский;Петровский;;Крестовский остров;Гранд Вью ЖК
Мир квартир элит Крестовский;real_estate_agent;https://spb.cian.ru/sale/flat/291869224/;Санкт-Петербург;sale;flat;2;9;1;56.4;21500000;Центральный;Миргородская ;1;Площадь Александра Невского;Миръ
Lange and Smith;real_estate_agent;https://spb.cian.ru/sale/flat/290207979/;Санкт-Петербург;sale;flat;3;8;1;74.58;22177350;Петроградский;набережная Реки Карповки;27;Петроградская;Клубный дом MELTZER HALL
МИР КВАРТИР;real_estate_agent;https://spb.cian.ru/sale/flat/299336888/;Санкт-Петербург;sale;flat;7;8;1;48.8;22210000;Петроградский;Петровский проспект;22к2;Спортивная;Familia
Мир Квартир Элит;real_estate_agent;https://spb.cian.ru/sale/flat/298295357/;Санкт-Петербург;sale;flat;3;8;1;44.0;22900000;Петроградский;Петровский проспект;26к2;Крестовский остров;The One
Мир Квартир Элит;real_estate_agent;https://spb.cian.ru/sale/flat/298500322/;Санкт-Петербург;sale;flat;3;8;1;53.2;25900000;Петроградский;проезд Петровская коса;1к2;Крестовский остров;Петровская коса, 1
МИР КВАРТИР;real_estate_agent;https://spb.cian.ru/sale/flat/299336820/;Санкт-Петербург;sale;flat;6;8;1;58.3;25650000;Петроградский;проспект Малый Петроградской стороны;79-81-83;Петроградская;
Винтеко;developer;https://spb.cian.ru/sale/flat/290200233/;Санкт-Петербург;sale;flat;2;7;1;81.6;27426168;Василеостровский;13-я Васильевского острова линия;50;Василеостровская;Клубный дом Манхэттен
TOP GRADE ESTATE;real_estate_agent;https://spb.cian.ru/sale/flat/298685891/;Санкт-Петербург;sale;flat;5;20;1;73.5;27900000;Выборгский;аллея Академика Лихачева;7;Площадь Мужества;Институтский, 16
МИР КВАРТИР;real_estate_agent;https://spb.cian.ru/sale/flat/299336711/;Санкт-Петербург;sale;flat;8;9;1;60.0;48000000;Петроградский;набережная Адмирала Лазарева;22;Чкаловская;One Trinity Place
Мир Квартир PREMIUM;real_estate_agent;https://spb.cian.ru/sale/flat/299336176/;Санкт-Петербург;sale;flat;2;7;1;93.8;79700000;Центральный;Шпалерная ;26;Чернышевская;Приоритет
ID 98947993;real_estate_agent;https://spb.cian.ru/sale/flat/291073133/;Санкт-Петербург;sale;flat;1;4;1;17.25;2890000;Центральный;Суворовский проспект;39;Площадь Восстания;
ТРЕНД;real_estate_agent;https://spb.cian.ru/sale/flat/298732535/;Санкт-Петербург;sale;flat;5;9;1;30.2;3850000;Петродворцовый; Победы;36к1;Проспект Ветеранов;
Первое Агентство Недвижимости;real_estate_agent;https://spb.cian.ru/sale/flat/292488026/;Санкт-Петербург;sale;flat;1;3;1;19.3;4050000;Кировский;переулок Майков;4а;Нарвская;
ФСК;developer;https://spb.cian.ru/sale/flat/295182736/;Санкт-Петербург;sale;flat;9;10;1;29.75;4261925;Пушкинский;;;;Ап-квартал Новый Московский ЖК
Колвэй;real_estate_agent;https://spb.cian.ru/sale/flat/287493774/;Санкт-Петербург;sale;flat;4;5;1;34.5;4390000;Колпинский; Танкистов;20;Шушары;
ФСК;developer;https://spb.cian.ru/sale/flat/295182676/;Санкт-Петербург;sale;flat;3;10;1;31.72;4465160;Пушкинский;;;;Ап-квартал Новый Московский ЖК
ЛСР Санкт-Петербург;developer;https://spb.cian.ru/sale/flat/299364613/;Санкт-Петербург;sale;flat;4;25;1;26.0;4498000;Красногвардейский;Полюстрово;;Академическая;Цветной Город
Лидер Групп;developer;https://spb.cian.ru/sale/flat/296280396/;Санкт-Петербург;sale;flat;6;12;1;28.32;4531200;Пушкинский;;;;Аэросити Клаб ЖК
ФСК;developer;https://spb.cian.ru/sale/flat/295796060/;Санкт-Петербург;sale;flat;3;10;1;33.69;4574697;Пушкинский;;;;Ап-квартал Новый Московский ЖК
Стоун;developer;https://spb.cian.ru/sale/flat/294087044/;Санкт-Петербург;sale;flat;1;5;1;34.8;4559000;Пушкинский;;;Шушары;Полет ЖК
ФСК;developer;https://spb.cian.ru/sale/flat/299384073/;Санкт-Петербург;sale;flat;9;10;1;32.54;4553582;Пушкинский;;;;Ап-квартал Новый Московский ЖК
ЛСР Санкт-Петербург;developer;https://spb.cian.ru/sale/flat/299364662/;Санкт-Петербург;sale;flat;4;25;1;29.3;4644050;Красногвардейский;Полюстрово;;Академическая;Цветной Город
ЛСР Санкт-Петербург;developer;https://spb.cian.ru/sale/flat/299364594/;Санкт-Петербург;sale;flat;2;25;1;27.3;4627350;Красногвардейский;Полюстрово;;Академическая;Цветной Город
;;https://spb.cian.ru/sale/flat/298961702/;Санкт-Петербург;sale;flat;8;11;1;31.77;4606650;Пушкинский;Ленсоветовский тер.;;Шушары;Смарт
Лидер Групп;developer;https://spb.cian.ru/sale/flat/296280469/;Санкт-Петербург;sale;flat;6;12;1;28.9;4681800;Пушкинский;;;;Аэросити Клаб ЖК
ЛСР Санкт-Петербург;developer;https://spb.cian.ru/sale/flat/299364579/;Санкт-Петербург;sale;flat;1;25;1;27.5;4688750;Красногвардейский;Полюстрово;;Академическая;Цветной Город
ФСК;developer;https://spb.cian.ru/sale/flat/295796088/;Санкт-Петербург;sale;flat;6;10;1;34.8;4696538;Пушкинский;;;;Ап-квартал Новый Московский ЖК
ЛСР Санкт-Петербург;developer;https://spb.cian.ru/sale/flat/299364636/;Санкт-Петербург;sale;flat;2;25;1;29.9;4724200;Красногвардейский;Полюстрово;;Академическая;Цветной Город
Стоун;developer;https://spb.cian.ru/sale/flat/294087482/;Санкт-Петербург;sale;flat;1;11;1;36.26;4748800;Пушкинский;;;Шушары;Полет ЖК
;;https://spb.cian.ru/sale/flat/298961692/;Санкт-Петербург;sale;flat;2;11;1;34.82;4700700;Пушкинский;Ленсоветовский тер.;;Шушары;Смарт
ФСК;developer;https://spb.cian.ru/sale/flat/295796147/;Санкт-Петербург;sale;flat;2;10;1;35.96;4763549;Пушкинский;;;;Ап-квартал Новый Московский ЖК
ЛСР Санкт-Петербург;developer;https://spb.cian.ru/sale/flat/296213841/;Санкт-Петербург;sale;flat;1;22;1;31.4;4772800;Красногвардейский;м. Гражданский проспект;;Гражданский проспект;Цветной Город
Стоун;developer;https://spb.cian.ru/sale/flat/297265003/;Санкт-Петербург;sale;flat;6;6;1;27.35;4821250;Московский;Пулковский меридиан;;Звездная;Перспектива ЖК
Стоун;developer;https://spb.cian.ru/sale/flat/294086959/;Санкт-Петербург;sale;flat;1;11;1;36.72;4808600;Пушкинский;;;Шушары;Полет ЖК
Лидер Групп;developer;https://spb.cian.ru/sale/flat/286951275/;Санкт-Петербург;sale;flat;2;12;1;31.27;4846850;Пушкинский;Аэросити 4 жилой квартал;;;Аэросити 4
;;https://spb.cian.ru/sale/flat/298961637/;Санкт-Петербург;sale;flat;3;11;1;35.56;4800600;Пушкинский;Ленсоветовский тер.;;Шушары;Смарт
Лидер Групп;developer;https://spb.cian.ru/sale/flat/296280279/;Санкт-Петербург;sale;flat;12;12;1;30.48;4876800;Пушкинский;;;;Аэросити Клаб ЖК
ФСК;developer;https://spb.cian.ru/sale/flat/295183531/;Санкт-Петербург;sale;flat;2;10;1;36.68;4889370;Пушкинский;;;;Ап-квартал Новый Московский ЖК
Лидер Групп;developer;https://spb.cian.ru/sale/flat/297024084/;Санкт-Петербург;sale;flat;3;7;1;27.86;4875500;Красногвардейский;Полюстрово;69;;Старлайт
Лидер Групп;developer;https://spb.cian.ru/sale/flat/297024109/;Санкт-Петербург;sale;flat;2;7;1;28.72;4882400;Красногвардейский;Полюстрово;69;;Старлайт
ЛСР Санкт-Петербург;developer;https://spb.cian.ru/sale/flat/296213845/;Санкт-Петербург;sale;flat;1;22;1;33.3;4928400;Красногвардейский;м. Гражданский проспект;;Гражданский проспект;Цветной Город
Лидер Групп;developer;https://spb.cian.ru/sale/flat/296369996/;Санкт-Петербург;sale;flat;5;12;1;29.92;4936800;Пушкинский;;;;Аэросити 5 ЖК
Колвэй;real_estate_agent;https://spb.cian.ru/sale/flat/298554222/;Санкт-Петербург;sale;flat;4;9;1;33.8;4900000;Колпинский;бульвар Трудящихся;20;Шушары;
;;https://spb.cian.ru/sale/flat/298961737/;Санкт-Петербург;sale;flat;4;11;1;36.65;4947750;Пушкинский;Ленсоветовский тер.;;Шушары;Смарт
Satanovskiy Group;real_estate_agent;https://spb.cian.ru/sale/flat/296169509/;Санкт-Петербург;sale;flat;2;24;1;34.38;4949999;Невский; Русановская;20к1;Ломоносовская;Аквилон SKY
Стоун;developer;https://spb.cian.ru/sale/flat/297265001/;Санкт-Петербург;sale;flat;6;6;1;30.04;4991600;Московский;Пулковский меридиан;;Звездная;Перспектива ЖК
Колвэй;real_estate_agent;https://spb.cian.ru/sale/flat/298482312/;Санкт-Петербург;sale;flat;4;12;1;38.9;4950000;Колпинский;Московская ;11;;
Единый Центр Инвестиций;real_estate_agent;https://spb.cian.ru/sale/flat/294480752/;Санкт-Петербург;sale;flat;9;18;1;32.4;5040000;Невский; Крыленко;34;Улица Дыбенко;AVENUE APART на Дыбенко
Лидер Групп;developer;https://spb.cian.ru/sale/flat/294840701/;Санкт-Петербург;sale;flat;2;12;1;33.37;5005500;Пушкинский;Аэросити 4 жилой квартал;;;Аэросити 4
Лидер Групп;developer;https://spb.cian.ru/sale/flat/286951288/;Санкт-Петербург;sale;flat;12;12;1;30.42;5019300;Пушкинский;Аэросити 4 жилой квартал;;;Аэросити 4
Стоун;developer;https://spb.cian.ru/sale/flat/297264306/;Санкт-Петербург;sale;flat;2;6;1;31.06;5004600;Московский;Пулковский меридиан;;Звездная;Перспектива ЖК
ФСК;developer;https://spb.cian.ru/sale/flat/295183560/;Санкт-Петербург;sale;flat;3;10;1;38.53;5040032;Пушкинский;;;;Ап-квартал Новый Московский ЖК
ТРЕНД;real_estate_agent;https://spb.cian.ru/sale/flat/292498344/;Санкт-Петербург;sale;flat;14;15;1;36.2;5040000;Невский; Русановская;24;Ломоносовская;Аквилон SKY
ФСК;developer;https://spb.cian.ru/sale/flat/295183593/;Санкт-Петербург;sale;flat;9;10;1;37.83;5042663;Пушкинский;;;;Ап-квартал Новый Московский ЖК
;;https://spb.cian.ru/sale/flat/292781492/;Санкт-Петербург;sale;flat;9;13;1;32.5;5037500;Невский;Варфоломеевская ;6;Ломоносовская;Апарт-отель Начало
ЛСР Санкт-Петербург;developer;https://spb.cian.ru/sale/flat/299237083/;Санкт-Петербург;sale;flat;2;22;1;32.8;5051200;Красногвардейский; Пейзажная;6;Девяткино;Цветной Город
;;https://spb.cian.ru/sale/flat/298270482/;Санкт-Петербург;sale;flat;4;9;1;32.44;5093080;Колпинский;Заречье тер.;;Рыбацкое;Квартал Заречье
;;https://spb.cian.ru/sale/flat/298961611/;Санкт-Петербург;sale;flat;5;11;1;37.91;5117850;Пушкинский;Ленсоветовский тер.;;Шушары;Смарт
Русский Фонд Недвижимости;real_estate_agent;https://spb.cian.ru/sale/flat/297182614/;Санкт-Петербург;sale;flat;5;24;1;31.0;5100000;Невский; Русановская;18к6;Ломоносовская;ЦДС Приневский
Лидер Групп;developer;https://spb.cian.ru/sale/flat/296280711/;Санкт-Петербург;sale;flat;6;12;1;30.97;5110050;Пушкинский;;;;Аэросити 5 ЖК
ЛСР Санкт-Петербург;developer;https://spb.cian.ru/sale/flat/299237160/;Санкт-Петербург;sale;flat;13;22;1;32.0;5136000;Красногвардейский; Пейзажная;6;Девяткино;Цветной Город
ЛСР Санкт-Петербург;developer;https://spb.cian.ru/sale/flat/299364630/;Санкт-Петербург;sale;flat;2;25;1;34.1;5115000;Красногвардейский;Полюстрово;;Академическая;Цветной Город
ЦАН - Центральное Агентство Недвижимости;real_estate_agent;https://spb.cian.ru/sale/flat/298299816/;Санкт-Петербург;sale;flat;10;17;1;33.37;5100000;Красногвардейский;Полюстрово;31к1;Девяткино;Цветной Город
Стоун;developer;https://spb.cian.ru/sale/flat/297264745/;Санкт-Петербург;sale;flat;3;6;1;32.77;5114350;Московский;Пулковский меридиан;;Звездная;Перспектива ЖК
ФСК;developer;https://spb.cian.ru/sale/flat/295183549/;Санкт-Петербург;sale;flat;2;10;1;39.84;5112189;Пушкинский;;;;Ап-квартал Новый Московский ЖК
Терминал-Ресурс;developer;https://spb.cian.ru/sale/flat/296121868/;Санкт-Петербург;sale;flat;3;4;1;28.48;5183360;Пушкинский;;;Купчино;Образцовый квартал 14 ЖК
;;https://spb.cian.ru/sale/flat/298270441/;Санкт-Петербург;sale;flat;2;9;1;33.12;5166720;Колпинский;Заречье тер.;;Рыбацкое;Квартал Заречье
;;https://spb.cian.ru/sale/flat/298961723/;Санкт-Петербург;sale;flat;2;11;1;38.67;5220450;Пушкинский;Ленсоветовский тер.;;Шушары;Смарт
Кирилл Чернявский;realtor;https://spb.cian.ru/sale/flat/298522474/;Санкт-Петербург;sale;flat;5;9;1;26.0;5240000;Кировский; Лени Голикова;18;Проспект Ветеранов;
Лидер Групп;developer;https://spb.cian.ru/sale/flat/286951547/;Санкт-Петербург;sale;flat;5;10;1;30.95;5261500;Пушкинский;;;;Аэросити Фемили ЖК
Стоун;developer;https://spb.cian.ru/sale/flat/297264441/;Санкт-Петербург;sale;flat;6;6;1;32.2;5251400;Московский;Пулковский меридиан;;Звездная;Перспектива ЖК
RBG Недвижимость  Realty Broker Group;real_estate_agent;https://spb.cian.ru/sale/flat/292401197/;Санкт-Петербург;sale;flat;6;26;1;30.0;5290000;Красногвардейский;Полюстрово;10к1;Гражданский проспект;Цветной Город
Лидер Групп;developer;https://spb.cian.ru/sale/flat/296280597/;Санкт-Петербург;sale;flat;5;12;1;35.62;5343000;Пушкинский;;;;Аэросити Клаб ЖК
Терминал-Ресурс;developer;https://spb.cian.ru/sale/flat/293667096/;Санкт-Петербург;sale;flat;2;4;1;26.6;5346119;Пушкинский; Образцовая;2;Купчино;Образцовый квартал 13
Терминал-Ресурс;developer;https://spb.cian.ru/sale/flat/296120587/;Санкт-Петербург;sale;flat;1;4;1;29.49;5321250;Пушкинский;;;Купчино;Образцовый квартал 15 ЖК
;;https://spb.cian.ru/sale/flat/298961745/;Санкт-Петербург;sale;flat;4;11;1;39.67;5355450;Пушкинский;Ленсоветовский тер.;;Шушары;Смарт
ТРЕНД;real_estate_agent;https://spb.cian.ru/sale/flat/299319112/;Санкт-Петербург;sale;flat;6;25;1;33.5;5350000;Красногвардейский; Пейзажная;10;Девяткино;Цветной Город
Стоун;developer;https://spb.cian.ru/sale/flat/294086950/;Санкт-Петербург;sale;flat;1;11;1;43.76;5373720;Пушкинский;;;Шушары;Полет ЖК
Лидер Групп;developer;https://spb.cian.ru/sale/flat/286950646/;Санкт-Петербург;sale;flat;2;12;1;34.63;5367650;Пушкинский;Аэросити 4 жилой квартал;;;Аэросити 4
Лидер Групп;developer;https://spb.cian.ru/sale/flat/295158562/;Санкт-Петербург;sale;flat;6;12;1;33.7;5392000;Пушкинский;Аэросити 4 жилой квартал;;;Аэросити 4
ФСК;developer;https://spb.cian.ru/sale/flat/295183541/;Санкт-Петербург;sale;flat;2;10;1;41.49;5358350;Пушкинский;;;;Ап-квартал Новый Московский ЖК
Петербургская Недвижимость;representative_developer;https://spb.cian.ru/sale/flat/299354058/;Санкт-Петербург;sale;flat;1;4;1;29.48;5400249;Пушкинский;;;Купчино;Универ Сити ЖК
Петербургская Недвижимость;representative_developer;https://spb.cian.ru/sale/flat/295505067/;Санкт-Петербург;sale;flat;1;4;1;29.55;5400011;Пушкинский;;;Шушары;Универ Сити ЖК
Самолет;developer;https://spb.cian.ru/sale/flat/294933130/;Санкт-Петербург;sale;flat;2;11;1;31.5;5422174;Колпинский;;к39;Рыбацкое;Новое Колпино ЖК
Самолет;developer;https://spb.cian.ru/sale/flat/294933157/;Санкт-Петербург;sale;flat;2;11;1;30.1;5400371;Колпинский;;к38;Рыбацкое;Новое Колпино ЖК
Лидер Групп;developer;https://spb.cian.ru/sale/flat/290821557/;Санкт-Петербург;sale;flat;12;12;1;27.86;5432700;Пушкинский;;;;Аэросити 3 ЖК
Лидер Групп;developer;https://spb.cian.ru/sale/flat/286951479/;Санкт-Петербург;sale;flat;2;10;1;33.83;5412800;Пушкинский;;;;Аэросити Фемили ЖК
ФСК;developer;https://spb.cian.ru/sale/flat/295796130/;Санкт-Петербург;sale;flat;2;10;1;41.87;5407426;Пушкинский;;;;Ап-квартал Новый Московский ЖК
ID 112064955;realtor;https://spb.cian.ru/sale/flat/297121336/;Санкт-Петербург;sale;flat;5;5;1;32.0;5400000;Московский;Ленинский проспект;170;Московская;
ЛСР Санкт-Петербург;developer;https://spb.cian.ru/sale/flat/299096457/;Санкт-Петербург;sale;flat;22;25;1;30.59;5475610;Красногвардейский;м. Гражданский проспект;;Гражданский проспект;Ручьи ЖК
Лидер Групп;developer;https://spb.cian.ru/sale/flat/296280484/;Санкт-Петербург;sale;flat;2;12;1;36.98;5473040;Пушкинский;;;;Аэросити Клаб ЖК
Стоун;developer;https://spb.cian.ru/sale/flat/297264310/;Санкт-Петербург;sale;flat;2;6;1;35.04;5466200;Московский;Пулковский меридиан;;Звездная;Перспектива ЖК
Стоун;developer;https://spb.cian.ru/sale/flat/294448025/;Санкт-Петербург;sale;flat;11;11;1;42.64;5495920;Пушкинский;;;Шушары;Полет ЖК
Самолет;developer;https://spb.cian.ru/sale/flat/292637438/;Санкт-Петербург;sale;flat;2;11;1;32.64;5594703;Колпинский;;к39;Рыбацкое;Новое Колпино ЖК
;;https://spb.cian.ru/sale/flat/298270304/;Санкт-Петербург;sale;flat;2;9;1;35.87;5595720;Колпинский;Заречье тер.;;Рыбацкое;Квартал Заречье
GloraX;developer;https://spb.cian.ru/sale/flat/297535225/;Санкт-Петербург;sale;flat;1;15;1;31.05;5509999;Выборгский;;;;Глоракс Парголово ЖК
;;https://spb.cian.ru/sale/flat/298270052/;Санкт-Петербург;sale;flat;2;9;1;35.3;5577400;Колпинский;Заречье тер.;;Рыбацкое;Квартал Заречье
Лидер Групп;developer;https://spb.cian.ru/sale/flat/286951204/;Санкт-Петербург;sale;flat;12;12;1;35.58;5514900;Пушкинский;Аэросити 4 жилой квартал;;;Аэросити 4
Самолет;developer;https://spb.cian.ru/sale/flat/296862471/;Санкт-Петербург;sale;flat;2;11;1;31.46;5501121;Колпинский;;к39;Рыбацкое;Новое Колпино ЖК
Лидер Групп;developer;https://spb.cian.ru/sale/flat/297024103/;Санкт-Петербург;sale;flat;2;7;1;34.96;5593600;Красногвардейский;Полюстрово;69;;Старлайт
ФСК;developer;https://spb.cian.ru/sale/flat/295183900/;Санкт-Петербург;sale;flat;13;17;1;34.51;5569403;Невский;Невский;;;Зум на Неве ЖК
Колвэй;real_estate_agent;https://spb.cian.ru/sale/flat/294824838/;Санкт-Петербург;sale;flat;2;4;1;30.2;5500000;Пушкинский;Ленинградская ;33;Купчино;
Екатерина Иванова;realtor;https://spb.cian.ru/sale/flat/298194124/;Санкт-Петербург;sale;flat;22;25;1;34.0;5500000;Красногвардейский;проспект Васнецовский;18;Гражданский проспект;Цветной Город
Лидер Групп;developer;https://spb.cian.ru/sale/flat/286950685/;Санкт-Петербург;sale;flat;2;12;1;37.59;5638500;Пушкинский;Аэросити 4 жилой квартал;;;Аэросити 4
Лидер Групп;developer;https://spb.cian.ru/sale/flat/286951468/;Санкт-Петербург;sale;flat;3;10;1;33.06;5620200;Пушкинский;;;;Аэросити Фемили ЖК
Стоун;developer;https://spb.cian.ru/sale/flat/294615956/;Санкт-Петербург;sale;flat;1;11;1;47.28;5614040;Пушкинский;;;Шушары;Полет ЖК
Лидер Групп;developer;https://spb.cian.ru/sale/flat/286946734/;Санкт-Петербург;sale;flat;12;12;1;28.91;5637450;Пушкинский;;;;Аэросити 3 ЖК
Лидер Групп;developer;https://spb.cian.ru/sale/flat/297024092/;Санкт-Петербург;sale;flat;3;7;1;34.22;5646300;Красногвардейский;Полюстрово;69;;Старлайт
Лидер Групп;developer;https://spb.cian.ru/sale/flat/297023657/;Санкт-Петербург;sale;flat;2;25;1;36.43;5646650;Красногвардейский;Полюстрово;69;;Старлайт
BR Group;real_estate_agent;https://spb.cian.ru/sale/flat/298907245/;Санкт-Петербург;sale;flat;7;9;1;31.1;5600000;Красногвардейский;проспект Энергетиков;35к1;Ладожская;
Петербургская Строительная Компания;developer;https://spb.cian.ru/sale/flat/295852720/;Санкт-Петербург;sale;flat;5;5;1;32.31;5687831;Московский;Пулковский меридиан;;Звездная;Плюс Пулковский ЖК
Петербургская Недвижимость;representative_developer;https://spb.cian.ru/sale/flat/297904370/;Санкт-Петербург;sale;flat;1;5;1;31.08;5650017;Московский;Пулковское шоссе;103В;Звездная;Парадный ансамбль
Первое Агентство Недвижимости;real_estate_agent;https://spb.cian.ru/sale/flat/293565921/;Санкт-Петербург;sale;flat;3;13;1;34.2;5699000;Красногвардейский;Пискаревский проспект;165к1;;Ручьи
;;https://spb.cian.ru/sale/flat/298269900/;Санкт-Петербург;sale;flat;2;9;1;36.53;5698680;Колпинский;Заречье тер.;;Рыбацкое;Квартал Заречье
Терминал-Ресурс;developer;https://spb.cian.ru/sale/flat/296120362/;Санкт-Петербург;sale;flat;1;4;1;33.86;5665880;Пушкинский;;;Купчино;Образцовый квартал 15 ЖК
Технополис;developer;https://spb.cian.ru/sale/flat/299600007/;Санкт-Петербург;sale;flat;1;8;1;35.2;5667200;Красносельский; Лермонтова;15к2Б;Проспект Ветеранов;Новикола
Лидер Групп;developer;https://spb.cian.ru/sale/flat/296280364/;Санкт-Петербург;sale;flat;2;12;1;38.2;5653600;Пушкинский;;;;Аэросити Клаб ЖК
Группа Аквилон;developer;https://spb.cian.ru/sale/flat/294664625/;Санкт-Петербург;sale;flat;11;11;1;32.1;5664202;Пушкинский;проспект Старорусский;13к2;Звездная;All Inclusive
Адвекс;real_estate_agent;https://spb.cian.ru/sale/flat/298561685/;Санкт-Петербург;sale;flat;2;9;1;36.8;5700000;Колпинский;Загородная ;43к4;Рыбацкое;Новое Колпино
Самолет;developer;https://spb.cian.ru/sale/flat/296862469/;Санкт-Петербург;sale;flat;3;11;1;33.78;5736433;Колпинский;;к39;Рыбацкое;Новое Колпино ЖК
Лидер Групп;developer;https://spb.cian.ru/sale/flat/298841776/;Санкт-Петербург;sale;flat;7;12;1;34.39;5725935;Пушкинский;;;;Аэросити 5 ЖК
Стоун;developer;https://spb.cian.ru/sale/flat/297264930/;Санкт-Петербург;sale;flat;6;6;1;35.94;5713520;Московский;Пулковский меридиан;;Звездная;Перспектива ЖК
Лидер Групп;developer;https://spb.cian.ru/sale/flat/286951153/;Санкт-Петербург;sale;flat;2;12;1;36.89;5717950;Пушкинский;Аэросити 4 жилой квартал;;;Аэросити 4
Лидер Групп;developer;https://spb.cian.ru/sale/flat/294605976/;Санкт-Петербург;sale;flat;2;25;1;26.71;5742650;Красносельский; Маршала Казакова;64к1;;Южный Форт
Первое Агентство Недвижимости;real_estate_agent;https://spb.cian.ru/sale/flat/285616667/;Санкт-Петербург;sale;flat;10;22;1;32.9;5700000;Красногвардейский; Пейзажная;;Гражданский проспект;Цветной Город
ТРЕНД;real_estate_agent;https://spb.cian.ru/sale/flat/295221207/;Санкт-Петербург;sale;flat;3;9;1;30.0;5700000;Кировский;Дачный проспект;33К1;Проспект Ветеранов;
Терминал-Ресурс;developer;https://spb.cian.ru/sale/flat/296120248/;Санкт-Петербург;sale;flat;2;4;1;30.34;5725950;Пушкинский;;;Звездная;Образцовый квартал 15 ЖК
ID 16077747;homeowner;https://spb.cian.ru/sale/flat/298436138/;Санкт-Петербург;sale;flat;4;12;1;31.6;5700000;Красносельский;проспект Ветеранов;171к5;Ленинский проспект;Солнечный город
Лидер Групп;developer;https://spb.cian.ru/sale/flat/296711212/;Санкт-Петербург;sale;flat;10;12;1;32.9;5757500;Пушкинский;проспект Старорусский;9;;Аэросити 2
Лидер Групп;developer;https://spb.cian.ru/sale/flat/298841771/;Санкт-Петербург;sale;flat;7;12;1;34.65;5769225;Пушкинский;;;;Аэросити 5 ЖК
Самолет;developer;https://spb.cian.ru/sale/flat/299406008/;Санкт-Петербург;sale;flat;5;11;1;32.0;5767904;Колпинский;;к38;Рыбацкое;Новое Колпино ЖК
Стоун;developer;https://spb.cian.ru/sale/flat/294087702/;Санкт-Петербург;sale;flat;10;11;1;49.53;5780480;Пушкинский;;;Шушары;Полет ЖК
Лидер Групп;developer;https://spb.cian.ru/sale/flat/298277836/;Санкт-Петербург;sale;flat;9;12;1;27.4;5795100;Пушкинский;;;;Аэросити 6 ЖК
Петербургская Недвижимость;representative_developer;https://spb.cian.ru/sale/flat/297392396/;Санкт-Петербург;sale;flat;3;4;1;28.65;5800034;Пушкинский;шоссе Колпинское;127;Купчино;Univer City. Город возможностей
Терминал-Ресурс;developer;https://spb.cian.ru/sale/flat/296120363/;Санкт-Петербург;sale;flat;1;4;1;34.96;5839680;Пушкинский;;;Купчино;Образцовый квартал 15 ЖК
;;https://spb.cian.ru/sale/flat/298270443/;Санкт-Петербург;sale;flat;2;9;1;37.71;5845050;Колпинский;Заречье тер.;;Рыбацкое;Квартал Заречье
Стоун;developer;https://spb.cian.ru/sale/flat/297264946/;Санкт-Петербург;sale;flat;2;6;1;38.7;5840000;Московский;Пулковский меридиан;;Звездная;Перспектива ЖК
Лидер Групп;developer;https://spb.cian.ru/sale/flat/296280938/;Санкт-Петербург;sale;flat;10;12;1;34.2;5814000;Пушкинский;проспект Старорусский;9;;Аэросити 2
Лидер Групп;developer;https://spb.cian.ru/sale/flat/295100520/;Санкт-Петербург;sale;flat;2;12;1;31.6;5846000;Пушкинский;;;;Аэросити 6 ЖК
Петербургская Недвижимость;representative_developer;https://spb.cian.ru/sale/flat/299043929/;Санкт-Петербург;sale;flat;1;5;1;32.54;5850155;Московский;Пулковский меридиан;;Звездная;Парадный ансамбль
Самолет;developer;https://spb.cian.ru/sale/flat/296862476/;Санкт-Петербург;sale;flat;3;11;1;34.14;5894211;Колпинский;;к38;Рыбацкое;Новое Колпино ЖК
Терминал-Ресурс;developer;https://spb.cian.ru/sale/flat/296122016/;Санкт-Петербург;sale;flat;2;4;1;32.02;5851400;Пушкинский;;;Купчино;Образцовый квартал 14 ЖК
Лидер Групп;developer;https://spb.cian.ru/sale/flat/298841764/;Санкт-Петербург;sale;flat;7;12;1;36.14;5854680;Пушкинский;;;;Аэросити 5 ЖК
АУРУМ;real_estate_agent;https://spb.cian.ru/sale/flat/297256776/;Санкт-Петербург;sale;flat;3;9;1;32.1;5850000;Красносельский;Петергофское шоссе;11/21Б;Ленинский проспект;
Самолет;developer;https://spb.cian.ru/sale/flat/299406007/;Санкт-Петербург;sale;flat;2;11;1;32.93;5894183;Колпинский;;к38;Рыбацкое;Новое Колпино ЖК
Лидер Групп;developer;https://spb.cian.ru/sale/flat/297023973/;Санкт-Петербург;sale;flat;2;7;1;36.75;5880000;Красногвардейский;Полюстрово;69;;Старлайт
Терминал-Ресурс;developer;https://spb.cian.ru/sale/flat/296120648/;Санкт-Петербург;sale;flat;4;4;1;31.35;5862450;Пушкинский;;;Купчино;Образцовый квартал 15 ЖК
ФСК;developer;https://spb.cian.ru/sale/flat/295796112/;Санкт-Петербург;sale;flat;7;10;1;43.66;5892266;Пушкинский;;;;Ап-квартал Новый Московский ЖК
Петербургская Строительная Компания;developer;https://spb.cian.ru/sale/flat/294033119/;Санкт-Петербург;sale;flat;1;5;1;34.89;5918731;Московский;Пулковский меридиан;;Купчино;Плюс Пулковский ЖК
Петербургская Недвижимость;representative_developer;https://spb.cian.ru/sale/flat/297084075/;Санкт-Петербург;sale;flat;1;4;1;33.54;5950113;Пушкинский;;;Шушары;Универ Сити ЖК
Терминал-Ресурс;developer;https://spb.cian.ru/sale/flat/296122100/;Санкт-Петербург;sale;flat;1;4;1;35.65;5996100;Пушкинский;;;Купчино;Образцовый квартал 14 ЖК
Терминал-Ресурс;developer;https://spb.cian.ru/sale/flat/296120475/;Санкт-Петербург;sale;flat;1;4;1;35.79;5973980;Пушкинский;;;Купчино;Образцовый квартал 15 ЖК
Терминал-Ресурс;developer;https://spb.cian.ru/sale/flat/296122105/;Санкт-Петербург;sale;flat;1;4;1;35.39;5925000;Пушкинский;;;Купчино;Образцовый квартал 14 ЖК
Технополис;developer;https://spb.cian.ru/sale/flat/299600009/;Санкт-Петербург;sale;flat;1;8;1;37.74;5981790;Красносельский; Лермонтова;15к2Б;Проспект Ветеранов;Новикола
Стоун;developer;https://spb.cian.ru/sale/flat/294086934/;Санкт-Петербург;sale;flat;10;10;1;50.78;5925480;Пушкинский;;;Шушары;Полет ЖК
Владис Центральный;real_estate_agent;https://spb.cian.ru/sale/flat/296283475/;Санкт-Петербург;sale;flat;15;19;1;36.1;5900000;Красногвардейский;проспект Маршака;22;Девяткино;Новая Охта
ИП Шутикова Е. С.;real_estate_agent;https://spb.cian.ru/sale/flat/286026450/;Санкт-Петербург;sale;flat;6;9;1;32.0;5990000;Выборгский;Выборгское шоссе;25;Проспект Просвещения;
Терминал-Ресурс;developer;https://spb.cian.ru/sale/flat/293666953/;Санкт-Петербург;sale;flat;1;4;1;30.71;5936027;Пушкинский; Образцовая;2;Купчино;Образцовый квартал 13
Терминал-Ресурс;developer;https://spb.cian.ru/sale/flat/296122299/;Санкт-Петербург;sale;flat;2;4;1;32.5;5902400;Пушкинский;;;Купчино;Образцовый квартал 14 ЖК
;;https://spb.cian.ru/sale/flat/298270387/;Санкт-Петербург;sale;flat;2;9;1;38.86;5984440;Колпинский;Заречье тер.;;Рыбацкое;Квартал Заречье
ID 109292315;realtor;https://spb.cian.ru/sale/flat/299365785/;Санкт-Петербург;sale;flat;2;10;1;40.4;5970000;Пушкинский;Московское шоссе;256к6;Шушары;Вариант
GloraX;developer;https://spb.cian.ru/sale/flat/297535006/;Санкт-Петербург;sale;flat;4;15;1;32.93;6039999;Выборгский;;;;Глоракс Парголово ЖК
Адвекс;real_estate_agent;https://spb.cian.ru/sale/flat/283971107/;Санкт-Петербург;sale;flat;4;11;1;34.3;6000000;Невский;проспект Советский;41к1;Рыбацкое;Живи! в Рыбацком
Петербургская Недвижимость;representative_developer;https://spb.cian.ru/sale/flat/289768291/;Санкт-Петербург;sale;flat;1;4;1;32.25;6000048;Пушкинский;шоссе Колпинское;127;Купчино;Univer City. Город возможностей
Петербургская Недвижимость;representative_developer;https://spb.cian.ru/sale/flat/296006324/;Санкт-Петербург;sale;flat;1;4;1;34.65;6000063;Пушкинский;;;Купчино;Универ Сити ЖК
ФСК;developer;https://spb.cian.ru/sale/flat/295182762/;Санкт-Петербург;sale;flat;2;14;1;40.38;6001937;Невский;Невский;;;Зум на Неве ЖК
Технополис;developer;https://spb.cian.ru/sale/flat/299599991/;Санкт-Петербург;sale;flat;3;8;1;37.05;6002100;Красносельский; Лермонтова;15к2Б;Проспект Ветеранов;Новикола
Технополис;developer;https://spb.cian.ru/sale/flat/293979004/;Санкт-Петербург;sale;flat;3;8;1;37.26;6036120;Красносельский; Лермонтова;15к2Ж;Проспект Ветеранов;Новикола
GloraX;developer;https://spb.cian.ru/sale/flat/297535240/;Санкт-Петербург;sale;flat;1;15;1;35.93;6029999;Выборгский;;;;Глоракс Парголово ЖК
Стоун;developer;https://spb.cian.ru/sale/flat/297264437/;Санкт-Петербург;sale;flat;6;6;1;39.93;6024500;Московский;Пулковский меридиан;;Звездная;Перспектива ЖК
ТРЕНД;real_estate_agent;https://spb.cian.ru/sale/flat/298680192/;Санкт-Петербург;sale;flat;14;24;1;37.1;6000000;Невский; Русановская;18к8;Ломоносовская;ЦДС Приневский
Группа Аквилон;developer;https://spb.cian.ru/sale/flat/294664648/;Санкт-Петербург;sale;flat;1;11;1;36.3;6034875;Пушкинский;проспект Старорусский;13к1;Звездная;All Inclusive
;;https://spb.cian.ru/sale/flat/292781539/;Санкт-Петербург;sale;flat;5;13;1;40.1;6015000;Невский;Варфоломеевская ;6;Ломоносовская;Апарт-отель Начало
;;https://spb.cian.ru/sale/flat/292781827/;Санкт-Петербург;sale;flat;2;13;1;35.3;6001000;Невский;Варфоломеевская ;6;Ломоносовская;Апарт-отель Начало
ID 103918614;homeowner;https://spb.cian.ru/sale/flat/299632304/;Санкт-Петербург;sale;flat;21;25;1;35.3;6000000;Пушкинский;проспект Новгородский;10;Купчино;Шушары
ID 90519070;homeowner;https://spb.cian.ru/sale/flat/298987661/;Санкт-Петербург;sale;flat;1;5;1;20.0;6000000;Василеостровский;14-я Васильевского острова линия;67-69;Василеостровская;
Петербургская Строительная Компания;developer;https://spb.cian.ru/sale/flat/295852596/;Санкт-Петербург;sale;flat;2;5;1;35.53;6099028;Московский;Пулковский меридиан;;Купчино;Плюс Пулковский ЖК
Петербургская Недвижимость;representative_developer;https://spb.cian.ru/sale/flat/295505214/;Санкт-Петербург;sale;flat;1;4;1;32.7;6050137;Пушкинский;шоссе Колпинское;127;Купчино;Univer City. Город возможностей
Петербургская Недвижимость;representative_developer;https://spb.cian.ru/sale/flat/299043844/;Санкт-Петербург;sale;flat;2;5;1;34.26;6050178;Московский;Пулковский меридиан;;Звездная;Парадный ансамбль
К-25;developer;https://spb.cian.ru/sale/flat/294911117/;Санкт-Петербург;sale;flat;3;12;1;26.5;6095000;Приморский;м. Комендантский проспект;;Комендантский проспект;YE'S Primorsky Комплекс Апартаментов
Самолет;developer;https://spb.cian.ru/sale/flat/299577817/;Санкт-Петербург;sale;flat;3;9;1;30.4;6058166;Курортный;;10;Проспект Просвещения;Курортный квартал ЖК
Лидер Групп;developer;https://spb.cian.ru/sale/flat/296280940/;Санкт-Петербург;sale;flat;10;12;1;35.8;6086000;Пушкинский;проспект Старорусский;9;;Аэросити 2
ТРЕНД;real_estate_agent;https://spb.cian.ru/sale/flat/297157401/;Санкт-Петербург;sale;flat;11;25;1;37.94;6129999;Выборгский;Заречная ;17;Парнас;Шуваловский дуэт
Адвекс;real_estate_agent;https://spb.cian.ru/sale/flat/296922031/;Санкт-Петербург;sale;flat;4;5;1;41.0;6100000;Пушкинский;Железнодорожная ;40;;
Петербургская Недвижимость;representative_developer;https://spb.cian.ru/sale/flat/295505229/;Санкт-Петербург;sale;flat;1;4;1;34.3;6100100;Пушкинский;шоссе Колпинское;127;Купчино;Univer City. Город возможностей
Петербургская Недвижимость;representative_developer;https://spb.cian.ru/sale/flat/299043857/;Санкт-Петербург;sale;flat;1;5;1;34.79;6100304;Московский;Пулковский меридиан;;Звездная;Парадный ансамбль
;;https://spb.cian.ru/sale/flat/292781465/;Санкт-Петербург;sale;flat;6;13;1;40.7;6105000;Невский;Варфоломеевская ;6;Ломоносовская;Апарт-отель Начало
Терминал-Ресурс;developer;https://spb.cian.ru/sale/flat/296122442/;Санкт-Петербург;sale;flat;1;4;1;36.67;6111440;Пушкинский;;;Звездная;Образцовый квартал 15 ЖК
Терминал-Ресурс;developer;https://spb.cian.ru/sale/flat/296121388/;Санкт-Петербург;sale;flat;1;4;1;36.8;6130400;Пушкинский;;;Купчино;Образцовый квартал 14 ЖК
Технополис;developer;https://spb.cian.ru/sale/flat/293979057/;Санкт-Петербург;sale;flat;5;8;1;37.92;6143040;Красносельский; Лермонтова;15к2Ж;Проспект Ветеранов;Новикола
Лидер Групп;developer;https://spb.cian.ru/sale/flat/295100511/;Санкт-Петербург;sale;flat;6;12;1;31.3;6103500;Пушкинский;;;;Аэросити 6 ЖК
ЛСР Санкт-Петербург;developer;https://spb.cian.ru/sale/flat/298901783/;Санкт-Петербург;sale;flat;5;25;1;32.7;6147600;Невский;Октябрьская набережная ЖК;;Елизаровская;Октябрьская набережная ЖК
ЛСР Санкт-Петербург;developer;https://spb.cian.ru/sale/flat/299096112/;Санкт-Петербург;sale;flat;24;25;1;33.24;6149400;Красногвардейский;м. Гражданский проспект;;Гражданский проспект;Ручьи ЖК
Самолет;developer;https://spb.cian.ru/sale/flat/296759932/;Санкт-Петербург;sale;flat;2;9;1;31.8;6106345;Курортный;;;Проспект Просвещения;Курортный квартал ЖК
Лидер Групп;developer;https://spb.cian.ru/sale/flat/286951126/;Санкт-Петербург;sale;flat;3;12;1;39.36;6100800;Пушкинский;Аэросити 4 жилой квартал;;;Аэросити 4
Эталон СПБ;developer;https://spb.cian.ru/sale/flat/298655294/;Санкт-Петербург;sale;flat;2;12;1;35.1;6175682;Пушкинский;;;Звездная;Монография ЖК
ЛСР Санкт-Петербург;developer;https://spb.cian.ru/sale/flat/299096061/;Санкт-Петербург;sale;flat;8;25;1;33.78;6164850;Красногвардейский;м. Гражданский проспект;;Гражданский проспект;Ручьи ЖК
Терминал-Ресурс;developer;https://spb.cian.ru/sale/flat/296120386/;Санкт-Петербург;sale;flat;3;4;1;33.19;6158250;Пушкинский;;;Купчино;Образцовый квартал 15 ЖК
КВС;developer;https://spb.cian.ru/sale/flat/292309700/;Санкт-Петербург;sale;flat;1;5;1;35.95;6177324;Пушкинский;;;Звездная;ЮгТаун ЖК
КВС;developer;https://spb.cian.ru/sale/flat/295854234/;Санкт-Петербург;sale;flat;1;4;1;31.55;6164130;Петродворцовый;;;Проспект Ветеранов;Любоград ЖК
;;https://spb.cian.ru/sale/flat/298270809/;Санкт-Петербург;sale;flat;2;9;1;39.81;6170550;Колпинский;Заречье тер.;;Рыбацкое;Квартал Заречье
Петербургская Строительная Компания;developer;https://spb.cian.ru/sale/flat/294049883/;Санкт-Петербург;sale;flat;2;5;1;37.1;6241207;Московский;Пулковский меридиан;;Международная;Плюс Пулковский ЖК
Петербургская Недвижимость;representative_developer;https://spb.cian.ru/sale/flat/297084077/;Санкт-Петербург;sale;flat;1;4;1;35.57;6250075;Пушкинский;;;Шушары;Универ Сити ЖК
Петербургская Недвижимость;representative_developer;https://spb.cian.ru/sale/flat/299043870/;Санкт-Петербург;sale;flat;1;5;1;35.66;6250128;Московский;Пулковский меридиан;;Звездная;Парадный ансамбль
Петербургская Недвижимость;representative_developer;https://spb.cian.ru/sale/flat/298999819/;Санкт-Петербург;sale;flat;1;5;1;34.77;6250185;Московский;Пулковское шоссе;103В;Звездная;Парадный ансамбль
Петербургская Недвижимость;representative_developer;https://spb.cian.ru/sale/flat/295920854/;Санкт-Петербург;sale;flat;1;5;1;34.37;6250150;Московский;Пулковское шоссе;103В;Звездная;Парадный ансамбль
Петербургская Недвижимость;representative_developer;https://spb.cian.ru/sale/flat/297904371/;Санкт-Петербург;sale;flat;5;5;1;31.76;6200171;Московский;Пулковское шоссе;103В;Звездная;Парадный ансамбль
ГлавстройСПб;developer;https://spb.cian.ru/sale/flat/298977591/;Санкт-Петербург;sale;flat;8;23;1;32.7;6263384;Приморский; Ивинская;1к2;Зенит;ПАРК-КВАРТАЛ Юнтолово
Лидер Групп;developer;https://spb.cian.ru/sale/flat/296280932/;Санкт-Петербург;sale;flat;12;12;1;38.0;6270000;Пушкинский;проспект Старорусский;9;;Аэросити 2
GloraX;developer;https://spb.cian.ru/sale/flat/297535400/;Санкт-Петербург;sale;flat;2;15;1;37.49;6269999;Выборгский;;;;Глоракс Парголово ЖК
Терминал-Ресурс;developer;https://spb.cian.ru/sale/flat/296121350/;Санкт-Петербург;sale;flat;1;4;1;37.76;6282080;Пушкинский;;;Купчино;Образцовый квартал 14 ЖК
Терминал-Ресурс;developer;https://spb.cian.ru/sale/flat/296120405/;Санкт-Петербург;sale;flat;1;4;1;37.63;6264700;Пушкинский;;;Купчино;Образцовый квартал 15 ЖК
Терминал-Ресурс;developer;https://spb.cian.ru/sale/flat/296121567/;Санкт-Петербург;sale;flat;2;4;1;34.0;6222000;Пушкинский;;;Купчино;Образцовый квартал 14 ЖК
GloraX;developer;https://spb.cian.ru/sale/flat/297535381/;Санкт-Петербург;sale;flat;2;15;1;37.5;6299999;Выборгский;;;;Глоракс Парголово ЖК
Лидер Групп;developer;https://spb.cian.ru/sale/flat/298841765/;Санкт-Петербург;sale;flat;7;12;1;38.79;6283980;Пушкинский;;;;Аэросити 5 ЖК
ЛСР Санкт-Петербург;developer;https://spb.cian.ru/sale/flat/297504839/;Санкт-Петербург;sale;flat;5;25;1;34.7;6280700;Невский;Октябрьская набережная ЖК;;Елизаровская;Октябрьская набережная ЖК
АФИНА;real_estate_agent;https://spb.cian.ru/sale/flat/294352034/;Санкт-Петербург;sale;flat;4;10;1;31.8;6250000;Выборгский;Светлановский проспект;37;Площадь Мужества;
ФСК;developer;https://spb.cian.ru/sale/flat/295182269/;Санкт-Петербург;sale;flat;6;17;1;36.81;6210366;Невский;Невский;;;Зум на Неве ЖК
Лидер Групп;developer;https://spb.cian.ru/sale/flat/296280988/;Санкт-Петербург;sale;flat;10;12;1;36.7;6239000;Пушкинский;проспект Старорусский;9;;Аэросити 2
Группа Аквилон;developer;https://spb.cian.ru/sale/flat/294664609/;Санкт-Петербург;sale;flat;1;11;1;35.6;6251762;Пушкинский;проспект Старорусский;13к2;Звездная;All Inclusive
Группа Аквилон;developer;https://spb.cian.ru/sale/flat/294664546/;Санкт-Петербург;sale;flat;1;11;1;35.1;6250021;Пушкинский;проспект Старорусский;13к2;Звездная;All Inclusive
КВС;developer;https://spb.cian.ru/sale/flat/292309957/;Санкт-Петербург;sale;flat;1;5;1;36.71;6275944;Пушкинский;;;Звездная;ЮгТаун ЖК
ID 53303848;unknown;https://spb.cian.ru/sale/flat/295700815/;Санкт-Петербург;sale;flat;5;16;1;37.21;6200000;Выборгский;дорога Михайловская;16к3;Озерки;Parkolovo
ID 53303848;unknown;https://spb.cian.ru/sale/flat/299484119/;Санкт-Петербург;sale;flat;7;15;1;36.97;6200000;Выборгский;дорога Михайловская;14к1;Парнас;Parkolovo
ID 76116582;homeowner;https://spb.cian.ru/sale/flat/299437599/;Санкт-Петербург;sale;flat;4;5;1;30.8;6250000;Приморский;Омская ;24;Пионерская;
ID 79918057;realtor;https://spb.cian.ru/sale/flat/298778895/;Санкт-Петербург;sale;flat;3;4;1;31.0;6200000;Пушкинский;Ахматовская ;7;Купчино;
Петербургская Недвижимость;representative_developer;https://spb.cian.ru/sale/flat/298405598/;Санкт-Петербург;sale;flat;2;5;1;30.95;6300120;Московский;Пулковское шоссе;95к3;Звездная;Парадный ансамбль
Петербургская Недвижимость;representative_developer;https://spb.cian.ru/sale/flat/292788683/;Санкт-Петербург;sale;flat;1;4;1;34.9;6300252;Пушкинский;шоссе Колпинское;127;Купчино;Univer City. Город возможностей
Петербургская Недвижимость;representative_developer;https://spb.cian.ru/sale/flat/296659715/;Санкт-Петербург;sale;flat;1;4;1;35.8;6300227;Пушкинский;шоссе Колпинское;127;Купчино;Univer City. Город возможностей
Петербургская Недвижимость;representative_developer;https://spb.cian.ru/sale/flat/297062217/;Санкт-Петербург;sale;flat;1;4;1;36.52;6300284;Пушкинский;;;Шушары;Универ Сити ЖК
ЛСР Санкт-Петербург;developer;https://spb.cian.ru/sale/flat/299096066/;Санкт-Петербург;sale;flat;8;25;1;34.72;6336400;Красногвардейский;м. Гражданский проспект;;Гражданский проспект;Ручьи ЖК
К-25;developer;https://spb.cian.ru/sale/flat/294928459/;Санкт-Петербург;sale;flat;4;12;1;27.59;6345700;Приморский;м. Комендантский проспект;;Комендантский проспект;YE'S Primorsky Комплекс Апартаментов
К-25;developer;https://spb.cian.ru/sale/flat/294910382/;Санкт-Петербург;sale;flat;8;12;1;24.35;6331000;Приморский;м. Комендантский проспект;;Комендантский проспект;YE'S Primorsky Комплекс Апартаментов
Технополис;developer;https://spb.cian.ru/sale/flat/299600029/;Санкт-Петербург;sale;flat;6;8;1;39.32;6369840;Красносельский; Лермонтова;15к2Б;Проспект Ветеранов;Новикола
;;https://spb.cian.ru/sale/flat/292227845/;Санкт-Петербург;sale;flat;8;12;1;33.24;6382402;Пушкинский;проспект Старорусский;5к1;Шушары;Chkalov
Лидер Групп;developer;https://spb.cian.ru/sale/flat/286946324/;Санкт-Петербург;sale;flat;2;12;1;37.54;6381800;Пушкинский;;;;Аэросити 3 ЖК
Группа Аквилон;developer;https://spb.cian.ru/sale/flat/294664687/;Санкт-Петербург;sale;flat;11;11;1;37.2;6361200;Пушкинский;проспект Старорусский;13к1;Звездная;All Inclusive
Группа Аквилон;developer;https://spb.cian.ru/sale/flat/294664517/;Санкт-Петербург;sale;flat;10;11;1;34.3;6382065;Пушкинский;проспект Старорусский;13к2;Звездная;All Inclusive
Группа Аквилон;developer;https://spb.cian.ru/sale/flat/294664499/;Санкт-Петербург;sale;flat;1;11;1;37.8;6356070;Пушкинский;проспект Старорусский;13к2;Звездная;All Inclusive
КВС;developer;https://spb.cian.ru/sale/flat/279689319/;Санкт-Петербург;sale;flat;1;5;1;34.9;6373620;Пушкинский;Пулковское тер.;;Звездная;ЮгТаун. Олимпийские кварталы
;;https://spb.cian.ru/sale/flat/292227376/;Санкт-Петербург;sale;flat;2;12;1;33.54;6363092;Пушкинский;проспект Старорусский;5к1;Шушары;Chkalov
Петербургская Строительная Компания;developer;https://spb.cian.ru/sale/flat/295852741/;Санкт-Петербург;sale;flat;1;5;1;37.91;6415736;Московский;Пулковский меридиан;;Звездная;Плюс Пулковский ЖК
Петербургская Строительная Компания;developer;https://spb.cian.ru/sale/flat/295852603/;Санкт-Петербург;sale;flat;1;5;1;38.76;6496988;Московский;Пулковский меридиан;;Звездная;Плюс Пулковский ЖК
Терминал-Ресурс;developer;https://spb.cian.ru/sale/flat/296121343/;Санкт-Петербург;sale;flat;1;4;1;38.96;6471680;Пушкинский;;;Купчино;Образцовый квартал 14 ЖК
ГлавстройСПб;developer;https://spb.cian.ru/sale/flat/299058370/;Санкт-Петербург;sale;flat;5;23;1;34.61;6474301;Приморский; Ивинская;1к2;Зенит;ПАРК-КВАРТАЛ Юнтолово
Терминал-Ресурс;developer;https://spb.cian.ru/sale/flat/296120204/;Санкт-Петербург;sale;flat;1;4;1;38.71;6430600;Пушкинский;;;Звездная;Образцовый квартал 15 ЖК
Терминал-Ресурс;developer;https://spb.cian.ru/sale/flat/296120361/;Санкт-Петербург;sale;flat;1;4;1;40.7;6430600;Пушкинский;;;Купчино;Образцовый квартал 15 ЖК
GloraX;developer;https://spb.cian.ru/sale/flat/297535239/;Санкт-Петербург;sale;flat;1;15;1;39.12;6439999;Выборгский;;;;Глоракс Парголово ЖК
ЛСР Санкт-Петербург;developer;https://spb.cian.ru/sale/flat/297210945/;Санкт-Петербург;sale;flat;4;25;1;35.5;6496500;Невский;Октябрьская набережная ЖК;;Елизаровская;Октябрьская набережная ЖК
Самолет;developer;https://spb.cian.ru/sale/flat/284756088/;Санкт-Петербург;sale;flat;1;9;1;32.05;6499717;Курортный;;582;Парнас;Курортный квартал ЖК
Самолет;developer;https://spb.cian.ru/sale/flat/296759864/;Санкт-Петербург;sale;flat;1;9;1;34.3;6434921;Курортный;;;Беговая;Курортный квартал ЖК
Лидер Групп;developer;https://spb.cian.ru/sale/flat/294606809/;Санкт-Петербург;sale;flat;2;20;1;28.11;6465300;Красносельский; Маршала Казакова;64к1;;Южный Форт
Лидер Групп;developer;https://spb.cian.ru/sale/flat/286950860/;Санкт-Петербург;sale;flat;2;12;1;43.38;6420240;Пушкинский;Аэросити 4 жилой квартал;;;Аэросити 4
Терминал-Ресурс;developer;https://spb.cian.ru/sale/flat/293667112/;Санкт-Петербург;sale;flat;3;4;1;36.5;6467106;Пушкинский; Образцовая;2;Купчино;Образцовый квартал 13
Группа Аквилон;developer;https://spb.cian.ru/sale/flat/294664618/;Санкт-Петербург;sale;flat;1;11;1;37.3;6404238;Пушкинский;проспект Старорусский;13к2;Звездная;All Inclusive
Терминал-Ресурс;developer;https://spb.cian.ru/sale/flat/293666960/;Санкт-Петербург;sale;flat;2;4;1;28.53;6409296;Пушкинский; Образцовая;2;Купчино;Образцовый квартал 13
КВС;developer;https://spb.cian.ru/sale/flat/294622483/;Санкт-Петербург;sale;flat;1;4;1;33.9;6498783;Петродворцовый;;;Проспект Ветеранов;Любоград ЖК
КВС;developer;https://spb.cian.ru/sale/flat/295854393/;Санкт-Петербург;sale;flat;2;4;1;31.38;6409392;Петродворцовый;;;Проспект Ветеранов;Любоград ЖК
;;https://spb.cian.ru/sale/flat/298270585/;Санкт-Петербург;sale;flat;9;9;1;41.35;6450600;Колпинский;Заречье тер.;;Рыбацкое;Квартал Заречье
;;https://spb.cian.ru/sale/flat/298270458/;Санкт-Петербург;sale;flat;2;9;1;42.03;6472620;Колпинский;Заречье тер.;;Рыбацкое;Квартал Заречье
ГлавстройСПб;developer;https://spb.cian.ru/sale/flat/297885363/;Санкт-Петербург;sale;flat;1;23;1;34.69;6441933;Приморский; Ивинская;1к4;Зенит;ПАРК-КВАРТАЛ Юнтолово
ГлавстройСПб;developer;https://spb.cian.ru/sale/flat/297361140/;Санкт-Петербург;sale;flat;1;17;1;32.8;6464880;Приморский; Ивинская;9;Комендантский проспект;Юнтолово
ID 97948837;homeowner;https://spb.cian.ru/sale/flat/298973011/;Санкт-Петербург;sale;flat;26;27;1;33.7;6400000;Выборгский; Валерия Гаврилина;3к1;Парнас;Северная долина
Адвекс;real_estate_agent;https://spb.cian.ru/sale/flat/299283718/;Санкт-Петербург;sale;flat;2;9;1;33.6;6500000;Невский;Искровский проспект;15К2;Улица Дыбенко;
Владис Центральный;real_estate_agent;https://spb.cian.ru/sale/flat/298593382/;Санкт-Петербург;sale;flat;3;9;1;33.0;6500000;Кировский;Двинская ;16к1;Нарвская;
Петербургская Недвижимость;representative_developer;https://spb.cian.ru/sale/flat/296659651/;Санкт-Петербург;sale;flat;1;4;1;38.34;6500201;Пушкинский;;;Шушары;Универ Сити ЖК
Лидер Групп;developer;https://spb.cian.ru/sale/flat/299502611/;Санкт-Петербург;sale;flat;7;10;1;36.37;6546600;Пушкинский;;;;Аэросити Фемили ЖК
GloraX;developer;https://spb.cian.ru/sale/flat/296889807/;Санкт-Петербург;sale;flat;6;15;1;35.22;6539999;Выборгский;;;;Глоракс Парголово ЖК
Терминал-Ресурс;developer;https://spb.cian.ru/sale/flat/293667137/;Санкт-Петербург;sale;flat;4;4;1;35.0;6535837;Пушкинский; Образцовая;2;Купчино;Образцовый квартал 13
КВС;developer;https://spb.cian.ru/sale/flat/292309955/;Санкт-Петербург;sale;flat;1;5;1;38.42;6512919;Пушкинский;;;Звездная;ЮгТаун ЖК
Терминал-Ресурс;developer;https://spb.cian.ru/sale/flat/293667171/;Санкт-Петербург;sale;flat;1;4;1;40.09;6520652;Пушкинский; Образцовая;2;Купчино;Образцовый квартал 13
ID 88090009;homeowner;https://spb.cian.ru/sale/flat/297688524/;Санкт-Петербург;sale;flat;23;23;1;37.1;6500000;Красногвардейский;Полюстрово;61;Девяткино;
Петербургская Недвижимость;representative_developer;https://spb.cian.ru/sale/flat/299044055/;Санкт-Петербург;sale;flat;1;4;1;30.62;6550215;Петродворцовый;;;Автово;Дворцовый фасад ЖК
Адвекс;real_estate_agent;https://spb.cian.ru/sale/flat/299165443/;Санкт-Петербург;sale;flat;7;9;1;34.42;6590000;Кировский;проспект Ветеранов;78;Проспект Ветеранов;
ГлавстройСПб;developer;https://spb.cian.ru/sale/flat/297361438/;Санкт-Петербург;sale;flat;1;23;1;35.85;6582060;Приморский; Ивинская;1к4;Зенит;ПАРК-КВАРТАЛ Юнтолово
Лидер Групп;developer;https://spb.cian.ru/sale/flat/286945862/;Санкт-Петербург;sale;flat;3;12;1;36.58;6584400;Пушкинский;;;;Аэросити 3 ЖК
Терминал-Ресурс;developer;https://spb.cian.ru/sale/flat/296120569/;Санкт-Петербург;sale;flat;1;4;1;39.73;6593340;Пушкинский;;;Купчино;Образцовый квартал 15 ЖК
Терминал-Ресурс;developer;https://spb.cian.ru/sale/flat/296122103/;Санкт-Петербург;sale;flat;1;4;1;39.63;6583860;Пушкинский;;;Купчино;Образцовый квартал 14 ЖК
Самолет;developer;https://spb.cian.ru/sale/flat/296759957/;Санкт-Петербург;sale;flat;2;7;1;34.6;6579808;Курортный;;;Проспект Просвещения;Курортный квартал ЖК
Лидер Групп;developer;https://spb.cian.ru/sale/flat/286950713/;Санкт-Петербург;sale;flat;2;12;1;44.26;6550480;Пушкинский;Аэросити 4 жилой квартал;;;Аэросити 4
Лидер Групп;developer;https://spb.cian.ru/sale/flat/294606852/;Санкт-Петербург;sale;flat;2;20;1;28.63;6584900;Красносельский; Маршала Казакова;64к1;;Южный Форт
Эталон СПБ;developer;https://spb.cian.ru/sale/flat/299336601/;Санкт-Петербург;sale;flat;2;4;1;35.9;6563531;Пушкинский; Соколиная;;Купчино;Пулковский дом
;;https://spb.cian.ru/sale/flat/298270839/;Санкт-Петербург;sale;flat;5;9;1;42.51;6589050;Колпинский;Заречье тер.;;Рыбацкое;Квартал Заречье
ГлавстройСПб;developer;https://spb.cian.ru/sale/flat/297993519/;Санкт-Петербург;sale;flat;4;23;1;32.92;6560816;Приморский; Ивинская;5к1;Зенит;ПАРК-КВАРТАЛ Юнтолово
VoolfEstate;real_estate_agent;https://spb.cian.ru/sale/flat/284656827/;Санкт-Петербург;sale;flat;18;19;1;32.9;6550000;Приморский;аллея Арцеуловская;23к1;Комендантский проспект;Чистое небо
КВС;developer;https://spb.cian.ru/sale/flat/292309949/;Санкт-Петербург;sale;flat;1;5;1;38.8;6562461;Пушкинский;;;Звездная;ЮгТаун ЖК
КВС;developer;https://spb.cian.ru/sale/flat/279689568/;Санкт-Петербург;sale;flat;4;5;1;34.45;6583680;Пушкинский;Пулковское тер.;;Звездная;ЮгТаун. Олимпийские кварталы
;;https://spb.cian.ru/sale/flat/285297790/;Санкт-Петербург;sale;flat;6;11;1;38.6;6562000;Пушкинский;проспект Старорусский;11;Звездная;Аэросити
Петербургская Недвижимость;representative_developer;https://spb.cian.ru/sale/flat/284671753/;Санкт-Петербург;sale;flat;1;4;1;34.9;6600106;Пушкинский;шоссе Колпинское;129;Купчино;Univer City. Город возможностей
Петербургская Недвижимость;representative_developer;https://spb.cian.ru/sale/flat/299044002/;Санкт-Петербург;sale;flat;2;5;1;37.15;6600013;Московский;Пулковский меридиан;;Звездная;Парадный ансамбль
Петербургская Недвижимость;representative_developer;https://spb.cian.ru/sale/flat/294535253/;Санкт-Петербург;sale;flat;5;5;1;31.71;6600103;Московский;Пулковское шоссе;95к3;Звездная;Парадный ансамбль
Петербургская Недвижимость;representative_developer;https://spb.cian.ru/sale/flat/296054909/;Санкт-Петербург;sale;flat;1;5;1;36.51;6600204;Московский;Пулковское шоссе;103В;Звездная;Парадный ансамбль
Петербургская Недвижимость;representative_developer;https://spb.cian.ru/sale/flat/299582473/;Санкт-Петербург;sale;flat;1;5;1;35.1;6600098;Московский;Пулковский меридиан;;Звездная;Зеленый квартал ЖК
ФСК;developer;https://spb.cian.ru/sale/flat/295183672/;Санкт-Петербург;sale;flat;3;17;1;43.05;6619260;Невский;Невский;;;Зум на Неве ЖК
Эталон СПБ;developer;https://spb.cian.ru/sale/flat/298658260/;Санкт-Петербург;sale;flat;2;4;1;35.4;6612031;Пушкинский;;;Купчино;Пулковский дом ЖК
ФСК;developer;https://spb.cian.ru/sale/flat/295182102/;Санкт-Петербург;sale;flat;2;17;1;41.51;6606420;Невский;Невский;;;Зум на Неве ЖК
Группа Аквилон;developer;https://spb.cian.ru/sale/flat/294664657/;Санкт-Петербург;sale;flat;1;11;1;39.7;6600125;Пушкинский;проспект Старорусский;13к1;Звездная;All Inclusive
КВС;developer;https://spb.cian.ru/sale/flat/279689378/;Санкт-Петербург;sale;flat;1;5;1;36.95;6631000;Пушкинский;Пулковское тер.;;Звездная;ЮгТаун. Олимпийские кварталы
КВС;developer;https://spb.cian.ru/sale/flat/279690376/;Санкт-Петербург;sale;flat;1;5;1;34.0;6638760;Пушкинский; Нины Петровой;10к1;Купчино;ЮгТаун. Олимпийские кварталы
Единый Центр Инвестиций;real_estate_agent;https://spb.cian.ru/sale/flat/290519316/;Санкт-Петербург;sale;flat;7;29;1;35.7;6745000;Московский;Витебский проспект;99к1;;IN2IT
Единый Центр Инвестиций;real_estate_agent;https://spb.cian.ru/sale/flat/290518381/;Санкт-Петербург;sale;flat;3;12;1;36.33;6730000;Приморский;Юнтолово;;Старая Деревня;Полис Приморский 2 ЖК
Петербургская Недвижимость;representative_developer;https://spb.cian.ru/sale/flat/288794068/;Санкт-Петербург;sale;flat;1;4;1;35.8;6700259;Пушкинский;шоссе Колпинское;129;Купчино;Univer City. Город возможностей
Петербургская Недвижимость;representative_developer;https://spb.cian.ru/sale/flat/292788622/;Санкт-Петербург;sale;flat;4;4;1;32.6;6650122;Пушкинский;шоссе Колпинское;129;Купчино;Univer City. Город возможностей
Лидер Групп;developer;https://spb.cian.ru/sale/flat/299556090/;Санкт-Петербург;sale;flat;3;18;1;29.69;6680250;Невский; Тельмана;37;Ломоносовская;ИСКРА-Сити
Реал;real_estate_agent;https://spb.cian.ru/sale/flat/295854561/;Санкт-Петербург;sale;flat;1;23;1;39.0;6650000;Невский;проспект Советский;34к2;;Невские паруса
Технополис;developer;https://spb.cian.ru/sale/flat/293979008/;Санкт-Петербург;sale;flat;3;8;1;41.1;6658200;Красносельский; Лермонтова;15к2Ж;Проспект Ветеранов;Новикола
ГлавстройСПб;developer;https://spb.cian.ru/sale/flat/298260266/;Санкт-Петербург;sale;flat;5;23;1;32.11;6716421;Приморский; Ивинская;1к1;Зенит;ПАРК-КВАРТАЛ Юнтолово
Петербургская Недвижимость;representative_developer;https://spb.cian.ru/sale/flat/299582529/;Санкт-Петербург;sale;flat;1;5;1;34.1;6650028;Московский; Струве;12;Звездная;Зеленый квартал
Петербургская Недвижимость;representative_developer;https://spb.cian.ru/sale/flat/299582526/;Санкт-Петербург;sale;flat;1;5;1;36.8;6650128;Московский; Струве;10к2;Звездная;Зеленый квартал
Петербургская Недвижимость;representative_developer;https://spb.cian.ru/sale/flat/299582522/;Санкт-Петербург;sale;flat;1;5;1;35.1;6650221;Московский; Струве;10к2;Звездная;Зеленый квартал
Лидер Групп;developer;https://spb.cian.ru/sale/flat/297419383/;Санкт-Петербург;sale;flat;3;20;1;32.92;6748600;Красносельский; Маршала Казакова;64к1;;Южный Форт
Лидер Групп;developer;https://spb.cian.ru/sale/flat/295100674/;Санкт-Петербург;sale;flat;11;12;1;34.2;6669000;Пушкинский;;;;Аэросити 6 ЖК
Аквилон;developer;https://spb.cian.ru/sale/flat/299468667/;Санкт-Петербург;sale;flat;13;24;1;38.0;6739220;Невский; Русановская;24;Пролетарская;Аквилон SKY
ТРЕНД;real_estate_agent;https://spb.cian.ru/sale/flat/299058599/;Санкт-Петербург;sale;flat;1;5;1;36.11;6700000;Московский; Орбитальная;7к1;Московская;
ГлавстройСПб;developer;https://spb.cian.ru/sale/flat/297884758/;Санкт-Петербург;sale;flat;14;23;1;33.92;6740280;Приморский; Ивинская;5к1;Зенит;ПАРК-КВАРТАЛ Юнтолово
Группа Аквилон;developer;https://spb.cian.ru/sale/flat/296594578/;Санкт-Петербург;sale;flat;11;11;1;38.6;6657951;Пушкинский;проспект Старорусский;13к2;Звездная;All Inclusive
Группа Аквилон;developer;https://spb.cian.ru/sale/flat/294664602/;Санкт-Петербург;sale;flat;1;11;1;39.5;6690557;Пушкинский;проспект Старорусский;13к2;Звездная;All Inclusive
КВС;developer;https://spb.cian.ru/sale/flat/294622463/;Санкт-Петербург;sale;flat;1;4;1;34.9;6666385;Петродворцовый;;;Проспект Ветеранов;Любоград ЖК
ГлавстройСПб;developer;https://spb.cian.ru/sale/flat/297884795/;Санкт-Петербург;sale;flat;6;23;1;32.43;6717822;Приморский; Ивинская;5к1;Зенит;ПАРК-КВАРТАЛ Юнтолово
;;https://spb.cian.ru/sale/flat/292413508/;Санкт-Петербург;sale;flat;1;6;1;41.8;6688000;Курортный; Строителей;3к2;;Granholm Village
Петербургская Недвижимость;representative_developer;https://spb.cian.ru/sale/flat/297392343/;Санкт-Петербург;sale;flat;1;4;1;39.2;6750298;Пушкинский;;;Купчино;Универ Сити ЖК
Петербургская Недвижимость;representative_developer;https://spb.cian.ru/sale/flat/291984313/;Санкт-Петербург;sale;flat;1;5;1;34.9;6750270;Московский;Пулковское шоссе;99к6;Звездная;Парадный ансамбль
Петербургская Недвижимость;representative_developer;https://spb.cian.ru/sale/flat/291619287/;Санкт-Петербург;sale;flat;5;5;1;31.5;6750245;Московский;Пулковское шоссе;99к6;Звездная;Парадный ансамбль
Петербургская Недвижимость;representative_developer;https://spb.cian.ru/sale/flat/296659558/;Санкт-Петербург;sale;flat;1;5;1;34.9;6750270;Московский;Пулковское шоссе;95к3;Звездная;Парадный ансамбль
Петербургская Недвижимость;representative_developer;https://spb.cian.ru/sale/flat/291619281/;Санкт-Петербург;sale;flat;1;5;1;34.8;6750156;Московский;Пулковское шоссе;95к4;Звездная;Парадный ансамбль
ГлавстройСПб;developer;https://spb.cian.ru/sale/flat/297885383/;Санкт-Петербург;sale;flat;3;23;1;34.33;6792138;Приморский; Ивинская;1к4;Зенит;ПАРК-КВАРТАЛ Юнтолово
Лидер Групп;developer;https://spb.cian.ru/sale/flat/294606894/;Санкт-Петербург;sale;flat;2;20;1;32.19;6759900;Красносельский; Маршала Казакова;64к1;;Южный Форт
Петербургская Недвижимость;representative_developer;https://spb.cian.ru/sale/flat/299582531/;Санкт-Петербург;sale;flat;5;5;1;31.7;6750261;Московский; Струве;12;Звездная;Зеленый квартал
ТРЕНД;real_estate_agent;https://spb.cian.ru/sale/flat/294571474/;Санкт-Петербург;sale;flat;24;24;1;39.93;6780000;Красногвардейский;аллея Евгения Шварца;13к1;Девяткино;Новая Охта
Лидер Групп;developer;https://spb.cian.ru/sale/flat/288774922/;Санкт-Петербург;sale;flat;4;12;1;35.58;6760200;Пушкинский;;;;Аэросити 3 ЖК
Лидер Групп;developer;https://spb.cian.ru/sale/flat/296463007/;Санкт-Петербург;sale;flat;9;12;1;34.95;6762825;Пушкинский;;;;Аэросити 6 ЖК
Эталон СПБ;developer;https://spb.cian.ru/sale/flat/298655311/;Санкт-Петербург;sale;flat;2;12;1;39.7;6791929;Пушкинский;;;Звездная;Монография ЖК
ГлавстройСПб;developer;https://spb.cian.ru/sale/flat/297710646/;Санкт-Петербург;sale;flat;4;23;1;34.61;6793125;Приморский; Ивинская;5к2;Зенит;ПАРК-КВАРТАЛ Юнтолово
КВС;developer;https://spb.cian.ru/sale/flat/279689448/;Санкт-Петербург;sale;flat;2;5;1;35.95;6773520;Пушкинский;Пулковское тер.;;Звездная;ЮгТаун. Олимпийские кварталы
Петербургская Строительная Компания;developer;https://spb.cian.ru/sale/flat/295852746/;Санкт-Петербург;sale;flat;2;5;1;40.62;6874366;Московский;Пулковский меридиан;;Международная;Плюс Пулковский ЖК
Петербургская Недвижимость;representative_developer;https://spb.cian.ru/sale/flat/296659716/;Санкт-Петербург;sale;flat;1;4;1;38.7;6850054;Пушкинский;шоссе Колпинское;127;Купчино;Univer City. Город возможностей
Петербургская Недвижимость;representative_developer;https://spb.cian.ru/sale/flat/296985453/;Санкт-Петербург;sale;flat;2;4;1;37.9;6850197;Пушкинский;шоссе Колпинское;127;Купчино;Univer City. Город возможностей
Петербургская Недвижимость;representative_developer;https://spb.cian.ru/sale/flat/296538601/;Санкт-Петербург;sale;flat;3;4;1;34.45;6850055;Пушкинский;шоссе Колпинское;129;Купчино;Univer City. Город возможностей
Петербургская Недвижимость;representative_developer;https://spb.cian.ru/sale/flat/298405602/;Санкт-Петербург;sale;flat;3;5;1;32.85;6850226;Московский;Пулковское шоссе;95к3;Звездная;Парадный ансамбль
ГлавстройСПб;developer;https://spb.cian.ru/sale/flat/297361330/;Санкт-Петербург;sale;flat;16;24;1;33.8;6847880;Приморский; Ивинская;13;Комендантский проспект;Юнтолово
Петербургская Недвижимость;representative_developer;https://spb.cian.ru/sale/flat/295923370/;Санкт-Петербург;sale;flat;1;4;1;32.5;6800170;Петродворцовый;;;Автово;Дворцовый фасад ЖК
Терминал-Ресурс;developer;https://spb.cian.ru/sale/flat/296121395/;Санкт-Петербург;sale;flat;1;4;1;40.51;6811380;Пушкинский;;;Купчино;Образцовый квартал 14 ЖК
ГлавстройСПб;developer;https://spb.cian.ru/sale/flat/297361315/;Санкт-Петербург;sale;flat;14;24;1;34.8;6890400;Приморский; Ивинская;13;Комендантский проспект;Юнтолово
Самолет;developer;https://spb.cian.ru/sale/flat/291885788/;Санкт-Петербург;sale;flat;1;8;1;35.7;6858502;Курортный;;6;Проспект Просвещения;Курортный квартал ЖК
Самолет;developer;https://spb.cian.ru/sale/flat/296759919/;Санкт-Петербург;sale;flat;2;9;1;36.6;6873645;Курортный;;;Проспект Просвещения;Курортный квартал ЖК
Самолет;developer;https://spb.cian.ru/sale/flat/296759955/;Санкт-Петербург;sale;flat;2;8;1;35.5;6839100;Курортный;;;Проспект Просвещения;Курортный квартал ЖК
Петербургская Недвижимость;representative_developer;https://spb.cian.ru/sale/flat/299044072/;Санкт-Петербург;sale;flat;1;4;1;34.19;6850086;Петродворцовый;;;Автово;Дворцовый фасад ЖК
Петербургская Недвижимость;representative_developer;https://spb.cian.ru/sale/flat/299582453/;Санкт-Петербург;sale;flat;5;5;1;33.3;6850093;Московский; Струве;8к2;Звездная;Зеленый квартал
Петербургская Недвижимость;representative_developer;https://spb.cian.ru/sale/flat/299582480/;Санкт-Петербург;sale;flat;5;5;1;33.6;6850116;Московский; Струве;8к3;Звездная;Зеленый квартал
Петербургская Недвижимость;representative_developer;https://spb.cian.ru/sale/flat/299582483/;Санкт-Петербург;sale;flat;1;5;1;35.8;6850097;Московский; Струве;8к3;Звездная;Зеленый квартал
Эталон СПБ;developer;https://spb.cian.ru/sale/flat/298655312/;Санкт-Петербург;sale;flat;3;12;1;39.2;6842967;Пушкинский;;;Звездная;Монография ЖК
Петербургская Недвижимость;representative_developer;https://spb.cian.ru/sale/flat/299044080/;Санкт-Петербург;sale;flat;1;4;1;34.88;6850170;Петродворцовый;;;Автово;Дворцовый фасад ЖК
Лидер Групп;developer;https://spb.cian.ru/sale/flat/296280934/;Санкт-Петербург;sale;flat;8;12;1;41.8;6897000;Пушкинский;проспект Старорусский;9;;Аэросити 2
Лидер Групп;developer;https://spb.cian.ru/sale/flat/294606998/;Санкт-Петербург;sale;flat;2;20;1;30.91;6800200;Красносельский; Маршала Казакова;64к1;;Южный Форт
Эталон СПБ;developer;https://spb.cian.ru/sale/flat/298658224/;Санкт-Петербург;sale;flat;3;4;1;37.6;6865603;Пушкинский; Соколиная;;Купчино;Пулковский дом
Аквилон;developer;https://spb.cian.ru/sale/flat/299468664/;Санкт-Петербург;sale;flat;24;25;1;34.7;6887377;Невский; Русановская;24;Пролетарская;Аквилон SKY
ЦАН - Центральное Агентство Недвижимости;real_estate_agent;https://spb.cian.ru/sale/flat/296569504/;Санкт-Петербург;sale;flat;5;5;1;38.4;6800000;Невский;Ивановская ;30;Ломоносовская;
;;https://spb.cian.ru/sale/flat/298270577/;Санкт-Петербург;sale;flat;9;9;1;44.06;6873360;Колпинский;Заречье тер.;;Рыбацкое;Квартал Заречье
КВС;developer;https://spb.cian.ru/sale/flat/294622578/;Санкт-Петербург;sale;flat;1;4;1;36.27;6890168;Петродворцовый;;;Проспект Ветеранов;Любоград ЖК
ГлавстройСПб;developer;https://spb.cian.ru/sale/flat/297361053/;Санкт-Петербург;sale;flat;6;24;1;42.0;6896400;Приморский; Ивинская;19к1;Комендантский проспект;Юнтолово
КВС;developer;https://spb.cian.ru/sale/flat/284294472/;Санкт-Петербург;sale;flat;1;5;1;40.4;6846720;Пушкинский;Пулковское тер.;;Звездная;ЮгТаун. Олимпийские кварталы
КВС;developer;https://spb.cian.ru/sale/flat/279689297/;Санкт-Петербург;sale;flat;1;5;1;38.25;6806640;Пушкинский;Пулковское тер.;;Звездная;ЮгТаун. Олимпийские кварталы
Алькор;real_estate_agent;https://spb.cian.ru/sale/flat/295804792/;Санкт-Петербург;sale;flat;4;4;1;34.9;6800000;Пушкинский;Колпинское шоссе;;Шушары;Univer City. Город возможностей
;;https://spb.cian.ru/sale/flat/298270597/;Санкт-Петербург;sale;flat;2;9;1;44.57;6863780;Колпинский;Заречье тер.;;Рыбацкое;Квартал Заречье
ID 58431251;homeowner;https://spb.cian.ru/sale/flat/290211656/;Санкт-Петербург;sale;flat;12;19;1;35.6;6800000;Василеостровский;бульвар Александра Грина;1;Приморская;
ID 22731690;homeowner;https://spb.cian.ru/sale/flat/299027081/;Санкт-Петербург;sale;flat;1;12;1;35.0;6800000;Калининский;Кондратьевский проспект;83К2;Лесная;
ГлавстройСПб;developer;https://spb.cian.ru/sale/flat/297361209/;Санкт-Петербург;sale;flat;6;24;1;34.9;6910200;Приморский; Ивинская;19к3;Комендантский проспект;Юнтолово
Лидер Групп;developer;https://spb.cian.ru/sale/flat/297419353/;Санкт-Петербург;sale;flat;2;20;1;34.59;6918000;Красносельский; Маршала Казакова;64к1;;Южный Форт
Петербургская Недвижимость;representative_developer;https://spb.cian.ru/sale/flat/298819833/;Санкт-Петербург;sale;flat;1;4;1;32.02;6900053;Петродворцовый;;;Автово;Дворцовый фасад ЖК
Лидер Групп;developer;https://spb.cian.ru/sale/flat/297023967/;Санкт-Петербург;sale;flat;2;7;1;43.28;6924800;Красногвардейский;Полюстрово;69;;Старлайт
Технополис;developer;https://spb.cian.ru/sale/flat/299600102/;Санкт-Петербург;sale;flat;8;8;1;42.72;6920640;Красносельский; Лермонтова;15к2Б;Проспект Ветеранов;Новикола
ГлавстройСПб;developer;https://spb.cian.ru/sale/flat/297884859/;Санкт-Петербург;sale;flat;6;23;1;33.51;6936370;Приморский; Ивинская;1к1;Зенит;ПАРК-КВАРТАЛ Юнтолово
Самолет;developer;https://spb.cian.ru/sale/flat/299577835/;Санкт-Петербург;sale;flat;7;9;1;33.28;6942214;Курортный;;581;Проспект Просвещения;Курортный квартал ЖК
Самолет;developer;https://spb.cian.ru/sale/flat/296290997/;Санкт-Петербург;sale;flat;3;9;1;33.44;6948601;Курортный;;582;Парнас;Курортный квартал ЖК
Стоун;developer;https://spb.cian.ru/sale/flat/297264889/;Санкт-Петербург;sale;flat;6;6;1;45.99;6933500;Московский;Пулковский меридиан;;Звездная;Перспектива ЖК
Эталон СПБ;developer;https://spb.cian.ru/sale/flat/298658261/;Санкт-Петербург;sale;flat;1;4;1;36.8;6931957;Пушкинский;;;Купчино;Пулковский дом ЖК
КВС;developer;https://spb.cian.ru/sale/flat/295838370/;Санкт-Петербург;sale;flat;1;5;1;41.07;6946293;Пушкинский;;;Звездная;ЮгТаун ЖК
GloraX;developer;https://spb.cian.ru/sale/flat/297535248/;Санкт-Петербург;sale;flat;2;15;1;39.95;6939999;Выборгский;;;;Глоракс Парголово ЖК
Терминал-Ресурс;developer;https://spb.cian.ru/sale/flat/296120024/;Санкт-Петербург;sale;flat;1;4;1;43.95;6944100;Пушкинский;;;Звездная;Образцовый квартал 15 ЖК
КВС;developer;https://spb.cian.ru/sale/flat/284294693/;Санкт-Петербург;sale;flat;1;5;1;40.75;6913260;Пушкинский;Пулковское тер.;;Звездная;ЮгТаун. Олимпийские кварталы
КВС;developer;https://spb.cian.ru/sale/flat/279689383/;Санкт-Петербург;sale;flat;1;5;1;38.75;6913740;Пушкинский;Пулковское тер.;;Звездная;ЮгТаун. Олимпийские кварталы
;;https://spb.cian.ru/sale/flat/292413481/;Санкт-Петербург;sale;flat;1;6;1;43.2;6912000;Курортный; Строителей;3к2;;Granholm Village
ID 97068974;realtor;https://spb.cian.ru/sale/flat/295132398/;Санкт-Петербург;sale;flat;10;21;1;44.4;6900000;Приморский;Парашютная ;58;Комендантский проспект;Каменка
Терминал-Ресурс;developer;https://spb.cian.ru/sale/flat/296120237/;Санкт-Петербург;sale;flat;1;4;1;42.09;6964640;Пушкинский;;;Звездная;Образцовый квартал 15 ЖК
Технополис;developer;https://spb.cian.ru/sale/flat/293979108/;Санкт-Петербург;sale;flat;7;8;1;43.14;6988680;Красносельский; Лермонтова;15к2Ж;Проспект Ветеранов;Новикола
Унистрой;developer;https://spb.cian.ru/sale/flat/296825927/;Санкт-Петербург;sale;flat;2;5;1;27.25;6994000;Курортный;;;Беговая;Лисино
Купим Вместе;real_estate_agent;https://spb.cian.ru/sale/flat/297502786/;Санкт-Петербург;sale;flat;2;18;1;36.3;6950000;Приморский;Парашютная ;61к4;Комендантский проспект;Шуваловский
Лидер Групп;developer;https://spb.cian.ru/sale/flat/299556160/;Санкт-Петербург;sale;flat;2;18;1;31.6;6952000;Невский; Тельмана;37;Ломоносовская;ИСКРА-Сити
BR Group;real_estate_agent;https://spb.cian.ru/sale/flat/297610570/;Санкт-Петербург;sale;flat;25;25;1;37.5;6950000;Невский;проспект Советский;36к2;;Невские паруса
LUNA ESTATE;real_estate_agent;https://spb.cian.ru/sale/flat/299463025/;Санкт-Петербург;sale;flat;3;9;1;30.0;6999999;Фрунзенский;Альпийский переулок;45;Проспект Славы;
Колвэй;real_estate_agent;https://spb.cian.ru/sale/flat/274752387/;Санкт-Петербург;sale;flat;5;6;1;30.0;6990000;Пушкинский;Ахматовская ;6;Купчино;
Терминал-Ресурс;developer;https://spb.cian.ru/sale/flat/293666957/;Санкт-Петербург;sale;flat;2;4;1;40.62;6952050;Пушкинский; Образцовая;2;Купчино;Образцовый квартал 13
Терминал-Ресурс;developer;https://spb.cian.ru/sale/flat/293667012/;Санкт-Петербург;sale;flat;2;4;1;38.61;6970477;Пушкинский; Образцовая;2;Купчино;Образцовый квартал 13
КВС;developer;https://spb.cian.ru/sale/flat/294622511/;Санкт-Петербург;sale;flat;1;4;1;36.81;6968650;Петродворцовый;;;Проспект Ветеранов;Любоград ЖК
ГлавстройСПб;developer;https://spb.cian.ru/sale/flat/297361070/;Санкт-Петербург;sale;flat;9;24;1;42.5;6978500;Приморский; Ивинская;19к1;Комендантский проспект;Юнтолово
Единый Центр Инвестиций;real_estate_agent;https://spb.cian.ru/sale/flat/290514177/;Санкт-Петербург;sale;flat;7;29;1;37.54;7035000;Московский;Витебский проспект;99к1;;IN2IT
Петербургская Строительная Компания;developer;https://spb.cian.ru/sale/flat/294049915/;Санкт-Петербург;sale;flat;1;5;1;43.58;7076175;Московский;Пулковский меридиан;;Звездная;Плюс Пулковский ЖК
Шельф;developer;https://spb.cian.ru/sale/flat/268906753/;Санкт-Петербург;sale;flat;17;26;1;34.6;7093000;Пушкинский;проспект Новгородский;2к3;Шушары;Simple
Шельф;developer;https://spb.cian.ru/sale/flat/296842501/;Санкт-Петербург;sale;flat;20;26;1;32.2;7084000;Пушкинский;проспект Новгородский;2к3;Шушары;Simple
ГлавстройСПб;developer;https://spb.cian.ru/sale/flat/297361486/;Санкт-Петербург;sale;flat;4;23;1;36.78;7099068;Приморский; Ивинская;1к4;Зенит;ПАРК-КВАРТАЛ Юнтолово
Технополис;developer;https://spb.cian.ru/sale/flat/299600092/;Санкт-Петербург;sale;flat;7;8;1;43.8;7095600;Красносельский; Лермонтова;15к2Б;Проспект Ветеранов;Новикола
Самолет;developer;https://spb.cian.ru/sale/flat/296760047/;Санкт-Петербург;sale;flat;2;10;1;38.1;7020981;Курортный;;;Парнас;Курортный квартал ЖК
ТРЕНД;real_estate_agent;https://spb.cian.ru/sale/flat/294945283/;Санкт-Петербург;sale;flat;5;25;1;38.0;7050000;Выборгский; Михаила Дудина;25к1;Парнас;Северная долина
ГлавстройСПб;developer;https://spb.cian.ru/sale/flat/297361212/;Санкт-Петербург;sale;flat;6;24;1;37.4;7023720;Приморский; Ивинская;19к3;Комендантский проспект;Юнтолово
ЦАН - Центральное Агентство Недвижимости;real_estate_agent;https://spb.cian.ru/sale/flat/296324547/;Санкт-Петербург;sale;flat;6;18;1;32.0;7000000;Василеостровский; Вадима Шефнера;4;Приморская;Магеллан (Гавань Капитанов)
ТРЕНД;real_estate_agent;https://spb.cian.ru/sale/flat/299370211/;Санкт-Петербург;sale;flat;14;15;1;28.1;7000000;Выборгский;проспект Энгельса;113К2;Озерки;
ГлавстройСПб;developer;https://spb.cian.ru/sale/flat/297361159/;Санкт-Петербург;sale;flat;4;17;1;37.9;7053190;Приморский; Ивинская;9;Комендантский проспект;Юнтолово
Терминал-Ресурс;developer;https://spb.cian.ru/sale/flat/293667177/;Санкт-Петербург;sale;flat;2;4;1;37.75;7015860;Пушкинский; Образцовая;2;Купчино;Образцовый квартал 13
Терминал-Ресурс;developer;https://spb.cian.ru/sale/flat/296121457/;Санкт-Петербург;sale;flat;1;4;1;42.43;7068920;Пушкинский;;;Купчино;Образцовый квартал 14 ЖК
КВС;developer;https://spb.cian.ru/sale/flat/292309986/;Санкт-Петербург;sale;flat;1;5;1;41.7;7048525;Пушкинский;;;Звездная;ЮгТаун ЖК
;;https://spb.cian.ru/sale/flat/298270048/;Санкт-Петербург;sale;flat;2;9;1;45.63;7072650;Колпинский;Заречье тер.;;Рыбацкое;Квартал Заречье
;;https://spb.cian.ru/sale/flat/293752180/;Санкт-Петербург;sale;flat;2;12;1;36.91;7096561;Пушкинский;проспект Старорусский;5к1;Шушары;Chkalov
ID 113700177;homeowner;https://spb.cian.ru/sale/flat/298985630/;Санкт-Петербург;sale;flat;2;13;1;38.3;7000000;Выборгский; Тихоокеанская;1к2;Проспект Просвещения;в Парголово
Петербургская Недвижимость;representative_developer;https://spb.cian.ru/sale/flat/296659653/;Санкт-Петербург;sale;flat;3;4;1;39.66;7100210;Пушкинский;;;Шушары;Универ Сити ЖК
Петербургская Недвижимость;representative_developer;https://spb.cian.ru/sale/flat/299582466/;Санкт-Петербург;sale;flat;1;5;1;37.4;7100296;Московский;Пулковский меридиан;;Звездная;Зеленый квартал ЖК
Терминал-Ресурс;developer;https://spb.cian.ru/sale/flat/296120146/;Санкт-Петербург;sale;flat;1;4;1;43.23;7147920;Пушкинский;;;Звездная;Образцовый квартал 15 ЖК
Петербургская Недвижимость;representative_developer;https://spb.cian.ru/sale/flat/299582505/;Санкт-Петербург;sale;flat;1;5;1;37.6;7100233;Московский; Струве;12;Звездная;Зеленый квартал
Петербургская Недвижимость;representative_developer;https://spb.cian.ru/sale/flat/299582488/;Санкт-Петербург;sale;flat;1;5;1;39.1;7100325;Московский; Струве;8к3;Звездная;Зеленый квартал
Петербургская Недвижимость;representative_developer;https://spb.cian.ru/sale/flat/299582462/;Санкт-Петербург;sale;flat;1;5;1;37.4;7100296;Московский; Струве;8к2;Звездная;Зеленый квартал
Петербургская Недвижимость;representative_developer;https://spb.cian.ru/sale/flat/296627173/;Санкт-Петербург;sale;flat;4;4;1;29.8;7100252;Петродворцовый;;;Автово;Дворцовый фасад ЖК
Эталон СПБ;developer;https://spb.cian.ru/sale/flat/298658246/;Санкт-Петербург;sale;flat;2;4;1;39.0;7137753;Пушкинский; Соколиная;;Купчино;Пулковский дом
;;https://spb.cian.ru/sale/flat/298270283/;Санкт-Петербург;sale;flat;1;9;1;47.59;7138500;Колпинский;Заречье тер.;;Рыбацкое;Квартал Заречье
;;https://spb.cian.ru/sale/flat/292781502/;Санкт-Петербург;sale;flat;10;13;1;44.5;7120000;Невский;Варфоломеевская ;6;Ломоносовская;Апарт-отель Начало
;;https://spb.cian.ru/sale/flat/292413435/;Санкт-Петербург;sale;flat;1;6;1;44.4;7104000;Курортный; Строителей;3к2;;Granholm Village
ID 95934346;realtor;https://spb.cian.ru/sale/flat/278676829/;Санкт-Петербург;sale;flat;2;14;1;37.3;7100000;Приморский;шоссе Суздальское;;Проспект Просвещения;Заповедный парк
Петербургская Недвижимость;representative_developer;https://spb.cian.ru/sale/flat/298861148/;Санкт-Петербург;sale;flat;3;12;1;33.05;7200107;Приморский;Коломяги;;Проспект Просвещения;Бионика Заповедная
Петербургская Недвижимость;representative_developer;https://spb.cian.ru/sale/flat/299178312/;Санкт-Петербург;sale;flat;5;5;1;34.38;7200254;Московский;Пулковское шоссе;95к3;Звездная;Парадный ансамбль
ГлавстройСПб;developer;https://spb.cian.ru/sale/flat/297361433/;Санкт-Петербург;sale;flat;1;23;1;39.74;7220758;Приморский; Ивинская;1к4;Зенит;ПАРК-КВАРТАЛ Юнтолово
Лидер Групп;developer;https://spb.cian.ru/sale/flat/299555705/;Санкт-Петербург;sale;flat;3;18;1;29.49;7225050;Невский; Тельмана;37;Ломоносовская;ИСКРА-Сити
Петербургская Недвижимость;representative_developer;https://spb.cian.ru/sale/flat/299493930/;Санкт-Петербург;sale;flat;1;4;1;36.41;7200168;Петродворцовый;;;Автово;Дворцовый фасад ЖК
ДВА Групп;developer;https://spb.cian.ru/sale/flat/298145926/;Санкт-Петербург;sale;flat;3;16;1;30.15;7196240;Московский;Московское шоссе;13Ж;Звездная;Апартаменты AVENUE-APART ПУЛКОВО
Технополис;developer;https://spb.cian.ru/sale/flat/293979143/;Санкт-Петербург;sale;flat;3;8;1;44.47;7204140;Красносельский; Лермонтова;15к2Ж;Проспект Ветеранов;Новикола
Самолет;developer;https://spb.cian.ru/sale/flat/284756080/;Санкт-Петербург;sale;flat;1;9;1;35.38;7242615;Курортный;;582;Парнас;Курортный квартал ЖК
Унистрой;developer;https://spb.cian.ru/sale/flat/296825852/;Санкт-Петербург;sale;flat;1;5;1;27.74;7219000;Курортный;;;Беговая;Лисино
Самолет;developer;https://spb.cian.ru/sale/flat/285014750/;Санкт-Петербург;sale;flat;1;11;1;28.39;7150220;Невский; Гудиловская;6к1;Обухово;Живи! в Рыбацком
Эталон СПБ;developer;https://spb.cian.ru/sale/flat/298658272/;Санкт-Петербург;sale;flat;3;4;1;37.6;7247587;Пушкинский;;;Купчино;Пулковский дом ЖК
Эталон СПБ;developer;https://spb.cian.ru/sale/flat/298658247/;Санкт-Петербург;sale;flat;1;4;1;40.6;7206247;Пушкинский;;;Купчино;Пулковский дом ЖК
Эталон СПБ;developer;https://spb.cian.ru/sale/flat/298658222/;Санкт-Петербург;sale;flat;3;4;1;41.7;7248852;Пушкинский; Соколиная;;Купчино;Пулковский дом
Эталон СПБ;developer;https://spb.cian.ru/sale/flat/299336594/;Санкт-Петербург;sale;flat;1;4;1;41.1;7212184;Пушкинский; Соколиная;;Купчино;Пулковский дом
Эталон СПБ;developer;https://spb.cian.ru/sale/flat/298655317/;Санкт-Петербург;sale;flat;2;12;1;41.8;7239100;Пушкинский;;;Звездная;Монография ЖК
Агентство недвижимости Сергея Галлера;real_estate_agent;https://spb.cian.ru/sale/flat/299404957/;Санкт-Петербург;sale;flat;24;27;1;39.3;7200000;Невский;проспект Советский;36к1;Рыбацкое;Невские паруса
Петербургская Недвижимость;representative_developer;https://spb.cian.ru/sale/flat/298674260/;Санкт-Петербург;sale;flat;12;12;1;29.85;7150224;Приморский;Коломяги;;Проспект Просвещения;Бионика Заповедная
Терминал-Ресурс;developer;https://spb.cian.ru/sale/flat/296121487/;Санкт-Петербург;sale;flat;1;4;1;43.23;7220600;Пушкинский;;;Купчино;Образцовый квартал 14 ЖК
КВС;developer;https://spb.cian.ru/sale/flat/292309696/;Санкт-Петербург;sale;flat;1;5;1;42.83;7221267;Пушкинский;;;Звездная;ЮгТаун ЖК
КВС;developer;https://spb.cian.ru/sale/flat/294622752/;Санкт-Петербург;sale;flat;1;4;1;38.2;7198716;Петродворцовый;;;Проспект Ветеранов;Любоград ЖК
КВС;developer;https://spb.cian.ru/sale/flat/279690495/;Санкт-Петербург;sale;flat;1;5;1;37.7;7209000;Пушкинский; Нины Петровой;10к1;Купчино;ЮгТаун. Олимпийские кварталы
;;https://spb.cian.ru/sale/flat/292781638/;Санкт-Петербург;sale;flat;2;13;1;46.2;7161000;Невский;Варфоломеевская ;6;Ломоносовская;Апарт-отель Начало
Артем Колтушин;realtor;https://spb.cian.ru/sale/flat/296510309/;Санкт-Петербург;sale;flat;2;10;1;30.0;7199000;Фрунзенский;Будапештская ;9к1;Международная;
ФСК;developer;https://spb.cian.ru/sale/flat/297552909/;Санкт-Петербург;sale;flat;4;13;1;34.42;7287849;Приморский;Коломяжский проспект;4;Черная речка;Апартаменты Zoom Черная Речка
КВС;developer;https://spb.cian.ru/sale/flat/279689602/;Санкт-Петербург;sale;flat;1;5;1;41.55;7285060;Пушкинский;Пулковское тер.;;Звездная;ЮгТаун. Олимпийские кварталы
;;https://spb.cian.ru/sale/flat/292413427/;Санкт-Петербург;sale;flat;3;6;1;45.4;7264000;Курортный; Строителей;3к2;;Granholm Village
Роман Корякин;realtor;https://spb.cian.ru/sale/flat/292155905/;Санкт-Петербург;sale;flat;7;14;1;35.3;7290000;Приморский;Планерная ;87к1;Комендантский проспект;FoRest Аквилон
Петербургская Недвижимость;representative_developer;https://spb.cian.ru/sale/flat/298405606/;Санкт-Петербург;sale;flat;1;5;1;37.02;7300029;Московский;Пулковское шоссе;95к3;Звездная;Парадный ансамбль
ТРЕНД;real_estate_agent;https://spb.cian.ru/sale/flat/299650719/;Санкт-Петербург;sale;flat;8;17;1;32.3;7300000;Невский;проспект Солидарности;14к1;;
Лидер Групп;developer;https://spb.cian.ru/sale/flat/286946778/;Санкт-Петербург;sale;flat;2;12;1;43.06;7320200;Пушкинский;;;;Аэросити 3 ЖК
ГлавстройСПб;developer;https://spb.cian.ru/sale/flat/298977598/;Санкт-Петербург;sale;flat;9;23;1;38.19;7314687;Приморский; Ивинская;1к2;Зенит;ПАРК-КВАРТАЛ Юнтолово
;;https://spb.cian.ru/sale/flat/292413426/;Санкт-Петербург;sale;flat;2;6;1;45.8;7328000;Курортный; Строителей;3к2;;Granholm Village
ID 114322095;homeowner;https://spb.cian.ru/sale/flat/299666176/;Санкт-Петербург;sale;flat;19;27;1;44.0;7300000;Выборгский; Архитектора Белова;6к1;Парнас;Парнас
Олеся Гаврилова;realtor;https://spb.cian.ru/sale/flat/299268613/;Санкт-Петербург;sale;flat;13;20;1;35.5;7300000;Приморский;Комендантский проспект;55к1;Комендантский проспект;YOGA 1
Единый Центр Инвестиций;real_estate_agent;https://spb.cian.ru/sale/flat/289698322/;Санкт-Петербург;sale;flat;7;13;1;35.3;7445000;Приморский;Планерная ;87к1;;FoRest Аквилон
Петербургская Недвижимость;representative_developer;https://spb.cian.ru/sale/flat/299540726/;Санкт-Петербург;sale;flat;5;12;1;33.7;7350020;Приморский;Коломяги;;Проспект Просвещения;Бионика Заповедная
Луч;real_estate_agent;https://spb.cian.ru/sale/flat/299377383/;Санкт-Петербург;sale;flat;10;12;1;38.0;7389000;Невский;Караваевская ;42;Рыбацкое;
Росстройинвест;developer;https://spb.cian.ru/sale/flat/280432413/;Санкт-Петербург;sale;flat;9;12;1;31.91;7446985;Красногвардейский;Полюстрово;;Академическая;Академик
Самолет;developer;https://spb.cian.ru/sale/flat/299577823/;Санкт-Петербург;sale;flat;3;9;1;37.2;7438898;Курортный;;2;Проспект Просвещения;Курортный квартал ЖК
Самолет;developer;https://spb.cian.ru/sale/flat/296410642/;Санкт-Петербург;sale;flat;1;8;1;32.39;7394440;Красносельский;Константиновское;;Проспект Ветеранов;Сандэй ЖК
Самолет;developer;https://spb.cian.ru/sale/flat/294049834/;Санкт-Петербург;sale;flat;1;23;1;31.61;7353524;Невский;Рыбацкое;4;Рыбацкое;Живи в Рыбацком ЖК
ГлавстройСПб;developer;https://spb.cian.ru/sale/flat/297361260/;Санкт-Петербург;sale;flat;9;24;1;37.5;7361250;Приморский; Ивинская;19к3;Комендантский проспект;Юнтолово
Полис;developer;https://spb.cian.ru/sale/flat/280840799/;Санкт-Петербург;sale;flat;1;13;1;34.03;7447888;Приморский;аллея Арцеуловская;9;Пионерская;Полис Приморский 2
Аквилон;developer;https://spb.cian.ru/sale/flat/294090972/;Санкт-Петербург;sale;flat;24;24;1;39.8;7440365;Невский; Русановская;24;Пролетарская;Аквилон SKY
ФСК;developer;https://spb.cian.ru/sale/flat/297553019/;Санкт-Петербург;sale;flat;8;13;1;34.72;7417650;Приморский;Коломяжский проспект;4;Черная речка;Апартаменты Zoom Черная Речка
Первое Агентство Недвижимости;real_estate_agent;https://spb.cian.ru/sale/flat/294215677/;Санкт-Петербург;sale;flat;3;5;1;31.2;7350000;Фрунзенский;Лиговский проспект;251;Обводный канал;
АУРУМ;real_estate_agent;https://spb.cian.ru/sale/flat/297918540/;Санкт-Петербург;sale;flat;6;25;1;37.0;7430000;Приморский;аллея Арцеуловская;19;Комендантский проспект;Чистое небо
КВС;developer;https://spb.cian.ru/sale/flat/279688957/;Санкт-Петербург;sale;flat;2;5;1;37.85;7417760;Пушкинский; Нины Петровой;8к1;Купчино;ЮгТаун. Олимпийские кварталы
КВС;developer;https://spb.cian.ru/sale/flat/279688936/;Санкт-Петербург;sale;flat;1;5;1;38.9;7396800;Пушкинский; Нины Петровой;8к1;Купчино;ЮгТаун. Олимпийские кварталы
КВС;developer;https://spb.cian.ru/sale/flat/279690571/;Санкт-Петербург;sale;flat;1;5;1;38.9;7396800;Пушкинский; Нины Петровой;10к1;Купчино;ЮгТаун. Олимпийские кварталы
КВС;developer;https://spb.cian.ru/sale/flat/279690870/;Санкт-Петербург;sale;flat;2;5;1;37.85;7417760;Пушкинский; Нины Петровой;6к1;Купчино;ЮгТаун. Олимпийские кварталы
КВС;developer;https://spb.cian.ru/sale/flat/279690865/;Санкт-Петербург;sale;flat;1;5;1;38.7;7380370;Пушкинский; Нины Петровой;6к1;Купчино;ЮгТаун. Олимпийские кварталы
Елена Шабанова;realtor;https://spb.cian.ru/sale/flat/298310823/;Санкт-Петербург;sale;flat;3;5;1;39.4;7400000;Красногвардейский;проспект Наставников;36к1;Ладожская;
Петербургская Недвижимость;representative_developer;https://spb.cian.ru/sale/flat/282420034/;Санкт-Петербург;sale;flat;2;4;1;39.1;7450057;Пушкинский;шоссе Колпинское;129;Купчино;Univer City. Город возможностей
Петербургская Недвижимость;representative_developer;https://spb.cian.ru/sale/flat/296336642/;Санкт-Петербург;sale;flat;1;5;1;38.68;7450154;Московский;Пулковское шоссе;99к6;Звездная;Парадный ансамбль
Шельф;developer;https://spb.cian.ru/sale/flat/296842429/;Санкт-Петербург;sale;flat;11;26;1;37.1;7457100;Пушкинский;проспект Новгородский;2к3;Шушары;Simple
ДВА Групп;developer;https://spb.cian.ru/sale/flat/298146235/;Санкт-Петербург;sale;flat;9;16;1;31.4;7494589;Московский;Московское шоссе;13Ж;Звездная;Апартаменты AVENUE-APART ПУЛКОВО
Самолет;developer;https://spb.cian.ru/sale/flat/284754903/;Санкт-Петербург;sale;flat;1;9;1;37.5;7468104;Курортный;;581;Проспект Просвещения;Курортный квартал ЖК
Самолет;developer;https://spb.cian.ru/sale/flat/296760023/;Санкт-Петербург;sale;flat;2;10;1;41.3;7499119;Курортный;;;Парнас;Курортный квартал ЖК
Ленстройтрест;developer;https://spb.cian.ru/sale/flat/298649537/;Санкт-Петербург;sale;flat;1;5;1;42.86;7457360;Колпинский;шоссе Рубежное;14;Рыбацкое;Юттери
Самолет;developer;https://spb.cian.ru/sale/flat/299173187/;Санкт-Петербург;sale;flat;1;11;1;31.6;7473684;Невский; Гудиловская;6к1;Обухово;Живи! в Рыбацком
Мир квартир элит Крестовский;real_estate_agent;https://spb.cian.ru/sale/flat/286808714/;Санкт-Петербург;sale;flat;3;16;1;42.0;7450000;Красносельский;Ленинский проспект;67к2;Ленинский проспект;
Лидер Групп;developer;https://spb.cian.ru/sale/flat/294606177/;Санкт-Петербург;sale;flat;2;25;1;37.36;7472000;Красносельский; Маршала Казакова;64к1;;Южный Форт
Колвэй;real_estate_agent;https://spb.cian.ru/sale/flat/297711365/;Санкт-Петербург;sale;flat;5;9;1;57.4;7490000;Колпинский; Красных Партизан;5;Купчино;
ГлавстройСПб;developer;https://spb.cian.ru/sale/flat/297885374/;Санкт-Петербург;sale;flat;2;23;1;38.93;7495098;Приморский; Ивинская;1к4;Зенит;ПАРК-КВАРТАЛ Юнтолово
КВС;developer;https://spb.cian.ru/sale/flat/294622904/;Санкт-Петербург;sale;flat;1;4;1;38.69;7469560;Петродворцовый;;;Проспект Ветеранов;Любоград ЖК
КВС;developer;https://spb.cian.ru/sale/flat/294622539/;Санкт-Петербург;sale;flat;1;4;1;39.9;7453516;Петродворцовый;;;Проспект Ветеранов;Любоград ЖК
КВС;developer;https://spb.cian.ru/sale/flat/279689577/;Санкт-Петербург;sale;flat;1;5;1;42.95;7464250;Пушкинский;Пулковское тер.;;Звездная;ЮгТаун. Олимпийские кварталы
ID 112961784;realtor;https://spb.cian.ru/sale/flat/298151164/;Санкт-Петербург;sale;flat;2;9;1;37.1;7450000;Невский; Белышева;4И;Проспект Большевиков;
ID 112934479;homeowner;https://spb.cian.ru/sale/flat/298117104/;Санкт-Петербург;sale;flat;18;19;1;44.0;7450000;Приморский;Парашютная ;56к3;Комендантский проспект;Каменка
ID 93130024;homeowner;https://spb.cian.ru/sale/flat/299328977/;Санкт-Петербург;sale;flat;1;10;1;37.5;7450000;Невский; Крыленко;13к4;Улица Дыбенко;
Самолет;developer;https://spb.cian.ru/sale/flat/299173194/;Санкт-Петербург;sale;flat;23;24;1;30.57;7573438;Невский; Славянская;;Рыбацкое;Живи! в Рыбацком
Самолет;developer;https://spb.cian.ru/sale/flat/298762033/;Санкт-Петербург;sale;flat;1;11;1;32.92;7589805;Невский; Гудиловская;6к1;Обухово;Живи! в Рыбацком
КВС;developer;https://spb.cian.ru/sale/flat/299153203/;Санкт-Петербург;sale;flat;1;4;1;36.25;7500300;Пушкинский;;;Купчино;Дубровский ЖК
ТРЕНД;real_estate_agent;https://spb.cian.ru/sale/flat/298793376/;Санкт-Петербург;sale;flat;13;17;1;35.5;7550000;Московский;Пулковское шоссе;20к4;Звездная;Пулковский посад
Технополис;developer;https://spb.cian.ru/sale/flat/299600106/;Санкт-Петербург;sale;flat;4;8;1;46.63;7554060;Красносельский; Лермонтова;15к2Б;Проспект Ветеранов;Новикола
Первое Агентство Недвижимости;real_estate_agent;https://spb.cian.ru/sale/flat/296420832/;Санкт-Петербург;sale;flat;4;17;1;39.0;7550000;Красногвардейский;проспект Энтузиастов;31к3;;
Самолет;developer;https://spb.cian.ru/sale/flat/292731069/;Санкт-Петербург;sale;flat;2;9;1;38.92;7514370;Курортный;;582;Парнас;Курортный квартал ЖК
Унистрой;developer;https://spb.cian.ru/sale/flat/296825940/;Санкт-Петербург;sale;flat;1;5;1;32.6;7562000;Курортный;;;Беговая;Лисино
Петербургская Недвижимость;representative_developer;https://spb.cian.ru/sale/flat/299084762/;Санкт-Петербург;sale;flat;5;12;1;34.8;7550295;Приморский;Коломяги;;Проспект Просвещения;Бионика Заповедная
Самолет Плюс Санкт-Петербург;real_estate_agent;https://spb.cian.ru/sale/flat/297684047/;Санкт-Петербург;sale;flat;18;20;1;37.2;7530000;Приморский;Комендантский проспект;55к1;;YOGA 1
Эталон СПБ;developer;https://spb.cian.ru/sale/flat/298655319/;Санкт-Петербург;sale;flat;3;12;1;43.0;7595267;Пушкинский;;;Звездная;Монография ЖК
Касабланка;real_estate_agent;https://spb.cian.ru/sale/flat/269266431/;Санкт-Петербург;sale;flat;3;17;1;45.3;7500000;Красносельский;проспект Ветеранов;122;;
ФСК;developer;https://spb.cian.ru/sale/flat/297553250/;Санкт-Петербург;sale;flat;7;13;1;33.4;7584739;Приморский;Коломяжский проспект;4;Черная речка;Апартаменты Zoom Черная Речка
Ленстройтрест;developer;https://spb.cian.ru/sale/flat/298649491/;Санкт-Петербург;sale;flat;1;5;1;44.06;7567560;Колпинский;шоссе Рубежное;14;Рыбацкое;Юттери
ТРЕНД;real_estate_agent;https://spb.cian.ru/sale/flat/296717073/;Санкт-Петербург;sale;flat;12;13;1;33.3;7500000;Приморский;проспект Авиаконструкторов;63;Комендантский проспект;Полис Приморский
ФСК;developer;https://spb.cian.ru/sale/flat/297553110/;Санкт-Петербург;sale;flat;10;13;1;31.42;7554970;Приморский;Коломяжский проспект;4;Черная речка;Апартаменты Zoom Черная Речка
Терминал-Ресурс;developer;https://spb.cian.ru/sale/flat/296120353/;Санкт-Петербург;sale;flat;1;4;1;47.61;7522380;Пушкинский;;;Купчино;Образцовый квартал 15 ЖК
Терминал-Ресурс;developer;https://spb.cian.ru/sale/flat/296121588/;Санкт-Петербург;sale;flat;1;4;1;47.51;7506580;Пушкинский;;;Купчино;Образцовый квартал 14 ЖК
КВС;developer;https://spb.cian.ru/sale/flat/294622481/;Санкт-Петербург;sale;flat;1;4;1;41.04;7583214;Петродворцовый;;;Проспект Ветеранов;Любоград ЖК
КВС;developer;https://spb.cian.ru/sale/flat/279689051/;Санкт-Петербург;sale;flat;1;5;1;39.85;7536230;Пушкинский; Нины Петровой;8к1;Купчино;ЮгТаун. Олимпийские кварталы
КВС;developer;https://spb.cian.ru/sale/flat/279690581/;Санкт-Петербург;sale;flat;1;5;1;39.85;7536230;Пушкинский; Нины Петровой;10к1;Купчино;ЮгТаун. Олимпийские кварталы
КВС;developer;https://spb.cian.ru/sale/flat/279690862/;Санкт-Петербург;sale;flat;1;5;1;39.85;7536230;Пушкинский; Нины Петровой;6к1;Купчино;ЮгТаун. Олимпийские кварталы
;;https://spb.cian.ru/sale/flat/292413400/;Санкт-Петербург;sale;flat;1;6;1;46.9;7504000;Курортный; Строителей;3к2;;Granholm Village
;;https://spb.cian.ru/sale/flat/292781508/;Санкт-Петербург;sale;flat;12;13;1;35.6;7529685;Невский;Варфоломеевская ;6;Ломоносовская;Апарт-отель Начало
ГлавстройСПб;developer;https://spb.cian.ru/sale/flat/297884994/;Санкт-Петербург;sale;flat;5;23;1;39.79;7625862;Приморский; Ивинская;1к1;Зенит;ПАРК-КВАРТАЛ Юнтолово
ФСК;developer;https://spb.cian.ru/sale/flat/299636729/;Санкт-Петербург;sale;flat;6;13;1;31.79;7628105;Приморский;Коломяжский проспект;4;Черная речка;Апартаменты Zoom Черная Речка
Полис;developer;https://spb.cian.ru/sale/flat/298845873/;Санкт-Петербург;sale;flat;1;13;1;36.02;7620888;Приморский;аллея Арцеуловская;9;Пионерская;Полис Приморский 2
Росстройинвест;developer;https://spb.cian.ru/sale/flat/294544970/;Санкт-Петербург;sale;flat;1;12;1;36.35;7601132;Красногвардейский;Полюстрово;;Академическая;Академик
Самолет;developer;https://spb.cian.ru/sale/flat/285014748/;Санкт-Петербург;sale;flat;1;11;1;33.92;7634408;Невский; Гудиловская;6к1;Обухово;Живи! в Рыбацком
Самолет;developer;https://spb.cian.ru/sale/flat/299405960/;Санкт-Петербург;sale;flat;3;8;1;35.18;7647648;Колпинский;;10;Шушары;Астрид ЖК
РосСтройИнвест;developer;https://spb.cian.ru/sale/flat/297294048/;Санкт-Петербург;sale;flat;7;13;1;31.9;7602740;Приморский;Юнтолово;;Беговая;Тайм Сквер ЖК
ГлавстройСПб;developer;https://spb.cian.ru/sale/flat/297361437/;Санкт-Петербург;sale;flat;1;27;1;41.16;7622832;Выборгский;Заречная ;48к2;Парнас;Северная долина
ГлавстройСПб;developer;https://spb.cian.ru/sale/flat/297361165/;Санкт-Петербург;sale;flat;2;24;1;40.0;7632000;Приморский; Ивинская;11;Комендантский проспект;Юнтолово
Единый Центр Инвестиций;real_estate_agent;https://spb.cian.ru/sale/flat/289707289/;Санкт-Петербург;sale;flat;14;18;1;33.61;7730000;Василеостровский; Вадима Шефнера;4;Приморская;Магеллан (Гавань Капитанов)
Петербургская Строительная Компания;developer;https://spb.cian.ru/sale/flat/298056559/;Санкт-Петербург;sale;flat;3;25;1;36.83;7712673;Приморский;Коломяги;;Проспект Просвещения;Френдс ЖК
Лидер Групп;developer;https://spb.cian.ru/sale/flat/299555925/;Санкт-Петербург;sale;flat;9;13;1;30.75;7749000;Невский; Тельмана;37;Ломоносовская;ИСКРА-Сити
ГлавстройСПб;developer;https://spb.cian.ru/sale/flat/297885000/;Санкт-Петербург;sale;flat;7;23;1;41.18;7747707;Приморский; Ивинская;1к1;Зенит;ПАРК-КВАРТАЛ Юнтолово
ГлавстройСПб;developer;https://spb.cian.ru/sale/flat/298977446/;Санкт-Петербург;sale;flat;9;23;1;42.4;7723718;Приморский; Ивинская;1к2;Зенит;ПАРК-КВАРТАЛ Юнтолово
;;https://spb.cian.ru/sale/flat/294504986/;Санкт-Петербург;sale;flat;2;13;1;34.4;7728272;Приморский;Планерная ;95к1;Комендантский проспект;New Time
Самолет;developer;https://spb.cian.ru/sale/flat/295114181/;Санкт-Петербург;sale;flat;1;16;1;31.35;7717022;Невский;проспект Советский;43к2;Рыбацкое;Живи! в Рыбацком
Петербургская Недвижимость;representative_developer;https://spb.cian.ru/sale/flat/299582494/;Санкт-Петербург;sale;flat;1;5;1;41.7;7650094;Московский; Струве;12;Звездная;Зеленый квартал
Петербургская Недвижимость;representative_developer;https://spb.cian.ru/sale/flat/298593611/;Санкт-Петербург;sale;flat;12;12;1;32.3;7650171;Приморский;Коломяги;;Проспект Просвещения;Бионика Заповедная
ФСК;developer;https://spb.cian.ru/sale/flat/297553061/;Санкт-Петербург;sale;flat;9;13;1;38.92;7672105;Приморский;Коломяжский проспект;4;Черная речка;Апартаменты Zoom Черная Речка
КВС;developer;https://spb.cian.ru/sale/flat/299153248/;Санкт-Петербург;sale;flat;2;4;1;35.25;7738500;Пушкинский;;;Купчино;Дубровский ЖК
Ленстройтрест;developer;https://spb.cian.ru/sale/flat/298649325/;Санкт-Петербург;sale;flat;5;5;1;43.69;7667430;Колпинский;проезд Понтонный;6;Рыбацкое;Юттери
РСТИ;developer;https://spb.cian.ru/sale/flat/295858979/;Санкт-Петербург;sale;flat;1;9;1;32.69;7687294;Красносельский; Тамбасова;5;Проспект Ветеранов;Кинопарк
ID 12880501;unknown;https://spb.cian.ru/sale/flat/296759402/;Санкт-Петербург;sale;flat;10;17;1;40.0;7700000;Приморский; Шаврова;13к1;Комендантский проспект;
Наталья Татаренко;realtor;https://spb.cian.ru/sale/flat/298764525/;Санкт-Петербург;sale;flat;1;4;1;53.0;7650000;Пушкинский; Анциферовская;7;Купчино;Александровский
Петербургская Строительная Компания;developer;https://spb.cian.ru/sale/flat/298056538/;Санкт-Петербург;sale;flat;22;25;1;35.63;7798423;Приморский;Коломяги;;Проспект Просвещения;Френдс ЖК
Петербургская Недвижимость;representative_developer;https://spb.cian.ru/sale/flat/296336641/;Санкт-Петербург;sale;flat;5;5;1;38.15;7800110;Московский;Пулковское шоссе;99к6;Звездная;Парадный ансамбль
Петербургская Недвижимость;representative_developer;https://spb.cian.ru/sale/flat/292077109/;Санкт-Петербург;sale;flat;5;5;1;38.46;7800072;Московский;Пулковское шоссе;95к4;Звездная;Парадный ансамбль
КВС;developer;https://spb.cian.ru/sale/flat/299153116/;Санкт-Петербург;sale;flat;1;4;1;38.05;7800870;Пушкинский;;;Купчино;Дубровский ЖК
ГлавстройСПб;developer;https://spb.cian.ru/sale/flat/297361373/;Санкт-Петербург;sale;flat;1;27;1;37.4;7790420;Выборгский;проезд Толубеевский;34к2;;Северная долина
Росстройинвест;developer;https://spb.cian.ru/sale/flat/280432411/;Санкт-Петербург;sale;flat;9;12;1;34.32;7778834;Красногвардейский;Полюстрово;;Академическая;Академик
Росстройинвест;developer;https://spb.cian.ru/sale/flat/280432240/;Санкт-Петербург;sale;flat;11;12;1;31.4;7800835;Красногвардейский;Полюстрово;;Академическая;Академик
Петербургская Недвижимость;representative_developer;https://spb.cian.ru/sale/flat/297483299/;Санкт-Петербург;sale;flat;2;4;1;36.5;7750045;Петродворцовый;;;Автово;Дворцовый фасад ЖК
Петербургская Недвижимость;representative_developer;https://spb.cian.ru/sale/flat/295872541/;Санкт-Петербург;sale;flat;1;5;1;42.8;7750031;Московский;Пулковское шоссе;71к3;Звездная;Зеленый квартал
Эталон СПБ;developer;https://spb.cian.ru/sale/flat/298658274/;Санкт-Петербург;sale;flat;1;4;1;42.4;7821470;Пушкинский;;;Купчино;Пулковский дом ЖК
Петербургская Недвижимость;representative_developer;https://spb.cian.ru/sale/flat/298861165/;Санкт-Петербург;sale;flat;5;12;1;36.15;7800175;Приморский;Коломяги;;Проспект Просвещения;Бионика Заповедная
Ленстройтрест;developer;https://spb.cian.ru/sale/flat/298649523/;Санкт-Петербург;sale;flat;5;5;1;40.32;7777500;Колпинский;шоссе Рубежное;14;Рыбацкое;Юттери
ГлавстройСПб;developer;https://spb.cian.ru/sale/flat/297361412/;Санкт-Петербург;sale;flat;20;27;1;35.23;7803235;Выборгский;проезд Толубеевский;34к2;;Северная долина
ГлавстройСПб;developer;https://spb.cian.ru/sale/flat/297361565/;Санкт-Петербург;sale;flat;1;16;1;34.9;7754780;Выборгский; Федора Абрамова;29;Проспект Просвещения;Северная долина
ГлавстройСПб;developer;https://spb.cian.ru/sale/flat/297361559/;Санкт-Петербург;sale;flat;1;16;1;34.3;7765520;Выборгский; Федора Абрамова;29;Проспект Просвещения;Северная долина
ГлавстройСПб;developer;https://spb.cian.ru/sale/flat/297885275/;Санкт-Петербург;sale;flat;4;23;1;38.13;7838556;Приморский; Ивинская;5к2;Зенит;ПАРК-КВАРТАЛ Юнтолово
;;https://spb.cian.ru/sale/flat/292413471/;Санкт-Петербург;sale;flat;1;6;1;48.9;7824000;Курортный; Строителей;3к2;;Granholm Village
Петербургская Недвижимость;representative_developer;https://spb.cian.ru/sale/flat/291717477/;Санкт-Петербург;sale;flat;1;5;1;39.72;7850137;Московский;Пулковское шоссе;99к6;Звездная;Парадный ансамбль
THE KEYS;real_estate_agent;https://spb.cian.ru/sale/flat/298329840/;Санкт-Петербург;sale;flat;10;13;1;33.76;7890000;Василеостровский; Чирикова;5;Приморская;Аквилон ZALIVE
РосСтройИнвест;developer;https://spb.cian.ru/sale/flat/297293663/;Санкт-Петербург;sale;flat;11;13;1;33.3;7872239;Приморский;Юнтолово;;Беговая;Тайм Сквер ЖК
;;https://spb.cian.ru/sale/flat/299252937/;Санкт-Петербург;sale;flat;2;9;1;26.6;7886900;Выборгский;Светлановский проспект;45;Политехническая;Дом-бутик Светлановский, 45
Группа Аквилон;developer;https://spb.cian.ru/sale/flat/298164345/;Санкт-Петербург;sale;flat;1;13;1;39.2;7874807;Приморский;Планерная ;87к1;Комендантский проспект;FoRest Аквилон
Унистрой;developer;https://spb.cian.ru/sale/flat/296825929/;Санкт-Петербург;sale;flat;2;5;1;33.5;7951000;Курортный;;;Беговая;Лисино
GEORGII ESTATE;real_estate_agent;https://spb.cian.ru/sale/flat/298927656/;Санкт-Петербург;sale;flat;11;19;1;36.4;7999999;Приморский;аллея Арцеуловская;19;Комендантский проспект;Чистое небо
Петербургская Недвижимость;representative_developer;https://spb.cian.ru/sale/flat/299312161/;Санкт-Петербург;sale;flat;2;5;1;39.37;7900299;Московский;Пулковское шоссе;95к3;Звездная;Парадный ансамбль
Самолет;developer;https://spb.cian.ru/sale/flat/285024170/;Санкт-Петербург;sale;flat;1;11;1;31.1;7954945;Невский; Гудиловская;6к1;Обухово;Живи! в Рыбацком
БФА-Девелопмент;developer;https://spb.cian.ru/sale/flat/298609202/;Санкт-Петербург;sale;flat;2;7;1;34.35;7981000;Выборгский;Шувалово-Озерки;;;БФА в Озерках
ГлавстройСПб;developer;https://spb.cian.ru/sale/flat/298977412/;Санкт-Петербург;sale;flat;5;23;1;45.05;7969170;Приморский; Ивинская;1к2;Зенит;ПАРК-КВАРТАЛ Юнтолово
КВС;developer;https://spb.cian.ru/sale/flat/299153360/;Санкт-Петербург;sale;flat;1;4;1;38.75;7992000;Пушкинский;;;Купчино;Дубровский ЖК
Самолет;developer;https://spb.cian.ru/sale/flat/299260982/;Санкт-Петербург;sale;flat;2;23;1;36.3;7950454;Невский;Рыбацкое;5;Рыбацкое;Живи в Рыбацком ЖК
ЛСР Санкт-Петербург;developer;https://spb.cian.ru/sale/flat/299096972/;Санкт-Петербург;sale;flat;3;23;1;34.03;7928990;Красносельский;Юго-Запад;;Автово;Морская миля ЖК
ЛСР Санкт-Петербург;developer;https://spb.cian.ru/sale/flat/296181327/;Санкт-Петербург;sale;flat;2;23;1;36.09;7939800;Красносельский;Юго-Запад;;Автово;Морская миля ЖК
Росстройинвест;developer;https://spb.cian.ru/sale/flat/280432270/;Санкт-Петербург;sale;flat;2;12;1;38.92;7960949;Красногвардейский;Полюстрово;;Академическая;Академик
Росстройинвест;developer;https://spb.cian.ru/sale/flat/280432146/;Санкт-Петербург;sale;flat;3;12;1;35.34;7969854;Красногвардейский;Полюстрово;;Академическая;Академик
Самолет;developer;https://spb.cian.ru/sale/flat/291704658/;Санкт-Петербург;sale;flat;4;9;1;38.63;7903395;Курортный;;581;Проспект Просвещения;Курортный квартал ЖК
Самолет;developer;https://spb.cian.ru/sale/flat/296760002/;Санкт-Петербург;sale;flat;8;10;1;42.0;7936682;Курортный;;;Парнас;Курортный квартал ЖК
Самолет;developer;https://spb.cian.ru/sale/flat/295426162/;Санкт-Петербург;sale;flat;1;11;1;30.56;7975344;Невский; Гудиловская;5к1;Рыбацкое;Живи! в Рыбацком
;;https://spb.cian.ru/sale/flat/294504988/;Санкт-Петербург;sale;flat;2;13;1;36.3;7984514;Приморский;Планерная ;95к1;Комендантский проспект;New Time
Петербургская Недвижимость;representative_developer;https://spb.cian.ru/sale/flat/299582458/;Санкт-Петербург;sale;flat;3;5;1;40.9;7900346;Московский; Струве;8к2;Звездная;Зеленый квартал
Полис;developer;https://spb.cian.ru/sale/flat/283548873/;Санкт-Петербург;sale;flat;3;13;1;36.83;7915888;Приморский;аллея Арцеуловская;9;Старая Деревня;Полис Приморский 2
ГлавстройСПб;developer;https://spb.cian.ru/sale/flat/297361556/;Санкт-Петербург;sale;flat;24;27;1;40.29;7993536;Выборгский;Заречная ;50;Парнас;Северная долина
Владис Центральный;real_estate_agent;https://spb.cian.ru/sale/flat/297468597/;Санкт-Петербург;sale;flat;19;24;1;42.28;7950000;Приморский;аллея Арцеуловская;15;Комендантский проспект;Чистое небо
РосСтройИнвест;developer;https://spb.cian.ru/sale/flat/297293461/;Санкт-Петербург;sale;flat;2;13;1;37.1;7901731;Приморский;Юнтолово;;Беговая;Тайм Сквер ЖК
Эталон СПБ;developer;https://spb.cian.ru/sale/flat/298658217/;Санкт-Петербург;sale;flat;1;4;1;46.3;7962167;Пушкинский; Соколиная;;Купчино;Пулковский дом
РосСтройИнвест;developer;https://spb.cian.ru/sale/flat/297291830/;Санкт-Петербург;sale;flat;6;13;1;34.3;7993108;Приморский;Юнтолово;;Беговая;Тайм Сквер
Группа Аквилон;developer;https://spb.cian.ru/sale/flat/261618752/;Санкт-Петербург;sale;flat;1;13;1;34.5;7901739;Приморский;Планерная ;87к1;Комендантский проспект;FoRest Аквилон
ТРЕНД;real_estate_agent;https://spb.cian.ru/sale/flat/290331282/;Санкт-Петербург;sale;flat;11;18;1;46.5;7900000;Красногвардейский;Хасанская ;10к2;;
ГлавстройСПб;developer;https://spb.cian.ru/sale/flat/297361390/;Санкт-Петербург;sale;flat;4;27;1;35.91;7936938;Выборгский;проезд Толубеевский;34к2;;Северная долина
РСТИ;developer;https://spb.cian.ru/sale/flat/295859148/;Санкт-Петербург;sale;flat;1;9;1;34.22;7975277;Красносельский; Тамбасова;5;Проспект Ветеранов;Кинопарк
КВС;developer;https://spb.cian.ru/sale/flat/294623343/;Санкт-Петербург;sale;flat;1;4;1;42.04;7987964;Петродворцовый;;;Проспект Ветеранов;Любоград ЖК
КВС;developer;https://spb.cian.ru/sale/flat/294622549/;Санкт-Петербург;sale;flat;1;4;1;43.28;7925310;Петродворцовый;;;Проспект Ветеранов;Любоград ЖК
КВС;developer;https://spb.cian.ru/sale/flat/279690445/;Санкт-Петербург;sale;flat;1;5;1;41.85;7919750;Пушкинский; Нины Петровой;10к1;Купчино;ЮгТаун. Олимпийские кварталы
КВС;developer;https://spb.cian.ru/sale/flat/279690761/;Санкт-Петербург;sale;flat;1;5;1;41.85;7919750;Пушкинский; Нины Петровой;6к1;Купчино;ЮгТаун. Олимпийские кварталы
ГлавстройСПб;developer;https://spb.cian.ru/sale/flat/297885267/;Санкт-Петербург;sale;flat;2;23;1;38.77;7938609;Приморский; Ивинская;5к2;Зенит;ПАРК-КВАРТАЛ Юнтолово
;;https://spb.cian.ru/sale/flat/292781464/;Санкт-Петербург;sale;flat;6;13;1;41.5;7937622;Невский;Варфоломеевская ;6;Ломоносовская;Апарт-отель Начало
ID 21418006;homeowner;https://spb.cian.ru/sale/flat/294422192/;Санкт-Петербург;sale;flat;2;12;1;40.0;7900000;Фрунзенский;Будапештская ;17к3;Международная;
Петербургская Недвижимость;representative_developer;https://spb.cian.ru/sale/flat/298589220/;Санкт-Петербург;sale;flat;1;12;1;33.98;8000013;Приморский;Коломяги;;Озерки;Прайм Приморский ЖК
Лидер Групп;developer;https://spb.cian.ru/sale/flat/299556109/;Санкт-Петербург;sale;flat;3;18;1;36.57;8045400;Невский; Тельмана;37;Ломоносовская;ИСКРА-Сити
ГлавстройСПб;developer;https://spb.cian.ru/sale/flat/297905233/;Санкт-Петербург;sale;flat;17;27;1;37.19;8040630;Выборгский;Заречная ;52к1;;Северная долина
Самолет;developer;https://spb.cian.ru/sale/flat/297432494/;Санкт-Петербург;sale;flat;4;8;1;33.26;8045444;Красносельский;Константиновское;;Проспект Ветеранов;Сандэй ЖК
Самолет;developer;https://spb.cian.ru/sale/flat/295660035/;Санкт-Петербург;sale;flat;2;8;1;33.52;8004148;Красносельский;Константиновское;;Проспект Ветеранов;Сандэй ЖК
ID 18339528;realtor;https://spb.cian.ru/sale/flat/298102076/;Санкт-Петербург;sale;flat;11;26;1;34.3;8000000;Калининский;проспект Луначарского;78к5;Гражданский проспект;
ТРЕНД;real_estate_agent;https://spb.cian.ru/sale/flat/299159480/;Санкт-Петербург;sale;flat;9;26;1;39.6;8000000;Выборгский; Федора Абрамова;8;Парнас;Северная долина
ГлавстройСПб;developer;https://spb.cian.ru/sale/flat/297361388/;Санкт-Петербург;sale;flat;22;24;1;41.4;8023320;Приморский; Ивинская;13;Комендантский проспект;Юнтолово
БФА-Девелопмент;developer;https://spb.cian.ru/sale/flat/298609268/;Санкт-Петербург;sale;flat;1;7;1;33.36;8021000;Выборгский;Шувалово-Озерки;;;БФА в Озерках
ГлавстройСПб;developer;https://spb.cian.ru/sale/flat/297361374/;Санкт-Петербург;sale;flat;20;24;1;41.5;8001200;Приморский; Ивинская;13;Комендантский проспект;Юнтолово
Петербургская Недвижимость;representative_developer;https://spb.cian.ru/sale/flat/297483172/;Санкт-Петербург;sale;flat;11;17;1;31.3;8100158;Невский;Невский;;Проспект Большевиков;Пульс Премьер ЖК
Петербургская Недвижимость;representative_developer;https://spb.cian.ru/sale/flat/295505103/;Санкт-Петербург;sale;flat;4;4;1;44.27;8100126;Пушкинский;;;Шушары;Универ Сити ЖК
Петербургская Недвижимость;representative_developer;https://spb.cian.ru/sale/flat/291717479/;Санкт-Петербург;sale;flat;1;5;1;41.5;8100198;Московский;Пулковское шоссе;99к6;Звездная;Парадный ансамбль
ГлавстройСПб;developer;https://spb.cian.ru/sale/flat/297905097/;Санкт-Петербург;sale;flat;3;27;1;37.65;8116032;Выборгский;Заречная ;52к1;;Северная долина
Самолет;developer;https://spb.cian.ru/sale/flat/295660104/;Санкт-Петербург;sale;flat;2;17;1;35.02;8059599;Красносельский;Константиновское;;Проспект Ветеранов;Сандэй ЖК
Лидер Групп;developer;https://spb.cian.ru/sale/flat/299556084/;Санкт-Петербург;sale;flat;2;18;1;37.83;8133450;Невский; Тельмана;37;Ломоносовская;ИСКРА-Сити
КВС;developer;https://spb.cian.ru/sale/flat/299153206/;Санкт-Петербург;sale;flat;1;4;1;39.8;8105400;Пушкинский;;;Купчино;Дубровский ЖК
Росстройинвест;developer;https://spb.cian.ru/sale/flat/294545495/;Санкт-Петербург;sale;flat;12;12;1;33.16;8132795;Красногвардейский;Полюстрово;;Академическая;Академик
Полис;developer;https://spb.cian.ru/sale/flat/292286460/;Санкт-Петербург;sale;flat;2;13;1;39.01;8098888;Приморский;аллея Арцеуловская;9;Старая Деревня;Полис Приморский 2
Стоун;developer;https://spb.cian.ru/sale/flat/297264888/;Санкт-Петербург;sale;flat;6;6;1;54.81;8146880;Московский;Пулковский меридиан;;Звездная;Перспектива ЖК
;;https://spb.cian.ru/sale/flat/294504992/;Санкт-Петербург;sale;flat;2;13;1;36.6;8050502;Приморский;Планерная ;95к1;Комендантский проспект;New Time
;;https://spb.cian.ru/sale/flat/299252954/;Санкт-Петербург;sale;flat;6;9;1;26.3;8139850;Выборгский;Светлановский проспект;45;Политехническая;Дом-бутик Светлановский, 45
Терминал-Ресурс;developer;https://spb.cian.ru/sale/flat/296122381/;Санкт-Петербург;sale;flat;1;4;1;49.23;8095920;Пушкинский;;;Звездная;Образцовый квартал 15 ЖК
РСТИ;developer;https://spb.cian.ru/sale/flat/295858818/;Санкт-Петербург;sale;flat;2;9;1;31.47;8106852;Красносельский; Тамбасова;5;Проспект Ветеранов;Кинопарк
;;https://spb.cian.ru/sale/flat/292414712/;Санкт-Петербург;sale;flat;1;6;1;50.5;8080000;Курортный; Строителей;3к2;;Granholm Village
LUNA ESTATE;real_estate_agent;https://spb.cian.ru/sale/flat/298575932/;Санкт-Петербург;sale;flat;1;5;1;39.4;8249999;Пушкинский;Саперная ;55к2с7;Московская;INKERI
ГлавстройСПб;developer;https://spb.cian.ru/sale/flat/297361194/;Санкт-Петербург;sale;flat;6;27;1;37.43;8246798;Выборгский;проезд Толубеевский;34к3;;Северная долина
Росстройинвест;developer;https://spb.cian.ru/sale/flat/282813186/;Санкт-Петербург;sale;flat;2;12;1;38.45;8175122;Красногвардейский;Полюстрово;;Академическая;Академик
Унистрой;developer;https://spb.cian.ru/sale/flat/296825797/;Санкт-Петербург;sale;flat;2;5;1;31.84;8235000;Курортный;;;Беговая;Лисино
Полис;developer;https://spb.cian.ru/sale/flat/299028858/;Санкт-Петербург;sale;flat;3;13;1;38.09;8238888;Приморский;аллея Арцеуловская;9;Старая Деревня;Полис Приморский 2
Петербургская Недвижимость;representative_developer;https://spb.cian.ru/sale/flat/295923130/;Санкт-Петербург;sale;flat;1;4;1;40.54;8200208;Петродворцовый;;;Автово;Дворцовый фасад ЖК
Петербургская Недвижимость;representative_developer;https://spb.cian.ru/sale/flat/295430606/;Санкт-Петербург;sale;flat;1;4;1;39.07;8200089;Петродворцовый;;;Автово;Дворцовый фасад ЖК
Петербургская Недвижимость;representative_developer;https://spb.cian.ru/sale/flat/295216919/;Санкт-Петербург;sale;flat;1;15;1;33.24;8200158;Невский;Октябрьская набережная;36к3;Проспект Большевиков;Pulse Premier
Первое Агентство Недвижимости;real_estate_agent;https://spb.cian.ru/sale/flat/289009454/;Санкт-Петербург;sale;flat;1;5;1;43.7;8150000;Пушкинский; Архитектора Данини;17к2;;UP-квартал Пушкинский
Петербургская Недвижимость;representative_developer;https://spb.cian.ru/sale/flat/298593631/;Санкт-Петербург;sale;flat;9;12;1;37.35;8200061;Приморский;Коломяги;;Проспект Просвещения;Бионика Заповедная
БФА-Девелопмент;developer;https://spb.cian.ru/sale/flat/298609270/;Санкт-Петербург;sale;flat;1;7;1;34.95;8170000;Выборгский;Шувалово-Озерки;;;БФА в Озерках
;;https://spb.cian.ru/sale/flat/292781520/;Санкт-Петербург;sale;flat;5;13;1;44.4;8200000;Невский;Варфоломеевская ;6;Ломоносовская;Апарт-отель Начало
;;https://spb.cian.ru/sale/flat/292781511/;Санкт-Петербург;sale;flat;12;13;1;38.7;8185360;Невский;Варфоломеевская ;6;Ломоносовская;Апарт-отель Начало
Самолет;developer;https://spb.cian.ru/sale/flat/298813566/;Санкт-Петербург;sale;flat;11;23;1;36.04;8282320;Невский;Рыбацкое;4;Рыбацкое;Живи в Рыбацком ЖК
Самолет;developer;https://spb.cian.ru/sale/flat/296760144/;Санкт-Петербург;sale;flat;3;16;1;35.28;8261474;Невский; Гудиловская;9;Рыбацкое;Живи! в Рыбацком
Самолет;developer;https://spb.cian.ru/sale/flat/299405959/;Санкт-Петербург;sale;flat;3;8;1;39.93;8254470;Колпинский;;10;Шушары;Астрид ЖК
Самолет;developer;https://spb.cian.ru/sale/flat/299405958/;Санкт-Петербург;sale;flat;3;8;1;39.1;8269939;Колпинский;;10;Шушары;Астрид ЖК
ЛСР Санкт-Петербург;developer;https://spb.cian.ru/sale/flat/294538586/;Санкт-Петербург;sale;flat;12;12;1;32.8;8268880;Московский;Московское шоссе;3к5;Звездная;NEOPARK
Росстройинвест;developer;https://spb.cian.ru/sale/flat/294544976/;Санкт-Петербург;sale;flat;1;12;1;40.82;8296802;Красногвардейский;Полюстрово;;Академическая;Академик
Лидер Групп;developer;https://spb.cian.ru/sale/flat/294605833/;Санкт-Петербург;sale;flat;2;25;1;38.59;8296850;Красносельский; Маршала Казакова;64к1;;Южный Форт
ФСК;developer;https://spb.cian.ru/sale/flat/297552979/;Санкт-Петербург;sale;flat;8;13;1;36.02;8251461;Приморский;Коломяжский проспект;4;Черная речка;Апартаменты Zoom Черная Речка
РосСтройИнвест;developer;https://spb.cian.ru/sale/flat/297290660/;Санкт-Петербург;sale;flat;8;13;1;30.9;8272266;Приморский;Юнтолово;;Беговая;Тайм Сквер ЖК
ГлавстройСПб;developer;https://spb.cian.ru/sale/flat/297905086/;Санкт-Петербург;sale;flat;1;27;1;41.06;8277696;Выборгский;Заречная ;52к1;;Северная долина
Группа Аквилон;developer;https://spb.cian.ru/sale/flat/294458084/;Санкт-Петербург;sale;flat;1;13;1;36.2;8279633;Приморский;Планерная ;87к1;Комендантский проспект;FoRest Аквилон
Петербургская Строительная Компания;developer;https://spb.cian.ru/sale/flat/299571906/;Санкт-Петербург;sale;flat;8;25;1;44.2;8398000;Приморский;Коломяги;;Проспект Просвещения;Френдс ЖК
ЛСР Санкт-Петербург;developer;https://spb.cian.ru/sale/flat/299096887/;Санкт-Петербург;sale;flat;14;23;1;36.66;8321820;Красносельский;Юго-Запад;;Автово;Морская миля ЖК
Петербургская Недвижимость;representative_developer;https://spb.cian.ru/sale/flat/298819826/;Санкт-Петербург;sale;flat;2;12;1;34.87;8350039;Приморский;Коломяги;;Озерки;Прайм Приморский ЖК
Петербургская Недвижимость;representative_developer;https://spb.cian.ru/sale/flat/297741433/;Санкт-Петербург;sale;flat;4;5;1;40.01;8300114;Московский;Пулковское шоссе;95к3;Звездная;Парадный ансамбль
Шельф;developer;https://spb.cian.ru/sale/flat/296718684/;Санкт-Петербург;sale;flat;5;26;1;39.5;8383875;Пушкинский;проспект Новгородский;2к3;Купчино;Simple
ЛСР Санкт-Петербург;developer;https://spb.cian.ru/sale/flat/299403395/;Санкт-Петербург;sale;flat;3;12;1;33.6;8332800;Красногвардейский;Партизанская ;5Б;Ладожская;ЛСР. Большая Охта
Самолет;developer;https://spb.cian.ru/sale/flat/293529893/;Санкт-Петербург;sale;flat;1;23;1;34.93;8338611;Невский;Рыбацкое;4;Рыбацкое;Живи в Рыбацком ЖК
Унистрой;developer;https://spb.cian.ru/sale/flat/296825855/;Санкт-Петербург;sale;flat;1;5;1;35.68;8301000;Курортный;;;Беговая;Лисино
БФА-Девелопмент;developer;https://spb.cian.ru/sale/flat/298609113/;Санкт-Петербург;sale;flat;2;7;1;36.74;8369000;Выборгский;Шувалово-Озерки;;;БФА в Озерках
Самолет;developer;https://spb.cian.ru/sale/flat/295660081/;Санкт-Петербург;sale;flat;6;10;1;36.02;8351213;Красносельский;Константиновское;;Проспект Ветеранов;Сандэй ЖК
Самолет;developer;https://spb.cian.ru/sale/flat/299577862/;Санкт-Петербург;sale;flat;3;16;1;36.48;8313497;Невский; Гудиловская;9;Рыбацкое;Живи! в Рыбацком
Петербургская Недвижимость;representative_developer;https://spb.cian.ru/sale/flat/295387848/;Санкт-Петербург;sale;flat;1;12;1;36.14;8300273;Приморский;Коломяги;;Озерки;Прайм Приморский ЖК
A-estate;real_estate_agent;https://spb.cian.ru/sale/flat/297473105/;Санкт-Петербург;sale;flat;17;17;1;50.0;8375000;Московский;Краснопутиловская ;66к2;Московская;
Ленстройтрест;developer;https://spb.cian.ru/sale/flat/299312035/;Санкт-Петербург;sale;flat;5;5;1;41.32;8375900;Колпинский;шоссе Рубежное;12;Рыбацкое;Юттери
РСТИ;developer;https://spb.cian.ru/sale/flat/295859031/;Санкт-Петербург;sale;flat;7;9;1;29.63;8387872;Красносельский; Тамбасова;5;Проспект Ветеранов;Кинопарк
Шельф;developer;https://spb.cian.ru/sale/flat/296746294/;Санкт-Петербург;sale;flat;4;26;1;39.4;8362650;Пушкинский;проспект Новгородский;2к3;Купчино;Simple
;;https://spb.cian.ru/sale/flat/292413393/;Санкт-Петербург;sale;flat;2;6;1;52.2;8352000;Курортный; Строителей;3к2;;Granholm Village
ЛСР Санкт-Петербург;developer;https://spb.cian.ru/sale/flat/299403290/;Санкт-Петербург;sale;flat;2;12;1;36.0;8442000;Красногвардейский;Партизанская ;5Б;Ладожская;ЛСР. Большая Охта
Петербургская Недвижимость;representative_developer;https://spb.cian.ru/sale/flat/299394246/;Санкт-Петербург;sale;flat;2;12;1;31.2;8400210;Московский;Новоизмайловское;;;Титул в Московском
Петербургская Недвижимость;representative_developer;https://spb.cian.ru/sale/flat/299354083/;Санкт-Петербург;sale;flat;8;15;1;30.46;8400076;Невский;Невский;;Ломоносовская;Пульс Премьер ЖК
КВС;developer;https://spb.cian.ru/sale/flat/299153164/;Санкт-Петербург;sale;flat;1;4;1;41.85;8461100;Пушкинский;;;Купчино;Дубровский ЖК
Моя Квартира;real_estate_agent;https://spb.cian.ru/sale/flat/299607104/;Санкт-Петербург;sale;flat;3;15;1;37.0;8400000;Василеостровский;проспект Крузенштерна;2;Приморская;Морская набережная
Самолет;developer;https://spb.cian.ru/sale/flat/299405954/;Санкт-Петербург;sale;flat;5;8;1;41.11;8493982;Колпинский;;10;Шушары;Астрид ЖК
Полис;developer;https://spb.cian.ru/sale/flat/297252057/;Санкт-Петербург;sale;flat;3;12;1;35.89;8491888;Приморский;аллея Арцеуловская;7к2;Пионерская;Полис Приморский 2
Петербургская Недвижимость;representative_developer;https://spb.cian.ru/sale/flat/295216920/;Санкт-Петербург;sale;flat;1;15;1;34.07;8400282;Невский;Октябрьская набережная;36к3;Проспект Большевиков;Pulse Premier
Реал;real_estate_agent;https://spb.cian.ru/sale/flat/299065835/;Санкт-Петербург;sale;flat;9;9;1;38.2;8450000;Выборгский;Северный проспект;10К1;Озерки;
Монолит;developer;https://spb.cian.ru/sale/flat/298605022/;Санкт-Петербург;sale;flat;3;15;1;41.1;8466600;Невский; Евдокима Огнева;3;Улица Дыбенко;WINGS апартаменты на Крыленко
РСТИ;developer;https://spb.cian.ru/sale/flat/295859055/;Санкт-Петербург;sale;flat;1;9;1;36.59;8446113;Красносельский; Тамбасова;5;Проспект Ветеранов;Кинопарк
БФА-Девелопмент;developer;https://spb.cian.ru/sale/flat/298609143/;Санкт-Петербург;sale;flat;1;7;1;36.42;8429000;Выборгский;Шувалово-Озерки;;;БФА в Озерках
Наталья Шапошникова;realtor;https://spb.cian.ru/sale/flat/295770254/;Санкт-Петербург;sale;flat;4;12;1;35.8;8400000;Приморский;проспект Авиаконструкторов;54;Комендантский проспект;Modum
Петербургская Строительная Компания;developer;https://spb.cian.ru/sale/flat/298056569/;Санкт-Петербург;sale;flat;20;25;1;38.72;8503735;Приморский;Коломяги;;Проспект Просвещения;Френдс ЖК
Петербургская Строительная Компания;developer;https://spb.cian.ru/sale/flat/298056565/;Санкт-Петербург;sale;flat;10;25;1;40.83;8537903;Приморский;Коломяги;;Озерки;Френдс ЖК
ГлавстройСПб;developer;https://spb.cian.ru/sale/flat/297361893/;Санкт-Петербург;sale;flat;5;23;1;45.05;8530050;Приморский; Ивинская;5к2;Зенит;ПАРК-КВАРТАЛ Юнтолово
РосСтройИнвест;developer;https://spb.cian.ru/sale/flat/297359569/;Санкт-Петербург;sale;flat;6;17;1;35.82;8545506;Невский;Октябрьская набережная;11Б;Пролетарская;Лайнеръ
ЛСР Санкт-Петербург;developer;https://spb.cian.ru/sale/flat/299403384/;Санкт-Петербург;sale;flat;2;12;1;37.7;8539050;Красногвардейский;Партизанская ;5Б;Ладожская;ЛСР. Большая Охта
Самолет;developer;https://spb.cian.ru/sale/flat/296862454/;Санкт-Петербург;sale;flat;3;8;1;42.29;8505518;Колпинский;;10;Шушары;Астрид ЖК
ID 12561250;realtor;https://spb.cian.ru/sale/flat/297014592/;Санкт-Петербург;sale;flat;18;24;1;40.5;8500000;Невский; Архивная;11к3;Проспект Большевиков;Цивилизация
К-25;developer;https://spb.cian.ru/sale/flat/294914028/;Санкт-Петербург;sale;flat;3;12;1;38.14;8581500;Приморский;м. Комендантский проспект;;Комендантский проспект;YE'S Primorsky Комплекс Апартаментов
РосСтройИнвест;developer;https://spb.cian.ru/sale/flat/293304082/;Санкт-Петербург;sale;flat;13;18;1;33.27;8630498;Московский;м. Ленинский проспект;;Ленинский проспект;Cube
РосСтройИнвест;developer;https://spb.cian.ru/sale/flat/297359640/;Санкт-Петербург;sale;flat;12;17;1;35.45;8638656;Невский;Октябрьская набережная;11Б;Пролетарская;Лайнеръ
РосСтройИнвест;developer;https://spb.cian.ru/sale/flat/293304020/;Санкт-Петербург;sale;flat;10;18;1;33.53;8559072;Московский;м. Ленинский проспект;;Ленинский проспект;Cube
Полис;developer;https://spb.cian.ru/sale/flat/287076880/;Санкт-Петербург;sale;flat;2;12;1;39.31;8575888;Приморский;аллея Арцеуловская;7к2;Пионерская;Полис Приморский 2
Master-Group Real Estate;representative_developer;https://spb.cian.ru/sale/flat/298864250/;Санкт-Петербург;sale;flat;13;23;1;41.3;8634891;Выборгский;дорога Ольгинская;;Парнас;Прагма city
Росстройинвест;developer;https://spb.cian.ru/sale/flat/294545041/;Санкт-Петербург;sale;flat;2;12;1;40.18;8610561;Красногвардейский;Полюстрово;;Академическая;Академик
Самолет;developer;https://spb.cian.ru/sale/flat/296862489/;Санкт-Петербург;sale;flat;3;16;1;32.1;8616064;Невский; Гудиловская;9;Рыбацкое;Живи! в Рыбацком
Петербургская Недвижимость;representative_developer;https://spb.cian.ru/sale/flat/296582593/;Санкт-Петербург;sale;flat;1;4;1;43.91;8550067;Петродворцовый;;;Автово;Дворцовый фасад ЖК
Петербургская Недвижимость;representative_developer;https://spb.cian.ru/sale/flat/298589135/;Санкт-Петербург;sale;flat;17;17;1;31.53;8550163;Невский;Невский;;Проспект Большевиков;Пульс Премьер ЖК
City Solutions;developer;https://spb.cian.ru/sale/flat/298163680/;Санкт-Петербург;sale;flat;6;6;1;27.2;8627296;Адмиралтейский;набережная Обводного Канала;118бБ;Балтийская;Обводный, 118
РосСтройИнвест;developer;https://spb.cian.ru/sale/flat/293304561/;Санкт-Петербург;sale;flat;9;18;1;34.82;8626697;Московский;м. Ленинский проспект;;Ленинский проспект;Cube
РосСтройИнвест;developer;https://spb.cian.ru/sale/flat/297291980/;Санкт-Петербург;sale;flat;9;13;1;31.9;8629573;Приморский;Юнтолово;;Беговая;Тайм Сквер
КВС;developer;https://spb.cian.ru/sale/flat/299153115/;Санкт-Петербург;sale;flat;1;4;1;42.65;8580820;Пушкинский;;;Купчино;Дубровский ЖК
ГлавстройСПб;developer;https://spb.cian.ru/sale/flat/297885116/;Санкт-Петербург;sale;flat;2;23;1;45.76;8635900;Приморский; Ивинская;5к2;Зенит;ПАРК-КВАРТАЛ Юнтолово
Единый Центр Инвестиций;real_estate_agent;https://spb.cian.ru/sale/flat/289698328/;Санкт-Петербург;sale;flat;11;12;1;36.05;8715000;Приморский;проспект Авиаконструкторов;54;;Modum
;;https://spb.cian.ru/sale/flat/294676144/;Санкт-Петербург;sale;flat;4;18;1;32.06;8685054;Фрунзенский; Салова;61;Бухарестская;Комплекс апартаментов Valo City
VEREN GROUP;developer;https://spb.cian.ru/sale/flat/293828764/;Санкт-Петербург;sale;flat;4;10;1;37.8;8653324;Приморский;Парашютная ;79к1;Озерки;Veren Next Шуваловский
VEREN GROUP;developer;https://spb.cian.ru/sale/flat/298402670/;Санкт-Петербург;sale;flat;8;10;1;34.7;8653483;Приморский;Парашютная ;79к1;Комендантский проспект;Veren Next Шуваловский
Петербургская Недвижимость;representative_developer;https://spb.cian.ru/sale/flat/298191324/;Санкт-Петербург;sale;flat;1;12;1;34.06;8700065;Московский;Новоизмайловское;;;Титул в Московском
Группа Аквилон;developer;https://spb.cian.ru/sale/flat/295360225/;Санкт-Петербург;sale;flat;1;13;1;35.85;8670072;Василеостровский;Гавань;;Горный институт;Аквилон Залив ЖК
ГлавстройСПб;developer;https://spb.cian.ru/sale/flat/297361919/;Санкт-Петербург;sale;flat;14;23;1;42.4;8741504;Приморский; Ивинская;5к2;Зенит;ПАРК-КВАРТАЛ Юнтолово
РосСтройИнвест;developer;https://spb.cian.ru/sale/flat/297359516/;Санкт-Петербург;sale;flat;3;17;1;37.66;8713598;Невский;Октябрьская набережная;11Б;Пролетарская;Лайнеръ
Master-Group Real Estate;representative_developer;https://spb.cian.ru/sale/flat/298864065/;Санкт-Петербург;sale;flat;20;23;1;39.2;8669912;Выборгский;дорога Ольгинская;;Парнас;Прагма city
Твой ДОМ;real_estate_agent;https://spb.cian.ru/sale/flat/298279591/;Санкт-Петербург;sale;flat;8;12;1;39.2;8697000;Выборгский;проспект Просвещения;46К1;Проспект Просвещения;
ГлавстройСПб;developer;https://spb.cian.ru/sale/flat/297992646/;Санкт-Петербург;sale;flat;3;27;1;37.97;8699671;Выборгский;проезд Толубеевский;32;Проспект Просвещения;Северная долина
Самолет;developer;https://spb.cian.ru/sale/flat/285014744/;Санкт-Петербург;sale;flat;1;11;1;36.79;8670226;Невский; Гудиловская;6к1;Обухово;Живи! в Рыбацком
Лидер Групп;developer;https://spb.cian.ru/sale/flat/295883189/;Санкт-Петербург;sale;flat;18;24;1;36.08;8659200;Московский;Новоизмайловское;;;YE'S Leader
Петербургская Недвижимость;representative_developer;https://spb.cian.ru/sale/flat/298589169/;Санкт-Петербург;sale;flat;1;12;1;37.61;8700227;Приморский;Коломяги;;Озерки;Прайм Приморский ЖК
РосСтройИнвест;developer;https://spb.cian.ru/sale/flat/297294266/;Санкт-Петербург;sale;flat;7;13;1;39.8;8726756;Приморский;Юнтолово;;Беговая;Тайм Сквер ЖК
Инь-Ян;real_estate_agent;https://spb.cian.ru/sale/flat/294418388/;Санкт-Петербург;sale;flat;1;26;1;42.0;8700000;Московский;Дунайский проспект;14к1;Звездная;Viva
ФСК;developer;https://spb.cian.ru/sale/flat/297552890/;Санкт-Петербург;sale;flat;4;13;1;36.83;8715193;Приморский;Коломяжский проспект;4;Черная речка;Апартаменты Zoom Черная Речка
Петербургская Недвижимость;representative_developer;https://spb.cian.ru/sale/flat/296729990/;Санкт-Петербург;sale;flat;2;12;1;37.19;8700117;Приморский;Коломяги;;Озерки;Прайм Приморский ЖК
;;https://spb.cian.ru/sale/flat/294676138/;Санкт-Петербург;sale;flat;3;18;1;32.67;8791497;Фрунзенский; Салова;61;Бухарестская;Комплекс апартаментов Valo City
РосСтройИнвест;developer;https://spb.cian.ru/sale/flat/297293515/;Санкт-Петербург;sale;flat;4;13;1;40.6;8779092;Приморский;Юнтолово;;Беговая;Тайм Сквер ЖК
РСТИ;developer;https://spb.cian.ru/sale/flat/295859149/;Санкт-Петербург;sale;flat;1;9;1;39.08;8767263;Красносельский; Тамбасова;5;Проспект Ветеранов;Кинопарк
ГлавстройСПб;developer;https://spb.cian.ru/sale/flat/297885113/;Санкт-Петербург;sale;flat;2;23;1;42.82;8758112;Приморский; Ивинская;5к2;Зенит;ПАРК-КВАРТАЛ Юнтолово
ID 6602812;realtor;https://spb.cian.ru/sale/flat/299357511/;Санкт-Петербург;sale;flat;17;17;1;38.0;8790000;Калининский;Пискарёвка;3к2;Лесная;Калина Парк
ЛСР Санкт-Петербург;developer;https://spb.cian.ru/sale/flat/299181862/;Санкт-Петербург;sale;flat;4;12;1;35.7;8885730;Красногвардейский;Большая Охта;;;ЛСР Большая Охта ЖК
Ленстройтрест;developer;https://spb.cian.ru/sale/flat/299127351/;Санкт-Петербург;sale;flat;1;8;1;33.9;8814000;Приморский;Коломяги;;Проспект Просвещения;Окла ЖК
ГлавстройСПб;developer;https://spb.cian.ru/sale/flat/298977422/;Санкт-Петербург;sale;flat;6;23;1;50.26;8881673;Приморский; Ивинская;1к2;Зенит;ПАРК-КВАРТАЛ Юнтолово
Master-Group Real Estate;representative_developer;https://spb.cian.ru/sale/flat/298863885/;Санкт-Петербург;sale;flat;10;23;1;42.7;8822061;Выборгский;дорога Ольгинская;;Парнас;Прагма city
Группа Аквилон;developer;https://spb.cian.ru/sale/flat/298644030/;Санкт-Петербург;sale;flat;1;13;1;36.61;8824035;Василеостровский;Гавань;;Горный институт;Аквилон Залив ЖК
ЛСР Санкт-Петербург;developer;https://spb.cian.ru/sale/flat/299152926/;Санкт-Петербург;sale;flat;4;12;1;35.2;8828160;Красногвардейский;Большая Охта;;;ЛСР Большая Охта ЖК
ЛСР Санкт-Петербург;developer;https://spb.cian.ru/sale/flat/299413116/;Санкт-Петербург;sale;flat;2;12;1;38.7;8862300;Красногвардейский;Партизанская ;5Б;Ладожская;ЛСР. Большая Охта
Петербургская Недвижимость;representative_developer;https://spb.cian.ru/sale/flat/298589056/;Санкт-Петербург;sale;flat;1;23;1;36.86;8850067;Невский;Невский;;Проспект Большевиков;Пульс Премьер ЖК
ПИК;developer;https://spb.cian.ru/sale/flat/290733260/;Санкт-Петербург;sale;flat;4;15;1;39.47;8898496;Красногвардейский;проспект Энергетиков;6;Ладожская;Вольта
Лидер Групп;developer;https://spb.cian.ru/sale/flat/295883232/;Санкт-Петербург;sale;flat;20;24;1;36.73;8815200;Московский;Новоизмайловское;;;YE'S Leader
РосСтройИнвест;developer;https://spb.cian.ru/sale/flat/297359631/;Санкт-Петербург;sale;flat;12;17;1;37.17;8879975;Невский;Октябрьская набережная;11Б;Пролетарская;Лайнеръ
ТРЕНД;real_estate_agent;https://spb.cian.ru/sale/flat/294783945/;Санкт-Петербург;sale;flat;7;17;1;37.8;8850000;Калининский;проспект Науки;17к2;Академическая;Гражданка Сити-2
РСТИ;developer;https://spb.cian.ru/sale/flat/295858618/;Санкт-Петербург;sale;flat;2;9;1;34.55;8820625;Красносельский; Тамбасова;5;Проспект Ветеранов;Кинопарк
БФА-Девелопмент;developer;https://spb.cian.ru/sale/flat/298609327/;Санкт-Петербург;sale;flat;2;7;1;39.01;8853000;Выборгский;Шувалово-Озерки;;;БФА в Озерках
ID 102286380;homeowner;https://spb.cian.ru/sale/flat/299605037/;Санкт-Петербург;sale;flat;3;9;1;34.4;8850000;Фрунзенский;Бухарестская ;35К6;Проспект Славы;
;;https://spb.cian.ru/sale/flat/296851395/;Санкт-Петербург;sale;flat;5;18;1;35.21;8904609;Фрунзенский; Салова;61;Бухарестская;Комплекс апартаментов Valo City
Петербургская Недвижимость;representative_developer;https://spb.cian.ru/sale/flat/299394172/;Санкт-Петербург;sale;flat;19;21;1;34.9;8900093;Невский;Невский;;Проспект Большевиков;Пульс Премьер ЖК
Петербургская Недвижимость;representative_developer;https://spb.cian.ru/sale/flat/298860989/;Санкт-Петербург;sale;flat;15;15;1;32.91;8900048;Невский;Невский;;Ломоносовская;Пульс Премьер ЖК
Петербургская Недвижимость;representative_developer;https://spb.cian.ru/sale/flat/296780028/;Санкт-Петербург;sale;flat;3;12;1;32.23;8900250;Московский;Новоизмайловское;;;Титул в Московском
Росстройинвест;developer;https://spb.cian.ru/sale/flat/299508157/;Санкт-Петербург;sale;flat;1;22;1;33.75;8908329;Калининский;Финляндский;;Лесная;БелАрт
Росстройинвест;developer;https://spb.cian.ru/sale/flat/280431966/;Санкт-Петербург;sale;flat;3;12;1;37.35;8991550;Красногвардейский;Полюстрово;;Академическая;Академик
Самолет;developer;https://spb.cian.ru/sale/flat/295426165/;Санкт-Петербург;sale;flat;1;11;1;36.95;8952320;Невский; Гудиловская;5к1;Рыбацкое;Живи! в Рыбацком
Самолет;developer;https://spb.cian.ru/sale/flat/296091902/;Санкт-Петербург;sale;flat;3;8;1;42.5;8929182;Колпинский;;10;Шушары;Астрид ЖК
Лидер Групп;developer;https://spb.cian.ru/sale/flat/296306162/;Санкт-Петербург;sale;flat;11;18;1;33.0;8910000;Василеостровский; Вадима Шефнера;4;Василеостровская;Магеллан (Гавань Капитанов)
Satanovskiy Group;real_estate_agent;https://spb.cian.ru/sale/flat/293278068/;Санкт-Петербург;sale;flat;5;13;1;33.55;8999999;Приморский;Планерная ;97к1;Комендантский проспект;New Time
Петербургская Недвижимость;representative_developer;https://spb.cian.ru/sale/flat/295505724/;Санкт-Петербург;sale;flat;3;12;1;38.61;8950261;Приморский;Коломяги;;Озерки;Прайм Приморский ЖК
КВС;developer;https://spb.cian.ru/sale/flat/294621088/;Санкт-Петербург;sale;flat;2;4;1;41.45;8993160;Пушкинский;;;Купчино;Дубровский ЖК
ГлавстройСПб;developer;https://spb.cian.ru/sale/flat/298977392/;Санкт-Петербург;sale;flat;2;23;1;50.67;8925552;Приморский; Ивинская;1к2;Зенит;ПАРК-КВАРТАЛ Юнтолово
ID 13987855;homeowner;https://spb.cian.ru/sale/flat/296713599/;Санкт-Петербург;sale;flat;6;13;1;36.1;8900000;Приморский; Плесецкая;6;Комендантский проспект;Ariosto!
Петербургская Недвижимость;representative_developer;https://spb.cian.ru/sale/flat/294285105/;Санкт-Петербург;sale;flat;1;10;1;35.22;9000259;Московский;м. Ленинский проспект;;Ленинский проспект;Сенат
Петербургская Недвижимость;representative_developer;https://spb.cian.ru/sale/flat/297741475/;Санкт-Петербург;sale;flat;2;5;1;45.19;9050133;Московский;Пулковское шоссе;99к6;Звездная;Парадный ансамбль
Петербургская Недвижимость;representative_developer;https://spb.cian.ru/sale/flat/291346168/;Санкт-Петербург;sale;flat;2;5;1;44.71;9050153;Московский;Пулковское шоссе;95к3;Звездная;Парадный ансамбль
Первое Агентство Недвижимости;real_estate_agent;https://spb.cian.ru/sale/flat/284538761/;Санкт-Петербург;sale;flat;2;16;1;38.1;9000000;Приморский;Комендантский проспект;21к1;Комендантский проспект;
Лидер Групп;developer;https://spb.cian.ru/sale/flat/296306133/;Санкт-Петербург;sale;flat;16;18;1;33.7;9099000;Василеостровский; Вадима Шефнера;4;Василеостровская;Магеллан (Гавань Капитанов)
;;https://spb.cian.ru/sale/flat/292031921/;Санкт-Петербург;sale;flat;12;13;1;37.45;9064888;Приморский;проспект Авиаконструкторов;61;Комендантский проспект;Полис Приморский
РосСтройИнвест;developer;https://spb.cian.ru/sale/flat/274433381/;Санкт-Петербург;sale;flat;11;16;1;32.2;9045648;Московский;Кубинская ;82к1;Ленинский проспект;Cube
БФА-Девелопмент;developer;https://spb.cian.ru/sale/flat/298609110/;Санкт-Петербург;sale;flat;2;7;1;40.25;9090000;Выборгский;Шувалово-Озерки;;;БФА в Озерках
Полис;developer;https://spb.cian.ru/sale/flat/297252445/;Санкт-Петербург;sale;flat;2;13;1;39.5;9047888;Приморский;аллея Арцеуловская;9;Старая Деревня;Полис Приморский 2
Самолет;developer;https://spb.cian.ru/sale/flat/294577143/;Санкт-Петербург;sale;flat;2;23;1;36.66;9007891;Невский;Рыбацкое;4;Рыбацкое;Живи в Рыбацком ЖК
Самолет;developer;https://spb.cian.ru/sale/flat/295426164/;Санкт-Петербург;sale;flat;1;11;1;36.28;9023715;Невский; Гудиловская;5к1;Рыбацкое;Живи! в Рыбацком
Самолет;developer;https://spb.cian.ru/sale/flat/295426163/;Санкт-Петербург;sale;flat;1;11;1;39.16;9093073;Невский; Гудиловская;5к1;Рыбацкое;Живи! в Рыбацком
Полис;developer;https://spb.cian.ru/sale/flat/299028816/;Санкт-Петербург;sale;flat;2;13;1;40.61;9098888;Приморский;аллея Арцеуловская;9;Старая Деревня;Полис Приморский 2
ФСК;developer;https://spb.cian.ru/sale/flat/299482243/;Санкт-Петербург;sale;flat;13;13;1;43.71;9069825;Приморский;Коломяжский проспект;4;Черная речка;Апартаменты Zoom Черная Речка
ТРЕНД;real_estate_agent;https://spb.cian.ru/sale/flat/298985023/;Санкт-Петербург;sale;flat;7;9;1;40.8;9050000;Фрунзенский; Ярослава Гашека;24к1;Дунайская;
Монолит;developer;https://spb.cian.ru/sale/flat/296210659/;Санкт-Петербург;sale;flat;2;15;1;47.6;9030896;Невский; Евдокима Огнева;3;Улица Дыбенко;WINGS апартаменты на Крыленко
РСТИ;developer;https://spb.cian.ru/sale/flat/298331248/;Санкт-Петербург;sale;flat;1;9;1;40.1;9082859;Красносельский; Тамбасова;5;Проспект Ветеранов;Кинопарк
БФА-Девелопмент;developer;https://spb.cian.ru/sale/flat/298609103/;Санкт-Петербург;sale;flat;1;7;1;40.88;9052000;Выборгский;Шувалово-Озерки;;;БФА в Озерках
Петербургская Недвижимость;representative_developer;https://spb.cian.ru/sale/flat/297741502/;Санкт-Петербург;sale;flat;1;9;1;35.73;9100216;Московский;Новоизмайловское;;;Титул в Московском
ПИК;developer;https://spb.cian.ru/sale/flat/289171067/;Санкт-Петербург;sale;flat;2;14;1;32.4;9194342;Фрунзенский;Волковское;5;Обводный канал;Витебский Парк ЖК
Самолет;developer;https://spb.cian.ru/sale/flat/295660073/;Санкт-Петербург;sale;flat;2;10;1;41.0;9199471;Красносельский;Константиновское;;Проспект Ветеранов;Сандэй ЖК
Эталон СПБ;developer;https://spb.cian.ru/sale/flat/298656795/;Санкт-Петербург;sale;flat;5;25;1;42.7;9188862;Приморский;Коломяги;;Проспект Просвещения;Новоорловский ЖК
ДВА Групп;developer;https://spb.cian.ru/sale/flat/298146092/;Санкт-Петербург;sale;flat;15;16;1;38.85;9190714;Московский;Московское шоссе;13Ж;Звездная;Апартаменты AVENUE-APART ПУЛКОВО
РосСтройИнвест;developer;https://spb.cian.ru/sale/flat/293304516/;Санкт-Петербург;sale;flat;3;18;1;39.94;9159873;Московский;м. Ленинский проспект;;Ленинский проспект;Cube
ВАРИАНТ;real_estate_agent;https://spb.cian.ru/sale/flat/299606946/;Санкт-Петербург;sale;flat;7;13;1;37.48;9199000;Калининский;Полюстровский проспект;77З;Лесная;
РСТИ;developer;https://spb.cian.ru/sale/flat/292590685/;Санкт-Петербург;sale;flat;19;19;1;32.99;9135064;Калининский;Финляндский;;Выборгская;Master Place
Альдога;real_estate_agent;https://spb.cian.ru/sale/flat/298868436/;Санкт-Петербург;sale;flat;9;12;1;38.6;9100000;Приморский;Беговая ;5К2;Беговая;
Самолет;developer;https://spb.cian.ru/sale/flat/291969168/;Санкт-Петербург;sale;flat;5;24;1;35.94;9155212;Невский; Славянская;8;Рыбацкое;Живи! в Рыбацком
ТРЕНД;real_estate_agent;https://spb.cian.ru/sale/flat/298157643/;Санкт-Петербург;sale;flat;8;9;1;43.6;9100000;Пушкинский;Кедринская ;8;Купчино;
Лидер Групп;developer;https://spb.cian.ru/sale/flat/299555961/;Санкт-Петербург;sale;flat;2;18;1;39.1;9188500;Невский; Тельмана;37;Ломоносовская;ИСКРА-Сити
Сенатор;developer;https://spb.cian.ru/sale/flat/295094649/;Санкт-Петербург;sale;flat;1;8;1;35.5;9123500;Курортный; Правды;;;Мариоки
Лидер Групп;developer;https://spb.cian.ru/sale/flat/296306234/;Санкт-Петербург;sale;flat;17;18;1;35.7;9103500;Василеостровский; Вадима Шефнера;4;Василеостровская;Магеллан (Гавань Капитанов)
РосСтройИнвест;developer;https://spb.cian.ru/sale/flat/297293348/;Санкт-Петербург;sale;flat;8;13;1;42.4;9161419;Приморский;Юнтолово;;Беговая;Тайм Сквер ЖК
РосСтройИнвест;developer;https://spb.cian.ru/sale/flat/297291714/;Санкт-Петербург;sale;flat;4;13;1;41.3;9126232;Приморский;Юнтолово;;Беговая;Тайм Сквер
РСТИ;developer;https://spb.cian.ru/sale/flat/295858633/;Санкт-Петербург;sale;flat;2;9;1;36.07;9120337;Красносельский; Тамбасова;5;Проспект Ветеранов;Кинопарк
Единый Центр Инвестиций;real_estate_agent;https://spb.cian.ru/sale/flat/289707293/;Санкт-Петербург;sale;flat;6;8;1;34.42;9235000;Кировский;Двинская ;6;;Принцип
VEREN GROUP;developer;https://spb.cian.ru/sale/flat/295329509/;Санкт-Петербург;sale;flat;4;10;1;40.3;9225633;Приморский;Парашютная ;79к1;Комендантский проспект;Veren Next Шуваловский
Петербургская Недвижимость;representative_developer;https://spb.cian.ru/sale/flat/299394174/;Санкт-Петербург;sale;flat;4;21;1;37.59;9200114;Невский;Невский;;Проспект Большевиков;Пульс Премьер ЖК
Полис;developer;https://spb.cian.ru/sale/flat/297252298/;Санкт-Петербург;sale;flat;11;12;1;40.54;9213888;Приморский;аллея Арцеуловская;7к2;Пионерская;Полис Приморский 2
КВС;developer;https://spb.cian.ru/sale/flat/294622054/;Санкт-Петербург;sale;flat;14;17;1;35.49;9243918;Калининский;Финляндский;;;Квартал бизнес-класса Б15
Лидер Групп;developer;https://spb.cian.ru/sale/flat/286950342/;Санкт-Петербург;sale;flat;5;24;1;42.95;9234250;Московский;Новоизмайловское;;;YE'S Leader
РосСтройИнвест;developer;https://spb.cian.ru/sale/flat/297293268/;Санкт-Петербург;sale;flat;2;13;1;45.0;9217622;Приморский;Юнтолово;;Беговая;Тайм Сквер ЖК
ID 105109421;homeowner;https://spb.cian.ru/sale/flat/289879502/;Санкт-Петербург;sale;flat;9;9;1;44.0;9200000;Фрунзенский; Димитрова;20К1;Проспект Славы;
;;https://spb.cian.ru/sale/flat/296731350/;Санкт-Петербург;sale;flat;5;18;1;35.58;9318402;Фрунзенский; Салова;61;Бухарестская;Комплекс апартаментов Valo City
Петербургская Недвижимость;representative_developer;https://spb.cian.ru/sale/flat/298292423/;Санкт-Петербург;sale;flat;2;12;1;40.26;9300241;Приморский;Коломяги;;Озерки;Прайм Приморский ЖК
ЛСР Санкт-Петербург;developer;https://spb.cian.ru/sale/flat/299095696/;Санкт-Петербург;sale;flat;4;12;1;36.5;9252750;Красногвардейский;Большая Охта;;;ЛСР Большая Охта ЖК
ФСК;developer;https://spb.cian.ru/sale/flat/299482180/;Санкт-Петербург;sale;flat;5;13;1;46.0;9277740;Приморский;Коломяжский проспект;4;Черная речка;Апартаменты Zoom Черная Речка
РосСтройИнвест;developer;https://spb.cian.ru/sale/flat/274433429/;Санкт-Петербург;sale;flat;14;16;1;33.29;9325888;Московский;Кубинская ;82к1;Ленинский проспект;Cube
РосСтройИнвест;developer;https://spb.cian.ru/sale/flat/276766703/;Санкт-Петербург;sale;flat;9;18;1;37.98;9300058;Московский;м. Ленинский проспект;;Ленинский проспект;Cube
РосСтройИнвест;developer;https://spb.cian.ru/sale/flat/297359348/;Санкт-Петербург;sale;flat;2;17;1;38.97;9269708;Невский;Октябрьская набережная;11Б;Пролетарская;Лайнеръ
РосСтройИнвест;developer;https://spb.cian.ru/sale/flat/299473000/;Санкт-Петербург;sale;flat;5;18;1;38.54;9271903;Московский;м. Ленинский проспект;;Ленинский проспект;Cube
Эталон СПБ;developer;https://spb.cian.ru/sale/flat/298656014/;Санкт-Петербург;sale;flat;13;18;1;31.5;9258768;Адмиралтейский;бульвар Измайловский;11;Московские ворота;Квартал Галактика
Лидер Групп;developer;https://spb.cian.ru/sale/flat/296306227/;Санкт-Петербург;sale;flat;17;18;1;36.5;9307500;Василеостровский; Вадима Шефнера;4;Василеостровская;Магеллан (Гавань Капитанов)
РосСтройИнвест;developer;https://spb.cian.ru/sale/flat/274433378/;Санкт-Петербург;sale;flat;11;16;1;33.55;9251313;Московский;Кубинская ;82к1;Ленинский проспект;Cube
РосСтройИнвест;developer;https://spb.cian.ru/sale/flat/297294419/;Санкт-Петербург;sale;flat;3;13;1;43.2;9307908;Приморский;Юнтолово;;Беговая;Тайм Сквер ЖК
Интеском;developer;https://spb.cian.ru/sale/flat/296810974/;Санкт-Петербург;sale;flat;1;4;1;38.94;9345600;Выборгский; Береговая;8;Проспект Просвещения;Loft у Озера
РСТИ;developer;https://spb.cian.ru/sale/flat/292590654/;Санкт-Петербург;sale;flat;17;19;1;34.37;9288479;Калининский;Финляндский;;Выборгская;Master Place
Петербургская Недвижимость;representative_developer;https://spb.cian.ru/sale/flat/299582578/;Санкт-Петербург;sale;flat;2;7;1;34.76;9350127;Московский;Новоизмайловское;;;Титул в Московском
Петербургская Недвижимость;representative_developer;https://spb.cian.ru/sale/flat/294285111/;Санкт-Петербург;sale;flat;1;12;1;36.66;9350169;Московский;м. Ленинский проспект;;Ленинский проспект;Сенат
Петербургская Недвижимость;representative_developer;https://spb.cian.ru/sale/flat/298589058/;Санкт-Петербург;sale;flat;1;23;1;39.2;9400238;Невский;Невский;;Проспект Большевиков;Пульс Премьер ЖК
Петербургская Недвижимость;representative_developer;https://spb.cian.ru/sale/flat/298589109/;Санкт-Петербург;sale;flat;1;15;1;39.03;9350182;Невский;Октябрьская набережная;36к3;Проспект Большевиков;Pulse Premier
Самолет;developer;https://spb.cian.ru/sale/flat/295660176/;Санкт-Петербург;sale;flat;2;7;1;40.15;9444085;Красносельский;Константиновское;;Проспект Ветеранов;Сандэй
Интеском;developer;https://spb.cian.ru/sale/flat/297558267/;Санкт-Петербург;sale;flat;1;5;1;42.63;9378600;Выборгский; Береговая;12;Проспект Просвещения;Loft у Озера
Росстройинвест;developer;https://spb.cian.ru/sale/flat/299508162/;Санкт-Петербург;sale;flat;1;22;1;35.83;9351018;Калининский;Финляндский;;Лесная;БелАрт
ЛСР Санкт-Петербург;developer;https://spb.cian.ru/sale/flat/294539066/;Санкт-Петербург;sale;flat;2;12;1;38.0;9424000;Красногвардейский;Большая Охта;;;ЛСР Большая Охта ЖК
ЛСР Санкт-Петербург;developer;https://spb.cian.ru/sale/flat/294538741/;Санкт-Петербург;sale;flat;2;12;1;35.7;9406950;Красногвардейский;Партизанская ;5;;ЛСР. Большая Охта
ЛСР Санкт-Петербург;developer;https://spb.cian.ru/sale/flat/294538748/;Санкт-Петербург;sale;flat;2;12;1;36.5;9398750;Красногвардейский;Партизанская ;5;;ЛСР. Большая Охта
ЛСР Санкт-Петербург;developer;https://spb.cian.ru/sale/flat/294539268/;Санкт-Петербург;sale;flat;2;12;1;36.8;9439200;Красногвардейский;Партизанская ;;;ЛСР. Большая Охта
Самолет;developer;https://spb.cian.ru/sale/flat/295478525/;Санкт-Петербург;sale;flat;3;16;1;39.33;9394795;Невский; Гудиловская;9;Рыбацкое;Живи! в Рыбацком
Полис;developer;https://spb.cian.ru/sale/flat/297252398/;Санкт-Петербург;sale;flat;12;12;1;40.44;9438888;Приморский;аллея Арцеуловская;7к2;Пионерская;Полис Приморский 2
Петербургская Недвижимость;representative_developer;https://spb.cian.ru/sale/flat/298999845/;Санкт-Петербург;sale;flat;12;15;1;37.7;9400080;Невский;Октябрьская набережная;36к3;Проспект Большевиков;Pulse Premier
Эталон СПБ;developer;https://spb.cian.ru/sale/flat/298656806/;Санкт-Петербург;sale;flat;10;25;1;42.3;9446245;Приморский;Коломяги;;Проспект Просвещения;Новоорловский ЖК
РосСтройИнвест;developer;https://spb.cian.ru/sale/flat/297291070/;Санкт-Петербург;sale;flat;4;13;1;38.6;9421309;Приморский;Юнтолово;;Беговая;Тайм Сквер ЖК
ЦАН - Центральное Агентство Недвижимости;real_estate_agent;https://spb.cian.ru/sale/flat/297684628/;Санкт-Петербург;sale;flat;2;3;1;35.8;9400000;Адмиралтейский;Галерная ;57;Адмиралтейская;
ПИК;developer;https://spb.cian.ru/sale/flat/291986464/;Санкт-Петербург;sale;flat;3;14;1;32.5;9416160;Фрунзенский;Волковское;5;Обводный канал;Витебский Парк ЖК
Петербургская Недвижимость;representative_developer;https://spb.cian.ru/sale/flat/293685401/;Санкт-Петербург;sale;flat;2;12;1;40.55;9400321;Приморский;Коломяги;;Озерки;Прайм Приморский ЖК
РСТИ;developer;https://spb.cian.ru/sale/flat/292590579/;Санкт-Петербург;sale;flat;14;19;1;35.82;9433296;Калининский;Финляндский;;Выборгская;Master Place
КВС;developer;https://spb.cian.ru/sale/flat/294622025/;Санкт-Петербург;sale;flat;3;17;1;36.86;9438552;Калининский;Финляндский;;;Квартал бизнес-класса Б15
Euroinvest Development;developer;https://spb.cian.ru/sale/flat/293271543/;Санкт-Петербург;sale;flat;3;12;1;34.14;9404887;Выборгский;Светлановское;;Удельная;ID Svetlanovskiy
ГлавстройСПб;developer;https://spb.cian.ru/sale/flat/297885196/;Санкт-Петербург;sale;flat;11;23;1;50.32;9401821;Приморский; Ивинская;5к2;Зенит;ПАРК-КВАРТАЛ Юнтолово
ГлавстройСПб;developer;https://spb.cian.ru/sale/flat/297361884/;Санкт-Петербург;sale;flat;2;23;1;50.67;9412686;Приморский; Ивинская;5к2;Зенит;ПАРК-КВАРТАЛ Юнтолово
Максим Фомичев;realtor;https://spb.cian.ru/sale/flat/299257494/;Санкт-Петербург;sale;flat;9;25;1;36.46;9350000;Приморский;Коломяжский проспект;13к2;Пионерская;Приморский квартал
ID 97068974;realtor;https://spb.cian.ru/sale/flat/280073299/;Санкт-Петербург;sale;flat;5;25;1;47.0;9390000;Выборгский; Есенина;1к1;Озерки;
ПетербургНедвижимость;real_estate_agent;https://spb.cian.ru/sale/flat/259666288/;Санкт-Петербург;sale;flat;1;5;1;41.0;9500000;Калининский; Комсомола;49;Площадь Ленина;
Петербургская Недвижимость;representative_developer;https://spb.cian.ru/sale/flat/294799902/;Санкт-Петербург;sale;flat;9;12;1;32.5;9500237;Московский;м. Ленинский проспект;;Ленинский проспект;Сенат
Петербургская Недвижимость;representative_developer;https://spb.cian.ru/sale/flat/295966220/;Санкт-Петербург;sale;flat;10;12;1;32.32;9500092;Московский;м. Ленинский проспект;;Ленинский проспект;Сенат
Самолет;developer;https://spb.cian.ru/sale/flat/295660022/;Санкт-Петербург;sale;flat;6;8;1;38.0;9536048;Красносельский;Константиновское;;Проспект Ветеранов;Сандэй ЖК
Самолет;developer;https://spb.cian.ru/sale/flat/299621023/;Санкт-Петербург;sale;flat;1;7;1;40.75;9465240;Красносельский;Константиновское;;Проспект Ветеранов;Сандэй
Группа Аквилон;developer;https://spb.cian.ru/sale/flat/298641822/;Санкт-Петербург;sale;flat;7;12;1;37.51;9461597;Московский;Звёздное;;Звездная;Аквилон Ливз 2 ЖК
Euroinvest Development;developer;https://spb.cian.ru/sale/flat/298511484/;Санкт-Петербург;sale;flat;3;10;1;30.64;9498400;Выборгский; Курчатова;;Политехническая;iD Polytech
ЛСР Санкт-Петербург;developer;https://spb.cian.ru/sale/flat/294539072/;Санкт-Петербург;sale;flat;2;12;1;38.6;9538060;Красногвардейский;Большая Охта;;;ЛСР Большая Охта ЖК
Унистрой;developer;https://spb.cian.ru/sale/flat/296297951/;Санкт-Петербург;sale;flat;4;5;1;40.66;9545000;Курортный;;;Беговая;Лисино
;;https://spb.cian.ru/sale/flat/298574194/;Санкт-Петербург;sale;flat;2;24;1;45.4;9525380;Приморский;Парашютная ;54;Комендантский проспект;Юбилейный квартал
Эталон СПБ;developer;https://spb.cian.ru/sale/flat/298656801/;Санкт-Петербург;sale;flat;17;25;1;40.6;9462901;Приморский;Коломяги;;Проспект Просвещения;Новоорловский ЖК
КВС;developer;https://spb.cian.ru/sale/flat/294622019/;Санкт-Петербург;sale;flat;2;17;1;37.59;9488384;Калининский;Финляндский;;;Квартал бизнес-класса Б15
;;https://spb.cian.ru/sale/flat/298270133/;Санкт-Петербург;sale;flat;2;9;1;62.17;9512010;Колпинский;Заречье тер.;;Рыбацкое;Квартал Заречье
ID 111557199;realtor;https://spb.cian.ru/sale/flat/296650932/;Санкт-Петербург;sale;flat;6;17;1;48.4;9499000;Кировский;проспект Ветеранов;108к1;Проспект Ветеранов;
Единый Центр Инвестиций;real_estate_agent;https://spb.cian.ru/sale/flat/297137349/;Санкт-Петербург;sale;flat;13;15;1;36.68;9580000;Невский;Дальневосточный проспект;19к1;Проспект Большевиков;Pulse Premier
Петербургская Недвижимость;representative_developer;https://spb.cian.ru/sale/flat/296730026/;Санкт-Петербург;sale;flat;3;12;1;34.09;9600204;Московский;м. Ленинский проспект;;Ленинский проспект;Сенат
БФА-Девелопмент;developer;https://spb.cian.ru/sale/flat/298609191/;Санкт-Петербург;sale;flat;1;7;1;42.42;9581000;Выборгский;Шувалово-Озерки;;;БФА в Озерках
ВАРИАНТ;real_estate_agent;https://spb.cian.ru/sale/flat/297344649/;Санкт-Петербург;sale;flat;9;14;1;38.9;9600000;Василеостровский;Морская набережная;17Г;Приморская;
Master-Group Real Estate;representative_developer;https://spb.cian.ru/sale/flat/298864127/;Санкт-Петербург;sale;flat;6;23;1;47.6;9584120;Выборгский;дорога Ольгинская;;Парнас;Прагма city
ЛСР Санкт-Петербург;developer;https://spb.cian.ru/sale/flat/294539356/;Санкт-Петербург;sale;flat;2;12;1;38.0;9644400;Красногвардейский;Партизанская ;;;ЛСР. Большая Охта
Самолет;developer;https://spb.cian.ru/sale/flat/285189660/;Санкт-Петербург;sale;flat;14;24;1;36.54;9624490;Невский; Славянская;8;Рыбацкое;Живи! в Рыбацком
;;https://spb.cian.ru/sale/flat/298574193/;Санкт-Петербург;sale;flat;2;24;1;46.6;9603435;Приморский;Парашютная ;54;Комендантский проспект;Юбилейный квартал
РосСтройИнвест;developer;https://spb.cian.ru/sale/flat/297294631/;Санкт-Петербург;sale;flat;9;13;1;33.2;9571675;Приморский;Юнтолово;;Беговая;Тайм Сквер
РосСтройИнвест;developer;https://spb.cian.ru/sale/flat/297294589/;Санкт-Петербург;sale;flat;7;13;1;39.5;9637597;Приморский;Юнтолово;;Беговая;Тайм Сквер
Агентство недвижимости Романа Чиковани;real_estate_agent;https://spb.cian.ru/sale/flat/299460702/;Санкт-Петербург;sale;flat;17;25;1;45.5;9555000;Невский;проспект Большевиков;79к4;Ломоносовская;
ПИК;developer;https://spb.cian.ru/sale/flat/287469248/;Санкт-Петербург;sale;flat;2;12;1;34.1;9608016;Фрунзенский;Волковское;5;Обводный канал;Витебский Парк ЖК
ПИК;developer;https://spb.cian.ru/sale/flat/287469233/;Санкт-Петербург;sale;flat;2;14;1;36.0;9635328;Фрунзенский;Волковское;5;Обводный канал;Витебский Парк ЖК
ПИК;developer;https://spb.cian.ru/sale/flat/298768041/;Санкт-Петербург;sale;flat;11;13;1;34.3;9572169;Фрунзенский;Волковское;3;Обводный канал;Витебский Парк ЖК
ПИК;developer;https://spb.cian.ru/sale/flat/299174617/;Санкт-Петербург;sale;flat;12;13;1;32.5;9634560;Фрунзенский;Волковское;3;Обводный канал;Витебский Парк ЖК
Петербургская Недвижимость;representative_developer;https://spb.cian.ru/sale/flat/296851501/;Санкт-Петербург;sale;flat;3;12;1;41.97;9550063;Приморский;Коломяги;;Озерки;Прайм Приморский ЖК
Группа Аквилон;developer;https://spb.cian.ru/sale/flat/295358740/;Санкт-Петербург;sale;flat;2;12;1;38.71;9627244;Московский;Звёздное;;Звездная;Аквилон Ливз 2 ЖК
Группа Аквилон;developer;https://spb.cian.ru/sale/flat/298641831/;Санкт-Петербург;sale;flat;12;12;1;35.24;9561845;Московский;Звёздное;;Звездная;Аквилон Ливз 2 ЖК
РСТИ;developer;https://spb.cian.ru/sale/flat/284359006/;Санкт-Петербург;sale;flat;7;7;1;30.79;9581283;Калининский;Финляндский;;Выборгская;Master Place
РСТИ;developer;https://spb.cian.ru/sale/flat/286343955/;Санкт-Петербург;sale;flat;1;19;1;39.53;9561750;Калининский;Финляндский;;Выборгская;Master Place
Euroinvest Development;developer;https://spb.cian.ru/sale/flat/293271561/;Санкт-Петербург;sale;flat;2;12;1;34.92;9619762;Выборгский;Светлановское;;Удельная;ID Svetlanovskiy
Петербургская Недвижимость;representative_developer;https://spb.cian.ru/sale/flat/299354065/;Санкт-Петербург;sale;flat;1;23;1;40.22;9650306;Невский;Невский;;Проспект Большевиков;Пульс Премьер ЖК
ID 48534855;unknown;https://spb.cian.ru/sale/flat/298754585/;Санкт-Петербург;sale;flat;1;16;1;44.9;9700000;Невский;Складская ;5;Проспект Большевиков;Складская ул./Союзный пр.
Росстройинвест;developer;https://spb.cian.ru/sale/flat/299507552/;Санкт-Петербург;sale;flat;18;23;1;31.8;9731649;Калининский;Финляндский;;Выборгская;Беларт ЖК
Euroinvest Development;developer;https://spb.cian.ru/sale/flat/298511660/;Санкт-Петербург;sale;flat;7;10;1;30.24;9676800;Выборгский; Курчатова;;Политехническая;iD Polytech
Петербургская Недвижимость;representative_developer;https://spb.cian.ru/sale/flat/298769298/;Санкт-Петербург;sale;flat;2;12;1;31.73;9700210;Невский;Невская застава;;Елизаровская;Астра Континенталь ЖК
ТРЕНД;real_estate_agent;https://spb.cian.ru/sale/flat/299338681/;Санкт-Петербург;sale;flat;19;24;1;43.0;9650000;Калининский; Бутлерова;40;Академическая;
Владис Центральный;real_estate_agent;https://spb.cian.ru/sale/flat/299030639/;Санкт-Петербург;sale;flat;13;15;1;35.08;9700000;Невский;Дальневосточный проспект;19к1;;Pulse Premier
ФСК;developer;https://spb.cian.ru/sale/flat/297552991/;Санкт-Петербург;sale;flat;8;13;1;38.36;9691730;Приморский;Коломяжский проспект;4;Черная речка;Апартаменты Zoom Черная Речка
РосСтройИнвест;developer;https://spb.cian.ru/sale/flat/297293013/;Санкт-Петербург;sale;flat;2;13;1;43.9;9666882;Приморский;Юнтолово;;Беговая;Тайм Сквер ЖК
ТРЕНД;real_estate_agent;https://spb.cian.ru/sale/flat/297620727/;Санкт-Петербург;sale;flat;12;19;1;40.5;9650000;Калининский;Северный проспект;75к1;Академическая;
К-25;developer;https://spb.cian.ru/sale/flat/296078229/;Санкт-Петербург;sale;flat;8;12;1;39.55;9689750;Приморский;м. Комендантский проспект;;Комендантский проспект;YE'S Primorsky Комплекс Апартаментов
Группа Аквилон;developer;https://spb.cian.ru/sale/flat/289467293/;Санкт-Петербург;sale;flat;12;12;1;36.32;9676629;Московский;Звёздное;;Звездная;Аквилон Ливз 2 ЖК
РСТИ;developer;https://spb.cian.ru/sale/flat/295859179/;Санкт-Петербург;sale;flat;4;9;1;38.33;9692757;Красносельский; Тамбасова;5;Проспект Ветеранов;Кинопарк
Единый Центр Инвестиций;real_estate_agent;https://spb.cian.ru/sale/flat/290068364/;Санкт-Петербург;sale;flat;14;15;1;38.67;9755000;Василеостровский;проспект Крузенштерна;2;Приморская;Морская набережная
Группа Аквилон;developer;https://spb.cian.ru/sale/flat/285507305/;Санкт-Петербург;sale;flat;3;12;1;38.17;9788086;Московский;Звёздное;;Звездная;Аквилон Leaves
;;https://spb.cian.ru/sale/flat/296731344/;Санкт-Петербург;sale;flat;6;18;1;39.49;9844857;Фрунзенский; Салова;61;Бухарестская;Комплекс апартаментов Valo City
Петербургская Недвижимость;representative_developer;https://spb.cian.ru/sale/flat/296730116/;Санкт-Петербург;sale;flat;1;9;1;32.61;9800152;Невский;Невская застава;;Елизаровская;Астра Марин ЖК
РосСтройИнвест;developer;https://spb.cian.ru/sale/flat/297359524/;Санкт-Петербург;sale;flat;3;17;1;39.94;9800658;Невский;Октябрьская набережная;11Б;Пролетарская;Лайнеръ
Росстройинвест;developer;https://spb.cian.ru/sale/flat/299507514/;Санкт-Петербург;sale;flat;14;23;1;33.07;9824025;Калининский;Финляндский;;Выборгская;Беларт ЖК
Строительный трест;developer;https://spb.cian.ru/sale/flat/298016473/;Санкт-Петербург;sale;flat;2;13;1;36.19;9772000;Калининский;Академическое;;Политехническая;Наука ЖК
Унистрой;developer;https://spb.cian.ru/sale/flat/292533647/;Санкт-Петербург;sale;flat;1;5;1;43.0;9776000;Курортный;;;Беговая;Лисино
Унистрой;developer;https://spb.cian.ru/sale/flat/296825788/;Санкт-Петербург;sale;flat;3;5;1;41.57;9827000;Курортный;;;Беговая;Лисино
Петербургская Недвижимость;representative_developer;https://spb.cian.ru/sale/flat/298999849/;Санкт-Петербург;sale;flat;1;15;1;40.49;9750194;Невский;Октябрьская набережная;36к3;Проспект Большевиков;Pulse Premier
Лидер Групп;developer;https://spb.cian.ru/sale/flat/296306207/;Санкт-Петербург;sale;flat;11;18;1;39.3;9825000;Василеостровский; Вадима Шефнера;4;Василеостровская;Магеллан (Гавань Капитанов)
РСТИ;developer;https://spb.cian.ru/sale/flat/286343989/;Санкт-Петербург;sale;flat;2;19;1;38.83;9796478;Калининский;Финляндский;;Выборгская;Master Place
;;https://spb.cian.ru/sale/flat/297888593/;Санкт-Петербург;sale;flat;5;18;1;39.91;9913644;Фрунзенский; Салова;61;Бухарестская;Комплекс апартаментов Valo City
Первое Агентство Недвижимости;real_estate_agent;https://spb.cian.ru/sale/flat/291855522/;Санкт-Петербург;sale;flat;2;16;1;47.2;9890000;Фрунзенский;Дунайский проспект;34/16;Купчино;
Эталон СПБ;developer;https://spb.cian.ru/sale/flat/298657634/;Санкт-Петербург;sale;flat;1;12;1;40.2;9944849;Московский;Черниговская ;17;Московские ворота;Квартал Che
К-25;developer;https://spb.cian.ru/sale/flat/294913982/;Санкт-Петербург;sale;flat;3;12;1;43.92;9882000;Приморский;м. Комендантский проспект;;Комендантский проспект;YE'S Primorsky Комплекс Апартаментов
РосСтройИнвест;developer;https://spb.cian.ru/sale/flat/297359357/;Санкт-Петербург;sale;flat;3;17;1;33.57;9866659;Невский;Октябрьская набережная;11Б;Пролетарская;Лайнеръ
Группа Аквилон;developer;https://spb.cian.ru/sale/flat/298642029/;Санкт-Петербург;sale;flat;2;12;1;38.53;9885681;Московский;Звёздное;;Звездная;Аквилон Leaves
Master-Group Real Estate;representative_developer;https://spb.cian.ru/sale/flat/299121449/;Санкт-Петербург;sale;flat;18;23;1;48.6;9917998;Выборгский;дорога Ольгинская;;Парнас;Прагма city
Росстройинвест;developer;https://spb.cian.ru/sale/flat/299508254/;Санкт-Петербург;sale;flat;6;22;1;33.35;9854184;Калининский;Финляндский;;Лесная;БелАрт
Euroinvest Development;developer;https://spb.cian.ru/sale/flat/298511664/;Санкт-Петербург;sale;flat;7;10;1;32.05;9935500;Выборгский; Курчатова;;Политехническая;iD Polytech
Euroinvest Development;developer;https://spb.cian.ru/sale/flat/298511515/;Санкт-Петербург;sale;flat;3;10;1;33.02;9906000;Выборгский; Курчатова;;Политехническая;iD Polytech
Росстройинвест;developer;https://spb.cian.ru/sale/flat/299508083/;Санкт-Петербург;sale;flat;8;23;1;30.73;9883098;Калининский;Финляндский;;Выборгская;Беларт ЖК
Альдога;real_estate_agent;https://spb.cian.ru/sale/flat/299297560/;Санкт-Петербург;sale;flat;16;35;1;37.0;9850000;Невский;проспект Обуховской обороны;138к2;Пролетарская;Князь Александр Невский
Унистрой;developer;https://spb.cian.ru/sale/flat/292533846/;Санкт-Петербург;sale;flat;1;5;1;43.56;9915000;Курортный;;;Беговая;Лисино
Петербургская Недвижимость;representative_developer;https://spb.cian.ru/sale/flat/298769312/;Санкт-Петербург;sale;flat;2;12;1;32.54;9900262;Невский;Невская застава;;Елизаровская;Астра Континенталь ЖК
РосСтройИнвест;developer;https://spb.cian.ru/sale/flat/297294249/;Санкт-Петербург;sale;flat;6;13;1;47.0;9869830;Приморский;Юнтолово;;Беговая;Тайм Сквер ЖК
РосСтройИнвест;developer;https://spb.cian.ru/sale/flat/297293998/;Санкт-Петербург;sale;flat;3;13;1;48.6;9900341;Приморский;Юнтолово;;Беговая;Тайм Сквер ЖК
ПИК;developer;https://spb.cian.ru/sale/flat/275298102/;Санкт-Петербург;sale;flat;2;11;1;36.2;9900844;Фрунзенский;Волковское;3;Обводный канал;Витебский Парк ЖК
Первое Агентство Недвижимости;real_estate_agent;https://spb.cian.ru/sale/flat/293465857/;Санкт-Петербург;sale;flat;4;6;1;37.1;9935380;Фрунзенский;Лиговский проспект;251;Обводный канал;
BR Group;real_estate_agent;https://spb.cian.ru/sale/flat/299243940/;Санкт-Петербург;sale;flat;16;25;1;40.5;9900000;Приморский;Байконурская ;26;Комендантский проспект;
ID 80942232;unknown;https://spb.cian.ru/sale/flat/296959460/;Санкт-Петербург;sale;flat;2;17;1;47.4;9900000;Калининский; Веденеева;2;Политехническая;
КругловНедвижимость;real_estate_agent;https://spb.cian.ru/sale/flat/297787581/;Санкт-Петербург;sale;flat;7;19;1;38.5;9900000;Московский;проспект Юрия Гагарина;32В;Московская;Дефанс Бизнес
Петербургская Недвижимость;representative_developer;https://spb.cian.ru/sale/flat/298191336/;Санкт-Петербург;sale;flat;4;12;1;35.98;10000029;Московский;м. Ленинский проспект;;Ленинский проспект;Сенат
Петербургская Недвижимость;representative_developer;https://spb.cian.ru/sale/flat/292970696/;Санкт-Петербург;sale;flat;2;9;1;36.77;9950182;Московский;Новоизмайловское;;;Титул в Московском
ЛСР Санкт-Петербург;developer;https://spb.cian.ru/sale/flat/294539314/;Санкт-Петербург;sale;flat;11;12;1;36.2;9951380;Красногвардейский;Партизанская ;;;ЛСР. Большая Охта
Группа Аквилон;developer;https://spb.cian.ru/sale/flat/285507453/;Санкт-Петербург;sale;flat;12;12;1;33.34;9968260;Московский;Звёздное;;Звездная;Аквилон Leaves
БФА-Девелопмент;developer;https://spb.cian.ru/sale/flat/298609262/;Санкт-Петербург;sale;flat;4;7;1;43.58;10037000;Выборгский;Шувалово-Озерки;;;БФА в Озерках
Росстройинвест;developer;https://spb.cian.ru/sale/flat/299507639/;Санкт-Петербург;sale;flat;2;22;1;35.93;9992989;Калининский;Финляндский;;Лесная;Беларт ЖК
Росстройинвест;developer;https://spb.cian.ru/sale/flat/299507883/;Санкт-Петербург;sale;flat;2;23;1;34.34;9991591;Калининский;Финляндский;;Выборгская;Беларт ЖК
ЛСР Санкт-Петербург;developer;https://spb.cian.ru/sale/flat/298050431/;Санкт-Петербург;sale;flat;15;15;1;32.06;10034780;Василеостровский;Гавань;12;Горный институт;Морская Набережная ЖК
Росстройинвест;developer;https://spb.cian.ru/sale/flat/299508517/;Санкт-Петербург;sale;flat;17;22;1;32.17;9964904;Калининский;Финляндский;;Лесная;БелАрт
ЛСР Санкт-Петербург;developer;https://spb.cian.ru/sale/flat/294538589/;Санкт-Петербург;sale;flat;12;12;1;45.1;10025730;Московский;Московское шоссе;3к5;Звездная;NEOPARK
Альдога;real_estate_agent;https://spb.cian.ru/sale/flat/298835885/;Санкт-Петербург;sale;flat;14;25;1;37.7;9950000;Московский;5-й Предпортовый проезд;1;Московская;
RBI;developer;https://spb.cian.ru/sale/flat/298008193/;Санкт-Петербург;sale;flat;9;16;1;34.5;10010924;Выборгский;Шувалово-Озерки;;Проспект Просвещения;Струны
Самолет;developer;https://spb.cian.ru/sale/flat/295660052/;Санкт-Петербург;sale;flat;13;17;1;41.62;10033687;Красносельский;Константиновское;;Проспект Ветеранов;Сандэй ЖК
ВАРИАНТ;real_estate_agent;https://spb.cian.ru/sale/flat/299415787/;Санкт-Петербург;sale;flat;3;10;1;34.5;9990000;Выборгский;Манчестерская ;5к1;Удельная;Svetlana Park
РосСтройИнвест;developer;https://spb.cian.ru/sale/flat/298643984/;Санкт-Петербург;sale;flat;4;16;1;36.82;10032384;Московский;Кубинская ;82к1;Ленинский проспект;Cube
Петербургская Недвижимость;representative_developer;https://spb.cian.ru/sale/flat/295505716/;Санкт-Петербург;sale;flat;2;12;1;42.67;10000226;Приморский;Коломяги;;Озерки;Прайм Приморский ЖК
ID 58208840;homeowner;https://spb.cian.ru/sale/flat/299168182/;Санкт-Петербург;sale;flat;5;17;1;42.0;9950000;Московский;Варшавская ;19к2;Электросила;
Эталон СПБ;developer;https://spb.cian.ru/sale/flat/298657840/;Санкт-Петербург;sale;flat;1;12;1;40.5;10052573;Московский;Черниговская ;17;Московские ворота;Квартал Che
Группа Аквилон;developer;https://spb.cian.ru/sale/flat/286446798/;Санкт-Петербург;sale;flat;2;12;1;40.53;10055574;Московский;Звёздное;;Звездная;Аквилон Ливз 2 ЖК
Строительный трест;developer;https://spb.cian.ru/sale/flat/299482217/;Санкт-Петербург;sale;flat;5;13;1;37.51;10053000;Калининский;Академическое;;Академическая;Наука ЖК
ПИК;developer;https://spb.cian.ru/sale/flat/288568686/;Санкт-Петербург;sale;flat;2;14;1;34.3;10065506;Фрунзенский;Волковское;1;Обводный канал;Аэронавт ЖК
Euroinvest Development;developer;https://spb.cian.ru/sale/flat/298511487/;Санкт-Петербург;sale;flat;3;10;1;33.62;10086000;Выборгский; Курчатова;;Политехническая;iD Polytech
РосСтройИнвест;developer;https://spb.cian.ru/sale/flat/269631848/;Санкт-Петербург;sale;flat;12;16;1;41.01;10117195;Московский;м. Ленинский проспект;;Ленинский проспект;Cube
Группа Аквилон;developer;https://spb.cian.ru/sale/flat/298641897/;Санкт-Петербург;sale;flat;2;12;1;39.75;10083661;Московский;Звёздное;;Звездная;Аквилон Ливз 2 ЖК
РСТИ;developer;https://spb.cian.ru/sale/flat/286343958/;Санкт-Петербург;sale;flat;1;19;1;41.72;10091482;Калининский;Финляндский;;Выборгская;Master Place
Самолет;developer;https://spb.cian.ru/sale/flat/297429034/;Санкт-Петербург;sale;flat;3;8;1;51.68;10167733;Колпинский;;10;Шушары;Астрид ЖК
ЛСР Санкт-Петербург;developer;https://spb.cian.ru/sale/flat/294538588/;Санкт-Петербург;sale;flat;12;12;1;46.8;10164960;Московский;Московское шоссе;3к5;Звездная;NEOPARK
Росстройинвест;developer;https://spb.cian.ru/sale/flat/299508547/;Санкт-Петербург;sale;flat;20;22;1;31.35;10151579;Калининский;Финляндский;;Лесная;БелАрт
Самолет;developer;https://spb.cian.ru/sale/flat/292393168/;Санкт-Петербург;sale;flat;4;11;1;42.85;10188059;Невский; Гудиловская;6к1;Обухово;Живи! в Рыбацком
Петербургская Недвижимость;representative_developer;https://spb.cian.ru/sale/flat/298896656/;Санкт-Петербург;sale;flat;1;12;1;42.32;10200220;Невский;Невский;;Проспект Большевиков;Пульс Премьер ЖК
Лидер Групп;developer;https://spb.cian.ru/sale/flat/295883164/;Санкт-Петербург;sale;flat;17;24;1;47.17;10188720;Московский;Новоизмайловское;;;YE'S Leader
РосСтройИнвест;developer;https://spb.cian.ru/sale/flat/293304665/;Санкт-Петербург;sale;flat;10;16;1;38.35;10235845;Московский;Кубинская ;82к1;Ленинский проспект;Cube
РосСтройИнвест;developer;https://spb.cian.ru/sale/flat/293304269/;Санкт-Петербург;sale;flat;1;18;1;43.18;10179776;Московский;м. Ленинский проспект;;Ленинский проспект;Cube
РосСтройИнвест;developer;https://spb.cian.ru/sale/flat/297359482/;Санкт-Петербург;sale;flat;15;17;1;41.22;10183640;Невский;Октябрьская набережная;11Б;Пролетарская;Лайнеръ
КВС;developer;https://spb.cian.ru/sale/flat/294621616/;Санкт-Петербург;sale;flat;2;17;1;39.19;10231314;Калининский;Финляндский;;;Квартал бизнес-класса Б15
ПИК;developer;https://spb.cian.ru/sale/flat/275339633/;Санкт-Петербург;sale;flat;2;13;1;38.0;10243584;Фрунзенский;Волковское;3;Обводный канал;Витебский Парк ЖК
Первое Агентство Недвижимости;real_estate_agent;https://spb.cian.ru/sale/flat/291831580/;Санкт-Петербург;sale;flat;4;15;1;44.0;10199000;Василеостровский;набережная Миклухо-Маклая;1к1;Приморская;Морская набережная. SeaView
Петербургская Недвижимость;representative_developer;https://spb.cian.ru/sale/flat/292991976/;Санкт-Петербург;sale;flat;3;12;1;43.97;10150166;Приморский;Коломяги;;Озерки;Прайм Приморский ЖК
Группа Аквилон;developer;https://spb.cian.ru/sale/flat/298641819/;Санкт-Петербург;sale;flat;7;12;1;42.87;10225508;Московский;Звёздное;;Звездная;Аквилон Ливз 2 ЖК
Петербургская Недвижимость;representative_developer;https://spb.cian.ru/sale/flat/294285164/;Санкт-Петербург;sale;flat;1;12;1;41.12;10300004;Московский;м. Ленинский проспект;;Ленинский проспект;Сенат
Петербургская Недвижимость;representative_developer;https://spb.cian.ru/sale/flat/299394247/;Санкт-Петербург;sale;flat;2;6;1;39.09;10300215;Московский;Новоизмайловское;;;Титул в Московском
РосСтройИнвест;developer;https://spb.cian.ru/sale/flat/269631911/;Санкт-Петербург;sale;flat;4;16;1;37.1;10308345;Московский;м. Ленинский проспект;;Ленинский проспект;Cube
Группа Аквилон;developer;https://spb.cian.ru/sale/flat/277319672/;Санкт-Петербург;sale;flat;2;12;1;39.96;10309081;Московский;Звёздное;;Звездная;Аквилон Leaves
BrokerPro;real_estate_agent;https://spb.cian.ru/sale/flat/298751637/;Санкт-Петербург;sale;flat;1;5;1;48.7;10300000;Адмиралтейский; Лабутина;3;Балтийская;
ПИК;developer;https://spb.cian.ru/sale/flat/293409151/;Санкт-Петербург;sale;flat;5;13;1;35.5;10326595;Фрунзенский;Волковское;1;Обводный канал;Аэронавт ЖК
ЛСР Санкт-Петербург;developer;https://spb.cian.ru/sale/flat/298050436/;Санкт-Петербург;sale;flat;15;15;1;33.42;10276650;Василеостровский;Гавань;12;Горный институт;Морская Набережная ЖК
Самолет;developer;https://spb.cian.ru/sale/flat/298422066/;Санкт-Петербург;sale;flat;4;8;1;47.61;10346636;Красносельский;Константиновское;;Проспект Ветеранов;Сандэй ЖК
Мегалит–Охта Групп;developer;https://spb.cian.ru/sale/flat/297025120/;Санкт-Петербург;sale;flat;2;19;1;42.98;10299848;Приморский;Коломяжский проспект;13;Пионерская;Приморский квартал
Петербургская Недвижимость;representative_developer;https://spb.cian.ru/sale/flat/299044101/;Санкт-Петербург;sale;flat;2;12;1;34.21;10250171;Невский;Невская застава;;Елизаровская;Астра Континенталь ЖК
Лидер Групп;developer;https://spb.cian.ru/sale/flat/299555950/;Санкт-Петербург;sale;flat;2;18;1;43.76;10283600;Невский; Тельмана;37;Ломоносовская;ИСКРА-Сити
Эталон СПБ;developer;https://spb.cian.ru/sale/flat/298656057/;Санкт-Петербург;sale;flat;4;18;1;32.8;10292240;Адмиралтейский;бульвар Измайловский;11;Московские ворота;Квартал Галактика
РосСтройИнвест;developer;https://spb.cian.ru/sale/flat/276766541/;Санкт-Петербург;sale;flat;1;18;1;45.46;10345495;Московский;м. Ленинский проспект;;Ленинский проспект;Cube
Мегалит–Охта Групп;developer;https://spb.cian.ru/sale/flat/297024327/;Санкт-Петербург;sale;flat;2;16;1;39.1;10283963;Приморский;Коломяжский проспект;13к3;Пионерская;Приморский квартал
Первое Агентство Недвижимости;real_estate_agent;https://spb.cian.ru/sale/flat/293465828/;Санкт-Петербург;sale;flat;2;6;1;43.9;10316500;Фрунзенский;Лиговский проспект;251;Обводный канал;
Сенатор;developer;https://spb.cian.ru/sale/flat/295094658/;Санкт-Петербург;sale;flat;1;8;1;40.2;10331400;Курортный; Правды;;;Мариоки
ID 97014634;homeowner;https://spb.cian.ru/sale/flat/299573562/;Санкт-Петербург;sale;flat;8;26;1;36.46;10300000;Приморский;Коломяжский проспект;13к2;Пионерская;Приморский квартал
Ленстройтрест;developer;https://spb.cian.ru/sale/flat/298651066/;Санкт-Петербург;sale;flat;7;8;1;44.62;10440368;Приморский;Коломяги;;Проспект Просвещения;Окла ЖК
Группа Аквилон;developer;https://spb.cian.ru/sale/flat/277319755/;Санкт-Петербург;sale;flat;2;12;1;40.82;10392037;Московский;Звёздное;;Звездная;Аквилон Leaves
;;https://spb.cian.ru/sale/flat/298022195/;Санкт-Петербург;sale;flat;4;13;1;36.37;10382272;Калининский;Полюстровский проспект;;Лесная;Respect
;;https://spb.cian.ru/sale/flat/298022196/;Санкт-Петербург;sale;flat;4;13;1;37.39;10406510;Калининский;Полюстровский проспект;;Лесная;Respect
Строительный трест;developer;https://spb.cian.ru/sale/flat/298016451/;Санкт-Петербург;sale;flat;4;13;1;38.68;10444000;Калининский;Академическое;;Политехническая;Наука ЖК
Строительный трест;developer;https://spb.cian.ru/sale/flat/298016518/;Санкт-Петербург;sale;flat;10;13;1;34.9;10401000;Калининский;Академическое;;Политехническая;Наука ЖК
Росстройинвест;developer;https://spb.cian.ru/sale/flat/294545485/;Санкт-Петербург;sale;flat;12;12;1;45.07;10448648;Красногвардейский;Полюстрово;;Академическая;Академик
Росстройинвест;developer;https://spb.cian.ru/sale/flat/299507434/;Санкт-Петербург;sale;flat;22;23;1;33.0;10424065;Калининский;Полюстровский проспект;75;Лесная;БелАрт
Эталон СПБ;developer;https://spb.cian.ru/sale/flat/298657543/;Санкт-Петербург;sale;flat;1;8;1;40.5;10415769;Московский;Черниговская ;13к2;Московские ворота;Квартал Che
Эталон СПБ;developer;https://spb.cian.ru/sale/flat/298657611/;Санкт-Петербург;sale;flat;1;8;1;38.0;10424382;Московский;Черниговская ;11к1;Московские ворота;Квартал Che
ПИК;developer;https://spb.cian.ru/sale/flat/298767272/;Санкт-Петербург;sale;flat;9;13;1;36.1;10441748;Выборгский;Сампсониевское;;Лесная;Кантемировская 11 ЖК
РосСтройИнвест;developer;https://spb.cian.ru/sale/flat/297291735/;Санкт-Петербург;sale;flat;4;13;1;48.6;10426747;Приморский;Юнтолово;;Беговая;Тайм Сквер
Мегалит–Охта Групп;developer;https://spb.cian.ru/sale/flat/297024937/;Санкт-Петербург;sale;flat;4;19;1;41.36;10400160;Приморский;Коломяжский проспект;13;Пионерская;Приморский квартал
Петербургская Недвижимость;representative_developer;https://spb.cian.ru/sale/flat/292473729/;Санкт-Петербург;sale;flat;3;12;1;44.77;10350062;Приморский;Коломяги;;Озерки;Прайм Приморский ЖК
КВС;developer;https://spb.cian.ru/sale/flat/294621659/;Санкт-Петербург;sale;flat;3;17;1;39.66;10363734;Калининский;Финляндский;;;Квартал бизнес-класса Б15
РСТИ;developer;https://spb.cian.ru/sale/flat/292590445/;Санкт-Петербург;sale;flat;4;19;1;41.13;10376751;Калининский;Финляндский;;Выборгская;Master Place
Euroinvest Development;developer;https://spb.cian.ru/sale/flat/293271688/;Санкт-Петербург;sale;flat;3;12;1;37.66;10447637;Выборгский;Светлановское;;Удельная;ID Svetlanovskiy
Петербургская Недвижимость;representative_developer;https://spb.cian.ru/sale/flat/298769351/;Санкт-Петербург;sale;flat;2;12;1;34.94;10450187;Невский;Невская застава;;Елизаровская;Астра Континенталь ЖК
Лидер Групп;developer;https://spb.cian.ru/sale/flat/299555947/;Санкт-Петербург;sale;flat;4;18;1;42.55;10531125;Невский; Тельмана;37;Ломоносовская;ИСКРА-Сити
Lighthome Real Estate;real_estate_agent;https://spb.cian.ru/sale/flat/297276573/;Санкт-Петербург;sale;flat;20;20;1;43.6;10500000;Московский;Варшавская ;19к5;Электросила;
Эталон СПБ;developer;https://spb.cian.ru/sale/flat/298657871/;Санкт-Петербург;sale;flat;1;12;1;43.1;10541000;Московский;Черниговская ;17;Московские ворота;Квартал Che
;;https://spb.cian.ru/sale/flat/298022255/;Санкт-Петербург;sale;flat;4;13;1;37.96;10484055;Калининский;Полюстровский проспект;;Лесная;Respect
Строительный трест;developer;https://spb.cian.ru/sale/flat/289786757/;Санкт-Петербург;sale;flat;2;11;1;40.36;10494000;Калининский;Академическое;;Политехническая;Наука ЖК
Росстройинвест;developer;https://spb.cian.ru/sale/flat/299508200/;Санкт-Петербург;sale;flat;3;22;1;37.31;10544433;Калининский;Финляндский;;Лесная;БелАрт
Росстройинвест;developer;https://spb.cian.ru/sale/flat/299507503/;Санкт-Петербург;sale;flat;13;23;1;37.23;10545471;Калининский;Финляндский;;Выборгская;Беларт ЖК
РосСтройИнвест;developer;https://spb.cian.ru/sale/flat/297290955/;Санкт-Петербург;sale;flat;2;13;1;47.9;10509452;Приморский;Юнтолово;;Беговая;Тайм Сквер ЖК
РосСтройИнвест;developer;https://spb.cian.ru/sale/flat/297294542/;Санкт-Петербург;sale;flat;3;13;1;43.9;10525795;Приморский;Юнтолово;;Беговая;Тайм Сквер
ТРЕНД;real_estate_agent;https://spb.cian.ru/sale/flat/299184877/;Санкт-Петербург;sale;flat;2;16;1;42.0;10499999;Приморский; Савушкина;128к1Б;Беговая;
Ленстройтрест;developer;https://spb.cian.ru/sale/flat/298770162/;Санкт-Петербург;sale;flat;6;7;1;36.35;10495440;Приморский;набережная Реки Каменки;3к3;Озерки;Окла
ПИК;developer;https://spb.cian.ru/sale/flat/290735434/;Санкт-Петербург;sale;flat;7;13;1;34.6;10531548;Фрунзенский;Волковское;1;Обводный канал;Аэронавт ЖК
ПИК;developer;https://spb.cian.ru/sale/flat/288568720/;Санкт-Петербург;sale;flat;6;14;1;36.6;10463500;Фрунзенский;Волковское;5;Обводный канал;Витебский Парк ЖК
Петербургская Недвижимость;representative_developer;https://spb.cian.ru/sale/flat/296754151/;Санкт-Петербург;sale;flat;1;9;1;34.93;10500045;Невский;Невская застава;;Елизаровская;Астра Марин ЖК
РСТИ;developer;https://spb.cian.ru/sale/flat/295859060/;Санкт-Петербург;sale;flat;3;9;1;41.89;10493456;Красносельский; Тамбасова;5;Проспект Ветеранов;Кинопарк
КВС;developer;https://spb.cian.ru/sale/flat/294621790/;Санкт-Петербург;sale;flat;13;17;1;41.64;10513828;Калининский;Финляндский;;;Квартал бизнес-класса Б15
Мегалит–Охта Групп;developer;https://spb.cian.ru/sale/flat/297024987/;Санкт-Петербург;sale;flat;7;19;1;41.97;10543942;Приморский;Коломяжский проспект;13;Пионерская;Приморский квартал
Ленстройтрест;developer;https://spb.cian.ru/sale/flat/298650965/;Санкт-Петербург;sale;flat;2;8;1;45.66;10620444;Приморский;Коломяги;;Проспект Просвещения;Окла ЖК
Отделстрой;developer;https://spb.cian.ru/sale/flat/298256658/;Санкт-Петербург;sale;flat;7;12;1;36.03;10600000;Выборгский;Большой Сампсониевский проспект;70к3;Выборгская;Новый Лесснер
Строительный трест;developer;https://spb.cian.ru/sale/flat/289786778/;Санкт-Петербург;sale;flat;2;11;1;38.8;10554000;Калининский; Академика Константинова;1к1;Академическая;Наука
Квадратный метр;real_estate_agent;https://spb.cian.ru/sale/flat/299636534/;Санкт-Петербург;sale;flat;2;19;1;37.0;10570000;Московский; Среднерогатская;16к2;Звездная;4YOU
THE KEYS;real_estate_agent;https://spb.cian.ru/sale/flat/297529518/;Санкт-Петербург;sale;flat;2;10;1;30.5;10590000;Выборгский;Манчестерская ;3;Удельная;Svetlana Park
Унистрой;developer;https://spb.cian.ru/sale/flat/294286441/;Санкт-Петербург;sale;flat;3;5;1;44.95;10615000;Курортный;;;Беговая;Лисино
Эталон СПБ;developer;https://spb.cian.ru/sale/flat/298657519/;Санкт-Петербург;sale;flat;1;12;1;42.3;10614858;Московский;Черниговская ;17;Московские ворота;Квартал Che
РосСтройИнвест;developer;https://spb.cian.ru/sale/flat/297291078/;Санкт-Петербург;sale;flat;4;13;1;45.6;10643769;Приморский;Юнтолово;;Беговая;Тайм Сквер ЖК
Мегалит–Охта Групп;developer;https://spb.cian.ru/sale/flat/297024321/;Санкт-Петербург;sale;flat;2;16;1;39.92;10622557;Приморский;Коломяжский проспект;13к3;Пионерская;Приморский квартал
Мегалит–Охта Групп;developer;https://spb.cian.ru/sale/flat/297024300/;Санкт-Петербург;sale;flat;2;16;1;42.66;10579381;Приморский;Коломяжский проспект;13к3;Пионерская;Приморский квартал
Euroinvest Development;developer;https://spb.cian.ru/sale/flat/293271656/;Санкт-Петербург;sale;flat;3;12;1;38.6;10633528;Выборгский;Светлановское;;Удельная;ID Svetlanovskiy
Группа Аквилон;developer;https://spb.cian.ru/sale/flat/298641764/;Санкт-Петербург;sale;flat;2;12;1;41.77;10640373;Московский;Звёздное;;Звездная;Аквилон Ливз 2 ЖК
Ленстройтрест;developer;https://spb.cian.ru/sale/flat/298651121/;Санкт-Петербург;sale;flat;1;7;1;40.03;10614660;Приморский;шоссе Суздальское;18к3;Проспект Просвещения;Окла
КВС;developer;https://spb.cian.ru/sale/flat/294621842/;Санкт-Петербург;sale;flat;2;17;1;42.57;10557913;Калининский;Финляндский;;;Квартал бизнес-класса Б15
Единый Центр Инвестиций;real_estate_agent;https://spb.cian.ru/sale/flat/289698342/;Санкт-Петербург;sale;flat;3;9;1;40.58;10705000;Приморский;Студенческая ;14к1;;Terra
Петербургская Недвижимость;representative_developer;https://spb.cian.ru/sale/flat/299493840/;Санкт-Петербург;sale;flat;6;12;1;46.25;10650149;Приморский;Коломяги;;Озерки;Прайм Приморский ЖК
Петербургская Недвижимость;representative_developer;https://spb.cian.ru/sale/flat/296753492/;Санкт-Петербург;sale;flat;1;10;1;36.7;10734750;Выборгский;Манчестерская ;3;Удельная;Svetlana Park
;;https://spb.cian.ru/sale/flat/298855182/;Санкт-Петербург;sale;flat;3;13;1;38.82;10656017;Калининский;Полюстровский проспект;;Лесная;Respect
Строительный трест;developer;https://spb.cian.ru/sale/flat/295198498/;Санкт-Петербург;sale;flat;2;8;1;33.5;10720000;Василеостровский;Гавань;;Приморская;Парусная 1
ЛСР Санкт-Петербург;developer;https://spb.cian.ru/sale/flat/296662575/;Санкт-Петербург;sale;flat;15;15;1;36.01;10712975;Василеостровский;Гавань;12;Горный институт;Морская Набережная ЖК
Росстройинвест;developer;https://spb.cian.ru/sale/flat/299508032/;Санкт-Петербург;sale;flat;2;23;1;39.45;10728626;Калининский;Финляндский;;Выборгская;Беларт ЖК
Унистрой;developer;https://spb.cian.ru/sale/flat/292533599/;Санкт-Петербург;sale;flat;2;5;1;45.59;10748000;Курортный;;;Беговая;Лисино
Эталон СПБ;developer;https://spb.cian.ru/sale/flat/298657503/;Санкт-Петербург;sale;flat;1;12;1;38.6;10701959;Московский;Черниговская ;17;Московские ворота;Квартал Che
Эталон СПБ;developer;https://spb.cian.ru/sale/flat/298657619/;Санкт-Петербург;sale;flat;1;8;1;39.3;10748787;Московский;Черниговская ;11к1;Московские ворота;Квартал Che
РосСтройИнвест;developer;https://spb.cian.ru/sale/flat/297359399/;Санкт-Петербург;sale;flat;9;17;1;41.64;10707909;Невский;Октябрьская набережная;11Б;Пролетарская;Лайнеръ
Петербургская Недвижимость;representative_developer;https://spb.cian.ru/sale/flat/296753822/;Санкт-Петербург;sale;flat;1;10;1;29.7;10558350;Выборгский;Манчестерская ;3к1;Удельная;Svetlana Park
ТРЕНД;real_estate_agent;https://spb.cian.ru/sale/flat/298653953/;Санкт-Петербург;sale;flat;2;14;1;33.6;10500000;Приморский;Красногвардейский переулок;8;Лесная;ЦДС Черная речка
ID 69708335;unknown;https://spb.cian.ru/sale/flat/299078734/;Санкт-Петербург;sale;flat;6;14;1;35.9;10500000;Приморский;Земледельческая ;3;Лесная;Terra
ПИА Недвижимость;representative_developer;https://spb.cian.ru/sale/flat/298740048/;Санкт-Петербург;sale;flat;-1;-1;-1;202.0;10617626;Василеостровский;Морской;;;Глоракс Василеостровский ЖК
Этажи Санкт-Петербург;real_estate_agent;https://spb.cian.ru/sale/flat/292685154/;Санкт-Петербург;sale;flat;4;14;1;38.93;10500000;Приморский;Чёрная речка;;;Черная Речка ЖК
Петербургское Агентство Недвижимости;real_estate_agent;https://spb.cian.ru/sale/flat/299385773/;Санкт-Петербург;sale;flat;3;14;1;40.58;10650000;Приморский;Студенческая ;14к1;Лесная;Terra
РСТИ;developer;https://spb.cian.ru/sale/flat/278767288/;Санкт-Петербург;sale;flat;2;13;1;39.7;11772803;Приморский;Студенческая ;14к2;Лесная;Terra
