author;author_type;url;location;deal_type;accommodation_type;floor;floors_count;rooms_count;total_meters;price;district;street;house_number;underground;residential_complex
Euroinvest Development;developer;https://spb.cian.ru/sale/flat/293271881/;Санкт-Петербург;sale;flat;3;12;3;93.25;22703578;Выборгский;Светлановское;;Удельная;ID Svetlanovskiy
NF GROUP  St Petersburg;real_estate_agent;https://spb.cian.ru/sale/flat/293686843/;Санкт-Петербург;sale;flat;3;8;3;96.0;54000000;Центральный;Парадная ;3к2;Чернышевская;Парадный квартал
Euroinvest Development;developer;https://spb.cian.ru/sale/flat/293271799/;Санкт-Петербург;sale;flat;2;12;3;75.03;19577578;Выборгский;Светлановское;;Удельная;ID Svetlanovskiy
NF GROUP  St Petersburg;real_estate_agent;https://spb.cian.ru/sale/flat/294201834/;Санкт-Петербург;sale;flat;2;7;3;107.2;80000000;Центральный;Большая Морская ;4;Адмиралтейская;
RBI;developer;https://spb.cian.ru/sale/flat/295748266/;Санкт-Петербург;sale;flat;8;15;3;84.2;20066696;Выборгский;Шувалово-Озерки;;Проспект Просвещения;Струны
BEYOND. ex-Engel  Volkers;real_estate_agent;https://spb.cian.ru/sale/flat/294562193/;Санкт-Петербург;sale;flat;3;3;3;125.0;160000000;Петроградский;2-я Березовая аллея;13-15В;;
Sun Development;developer;https://spb.cian.ru/sale/flat/293435894/;Санкт-Петербург;sale;flat;4;7;3;90.96;28660412;Василеостровский;11-я Васильевского острова линия;56;Василеостровская;Клубный дом Monodom Line
ID 22496;real_estate_agent;https://spb.cian.ru/sale/flat/299446065/;Санкт-Петербург;sale;flat;6;9;3;142.6;39000000;Петроградский; Малая Зеленина;8;Чкаловская;Октавия
LEGENDA Intelligent Development;developer;https://spb.cian.ru/sale/flat/299465293/;Санкт-Петербург;sale;flat;3;12;3;78.33;25143930;Выборгский;Сампсониевское;;Выборгская;Сампсониевский 32
Мир Квартир Элит;real_estate_agent;https://spb.cian.ru/sale/flat/288722870/;Санкт-Петербург;sale;flat;6;6;3;153.6;43900000;Петроградский;Съезжинская ;24;Спортивная;
ЛСР Санкт-Петербург;developer;https://spb.cian.ru/sale/flat/294541810/;Санкт-Петербург;sale;flat;9;20;3;58.17;10208835;Красногвардейский;м. Гражданский проспект;;Гражданский проспект;Ручьи ЖК
Мир Квартир Элит;real_estate_agent;https://spb.cian.ru/sale/flat/297340742/;Санкт-Петербург;sale;flat;6;9;3;95.0;34500000;Петроградский;Большая Посадская ;12;Горьковская;Собрание
Лидер Групп;developer;https://spb.cian.ru/sale/flat/286950189/;Санкт-Петербург;sale;flat;18;23;3;104.66;28729170;Московский;Гагаринское;;;Дефанс ЖК
ID 15075108;homeowner;https://spb.cian.ru/sale/flat/296073186/;Санкт-Петербург;sale;flat;3;4;3;93.2;19880000;Приморский;Парашютная ;15;Комендантский проспект;
GloraX;developer;https://spb.cian.ru/sale/flat/291004590/;Санкт-Петербург;sale;flat;7;14;3;91.14;21919999;Красногвардейский;проспект Энергетиков;2;;GloraX Заневский
NF GROUP  St Petersburg;real_estate_agent;https://spb.cian.ru/sale/flat/289478924/;Санкт-Петербург;sale;flat;1;6;3;201.8;58320000;Петроградский;набережная Мартынова;74Д;Крестовский остров;
LEGENDA Intelligent Development;developer;https://spb.cian.ru/sale/flat/299636437/;Санкт-Петербург;sale;flat;2;11;3;91.75;29635250;Красногвардейский; Стахановцев;1;Новочеркасская;Малоохтинский, 68
Престиж;real_estate_agent;https://spb.cian.ru/sale/flat/296488797/;Санкт-Петербург;sale;flat;3;6;3;120.0;56000000;Петроградский;проспект Малый Петроградской стороны;79-81-83;Петроградская;
LEGENDA Intelligent Development;developer;https://spb.cian.ru/sale/flat/299540715/;Санкт-Петербург;sale;flat;15;23;3;157.0;54431900;Выборгский;аллея Академика Лихачева;7;Площадь Мужества;Институтский, 16
NF GROUP  St Petersburg;real_estate_agent;https://spb.cian.ru/sale/flat/298017709/;Санкт-Петербург;sale;flat;3;10;3;150.0;105000000;Петроградский;Вязовая ;8;Крестовский остров;Привилегия
GloraX;developer;https://spb.cian.ru/sale/flat/299481506/;Санкт-Петербург;sale;flat;6;9;3;62.8;19729999;Адмиралтейский; Шкапина;43-45;Балтийская;GloraX Балтийская
BEYOND. ex-Engel  Volkers;real_estate_agent;https://spb.cian.ru/sale/flat/297720131/;Санкт-Петербург;sale;flat;4;6;3;127.6;67000000;Петроградский;Петровский проспект;;Спортивная;"Элитный комплекс ""ROYAL PARK"""
РСТИ;developer;https://spb.cian.ru/sale/flat/295858534/;Санкт-Петербург;sale;flat;2;9;3;73.04;15585144;Красносельский; Тамбасова;5;Проспект Ветеранов;Кинопарк
Гранит Инвест;real_estate_agent;https://spb.cian.ru/sale/flat/297078434/;Санкт-Петербург;sale;flat;3;11;3;64.0;19520000;Приморский;Фермское шоссе;12Б;Удельная;
Рикэл;developer;https://spb.cian.ru/sale/flat/290341286/;Санкт-Петербург;sale;flat;24;25;3;108.5;22900000;Калининский;Светлановский проспект;121к1;Гражданский проспект;Эврика
BE HOME;real_estate_agent;https://spb.cian.ru/sale/flat/298048424/;Санкт-Петербург;sale;flat;3;5;3;132.0;34000000;Выборгский;Калязинская ;7;Удельная;Калязинская 7
ГлавстройСПб;developer;https://spb.cian.ru/sale/flat/297361049/;Санкт-Петербург;sale;flat;5;24;3;54.9;9195750;Приморский; Ивинская;19к1;Комендантский проспект;Юнтолово
NF GROUP  St Petersburg;real_estate_agent;https://spb.cian.ru/sale/flat/299243392/;Санкт-Петербург;sale;flat;3;3;3;125.0;160000000;Петроградский;2-я Березовая аллея;13-15;Крестовский остров;
Балтийская коммерция;developer;https://spb.cian.ru/sale/flat/273852753/;Санкт-Петербург;sale;flat;2;9;3;109.51;41427633;Петроградский; Малая Зеленина;;Чкаловская;Квадрия
Ирина Прокофьева;realtor;https://spb.cian.ru/sale/flat/299057100/;Санкт-Петербург;sale;flat;3;5;3;64.0;14750000;Василеостровский;17-я Васильевского острова линия;28;Василеостровская;
GloraX;developer;https://spb.cian.ru/sale/flat/299505999/;Санкт-Петербург;sale;flat;2;19;3;72.39;20209999;Василеостровский;Морской;;;Глоракс Премиум Василеостровский ЖК
Суслов недвижимость;real_estate_agent;https://spb.cian.ru/sale/flat/299345112/;Санкт-Петербург;sale;flat;2;5;3;56.0;13200000;Василеостровский; Шевченко;29;Приморская;
AAG;developer;https://spb.cian.ru/sale/flat/298529950/;Санкт-Петербург;sale;flat;2;8;3;92.32;37081235;Петроградский;Пионерская ;53;Чкаловская;Avant
ID 110494590;homeowner;https://spb.cian.ru/sale/flat/297329095/;Санкт-Петербург;sale;flat;3;5;3;55.0;12900000;Приморский;Школьная ;70;Старая Деревня;
Петербургская Недвижимость;representative_developer;https://spb.cian.ru/sale/flat/298769234/;Санкт-Петербург;sale;flat;2;7;3;129.6;61819200;Петроградский;Петровский проспект;28к2;Крестовский остров;Grand View
ID 89672563;homeowner;https://spb.cian.ru/sale/flat/299095961/;Санкт-Петербург;sale;flat;20;25;3;80.0;17700000;Приморский;проспект Королева;7;Пионерская;Зенит
AAG;developer;https://spb.cian.ru/sale/flat/298322121/;Санкт-Петербург;sale;flat;3;9;3;95.28;37496610;Красногвардейский; Помяловского;;Новочеркасская;Akzent
NF GROUP  St Petersburg;real_estate_agent;https://spb.cian.ru/sale/flat/299243396/;Санкт-Петербург;sale;flat;3;9;3;83.1;33500000;Петроградский;проспект Медиков;10к5;Петроградская;Европа Сити
AAG;developer;https://spb.cian.ru/sale/flat/298267697/;Санкт-Петербург;sale;flat;2;7;3;77.14;40756503;Василеостровский;Васильевский;;Василеостровская;Amo
ЦН КВАДРАТ;real_estate_agent;https://spb.cian.ru/sale/flat/293749751/;Санкт-Петербург;sale;flat;5;5;3;92.5;21000000;Адмиралтейский;Троицкий проспект;10;Технологический институт;
Унистрой;developer;https://spb.cian.ru/sale/flat/277296499/;Санкт-Петербург;sale;flat;2;10;3;98.2;27800000;Красногвардейский;Большая Охта;;Площадь Ленина;Юпоинт ЖК
Суслов недвижимость;real_estate_agent;https://spb.cian.ru/sale/flat/299055905/;Санкт-Петербург;sale;flat;3;9;3;65.7;11999999;Невский; Подвойского;34к1;Улица Дыбенко;
Петербургская Недвижимость;representative_developer;https://spb.cian.ru/sale/flat/296753484/;Санкт-Петербург;sale;flat;6;6;3;140.0;79380000;Московский; Гастелло;7;Московская;Victory Plaza
BEYOND. ex-Engel  Volkers;real_estate_agent;https://spb.cian.ru/sale/flat/297327666/;Санкт-Петербург;sale;flat;1;6;3;192.7;58800000;Петроградский;набережная Мартынова;74Д;;
RBI;developer;https://spb.cian.ru/sale/flat/299132008/;Санкт-Петербург;sale;flat;4;14;3;82.5;22163595;Фрунзенский;Волковское;;Волковская;Аэронавт ЖК
BEYOND. ex-Engel  Volkers;real_estate_agent;https://spb.cian.ru/sale/flat/286662063/;Санкт-Петербург;sale;flat;2;9;3;126.7;36900000;Петроградский;Петровский проспект;11к2;;Neva Haus
RBI;developer;https://spb.cian.ru/sale/flat/299135837/;Санкт-Петербург;sale;flat;2;6;3;97.7;36067792;Центральный;Миргородская ;1;Площадь Александра Невского;Миръ
ID 113411412;homeowner;https://spb.cian.ru/sale/flat/298695832/;Санкт-Петербург;sale;flat;8;11;3;108.5;32500000;Центральный;Кременчугская ;17к3;Площадь Восстания;Царская столица
GloraX;developer;https://spb.cian.ru/sale/flat/299064304/;Санкт-Петербург;sale;flat;2;20;3;80.3;20679999;Василеостровский; Челюскина;8;;Golden City
BEYOND. ex-Engel  Volkers;real_estate_agent;https://spb.cian.ru/sale/flat/298277726/;Санкт-Петербург;sale;flat;3;5;3;138.0;150000000;Петроградский;набережная Мартынова;62И;;
ГлавстройСПб;developer;https://spb.cian.ru/sale/flat/297361443/;Санкт-Петербург;sale;flat;2;23;3;62.57;11910212;Приморский; Ивинская;1к4;Зенит;ПАРК-КВАРТАЛ Юнтолово
BEYOND. ex-Engel  Volkers;real_estate_agent;https://spb.cian.ru/sale/flat/298392017/;Санкт-Петербург;sale;flat;5;6;3;86.8;89000000;Петроградский;Спортивная ;2;Крестовский остров;Крестовский de luxe
Группа Аквилон;developer;https://spb.cian.ru/sale/flat/299294160/;Санкт-Петербург;sale;flat;3;9;3;107.9;43299445;Петроградский;Лодейнопольская ;7;Чкаловская;Авторский дом Tesoro by Akvilon
ХочуКвартиру;real_estate_agent;https://spb.cian.ru/sale/flat/270676747/;Санкт-Петербург;sale;flat;16;24;3;61.35;7999999;Невский;проспект Большевиков;;Улица Дыбенко;Про.Молодость
LEGENDA Development;developer;https://spb.cian.ru/sale/flat/297998257/;Санкт-Петербург;sale;flat;2;9;3;89.74;29614200;Приморский;Чёрная речка;;Черная речка;Черная речка, 41
Вам к нам;real_estate_agent;https://spb.cian.ru/sale/flat/299009879/;Санкт-Петербург;sale;flat;6;21;3;77.6;21000000;Красногвардейский;проспект Энергетиков;9к3;Новочеркасская;ЗимаЛето
ГлавстройСПб;developer;https://spb.cian.ru/sale/flat/297361409/;Санкт-Петербург;sale;flat;17;27;3;65.99;12729480;Выборгский;проезд Толубеевский;34к2;;Северная долина
BEYOND. ex-Engel  Volkers;real_estate_agent;https://spb.cian.ru/sale/flat/285457188/;Санкт-Петербург;sale;flat;5;9;3;103.95;38900000;Центральный;Миргородская ;20;Площадь Александра Невского;Grand House
Петербургская Строительная Компания;developer;https://spb.cian.ru/sale/flat/284740242/;Санкт-Петербург;sale;flat;2;7;3;101.4;34476000;Петроградский;набережная Реки Карповки;31к2;Петроградская;Северная Корона
BEYOND. ex-Engel  Volkers;real_estate_agent;https://spb.cian.ru/sale/flat/286484033/;Санкт-Петербург;sale;flat;2;5;3;216.4;207531061;Петроградский;набережная Гребного канала;1;Крестовский остров;"Комплекс резиденций ""Императорский Яхтъ-клуб"""
GloraX;developer;https://spb.cian.ru/sale/flat/282487374/;Санкт-Петербург;sale;flat;3;18;3;67.94;19989999;Василеостровский;Морской;;;Глоракс Василеостровский ЖК
BEYOND. ex-Engel  Volkers;real_estate_agent;https://spb.cian.ru/sale/flat/298467199/;Санкт-Петербург;sale;flat;9;9;3;108.04;64824000;Петроградский;Большая Разночинная ;21;Чкаловская;Клубный дом 
Красная Стрела;developer;https://spb.cian.ru/sale/flat/298270932/;Санкт-Петербург;sale;flat;2;9;3;82.91;27081759;Василеостровский;7-я Васильевского острова линия;84;Василеостровская;Регенбоген
KARTES;real_estate_agent;https://spb.cian.ru/sale/flat/279933895/;Санкт-Петербург;sale;flat;4;5;3;60.7;7300000;Невский;3-й Рабфаковский переулок;8;Обухово;
Балтийская коммерция;developer;https://spb.cian.ru/sale/flat/288420252/;Санкт-Петербург;sale;flat;3;9;3;87.73;28082373;Петроградский;Петроградская набережная;38;Горьковская;Мануфактура James Beck
Вита;real_estate_agent;https://spb.cian.ru/sale/flat/299168449/;Санкт-Петербург;sale;flat;24;28;3;94.5;13000000;Выборгский;Заречная ;11к6;Парнас;Три апельсина
Базис;developer;https://spb.cian.ru/sale/flat/291806237/;Санкт-Петербург;sale;flat;6;12;3;98.1;28449000;Приморский;Белоостровская ;7;Лесная;Белый остров
ID 48043766;homeowner;https://spb.cian.ru/sale/flat/257443065/;Санкт-Петербург;sale;flat;16;18;3;102.9;21900000;Василеостровский;бульвар Александра Грина;2к2;Приморская;Нахимов (Гавань Капитанов)
Петербургская Недвижимость;representative_developer;https://spb.cian.ru/sale/flat/295028939/;Санкт-Петербург;sale;flat;2;12;3;73.58;21400338;Василеостровский;Уральская ;;Василеостровская;Amber Club
BEYOND. ex-Engel  Volkers;real_estate_agent;https://spb.cian.ru/sale/flat/298392016/;Санкт-Петербург;sale;flat;2;11;3;97.8;45000000;Красногвардейский;Пискаревский проспект;1;;Четыре горизонта
Петербургская Строительная Компания;developer;https://spb.cian.ru/sale/flat/293263671/;Санкт-Петербург;sale;flat;2;9;3;94.95;32529818;Центральный;проспект Бакунина;;Площадь Александра Невского;Bakunina 33
BEYOND. ex-Engel  Volkers;real_estate_agent;https://spb.cian.ru/sale/flat/285457308/;Санкт-Петербург;sale;flat;3;9;3;137.0;65000000;Петроградский;Кемская ;1;Крестовский остров;
LEGENDA Development;developer;https://spb.cian.ru/sale/flat/297998664/;Санкт-Петербург;sale;flat;6;9;3;92.49;42554649;Василеостровский;20-я Васильевского острова линия;19;Василеостровская;Большой, 67
NF GROUP  St Petersburg;real_estate_agent;https://spb.cian.ru/sale/flat/299568113/;Санкт-Петербург;sale;flat;4;4;3;134.0;145000000;Петроградский;Чкаловское;5;Крестовский остров;
ФСК;developer;https://spb.cian.ru/sale/flat/299383441/;Санкт-Петербург;sale;flat;5;5;3;79.4;20247000;Пушкинский; Камероновская;14к1;;UP-квартал Пушкинский
BR Group;real_estate_agent;https://spb.cian.ru/sale/flat/292144791/;Санкт-Петербург;sale;flat;8;16;3;81.4;13850000;Красносельский;шоссе Красносельское;56к2;Проспект Ветеранов;Дудергофская линия 3
Петербургская Недвижимость;representative_developer;https://spb.cian.ru/sale/flat/298634691/;Санкт-Петербург;sale;flat;4;9;3;81.98;25850302;Невский;Невская застава;;Елизаровская;Астра Марин ЖК
Ринкон;real_estate_agent;https://spb.cian.ru/sale/flat/299610962/;Санкт-Петербург;sale;flat;8;16;3;87.6;15000000;Красносельский; Доблести;28к1;Ленинский проспект;
Петербургская Недвижимость;representative_developer;https://spb.cian.ru/sale/flat/296753472/;Санкт-Петербург;sale;flat;2;8;3;122.9;38099000;Петроградский;Петровский проспект;26к2;Чкаловская;The One
BR Group;real_estate_agent;https://spb.cian.ru/sale/flat/270083815/;Санкт-Петербург;sale;flat;7;10;3;72.9;9850000;Красносельский; Коммунаров;118к1;Проспект Ветеранов;
ПИК;developer;https://spb.cian.ru/sale/flat/296793419/;Санкт-Петербург;sale;flat;2;13;3;66.2;16910361;Выборгский;Сампсониевское;;Лесная;Кантемировская 11 ЖК
BR Group;real_estate_agent;https://spb.cian.ru/sale/flat/283214295/;Санкт-Петербург;sale;flat;3;11;3;128.5;24499000;Выборгский;Манчестерская ;4;Удельная;
Петербургская Недвижимость;representative_developer;https://spb.cian.ru/sale/flat/297188063/;Санкт-Петербург;sale;flat;8;10;3;93.1;29745450;Выборгский;Светлановское;;Удельная;Svetlana Park
NF GROUP  St Petersburg;real_estate_agent;https://spb.cian.ru/sale/flat/299243363/;Санкт-Петербург;sale;flat;6;6;3;380.0;300000000;Центральный;Итальянская ;12а;Гостиный двор;
Euroinvest Development;developer;https://spb.cian.ru/sale/flat/267475645/;Санкт-Петербург;sale;flat;2;11;3;75.95;23206522;Московский;Благодатная ;50;Электросила;iD Park Pobedy
NF GROUP  St Petersburg;real_estate_agent;https://spb.cian.ru/sale/flat/299568150/;Санкт-Петербург;sale;flat;7;14;3;141.0;123500000;Петроградский;Песочная набережная;40;Чкаловская;
ЛСР Санкт-Петербург;developer;https://spb.cian.ru/sale/flat/294545826/;Санкт-Петербург;sale;flat;5;9;3;93.4;32540560;Петроградский;Петровский проспект;11к3;Спортивная;Neva Haus
ЮР-РИЭЛТ;real_estate_agent;https://spb.cian.ru/sale/flat/299529021/;Санкт-Петербург;sale;flat;5;10;3;67.3;14100000;Приморский;Приморский проспект;151;Беговая;
ЛСР Санкт-Петербург;developer;https://spb.cian.ru/sale/flat/294544964/;Санкт-Петербург;sale;flat;4;8;3;73.11;27745245;Петроградский;Ремесленная ;;Спортивная;Neva Residence
ЦН КВАДРАТ;real_estate_agent;https://spb.cian.ru/sale/flat/292865568/;Санкт-Петербург;sale;flat;7;25;3;92.4;22500000;Калининский;проспект Просвещения;99;Гражданский проспект;Новое Созвездие
Петербургская Недвижимость;representative_developer;https://spb.cian.ru/sale/flat/299626011/;Санкт-Петербург;sale;flat;3;12;3;79.19;23350359;Невский;Невская застава;;Елизаровская;Астра Континенталь ЖК
BEYOND. ex-Engel  Volkers;real_estate_agent;https://spb.cian.ru/sale/flat/292289237/;Санкт-Петербург;sale;flat;4;7;3;133.8;134000000;Петроградский;Депутатская ;26;Крестовский остров;Венеция
Петербургская Недвижимость;representative_developer;https://spb.cian.ru/sale/flat/296754099/;Санкт-Петербург;sale;flat;2;5;3;89.24;35339040;Василеостровский;;;Горный институт;Империал Клаб ЖК
BEYOND. ex-Engel  Volkers;real_estate_agent;https://spb.cian.ru/sale/flat/285555839/;Санкт-Петербург;sale;flat;4;10;3;159.1;59000000;Петроградский;Ждановская ;45;Крестовский остров;Леонтьевский мыс
Петербургская Недвижимость;representative_developer;https://spb.cian.ru/sale/flat/299043804/;Санкт-Петербург;sale;flat;2;10;3;86.26;22000699;Выборгский;Светлановский проспект;12к1;Удельная;Панорама парк Сосновка
BEYOND. ex-Engel  Volkers;real_estate_agent;https://spb.cian.ru/sale/flat/292149080/;Санкт-Петербург;sale;flat;3;10;3;150.0;96000000;Петроградский;Ждановская ;45;Крестовский остров;Леонтьевский мыс
Петербургская Недвижимость;representative_developer;https://spb.cian.ru/sale/flat/296753837/;Санкт-Петербург;sale;flat;4;9;3;99.5;27650353;Выборгский; Александра Матросова;1;Лесная;Притяжение
Илья Мерчук;realtor;https://spb.cian.ru/sale/flat/299529961/;Санкт-Петербург;sale;flat;3;3;3;94.0;20000000;Калининский;Герасимовская ;16;Лесная;
Euroinvest Development;developer;https://spb.cian.ru/sale/flat/267475887/;Санкт-Петербург;sale;flat;4;10;3;94.12;34824400;Московский;Московский проспект;72к2;Фрунзенская;ID Moskovskiy
LUNA ESTATE;real_estate_agent;https://spb.cian.ru/sale/flat/299461261/;Санкт-Петербург;sale;flat;9;17;3;107.3;17999999;Выборгский;Зеленогорская ;7;Пионерская;Светлана
Арсенал-Недвижимость;developer;https://spb.cian.ru/sale/flat/294460935/;Санкт-Петербург;sale;flat;6;12;3;82.84;20599823;Приморский;проспект Авиаконструкторов;54;Комендантский проспект;Modum
Светлана Шабалкина;realtor;https://spb.cian.ru/sale/flat/285251748/;Санкт-Петербург;sale;flat;8;16;3;97.2;18700000;Калининский;Кондратьевский проспект;62к6;Лесная;
ПИК;developer;https://spb.cian.ru/sale/flat/295642921/;Санкт-Петербург;sale;flat;2;14;3;69.4;17194544;Фрунзенский;Волковское;1;Обводный канал;Аэронавт ЖК
NF GROUP  St Petersburg;real_estate_agent;https://spb.cian.ru/sale/flat/299329502/;Санкт-Петербург;sale;flat;5;8;3;143.0;220000000;Петроградский;Вязовая ;8;Крестовский остров;Привилегия
ПИК;developer;https://spb.cian.ru/sale/flat/284566351/;Санкт-Петербург;sale;flat;2;12;3;70.3;16932739;Фрунзенский;Волковское;5;Обводный канал;Витебский Парк ЖК
ЦН КВАДРАТ;real_estate_agent;https://spb.cian.ru/sale/flat/293953976/;Санкт-Петербург;sale;flat;15;15;3;78.6;24000000;Невский;Союзный проспект;4;Проспект Большевиков;RIO
Интеском;developer;https://spb.cian.ru/sale/flat/293991870/;Санкт-Петербург;sale;flat;2;5;3;85.37;19635100;Выборгский; Береговая;12;Проспект Просвещения;Loft у Озера
NF GROUP  St Petersburg;real_estate_agent;https://spb.cian.ru/sale/flat/299568177/;Санкт-Петербург;sale;flat;2;7;3;120.0;122800000;Центральный;набережная Воскресенская;32;Чернышевская;Приоритет
Петербургская Недвижимость;representative_developer;https://spb.cian.ru/sale/flat/295827646/;Санкт-Петербург;sale;flat;2;4;3;106.32;19050417;Красносельский;проспект Буденного;15;Проспект Ветеранов;Солнечный город. Резиденции
4ROOMS;real_estate_agent;https://spb.cian.ru/sale/flat/299250888/;Санкт-Петербург;sale;flat;5;6;3;73.2;11870000;Василеостровский;проспект Малый Васильевского острова;48;Василеостровская;
ЛСР Санкт-Петербург;developer;https://spb.cian.ru/sale/flat/294545441/;Санкт-Петербург;sale;flat;4;15;3;87.6;17484960;Василеостровский;проспект Крузенштерна;2;Горный институт;Морская набережная
Максим Юдин;realtor;https://spb.cian.ru/sale/flat/298531162/;Санкт-Петербург;sale;flat;14;17;3;90.1;14950000;Приморский;Планерная ;73к6;Комендантский проспект;
GloraX;developer;https://spb.cian.ru/sale/flat/297535092/;Санкт-Петербург;sale;flat;2;15;3;76.84;12959999;Выборгский;;;;Глоракс Парголово ЖК
Golden Home;real_estate_agent;https://spb.cian.ru/sale/flat/297776015/;Санкт-Петербург;sale;flat;11;12;3;84.7;24990000;Приморский;Фермское шоссе;12А;Удельная;Шведская крона
Euroinvest Development;developer;https://spb.cian.ru/sale/flat/293271784/;Санкт-Петербург;sale;flat;3;12;3;74.17;19353178;Выборгский;Светлановское;;Удельная;ID Svetlanovskiy
Владис Центральный;real_estate_agent;https://spb.cian.ru/sale/flat/293125782/;Санкт-Петербург;sale;flat;7;7;3;77.1;17500000;Московский;Кузнецовская ;44;Международная;
Мегалит–Охта Групп;developer;https://spb.cian.ru/sale/flat/297024339/;Санкт-Петербург;sale;flat;2;25;3;85.23;18133963;Приморский;Коломяжский проспект;13к2;Пионерская;Приморский квартал
Россита Габриелян;realtor;https://spb.cian.ru/sale/flat/294559645/;Санкт-Петербург;sale;flat;7;12;3;62.4;9500000;Красногвардейский; Коммуны;48Б;Улица Дыбенко;
PLEADA;representative_developer;https://spb.cian.ru/sale/flat/293603735/;Санкт-Петербург;sale;flat;2;8;3;84.17;63746149;Петроградский;Петровский;;Чкаловская;17/33 Петровский остров
4ROOMS;real_estate_agent;https://spb.cian.ru/sale/flat/298982857/;Санкт-Петербург;sale;flat;4;5;3;73.4;18490000;Центральный;6-я Советская ;17;;
Петербургская Недвижимость;representative_developer;https://spb.cian.ru/sale/flat/298634689/;Санкт-Петербург;sale;flat;6;12;3;78.05;20700186;Московский;м. Ленинский проспект;;Ленинский проспект;Сенат
Экотон;real_estate_agent;https://spb.cian.ru/sale/flat/295367406/;Санкт-Петербург;sale;flat;18;19;3;78.7;18000000;Приморский; Оптиков;45к1;Комендантский проспект;Победитель
Петербургская Строительная Компания;developer;https://spb.cian.ru/sale/flat/298056549/;Санкт-Петербург;sale;flat;21;25;3;79.06;16048801;Приморский;Коломяги;;Проспект Просвещения;Френдс ЖК
ID 113340531;homeowner;https://spb.cian.ru/sale/flat/298625915/;Санкт-Петербург;sale;flat;21;25;3;114.0;42000000;Приморский;Мебельная ;49/92;Беговая;Vita Nova
ЛСР Санкт-Петербург;developer;https://spb.cian.ru/sale/flat/294660705/;Санкт-Петербург;sale;flat;4;14;3;90.47;16872655;Василеостровский;Гавань;;Приморская;Морская Набережная ЖК
ЦН КВАДРАТ;real_estate_agent;https://spb.cian.ru/sale/flat/297929237/;Санкт-Петербург;sale;flat;2;5;3;57.6;8800000;Невский; Ольги Берггольц;29К2;Елизаровская;
Дом на Ленсовета;developer;https://spb.cian.ru/sale/flat/294775384/;Санкт-Петербург;sale;flat;9;23;3;157.0;40000000;Московский; Ленсовета;87к3;Звездная;Клубный дом BARCELONA
Невский простор;real_estate_agent;https://spb.cian.ru/sale/flat/288870055/;Санкт-Петербург;sale;flat;14;14;3;87.0;17200000;Красносельский;Ленинский проспект;72к1;Ленинский проспект;Оптимист
Арсенал-Недвижимость;developer;https://spb.cian.ru/sale/flat/275720486/;Санкт-Петербург;sale;flat;5;12;3;92.28;22050306;Приморский; Плесецкая;2;Комендантский проспект;Ariosto!
Невский простор;real_estate_agent;https://spb.cian.ru/sale/flat/294371889/;Санкт-Петербург;sale;flat;12;16;3;108.6;23900000;Невский; Шелгунова;9к1;Пролетарская;
Полис;developer;https://spb.cian.ru/sale/flat/298845877/;Санкт-Петербург;sale;flat;1;13;3;94.61;17866888;Приморский;аллея Арцеуловская;9;Пионерская;Полис Приморский 2
4ROOMS;real_estate_agent;https://spb.cian.ru/sale/flat/299372591/;Санкт-Петербург;sale;flat;3;5;3;61.7;7500000;Красносельский; Юных пионеров;18к2;;
ЛСР Санкт-Петербург;developer;https://spb.cian.ru/sale/flat/294544562/;Санкт-Петербург;sale;flat;3;18;3;76.2;19491960;Невский;Октябрьская набережная;57к3;Елизаровская;Цивилизация на Неве
Северо-Западный Региональный Центр Недвижимости;real_estate_agent;https://spb.cian.ru/sale/flat/298465166/;Санкт-Петербург;sale;flat;9;9;3;59.5;8150000;Кировский;проспект Маршала Жукова;34К1;Ленинский проспект;
ЛСР Санкт-Петербург;developer;https://spb.cian.ru/sale/flat/299364608/;Санкт-Петербург;sale;flat;3;25;3;57.6;8985600;Красногвардейский;Полюстрово;;Академическая;Цветной Город
Невский простор;real_estate_agent;https://spb.cian.ru/sale/flat/297892205/;Санкт-Петербург;sale;flat;3;5;3;71.1;8750000;Петродворцовый;Ботаническая ;20к1;Проспект Ветеранов;
Петербургская Недвижимость;representative_developer;https://spb.cian.ru/sale/flat/295922981/;Санкт-Петербург;sale;flat;2;4;3;73.87;16350385;Петродворцовый;;;Проспект Ветеранов;Дворцовый фасад ЖК
Невский простор;real_estate_agent;https://spb.cian.ru/sale/flat/296958539/;Санкт-Петербург;sale;flat;6;9;3;58.9;9095000;Фрунзенский;Купчинская ;10К2;Дунайская;
Альфа Фаберже;developer;https://spb.cian.ru/sale/flat/280459396/;Санкт-Петербург;sale;flat;3;8;3;84.1;37004000;Петроградский;набережная Реки Карповки;27;Петроградская;Клубный дом MELTZER HALL
Невский простор;real_estate_agent;https://spb.cian.ru/sale/flat/295246145/;Санкт-Петербург;sale;flat;1;6;3;78.9;15399000;Петроградский; Блохина;4;Спортивная;
Терминал-Ресурс;developer;https://spb.cian.ru/sale/flat/296122022/;Санкт-Петербург;sale;flat;2;4;3;75.53;13066690;Пушкинский;;;Купчино;Образцовый квартал 14 ЖК
МИР КВАРТИР;real_estate_agent;https://spb.cian.ru/sale/flat/299120252/;Санкт-Петербург;sale;flat;5;6;3;71.8;19900000;Петроградский; Чапаева;11/4;Горьковская;
ФСК;developer;https://spb.cian.ru/sale/flat/295183612/;Санкт-Петербург;sale;flat;2;17;3;69.1;9407612;Невский;Невский;;;Зум на Неве ЖК
Петербургская Недвижимость;real_estate_agent;https://spb.cian.ru/sale/flat/292458490/;Санкт-Петербург;sale;flat;2;5;3;58.8;9000000;Центральный;8-я Советская ;23;Площадь Восстания;
Петербургская Недвижимость;representative_developer;https://spb.cian.ru/sale/flat/298589063/;Санкт-Петербург;sale;flat;3;23;3;76.82;17300440;Невский;Невский;;Проспект Большевиков;Пульс Премьер ЖК
Виталий Огай;realtor;https://spb.cian.ru/sale/flat/292167327/;Санкт-Петербург;sale;flat;4;4;3;86.2;16600000;Петроградский;Мичуринская ;12;Горьковская;
Петербургская Недвижимость;representative_developer;https://spb.cian.ru/sale/flat/298674266/;Санкт-Петербург;sale;flat;3;12;3;90.25;19400591;Приморский;Коломяги;;Проспект Просвещения;Бионика Заповедная
Мир квартир элит Крестовский;real_estate_agent;https://spb.cian.ru/sale/flat/294261417/;Санкт-Петербург;sale;flat;2;5;3;74.0;21900000;Петроградский;Большая Пушкарская ;38;Петроградская;
ЛСР Санкт-Петербург;developer;https://spb.cian.ru/sale/flat/299403293/;Санкт-Петербург;sale;flat;2;12;3;77.4;17956800;Красногвардейский;Партизанская ;5Б;Ладожская;ЛСР. Большая Охта
Гранит Инвест;real_estate_agent;https://spb.cian.ru/sale/flat/291898483/;Санкт-Петербург;sale;flat;8;14;3;109.2;26972440;Василеостровский;набережная Реки Смоленки;35к1;Приморская;Айно
Группа Аквилон;developer;https://spb.cian.ru/sale/flat/298641750/;Санкт-Петербург;sale;flat;2;12;3;77.24;17579436;Московский;Звёздное;;Звездная;Аквилон Ливз 2 ЖК
Century 21 Гарант;real_estate_agent;https://spb.cian.ru/sale/flat/295458726/;Санкт-Петербург;sale;flat;9;9;3;56.7;11350000;Московский;Новоизмайловский проспект;3;Электросила;
Петербургская Недвижимость;representative_developer;https://spb.cian.ru/sale/flat/296336800/;Санкт-Петербург;sale;flat;6;12;3;83.5;18400268;Приморский;Коломяги;;Озерки;Прайм Приморский ЖК
Мир Квартир Элит;real_estate_agent;https://spb.cian.ru/sale/flat/294249466/;Санкт-Петербург;sale;flat;4;4;3;101.0;21000000;Адмиралтейский;Конногвардейский бульвар;6;Адмиралтейская;
Euroinvest Development;developer;https://spb.cian.ru/sale/flat/298567718/;Санкт-Петербург;sale;flat;10;10;3;59.38;23158200;Выборгский; Курчатова;;Политехническая;iD Polytech
4ROOMS;real_estate_agent;https://spb.cian.ru/sale/flat/298923070/;Санкт-Петербург;sale;flat;5;10;3;60.0;11800000;Выборгский;Светлановский проспект;37;Площадь Мужества;
Унистрой;developer;https://spb.cian.ru/sale/flat/296825944/;Санкт-Петербург;sale;flat;4;5;3;89.93;17781000;Курортный;;;Беговая;Лисино
Century 21 Гарант;real_estate_agent;https://spb.cian.ru/sale/flat/295230667/;Санкт-Петербург;sale;flat;4;6;3;83.3;15790000;Центральный;Конная ;5/3Б;Площадь Александра Невского;
Ленстройтрест;developer;https://spb.cian.ru/sale/flat/298651113/;Санкт-Петербург;sale;flat;5;7;3;79.54;16956000;Приморский;шоссе Суздальское;18к3;Проспект Просвещения;Окла
Бекар;real_estate_agent;https://spb.cian.ru/sale/flat/284404150/;Санкт-Петербург;sale;flat;4;17;3;69.4;14000000;Приморский;Туристская ;6К3;Беговая;
Петербургская Недвижимость;representative_developer;https://spb.cian.ru/sale/flat/299582452/;Санкт-Петербург;sale;flat;3;16;3;87.8;18450028;Приморский;аллея Арцеуловская;15;Комендантский проспект;Чистое небо
Первое Агентство Недвижимости;real_estate_agent;https://spb.cian.ru/sale/flat/297727619/;Санкт-Петербург;sale;flat;3;4;3;67.6;12099900;Центральный;Лиговский проспект;110Б;Лиговский проспект;
Петербургская Недвижимость;representative_developer;https://spb.cian.ru/sale/flat/297694500/;Санкт-Петербург;sale;flat;2;5;3;85.5;15400559;Московский;Пулковское шоссе;73к8;Звездная;Зеленый квартал
МИР КВАРТИР;real_estate_agent;https://spb.cian.ru/sale/flat/298301227/;Санкт-Петербург;sale;flat;8;15;3;83.3;19039848;Московский; Типанова;32к2;Московская;
Петербургская Строительная Компания;developer;https://spb.cian.ru/sale/flat/295852628/;Санкт-Петербург;sale;flat;4;5;3;77.04;13690008;Московский;Пулковский меридиан;;Звездная;Плюс Пулковский ЖК
М16;real_estate_agent;https://spb.cian.ru/sale/flat/292743076/;Санкт-Петербург;sale;flat;2;3;3;79.6;18399000;Василеостровский;8-я Васильевского острова линия;19;Василеостровская;
Петербургская Недвижимость;representative_developer;https://spb.cian.ru/sale/flat/298634647/;Санкт-Петербург;sale;flat;2;5;3;109.33;18900205;Московский;Пулковское шоссе;95к3;Звездная;Парадный ансамбль
FisherGroup;real_estate_agent;https://spb.cian.ru/sale/flat/287542565/;Санкт-Петербург;sale;flat;3;4;3;58.8;11500000;Адмиралтейский;Спасский переулок;7;Садовая;
Ленстройтрест;developer;https://spb.cian.ru/sale/flat/298649330/;Санкт-Петербург;sale;flat;4;5;3;60.07;10860420;Колпинский;проезд Понтонный;6;Рыбацкое;Юттери
House Estate;real_estate_agent;https://spb.cian.ru/sale/flat/297749818/;Санкт-Петербург;sale;flat;8;9;3;81.3;12000000;Василеостровский;Гаванская ;49К2;Приморская;
Петербургская Недвижимость;representative_developer;https://spb.cian.ru/sale/flat/296006331/;Санкт-Петербург;sale;flat;1;4;3;75.56;14400111;Пушкинский;;;Купчино;Универ Сити ЖК
Мир Квартир Элит;real_estate_agent;https://spb.cian.ru/sale/flat/298979138/;Санкт-Петербург;sale;flat;3;6;3;86.2;21500000;Петроградский; Ленина;12/36;Петроградская;
Стоун;developer;https://spb.cian.ru/sale/flat/294086739/;Санкт-Петербург;sale;flat;3;10;3;70.65;8230400;Пушкинский;;;Шушары;Полет ЖК
МАКРОМИР НЕДВИЖИМОСТЬ;real_estate_agent;https://spb.cian.ru/sale/flat/297772585/;Санкт-Петербург;sale;flat;1;2;3;73.3;9999000;Фрунзенский;Андреевская ;5;Волковская;
Терминал-Ресурс;developer;https://spb.cian.ru/sale/flat/296121988/;Санкт-Петербург;sale;flat;3;4;3;82.57;14614890;Пушкинский;;;Купчино;Образцовый квартал 14 ЖК
Первое Красносельское;real_estate_agent;https://spb.cian.ru/sale/flat/298456058/;Санкт-Петербург;sale;flat;10;14;3;66.3;7600000;Красносельский;Нарвская ;2;Проспект Ветеранов;
КВС;developer;https://spb.cian.ru/sale/flat/294621744/;Санкт-Петербург;sale;flat;13;17;3;78.73;18920592;Калининский;Финляндский;;;Квартал бизнес-класса Б15
Владис Центральный;real_estate_agent;https://spb.cian.ru/sale/flat/298749417/;Санкт-Петербург;sale;flat;3;5;3;60.0;8600000;Кировский;бульвар Новаторов;4;Ленинский проспект;
КВС;developer;https://spb.cian.ru/sale/flat/294621541/;Санкт-Петербург;sale;flat;7;17;3;88.48;21588320;Калининский;Финляндский;;;Квартал бизнес-класса Б15
Жилфонд - Калининский;real_estate_agent;https://spb.cian.ru/sale/flat/299184020/;Санкт-Петербург;sale;flat;2;5;3;73.1;11000000;Невский;проспект Обуховской обороны;107;Елизаровская;
КВС;developer;https://spb.cian.ru/sale/flat/294621568/;Санкт-Петербург;sale;flat;3;17;3;85.25;20796510;Калининский;Финляндский;;;Квартал бизнес-класса Б15
РУСЛЕКС;real_estate_agent;https://spb.cian.ru/sale/flat/296776308/;Санкт-Петербург;sale;flat;4;6;3;138.0;29000000;Адмиралтейский;набережная Канала Грибоедова;170;Садовая;
LEGENDA Intelligent Development;developer;https://spb.cian.ru/sale/flat/299465525/;Санкт-Петербург;sale;flat;5;12;3;97.45;31222980;Выборгский;Сампсониевское;;Выборгская;Сампсониевский 32
Мир квартир элит Крестовский;real_estate_agent;https://spb.cian.ru/sale/flat/290251514/;Санкт-Петербург;sale;flat;4;6;3;95.3;27000000;Центральный;Конная ;8;Площадь Восстания;
GloraX;developer;https://spb.cian.ru/sale/flat/291004595/;Санкт-Петербург;sale;flat;11;14;3;78.79;23429999;Красногвардейский;проспект Энергетиков;2;;GloraX Заневский
ХэштегриэлТ;real_estate_agent;https://spb.cian.ru/sale/flat/299028086/;Санкт-Петербург;sale;flat;1;4;3;71.1;10799000;Фрунзенский;Боровая ;42;Обводный канал;
ГлавстройСПб;developer;https://spb.cian.ru/sale/flat/297361965/;Санкт-Петербург;sale;flat;12;23;3;80.59;14842515;Приморский; Ивинская;5к2;Зенит;ПАРК-КВАРТАЛ Юнтолово
Мир Квартир Элит;real_estate_agent;https://spb.cian.ru/sale/flat/292816692/;Санкт-Петербург;sale;flat;3;8;3;119.0;55900000;Центральный;Орловская ;1;Чернышевская;Смольный парк
RBI;developer;https://spb.cian.ru/sale/flat/299131631/;Санкт-Петербург;sale;flat;8;9;3;92.5;61120818;Центральный;Лиговка-Ямская;;Площадь Восстания;Миръ
Мир Квартир Элит;real_estate_agent;https://spb.cian.ru/sale/flat/298203143/;Санкт-Петербург;sale;flat;3;4;3;81.0;29000000;Василеостровский;2-я Васильевского острова линия;53;Спортивная;
GloraX;developer;https://spb.cian.ru/sale/flat/285869837/;Санкт-Петербург;sale;flat;5;19;3;79.91;23889999;Василеостровский;Морской;;;Глоракс Премиум Василеостровский ЖК
Мир Квартир Элит;real_estate_agent;https://spb.cian.ru/sale/flat/286125184/;Санкт-Петербург;sale;flat;6;6;3;70.0;18900000;Василеостровский;14-я Васильевского острова линия;97Б;Василеостровская;
RBI;developer;https://spb.cian.ru/sale/flat/299132039/;Санкт-Петербург;sale;flat;5;14;3;86.2;25132856;Фрунзенский;Волковское;;Волковская;Аэронавт ЖК
Мир квартир элит Крестовский;real_estate_agent;https://spb.cian.ru/sale/flat/296314378/;Санкт-Петербург;sale;flat;2;7;3;82.0;26900000;Петроградский;Ропшинская ;24;Чкаловская;
Сенатор;developer;https://spb.cian.ru/sale/flat/294605353/;Санкт-Петербург;sale;flat;4;8;3;88.2;13759200;Курортный; Правды;;;Мариоки
Гранит Инвест;real_estate_agent;https://spb.cian.ru/sale/flat/296688689/;Санкт-Петербург;sale;flat;8;13;3;90.3;35217000;Петроградский;Барочная ;12;Чкаловская;
GloraX;developer;https://spb.cian.ru/sale/flat/291004566/;Санкт-Петербург;sale;flat;10;14;3;113.03;29729999;Красногвардейский;проспект Энергетиков;2;;GloraX Заневский
Городской департамент недвижимости;real_estate_agent;https://spb.cian.ru/sale/flat/298639433/;Санкт-Петербург;sale;flat;5;6;3;72.5;15990000;Центральный;8-я Советская ;5;Площадь Восстания;
Терминал-Ресурс;developer;https://spb.cian.ru/sale/flat/296121284/;Санкт-Петербург;sale;flat;2;4;3;81.71;14217540;Пушкинский;;;Купчино;Образцовый квартал 14 ЖК
НЕВАДА-ЦЕНТР;real_estate_agent;https://spb.cian.ru/sale/flat/288824191/;Санкт-Петербург;sale;flat;16;22;3;93.7;17300000;Невский;проспект Советский;36к2;Рыбацкое;Невские паруса
SENATOR;developer;https://spb.cian.ru/sale/flat/293297395/;Санкт-Петербург;sale;flat;5;11;3;83.6;20124032;Невский;Октябрьская набережная;86К2;Пролетарская;Панорама Невы
Дельта;real_estate_agent;https://spb.cian.ru/sale/flat/293254582/;Санкт-Петербург;sale;flat;2;5;3;80.0;16250000;Василеостровский;19-я Васильевского острова линия;14/54;Горный институт;
РСТИ;developer;https://spb.cian.ru/sale/flat/293496476/;Санкт-Петербург;sale;flat;6;8;3;128.8;47702078;Петроградский;Петровский проспект;22к2;Крестовский остров;Familia
Vysotsky Estate;real_estate_agent;https://spb.cian.ru/sale/flat/298324779/;Санкт-Петербург;sale;flat;7;9;3;70.0;11200000;Выборгский;проспект Культуры;22К1;Гражданский проспект;
КВС;developer;https://spb.cian.ru/sale/flat/279689464/;Санкт-Петербург;sale;flat;1;5;3;70.55;12823200;Пушкинский;Пулковское тер.;;Звездная;ЮгТаун. Олимпийские кварталы
M-Union;real_estate_agent;https://spb.cian.ru/sale/flat/297583648/;Санкт-Петербург;sale;flat;1;9;3;60.2;7500000;Выборгский; Руднева;27К1;Проспект Просвещения;
КВС;developer;https://spb.cian.ru/sale/flat/295838003/;Санкт-Петербург;sale;flat;5;5;3;79.39;13360256;Пушкинский;;;Звездная;ЮгТаун ЖК
ВСЯ НЕДВИЖИМОСТЬ ПЕТЕРБУРГА;real_estate_agent;https://spb.cian.ru/sale/flat/298163292/;Санкт-Петербург;sale;flat;12;12;3;68.0;11000000;Приморский; Щербакова;9;Удельная;
КВС;developer;https://spb.cian.ru/sale/flat/279688454/;Санкт-Петербург;sale;flat;1;5;3;73.6;13090680;Пушкинский;Пулковское тер.;;Звездная;ЮгТаун. Олимпийские кварталы
FisherGroup;real_estate_agent;https://spb.cian.ru/sale/flat/290409997/;Санкт-Петербург;sale;flat;1;4;3;71.1;12500000;Центральный;Суворовский проспект;33;Площадь Восстания;
Терминал-Ресурс;developer;https://spb.cian.ru/sale/flat/296121312/;Санкт-Петербург;sale;flat;2;4;3;77.27;13367710;Пушкинский;;;Купчино;Образцовый квартал 14 ЖК
Петербургская Недвижимость;real_estate_agent;https://spb.cian.ru/sale/flat/297956509/;Санкт-Петербург;sale;flat;11;15;3;80.9;14000000;Фрунзенский;Софийская ;38к2;Проспект Славы;
Sun Development;developer;https://spb.cian.ru/sale/flat/293435906/;Санкт-Петербург;sale;flat;7;7;3;124.55;44595127;Василеостровский;11-я Васильевского острова линия;56;Василеостровская;Клубный дом Monodom Line
Петроградская;real_estate_agent;https://spb.cian.ru/sale/flat/299108749/;Санкт-Петербург;sale;flat;3;3;3;115.8;21900000;Выборгский; Береговая;25к3;Проспект Просвещения;Новая Скандинавия
GloraX;developer;https://spb.cian.ru/sale/flat/299481494/;Санкт-Петербург;sale;flat;4;9;3;78.17;21649999;Адмиралтейский; Шкапина;43-45;Балтийская;GloraX Балтийская
Мир Квартир Элит;real_estate_agent;https://spb.cian.ru/sale/flat/296614879/;Санкт-Петербург;sale;flat;2;17;3;72.0;23900000;Василеостровский; Челюскина;6;Приморская;Golden City
LEGENDA Intelligent Development;developer;https://spb.cian.ru/sale/flat/299464092/;Санкт-Петербург;sale;flat;4;11;3;132.93;42816753;Красногвардейский; Стахановцев;1;Новочеркасская;Малоохтинский, 68
Century 21 Гарант;real_estate_agent;https://spb.cian.ru/sale/flat/295800416/;Санкт-Петербург;sale;flat;4;12;3;69.0;16300000;Московский;1-й Предпортовый проезд;13;Московская;Философия
GloraX;developer;https://spb.cian.ru/sale/flat/279508232/;Санкт-Петербург;sale;flat;8;19;3;101.86;37029999;Василеостровский;Морской;;;Глоракс Премиум Василеостровский ЖК
Мир Квартир Элит;real_estate_agent;https://spb.cian.ru/sale/flat/299022192/;Санкт-Петербург;sale;flat;13;25;3;72.3;20900000;Приморский;Фермское шоссе;32;Удельная;Северная корона
РСТИ;developer;https://spb.cian.ru/sale/flat/293496456/;Санкт-Петербург;sale;flat;3;8;3;127.5;43135063;Петроградский;Петровский проспект;22к2;Крестовский остров;Familia
МИР КВАРТИР;real_estate_agent;https://spb.cian.ru/sale/flat/297774441/;Санкт-Петербург;sale;flat;3;4;3;116.3;36900000;Выборгский;Большая Озерная ;77;Проспект Просвещения;
GloraX;developer;https://spb.cian.ru/sale/flat/299481344/;Санкт-Петербург;sale;flat;3;9;3;87.46;23459999;Адмиралтейский; Шкапина;43-45;Балтийская;GloraX Балтийская
Озерки;real_estate_agent;https://spb.cian.ru/sale/flat/295694237/;Санкт-Петербург;sale;flat;5;6;3;60.5;15000000;Центральный;Ульяны Громовой переулок;8;Площадь Восстания;
LEGENDA Intelligent Development;developer;https://spb.cian.ru/sale/flat/299464030/;Санкт-Петербург;sale;flat;8;11;3;102.34;34171326;Красногвардейский; Стахановцев;1;Новочеркасская;Малоохтинский, 68
Петербургская Недвижимость;real_estate_agent;https://spb.cian.ru/sale/flat/298450511/;Санкт-Петербург;sale;flat;1;9;3;69.1;9600000;Калининский; Демьяна Бедного;26к3;Гражданский проспект;
LEGENDA Intelligent Development;developer;https://spb.cian.ru/sale/flat/299464042/;Санкт-Петербург;sale;flat;5;11;3;112.68;36981576;Красногвардейский; Стахановцев;1;Новочеркасская;Малоохтинский, 68
Мир Квартир Элит;real_estate_agent;https://spb.cian.ru/sale/flat/294515927/;Санкт-Петербург;sale;flat;6;8;3;83.0;20489000;Василеостровский; Челюскина;8;Приморская;Golden City
Sun Development;developer;https://spb.cian.ru/sale/flat/293435899/;Санкт-Петербург;sale;flat;6;7;3;131.63;41743821;Василеостровский;11-я Васильевского острова линия;56;Василеостровская;Клубный дом Monodom Line
МИР КВАРТИР;real_estate_agent;https://spb.cian.ru/sale/flat/278624236/;Санкт-Петербург;sale;flat;6;6;3;111.0;49000000;Петроградский;Кронверкский проспект;23;Горьковская;
AAG;developer;https://spb.cian.ru/sale/flat/298529979/;Санкт-Петербург;sale;flat;3;8;3;112.3;46940994;Петроградский;Пионерская ;53;Чкаловская;Avant
МИР КВАРТИР;real_estate_agent;https://spb.cian.ru/sale/flat/296188335/;Санкт-Петербург;sale;flat;3;3;3;82.4;34900000;Центральный;Миллионная ;19;Гостиный двор;
GloraX;developer;https://spb.cian.ru/sale/flat/279508227/;Санкт-Петербург;sale;flat;8;19;3;94.33;37359999;Василеостровский;Морской;;;Глоракс Премиум Василеостровский ЖК
ХэштегриэлТ;real_estate_agent;https://spb.cian.ru/sale/flat/294740369/;Санкт-Петербург;sale;flat;1;16;3;79.2;10800000;Невский;Караваевская ;22;Рыбацкое;
Sun Development;developer;https://spb.cian.ru/sale/flat/293435793/;Санкт-Петербург;sale;flat;2;7;3;101.16;30106344;Василеостровский;11-я Васильевского острова линия;56;Василеостровская;Клубный дом Monodom Line
АТЛАНТ;real_estate_agent;https://spb.cian.ru/sale/flat/266215444/;Санкт-Петербург;sale;flat;2;4;3;74.5;10800000;Адмиралтейский;Рижский проспект;46;Балтийская;
Инвестторг;developer;https://spb.cian.ru/sale/flat/296917202/;Санкт-Петербург;sale;flat;2;10;3;98.9;20763500;Фрунзенский;Днепропетровская ;65;Обводный канал;Дом у Каретного
ХочуКвартиру;real_estate_agent;https://spb.cian.ru/sale/flat/285283341/;Санкт-Петербург;sale;flat;1;7;3;90.3;9500000;Красносельский; Политрука Пасечника;8к2;Ленинский проспект;
Балтийская коммерция;developer;https://spb.cian.ru/sale/flat/273852745/;Санкт-Петербург;sale;flat;4;9;3;109.28;43460656;Петроградский; Малая Зеленина;;Чкаловская;Квадрия
Омега;real_estate_agent;https://spb.cian.ru/sale/flat/297200241/;Санкт-Петербург;sale;flat;3;9;3;60.8;8000000;Выборгский; Кустодиева;20К1;Проспект Просвещения;
RBI;developer;https://spb.cian.ru/sale/flat/299131588/;Санкт-Петербург;sale;flat;6;9;3;119.8;50614906;Центральный;Лиговка-Ямская;;Площадь Восстания;Миръ
ХэштегриэлТ;real_estate_agent;https://spb.cian.ru/sale/flat/298823524/;Санкт-Петербург;sale;flat;2;5;3;59.4;7790000;Красносельский;проспект Ветеранов;151К2;Ленинский проспект;
RBI;developer;https://spb.cian.ru/sale/flat/299132046/;Санкт-Петербург;sale;flat;6;14;3;96.2;30217546;Фрунзенский;Волковское;;Волковская;Аэронавт ЖК
Мир Квартир Элит;real_estate_agent;https://spb.cian.ru/sale/flat/293824980/;Санкт-Петербург;sale;flat;3;6;3;71.0;26500000;Василеостровский; Челюскина;4;Василеостровская;Golden City
РСТИ;developer;https://spb.cian.ru/sale/flat/298331172/;Санкт-Петербург;sale;flat;7;9;3;77.57;17613135;Красносельский; Тамбасова;5;Проспект Ветеранов;Кинопарк
АРИН;real_estate_agent;https://spb.cian.ru/sale/flat/297470507/;Санкт-Петербург;sale;flat;5;6;3;75.0;12500000;Московский; Коли Томчака;11/17Б;Московские ворота;
GloraX;developer;https://spb.cian.ru/sale/flat/299481425/;Санкт-Петербург;sale;flat;6;9;3;82.89;23779999;Адмиралтейский; Шкапина;43-45;Балтийская;GloraX Балтийская
РУСЛЕКС;real_estate_agent;https://spb.cian.ru/sale/flat/285860592/;Санкт-Петербург;sale;flat;7;7;3;65.7;18500000;Московский;Варшавская ;124;Московская;
SENATOR;developer;https://spb.cian.ru/sale/flat/293297371/;Санкт-Петербург;sale;flat;2;11;3;84.5;18987464;Невский;Октябрьская набережная;86К2;Пролетарская;Панорама Невы
АН Петро-риэлт;real_estate_agent;https://spb.cian.ru/sale/flat/287795721/;Санкт-Петербург;sale;flat;2;6;3;83.6;17500000;Василеостровский;проспект Большой Васильевского острова;97;Горный институт;
AAG;developer;https://spb.cian.ru/sale/flat/298529947/;Санкт-Петербург;sale;flat;2;8;3;95.8;40561921;Петроградский;Пионерская ;53;Чкаловская;Avant
Николай Жданов;realtor;https://spb.cian.ru/sale/flat/299555049/;Санкт-Петербург;sale;flat;2;4;3;120.6;39999000;Выборгский;Выборгское шоссе;112;Проспект Просвещения;Lake House
Сенатор;developer;https://spb.cian.ru/sale/flat/294605372/;Санкт-Петербург;sale;flat;1;8;3;131.8;17924800;Курортный; Правды;;;Мариоки
Мир Квартир Элит;real_estate_agent;https://spb.cian.ru/sale/flat/295419883/;Санкт-Петербург;sale;flat;3;6;3;87.0;40700000;Петроградский; Яблочкова;22/3;Спортивная;
РСТИ;developer;https://spb.cian.ru/sale/flat/298331407/;Санкт-Петербург;sale;flat;4;9;3;81.81;18078811;Красносельский; Тамбасова;5;Проспект Ветеранов;Кинопарк
Гранит Инвест;real_estate_agent;https://spb.cian.ru/sale/flat/298095776/;Санкт-Петербург;sale;flat;3;10;3;71.3;26737500;Петроградский;Аптекарский проспект;18;Петроградская;Skandi Klubb
РСТИ;developer;https://spb.cian.ru/sale/flat/293496578/;Санкт-Петербург;sale;flat;7;8;3;117.4;44210364;Петроградский;Петровский проспект;22к2;Крестовский остров;Familia
Мир квартир элит Крестовский;real_estate_agent;https://spb.cian.ru/sale/flat/294203928/;Санкт-Петербург;sale;flat;7;8;3;105.0;35900000;Адмиралтейский;набережная Обводного Канала;106;Фрунзенская;Московский, 65
LEGENDA Intelligent Development;developer;https://spb.cian.ru/sale/flat/299451105/;Санкт-Петербург;sale;flat;10;23;3;173.0;55930900;Выборгский;аллея Академика Лихачева;7;Площадь Мужества;Институтский, 16
Первое Красносельское;real_estate_agent;https://spb.cian.ru/sale/flat/299653556/;Санкт-Петербург;sale;flat;4;9;3;77.6;9500000;Красносельский;Гатчинское шоссе;4к1;Проспект Ветеранов;
ГлавстройСПб;developer;https://spb.cian.ru/sale/flat/297361100/;Санкт-Петербург;sale;flat;19;24;3;56.5;9661500;Приморский; Ивинская;19к1;Комендантский проспект;Юнтолово
Агентство недвижимости Марии Тарасовой;real_estate_agent;https://spb.cian.ru/sale/flat/294403206/;Санкт-Петербург;sale;flat;1;9;3;62.9;9200000;Фрунзенский;Загребский бульвар;31/5;Дунайская;
AAG;developer;https://spb.cian.ru/sale/flat/298529969/;Санкт-Петербург;sale;flat;3;8;3;97.76;38507664;Петроградский;Пионерская ;53;Чкаловская;Avant
Эрмитаж Галерея Недвижимости;real_estate_agent;https://spb.cian.ru/sale/flat/298830635/;Санкт-Петербург;sale;flat;6;6;3;83.6;21300000;Центральный; Маяковского;3;Маяковская;
Балтийская коммерция;developer;https://spb.cian.ru/sale/flat/273852763/;Санкт-Петербург;sale;flat;7;9;3;139.13;56681562;Петроградский; Малая Зеленина;;Чкаловская;Квадрия
Century 21 Гарант;real_estate_agent;https://spb.cian.ru/sale/flat/298255204/;Санкт-Петербург;sale;flat;5;5;3;88.3;21500000;Приморский;Сердобольская ;73/27;Черная речка;
Инвестторг;developer;https://spb.cian.ru/sale/flat/296917200/;Санкт-Петербург;sale;flat;3;10;3;84.4;19327600;Фрунзенский;Днепропетровская ;65;Обводный канал;Дом у Каретного
Мир квартир элит Крестовский;real_estate_agent;https://spb.cian.ru/sale/flat/297857787/;Санкт-Петербург;sale;flat;4;9;3;91.0;36000000;Центральный;Боровая ;19А;Лиговский проспект;YE'S Residence
AAG;developer;https://spb.cian.ru/sale/flat/298334460/;Санкт-Петербург;sale;flat;5;7;3;74.22;41771155;Василеостровский;Васильевский;;Василеостровская;Amo
Роман Корякин;realtor;https://spb.cian.ru/sale/flat/297149034/;Санкт-Петербург;sale;flat;2;14;3;75.67;21900000;Приморский;Студенческая ;14к2;Лесная;Terra
Петербургская Строительная Компания;developer;https://spb.cian.ru/sale/flat/297863468/;Санкт-Петербург;sale;flat;6;8;3;77.3;39650335;Петроградский;набережная Реки Карповки;31к1;Чкаловская;Северная Корона
GLENDELS;real_estate_agent;https://spb.cian.ru/sale/flat/299249465/;Санкт-Петербург;sale;flat;3;7;3;74.4;15900000;Кировский;Турбинная ;35к1;;
ФСК;developer;https://spb.cian.ru/sale/flat/295183641/;Санкт-Петербург;sale;flat;3;17;3;95.27;12596504;Невский;Невский;;;Зум на Неве ЖК
Гранит Инвест;real_estate_agent;https://spb.cian.ru/sale/flat/298888790/;Санкт-Петербург;sale;flat;3;8;3;102.4;32695500;Василеостровский;11-я Васильевского острова линия;26;Василеостровская;
ФСК;developer;https://spb.cian.ru/sale/flat/295183069/;Санкт-Петербург;sale;flat;6;14;3;74.18;10653353;Невский;Невский;;;Зум на Неве ЖК
МИР КВАРТИР;real_estate_agent;https://spb.cian.ru/sale/flat/299414657/;Санкт-Петербург;sale;flat;8;15;3;85.0;34900000;Красногвардейский;Магнитогорская ;3к2;Новочеркасская;Magnifika Residence
LEGENDA Development;developer;https://spb.cian.ru/sale/flat/297998040/;Санкт-Петербург;sale;flat;8;9;3;98.73;41535711;Приморский;Чёрная речка;;Черная речка;Черная речка, 41
Петербургская Недвижимость;real_estate_agent;https://spb.cian.ru/sale/flat/292309406/;Санкт-Петербург;sale;flat;2;9;3;55.1;9990000;Супер квартира  Фрунзенский е.3-комн. квартира;2/9 этаж;2/9 этаж;;
Эталон СПБ;developer;https://spb.cian.ru/sale/flat/298658161/;Санкт-Петербург;sale;flat;4;9;3;111.9;42758021;Петроградский;проезд Петровская коса;6к1;Крестовский остров;Петровская Доминанта
VSN (Весь Спектр Недвижимости);real_estate_agent;https://spb.cian.ru/sale/flat/292550202/;Санкт-Петербург;sale;flat;5;5;3;68.0;13800000;Курортный; Токарева;1;Беговая;
Балтийская коммерция;developer;https://spb.cian.ru/sale/flat/258155932/;Санкт-Петербург;sale;flat;4;9;3;97.2;32056560;Петроградский;Петроградская набережная;38;Горьковская;Мануфактура James Beck
Эталон СПБ;developer;https://spb.cian.ru/sale/flat/298655433/;Санкт-Петербург;sale;flat;3;12;3;70.9;11249042;Пушкинский;;;Звездная;Монография ЖК
Астория Прайд;real_estate_agent;https://spb.cian.ru/sale/flat/299071635/;Санкт-Петербург;sale;flat;6;15;3;78.4;19750000;Московский;Пулковское шоссе;32к2;Звездная;
Петербургская Строительная Компания;developer;https://spb.cian.ru/sale/flat/297863505/;Санкт-Петербург;sale;flat;6;7;3;118.2;63281510;Петроградский;набережная Реки Карповки;31к1;Чкаловская;Северная Корона
Century 21 Гарант;real_estate_agent;https://spb.cian.ru/sale/flat/297450758/;Санкт-Петербург;sale;flat;3;5;3;57.2;10500000;Московский;Новоизмайловский проспект;36К1;Московская;
Шельф;developer;https://spb.cian.ru/sale/flat/297714752/;Санкт-Петербург;sale;flat;17;26;3;78.2;12521000;Пушкинский;проспект Новгородский;2к3;Звездная;Simple
Мир Квартир Элит;real_estate_agent;https://spb.cian.ru/sale/flat/291706025/;Санкт-Петербург;sale;flat;10;10;3;63.9;29500000;Центральный;Социалистическая ;21;Звенигородская;YE’S Marata
Эталон СПБ;developer;https://spb.cian.ru/sale/flat/298657319/;Санкт-Петербург;sale;flat;2;10;3;86.4;26242049;Приморский;Белоостровская ;28;Черная речка;Domino
МИР КВАРТИР;real_estate_agent;https://spb.cian.ru/sale/flat/285773471/;Санкт-Петербург;sale;flat;4;6;3;96.0;43900000;Петроградский;Каменноостровский проспект;73-75;Петроградская;
Эталон СПБ;developer;https://spb.cian.ru/sale/flat/298656973/;Санкт-Петербург;sale;flat;1;19;3;104.2;18584593;Московский; Парфеновская;17;Московские ворота;Московские ворота II
АРИН;real_estate_agent;https://spb.cian.ru/sale/flat/298416598/;Санкт-Петербург;sale;flat;1;5;3;60.7;10490000;Василеостровский;17-я Васильевского острова линия;18Г;Василеостровская;
Эталон СПБ;developer;https://spb.cian.ru/sale/flat/299139142/;Санкт-Петербург;sale;flat;3;12;3;89.3;13576308;Пушкинский;;;Звездная;Монография ЖК
Мир Квартир Элит;real_estate_agent;https://spb.cian.ru/sale/flat/297226533/;Санкт-Петербург;sale;flat;2;4;3;140.5;48900000;Адмиралтейский;набережная Реки Мойки;100;Спасская;
Эталон СПБ;developer;https://spb.cian.ru/sale/flat/298656882/;Санкт-Петербург;sale;flat;19;25;3;60.0;13431092;Приморский;Коломяги;;Проспект Просвещения;Новоорловский ЖК
М16;real_estate_agent;https://spb.cian.ru/sale/flat/299528663/;Санкт-Петербург;sale;flat;20;25;3;102.0;28500000;Приморский;проспект Королева;65;Комендантский проспект;Юбилейный квартал
Арсенал-Недвижимость;developer;https://spb.cian.ru/sale/flat/266866832/;Санкт-Петербург;sale;flat;4;12;3;106.87;29528181;Приморский;проспект Авиаконструкторов;54;Комендантский проспект;Modum
ТРЕНД;real_estate_agent;https://spb.cian.ru/sale/flat/297580009/;Санкт-Петербург;sale;flat;5;14;3;67.8;11700000;Выборгский; Композиторов;1К1;;
Шельф;developer;https://spb.cian.ru/sale/flat/293054960/;Санкт-Петербург;sale;flat;7;26;3;78.7;12592000;Пушкинский;проспект Новгородский;2к3;Звездная;Simple
GLENDELS;real_estate_agent;https://spb.cian.ru/sale/flat/298226720/;Санкт-Петербург;sale;flat;14;15;3;61.1;12990000;Василеостровский;проспект Крузенштерна;2;;Морская набережная
Красная Стрела;developer;https://spb.cian.ru/sale/flat/293425173/;Санкт-Петербург;sale;flat;9;9;3;82.07;30479680;Василеостровский;7-я Васильевского острова линия;84;Василеостровская;Регенбоген
Мир Квартир Элит;real_estate_agent;https://spb.cian.ru/sale/flat/296775632/;Санкт-Петербург;sale;flat;16;23;3;83.0;26990000;Невский;Октябрьская набережная;44;Ломоносовская;Полис на Неве
GloraX;developer;https://spb.cian.ru/sale/flat/282487216/;Санкт-Петербург;sale;flat;16;18;3;79.04;29909999;Василеостровский;Морской;;;Глоракс Василеостровский ЖК
GLENDELS;real_estate_agent;https://spb.cian.ru/sale/flat/297810397/;Санкт-Петербург;sale;flat;11;28;3;77.5;12350000;Выборгский; Федора Абрамова;16к1;;Северная долина
Эталон СПБ;developer;https://spb.cian.ru/sale/flat/298657470/;Санкт-Петербург;sale;flat;8;10;3;109.9;31471546;Приморский;Белоостровская ;28;Черная речка;Domino
Мир квартир элит Крестовский;real_estate_agent;https://spb.cian.ru/sale/flat/292144145/;Санкт-Петербург;sale;flat;2;4;3;79.0;24490000;Приморский; Новая;51к7;Беговая;Квартал Лахта Парк
Мегалит–Охта Групп;developer;https://spb.cian.ru/sale/flat/297025030/;Санкт-Петербург;sale;flat;6;19;3;91.63;20112959;Приморский;Коломяжский проспект;13;Пионерская;Приморский квартал
АРИН;real_estate_agent;https://spb.cian.ru/sale/flat/299509405/;Санкт-Петербург;sale;flat;3;6;3;80.9;23000000;Центральный; Марата;55;Лиговский проспект;
Мегалит–Охта Групп;developer;https://spb.cian.ru/sale/flat/297024154/;Санкт-Петербург;sale;flat;7;16;3;87.37;20206435;Приморский;Коломяжский проспект;13к3;Пионерская;Приморский квартал
Мир Квартир PREMIUM;real_estate_agent;https://spb.cian.ru/sale/flat/295910651/;Санкт-Петербург;sale;flat;2;8;3;91.0;51900000;Центральный;Парадная ;3к2;Чернышевская;Парадный квартал
LEGENDA Development;developer;https://spb.cian.ru/sale/flat/297997945/;Санкт-Петербург;sale;flat;4;7;3;92.53;33273788;Приморский;Чёрная речка;;Черная речка;Черная речка, 41
Мир Квартир Элит;real_estate_agent;https://spb.cian.ru/sale/flat/297795213/;Санкт-Петербург;sale;flat;4;8;3;97.5;41600000;Петроградский;Петровский проспект;24к1;Крестовский остров;Петровский квартал на воде
Петербургская Недвижимость;representative_developer;https://spb.cian.ru/sale/flat/295028947/;Санкт-Петербург;sale;flat;3;12;3;72.5;21750543;Василеостровский;Уральская ;;Василеостровская;Amber Club
Century 21 Гарант;real_estate_agent;https://spb.cian.ru/sale/flat/298274613/;Санкт-Петербург;sale;flat;4;9;3;67.5;9500000;Кировский;проспект Стачек;95К1;Автово;
Эталон СПБ;developer;https://spb.cian.ru/sale/flat/298657051/;Санкт-Петербург;sale;flat;10;19;3;106.1;22825738;Московский; Парфеновская;17;Московские ворота;Московские ворота II
СОФИЯ;real_estate_agent;https://spb.cian.ru/sale/flat/294268308/;Санкт-Петербург;sale;flat;5;10;3;90.4;21500000;Красносельский;проспект Героев;32;Ленинский проспект;Жемчужный берег
Отделстрой;developer;https://spb.cian.ru/sale/flat/265730831/;Санкт-Петербург;sale;flat;2;12;3;98.04;24000000;Выборгский;Большой Сампсониевский проспект;70к3;Выборгская;Новый Лесснер
Петербургская Недвижимость;real_estate_agent;https://spb.cian.ru/sale/flat/296311042/;Санкт-Петербург;sale;flat;4;13;3;103.3;17500000;Красносельский;проспект Ветеранов;122;Проспект Ветеранов;
Арсенал-Недвижимость;developer;https://spb.cian.ru/sale/flat/266867558/;Санкт-Петербург;sale;flat;6;12;3;101.22;27967086;Приморский;проспект Авиаконструкторов;54;Комендантский проспект;Modum
Мир Квартир PREMIUM;real_estate_agent;https://spb.cian.ru/sale/flat/295910350/;Санкт-Петербург;sale;flat;5;6;3;135.0;52650000;Центральный; Некрасова;40;Чернышевская;
ГлавстройСПб;developer;https://spb.cian.ru/sale/flat/297905237/;Санкт-Петербург;sale;flat;17;27;3;70.85;13728507;Выборгский;Заречная ;52к1;;Северная долина
Владис Центральный;real_estate_agent;https://spb.cian.ru/sale/flat/296650965/;Санкт-Петербург;sale;flat;8;9;3;65.0;7890000;Колпинский;бульвар Трудящихся;5;;
GloraX;developer;https://spb.cian.ru/sale/flat/279506984/;Санкт-Петербург;sale;flat;4;20;3;86.4;22359999;Василеостровский; Челюскина;8;;Golden City
Мир Квартир Элит;real_estate_agent;https://spb.cian.ru/sale/flat/282553305/;Санкт-Петербург;sale;flat;5;5;3;76.2;33500000;Центральный;Большая Морская ;7;Адмиралтейская;
Эталон СПБ;developer;https://spb.cian.ru/sale/flat/298658253/;Санкт-Петербург;sale;flat;3;4;3;80.6;17424622;Пушкинский;;;Купчино;Пулковский дом ЖК
ТВОЁ ПРОСТРАНСТВО;real_estate_agent;https://spb.cian.ru/sale/flat/298648287/;Санкт-Петербург;sale;flat;2;11;3;55.0;10500000;Калининский;проспект Просвещения;84К1;Гражданский проспект;
Петербургская Недвижимость;representative_developer;https://spb.cian.ru/sale/flat/299127539/;Санкт-Петербург;sale;flat;7;12;3;91.77;28600349;Василеостровский;Уральская ;;Василеостровская;Amber Club
КАПИТАЛ;real_estate_agent;https://spb.cian.ru/sale/flat/297960621/;Санкт-Петербург;sale;flat;11;13;3;82.6;12400000;Красногвардейский;проспект Косыгина;13;Улица Дыбенко;
Euroinvest Development;developer;https://spb.cian.ru/sale/flat/293031185/;Санкт-Петербург;sale;flat;3;12;3;85.95;20926246;Выборгский;Светлановское;;Удельная;ID Svetlanovskiy
Мир Квартир Элит;real_estate_agent;https://spb.cian.ru/sale/flat/291528303/;Санкт-Петербург;sale;flat;7;8;3;141.2;54500000;Центральный;9-я Советская ;5;Площадь Восстания;
Петербургская Недвижимость;representative_developer;https://spb.cian.ru/sale/flat/296754101/;Санкт-Петербург;sale;flat;7;8;3;92.29;38623365;Василеостровский;;;Горный институт;Империал Клаб ЖК
Владис Центральный;real_estate_agent;https://spb.cian.ru/sale/flat/299507378/;Санкт-Петербург;sale;flat;4;21;3;104.0;25500000;Красносельский;Петергофское шоссе;45;Проспект Ветеранов;Жемчужная симфония
Петербургская Недвижимость;representative_developer;https://spb.cian.ru/sale/flat/296754123/;Санкт-Петербург;sale;flat;6;7;3;121.05;47391075;Василеостровский;;;Горный институт;Империал Клаб ЖК
Гранит Инвест;real_estate_agent;https://spb.cian.ru/sale/flat/299191555/;Санкт-Петербург;sale;flat;2;10;3;68.4;25650000;Петроградский;Аптекарский проспект;18;Петроградская;Skandi Klubb
Петербургская Недвижимость;representative_developer;https://spb.cian.ru/sale/flat/283671570/;Санкт-Петербург;sale;flat;6;12;3;111.08;25550454;Московский;м. Ленинский проспект;;Ленинский проспект;Сенат
M-Union;real_estate_agent;https://spb.cian.ru/sale/flat/298093953/;Санкт-Петербург;sale;flat;13;21;3;125.0;45000000;Красногвардейский;Большеохтинский проспект;9;Новочеркасская;Большеохтинский 9
Петербургская Недвижимость;representative_developer;https://spb.cian.ru/sale/flat/296754166/;Санкт-Петербург;sale;flat;6;9;3;87.65;30700245;Невский;Невская застава;;Елизаровская;Астра Марин ЖК
Гранит Инвест;real_estate_agent;https://spb.cian.ru/sale/flat/299187559/;Санкт-Петербург;sale;flat;4;8;3;112.8;37224000;Петроградский; Графтио;5;Петроградская;
Отделстрой;developer;https://spb.cian.ru/sale/flat/265735769/;Санкт-Петербург;sale;flat;9;12;3;84.36;21660000;Выборгский;Большой Сампсониевский проспект;70к3;Выборгская;Новый Лесснер
АДРЕС ЭСТЕЙТ;real_estate_agent;https://spb.cian.ru/sale/flat/288600092/;Санкт-Петербург;sale;flat;2;13;3;87.1;15299000;Приморский;Юнтолово;;Беговая;Тайм Сквер ЖК
Красная Стрела;developer;https://spb.cian.ru/sale/flat/291720453/;Санкт-Петербург;sale;flat;5;9;3;86.51;29101108;Василеостровский;7-я Васильевского острова линия;84;Василеостровская;Регенбоген
АРИН;real_estate_agent;https://spb.cian.ru/sale/flat/297849291/;Санкт-Петербург;sale;flat;12;14;3;81.2;22500000;Московский; Типанова;36к1;Московская;
GloraX;developer;https://spb.cian.ru/sale/flat/282487307/;Санкт-Петербург;sale;flat;15;18;3;94.83;33939999;Василеостровский;Морской;;;Глоракс Василеостровский ЖК
Мир квартир элит Крестовский;real_estate_agent;https://spb.cian.ru/sale/flat/288050344/;Санкт-Петербург;sale;flat;3;3;3;142.2;44990000;Василеостровский;15-я Васильевского острова линия;24-26;Василеостровская;
Euroinvest Development;developer;https://spb.cian.ru/sale/flat/271169771/;Санкт-Петербург;sale;flat;12;12;3;105.97;25800516;Выборгский;Светлановское;;Удельная;ID Svetlanovskiy
Илья Мерчук;realtor;https://spb.cian.ru/sale/flat/294877709/;Санкт-Петербург;sale;flat;5;25;3;82.0;18500000;Приморский;Шуваловский проспект;37к1;Комендантский проспект;Юбилейный квартал
LEGENDA Development;developer;https://spb.cian.ru/sale/flat/297998691/;Санкт-Петербург;sale;flat;8;9;3;100.26;53458632;Василеостровский;20-я Васильевского острова линия;19;Василеостровская;Большой, 67
КАПИТАЛ;real_estate_agent;https://spb.cian.ru/sale/flat/298170973/;Санкт-Петербург;sale;flat;1;5;3;58.4;7480000;Фрунзенский;Бухарестская ;27К2;Международная;
RBI;developer;https://spb.cian.ru/sale/flat/250578892/;Санкт-Петербург;sale;flat;1;4;3;325.2;164999999;Петроградский;Крестовский проспект;4;Крестовский остров;Клубный дом Крестовский IV
Мир Квартир Элит;real_estate_agent;https://spb.cian.ru/sale/flat/293911873/;Санкт-Петербург;sale;flat;2;6;3;99.9;39900000;Петроградский;Петровский проспект;2с2;Спортивная;"Элитный комплекс ""ROYAL PARK"""
Стоун;developer;https://spb.cian.ru/sale/flat/294087088/;Санкт-Петербург;sale;flat;3;5;3;72.76;8475160;Пушкинский;;;Шушары;Полет ЖК
Азбука Дома;real_estate_agent;https://spb.cian.ru/sale/flat/296219349/;Санкт-Петербург;sale;flat;4;10;3;60.0;10500000;Приморский;Парашютная ;12;Пионерская;
Петербургская Недвижимость;representative_developer;https://spb.cian.ru/sale/flat/296753859/;Санкт-Петербург;sale;flat;6;9;3;107.9;28900907;Выборгский; Александра Матросова;3;Лесная;Притяжение
А и Б Агентство Недвижимости и Бизнес партнёры;real_estate_agent;https://spb.cian.ru/sale/flat/270930303/;Санкт-Петербург;sale;flat;1;2;3;70.0;7980000;Красногвардейский;Беломорская ;40;Ладожская;
LEGENDA Development;developer;https://spb.cian.ru/sale/flat/297998688/;Санкт-Петербург;sale;flat;8;9;3;99.11;54966406;Василеостровский;20-я Васильевского острова линия;19;Спортивная;Большой, 67
Вам к нам;real_estate_agent;https://spb.cian.ru/sale/flat/296738127/;Санкт-Петербург;sale;flat;4;17;3;105.9;29900000;Василеостровский; Одоевского;28;Приморская;
Унистрой;developer;https://spb.cian.ru/sale/flat/292265030/;Санкт-Петербург;sale;flat;9;10;3;127.9;35920000;Красногвардейский;Большая Охта;;Площадь Ленина;Юпоинт ЖК
МИР КВАРТИР;real_estate_agent;https://spb.cian.ru/sale/flat/299336764/;Санкт-Петербург;sale;flat;5;7;3;116.0;30500000;Центральный; Марата;47-49;Владимирская;
Базис;developer;https://spb.cian.ru/sale/flat/295196327/;Санкт-Петербург;sale;flat;10;12;3;121.0;39963000;Приморский;Белоостровская ;7;Лесная;Белый остров
Ваш Дом;real_estate_agent;https://spb.cian.ru/sale/flat/297372010/;Санкт-Петербург;sale;flat;11;15;3;64.0;10880000;Красносельский; Рихарда Зорге;10;Ленинский проспект;
Петербургская Недвижимость;representative_developer;https://spb.cian.ru/sale/flat/296375913/;Санкт-Петербург;sale;flat;10;10;3;79.6;22300059;Московский;м. Ленинский проспект;;Ленинский проспект;Сенат
Гранит Инвест;real_estate_agent;https://spb.cian.ru/sale/flat/298889879/;Санкт-Петербург;sale;flat;10;11;3;110.5;34476000;Адмиралтейский;набережная Обводного Канала;108;Фрунзенская;
GloraX;developer;https://spb.cian.ru/sale/flat/279506981/;Санкт-Петербург;sale;flat;2;20;3;86.6;22259999;Василеостровский; Челюскина;8;;Golden City
4ROOMS;real_estate_agent;https://spb.cian.ru/sale/flat/299371542/;Санкт-Петербург;sale;flat;3;5;3;57.7;10100000;Колпинский;Понтонная ;7к2;Рыбацкое;Юттери
Петербургская Недвижимость;representative_developer;https://spb.cian.ru/sale/flat/296753830/;Санкт-Петербург;sale;flat;4;9;3;107.3;28750820;Выборгский; Александра Матросова;1;Лесная;Притяжение
Петербургская Недвижимость;real_estate_agent;https://spb.cian.ru/sale/flat/292988832/;Санкт-Петербург;sale;flat;3;5;3;91.9;19800000;Центральный;Гончарная ;20;Площадь Восстания;
Петербургская Недвижимость;representative_developer;https://spb.cian.ru/sale/flat/296753758/;Санкт-Петербург;sale;flat;8;10;3;96.7;30895650;Выборгский;Светлановское;;Удельная;Svetlana Park
Мир квартир элит Крестовский;real_estate_agent;https://spb.cian.ru/sale/flat/298625611/;Санкт-Петербург;sale;flat;1;6;3;126.6;49900000;Курортный;дорога Таможенная;11к1с10;Беговая;е.квартал 
Эталон СПБ;developer;https://spb.cian.ru/sale/flat/298656896/;Санкт-Петербург;sale;flat;17;25;3;65.6;14585472;Приморский;Коломяги;;Проспект Просвещения;Новоорловский ЖК
Мир Квартир Элит;real_estate_agent;https://spb.cian.ru/sale/flat/292014438/;Санкт-Петербург;sale;flat;4;4;3;114.0;65000000;Адмиралтейский;набережная Адмиралтейского Канала;5;Садовая;
Эталон СПБ;developer;https://spb.cian.ru/sale/flat/298656697/;Санкт-Петербург;sale;flat;14;18;3;89.4;25021948;Адмиралтейский;бульвар Измайловский;11;Московские ворота;Квартал Галактика
Мир квартир элит Крестовский;real_estate_agent;https://spb.cian.ru/sale/flat/286808882/;Санкт-Петербург;sale;flat;7;7;3;161.0;49000000;Курортный;Приморское шоссе;424;Старая Деревня;Crystal
Петербургская Недвижимость;representative_developer;https://spb.cian.ru/sale/flat/296753462/;Санкт-Петербург;sale;flat;6;8;3;114.5;52555500;Петроградский;Петровский проспект;26к2;Чкаловская;The One
Active Group - Арендафон. Штаб Квартир;real_estate_agent;https://spb.cian.ru/sale/flat/288719480/;Санкт-Петербург;sale;flat;8;22;3;100.0;45000000;Выборгский;Оренбургская ;2;Площадь Ленина;
Петербургская Строительная Компания;developer;https://spb.cian.ru/sale/flat/293263935/;Санкт-Петербург;sale;flat;8;9;3;114.14;50593730;Центральный;проспект Бакунина;;Площадь Восстания;Bakunina 33
Мир Квартир Элит;real_estate_agent;https://spb.cian.ru/sale/flat/295989142/;Санкт-Петербург;sale;flat;2;4;3;100.2;49700000;Центральный;Виленский переулок;9;Чернышевская;
AAG;developer;https://spb.cian.ru/sale/flat/298267779/;Санкт-Петербург;sale;flat;8;12;3;115.3;35759106;Красногвардейский;проспект Шаумяна;14;Новочеркасская;Alter
М16;real_estate_agent;https://spb.cian.ru/sale/flat/297444820/;Санкт-Петербург;sale;flat;15;20;3;83.2;26200000;Василеостровский; Челюскина;8;Приморская;Golden City
Унистрой;developer;https://spb.cian.ru/sale/flat/277296497/;Санкт-Петербург;sale;flat;3;10;3;127.2;38380000;Красногвардейский;Большая Охта;;Площадь Ленина;Юпоинт ЖК
NEXT;real_estate_agent;https://spb.cian.ru/sale/flat/299639156/;Санкт-Петербург;sale;flat;3;8;3;77.46;35600000;Петроградский;набережная Реки Карповки;31к1;Петроградская;
AAG;developer;https://spb.cian.ru/sale/flat/298267785/;Санкт-Петербург;sale;flat;2;12;3;124.8;36965214;Красногвардейский;проспект Шаумяна;14;Новочеркасская;Alter
АДРЕС ЭСТЕЙТ;real_estate_agent;https://spb.cian.ru/sale/flat/275301522/;Санкт-Петербург;sale;flat;4;9;3;105.0;39600000;Петроградский;Аптекарский проспект;5;Петроградская;BOTANICA
Петербургская Недвижимость;representative_developer;https://spb.cian.ru/sale/flat/298589033/;Санкт-Петербург;sale;flat;8;8;3;85.9;50251500;Петроградский;Петровский проспект;28к1;Крестовский остров;Grand View
ПИА Недвижимость;real_estate_agent;https://spb.cian.ru/sale/flat/296805248/;Санкт-Петербург;sale;flat;2;5;3;55.9;8240000;Красногвардейский; Лазо;8К1;;
Петербургская Строительная Компания;developer;https://spb.cian.ru/sale/flat/293263829/;Санкт-Петербург;sale;flat;6;9;3;103.22;40205493;Центральный;проспект Бакунина;;Площадь Александра Невского;Bakunina 33
Павел Сливоев;realtor;https://spb.cian.ru/sale/flat/297086441/;Санкт-Петербург;sale;flat;6;26;3;165.8;25499000;Василеостровский; Нахимова;20;Приморская;
Петербургская Недвижимость;representative_developer;https://spb.cian.ru/sale/flat/296753455/;Санкт-Петербург;sale;flat;1;8;3;106.7;40332600;Петроградский;Петровский проспект;26к2;Чкаловская;The One
Петербургская Недвижимость;real_estate_agent;https://spb.cian.ru/sale/flat/293250613/;Санкт-Петербург;sale;flat;1;12;3;69.0;12150000;Приморский;Яхтенная ;9К2;Беговая;
Эталон СПБ;developer;https://spb.cian.ru/sale/flat/299459366/;Санкт-Петербург;sale;flat;18;18;3;93.6;27032012;Адмиралтейский;бульвар Измайловский;9;Фрунзенская;Квартал Галактика
Century 21 Гарант;real_estate_agent;https://spb.cian.ru/sale/flat/296714615/;Санкт-Петербург;sale;flat;1;10;3;57.3;10900000;Фрунзенский; Турку;27;Проспект Славы;
Ленстройтрест;developer;https://spb.cian.ru/sale/flat/298651556/;Санкт-Петербург;sale;flat;3;25;3;90.03;18735243;Приморский;Коломяги;;Проспект Просвещения;Окла ЖК
Мир Квартир Элит;real_estate_agent;https://spb.cian.ru/sale/flat/297246867/;Санкт-Петербург;sale;flat;10;10;3;165.0;78000000;Петроградский;Пионерская ;50;Чкаловская;Премьер Палас
ЛСР Санкт-Петербург;developer;https://spb.cian.ru/sale/flat/294660576/;Санкт-Петербург;sale;flat;2;14;3;82.46;18273136;Василеостровский;Гавань;;Приморская;Морская Набережная ЖК
Мир Квартир Элит;real_estate_agent;https://spb.cian.ru/sale/flat/294176886/;Санкт-Петербург;sale;flat;5;13;3;90.3;45000000;Красногвардейский;Пискаревский проспект;1;Чернышевская;Четыре горизонта
Строительный трест;developer;https://spb.cian.ru/sale/flat/298534336/;Санкт-Петербург;sale;flat;5;11;3;109.24;28403000;Калининский; Академика Константинова;1к1;Академическая;Наука
Мир квартир элит Крестовский;real_estate_agent;https://spb.cian.ru/sale/flat/297175185/;Санкт-Петербург;sale;flat;10;14;3;131.0;35000000;Василеостровский; Нахимова;11;Приморская;
ЛСР Санкт-Петербург;developer;https://spb.cian.ru/sale/flat/299236896/;Санкт-Петербург;sale;flat;7;22;3;63.7;9905350;Красногвардейский;Полюстрово;;Девяткино;Цветной Город
Мир Квартир Элит;real_estate_agent;https://spb.cian.ru/sale/flat/299137104/;Санкт-Петербург;sale;flat;17;17;3;91.9;48800000;Василеостровский; Челюскина;2;Приморская;Golden City
ЛСР Санкт-Петербург;developer;https://spb.cian.ru/sale/flat/294545233/;Санкт-Петербург;sale;flat;5;8;3;108.47;43930350;Петроградский;Петровский;;Чкаловская;Нева Резиденс ЖК
Гарантия;real_estate_agent;https://spb.cian.ru/sale/flat/297457745/;Санкт-Петербург;sale;flat;9;17;3;102.6;21000000;Фрунзенский; Димитрова;2;Купчино;
Группа Аквилон;developer;https://spb.cian.ru/sale/flat/277319831/;Санкт-Петербург;sale;flat;6;12;3;92.6;21679179;Московский;Звёздное;;Звездная;Аквилон Leaves
Мир Квартир Элит;real_estate_agent;https://spb.cian.ru/sale/flat/292329018/;Санкт-Петербург;sale;flat;11;12;3;105.6;33500000;Красногвардейский;проспект Шаумяна;14;Новочеркасская;Alter
Строительный трест;developer;https://spb.cian.ru/sale/flat/295198066/;Санкт-Петербург;sale;flat;5;13;3;70.9;21979000;Василеостровский;Гавань;;Приморская;Шкиперский 19 ЖК
Active Group - Арендафон. Штаб Квартир;real_estate_agent;https://spb.cian.ru/sale/flat/285376981/;Санкт-Петербург;sale;flat;4;12;3;100.0;32000000;Выборгский;проспект Энгельса;2;Пионерская;Усадьба на Ланском
Терминал-Ресурс;developer;https://spb.cian.ru/sale/flat/296120154/;Санкт-Петербург;sale;flat;2;4;3;79.17;13775580;Пушкинский;;;Звездная;Образцовый квартал 15 ЖК
Мир Квартир Элит;real_estate_agent;https://spb.cian.ru/sale/flat/291273926/;Санкт-Петербург;sale;flat;6;8;3;129.2;44450000;Василеостровский;16-я Васильевского острова линия;37;Василеостровская;
ПИК;developer;https://spb.cian.ru/sale/flat/295870054/;Санкт-Петербург;sale;flat;6;9;3;79.8;29502219;Адмиралтейский;Измайловское;к 2.1;Балтийская;Лермонтовский 54 ЖК
МИР КВАРТИР;real_estate_agent;https://spb.cian.ru/sale/flat/292771139/;Санкт-Петербург;sale;flat;7;10;3;99.3;33300000;Невский;проспект Обуховской обороны;70к4;Елизаровская;Эталон на Неве
ЛСР Санкт-Петербург;developer;https://spb.cian.ru/sale/flat/299403334/;Санкт-Петербург;sale;flat;6;12;3;76.0;18924000;Красногвардейский;Партизанская ;5Б;Ладожская;ЛСР. Большая Охта
Мир Квартир Элит;real_estate_agent;https://spb.cian.ru/sale/flat/298751124/;Санкт-Петербург;sale;flat;13;23;3;109.6;34000000;Приморский;Дибуновская ;50;Старая Деревня;
Лидер Групп;developer;https://spb.cian.ru/sale/flat/294573126/;Санкт-Петербург;sale;flat;3;18;3;95.3;20489500;Василеостровский;бульвар Головнина;3к1;Горный институт;Колумб (Гавань Капитанов)
Мир квартир элит Крестовский;real_estate_agent;https://spb.cian.ru/sale/flat/298744433/;Санкт-Петербург;sale;flat;6;8;3;107.0;45990000;Петроградский;Зверинская ;22;Спортивная;
Петербургская Недвижимость;representative_developer;https://spb.cian.ru/sale/flat/299582533/;Санкт-Петербург;sale;flat;1;5;3;102.2;17300160;Московский; Струве;12;Звездная;Зеленый квартал
ХочуКвартиру;real_estate_agent;https://spb.cian.ru/sale/flat/285283290/;Санкт-Петербург;sale;flat;9;12;3;80.0;9900000;Колпинский;Тверская ;60;Купчино;
Лидер Групп;developer;https://spb.cian.ru/sale/flat/286950006/;Санкт-Петербург;sale;flat;11;23;3;142.78;37122800;Московский;Гагаринское;;;Дефанс ЖК
МИР КВАРТИР;real_estate_agent;https://spb.cian.ru/sale/flat/298527845/;Санкт-Петербург;sale;flat;6;6;3;137.7;34000000;Центральный;Невский проспект;88;Маяковская;
ЛСР Санкт-Петербург;developer;https://spb.cian.ru/sale/flat/294546051/;Санкт-Петербург;sale;flat;8;8;3;117.9;54575910;Петроградский;Петровский проспект;11к2;Крестовский остров;Neva Haus
ИП Шутикова Е. С.;real_estate_agent;https://spb.cian.ru/sale/flat/289176764/;Санкт-Петербург;sale;flat;1;16;3;79.4;9990000;Красногвардейский;проспект Косыгина;31К2;Улица Дыбенко;
ЛСР Санкт-Петербург;developer;https://spb.cian.ru/sale/flat/299096481/;Санкт-Петербург;sale;flat;6;19;3;59.54;10449270;Красногвардейский;м. Гражданский проспект;;Гражданский проспект;Ручьи ЖК
НЕВАДА-ЦЕНТР;real_estate_agent;https://spb.cian.ru/sale/flat/296189684/;Санкт-Петербург;sale;flat;9;12;3;94.42;17800000;Выборгский;проспект Просвещения;14к4;Проспект Просвещения;
КВС;real_estate_agent;https://spb.cian.ru/sale/flat/295396042/;Санкт-Петербург;sale;flat;4;5;3;54.8;6600000;Колпинский; Адмиралтейская;27;Купчино;
ID 81185522;realtor;https://spb.cian.ru/sale/flat/298490572/;Санкт-Петербург;sale;flat;3;5;3;58.3;6890000;Кировский;проспект Маршала Жукова;72К5;Проспект Ветеранов;
ID 88389518;homeowner;https://spb.cian.ru/sale/flat/299102369/;Санкт-Петербург;sale;flat;4;5;3;55.3;6800000;Пушкинский;Гуммолосаровская ;29;Звездная;
Колвэй;real_estate_agent;https://spb.cian.ru/sale/flat/283488250/;Санкт-Петербург;sale;flat;4;4;3;55.1;6900000;Пушкинский;Березовая ;19;Купчино;
Азбука Дома;real_estate_agent;https://spb.cian.ru/sale/flat/298732166/;Санкт-Петербург;sale;flat;10;15;3;52.0;7090000;Выборгский; Кустодиева;4К2;Проспект Просвещения;
ТРЕНД;real_estate_agent;https://spb.cian.ru/sale/flat/297037467/;Санкт-Петербург;sale;flat;6;12;3;52.3;7600000;Калининский; Ушинского;22/97;Гражданский проспект;
Адвекс;real_estate_agent;https://spb.cian.ru/sale/flat/298091678/;Санкт-Петербург;sale;flat;1;9;3;60.12;8000000;Кировский;проспект Ветеранов;112;Проспект Ветеранов;
ТРЕНД;real_estate_agent;https://spb.cian.ru/sale/flat/297584363/;Санкт-Петербург;sale;flat;6;9;3;57.3;8000000;Выборгский;проспект Художников;18К1;Проспект Просвещения;
Лидер Групп;developer;https://spb.cian.ru/sale/flat/286951032/;Санкт-Петербург;sale;flat;12;12;3;55.47;8043150;Пушкинский;Аэросити 4 жилой квартал;;;Аэросити 4
ТРЕНД;real_estate_agent;https://spb.cian.ru/sale/flat/296021112/;Санкт-Петербург;sale;flat;6;9;3;64.0;8200000;Красносельский;Петергофское шоссе;11/21;Ленинский проспект;
Твой ДОМ;real_estate_agent;https://spb.cian.ru/sale/flat/290014553/;Санкт-Петербург;sale;flat;1;16;3;65.9;8300000;Красногвардейский;проспект Энтузиастов;47К4;Проспект Большевиков;
Стоун;developer;https://spb.cian.ru/sale/flat/294087711/;Санкт-Петербург;sale;flat;10;11;3;71.9;8375400;Пушкинский;;;Шушары;Полет ЖК
NEDmax;real_estate_agent;https://spb.cian.ru/sale/flat/299414118/;Санкт-Петербург;sale;flat;3;9;3;60.1;8450000;Приморский;Серебристый бульвар;34К1;Комендантский проспект;
Стоун;developer;https://spb.cian.ru/sale/flat/294087128/;Санкт-Петербург;sale;flat;5;5;3;72.76;8475160;Пушкинский;;;Шушары;Полет ЖК
Лидер Групп;developer;https://spb.cian.ru/sale/flat/286951040/;Санкт-Петербург;sale;flat;12;12;3;58.28;8450600;Пушкинский;Аэросити 4 жилой квартал;;;Аэросити 4
Лидер Групп;developer;https://spb.cian.ru/sale/flat/296280646/;Санкт-Петербург;sale;flat;6;12;3;58.24;8736000;Пушкинский;;;;Аэросити 5 ЖК
ТРЕНД;real_estate_agent;https://spb.cian.ru/sale/flat/298479237/;Санкт-Петербург;sale;flat;6;9;3;64.6;8700000;Кировский; Генерала Симоняка;17;Проспект Ветеранов;
Колвэй;real_estate_agent;https://spb.cian.ru/sale/flat/299024277/;Санкт-Петербург;sale;flat;2;9;3;58.3;8700000;Колпинский;Пролетарская ;48;Шушары;
ID 81185522;realtor;https://spb.cian.ru/sale/flat/298021208/;Санкт-Петербург;sale;flat;8;9;3;65.5;8650000;Калининский; Демьяна Бедного;30к1;Гражданский проспект;
Реал;real_estate_agent;https://spb.cian.ru/sale/flat/297049021/;Санкт-Петербург;sale;flat;1;9;3;66.7;8800000;Красносельский;проспект Кузнецова;20;Ленинский проспект;
НАШ ГОРОД;real_estate_agent;https://spb.cian.ru/sale/flat/297535706/;Санкт-Петербург;sale;flat;8;9;3;61.7;8850000;Калининский; Вавиловых;7К3;Академическая;
ЛСР Санкт-Петербург;developer;https://spb.cian.ru/sale/flat/299364626/;Санкт-Петербург;sale;flat;5;25;3;57.6;8985600;Красногвардейский;Полюстрово;;Академическая;Цветной Город
Самолет;developer;https://spb.cian.ru/sale/flat/293915653/;Санкт-Петербург;sale;flat;1;11;3;65.08;9001040;Колпинский;;к38;Рыбацкое;Новое Колпино ЖК
ЛСР Санкт-Петербург;developer;https://spb.cian.ru/sale/flat/299364589/;Санкт-Петербург;sale;flat;2;25;3;57.4;9011800;Красногвардейский;Полюстрово;;Академическая;Цветной Город
Альдога;real_estate_agent;https://spb.cian.ru/sale/flat/297537449/;Санкт-Петербург;sale;flat;8;9;3;59.0;9000000;Невский; Евдокима Огнева;8К1;Улица Дыбенко;
ID 111015575;homeowner;https://spb.cian.ru/sale/flat/297128617/;Санкт-Петербург;sale;flat;4;9;3;63.0;9000000;Невский; Антонова-Овсеенко;9К1;Улица Дыбенко;
ТРЕНД;real_estate_agent;https://spb.cian.ru/sale/flat/297080484/;Санкт-Петербург;sale;flat;3;9;3;58.3;9100000;Фрунзенский; Белы Куна;23;Международная;
ГлавстройСПб;developer;https://spb.cian.ru/sale/flat/297361201/;Санкт-Петербург;sale;flat;1;24;3;50.9;9167090;Приморский; Ивинская;19к3;Комендантский проспект;Юнтолово
ГлавстройСПб;developer;https://spb.cian.ru/sale/flat/297361401/;Санкт-Петербург;sale;flat;1;17;3;52.9;9241630;Приморский; Ивинская;15;Комендантский проспект;Юнтолово
ГлавстройСПб;developer;https://spb.cian.ru/sale/flat/297361023/;Санкт-Петербург;sale;flat;1;24;3;56.7;9304470;Приморский; Ивинская;19к1;Комендантский проспект;Юнтолово
Лидер Групп;developer;https://spb.cian.ru/sale/flat/296280617/;Санкт-Петербург;sale;flat;2;12;3;64.93;9414850;Пушкинский;;;;Аэросити 5 ЖК
Самолет;developer;https://spb.cian.ru/sale/flat/284755058/;Санкт-Петербург;sale;flat;1;9;3;49.25;9447311;Курортный;;582;Парнас;Курортный квартал ЖК
Самолет;developer;https://spb.cian.ru/sale/flat/299405982/;Санкт-Петербург;sale;flat;2;11;3;58.95;9410634;Колпинский;;к39;Рыбацкое;Новое Колпино ЖК
Лидер Групп;developer;https://spb.cian.ru/sale/flat/297023532/;Санкт-Петербург;sale;flat;2;25;3;65.0;9425000;Красногвардейский;Полюстрово;69;;Старлайт
Реал;real_estate_agent;https://spb.cian.ru/sale/flat/299114342/;Санкт-Петербург;sale;flat;6;9;3;60.8;9400000;Невский; Подвойского;42;Улица Дыбенко;
ID 81185522;realtor;https://spb.cian.ru/sale/flat/291381480/;Санкт-Петербург;sale;flat;3;5;3;54.6;9390000;Невский; Бабушкина;36;Ломоносовская;
ЛСР Санкт-Петербург;developer;https://spb.cian.ru/sale/flat/299236812/;Санкт-Петербург;sale;flat;2;22;3;63.2;9543200;Красногвардейский;Полюстрово;;Девяткино;Цветной Город
ФСК;developer;https://spb.cian.ru/sale/flat/295182670/;Санкт-Петербург;sale;flat;2;10;3;78.21;9490470;Пушкинский;;;;Ап-квартал Новый Московский ЖК
ТРЕНД;real_estate_agent;https://spb.cian.ru/sale/flat/293609520/;Санкт-Петербург;sale;flat;3;9;3;60.2;9480000;Приморский;Серебристый бульвар;6К1;Пионерская;
ID 110923533;homeowner;https://spb.cian.ru/sale/flat/299404106/;Санкт-Петербург;sale;flat;6;9;3;62.4;9500000;Фрунзенский;Будапештская ;101К1;Дунайская;
ЛСР Санкт-Петербург;developer;https://spb.cian.ru/sale/flat/296626605/;Санкт-Петербург;sale;flat;6;25;3;58.9;9600700;Красногвардейский;Полюстрово;;Академическая;Цветной Город
Самолет;developer;https://spb.cian.ru/sale/flat/296000569/;Санкт-Петербург;sale;flat;5;11;3;60.04;9645105;Колпинский;;к39;Рыбацкое;Новое Колпино ЖК
ГлавстройСПб;developer;https://spb.cian.ru/sale/flat/297407577/;Санкт-Петербург;sale;flat;10;24;3;56.3;9599150;Приморский; Ивинская;19к1;Комендантский проспект;Юнтолово
ГлавстройСПб;developer;https://spb.cian.ru/sale/flat/297361178/;Санкт-Петербург;sale;flat;1;24;3;51.0;9562500;Приморский; Ивинская;19к2;Комендантский проспект;Юнтолово
Лидер Групп;developer;https://spb.cian.ru/sale/flat/296280626/;Санкт-Петербург;sale;flat;3;12;3;64.43;9664500;Пушкинский;;;;Аэросити 5 ЖК
ЛСР Санкт-Петербург;developer;https://spb.cian.ru/sale/flat/299237079/;Санкт-Петербург;sale;flat;2;22;3;64.7;9672650;Красногвардейский; Пейзажная;6;Девяткино;Цветной Город
ЛСР Санкт-Петербург;developer;https://spb.cian.ru/sale/flat/296626647/;Санкт-Петербург;sale;flat;22;25;3;60.1;9736200;Красногвардейский;Полюстрово;;Академическая;Цветной Город
Агентство недвижимости Анастасии Панфиловой;real_estate_agent;https://spb.cian.ru/sale/flat/299350318/;Санкт-Петербург;sale;flat;2;9;3;61.6;9700000;Фрунзенский;Софийская ;55;Проспект Славы;
Самолет;developer;https://spb.cian.ru/sale/flat/284754860/;Санкт-Петербург;sale;flat;1;8;3;51.55;9713107;Курортный;;581;Проспект Просвещения;Курортный квартал ЖК
Самолет;developer;https://spb.cian.ru/sale/flat/296291004/;Санкт-Петербург;sale;flat;5;8;3;51.29;9837089;Курортный;;581;Проспект Просвещения;Курортный квартал ЖК
ГлавстройСПб;developer;https://spb.cian.ru/sale/flat/297361126/;Санкт-Петербург;sale;flat;1;17;3;52.3;9759180;Приморский; Ивинская;9;Комендантский проспект;Юнтолово
Луч;real_estate_agent;https://spb.cian.ru/sale/flat/298994127/;Санкт-Петербург;sale;flat;1;3;3;69.0;9899000;Фрунзенский;Витебская Сортировочная ;14;Волковская;
ЛСР Санкт-Петербург;developer;https://spb.cian.ru/sale/flat/299237118/;Санкт-Петербург;sale;flat;7;22;3;63.9;9936450;Красногвардейский; Пейзажная;6;Девяткино;Цветной Город
ЛСР Санкт-Петербург;developer;https://spb.cian.ru/sale/flat/296626643/;Санкт-Петербург;sale;flat;22;25;3;61.1;9928750;Красногвардейский;Полюстрово;;Академическая;Цветной Город
Реал;real_estate_agent;https://spb.cian.ru/sale/flat/299168333/;Санкт-Петербург;sale;flat;17;17;3;78.7;9900000;Выборгский;Юкковское шоссе;14к8;Проспект Просвещения;
ГлавстройСПб;developer;https://spb.cian.ru/sale/flat/297361176/;Санкт-Петербург;sale;flat;1;24;3;55.7;9881180;Приморский; Ивинская;19к2;Комендантский проспект;Юнтолово
;;https://spb.cian.ru/sale/flat/292413397/;Санкт-Петербург;sale;flat;1;6;3;82.3;9876000;Курортный; Строителей;3к2;;Granholm Village
Лидер Групп;developer;https://spb.cian.ru/sale/flat/297023686/;Санкт-Петербург;sale;flat;6;25;3;65.64;10042920;Красногвардейский;Полюстрово;69;;Старлайт
;;https://spb.cian.ru/sale/flat/292413407/;Санкт-Петербург;sale;flat;3;6;3;83.0;9960000;Курортный; Строителей;3к2;;Granholm Village
Самолет;developer;https://spb.cian.ru/sale/flat/296759910/;Санкт-Петербург;sale;flat;2;9;3;60.4;10080927;Курортный;;;Проспект Просвещения;Курортный квартал ЖК
ФСК;developer;https://spb.cian.ru/sale/flat/295182779/;Санкт-Петербург;sale;flat;2;14;3;74.54;10148240;Невский;Невский;;;Зум на Неве ЖК
;;https://spb.cian.ru/sale/flat/292413405/;Санкт-Петербург;sale;flat;2;6;3;83.9;10068000;Курортный; Строителей;3к2;;Granholm Village
ЛСР Санкт-Петербург;developer;https://spb.cian.ru/sale/flat/294543946/;Санкт-Петербург;sale;flat;20;21;3;58.88;10215680;Красногвардейский;Полюстрово;149/5;Гражданский проспект;Ручьи ЖК
ГлавстройСПб;developer;https://spb.cian.ru/sale/flat/297361228/;Санкт-Петербург;sale;flat;1;24;3;53.9;10195185;Приморский; Ивинская;19к3;Комендантский проспект;Юнтолово
Юлиан Рыжов;realtor;https://spb.cian.ru/sale/flat/299168568/;Санкт-Петербург;sale;flat;3;9;3;57.5;10250000;Фрунзенский;проспект Славы;4;Международная;
Самолет;developer;https://spb.cian.ru/sale/flat/296290992/;Санкт-Петербург;sale;flat;7;9;3;53.16;10415047;Курортный;;582;Парнас;Курортный квартал ЖК
Лидер Групп;developer;https://spb.cian.ru/sale/flat/297023726/;Санкт-Петербург;sale;flat;2;25;3;63.28;10441200;Красногвардейский;Полюстрово;69;;Старлайт
Метро;real_estate_agent;https://spb.cian.ru/sale/flat/272335952/;Санкт-Петербург;sale;flat;9;12;3;63.0;10500000;Выборгский;проспект Энгельса;145К3;Проспект Просвещения;
ФСК;developer;https://spb.cian.ru/sale/flat/295182911/;Санкт-Петербург;sale;flat;4;14;3;74.18;10530214;Невский;Невский;;;Зум на Неве ЖК
Самолет;developer;https://spb.cian.ru/sale/flat/299405999/;Санкт-Петербург;sale;flat;3;11;3;64.79;10638658;Колпинский;;к36;Рыбацкое;Новое Колпино ЖК
Самолет;developer;https://spb.cian.ru/sale/flat/284755052/;Санкт-Петербург;sale;flat;1;9;3;62.15;10581083;Курортный;;582;Парнас;Курортный квартал ЖК
Самолет;developer;https://spb.cian.ru/sale/flat/296287934/;Санкт-Петербург;sale;flat;6;8;3;53.31;10671048;Курортный;;581;Проспект Просвещения;Курортный квартал ЖК
;;https://spb.cian.ru/sale/flat/292413320/;Санкт-Петербург;sale;flat;1;6;3;88.9;10668000;Курортный; Строителей;3к2;;Granholm Village
Самолет;developer;https://spb.cian.ru/sale/flat/299260915/;Санкт-Петербург;sale;flat;2;23;3;53.46;10876316;Невский;Рыбацкое;5;Рыбацкое;Живи в Рыбацком ЖК
Самолет;developer;https://spb.cian.ru/sale/flat/296287932/;Санкт-Петербург;sale;flat;4;9;3;56.4;10880846;Курортный;;581;Проспект Просвещения;Курортный квартал ЖК
Самолет;developer;https://spb.cian.ru/sale/flat/299577848/;Санкт-Петербург;sale;flat;7;8;3;53.88;10823952;Курортный;;582;Парнас;Курортный квартал ЖК
Эталон СПБ;developer;https://spb.cian.ru/sale/flat/298655431/;Санкт-Петербург;sale;flat;2;12;3;69.6;10884364;Пушкинский;;;Звездная;Монография ЖК
Реал;real_estate_agent;https://spb.cian.ru/sale/flat/298612472/;Санкт-Петербург;sale;flat;4;8;3;83.4;10800000;Красносельский;Красногородская ;5к1;Проспект Ветеранов;
;;https://spb.cian.ru/sale/flat/292413457/;Санкт-Петербург;sale;flat;3;6;3;90.5;10860000;Курортный; Строителей;3к2;;Granholm Village
;;https://spb.cian.ru/sale/flat/292413330/;Санкт-Петербург;sale;flat;3;6;3;89.9;10788000;Курортный; Строителей;3к2;;Granholm Village
Лидер Групп;developer;https://spb.cian.ru/sale/flat/297023913/;Санкт-Петербург;sale;flat;8;25;3;63.93;10932030;Красногвардейский;Полюстрово;69;;Старлайт
КВС;real_estate_agent;https://spb.cian.ru/sale/flat/299066716/;Санкт-Петербург;sale;flat;1;6;3;68.4;11000000;Пушкинский;Ленинградская ;99;Шушары;
;;https://spb.cian.ru/sale/flat/292413354/;Санкт-Петербург;sale;flat;1;6;3;91.9;11028000;Курортный; Строителей;3к2;;Granholm Village
;;https://spb.cian.ru/sale/flat/292413357/;Санкт-Петербург;sale;flat;3;6;3;93.1;11172000;Курортный; Строителей;3к2;;Granholm Village
Самолет;developer;https://spb.cian.ru/sale/flat/296759906/;Санкт-Петербург;sale;flat;2;9;3;69.4;11112738;Курортный;;;Проспект Просвещения;Курортный квартал ЖК
Лидер Групп;developer;https://spb.cian.ru/sale/flat/296280930/;Санкт-Петербург;sale;flat;10;12;3;77.2;11194000;Пушкинский;проспект Старорусский;9;;Аэросити 2
;;https://spb.cian.ru/sale/flat/285297786/;Санкт-Петербург;sale;flat;4;11;3;76.8;11136000;Пушкинский;проспект Старорусский;11;Звездная;Аэросити
;;https://spb.cian.ru/sale/flat/292413474/;Санкт-Петербург;sale;flat;2;6;3;94.1;11292000;Курортный; Строителей;3к2;;Granholm Village
Самолет;developer;https://spb.cian.ru/sale/flat/294049719/;Санкт-Петербург;sale;flat;2;16;3;59.01;11426148;Невский; Славянская;;Рыбацкое;Живи! в Рыбацком
Лидер Групп;developer;https://spb.cian.ru/sale/flat/296280954/;Санкт-Петербург;sale;flat;12;12;3;78.0;11310000;Пушкинский;проспект Старорусский;9;;Аэросити 2
Лидер Групп;developer;https://spb.cian.ru/sale/flat/295100644/;Санкт-Петербург;sale;flat;12;12;3;61.7;11414500;Пушкинский;;;;Аэросити 6 ЖК
Колвэй;real_estate_agent;https://spb.cian.ru/sale/flat/291690931/;Санкт-Петербург;sale;flat;3;5;3;79.0;11300000;Колпинский;проспект Ленина;19/3;Шушары;
Самолет;developer;https://spb.cian.ru/sale/flat/293847230/;Санкт-Петербург;sale;flat;2;24;3;61.31;11537608;Невский; Славянская;;Рыбацкое;Живи! в Рыбацком
Самолет;developer;https://spb.cian.ru/sale/flat/299260885/;Санкт-Петербург;sale;flat;23;23;3;54.32;11518713;Невский;Рыбацкое;5;Рыбацкое;Живи в Рыбацком ЖК
Самолет;developer;https://spb.cian.ru/sale/flat/296759979/;Санкт-Петербург;sale;flat;1;10;3;71.1;11513597;Курортный;;;Парнас;Курортный квартал ЖК
Самолет;developer;https://spb.cian.ru/sale/flat/293847237/;Санкт-Петербург;sale;flat;2;24;3;59.87;11562927;Невский; Славянская;;Рыбацкое;Живи! в Рыбацком
ГлавстройСПб;developer;https://spb.cian.ru/sale/flat/297885360/;Санкт-Петербург;sale;flat;1;23;3;63.3;11564910;Приморский; Ивинская;1к4;Зенит;ПАРК-КВАРТАЛ Юнтолово
Реал;real_estate_agent;https://spb.cian.ru/sale/flat/297049015/;Санкт-Петербург;sale;flat;3;9;3;57.0;11600000;Московский; Ленсовета;73К3;Звездная;
Самолет;developer;https://spb.cian.ru/sale/flat/296759904/;Санкт-Петербург;sale;flat;6;9;3;70.1;11635418;Курортный;;;Проспект Просвещения;Курортный квартал ЖК
Технополис;developer;https://spb.cian.ru/sale/flat/299600067/;Санкт-Петербург;sale;flat;2;8;3;72.17;11619370;Красносельский; Лермонтова;15к2Б;Проспект Ветеранов;Новикола
Самолет;developer;https://spb.cian.ru/sale/flat/293529827/;Санкт-Петербург;sale;flat;1;23;3;55.8;11721546;Невский;Рыбацкое;4;Рыбацкое;Живи в Рыбацком ЖК
МАКРОМИР НЕДВИЖИМОСТЬ;real_estate_agent;https://spb.cian.ru/sale/flat/299319992/;Санкт-Петербург;sale;flat;7;12;3;62.0;11750000;Кировский;Ленинский проспект;117К1;Ленинский проспект;
Лидер Групп;developer;https://spb.cian.ru/sale/flat/296280903/;Санкт-Петербург;sale;flat;9;12;3;81.1;11759500;Пушкинский;проспект Старорусский;9;;Аэросити 2
Лидер Групп;developer;https://spb.cian.ru/sale/flat/286951029/;Санкт-Петербург;sale;flat;2;12;3;83.73;11722200;Пушкинский;Аэросити 4 жилой квартал;;;Аэросити 4
КВС;developer;https://spb.cian.ru/sale/flat/295838300/;Санкт-Петербург;sale;flat;1;5;3;71.02;11765700;Пушкинский;;;Звездная;ЮгТаун ЖК
;;https://spb.cian.ru/sale/flat/285297787/;Санкт-Петербург;sale;flat;4;11;3;81.1;11759500;Пушкинский;проспект Старорусский;11;Звездная;Аэросити
Луч;real_estate_agent;https://spb.cian.ru/sale/flat/295777711/;Санкт-Петербург;sale;flat;2;4;3;64.0;11999000;Калининский;проспект Науки;44;Академическая;
ФСК;developer;https://spb.cian.ru/sale/flat/295182086/;Санкт-Петербург;sale;flat;2;17;3;82.49;11966609;Невский;Невский;;;Зум на Неве ЖК
;;https://spb.cian.ru/sale/flat/298270823/;Санкт-Петербург;sale;flat;3;9;3;79.37;11984870;Колпинский;Заречье тер.;;Рыбацкое;Квартал Заречье
Ленстройтрест;developer;https://spb.cian.ru/sale/flat/298649361/;Санкт-Петербург;sale;flat;1;5;3;60.64;11966160;Колпинский;проезд Понтонный;6;Рыбацкое;Юттери
;;https://spb.cian.ru/sale/flat/298270813/;Санкт-Петербург;sale;flat;2;9;3;79.97;11995500;Колпинский;Заречье тер.;;Рыбацкое;Квартал Заречье
ID 22073827;homeowner;https://spb.cian.ru/sale/flat/298704853/;Санкт-Петербург;sale;flat;4;5;3;67.6;11900000;Выборгский;Лесной проспект;59к4;Лесная;
Самолет;developer;https://spb.cian.ru/sale/flat/297429040/;Санкт-Петербург;sale;flat;21;23;3;49.59;12137460;Невский;Рыбацкое;4;Рыбацкое;Живи в Рыбацком ЖК
Самолет;developer;https://spb.cian.ru/sale/flat/293529844/;Санкт-Петербург;sale;flat;2;23;3;50.62;12004119;Невский;Рыбацкое;4;Рыбацкое;Живи в Рыбацком ЖК
Самолет;developer;https://spb.cian.ru/sale/flat/299577827/;Санкт-Петербург;sale;flat;5;8;3;60.46;12011185;Курортный;;581;Проспект Просвещения;Курортный квартал ЖК
Самолет;developer;https://spb.cian.ru/sale/flat/296862481/;Санкт-Петербург;sale;flat;6;23;3;53.43;12026833;Невский;Рыбацкое;4;Рыбацкое;Живи в Рыбацком ЖК
Первое Агентство Недвижимости;real_estate_agent;https://spb.cian.ru/sale/flat/297884713/;Санкт-Петербург;sale;flat;17;25;3;76.4;12000000;Выборгский; Валерия Гаврилина;5;Парнас;Северная долина
Лидер Групп;developer;https://spb.cian.ru/sale/flat/286951031/;Санкт-Петербург;sale;flat;3;12;3;83.08;12046600;Пушкинский;Аэросити 4 жилой квартал;;;Аэросити 4
ФСК;developer;https://spb.cian.ru/sale/flat/295183606/;Санкт-Петербург;sale;flat;2;17;3;95.73;12101133;Невский;Невский;;;Зум на Неве ЖК
Группа Аквилон;developer;https://spb.cian.ru/sale/flat/294664504/;Санкт-Петербург;sale;flat;5;11;3;75.1;12046032;Пушкинский;проспект Старорусский;13к2;Звездная;All Inclusive
Самолет;developer;https://spb.cian.ru/sale/flat/296689388/;Санкт-Петербург;sale;flat;17;23;3;54.46;12225760;Невский;Рыбацкое;4;Рыбацкое;Живи в Рыбацком ЖК
Самолет;developer;https://spb.cian.ru/sale/flat/299389579/;Санкт-Петербург;sale;flat;10;23;3;55.0;12200551;Невский;Рыбацкое;4;Рыбацкое;Живи в Рыбацком ЖК
Самолет;developer;https://spb.cian.ru/sale/flat/296759977/;Санкт-Петербург;sale;flat;8;10;3;76.2;12236396;Курортный;;;Парнас;Курортный квартал ЖК
Лига Недвижимости;real_estate_agent;https://spb.cian.ru/sale/flat/290550505/;Санкт-Петербург;sale;flat;11;16;3;65.8;12200000;Приморский;Богатырский проспект;35К2;Комендантский проспект;
Лидер Групп;developer;https://spb.cian.ru/sale/flat/286945635/;Санкт-Петербург;sale;flat;2;12;3;74.0;12210000;Пушкинский;;;;Аэросити 3 ЖК
Ленстройтрест;developer;https://spb.cian.ru/sale/flat/298649322/;Санкт-Петербург;sale;flat;1;5;3;72.45;12167840;Колпинский;проезд Понтонный;6;Рыбацкое;Юттери
;;https://spb.cian.ru/sale/flat/298270281/;Санкт-Петербург;sale;flat;9;9;3;81.41;12374320;Колпинский;Заречье тер.;;Рыбацкое;Квартал Заречье
Технополис;developer;https://spb.cian.ru/sale/flat/299599987/;Санкт-Петербург;sale;flat;2;8;3;77.32;12371200;Красносельский; Лермонтова;15к2Б;Проспект Ветеранов;Новикола
Альдога;real_estate_agent;https://spb.cian.ru/sale/flat/295047380/;Санкт-Петербург;sale;flat;9;10;3;71.1;12350000;Кировский; Лени Голикова;29к5;Проспект Ветеранов;
Лидер Групп;developer;https://spb.cian.ru/sale/flat/286945456/;Санкт-Петербург;sale;flat;4;12;3;72.61;12343700;Пушкинский;;;;Аэросити 3 ЖК
Группа Аквилон;developer;https://spb.cian.ru/sale/flat/294664510/;Санкт-Петербург;sale;flat;7;11;3;75.8;12364117;Пушкинский;проспект Старорусский;13к2;Звездная;All Inclusive
;;https://spb.cian.ru/sale/flat/298270296/;Санкт-Петербург;sale;flat;2;9;3;81.76;12264000;Колпинский;Заречье тер.;;Рыбацкое;Квартал Заречье
Терминал-Ресурс;developer;https://spb.cian.ru/sale/flat/296121308/;Санкт-Петербург;sale;flat;1;4;3;76.13;12409190;Пушкинский;;;Купчино;Образцовый квартал 14 ЖК
Самолет;developer;https://spb.cian.ru/sale/flat/296759974/;Санкт-Петербург;sale;flat;2;10;3;76.9;12419379;Курортный;;;Парнас;Курортный квартал ЖК
Шельф;developer;https://spb.cian.ru/sale/flat/297714737/;Санкт-Петербург;sale;flat;14;26;3;78.7;12592000;Пушкинский;проспект Новгородский;2к3;Звездная;Simple
ФСК;developer;https://spb.cian.ru/sale/flat/295183689/;Санкт-Петербург;sale;flat;4;17;3;95.27;12596504;Невский;Невский;;;Зум на Неве ЖК
Диалог;real_estate_agent;https://spb.cian.ru/sale/flat/294120396/;Санкт-Петербург;sale;flat;14;26;3;79.0;12500000;Выборгский; Михаила Дудина;25к2;Парнас;Северная долина
Терминал-Ресурс;developer;https://spb.cian.ru/sale/flat/296122346/;Санкт-Петербург;sale;flat;1;4;3;76.87;12529810;Пушкинский;;;Купчино;Образцовый квартал 14 ЖК
КВС;developer;https://spb.cian.ru/sale/flat/292309745/;Санкт-Петербург;sale;flat;1;5;3;76.03;12633375;Пушкинский;;;Звездная;ЮгТаун ЖК
Екатерина Белей;realtor;https://spb.cian.ru/sale/flat/299528669/;Санкт-Петербург;sale;flat;9;10;3;69.4;12500000;Приморский; Савушкина;145;Беговая;
Технополис;developer;https://spb.cian.ru/sale/flat/293979141/;Санкт-Петербург;sale;flat;2;8;3;79.9;12704100;Красносельский; Лермонтова;15к2Ж;Проспект Ветеранов;Новикола
Терминал-Ресурс;developer;https://spb.cian.ru/sale/flat/296121309/;Санкт-Петербург;sale;flat;1;4;3;77.83;12686290;Пушкинский;;;Купчино;Образцовый квартал 14 ЖК
КВС;developer;https://spb.cian.ru/sale/flat/282064813/;Санкт-Петербург;sale;flat;2;5;3;68.85;12674900;Пушкинский;Пулковское тер.;;Звездная;ЮгТаун. Олимпийские кварталы
ГлавстройСПб;developer;https://spb.cian.ru/sale/flat/297361394/;Санкт-Петербург;sale;flat;9;27;3;66.93;12871875;Выборгский;проезд Толубеевский;34к2;;Северная долина
Терминал-Ресурс;developer;https://spb.cian.ru/sale/flat/296120337/;Санкт-Петербург;sale;flat;2;4;3;74.37;12866010;Пушкинский;;;Купчино;Образцовый квартал 15 ЖК
КВС;developer;https://spb.cian.ru/sale/flat/292309916/;Санкт-Петербург;sale;flat;4;5;3;75.15;12890703;Пушкинский;;;Звездная;ЮгТаун ЖК
Первое Агентство Недвижимости;real_estate_agent;https://spb.cian.ru/sale/flat/294454401/;Санкт-Петербург;sale;flat;4;6;3;70.9;12900000;Петроградский; Мира;23Б;Горьковская;
Терминал-Ресурс;developer;https://spb.cian.ru/sale/flat/296120203/;Санкт-Петербург;sale;flat;1;4;3;79.64;12981320;Пушкинский;;;Звездная;Образцовый квартал 15 ЖК
;;https://spb.cian.ru/sale/flat/292413453/;Санкт-Петербург;sale;flat;3;6;3;108.1;12972000;Курортный; Строителей;3к2;;Granholm Village
ГлавстройСПб;developer;https://spb.cian.ru/sale/flat/297905082/;Санкт-Петербург;sale;flat;1;27;3;72.06;13086096;Выборгский;Заречная ;52к1;;Северная долина
Самолет;developer;https://spb.cian.ru/sale/flat/297429039/;Санкт-Петербург;sale;flat;13;23;3;51.88;13041067;Невский;Рыбацкое;4;Рыбацкое;Живи в Рыбацком ЖК
Самолет;developer;https://spb.cian.ru/sale/flat/296759900/;Санкт-Петербург;sale;flat;2;9;3;83.1;13053342;Курортный;;;Проспект Просвещения;Курортный квартал ЖК
Эталон СПБ;developer;https://spb.cian.ru/sale/flat/299132634/;Санкт-Петербург;sale;flat;16;25;3;60.0;13149915;Приморский;Коломяги;;Проспект Просвещения;Новоорловский ЖК
Терминал-Ресурс;developer;https://spb.cian.ru/sale/flat/296120335/;Санкт-Петербург;sale;flat;1;4;3;80.56;13131280;Пушкинский;;;Купчино;Образцовый квартал 15 ЖК
КВС;developer;https://spb.cian.ru/sale/flat/292309999/;Санкт-Петербург;sale;flat;1;5;3;80.16;13019775;Пушкинский;;;Звездная;ЮгТаун ЖК
КВС;developer;https://spb.cian.ru/sale/flat/279689390/;Санкт-Петербург;sale;flat;1;5;3;73.55;13090680;Пушкинский;Пулковское тер.;;Звездная;ЮгТаун. Олимпийские кварталы
;;https://spb.cian.ru/sale/flat/292413463/;Санкт-Петербург;sale;flat;5;6;3;108.8;13056000;Курортный; Строителей;3к2;;Granholm Village
Петербургская Недвижимость;representative_developer;https://spb.cian.ru/sale/flat/299582501/;Санкт-Петербург;sale;flat;1;5;3;77.0;13250352;Московский; Струве;12;Звездная;Зеленый квартал
ТРЕНД;real_estate_agent;https://spb.cian.ru/sale/flat/293251040/;Санкт-Петербург;sale;flat;13;15;3;75.0;13200000;Приморский;Богатырский проспект;29К1;Комендантский проспект;
Лидер Групп;developer;https://spb.cian.ru/sale/flat/286946085/;Санкт-Петербург;sale;flat;3;12;3;75.94;13289500;Пушкинский;;;;Аэросити 3 ЖК
Эталон СПБ;developer;https://spb.cian.ru/sale/flat/298655439/;Санкт-Петербург;sale;flat;2;12;3;88.5;13254890;Пушкинский;;;Звездная;Монография ЖК
Ленстройтрест;developer;https://spb.cian.ru/sale/flat/298649286/;Санкт-Петербург;sale;flat;1;5;3;81.89;13181049;Колпинский;шоссе Рубежное;12;Рыбацкое;Юттери
Терминал-Ресурс;developer;https://spb.cian.ru/sale/flat/296122363/;Санкт-Петербург;sale;flat;1;4;3;81.55;13292650;Пушкинский;;;Звездная;Образцовый квартал 15 ЖК
Терминал-Ресурс;developer;https://spb.cian.ru/sale/flat/296121591/;Санкт-Петербург;sale;flat;1;4;3;81.44;13274720;Пушкинский;;;Купчино;Образцовый квартал 14 ЖК
ГлавстройСПб;developer;https://spb.cian.ru/sale/flat/297361447/;Санкт-Петербург;sale;flat;3;27;3;71.63;13285155;Выборгский;Заречная ;48к2;Парнас;Северная долина
ГлавстройСПб;developer;https://spb.cian.ru/sale/flat/297361439/;Санкт-Петербург;sale;flat;2;27;3;71.47;13241893;Выборгский;Заречная ;48к2;Парнас;Северная долина
Ленстройтрест;developer;https://spb.cian.ru/sale/flat/298649327/;Санкт-Петербург;sale;flat;2;5;3;74.9;13248900;Колпинский;проезд Понтонный;6;Рыбацкое;Юттери
КВС;developer;https://spb.cian.ru/sale/flat/292309842/;Санкт-Петербург;sale;flat;2;5;3;79.27;13216480;Пушкинский;;;Звездная;ЮгТаун ЖК
Дмитрий Купина;realtor;https://spb.cian.ru/sale/flat/297922315/;Санкт-Петербург;sale;flat;1;14;3;69.9;13398000;Василеостровский;Морская набережная;17к1;Приморская;
Терминал-Ресурс;developer;https://spb.cian.ru/sale/flat/296119978/;Санкт-Петербург;sale;flat;2;4;3;76.95;13389300;Пушкинский;;;Звездная;Образцовый квартал 15 ЖК
КВС;developer;https://spb.cian.ru/sale/flat/292309972/;Санкт-Петербург;sale;flat;1;5;3;82.69;13367840;Пушкинский;;;Звездная;ЮгТаун ЖК
VEREN GROUP;developer;https://spb.cian.ru/sale/flat/292425359/;Санкт-Петербург;sale;flat;9;10;3;60.3;13440359;Приморский;Парашютная ;79к1;Комендантский проспект;Veren Next Шуваловский
Терминал-Ресурс;developer;https://spb.cian.ru/sale/flat/296121224/;Санкт-Петербург;sale;flat;1;4;3;82.44;13520160;Пушкинский;;;Купчино;Образцовый квартал 14 ЖК
Самолет;developer;https://spb.cian.ru/sale/flat/296607982/;Санкт-Петербург;sale;flat;7;8;3;74.8;13510044;Курортный;;3;Проспект Просвещения;Курортный квартал ЖК
КВС;developer;https://spb.cian.ru/sale/flat/292309913/;Санкт-Петербург;sale;flat;1;5;3;83.62;13484328;Пушкинский;;;Звездная;ЮгТаун ЖК
КВС;developer;https://spb.cian.ru/sale/flat/294623044/;Санкт-Петербург;sale;flat;1;4;3;70.2;13516320;Петродворцовый;;;Проспект Ветеранов;Любоград ЖК
ГлавстройСПб;developer;https://spb.cian.ru/sale/flat/297905240/;Санкт-Петербург;sale;flat;18;27;3;70.64;13674948;Выборгский;Заречная ;52к1;;Северная долина
Терминал-Ресурс;developer;https://spb.cian.ru/sale/flat/296120287/;Санкт-Петербург;sale;flat;1;4;3;83.39;13592570;Пушкинский;;;Звездная;Образцовый квартал 15 ЖК
Терминал-Ресурс;developer;https://spb.cian.ru/sale/flat/296120788/;Санкт-Петербург;sale;flat;1;4;3;83.85;13667550;Пушкинский;;;Купчино;Образцовый квартал 15 ЖК
Самолет;developer;https://spb.cian.ru/sale/flat/296607979/;Санкт-Петербург;sale;flat;6;8;3;74.3;13609953;Курортный;;5;Парнас;Курортный квартал ЖК
ТРЕНД;real_estate_agent;https://spb.cian.ru/sale/flat/299064522/;Санкт-Петербург;sale;flat;2;12;3;79.1;13550000;Приморский;Вербная ;20/2;Удельная;
ГлавстройСПб;developer;https://spb.cian.ru/sale/flat/297361230/;Санкт-Петербург;sale;flat;16;27;3;70.85;13780650;Выборгский;проезд Толубеевский;34к3;;Северная долина
Самолет;developer;https://spb.cian.ru/sale/flat/296759897/;Санкт-Петербург;sale;flat;8;9;3;83.8;13715076;Курортный;;;Проспект Просвещения;Курортный квартал ЖК
ГлавстройСПб;developer;https://spb.cian.ru/sale/flat/297361172/;Санкт-Петербург;sale;flat;16;17;3;70.77;13727380;Выборгский;проезд Толубеевский;34к1;;Северная долина
Терминал-Ресурс;developer;https://spb.cian.ru/sale/flat/296120211/;Санкт-Петербург;sale;flat;2;4;3;79.08;13759920;Пушкинский;;;Звездная;Образцовый квартал 15 ЖК
Терминал-Ресурс;developer;https://spb.cian.ru/sale/flat/296120410/;Санкт-Петербург;sale;flat;1;4;3;85.1;13786200;Пушкинский;;;Купчино;Образцовый квартал 15 ЖК
Петербургская Строительная Компания;developer;https://spb.cian.ru/sale/flat/298626594/;Санкт-Петербург;sale;flat;1;5;3;82.65;13860405;Московский;Пулковский меридиан;;Звездная;Плюс Пулковский ЖК
Петербургская Недвижимость;representative_developer;https://spb.cian.ru/sale/flat/299043880/;Санкт-Петербург;sale;flat;1;5;3;81.76;13900589;Московский;Пулковский меридиан;;Звездная;Парадный ансамбль
ГлавстройСПб;developer;https://spb.cian.ru/sale/flat/297361211/;Санкт-Петербург;sale;flat;10;27;3;71.63;13887315;Выборгский;проезд Толубеевский;34к3;;Северная долина
Первое Агентство Недвижимости;real_estate_agent;https://spb.cian.ru/sale/flat/296027889/;Санкт-Петербург;sale;flat;5;5;3;82.8;13800000;Центральный;Боровая ;19Б;Лиговский проспект;
Самолет;developer;https://spb.cian.ru/sale/flat/296607975/;Санкт-Петербург;sale;flat;6;9;3;75.4;13864402;Курортный;;2;Проспект Просвещения;Курортный квартал ЖК
Ленстройтрест;developer;https://spb.cian.ru/sale/flat/298649319/;Санкт-Петербург;sale;flat;1;5;3;85.67;13834651;Колпинский;шоссе Рубежное;12;Рыбацкое;Юттери
ГлавстройСПб;developer;https://spb.cian.ru/sale/flat/297361096/;Санкт-Петербург;sale;flat;12;27;3;71.63;13827099;Выборгский;проезд Толубеевский;32;Проспект Просвещения;Северная долина
КВС;developer;https://spb.cian.ru/sale/flat/292309845/;Санкт-Петербург;sale;flat;3;5;3;82.08;13882104;Пушкинский;;;Звездная;ЮгТаун ЖК
КВС;developer;https://spb.cian.ru/sale/flat/294623050/;Санкт-Петербург;sale;flat;2;4;3;70.67;13827228;Петродворцовый;;;Проспект Ветеранов;Любоград ЖК
Петербургская Строительная Компания;developer;https://spb.cian.ru/sale/flat/298626592/;Санкт-Петербург;sale;flat;1;5;3;84.02;13980928;Московский;Пулковский меридиан;;Звездная;Плюс Пулковский ЖК
Технополис;developer;https://spb.cian.ru/sale/flat/293979015/;Санкт-Петербург;sale;flat;3;8;3;89.97;14080305;Красносельский; Лермонтова;15к2Ж;Проспект Ветеранов;Новикола
GloraX;developer;https://spb.cian.ru/sale/flat/290172709/;Санкт-Петербург;sale;flat;2;15;3;87.53;13959999;Выборгский;;;;Глоракс Парголово ЖК
Будь первым;real_estate_agent;https://spb.cian.ru/sale/flat/298727725/;Санкт-Петербург;sale;flat;2;16;3;76.0;13990000;Приморский;проспект Юнтоловский;43к1;Беговая;Юнтолово
THE KEYS;real_estate_agent;https://spb.cian.ru/sale/flat/299059423/;Санкт-Петербург;sale;flat;7;23;3;86.1;13990000;Красносельский;проспект Ветеранов;133к1;Проспект Ветеранов;Аист
КВС;real_estate_agent;https://spb.cian.ru/sale/flat/292602980/;Санкт-Петербург;sale;flat;10;14;3;69.0;13990000;Фрунзенский;Будапештская ;87к2;Дунайская;
Терминал-Ресурс;developer;https://spb.cian.ru/sale/flat/296122043/;Санкт-Петербург;sale;flat;1;4;3;86.55;14021100;Пушкинский;;;Купчино;Образцовый квартал 14 ЖК
VEREN GROUP;developer;https://spb.cian.ru/sale/flat/292425363/;Санкт-Петербург;sale;flat;3;10;3;64.6;14100175;Приморский;Парашютная ;79к1;Озерки;Veren Next Шуваловский
ГлавстройСПб;developer;https://spb.cian.ru/sale/flat/298977643/;Санкт-Петербург;sale;flat;16;23;3;80.59;14184675;Приморский; Ивинская;1к2;Зенит;ПАРК-КВАРТАЛ Юнтолово
Технополис;developer;https://spb.cian.ru/sale/flat/299600020/;Санкт-Петербург;sale;flat;6;8;3;89.14;14173260;Красносельский; Лермонтова;15к2Б;Проспект Ветеранов;Новикола
Самолет;developer;https://spb.cian.ru/sale/flat/297298340/;Санкт-Петербург;sale;flat;3;16;3;63.98;14116203;Невский; Гудиловская;9;Рыбацкое;Живи! в Рыбацком
Эталон СПБ;developer;https://spb.cian.ru/sale/flat/298656888/;Санкт-Петербург;sale;flat;13;25;3;65.0;14114125;Приморский;Коломяги;;Проспект Просвещения;Новоорловский ЖК
GloraX;developer;https://spb.cian.ru/sale/flat/294551294/;Санкт-Петербург;sale;flat;4;15;3;85.98;14229999;Выборгский;;;;Глоракс Парголово ЖК
Ленстройтрест;developer;https://spb.cian.ru/sale/flat/298649499/;Санкт-Петербург;sale;flat;1;5;3;79.57;14114880;Колпинский;шоссе Рубежное;14;Рыбацкое;Юттери
Ильвира Колычева;realtor;https://spb.cian.ru/sale/flat/298959238/;Санкт-Петербург;sale;flat;19;27;3;101.6;14100000;Выборгский; Федора Абрамова;21к3;Парнас;Северная долина
ID 82030414;unknown;https://spb.cian.ru/sale/flat/299478663/;Санкт-Петербург;sale;flat;1;25;3;75.9;14200000;Приморский;Яхтенная ;30к4;Комендантский проспект;
VEREN GROUP;developer;https://spb.cian.ru/sale/flat/292425339/;Санкт-Петербург;sale;flat;5;10;3;64.3;14343761;Приморский;Парашютная ;79к1;Комендантский проспект;Veren Next Шуваловский
Технополис;developer;https://spb.cian.ru/sale/flat/299600114/;Санкт-Петербург;sale;flat;2;8;3;90.51;14391090;Красносельский; Лермонтова;15к2Б;Проспект Ветеранов;Новикола
Терминал-Ресурс;developer;https://spb.cian.ru/sale/flat/296121644/;Санкт-Петербург;sale;flat;2;4;3;82.57;14367180;Пушкинский;;;Купчино;Образцовый квартал 14 ЖК
КВС;developer;https://spb.cian.ru/sale/flat/294622567/;Санкт-Петербург;sale;flat;1;4;3;77.74;14378588;Петродворцовый;;;Проспект Ветеранов;Любоград ЖК
КВС;developer;https://spb.cian.ru/sale/flat/294622459/;Санкт-Петербург;sale;flat;1;4;3;76.7;14265957;Петродворцовый;;;Проспект Ветеранов;Любоград ЖК
Виталий Огай;realtor;https://spb.cian.ru/sale/flat/292824961/;Санкт-Петербург;sale;flat;4;6;3;70.3;14300000;Петроградский;Большая Монетная ;7;Горьковская;
VEREN GROUP;developer;https://spb.cian.ru/sale/flat/298402694/;Санкт-Петербург;sale;flat;9;10;3;63.2;14497797;Приморский;Парашютная ;79к1;Озерки;Veren Next Шуваловский
Ленстройтрест;developer;https://spb.cian.ru/sale/flat/298649507/;Санкт-Петербург;sale;flat;4;5;3;78.84;14470680;Колпинский;шоссе Рубежное;14;Рыбацкое;Юттери
Терминал-Ресурс;developer;https://spb.cian.ru/sale/flat/296121837/;Санкт-Петербург;sale;flat;4;4;3;80.42;14475600;Пушкинский;;;Купчино;Образцовый квартал 14 ЖК
КВС;developer;https://spb.cian.ru/sale/flat/294622551/;Санкт-Петербург;sale;flat;2;4;3;76.23;14490864;Петродворцовый;;;Проспект Ветеранов;Любоград ЖК
Петербургская Недвижимость;representative_developer;https://spb.cian.ru/sale/flat/292871148/;Санкт-Петербург;sale;flat;1;5;3;81.83;14550315;Московский;Пулковское шоссе;95к4;Звездная;Парадный ансамбль
Квадратный метр;real_estate_agent;https://spb.cian.ru/sale/flat/297902986/;Санкт-Петербург;sale;flat;4;6;3;80.9;14550000;Пушкинский;Красносельское шоссе;48/60;Купчино;
Терминал-Ресурс;developer;https://spb.cian.ru/sale/flat/296122107/;Санкт-Петербург;sale;flat;2;4;3;85.03;14625160;Пушкинский;;;Купчино;Образцовый квартал 14 ЖК
ЦАН - Центральное Агентство Недвижимости;real_estate_agent;https://spb.cian.ru/sale/flat/282974920/;Санкт-Петербург;sale;flat;5;7;3;88.7;14700000;Центральный;Невский проспект;147;Площадь Александра Невского;
Самолет;developer;https://spb.cian.ru/sale/flat/295426182/;Санкт-Петербург;sale;flat;1;11;3;65.77;14739223;Невский; Гудиловская;5к1;Рыбацкое;Живи! в Рыбацком
ГлавстройСПб;developer;https://spb.cian.ru/sale/flat/297885280/;Санкт-Петербург;sale;flat;5;23;3;80.38;14763600;Приморский; Ивинская;5к2;Зенит;ПАРК-КВАРТАЛ Юнтолово
Ленстройтрест;developer;https://spb.cian.ru/sale/flat/298649271/;Санкт-Петербург;sale;flat;3;5;3;76.11;14854070;Колпинский;шоссе Рубежное;12;Рыбацкое;Юттери
Технополис;developer;https://spb.cian.ru/sale/flat/293979112/;Санкт-Петербург;sale;flat;8;8;3;95.05;14875325;Красносельский; Лермонтова;15к2Ж;Проспект Ветеранов;Новикола
Самолет;developer;https://spb.cian.ru/sale/flat/299577861/;Санкт-Петербург;sale;flat;3;16;3;67.54;14845812;Невский; Гудиловская;9;Рыбацкое;Живи! в Рыбацком
ГлавстройСПб;developer;https://spb.cian.ru/sale/flat/297885356/;Санкт-Петербург;sale;flat;21;23;3;80.59;14924745;Приморский; Ивинская;5к2;Зенит;ПАРК-КВАРТАЛ Юнтолово
Ленстройтрест;developer;https://spb.cian.ru/sale/flat/298651103/;Санкт-Петербург;sale;flat;1;7;3;61.11;14873800;Приморский;шоссе Суздальское;18к3;Проспект Просвещения;Окла
Ленстройтрест;developer;https://spb.cian.ru/sale/flat/298651096/;Санкт-Петербург;sale;flat;1;7;3;64.12;14822770;Приморский;шоссе Суздальское;18к3;Проспект Просвещения;Окла
Первое Агентство Недвижимости;real_estate_agent;https://spb.cian.ru/sale/flat/295101157/;Санкт-Петербург;sale;flat;3;10;3;67.3;15000000;Калининский; Замшина;58;;
Самолет;developer;https://spb.cian.ru/sale/flat/295426194/;Санкт-Петербург;sale;flat;1;11;3;68.69;15074127;Невский; Гудиловская;5к1;Рыбацкое;Живи! в Рыбацком
ВАРИАНТ;real_estate_agent;https://spb.cian.ru/sale/flat/298976631/;Санкт-Петербург;sale;flat;17;17;3;73.2;14990000;Невский; Белышева;5/6;Проспект Большевиков;Аврора-2
Первое Агентство Недвижимости;real_estate_agent;https://spb.cian.ru/sale/flat/284435062/;Санкт-Петербург;sale;flat;5;5;3;78.0;14999000;Колпинский; Анисимова;5к7;;
Ленстройтрест;developer;https://spb.cian.ru/sale/flat/298649282/;Санкт-Петербург;sale;flat;5;5;3;83.51;14968200;Колпинский;шоссе Рубежное;12;Рыбацкое;Юттери
VEREN GROUP;developer;https://spb.cian.ru/sale/flat/298402672/;Санкт-Петербург;sale;flat;9;10;3;66.6;15157862;Приморский;Парашютная ;79к1;Комендантский проспект;Veren Next Шуваловский
Ленстройтрест;developer;https://spb.cian.ru/sale/flat/298649308/;Санкт-Петербург;sale;flat;5;5;3;73.47;15126804;Колпинский;шоссе Рубежное;12;Рыбацкое;Юттери
Master-Group Real Estate;representative_developer;https://spb.cian.ru/sale/flat/298864139/;Санкт-Петербург;sale;flat;2;23;3;94.6;15352223;Выборгский;дорога Ольгинская;;Парнас;Прагма city
Master-Group Real Estate;representative_developer;https://spb.cian.ru/sale/flat/298863651/;Санкт-Петербург;sale;flat;2;23;3;94.3;15303537;Выборгский;дорога Ольгинская;;Парнас;Прагма city
Ольга Бессмертная;realtor;https://spb.cian.ru/sale/flat/289317245/;Санкт-Петербург;sale;flat;13;17;3;78.8;15400000;Калининский;проспект Металлистов;117;Выборгская;Маршал
Ленстройтрест;developer;https://spb.cian.ru/sale/flat/298649273/;Санкт-Петербург;sale;flat;5;5;3;75.13;15353840;Колпинский;шоссе Рубежное;12;Рыбацкое;Юттери
VEREN GROUP;developer;https://spb.cian.ru/sale/flat/292425344/;Санкт-Петербург;sale;flat;9;10;3;67.5;15484198;Приморский;Парашютная ;79к1;Комендантский проспект;Veren Next Шуваловский
Петербургская Недвижимость;representative_developer;https://spb.cian.ru/sale/flat/296054922/;Санкт-Петербург;sale;flat;1;5;3;87.3;15450223;Московский;Пулковское шоссе;99к6;Звездная;Парадный ансамбль
КВС;developer;https://spb.cian.ru/sale/flat/294621175/;Санкт-Петербург;sale;flat;1;4;3;75.6;15553460;Пушкинский;;;Купчино;Дубровский ЖК
Master-Group Real Estate;representative_developer;https://spb.cian.ru/sale/flat/298863552/;Санкт-Петербург;sale;flat;2;23;3;95.9;15564842;Выборгский;дорога Ольгинская;;Парнас;Прагма city
Альдога;real_estate_agent;https://spb.cian.ru/sale/flat/298854078/;Санкт-Петербург;sale;flat;2;8;3;80.0;15500000;Петроградский;Ординарная ;21;Петроградская;
Ленстройтрест;developer;https://spb.cian.ru/sale/flat/298697653/;Санкт-Петербург;sale;flat;1;5;3;87.95;15593340;Колпинский;шоссе Рубежное;14;Рыбацкое;Юттери
8 ЭТАЖ;real_estate_agent;https://spb.cian.ru/sale/flat/299060656/;Санкт-Петербург;sale;flat;4;25;3;86.0;15500000;Кировский;проспект Маршала Жукова;48к1;Ленинский проспект;Полежаевские дома
Ленстройтрест;developer;https://spb.cian.ru/sale/flat/298651119/;Санкт-Петербург;sale;flat;1;7;3;76.91;15455990;Приморский;шоссе Суздальское;18к3;Проспект Просвещения;Окла
ID 87256332;homeowner;https://spb.cian.ru/sale/flat/297215460/;Санкт-Петербург;sale;flat;7;7;3;81.5;15500000;Адмиралтейский;набережная Канала Грибоедова;148-150;Балтийская;
РосСтройИнвест;developer;https://spb.cian.ru/sale/flat/297293328/;Санкт-Петербург;sale;flat;6;13;3;70.1;15712139;Приморский;Юнтолово;;Беговая;Тайм Сквер ЖК
ТРЕНД;real_estate_agent;https://spb.cian.ru/sale/flat/299343353/;Санкт-Петербург;sale;flat;5;6;3;80.0;15700000;Петроградский; Блохина;4;Спортивная;
Ленстройтрест;developer;https://spb.cian.ru/sale/flat/298649316/;Санкт-Петербург;sale;flat;5;5;3;86.53;15687840;Колпинский;шоссе Рубежное;12;Рыбацкое;Юттери
Ленстройтрест;developer;https://spb.cian.ru/sale/flat/298649470/;Санкт-Петербург;sale;flat;5;5;3;84.06;15789760;Колпинский;шоссе Рубежное;14;Рыбацкое;Юттери
Ленстройтрест;developer;https://spb.cian.ru/sale/flat/298649454/;Санкт-Петербург;sale;flat;1;5;3;74.21;15757000;Колпинский;шоссе Рубежное;14;Рыбацкое;Юттери
КВС;developer;https://spb.cian.ru/sale/flat/299153385/;Санкт-Петербург;sale;flat;2;4;3;77.05;15871700;Пушкинский;;;Купчино;Дубровский ЖК
КВС;developer;https://spb.cian.ru/sale/flat/294621178/;Санкт-Петербург;sale;flat;2;4;3;75.0;15884960;Пушкинский;;;Купчино;Дубровский ЖК
ВАРИАНТ;real_estate_agent;https://spb.cian.ru/sale/flat/297071747/;Санкт-Петербург;sale;flat;4;4;3;90.0;16000000;Центральный;Невский проспект;103;Площадь Восстания;
Ленстройтрест;developer;https://spb.cian.ru/sale/flat/298923949/;Санкт-Петербург;sale;flat;3;5;3;86.29;16032000;Колпинский;шоссе Рубежное;14;Рыбацкое;Юттери
Ленстройтрест;developer;https://spb.cian.ru/sale/flat/298649456/;Санкт-Петербург;sale;flat;2;5;3;86.92;16044000;Колпинский;шоссе Рубежное;14;Рыбацкое;Юттери
КВС;developer;https://spb.cian.ru/sale/flat/299153119/;Санкт-Петербург;sale;flat;1;4;3;79.65;16099440;Пушкинский;;;Купчино;Дубровский ЖК
Master-Group Real Estate;representative_developer;https://spb.cian.ru/sale/flat/298864226/;Санкт-Петербург;sale;flat;9;23;3;96.9;16382441;Выборгский;дорога Ольгинская;;Парнас;Прагма city
Ленстройтрест;developer;https://spb.cian.ru/sale/flat/298649394/;Санкт-Петербург;sale;flat;5;5;3;70.04;16224000;Колпинский;шоссе Рубежное;14;Рыбацкое;Юттери
ТРЕНД;real_estate_agent;https://spb.cian.ru/sale/flat/295239682/;Санкт-Петербург;sale;flat;26;26;3;71.1;16200000;Невский; Дыбенко;5к1;Улица Дыбенко;Цивилизация
КВС;developer;https://spb.cian.ru/sale/flat/294621212/;Санкт-Петербург;sale;flat;2;4;3;78.05;16383000;Пушкинский;;;Купчино;Дубровский ЖК
ID 102375767;homeowner;https://spb.cian.ru/sale/flat/299531865/;Санкт-Петербург;sale;flat;3;16;3;80.0;16200000;Фрунзенский;Софийская ;38к2;Международная;
Петербургская Строительная Компания;developer;https://spb.cian.ru/sale/flat/298056551/;Санкт-Петербург;sale;flat;24;25;3;74.92;16503471;Приморский;Коломяги;;Озерки;Френдс ЖК
Нордбау;real_estate_agent;https://spb.cian.ru/sale/flat/299164003/;Санкт-Петербург;sale;flat;7;7;3;78.1;16500000;Невский; Седова;94;Ломоносовская;
Самолет;developer;https://spb.cian.ru/sale/flat/296654448/;Санкт-Петербург;sale;flat;8;10;3;70.0;16610901;Красносельский;Константиновское;;Проспект Ветеранов;Сандэй ЖК
Петербургская Недвижимость;representative_developer;https://spb.cian.ru/sale/flat/296538610/;Санкт-Петербург;sale;flat;3;4;3;73.87;16650519;Петродворцовый;;;Проспект Ветеранов;Дворцовый фасад ЖК
Самолет;developer;https://spb.cian.ru/sale/flat/295660150/;Санкт-Петербург;sale;flat;2;7;3;70.12;16655818;Красносельский;Константиновское;;Проспект Ветеранов;Сандэй
Петербургская Недвижимость;representative_developer;https://spb.cian.ru/sale/flat/299582532/;Санкт-Петербург;sale;flat;5;5;3;92.3;16650504;Московский; Струве;12;Звездная;Зеленый квартал
Ленстройтрест;developer;https://spb.cian.ru/sale/flat/298649528/;Санкт-Петербург;sale;flat;4;5;3;83.43;16596120;Колпинский;шоссе Рубежное;14;Рыбацкое;Юттери
КВС;developer;https://spb.cian.ru/sale/flat/299153092/;Санкт-Петербург;sale;flat;3;4;3;79.35;16679700;Пушкинский;;;Купчино;Дубровский ЖК
РСТИ;developer;https://spb.cian.ru/sale/flat/298331223/;Санкт-Петербург;sale;flat;4;9;3;77.5;16792578;Красносельский; Тамбасова;5;Проспект Ветеранов;Кинопарк
Росстройинвест;developer;https://spb.cian.ru/sale/flat/280432234/;Санкт-Петербург;sale;flat;10;12;3;73.97;16715742;Красногвардейский;Полюстрово;;Академическая;Академик
Технополис;developer;https://spb.cian.ru/sale/flat/299600043/;Санкт-Петербург;sale;flat;8;8;3;105.05;16702950;Красносельский; Лермонтова;15к2Б;Проспект Ветеранов;Новикола
Ленстройтрест;developer;https://spb.cian.ru/sale/flat/298649410/;Санкт-Петербург;sale;flat;5;5;3;85.03;16762900;Колпинский;шоссе Рубежное;14;Рыбацкое;Юттери
КВС;developer;https://spb.cian.ru/sale/flat/299153386/;Санкт-Петербург;sale;flat;2;4;3;81.3;16814160;Пушкинский;;;Купчино;Дубровский ЖК
Ленстройтрест;developer;https://spb.cian.ru/sale/flat/299135862/;Санкт-Петербург;sale;flat;1;8;3;79.9;16938800;Приморский;Коломяги;;Проспект Просвещения;Окла ЖК
Росстройинвест;developer;https://spb.cian.ru/sale/flat/299507450/;Санкт-Петербург;sale;flat;8;23;3;68.65;16956250;Калининский;Финляндский;;Выборгская;Беларт ЖК
Эталон СПБ;developer;https://spb.cian.ru/sale/flat/298658250/;Санкт-Петербург;sale;flat;2;4;3;80.7;16999257;Пушкинский;;;Купчино;Пулковский дом ЖК
Петербургская Строительная Компания;developer;https://spb.cian.ru/sale/flat/298056607/;Санкт-Петербург;sale;flat;22;25;3;78.08;17194817;Приморский;Коломяги;;Озерки;Френдс ЖК
Петербургская Недвижимость;representative_developer;https://spb.cian.ru/sale/flat/298292409/;Санкт-Петербург;sale;flat;1;15;3;78.1;17100112;Невский;Дальневосточный проспект;19к1;Проспект Большевиков;Pulse Premier
Эталон СПБ;developer;https://spb.cian.ru/sale/flat/298658249/;Санкт-Петербург;sale;flat;1;4;3;80.0;17163647;Пушкинский;;;Купчино;Пулковский дом ЖК
Ленстройтрест;developer;https://spb.cian.ru/sale/flat/298649548/;Санкт-Петербург;sale;flat;5;5;3;80.95;17159700;Колпинский;шоссе Рубежное;14;Рыбацкое;Юттери
Колвэй;real_estate_agent;https://spb.cian.ru/sale/flat/275932867/;Санкт-Петербург;sale;flat;3;4;3;126.0;17100000;Пушкинский;Набережная ;1;Купчино;
КВС;developer;https://spb.cian.ru/sale/flat/294620981/;Санкт-Петербург;sale;flat;1;4;3;83.07;17187900;Пушкинский;;;;Дубровский ЖК
Петербургская Недвижимость;representative_developer;https://spb.cian.ru/sale/flat/298589064/;Санкт-Петербург;sale;flat;4;23;3;76.82;17300440;Невский;Невский;;Проспект Большевиков;Пульс Премьер ЖК
Ленстройтрест;developer;https://spb.cian.ru/sale/flat/298650966/;Санкт-Петербург;sale;flat;3;8;3;87.22;17348767;Приморский;Коломяги;;Проспект Просвещения;Окла ЖК
Петербургская Недвижимость;representative_developer;https://spb.cian.ru/sale/flat/295774774/;Санкт-Петербург;sale;flat;1;4;3;96.82;17250274;Красносельский;проспект Буденного;13;Ленинский проспект;Солнечный город. Резиденции
Росстройинвест;developer;https://spb.cian.ru/sale/flat/280432443/;Санкт-Петербург;sale;flat;12;12;3;77.78;17392182;Красногвардейский;Полюстрово;;Академическая;Академик
Лидер Групп;developer;https://spb.cian.ru/sale/flat/299556060/;Санкт-Петербург;sale;flat;2;18;3;90.55;17204500;Невский; Тельмана;37;Ломоносовская;ИСКРА-Сити
Петербургская Недвижимость;representative_developer;https://spb.cian.ru/sale/flat/295827644/;Санкт-Петербург;sale;flat;1;4;3;95.17;17250752;Красносельский;проспект Буденного;15;Проспект Ветеранов;Солнечный город. Резиденции
РосСтройИнвест;developer;https://spb.cian.ru/sale/flat/293304259/;Санкт-Петербург;sale;flat;17;18;3;75.35;17279511;Московский;м. Ленинский проспект;;Ленинский проспект;Cube
РосСтройИнвест;developer;https://spb.cian.ru/sale/flat/293304614/;Санкт-Петербург;sale;flat;15;18;3;77.64;17337064;Московский;м. Ленинский проспект;;Ленинский проспект;Cube
Наталья Жгун;realtor;https://spb.cian.ru/sale/flat/299552430/;Санкт-Петербург;sale;flat;16;26;3;68.5;17290000;Невский; Дыбенко;7к2;Улица Дыбенко;Цивилизация
Master-Group Real Estate;representative_developer;https://spb.cian.ru/sale/flat/298863968/;Санкт-Петербург;sale;flat;2;23;3;106.3;17402148;Выборгский;дорога Ольгинская;;Парнас;Прагма city
Росстройинвест;developer;https://spb.cian.ru/sale/flat/299507674/;Санкт-Петербург;sale;flat;12;22;3;68.45;17510731;Калининский;Финляндский;;Лесная;Беларт ЖК
Росстройинвест;developer;https://spb.cian.ru/sale/flat/294545510/;Санкт-Петербург;sale;flat;12;12;3;75.64;17459764;Красногвардейский;Полюстрово;;Академическая;Академик
ЛСР Санкт-Петербург;developer;https://spb.cian.ru/sale/flat/294660580/;Санкт-Петербург;sale;flat;2;14;3;75.11;17500630;Василеостровский;Гавань;;Приморская;Морская Набережная ЖК
ЛСР Санкт-Петербург;developer;https://spb.cian.ru/sale/flat/294660748/;Санкт-Петербург;sale;flat;13;14;3;84.14;17492706;Василеостровский;Гавань;;Приморская;Морская Набережная ЖК
Петербургская Недвижимость;representative_developer;https://spb.cian.ru/sale/flat/299582489/;Санкт-Петербург;sale;flat;4;5;3;99.4;17400715;Московский; Струве;8к3;Звездная;Зеленый квартал
МИР КВАРТИР;real_estate_agent;https://spb.cian.ru/sale/flat/299474046/;Санкт-Петербург;sale;flat;4;5;3;97.0;17500000;Центральный; Жуковского;32;Площадь Восстания;
РСТИ;developer;https://spb.cian.ru/sale/flat/280115592/;Санкт-Петербург;sale;flat;4;7;3;67.1;17495348;Калининский;Финляндский;;Выборгская;Master Place
КВС;developer;https://spb.cian.ru/sale/flat/294621013/;Санкт-Петербург;sale;flat;1;4;3;87.05;17481380;Пушкинский;;;Купчино;Дубровский ЖК
VEREN GROUP;developer;https://spb.cian.ru/sale/flat/292425360/;Санкт-Петербург;sale;flat;10;10;3;71.9;17643514;Приморский;Парашютная ;79к1;Комендантский проспект;Veren Next Шуваловский
Петербургская Недвижимость;representative_developer;https://spb.cian.ru/sale/flat/299540645/;Санкт-Петербург;sale;flat;12;18;3;80.5;17700179;Невский;Невский;;Проспект Большевиков;Пульс Премьер ЖК
Ленстройтрест;developer;https://spb.cian.ru/sale/flat/298651041/;Санкт-Петербург;sale;flat;6;8;3;89.97;17609364;Приморский;Коломяги;;Проспект Просвещения;Окла ЖК
ЛСР Санкт-Петербург;developer;https://spb.cian.ru/sale/flat/294660484/;Санкт-Петербург;sale;flat;2;14;3;82.46;17588718;Василеостровский;Гавань;;Приморская;Морская Набережная ЖК
Master-Group Real Estate;representative_developer;https://spb.cian.ru/sale/flat/298863977/;Санкт-Петербург;sale;flat;2;23;3;103.7;17683861;Выборгский;дорога Ольгинская;;Парнас;Прагма city
Росстройинвест;developer;https://spb.cian.ru/sale/flat/299508171/;Санкт-Петербург;sale;flat;2;22;3;68.77;17621800;Калининский;Финляндский;;Лесная;БелАрт
ЛСР Санкт-Петербург;developer;https://spb.cian.ru/sale/flat/294545436/;Санкт-Петербург;sale;flat;15;15;3;78.8;17643320;Василеостровский;проспект Крузенштерна;2;;Морская набережная
Росстройинвест;developer;https://spb.cian.ru/sale/flat/282813222/;Санкт-Петербург;sale;flat;12;12;3;79.67;17661774;Красногвардейский;Полюстрово;;Академическая;Академик
Эталон СПБ;developer;https://spb.cian.ru/sale/flat/298658248/;Санкт-Петербург;sale;flat;1;4;3;84.4;17658438;Пушкинский;;;Купчино;Пулковский дом ЖК
ПИК;developer;https://spb.cian.ru/sale/flat/290735404/;Санкт-Петербург;sale;flat;2;14;3;83.4;17731674;Фрунзенский;Волковское;1;Обводный канал;Аэронавт ЖК
ПИК;developer;https://spb.cian.ru/sale/flat/287140616/;Санкт-Петербург;sale;flat;12;12;3;69.2;17690841;Фрунзенский;Волковское;5;Обводный канал;Витебский Парк ЖК
Первое Агентство Недвижимости;real_estate_agent;https://spb.cian.ru/sale/flat/289712007/;Санкт-Петербург;sale;flat;13;14;3;99.8;17600000;Приморский;проспект Авиаконструкторов;42к3;;
Ленстройтрест;developer;https://spb.cian.ru/sale/flat/298651134/;Санкт-Петербург;sale;flat;1;7;3;85.49;17718910;Приморский;шоссе Суздальское;18к3;Проспект Просвещения;Окла
;;https://spb.cian.ru/sale/flat/292227245/;Санкт-Петербург;sale;flat;1;16;3;85.3;17550022;Московский; Федора Котанова;5к2;Звездная;Звезды Столиц
ЛСР Санкт-Петербург;developer;https://spb.cian.ru/sale/flat/294545394/;Санкт-Петербург;sale;flat;5;17;3;72.45;17822700;Василеостровский;Гавань;12;Горный институт;Морская Набережная ЖК
VEREN GROUP;developer;https://spb.cian.ru/sale/flat/285685066/;Санкт-Петербург;sale;flat;3;3;3;81.7;17763033;Петродворцовый;Красносельское шоссе;22;Ленинский проспект;Veren Village Стрельна
Master-Group Real Estate;representative_developer;https://spb.cian.ru/sale/flat/298864192/;Санкт-Петербург;sale;flat;5;23;3;104.5;17820284;Выборгский;дорога Ольгинская;;Парнас;Прагма city
ЛСР Санкт-Петербург;developer;https://spb.cian.ru/sale/flat/294545449/;Санкт-Петербург;sale;flat;15;15;3;79.6;17822440;Василеостровский;проспект Крузенштерна;2;Горный институт;Морская набережная
ЛСР Санкт-Петербург;developer;https://spb.cian.ru/sale/flat/294545364/;Санкт-Петербург;sale;flat;2;17;3;73.02;17846088;Василеостровский;Гавань;12;Горный институт;Морская Набережная ЖК
Росстройинвест;developer;https://spb.cian.ru/sale/flat/299507393/;Санкт-Петербург;sale;flat;12;23;3;68.9;17894035;Калининский;Полюстровский проспект;75;Лесная;БелАрт
Унистрой;developer;https://spb.cian.ru/sale/flat/297187941/;Санкт-Петербург;sale;flat;2;5;3;83.82;17892000;Курортный;;;Зенит;Лисино
Лидер Групп;developer;https://spb.cian.ru/sale/flat/299556053/;Санкт-Петербург;sale;flat;9;18;3;88.19;17858475;Невский; Тельмана;37;Ломоносовская;ИСКРА-Сити
Смарт Инновации;real_estate_agent;https://spb.cian.ru/sale/flat/299030517/;Санкт-Петербург;sale;flat;18;18;3;83.77;17800000;Кировский;Ленинский проспект;;Ленинский проспект;Огни Залива
ПИК;developer;https://spb.cian.ru/sale/flat/295643026/;Санкт-Петербург;sale;flat;9;14;3;74.4;17820288;Фрунзенский;Волковское;5;Обводный канал;Витебский Парк ЖК
КВС;developer;https://spb.cian.ru/sale/flat/299153202/;Санкт-Петербург;sale;flat;1;4;3;89.75;17782170;Пушкинский;;;Купчино;Дубровский ЖК
ID 79135833;homeowner;https://spb.cian.ru/sale/flat/298093233/;Санкт-Петербург;sale;flat;4;10;3;82.6;17800000;Калининский;проспект Науки;79к3;Академическая;
VEREN GROUP;developer;https://spb.cian.ru/sale/flat/285685196/;Санкт-Петербург;sale;flat;3;3;3;79.4;18050908;Петродворцовый;Красносельское шоссе;22;Ленинский проспект;Veren Village Стрельна
Лидер Групп;developer;https://spb.cian.ru/sale/flat/299556050/;Санкт-Петербург;sale;flat;9;18;3;89.29;18081225;Невский; Тельмана;37;Ломоносовская;ИСКРА-Сити
Ленстройтрест;developer;https://spb.cian.ru/sale/flat/298651063/;Санкт-Петербург;sale;flat;1;8;3;80.61;17976030;Приморский;Коломяги;;Проспект Просвещения;Окла ЖК
Master-Group Real Estate;representative_developer;https://spb.cian.ru/sale/flat/298863970/;Санкт-Петербург;sale;flat;4;23;3;106.6;17905718;Выборгский;дорога Ольгинская;;Парнас;Прагма city
ЛСР Санкт-Петербург;developer;https://spb.cian.ru/sale/flat/299403319/;Санкт-Петербург;sale;flat;2;12;3;77.5;17980000;Красногвардейский;Партизанская ;5Б;Ладожская;ЛСР. Большая Охта
Унистрой;developer;https://spb.cian.ru/sale/flat/296825963/;Санкт-Петербург;sale;flat;2;5;3;91.14;17937000;Курортный;;;Беговая;Лисино
Самолет;developer;https://spb.cian.ru/sale/flat/299389560/;Санкт-Петербург;sale;flat;14;23;3;74.21;18090621;Невский;Рыбацкое;4;Рыбацкое;Живи в Рыбацком ЖК
Квадратный метр;real_estate_agent;https://spb.cian.ru/sale/flat/295040057/;Санкт-Петербург;sale;flat;21;26;3;80.1;17940000;Приморский;проспект Королева;7;Пионерская;Зенит
Дмитрий Купина;realtor;https://spb.cian.ru/sale/flat/297079059/;Санкт-Петербург;sale;flat;14;15;3;87.3;17998000;Красносельский; Рихарда Зорге;4к2;Ленинский проспект;
Первое Агентство Недвижимости;real_estate_agent;https://spb.cian.ru/sale/flat/293835473/;Санкт-Петербург;sale;flat;3;23;3;103.0;18000000;Выборгский;проспект Луначарского;76К2;;
Колвэй;real_estate_agent;https://spb.cian.ru/sale/flat/299136877/;Санкт-Петербург;sale;flat;4;5;3;87.9;18000000;Колпинский; Анисимова;5к7;Шушары;
Группа Аквилон;developer;https://spb.cian.ru/sale/flat/298641752/;Санкт-Петербург;sale;flat;5;12;3;79.89;17985070;Московский;Звёздное;;Звездная;Аквилон Ливз 2 ЖК
ПИК;developer;https://spb.cian.ru/sale/flat/278117225/;Санкт-Петербург;sale;flat;2;11;3;74.5;18001584;Фрунзенский;Волковское;3;Обводный канал;Витебский Парк ЖК
Группа Аквилон;developer;https://spb.cian.ru/sale/flat/298641887/;Санкт-Петербург;sale;flat;3;12;3;78.45;17988492;Московский;Звёздное;;Звездная;Аквилон Ливз 2 ЖК
БФА-Девелопмент;developer;https://spb.cian.ru/sale/flat/298609165/;Санкт-Петербург;sale;flat;1;7;3;80.15;18042000;Выборгский;Шувалово-Озерки;;;БФА в Озерках
Ленстройтрест;developer;https://spb.cian.ru/sale/flat/298651458/;Санкт-Петербург;sale;flat;16;25;3;84.23;18202103;Приморский;Коломяги;;Проспект Просвещения;Окла ЖК
Росстройинвест;developer;https://spb.cian.ru/sale/flat/299507965/;Санкт-Петербург;sale;flat;13;23;3;67.25;18281350;Калининский;Финляндский;;Выборгская;Беларт ЖК
ПИК;developer;https://spb.cian.ru/sale/flat/288160196/;Санкт-Петербург;sale;flat;2;14;3;77.2;18195654;Фрунзенский;Волковское;1;Обводный канал;Аэронавт ЖК
Самолет;developer;https://spb.cian.ru/sale/flat/298813572/;Санкт-Петербург;sale;flat;16;24;3;77.93;18263441;Невский; Славянская;8;Рыбацкое;Живи! в Рыбацком
Петербургская Недвижимость;representative_developer;https://spb.cian.ru/sale/flat/298589070/;Санкт-Петербург;sale;flat;4;23;3;82.32;18150037;Невский;Невский;;Проспект Большевиков;Пульс Премьер ЖК
Петербургская Недвижимость;representative_developer;https://spb.cian.ru/sale/flat/295704542/;Санкт-Петербург;sale;flat;4;4;3;95.98;18250117;Красносельский;проспект Буденного;13;Ленинский проспект;Солнечный город. Резиденции
Петербургская Недвижимость;representative_developer;https://spb.cian.ru/sale/flat/295922983/;Санкт-Петербург;sale;flat;3;4;3;80.82;18200583;Петродворцовый;;;Проспект Ветеранов;Дворцовый фасад ЖК
Мегалит–Охта Групп;developer;https://spb.cian.ru/sale/flat/297024582/;Санкт-Петербург;sale;flat;2;25;3;84.06;18224076;Приморский;Коломяжский проспект;13к2;Пионерская;Приморский квартал
;;https://spb.cian.ru/sale/flat/299120871/;Санкт-Петербург;sale;flat;15;24;3;106.2;18263966;Приморский;проспект Королева;63к1;Комендантский проспект;Юбилейный квартал
ПИК;developer;https://spb.cian.ru/sale/flat/291847028/;Санкт-Петербург;sale;flat;2;13;3;76.3;18237226;Фрунзенский;Волковское;1;Обводный канал;Аэронавт ЖК
Группа Аквилон;developer;https://spb.cian.ru/sale/flat/286446544/;Санкт-Петербург;sale;flat;2;12;3;80.93;18197530;Московский;Звёздное;;Звездная;Аквилон Ливз 2 ЖК
VEREN GROUP;developer;https://spb.cian.ru/sale/flat/298402688/;Санкт-Петербург;sale;flat;10;10;3;72.5;18311221;Приморский;Парашютная ;79к1;Комендантский проспект;Veren Next Шуваловский
Master-Group Real Estate;representative_developer;https://spb.cian.ru/sale/flat/298864171/;Санкт-Петербург;sale;flat;10;23;3;107.8;18383031;Выборгский;дорога Ольгинская;;Парнас;Прагма city
ЛСР Санкт-Петербург;developer;https://spb.cian.ru/sale/flat/294545369/;Санкт-Петербург;sale;flat;5;17;3;75.18;18434136;Василеостровский;Гавань;12;Горный институт;Морская Набережная ЖК
Росстройинвест;developer;https://spb.cian.ru/sale/flat/294545478/;Санкт-Петербург;sale;flat;12;12;3;81.82;18352945;Красногвардейский;Полюстрово;;Академическая;Академик
ЛСР Санкт-Петербург;developer;https://spb.cian.ru/sale/flat/296635104/;Санкт-Петербург;sale;flat;3;14;3;96.17;18406938;Василеостровский;Гавань;;Приморская;Морская Набережная ЖК
Росстройинвест;developer;https://spb.cian.ru/sale/flat/291738651/;Санкт-Петербург;sale;flat;12;12;3;79.28;18370627;Красногвардейский;Полюстрово;;Академическая;Академик
Росстройинвест;developer;https://spb.cian.ru/sale/flat/280804756/;Санкт-Петербург;sale;flat;12;12;3;80.81;18446439;Красногвардейский;Полюстрово;;Академическая;Академик
ПИК;developer;https://spb.cian.ru/sale/flat/296793411/;Санкт-Петербург;sale;flat;4;13;3;67.1;18403908;Выборгский;Сампсониевское;;Лесная;Кантемировская 11 ЖК
Мегалит–Охта Групп;developer;https://spb.cian.ru/sale/flat/297024482/;Санкт-Петербург;sale;flat;4;25;3;88.44;18380898;Приморский;Коломяжский проспект;13к2;Пионерская;Приморский квартал
ПИК;developer;https://spb.cian.ru/sale/flat/293875621/;Санкт-Петербург;sale;flat;5;11;3;74.2;18434841;Фрунзенский;Волковское;3;Обводный канал;Витебский Парк ЖК
Группа Аквилон;developer;https://spb.cian.ru/sale/flat/298641866/;Санкт-Петербург;sale;flat;4;12;3;83.65;18310703;Московский;Звёздное;;Звездная;Аквилон Ливз 2 ЖК
Группа Аквилон;developer;https://spb.cian.ru/sale/flat/298641782/;Санкт-Петербург;sale;flat;4;12;3;84.87;18388239;Московский;Звёздное;;Звездная;Аквилон Ливз 2 ЖК
Группа Аквилон;developer;https://spb.cian.ru/sale/flat/286446776/;Санкт-Петербург;sale;flat;6;12;3;79.25;18432916;Московский;Звёздное;;Звездная;Аквилон Ливз 2 ЖК
КВС;developer;https://spb.cian.ru/sale/flat/299153183/;Санкт-Петербург;sale;flat;3;4;3;89.15;18399570;Пушкинский;;;Купчино;Дубровский ЖК
Петербургская Недвижимость;representative_developer;https://spb.cian.ru/sale/flat/296729934/;Санкт-Петербург;sale;flat;19;23;3;82.69;18450206;Невский;Невский;;Проспект Большевиков;Пульс Премьер ЖК
Мегалит–Охта Групп;developer;https://spb.cian.ru/sale/flat/298257064/;Санкт-Петербург;sale;flat;2;19;3;85.72;18452287;Приморский;Коломяжский проспект;13;Пионерская;Приморский квартал
ЛСР Санкт-Петербург;developer;https://spb.cian.ru/sale/flat/294660750/;Санкт-Петербург;sale;flat;13;14;3;85.1;18492230;Василеостровский;Гавань;;Приморская;Морская Набережная ЖК
ЛСР Санкт-Петербург;developer;https://spb.cian.ru/sale/flat/299403302/;Санкт-Петербург;sale;flat;4;12;3;76.0;18620000;Красногвардейский;Партизанская ;5Б;Ладожская;ЛСР. Большая Охта
ЮРИСТ  отд.;real_estate_agent;https://spb.cian.ru/sale/flat/299528805/;Санкт-Петербург;sale;flat;3;10;3;95.6;18500000;Приморский; Оптиков;52к2Е;Беговая;
;;https://spb.cian.ru/sale/flat/299252946/;Санкт-Петербург;sale;flat;2;9;3;79.5;18642750;Выборгский;Светлановский проспект;45;Политехническая;Дом-бутик Светлановский, 45
АН Петро-риэлт;real_estate_agent;https://spb.cian.ru/sale/flat/298142159/;Санкт-Петербург;sale;flat;2;6;3;77.2;18500000;Василеостровский;проспект Большой Васильевского острова;87;Василеостровская;
Ольга Терскова;realtor;https://spb.cian.ru/sale/flat/299274353/;Санкт-Петербург;sale;flat;6;7;3;82.5;18500000;Василеостровский;Гаванская ;12к2;Приморская;
Ленстройтрест;developer;https://spb.cian.ru/sale/flat/298651417/;Санкт-Петербург;sale;flat;19;25;3;88.83;18752013;Приморский;Коломяги;;Проспект Просвещения;Окла ЖК
РосСтройИнвест;developer;https://spb.cian.ru/sale/flat/297359635/;Санкт-Петербург;sale;flat;12;17;3;80.24;18728738;Невский;Октябрьская набережная;11Б;Пролетарская;Лайнеръ
Master-Group Real Estate;representative_developer;https://spb.cian.ru/sale/flat/298863877/;Санкт-Петербург;sale;flat;11;23;3;110.5;18843459;Выборгский;дорога Ольгинская;;Парнас;Прагма city
ЛСР Санкт-Петербург;developer;https://spb.cian.ru/sale/flat/296594204/;Санкт-Петербург;sale;flat;4;12;3;72.1;18782050;Красногвардейский;Партизанская ;;;ЛСР. Большая Охта
ЛСР Санкт-Петербург;developer;https://spb.cian.ru/sale/flat/294539372/;Санкт-Петербург;sale;flat;3;12;3;73.4;18849120;Красногвардейский;Партизанская ;;;ЛСР. Большая Охта
ЛСР Санкт-Петербург;developer;https://spb.cian.ru/sale/flat/294539272/;Санкт-Петербург;sale;flat;2;12;3;74.0;18803400;Красногвардейский;Партизанская ;;;ЛСР. Большая Охта
Росстройинвест;developer;https://spb.cian.ru/sale/flat/299507424/;Санкт-Петербург;sale;flat;19;23;3;68.4;18830758;Калининский;Полюстровский проспект;75;Лесная;БелАрт
Самолет;developer;https://spb.cian.ru/sale/flat/291122681/;Санкт-Петербург;sale;flat;2;11;3;79.58;18760587;Невский; Гудиловская;6к1;Обухово;Живи! в Рыбацком
Мегалит–Охта Групп;developer;https://spb.cian.ru/sale/flat/297023986/;Санкт-Петербург;sale;flat;3;16;3;84.62;18770021;Приморский;Коломяжский проспект;13к3;Пионерская;Приморский квартал
Петербургская Недвижимость;representative_developer;https://spb.cian.ru/sale/flat/296297119/;Санкт-Петербург;sale;flat;1;4;3;106.5;18700654;Красносельский;проспект Буденного;15;Проспект Ветеранов;Солнечный город. Резиденции
РосСтройИнвест;developer;https://spb.cian.ru/sale/flat/293304486/;Санкт-Петербург;sale;flat;17;18;3;78.97;18766813;Московский;м. Ленинский проспект;;Ленинский проспект;Cube
РосСтройИнвест;developer;https://spb.cian.ru/sale/flat/297359447/;Санкт-Петербург;sale;flat;12;17;3;74.5;18754941;Невский;Октябрьская набережная;11Б;Пролетарская;Лайнеръ
Мегалит–Охта Групп;developer;https://spb.cian.ru/sale/flat/297024498/;Санкт-Петербург;sale;flat;13;25;3;88.72;18796359;Приморский;Коломяжский проспект;13к2;Пионерская;Приморский квартал
;;https://spb.cian.ru/sale/flat/292227298/;Санкт-Петербург;sale;flat;2;17;3;94.0;18651908;Московский; Федора Котанова;5к1;Звездная;Звезды Столиц
Петербургская Недвижимость;representative_developer;https://spb.cian.ru/sale/flat/298634626/;Санкт-Петербург;sale;flat;2;5;3;109.33;18900205;Московский;Пулковское шоссе;95к3;Звездная;Парадный ансамбль
;;https://spb.cian.ru/sale/flat/299120869/;Санкт-Петербург;sale;flat;15;24;3;107.1;18985262;Приморский;проспект Королева;63к1;Комендантский проспект;Юбилейный квартал
РосСтройИнвест;developer;https://spb.cian.ru/sale/flat/293304611/;Санкт-Петербург;sale;flat;14;18;3;84.5;18936416;Московский;м. Ленинский проспект;;Ленинский проспект;Cube
Master-Group Real Estate;representative_developer;https://spb.cian.ru/sale/flat/298864220/;Санкт-Петербург;sale;flat;18;23;3;108.5;18872449;Выборгский;дорога Ольгинская;;Парнас;Прагма city
ЛСР Санкт-Петербург;developer;https://spb.cian.ru/sale/flat/294539342/;Санкт-Петербург;sale;flat;2;12;3;74.9;18897270;Красногвардейский;Партизанская ;;;ЛСР. Большая Охта
Касабланка;real_estate_agent;https://spb.cian.ru/sale/flat/265206983/;Санкт-Петербург;sale;flat;5;5;3;77.0;19000000;Центральный;Большая Морская ;23/12;Адмиралтейская;
РосСтройИнвест;developer;https://spb.cian.ru/sale/flat/274433313/;Санкт-Петербург;sale;flat;6;16;3;83.38;19017185;Московский;Кубинская ;82к1;Ленинский проспект;Cube
РосСтройИнвест;developer;https://spb.cian.ru/sale/flat/297359458/;Санкт-Петербург;sale;flat;13;17;3;77.17;18923030;Невский;Октябрьская набережная;11Б;Пролетарская;Лайнеръ
РосСтройИнвест;developer;https://spb.cian.ru/sale/flat/297294417/;Санкт-Петербург;sale;flat;3;13;3;87.1;18943827;Приморский;Юнтолово;;Беговая;Тайм Сквер ЖК
Мегалит–Охта Групп;developer;https://spb.cian.ru/sale/flat/288159791/;Санкт-Петербург;sale;flat;12;25;3;85.65;18994141;Приморский;Коломяжский проспект;13к2;Пионерская;Приморский квартал
Ленстройтрест;developer;https://spb.cian.ru/sale/flat/298651107/;Санкт-Петербург;sale;flat;6;7;3;87.92;19018200;Приморский;шоссе Суздальское;18к3;Проспект Просвещения;Окла
КВС;developer;https://spb.cian.ru/sale/flat/294621966/;Санкт-Петербург;sale;flat;3;17;3;79.07;18949483;Калининский;Финляндский;;;Квартал бизнес-класса Б15
Мегалит–Охта Групп;developer;https://spb.cian.ru/sale/flat/296739174/;Санкт-Петербург;sale;flat;4;25;3;81.36;19028547;Приморский;Богатырский проспект;2А;Пионерская;Приморский квартал
Ленстройтрест;developer;https://spb.cian.ru/sale/flat/298650701/;Санкт-Петербург;sale;flat;2;8;3;82.24;19166400;Приморский;Коломяги;;Проспект Просвещения;Окла ЖК
Master-Group Real Estate;representative_developer;https://spb.cian.ru/sale/flat/298864017/;Санкт-Петербург;sale;flat;19;23;3;110.2;19168145;Выборгский;дорога Ольгинская;;Парнас;Прагма city
Унистрой;developer;https://spb.cian.ru/sale/flat/292533523/;Санкт-Петербург;sale;flat;2;5;3;88.91;19122000;Курортный;;;Зенит;Лисино
РосСтройИнвест;developer;https://spb.cian.ru/sale/flat/297359644/;Санкт-Петербург;sale;flat;13;17;3;77.86;19184105;Невский;Октябрьская набережная;11Б;Пролетарская;Лайнеръ
РосСтройИнвест;developer;https://spb.cian.ru/sale/flat/297294436/;Санкт-Петербург;sale;flat;4;13;3;95.6;19073375;Приморский;Юнтолово;;Беговая;Тайм Сквер ЖК
Ленстройтрест;developer;https://spb.cian.ru/sale/flat/298651757/;Санкт-Петербург;sale;flat;1;7;3;82.52;19193700;Приморский;набережная Реки Каменки;3к3;Озерки;Окла
;;https://spb.cian.ru/sale/flat/292227269/;Санкт-Петербург;sale;flat;5;17;3;93.2;19160988;Московский; Федора Котанова;5к1;Звездная;Звезды Столиц
КВС;developer;https://spb.cian.ru/sale/flat/294621726/;Санкт-Петербург;sale;flat;4;17;3;76.91;19126368;Калининский;Финляндский;;;Квартал бизнес-класса Б15
КВС;developer;https://spb.cian.ru/sale/flat/294621671/;Санкт-Петербург;sale;flat;13;17;3;76.37;19064136;Калининский;Финляндский;;;Квартал бизнес-класса Б15
Петербургская Строительная Компания;developer;https://spb.cian.ru/sale/flat/298056599/;Санкт-Петербург;sale;flat;25;25;3;89.64;19363585;Приморский;Коломяги;;Удельная;Френдс ЖК
Мегалит–Охта Групп;developer;https://spb.cian.ru/sale/flat/297024799/;Санкт-Петербург;sale;flat;11;25;3;82.19;19388398;Приморский;Богатырский проспект;2А;Пионерская;Приморский квартал
Эталон СПБ;developer;https://spb.cian.ru/sale/flat/298657777/;Санкт-Петербург;sale;flat;4;12;3;81.8;19316589;Московский;Черниговская ;17;Московские ворота;Квартал Che
Ленстройтрест;developer;https://spb.cian.ru/sale/flat/298651712/;Санкт-Петербург;sale;flat;3;7;3;85.16;19247250;Приморский;набережная Реки Каменки;3к3;Озерки;Окла
ЛСР Санкт-Петербург;developer;https://spb.cian.ru/sale/flat/294660660/;Санкт-Петербург;sale;flat;3;14;3;88.94;19326662;Василеостровский;Гавань;;Приморская;Морская Набережная ЖК
Росстройинвест;developer;https://spb.cian.ru/sale/flat/299508045/;Санкт-Петербург;sale;flat;3;23;3;75.69;19348247;Калининский;Финляндский;;Выборгская;Беларт ЖК
Петербургская Недвижимость;representative_developer;https://spb.cian.ru/sale/flat/295923459/;Санкт-Петербург;sale;flat;2;4;3;88.44;19350539;Петродворцовый;;;Автово;Дворцовый фасад ЖК
РосСтройИнвест;developer;https://spb.cian.ru/sale/flat/274433467/;Санкт-Петербург;sale;flat;2;16;3;86.37;19283794;Московский;Кубинская ;82к1;Ленинский проспект;Cube
РСТИ;developer;https://spb.cian.ru/sale/flat/284359013/;Санкт-Петербург;sale;flat;7;7;3;72.87;19369768;Калининский;Финляндский;;Выборгская;Master Place
РСТИ;developer;https://spb.cian.ru/sale/flat/280115633/;Санкт-Петербург;sale;flat;4;7;3;71.77;19379591;Калининский;Финляндский;;Выборгская;Master Place
Мегалит–Охта Групп;developer;https://spb.cian.ru/sale/flat/297025004/;Санкт-Петербург;sale;flat;2;19;3;90.23;19265654;Приморский;Коломяжский проспект;13;Пионерская;Приморский квартал
;;https://spb.cian.ru/sale/flat/295461270/;Санкт-Петербург;sale;flat;1;6;3;120.2;19232000;Выборгский;шоссе Суздальское;10;Проспект Просвещения;Новая Скандинавия
Мегалит–Охта Групп;developer;https://spb.cian.ru/sale/flat/296406901/;Санкт-Петербург;sale;flat;19;25;3;78.61;19540805;Приморский;Богатырский проспект;2А;Пионерская;Приморский квартал
Эталон СПБ;developer;https://spb.cian.ru/sale/flat/298657942/;Санкт-Петербург;sale;flat;1;8;3;83.8;19444649;Московский;Черниговская ;13к2;Московские ворота;Квартал Che
ЦН КВАДРАТ;real_estate_agent;https://spb.cian.ru/sale/flat/297574481/;Санкт-Петербург;sale;flat;9;9;3;101.0;19500000;Красногвардейский;Большеохтинский проспект;15К2;Новочеркасская;На Охте
ЛСР Санкт-Петербург;developer;https://spb.cian.ru/sale/flat/294545445/;Санкт-Петербург;sale;flat;15;15;3;91.0;19419400;Василеостровский;проспект Крузенштерна;2;Горный институт;Морская набережная
Унистрой;developer;https://spb.cian.ru/sale/flat/296825766/;Санкт-Петербург;sale;flat;3;5;3;97.52;19509000;Курортный;;;Беговая;Лисино
Петербургская Недвижимость;representative_developer;https://spb.cian.ru/sale/flat/299354063/;Санкт-Петербург;sale;flat;2;23;3;89.02;19450202;Невский;Невский;;Проспект Большевиков;Пульс Премьер ЖК
Эталон СПБ;developer;https://spb.cian.ru/sale/flat/298656981/;Санкт-Петербург;sale;flat;1;19;3;107.3;19535200;Московский; Парфеновская;17;Московские ворота;Московские ворота II
Ленстройтрест;developer;https://spb.cian.ru/sale/flat/298651692/;Санкт-Петербург;sale;flat;1;7;3;85.84;19408500;Приморский;набережная Реки Каменки;3к3;Озерки;Окла
Группа Аквилон;developer;https://spb.cian.ru/sale/flat/286421668/;Санкт-Петербург;sale;flat;2;12;3;84.0;19697244;Московский;Звёздное;;Звездная;Аквилон Leaves
;;https://spb.cian.ru/sale/flat/298022280/;Санкт-Петербург;sale;flat;3;13;3;76.55;19761129;Калининский;Полюстровский проспект;;Лесная;Respect
БФА-Девелопмент;developer;https://spb.cian.ru/sale/flat/298609328/;Санкт-Петербург;sale;flat;3;7;3;87.82;19674000;Выборгский;Шувалово-Озерки;;;БФА в Озерках
Росстройинвест;developer;https://spb.cian.ru/sale/flat/299508482/;Санкт-Петербург;sale;flat;15;22;3;67.75;19713809;Калининский;Финляндский;;Лесная;БелАрт
РосСтройИнвест;developer;https://spb.cian.ru/sale/flat/297359494/;Санкт-Петербург;sale;flat;15;17;3;80.55;19751847;Невский;Октябрьская набережная;11Б;Пролетарская;Лайнеръ
Мегалит–Охта Групп;developer;https://spb.cian.ru/sale/flat/297024140/;Санкт-Петербург;sale;flat;2;16;3;87.37;19644515;Приморский;Коломяжский проспект;13к3;Пионерская;Приморский квартал
Группа Аквилон;developer;https://spb.cian.ru/sale/flat/298641917/;Санкт-Петербург;sale;flat;12;12;3;83.23;19625287;Московский;Звёздное;;Звездная;Аквилон Ливз 2 ЖК
Ленстройтрест;developer;https://spb.cian.ru/sale/flat/298651804/;Санкт-Петербург;sale;flat;2;7;3;88.41;19699680;Приморский;набережная Реки Каменки;3к3;Озерки;Окла
Ленстройтрест;developer;https://spb.cian.ru/sale/flat/298650841/;Санкт-Петербург;sale;flat;2;8;3;90.59;19846232;Приморский;Коломяги;;Проспект Просвещения;Окла ЖК
Ленстройтрест;developer;https://spb.cian.ru/sale/flat/298651072/;Санкт-Петербург;sale;flat;3;8;3;92.17;19945392;Приморский;Коломяги;;Проспект Просвещения;Окла ЖК
Группа Аквилон;developer;https://spb.cian.ru/sale/flat/285507465/;Санкт-Петербург;sale;flat;2;12;3;84.82;19853733;Московский;Звёздное;;Звездная;Аквилон Leaves
Группа Аквилон;developer;https://spb.cian.ru/sale/flat/298641996/;Санкт-Петербург;sale;flat;3;12;3;83.3;19879570;Московский;Звёздное;;Звездная;Аквилон Leaves
Строительный трест;developer;https://spb.cian.ru/sale/flat/299482192/;Санкт-Петербург;sale;flat;2;13;3;82.27;19828000;Калининский;Академическое;;Академическая;Наука ЖК
ЛСР Санкт-Петербург;developer;https://spb.cian.ru/sale/flat/294544634/;Санкт-Петербург;sale;flat;3;19;3;86.1;19966590;Невский;Октябрьская набережная;57к3;Елизаровская;Цивилизация на Неве
ЛСР Санкт-Петербург;developer;https://spb.cian.ru/sale/flat/294544635/;Санкт-Петербург;sale;flat;2;19;3;87.2;19872880;Невский;Октябрьская набережная;57к3;Елизаровская;Цивилизация на Неве
МИР КВАРТИР;real_estate_agent;https://spb.cian.ru/sale/flat/299575219/;Санкт-Петербург;sale;flat;3;4;3;68.0;19900000;Василеостровский;2-я Васильевского острова линия;59;Спортивная;
THE KEYS;real_estate_agent;https://spb.cian.ru/sale/flat/298333887/;Санкт-Петербург;sale;flat;7;8;3;82.0;19990000;Адмиралтейский;Подъездной переулок;12;Пушкинская;Наследие на Марата
Лидер Групп;developer;https://spb.cian.ru/sale/flat/294573119/;Санкт-Петербург;sale;flat;9;18;3;90.8;19976000;Василеостровский;бульвар Головнина;3к1;Горный институт;Колумб (Гавань Капитанов)
ПИК;developer;https://spb.cian.ru/sale/flat/276514783/;Санкт-Петербург;sale;flat;9;13;3;83.6;19967692;Фрунзенский;Волковское;3;Обводный канал;Витебский Парк ЖК
МИР КВАРТИР;real_estate_agent;https://spb.cian.ru/sale/flat/296840978/;Санкт-Петербург;sale;flat;3;24;3;74.1;19990000;Московский; Среднерогатская;16к5;Звездная;"Светлый мир ""Жизнь"""
Роман Корякин;realtor;https://spb.cian.ru/sale/flat/298140549/;Санкт-Петербург;sale;flat;7;14;3;83.54;19945000;Приморский;Студенческая ;14к1;Лесная;Terra
VEREN GROUP;developer;https://spb.cian.ru/sale/flat/297863668/;Санкт-Петербург;sale;flat;1;3;3;88.4;20096981;Петродворцовый;Красносельское шоссе;22;Ленинский проспект;Veren Village Стрельна
Строительный трест;developer;https://spb.cian.ru/sale/flat/295198770/;Санкт-Петербург;sale;flat;7;12;3;62.9;20128000;Василеостровский;Гавань;;Приморская;Парусная 1
Строительный трест;developer;https://spb.cian.ru/sale/flat/295198734/;Санкт-Петербург;sale;flat;5;12;3;64.9;20119000;Василеостровский;Гавань;;Приморская;Парусная 1
ЛСР Санкт-Петербург;developer;https://spb.cian.ru/sale/flat/294544655/;Санкт-Петербург;sale;flat;9;19;3;83.7;20163330;Невский;Октябрьская набережная;57к3;Елизаровская;Цивилизация на Неве
Петербургская Недвижимость;representative_developer;https://spb.cian.ru/sale/flat/298589100/;Санкт-Петербург;sale;flat;3;15;3;95.39;20150374;Невский;Октябрьская набережная;36к3;Проспект Большевиков;Pulse Premier
Эталон СПБ;developer;https://spb.cian.ru/sale/flat/298657692/;Санкт-Петербург;sale;flat;1;12;3;93.1;20143141;Московский;Черниговская ;17;Московские ворота;Квартал Che
ПИК;developer;https://spb.cian.ru/sale/flat/288388047/;Санкт-Петербург;sale;flat;9;13;3;85.4;20061484;Фрунзенский;Волковское;3;Обводный канал;Витебский Парк ЖК
Мегалит–Охта Групп;developer;https://spb.cian.ru/sale/flat/297025048/;Санкт-Петербург;sale;flat;8;19;3;91.63;20112959;Приморский;Коломяжский проспект;13;Пионерская;Приморский квартал
;;https://spb.cian.ru/sale/flat/298022323/;Санкт-Петербург;sale;flat;4;13;3;78.6;20343643;Калининский;Полюстровский проспект;;Лесная;Respect
ЛСР Санкт-Петербург;developer;https://spb.cian.ru/sale/flat/294545430/;Санкт-Петербург;sale;flat;15;15;3;96.5;20255350;Василеостровский;проспект Крузенштерна;2;;Морская набережная
Эталон СПБ;developer;https://spb.cian.ru/sale/flat/298657088/;Санкт-Петербург;sale;flat;2;19;3;106.1;20348124;Московский; Парфеновская;17;Московские ворота;Московские ворота II
PLEADA;representative_developer;https://spb.cian.ru/sale/flat/299315555/;Санкт-Петербург;sale;flat;1;4;3;131.4;20370000;Курортный; Тарховская;84Б;Зенит;Петербургское Садовое кольцо
РосСтройИнвест;developer;https://spb.cian.ru/sale/flat/297359446/;Санкт-Петербург;sale;flat;12;17;3;79.33;20251042;Невский;Октябрьская набережная;11Б;Пролетарская;Лайнеръ
РосСтройИнвест;developer;https://spb.cian.ru/sale/flat/297293934/;Санкт-Петербург;sale;flat;12;13;3;86.4;20373553;Приморский;Юнтолово;;Беговая;Тайм Сквер ЖК
;;https://spb.cian.ru/sale/flat/294844855/;Санкт-Петербург;sale;flat;2;24;3;101.6;20221368;Приморский;проспект Королева;65;Комендантский проспект;Юбилейный квартал
АЛЕКСАНДР-НЕДВИЖИМОСТЬ;real_estate_agent;https://spb.cian.ru/sale/flat/297991460/;Санкт-Петербург;sale;flat;6;10;3;63.8;20416000;Приморский;Фермское шоссе;12Б;Удельная;
Группа Аквилон;developer;https://spb.cian.ru/sale/flat/298641972/;Санкт-Петербург;sale;flat;3;12;3;87.25;20552174;Московский;Звёздное;;Звездная;Аквилон Leaves
Группа Аквилон;developer;https://spb.cian.ru/sale/flat/289467072/;Санкт-Петербург;sale;flat;10;12;3;79.01;20544587;Московский;Звёздное;;Звездная;Аквилон Leaves
Строительный трест;developer;https://spb.cian.ru/sale/flat/295198405/;Санкт-Петербург;sale;flat;2;8;3;69.8;20591000;Василеостровский;Гавань;;Приморская;Парусная 1
Строительный трест;developer;https://spb.cian.ru/sale/flat/295287508/;Санкт-Петербург;sale;flat;10;13;3;75.86;20596000;Калининский;Академическое;;Политехническая;Наука ЖК
Унистрой;developer;https://spb.cian.ru/sale/flat/296825799/;Санкт-Петербург;sale;flat;1;5;3;102.08;20545000;Курортный;;;Беговая;Лисино
RBI;developer;https://spb.cian.ru/sale/flat/295748626/;Санкт-Петербург;sale;flat;3;23;3;85.1;20549403;Выборгский;Шувалово-Озерки;;Проспект Просвещения;Струны
Технополис;developer;https://spb.cian.ru/sale/flat/299600033/;Санкт-Петербург;sale;flat;7;8;3;128.64;20453760;Красносельский; Лермонтова;15к2Б;Проспект Ветеранов;Новикола
Лидер Групп;developer;https://spb.cian.ru/sale/flat/294573202/;Санкт-Петербург;sale;flat;5;18;3;94.9;20403500;Василеостровский;бульвар Головнина;3к1;Горный институт;Колумб (Гавань Капитанов)
Эталон СПБ;developer;https://spb.cian.ru/sale/flat/298657924/;Санкт-Петербург;sale;flat;2;8;3;83.8;20430051;Московский;Лиговский проспект;287;Московские ворота;Квартал Che
Эталон СПБ;developer;https://spb.cian.ru/sale/flat/298657739/;Санкт-Петербург;sale;flat;3;12;3;88.6;20440891;Московский;Черниговская ;17;Московские ворота;Квартал Che
Эталон СПБ;developer;https://spb.cian.ru/sale/flat/298657735/;Санкт-Петербург;sale;flat;2;12;3;89.9;20415120;Московский;Черниговская ;17;Московские ворота;Квартал Che
РосСтройИнвест;developer;https://spb.cian.ru/sale/flat/297359485/;Санкт-Петербург;sale;flat;15;17;3;86.94;20497882;Невский;Октябрьская набережная;11Б;Пролетарская;Лайнеръ
Мегалит–Охта Групп;developer;https://spb.cian.ru/sale/flat/297024100/;Санкт-Петербург;sale;flat;2;16;3;87.59;20464131;Приморский;Коломяжский проспект;13к3;Пионерская;Приморский квартал
;;https://spb.cian.ru/sale/flat/294844854/;Санкт-Петербург;sale;flat;2;24;3;103.5;20500070;Приморский;проспект Королева;65;Комендантский проспект;Юбилейный квартал
БФА-Девелопмент;developer;https://spb.cian.ru/sale/flat/298609258/;Санкт-Петербург;sale;flat;7;7;3;88.51;20415000;Выборгский;Шувалово-Озерки;;;БФА в Озерках
Мегалит–Охта Групп;developer;https://spb.cian.ru/sale/flat/297025024/;Санкт-Петербург;sale;flat;6;19;3;90.52;20579912;Приморский;Коломяжский проспект;13;Пионерская;Приморский квартал
Единый Центр Инвестиций;real_estate_agent;https://spb.cian.ru/sale/flat/294879370/;Санкт-Петербург;sale;flat;8;11;3;92.25;20690000;Центральный;Днепропетровская ;5;Лиговский проспект;СемьА
Группа Аквилон;developer;https://spb.cian.ru/sale/flat/298641991/;Санкт-Петербург;sale;flat;10;12;3;81.24;20775099;Московский;Звёздное;;Звездная;Аквилон Leaves
Строительный трест;developer;https://spb.cian.ru/sale/flat/292207480/;Санкт-Петербург;sale;flat;2;13;3;84.35;20624000;Калининский;Академическое;;Политехническая;Наука ЖК
Лидер Групп;developer;https://spb.cian.ru/sale/flat/294573098/;Санкт-Петербург;sale;flat;8;18;3;96.6;20769000;Василеостровский;бульвар Головнина;3к1;Горный институт;Колумб (Гавань Капитанов)
ЛСР Санкт-Петербург;developer;https://spb.cian.ru/sale/flat/294660441/;Санкт-Петербург;sale;flat;13;14;3;88.15;20671175;Василеостровский;Гавань;;Приморская;Морская Набережная ЖК
ЛСР Санкт-Петербург;developer;https://spb.cian.ru/sale/flat/294660540/;Санкт-Петербург;sale;flat;13;14;3;86.23;20617593;Василеостровский;Гавань;;Приморская;Морская Набережная ЖК
Лидер Групп;developer;https://spb.cian.ru/sale/flat/294573211/;Санкт-Петербург;sale;flat;5;18;3;96.3;20704500;Василеостровский;бульвар Головнина;3к1;Горный институт;Колумб (Гавань Капитанов)
Эталон СПБ;developer;https://spb.cian.ru/sale/flat/298657889/;Санкт-Петербург;sale;flat;2;8;3;82.5;20706993;Московский;Лиговский проспект;287;Московские ворота;Квартал Che
РосСтройИнвест;developer;https://spb.cian.ru/sale/flat/293304489/;Санкт-Петербург;sale;flat;17;18;3;90.73;20666700;Московский;м. Ленинский проспект;;Ленинский проспект;Cube
РосСтройИнвест;developer;https://spb.cian.ru/sale/flat/297359508/;Санкт-Петербург;sale;flat;16;17;3;83.32;20723622;Невский;Октябрьская набережная;11Б;Пролетарская;Лайнеръ
МИР КВАРТИР;real_estate_agent;https://spb.cian.ru/sale/flat/295694937/;Санкт-Петербург;sale;flat;3;5;3;87.1;20650000;Центральный;Невский проспект;51;Маяковская;
BR Group;real_estate_agent;https://spb.cian.ru/sale/flat/299183851/;Санкт-Петербург;sale;flat;3;5;3;75.0;20790000;Центральный;Волоколамский переулок;1;Лиговский проспект;
КВС;developer;https://spb.cian.ru/sale/flat/294621513/;Санкт-Петербург;sale;flat;2;17;3;85.93;20740860;Калининский;Финляндский;;;Квартал бизнес-класса Б15
Строительный трест;developer;https://spb.cian.ru/sale/flat/295198264/;Санкт-Петербург;sale;flat;2;8;3;71.1;20975000;Василеостровский;Гавань;;Приморская;Шкиперский 19 ЖК
Строительный трест;developer;https://spb.cian.ru/sale/flat/289350303/;Санкт-Петербург;sale;flat;3;11;3;86.6;20958000;Калининский;Академическое;;Академическая;Наука ЖК
Строительный трест;developer;https://spb.cian.ru/sale/flat/297263179/;Санкт-Петербург;sale;flat;5;13;3;87.53;20833000;Калининский; Академика Константинова;1к1;Академическая;Наука
Строительный трест;developer;https://spb.cian.ru/sale/flat/298534369/;Санкт-Петербург;sale;flat;3;11;3;85.43;20931000;Калининский; Академика Константинова;1к1;Академическая;Наука
Арсенал-Недвижимость;developer;https://spb.cian.ru/sale/flat/266867977/;Санкт-Петербург;sale;flat;6;12;3;83.74;20823626;Приморский;проспект Авиаконструкторов;54;Комендантский проспект;Modum
Мегалит–Охта Групп;developer;https://spb.cian.ru/sale/flat/299571701/;Санкт-Петербург;sale;flat;2;19;3;96.05;20898237;Приморский;Коломяжский проспект;13;Пионерская;Приморский квартал
ID 69950721;realtor;https://spb.cian.ru/sale/flat/297797951/;Санкт-Петербург;sale;flat;6;12;3;66.0;20800000;Московский; Решетникова;29;Электросила;iD Park Pobedy
Лидер Групп;developer;https://spb.cian.ru/sale/flat/294573194/;Санкт-Петербург;sale;flat;5;18;3;97.6;20984000;Василеостровский;бульвар Головнина;3к1;Горный институт;Колумб (Гавань Капитанов)
МИР КВАРТИР;real_estate_agent;https://spb.cian.ru/sale/flat/297557960/;Санкт-Петербург;sale;flat;3;3;3;84.0;20900000;Адмиралтейский;2-я Красноармейская ;13;Технологический институт;
Петербургская Недвижимость;representative_developer;https://spb.cian.ru/sale/flat/291984385/;Санкт-Петербург;sale;flat;2;16;3;103.2;21150169;Приморский;аллея Арцеуловская;15;Комендантский проспект;Чистое небо
Строительный трест;developer;https://spb.cian.ru/sale/flat/294618030/;Санкт-Петербург;sale;flat;9;13;3;75.2;21056000;Калининский; Академика Константинова;1к1;Академическая;Наука
Группа Аквилон;developer;https://spb.cian.ru/sale/flat/277319810/;Санкт-Петербург;sale;flat;2;12;3;93.28;21081564;Московский;Звёздное;;Звездная;Аквилон Leaves
Строительный трест;developer;https://spb.cian.ru/sale/flat/295198676/;Санкт-Петербург;sale;flat;3;12;3;71.4;21063000;Василеостровский;Гавань;;Приморская;Парусная 1
Строительный трест;developer;https://spb.cian.ru/sale/flat/295198058/;Санкт-Петербург;sale;flat;2;13;3;71.6;21122000;Василеостровский;Гавань;;Приморская;Шкиперский 19 ЖК
Строительный трест;developer;https://spb.cian.ru/sale/flat/297263175/;Санкт-Петербург;sale;flat;2;13;3;87.06;21156000;Калининский; Академика Константинова;1к1;Академическая;Наука
Строительный трест;developer;https://spb.cian.ru/sale/flat/293207187/;Санкт-Петербург;sale;flat;7;13;3;86.29;21228000;Калининский;Академическое;;Академическая;Наука ЖК
Строительный трест;developer;https://spb.cian.ru/sale/flat/278810160/;Санкт-Петербург;sale;flat;3;13;3;88.63;21139000;Калининский;Академическое;;Политехническая;Наука ЖК
Петербургская Недвижимость;representative_developer;https://spb.cian.ru/sale/flat/295505887/;Санкт-Петербург;sale;flat;2;4;3;105.02;21050051;Петродворцовый;;;Автово;Дворцовый фасад ЖК
Эталон СПБ;developer;https://spb.cian.ru/sale/flat/298657926/;Санкт-Петербург;sale;flat;2;8;3;86.3;21143877;Московский;Лиговский проспект;287;Московские ворота;Квартал Che
РосСтройИнвест;developer;https://spb.cian.ru/sale/flat/297359509/;Санкт-Петербург;sale;flat;17;17;3;85.1;21166349;Невский;Октябрьская набережная;11Б;Пролетарская;Лайнеръ
ПИК;developer;https://spb.cian.ru/sale/flat/279628295/;Санкт-Петербург;sale;flat;1;12;3;85.9;21241953;Василеостровский;Гавань;1;Приморская;Шкиперский 19 ЖК
КВС;developer;https://spb.cian.ru/sale/flat/294622095/;Санкт-Петербург;sale;flat;10;17;3;89.25;21163380;Калининский;Финляндский;;;Квартал бизнес-класса Б15
КВС;developer;https://spb.cian.ru/sale/flat/294622014/;Санкт-Петербург;sale;flat;2;17;3;90.1;21051024;Калининский;Финляндский;;;Квартал бизнес-класса Б15
Euroinvest Development;developer;https://spb.cian.ru/sale/flat/293271745/;Санкт-Петербург;sale;flat;2;12;3;86.78;21128327;Выборгский;Светлановское;;Удельная;ID Svetlanovskiy
Мегалит–Охта Групп;developer;https://spb.cian.ru/sale/flat/297024805/;Санкт-Петербург;sale;flat;2;25;3;88.54;21137138;Приморский;Богатырский проспект;2А;Пионерская;Приморский квартал
Единый Центр Инвестиций;real_estate_agent;https://spb.cian.ru/sale/flat/294481360/;Санкт-Петербург;sale;flat;8;19;3;71.68;21415000;Василеостровский;Морской;;Горный институт;Глоракс Премиум Василеостровский ЖК
GloraX;developer;https://spb.cian.ru/sale/flat/299481486/;Санкт-Петербург;sale;flat;2;9;3;78.17;21259999;Адмиралтейский; Шкапина;43-45;Балтийская;GloraX Балтийская
ЛСР Санкт-Петербург;developer;https://spb.cian.ru/sale/flat/294544489/;Санкт-Петербург;sale;flat;14;15;3;88.4;21366280;Невский;Октябрьская набережная;57к3;Елизаровская;Цивилизация на Неве
PLEADA;representative_developer;https://spb.cian.ru/sale/flat/299315567/;Санкт-Петербург;sale;flat;2;4;3;98.1;21360000;Курортный; Тарховская;84Б;Зенит;Петербургское Садовое кольцо
PLEADA;representative_developer;https://spb.cian.ru/sale/flat/298198034/;Санкт-Петербург;sale;flat;1;6;3;76.6;21256500;Выборгский;Зеленогорская ;3;Удельная;Дом Аура у Светлановской
;;https://spb.cian.ru/sale/flat/293426149/;Санкт-Петербург;sale;flat;5;11;3;89.5;21340000;Центральный;Днепропетровская ;7;Лиговский проспект;СемьА
;;https://spb.cian.ru/sale/flat/268140010/;Санкт-Петербург;sale;flat;10;10;3;87.7;21335000;Василеостровский;проспект Малый Васильевского острова;54к2;Горный институт;Авеню на Малом
Интеском;developer;https://spb.cian.ru/sale/flat/294140959/;Санкт-Петербург;sale;flat;2;5;3;93.75;21562500;Выборгский; Береговая;12;Проспект Просвещения;Loft у Озера
Унистрой;developer;https://spb.cian.ru/sale/flat/292533533/;Санкт-Петербург;sale;flat;1;5;3;102.63;21501000;Курортный;;;Зенит;Лисино
Унистрой;developer;https://spb.cian.ru/sale/flat/292533515/;Санкт-Петербург;sale;flat;2;5;3;99.42;21469000;Курортный;;;Зенит;Лисино
Эталон СПБ;developer;https://spb.cian.ru/sale/flat/298657755/;Санкт-Петербург;sale;flat;2;12;3;97.7;21648146;Московский;Черниговская ;17;Московские ворота;Квартал Che
Эталон СПБ;developer;https://spb.cian.ru/sale/flat/298657704/;Санкт-Петербург;sale;flat;2;12;3;94.1;21464163;Московский;Черниговская ;17;Московские ворота;Квартал Che
МИР КВАРТИР;real_estate_agent;https://spb.cian.ru/sale/flat/287392183/;Санкт-Петербург;sale;flat;6;16;3;99.9;21500000;Приморский; Савушкина;127;Беговая;
Первое Агентство Недвижимости;real_estate_agent;https://spb.cian.ru/sale/flat/277257698/;Санкт-Петербург;sale;flat;3;10;3;94.0;21500000;Красносельский; Адмирала Коновалова;2-4;Проспект Ветеранов;Жемчужный фрегат
КВС;developer;https://spb.cian.ru/sale/flat/298151221/;Санкт-Петербург;sale;flat;8;17;3;88.12;21527220;Калининский;Финляндский;;;Квартал бизнес-класса Б15
Мегалит–Охта Групп;developer;https://spb.cian.ru/sale/flat/299571710/;Санкт-Петербург;sale;flat;6;19;3;96.86;21660109;Приморский;Коломяжский проспект;13;Пионерская;Приморский квартал
Эталон СПБ;developer;https://spb.cian.ru/sale/flat/298657764/;Санкт-Петербург;sale;flat;4;12;3;96.8;21843291;Московский;Черниговская ;17;Московские ворота;Квартал Che
Эталон СПБ;developer;https://spb.cian.ru/sale/flat/298657098/;Санкт-Петербург;sale;flat;5;19;3;105.2;21700000;Московский; Парфеновская;17;Московские ворота;Московские ворота II
Строительный трест;developer;https://spb.cian.ru/sale/flat/295198455/;Санкт-Петербург;sale;flat;7;8;3;68.2;21824000;Василеостровский;Гавань;;Приморская;Парусная 1
Строительный трест;developer;https://spb.cian.ru/sale/flat/292207557/;Санкт-Петербург;sale;flat;9;11;3;79.66;21668000;Калининский;Академическое;;Академическая;Наука ЖК
ЛСР Санкт-Петербург;developer;https://spb.cian.ru/sale/flat/294544495/;Санкт-Петербург;sale;flat;15;15;3;90.4;21876800;Невский;Октябрьская набережная;57к3;Елизаровская;Цивилизация на Неве
Отделстрой;developer;https://spb.cian.ru/sale/flat/292991790/;Санкт-Петербург;sale;flat;5;12;3;84.36;21800000;Выборгский;Большой Сампсониевский проспект;70к3;Выборгская;Новый Лесснер
Эталон СПБ;developer;https://spb.cian.ru/sale/flat/298657966/;Санкт-Петербург;sale;flat;3;8;3;78.5;21805716;Московский;Черниговская ;13к2;Московские ворота;Квартал Che
Эталон СПБ;developer;https://spb.cian.ru/sale/flat/298657009/;Санкт-Петербург;sale;flat;2;19;3;109.3;21883945;Московский; Парфеновская;17;Московские ворота;Московские ворота II
РосСтройИнвест;developer;https://spb.cian.ru/sale/flat/293304616/;Санкт-Петербург;sale;flat;15;18;3;98.9;21886330;Московский;м. Ленинский проспект;;Ленинский проспект;Cube
Строительный трест;developer;https://spb.cian.ru/sale/flat/289350329/;Санкт-Петербург;sale;flat;4;11;3;90.63;21933000;Калининский;Академическое;;Академическая;Наука ЖК
Строительный трест;developer;https://spb.cian.ru/sale/flat/283448897/;Санкт-Петербург;sale;flat;2;13;3;91.31;21915000;Калининский; Академика Константинова;1к1;Академическая;Наука
Лидер Групп;developer;https://spb.cian.ru/sale/flat/294573304/;Санкт-Петербург;sale;flat;11;18;3;105.2;22092000;Василеостровский;бульвар Александра Грина;2к2;Приморская;Нахимов (Гавань Капитанов)
GloraX;developer;https://spb.cian.ru/sale/flat/299505988/;Санкт-Петербург;sale;flat;2;19;3;78.03;22039999;Василеостровский;Морской;;;Глоракс Премиум Василеостровский ЖК
BR Group;real_estate_agent;https://spb.cian.ru/sale/flat/296604378/;Санкт-Петербург;sale;flat;8;10;3;91.8;22000000;Фрунзенский;Днепропетровская ;65;Обводный канал;Дом у Каретного
ID 70375362;homeowner;https://spb.cian.ru/sale/flat/298755301/;Санкт-Петербург;sale;flat;6;18;3;87.7;22000000;Приморский;Фермское шоссе;14к1;Удельная;Невский стиль
;;https://spb.cian.ru/sale/flat/298022270/;Санкт-Петербург;sale;flat;4;13;3;90.69;22223339;Калининский;Полюстровский проспект;;Лесная;Respect
Строительный трест;developer;https://spb.cian.ru/sale/flat/295198648/;Санкт-Петербург;sale;flat;2;12;3;74.1;22230000;Василеостровский;Гавань;;Приморская;Парусная 1
Master-Group Real Estate;representative_developer;https://spb.cian.ru/sale/flat/298864203/;Санкт-Петербург;sale;flat;2;23;3;135.2;22211960;Выборгский;дорога Ольгинская;;Парнас;Прагма city
Строительный трест;developer;https://spb.cian.ru/sale/flat/297263189/;Санкт-Петербург;sale;flat;6;13;3;89.69;22244000;Калининский; Академика Константинова;1к1;Академическая;Наука
Строительный трест;developer;https://spb.cian.ru/sale/flat/278810469/;Санкт-Петербург;sale;flat;12;13;3;82.9;22259000;Калининский;Академическое;;Политехническая;Наука ЖК
Унистрой;developer;https://spb.cian.ru/sale/flat/292533536/;Санкт-Петербург;sale;flat;1;5;3;103.91;22285000;Курортный;;;Зенит;Лисино
Петербургская Недвижимость;representative_developer;https://spb.cian.ru/sale/flat/298589073/;Санкт-Петербург;sale;flat;9;23;3;102.71;22100007;Невский;Невский;;Проспект Большевиков;Пульс Премьер ЖК
Лидер Групп;developer;https://spb.cian.ru/sale/flat/296079713/;Санкт-Петербург;sale;flat;7;18;3;100.5;22110000;Василеостровский;бульвар Александра Грина;2к2;Приморская;Нахимов (Гавань Капитанов)
Лидер Групп;developer;https://spb.cian.ru/sale/flat/294573300/;Санкт-Петербург;sale;flat;6;18;3;105.5;22155000;Василеостровский;бульвар Александра Грина;2к2;Приморская;Нахимов (Гавань Капитанов)
Эталон СПБ;developer;https://spb.cian.ru/sale/flat/298657046/;Санкт-Петербург;sale;flat;13;19;3;103.1;22280618;Московский; Парфеновская;17;Московские ворота;Московские ворота II
БФА-Девелопмент;developer;https://spb.cian.ru/sale/flat/298609260/;Санкт-Петербург;sale;flat;2;7;3;101.59;22203000;Выборгский;Шувалово-Озерки;;;БФА в Озерках
GloraX;developer;https://spb.cian.ru/sale/flat/287253517/;Санкт-Петербург;sale;flat;4;20;3;85.8;22379999;Василеостровский; Челюскина;8;;Golden City
Строительный трест;developer;https://spb.cian.ru/sale/flat/289786762/;Санкт-Петербург;sale;flat;2;13;3;93.12;22349000;Калининский; Академика Константинова;1к1;Академическая;Наука
Строительный трест;developer;https://spb.cian.ru/sale/flat/298534387/;Санкт-Петербург;sale;flat;5;11;3;89.46;22365000;Калининский; Академика Константинова;1к1;Академическая;Наука
Строительный трест;developer;https://spb.cian.ru/sale/flat/295768836/;Санкт-Петербург;sale;flat;6;13;3;92.4;22500000;Калининский;Академическое;;Политехническая;Наука ЖК
GloraX;developer;https://spb.cian.ru/sale/flat/291004611/;Санкт-Петербург;sale;flat;8;14;3;94.02;22309999;Красногвардейский;проспект Энергетиков;2;;GloraX Заневский
Петербургская Недвижимость;real_estate_agent;https://spb.cian.ru/sale/flat/297155703/;Санкт-Петербург;sale;flat;7;25;3;101.1;22500000;Выборгский; Композиторов;12;Проспект Просвещения;Лотос
Петербургская Недвижимость;representative_developer;https://spb.cian.ru/sale/flat/296659538/;Санкт-Петербург;sale;flat;2;9;3;89.14;22300332;Выборгский;Светлановское;;Удельная;Панорама парк Сосновка
РосСтройИнвест;developer;https://spb.cian.ru/sale/flat/297359658/;Санкт-Петербург;sale;flat;9;17;3;88.79;22352653;Невский;Октябрьская набережная;11Б;Пролетарская;Лайнеръ
РосСтройИнвест;developer;https://spb.cian.ru/sale/flat/297359491/;Санкт-Петербург;sale;flat;15;17;3;90.56;22531047;Невский;Октябрьская набережная;11Б;Пролетарская;Лайнеръ
ПИК;developer;https://spb.cian.ru/sale/flat/291846335/;Санкт-Петербург;sale;flat;2;12;3;79.6;22482303;Василеостровский;Гавань;1;Приморская;Шкиперский 19 ЖК
РСТИ;developer;https://spb.cian.ru/sale/flat/299384031/;Санкт-Петербург;sale;flat;10;13;3;77.6;22376368;Приморский;Студенческая ;14к2;Лесная;Terra
Унистрой;developer;https://spb.cian.ru/sale/flat/292533518/;Санкт-Петербург;sale;flat;2;5;3;100.77;22665000;Курортный;;;Зенит;Лисино
МИР КВАРТИР;real_estate_agent;https://spb.cian.ru/sale/flat/290781470/;Санкт-Петербург;sale;flat;3;4;3;90.3;22700000;Центральный;Стремянная ;2/4;Достоевская;
Эталон СПБ;developer;https://spb.cian.ru/sale/flat/298657709/;Санкт-Петербург;sale;flat;2;12;3;101.4;22703891;Московский;Черниговская ;17;Московские ворота;Квартал Che
Петербургская Недвижимость;representative_developer;https://spb.cian.ru/sale/flat/295387827/;Санкт-Петербург;sale;flat;2;12;3;78.39;22650045;Василеостровский;Уральская ;;Василеостровская;Amber Club
РосСтройИнвест;developer;https://spb.cian.ru/sale/flat/297293936/;Санкт-Петербург;sale;flat;12;13;3;99.8;22571478;Приморский;Юнтолово;;Беговая;Тайм Сквер ЖК
Группа Аквилон;developer;https://spb.cian.ru/sale/flat/298641885/;Санкт-Петербург;sale;flat;2;12;3;104.85;22723407;Московский;Звёздное;;Звездная;Аквилон Ливз 2 ЖК
Группа Аквилон;developer;https://spb.cian.ru/sale/flat/298641762/;Санкт-Петербург;sale;flat;2;12;3;102.16;22654478;Московский;Звёздное;;Звездная;Аквилон Ливз 2 ЖК
ВАРИАНТ;real_estate_agent;https://spb.cian.ru/sale/flat/298962706/;Санкт-Петербург;sale;flat;4;5;3;81.2;22900000;Центральный;Большая Конюшенная ;3;Адмиралтейская;
Строительный трест;developer;https://spb.cian.ru/sale/flat/295198931/;Санкт-Петербург;sale;flat;2;6;3;75.3;22967000;Василеостровский;Гавань;;Приморская;Парусная 1
ЛСР Санкт-Петербург;developer;https://spb.cian.ru/sale/flat/294544538/;Санкт-Петербург;sale;flat;4;23;3;105.5;22840750;Невский;Октябрьская набережная;57к3;Елизаровская;Цивилизация на Неве
ЛСР Санкт-Петербург;developer;https://spb.cian.ru/sale/flat/294544522/;Санкт-Петербург;sale;flat;2;23;3;107.0;22769600;Невский;Октябрьская набережная;57к3;Елизаровская;Цивилизация на Неве
Эталон СПБ;developer;https://spb.cian.ru/sale/flat/298657728/;Санкт-Петербург;sale;flat;4;12;3;100.1;22819131;Московский;Черниговская ;17;Московские ворота;Квартал Che
РосСтройИнвест;developer;https://spb.cian.ru/sale/flat/297951707/;Санкт-Петербург;sale;flat;18;18;3;101.26;22890417;Московский;м. Ленинский проспект;;Ленинский проспект;Cube
РосСтройИнвест;developer;https://spb.cian.ru/sale/flat/297292985/;Санкт-Петербург;sale;flat;12;13;3;92.1;22927174;Приморский;Юнтолово;;Беговая;Тайм Сквер ЖК
ПИК;developer;https://spb.cian.ru/sale/flat/294724107/;Санкт-Петербург;sale;flat;11;12;3;80.7;22915168;Фрунзенский;Волковское;4;Обводный канал;Аэронавт ЖК
Строительный трест;developer;https://spb.cian.ru/sale/flat/295198665/;Санкт-Петербург;sale;flat;3;12;3;76.2;23241000;Василеостровский;Гавань;;Приморская;Парусная 1
RBI;developer;https://spb.cian.ru/sale/flat/295748649/;Санкт-Петербург;sale;flat;3;23;3;89.6;23179404;Выборгский;Шувалово-Озерки;;Проспект Просвещения;Струны
Лидер Групп;developer;https://spb.cian.ru/sale/flat/296079711/;Санкт-Петербург;sale;flat;7;18;3;103.1;23197500;Василеостровский;бульвар Александра Грина;2к2;Приморская;Нахимов (Гавань Капитанов)
Лидер Групп;developer;https://spb.cian.ru/sale/flat/294573275/;Санкт-Петербург;sale;flat;9;18;3;110.1;23121000;Василеостровский;бульвар Александра Грина;2к2;Приморская;Нахимов (Гавань Капитанов)
Лидер Групп;developer;https://spb.cian.ru/sale/flat/294573299/;Санкт-Петербург;sale;flat;6;18;3;110.5;23205000;Василеостровский;бульвар Александра Грина;2к2;Приморская;Нахимов (Гавань Капитанов)
Эталон СПБ;developer;https://spb.cian.ru/sale/flat/298657747/;Санкт-Петербург;sale;flat;3;12;3;92.4;23022995;Московский;Черниговская ;17;Московские ворота;Квартал Che
ПРИОРИТЕТ;real_estate_agent;https://spb.cian.ru/sale/flat/262891116/;Санкт-Петербург;sale;flat;1;9;3;96.0;23000000;Фрунзенский;Будапештская ;8к4;Международная;
ПИК;developer;https://spb.cian.ru/sale/flat/287469061/;Санкт-Петербург;sale;flat;8;12;3;82.4;23170880;Фрунзенский;Волковское;4;Обводный канал;Аэронавт ЖК
Euroinvest Development;developer;https://spb.cian.ru/sale/flat/293271473/;Санкт-Петербург;sale;flat;12;12;3;90.38;23232179;Выборгский;Светлановское;;Удельная;ID Svetlanovskiy
GloraX;developer;https://spb.cian.ru/sale/flat/299481421/;Санкт-Петербург;sale;flat;3;9;3;82.94;23369999;Адмиралтейский; Шкапина;43-45;Балтийская;GloraX Балтийская
;;https://spb.cian.ru/sale/flat/298022318/;Санкт-Петербург;sale;flat;4;13;3;97.2;23400371;Калининский;Полюстровский проспект;;Лесная;Respect
;;https://spb.cian.ru/sale/flat/298022310/;Санкт-Петербург;sale;flat;2;13;3;98.35;23405892;Калининский;Полюстровский проспект;;Лесная;Respect
Строительный трест;developer;https://spb.cian.ru/sale/flat/295198793/;Санкт-Петербург;sale;flat;10;12;3;71.6;23270000;Василеостровский;Гавань;;Приморская;Парусная 1
Строительный трест;developer;https://spb.cian.ru/sale/flat/295287488/;Санкт-Петербург;sale;flat;6;13;3;95.34;23359000;Калининский; Академика Константинова;1к1;Академическая;Наука
Строительный трест;developer;https://spb.cian.ru/sale/flat/294618134/;Санкт-Петербург;sale;flat;10;13;3;88.38;23377000;Калининский;Академическое;;Политехническая;Наука ЖК
ЛСР Санкт-Петербург;developer;https://spb.cian.ru/sale/flat/294544681/;Санкт-Петербург;sale;flat;12;23;3;103.4;23358060;Невский;Октябрьская набережная;57к3;Елизаровская;Цивилизация на Неве
GloraX;developer;https://spb.cian.ru/sale/flat/299481489/;Санкт-Петербург;sale;flat;2;9;3;86.38;23379999;Адмиралтейский; Шкапина;43-45;Балтийская;GloraX Балтийская
GloraX;developer;https://spb.cian.ru/sale/flat/299606277/;Санкт-Петербург;sale;flat;2;19;3;86.72;23279999;Василеостровский;Морской;;;Глоракс Премиум Василеостровский ЖК
PLEADA;representative_developer;https://spb.cian.ru/sale/flat/299315547/;Санкт-Петербург;sale;flat;1;4;3;148.0;23260000;Курортный; Тарховская;84Б;Зенит;Петербургское Садовое кольцо
PLEADA;representative_developer;https://spb.cian.ru/sale/flat/298198018/;Санкт-Петербург;sale;flat;5;6;3;80.1;23389200;Выборгский;Зеленогорская ;3;Удельная;Дом Аура у Светлановской
Мир Квартир Элит;real_estate_agent;https://spb.cian.ru/sale/flat/299241251/;Санкт-Петербург;sale;flat;6;6;3;69.0;23400000;Центральный; Маяковского;3;Маяковская;
Арсенал-Недвижимость;developer;https://spb.cian.ru/sale/flat/292291410/;Санкт-Петербург;sale;flat;11;12;3;93.25;23339543;Приморский; Плесецкая;2;Комендантский проспект;Ariosto!
;;https://spb.cian.ru/sale/flat/298022269/;Санкт-Петербург;sale;flat;4;13;3;98.95;23525015;Калининский;Полюстровский проспект;;Лесная;Respect
ЛСР Санкт-Петербург;developer;https://spb.cian.ru/sale/flat/294706816/;Санкт-Петербург;sale;flat;14;14;3;84.1;23556410;Василеостровский;набережная Миклухо-Маклая;1к1;Горный институт;Морская набережная. SeaView
Петербургская Недвижимость;representative_developer;https://spb.cian.ru/sale/flat/296054879/;Санкт-Петербург;sale;flat;2;10;3;90.45;23500673;Выборгский;Светлановский проспект;12к1;Удельная;Панорама парк Сосновка
Лидер Групп;developer;https://spb.cian.ru/sale/flat/296079709/;Санкт-Петербург;sale;flat;7;18;3;104.3;23467500;Василеостровский;бульвар Александра Грина;2к2;Приморская;Нахимов (Гавань Капитанов)
Лидер Групп;developer;https://spb.cian.ru/sale/flat/292856750/;Санкт-Петербург;sale;flat;11;18;3;112.6;23646000;Василеостровский;бульвар Александра Грина;2к2;Приморская;Нахимов (Гавань Капитанов)
РосСтройИнвест;developer;https://spb.cian.ru/sale/flat/297359659/;Санкт-Петербург;sale;flat;10;17;3;92.4;23587498;Невский;Октябрьская набережная;11Б;Пролетарская;Лайнеръ
ПИК;developer;https://spb.cian.ru/sale/flat/290945874/;Санкт-Петербург;sale;flat;11;12;3;73.8;23562052;Василеостровский;Гавань;1;Приморская;Шкиперский 19 ЖК
ПИК;developer;https://spb.cian.ru/sale/flat/290945742/;Санкт-Петербург;sale;flat;1;9;3;81.7;23538587;Адмиралтейский;Измайловское;к 2.2;Балтийская;Лермонтовский 54 ЖК
Арсенал-Недвижимость;developer;https://spb.cian.ru/sale/flat/275720484/;Санкт-Петербург;sale;flat;4;12;3;98.28;23484006;Приморский; Плесецкая;2;Комендантский проспект;Ariosto!
ID 73963145;homeowner;https://spb.cian.ru/sale/flat/299314732/;Санкт-Петербург;sale;flat;15;24;3;88.5;23500000;Московский;проспект Космонавтов;61к1;Звездная;
Строительный трест;developer;https://spb.cian.ru/sale/flat/289350317/;Санкт-Петербург;sale;flat;4;11;3;97.93;23700000;Калининский;Академическое;;Академическая;Наука ЖК
Лидер Групп;developer;https://spb.cian.ru/sale/flat/294573282/;Санкт-Петербург;sale;flat;3;18;3;116.6;23903000;Василеостровский;бульвар Александра Грина;2к2;Приморская;Нахимов (Гавань Капитанов)
РосСтройИнвест;developer;https://spb.cian.ru/sale/flat/297359507/;Санкт-Петербург;sale;flat;16;17;3;94.26;23787523;Невский;Октябрьская набережная;11Б;Пролетарская;Лайнеръ
ТРЕНД;real_estate_agent;https://spb.cian.ru/sale/flat/298392607/;Санкт-Петербург;sale;flat;10;12;3;84.1;23700000;Выборгский; Александра Матросова;8к1;Лесная;Новый Лесснер
Первое Агентство Недвижимости;real_estate_agent;https://spb.cian.ru/sale/flat/286347205/;Санкт-Петербург;sale;flat;3;6;3;102.0;23900000;Центральный;3-я Советская ;21/4;Площадь Александра Невского;
GloraX;developer;https://spb.cian.ru/sale/flat/291004582/;Санкт-Петербург;sale;flat;2;14;3;90.03;23859999;Красногвардейский;проспект Энергетиков;2;;GloraX Заневский
Euroinvest Development;developer;https://spb.cian.ru/sale/flat/293271479/;Санкт-Петербург;sale;flat;10;12;3;94.13;24196116;Выборгский;Светлановское;;Удельная;ID Svetlanovskiy
Строительный трест;developer;https://spb.cian.ru/sale/flat/295198961/;Санкт-Петербург;sale;flat;4;6;3;77.6;24056000;Василеостровский;Гавань;;Приморская;Парусная 1
Строительный трест;developer;https://spb.cian.ru/sale/flat/295197959/;Санкт-Петербург;sale;flat;4;6;3;76.8;24192000;Василеостровский;Гавань;;Приморская;Парусная 1
Строительный трест;developer;https://spb.cian.ru/sale/flat/293207164/;Санкт-Петербург;sale;flat;4;11;3;100.05;24113000;Калининский;Академическое;;Академическая;Наука ЖК
Строительный трест;developer;https://spb.cian.ru/sale/flat/278810401/;Санкт-Петербург;sale;flat;9;13;3;92.66;23953000;Калининский;Академическое;;Политехническая;Наука ЖК
RBI;developer;https://spb.cian.ru/sale/flat/295748682/;Санкт-Петербург;sale;flat;6;23;3;88.5;24062504;Выборгский;Шувалово-Озерки;;Проспект Просвещения;Струны
PLEADA;representative_developer;https://spb.cian.ru/sale/flat/296569848/;Санкт-Петербург;sale;flat;2;4;3;95.9;24166800;Красносельский;проспект Патриотов;33;;Riviera club
Лидер Групп;developer;https://spb.cian.ru/sale/flat/294573174/;Санкт-Петербург;sale;flat;2;18;3;120.6;24120000;Василеостровский;бульвар Головнина;3к1;Горный институт;Колумб (Гавань Капитанов)
GloraX;developer;https://spb.cian.ru/sale/flat/291004617/;Санкт-Петербург;sale;flat;4;14;3;88.92;24199999;Красногвардейский;проспект Энергетиков;2;;GloraX Заневский
ПИК;developer;https://spb.cian.ru/sale/flat/292514253/;Санкт-Петербург;sale;flat;8;12;3;88.8;24228192;Фрунзенский;Волковское;4;Обводный канал;Аэронавт ЖК
PLEADA;representative_developer;https://spb.cian.ru/sale/flat/299315564/;Санкт-Петербург;sale;flat;2;4;3;119.8;24200000;Курортный; Тарховская;84Б;Зенит;Петербургское Садовое кольцо
PLEADA;representative_developer;https://spb.cian.ru/sale/flat/299315561/;Санкт-Петербург;sale;flat;2;4;3;120.7;24200000;Курортный; Тарховская;84Б;Зенит;Петербургское Садовое кольцо
PLEADA;representative_developer;https://spb.cian.ru/sale/flat/298197988/;Санкт-Петербург;sale;flat;5;6;3;86.5;24349750;Выборгский;Зеленогорская ;3;Удельная;Дом Аура у Светлановской
Лидер Групп;developer;https://spb.cian.ru/sale/flat/297709759/;Санкт-Петербург;sale;flat;7;18;3;105.3;24219000;Василеостровский;бульвар Головнина;3к1;Горный институт;Колумб (Гавань Капитанов)
Лидер Групп;developer;https://spb.cian.ru/sale/flat/294573167/;Санкт-Петербург;sale;flat;3;18;3;119.0;24395000;Василеостровский;бульвар Головнина;3к1;Горный институт;Колумб (Гавань Капитанов)
;;https://spb.cian.ru/sale/flat/299252983/;Санкт-Петербург;sale;flat;9;9;3;81.3;24268050;Выборгский;Светлановский проспект;45;Политехническая;Дом-бутик Светлановский, 45
GloraX;developer;https://spb.cian.ru/sale/flat/288171977/;Санкт-Петербург;sale;flat;2;14;3;92.71;24289999;Красногвардейский;проспект Энергетиков;2;;GloraX Заневский
Euroinvest Development;developer;https://spb.cian.ru/sale/flat/293271592/;Санкт-Петербург;sale;flat;6;12;3;91.56;24423630;Выборгский;Светлановское;;Удельная;ID Svetlanovskiy
Строительный трест;developer;https://spb.cian.ru/sale/flat/295198061/;Санкт-Петербург;sale;flat;5;13;3;77.9;24539000;Василеостровский;Гавань;;Приморская;Шкиперский 19 ЖК
Строительный трест;developer;https://spb.cian.ru/sale/flat/274590055/;Санкт-Петербург;sale;flat;6;13;3;103.7;24629000;Выборгский;Лиственная ;20к2;Озерки;Листва
Строительный трест;developer;https://spb.cian.ru/sale/flat/293207368/;Санкт-Петербург;sale;flat;11;13;3;103.1;24487000;Выборгский;Лиственная ;20к2;Озерки;Листва
Арсенал-Недвижимость;developer;https://spb.cian.ru/sale/flat/275720147/;Санкт-Петербург;sale;flat;4;12;3;102.64;24608967;Приморский; Плесецкая;4;Комендантский проспект;Ariosto!
ПИК;developer;https://spb.cian.ru/sale/flat/295870076/;Санкт-Петербург;sale;flat;1;9;3;81.7;24444803;Адмиралтейский;Измайловское;к 2.1;Балтийская;Лермонтовский 54 ЖК
ПИК;developer;https://spb.cian.ru/sale/flat/290945735/;Санкт-Петербург;sale;flat;1;7;3;89.1;24632051;Адмиралтейский;Измайловское;к 2.2;Балтийская;Лермонтовский 54 ЖК
Арсенал-Недвижимость;developer;https://spb.cian.ru/sale/flat/275720528/;Санкт-Петербург;sale;flat;4;12;3;102.63;24523439;Приморский; Плесецкая;2;Комендантский проспект;Ariosto!
Euroinvest Development;developer;https://spb.cian.ru/sale/flat/267475627/;Санкт-Петербург;sale;flat;2;11;3;77.67;24636147;Московский;Благодатная ;50;Электросила;iD Park Pobedy
Балтийская жемчужина;developer;https://spb.cian.ru/sale/flat/296258548/;Санкт-Петербург;sale;flat;2;8;3;105.5;24566632;Красносельский;проспект Патриотов;35;Проспект Ветеранов;Lotos Сlub
Euroinvest Development;developer;https://spb.cian.ru/sale/flat/293271478/;Санкт-Петербург;sale;flat;2;12;3;94.93;24401756;Выборгский;Светлановское;;Удельная;ID Svetlanovskiy
Euroinvest Development;developer;https://spb.cian.ru/sale/flat/293271890/;Санкт-Петербург;sale;flat;2;12;3;101.24;24648903;Выборгский;Светлановское;;Удельная;ID Svetlanovskiy
Строительный трест;developer;https://spb.cian.ru/sale/flat/293207055/;Санкт-Петербург;sale;flat;3;11;3;102.71;24651000;Калининский;Академическое;;Академическая;Наука ЖК
Строительный трест;developer;https://spb.cian.ru/sale/flat/299255835/;Санкт-Петербург;sale;flat;8;13;3;96.6;24710000;Выборгский;Лиственная ;20к2;Озерки;Листва
Строительный трест;developer;https://spb.cian.ru/sale/flat/274590039/;Санкт-Петербург;sale;flat;12;13;3;104.5;24819000;Выборгский;Лиственная ;20к2;Озерки;Листва
Эталон СПБ;developer;https://spb.cian.ru/sale/flat/298657114/;Санкт-Петербург;sale;flat;14;19;3;99.1;24875370;Московский; Парфеновская;17;Московские ворота;Московские ворота II
ПИК;developer;https://spb.cian.ru/sale/flat/291240202/;Санкт-Петербург;sale;flat;2;9;3;80.0;24823520;Адмиралтейский;Измайловское;к 2.2;Балтийская;Лермонтовский 54 ЖК
ПИК;developer;https://spb.cian.ru/sale/flat/277372718/;Санкт-Петербург;sale;flat;3;12;3;88.1;24748611;Фрунзенский;Волковское;4;Обводный канал;Аэронавт ЖК
Первое Агентство Недвижимости;real_estate_agent;https://spb.cian.ru/sale/flat/292308447/;Санкт-Петербург;sale;flat;3;14;3;101.55;24990000;Адмиралтейский;бульвар Измайловский;9;Фрунзенская;Квартал Галактика
Строительный трест;developer;https://spb.cian.ru/sale/flat/295198701/;Санкт-Петербург;sale;flat;5;12;3;79.2;24948000;Василеостровский;Гавань;;Приморская;Парусная 1
GloraX;developer;https://spb.cian.ru/sale/flat/299481445/;Санкт-Петербург;sale;flat;3;9;3;91.24;25039999;Адмиралтейский; Шкапина;43-45;Балтийская;GloraX Балтийская
Yard Group;developer;https://spb.cian.ru/sale/flat/299370271/;Санкт-Петербург;sale;flat;4;8;3;83.3;24990000;Центральный;Херсонская ;43/12;Площадь Александра Невского;Апарт-отель Yard Residence
Мир Квартир Элит;real_estate_agent;https://spb.cian.ru/sale/flat/299557221/;Санкт-Петербург;sale;flat;18;18;3;124.5;24900000;Выборгский;Выборгское шоссе;5к1И;Озерки;
ПИК;developer;https://spb.cian.ru/sale/flat/292512722/;Санкт-Петербург;sale;flat;2;9;3;80.0;24928800;Адмиралтейский;Измайловское;к 2.1;Балтийская;Лермонтовский 54 ЖК
Балтийская жемчужина;developer;https://spb.cian.ru/sale/flat/297300050/;Санкт-Петербург;sale;flat;2;8;3;95.8;25108222;Красносельский;проспект Патриотов;33;;Riviera club
Euroinvest Development;developer;https://spb.cian.ru/sale/flat/293271609/;Санкт-Петербург;sale;flat;3;12;3;97.36;25026388;Выборгский;Светлановское;;Удельная;ID Svetlanovskiy
ID 84683955;unknown;https://spb.cian.ru/sale/flat/298731193/;Санкт-Петербург;sale;flat;19;22;3;82.0;24900000;Московский;Варшавская ;19к5;Электросила;
LEGENDA Intelligent Development;developer;https://spb.cian.ru/sale/flat/299465296/;Санкт-Петербург;sale;flat;6;12;3;78.33;25386753;Выборгский;Сампсониевское;;Выборгская;Сампсониевский 32
Строительный трест;developer;https://spb.cian.ru/sale/flat/286211639/;Санкт-Петербург;sale;flat;5;13;3;103.94;25206000;Калининский;Академическое;;Политехническая;Наука ЖК
LEGENDA Intelligent Development;developer;https://spb.cian.ru/sale/flat/299465291/;Санкт-Петербург;sale;flat;2;12;3;78.91;25172290;Выборгский;Сампсониевское;;Выборгская;Сампсониевский 32
PLEADA;representative_developer;https://spb.cian.ru/sale/flat/299372497/;Санкт-Петербург;sale;flat;6;6;3;78.5;25316250;Выборгский;Зеленогорская ;3;Удельная;Дом Аура у Светлановской
PLEADA;representative_developer;https://spb.cian.ru/sale/flat/296569857/;Санкт-Петербург;sale;flat;2;4;3;96.7;25335400;Красносельский;проспект Патриотов;33;;Riviera club
Лидер Групп;developer;https://spb.cian.ru/sale/flat/295853486/;Санкт-Петербург;sale;flat;6;19;3;93.19;25161300;Московский;Гагаринское;;;Дефанс ЖК
Эталон СПБ;developer;https://spb.cian.ru/sale/flat/299459363/;Санкт-Петербург;sale;flat;18;18;3;87.2;25326705;Адмиралтейский;бульвар Измайловский;9;Фрунзенская;Квартал Галактика
РосСтройИнвест;developer;https://spb.cian.ru/sale/flat/297359652/;Санкт-Петербург;sale;flat;15;17;3;96.76;25181361;Невский;Октябрьская набережная;11Б;Пролетарская;Лайнеръ
ПИК;developer;https://spb.cian.ru/sale/flat/293408417/;Санкт-Петербург;sale;flat;2;7;3;86.7;25329578;Адмиралтейский;Измайловское;к 2.2;Балтийская;Лермонтовский 54 ЖК
Петербургская Недвижимость;representative_developer;https://spb.cian.ru/sale/flat/296780008/;Санкт-Петербург;sale;flat;3;12;3;81.38;25200415;Василеостровский;Уральская ;;Василеостровская;Amber Club
GloraX;developer;https://spb.cian.ru/sale/flat/291004602/;Санкт-Петербург;sale;flat;6;14;3;92.37;25279999;Красногвардейский;проспект Энергетиков;2;;GloraX Заневский
Балтийская жемчужина;developer;https://spb.cian.ru/sale/flat/296258507/;Санкт-Петербург;sale;flat;3;8;3;104.5;25377552;Красносельский;проспект Патриотов;35;Проспект Ветеранов;Lotos Сlub
Euroinvest Development;developer;https://spb.cian.ru/sale/flat/293271618/;Санкт-Петербург;sale;flat;2;12;3;98.44;25304002;Выборгский;Светлановское;;Удельная;ID Svetlanovskiy
Строительный трест;developer;https://spb.cian.ru/sale/flat/293207073/;Санкт-Петербург;sale;flat;4;11;3;106.74;25618000;Калининский;Академическое;;Академическая;Наука ЖК
Город - М171;real_estate_agent;https://spb.cian.ru/sale/flat/298680780/;Санкт-Петербург;sale;flat;2;5;3;94.4;25600000;Приморский;1-я Утиная ;32;Озерки;
Мир квартир элит Крестовский;real_estate_agent;https://spb.cian.ru/sale/flat/286808815/;Санкт-Петербург;sale;flat;9;12;3;68.29;25500000;Московский;Московская застава;;Бухарестская;АйДи Парк Победы ЖК
PLEADA;representative_developer;https://spb.cian.ru/sale/flat/298198005/;Санкт-Петербург;sale;flat;6;6;3;87.9;25491000;Выборгский;Зеленогорская ;3;Удельная;Дом Аура у Светлановской
РосСтройИнвест;developer;https://spb.cian.ru/sale/flat/297359642/;Санкт-Петербург;sale;flat;13;17;3;94.71;25599471;Невский;Октябрьская набережная;11Б;Пролетарская;Лайнеръ
ПИК;developer;https://spb.cian.ru/sale/flat/290945806/;Санкт-Петербург;sale;flat;3;7;3;86.7;25508874;Адмиралтейский;Измайловское;к 2.1;Балтийская;Лермонтовский 54 ЖК
ПИК;developer;https://spb.cian.ru/sale/flat/296794264/;Санкт-Петербург;sale;flat;1;7;3;89.1;25486342;Адмиралтейский;Измайловское;к 2.1;Балтийская;Лермонтовский 54 ЖК
Мир Квартир Элит;real_estate_agent;https://spb.cian.ru/sale/flat/299482020/;Санкт-Петербург;sale;flat;5;7;3;79.7;25500000;Центральный;Днепропетровская ;37;Лиговский проспект;Днепропетровская, 37
ТРЕНД;real_estate_agent;https://spb.cian.ru/sale/flat/299251078/;Санкт-Петербург;sale;flat;14;16;3;93.4;25500000;Выборгский; Композиторов;22к4;Проспект Просвещения;
Строительный трест;developer;https://spb.cian.ru/sale/flat/295198925/;Санкт-Петербург;sale;flat;2;6;3;84.8;25864000;Василеостровский;Гавань;;Приморская;Парусная 1
Строительный трест;developer;https://spb.cian.ru/sale/flat/293207354/;Санкт-Петербург;sale;flat;3;13;3;107.1;25919000;Выборгский;Лиственная ;20к2;Озерки;Листва
PLEADA;representative_developer;https://spb.cian.ru/sale/flat/299315565/;Санкт-Петербург;sale;flat;2;4;3;126.9;25650000;Курортный; Тарховская;84Б;Зенит;Петербургское Садовое кольцо
ПИК;developer;https://spb.cian.ru/sale/flat/278054280/;Санкт-Петербург;sale;flat;1;9;3;81.7;25742689;Адмиралтейский;Измайловское;к1;Балтийская;Лермонтовский 54 ЖК
Euroinvest Development;developer;https://spb.cian.ru/sale/flat/293271634/;Санкт-Петербург;sale;flat;7;12;3;104.32;25803552;Выборгский;Светлановское;;Удельная;ID Svetlanovskiy
Петербургская Недвижимость;representative_developer;https://spb.cian.ru/sale/flat/295387793/;Санкт-Петербург;sale;flat;2;12;3;86.56;25800160;Василеостровский;Уральская ;;Василеостровская;Amber Club
МИР КВАРТИР;real_estate_agent;https://spb.cian.ru/sale/flat/293163775/;Санкт-Петербург;sale;flat;2;6;3;101.0;25800000;Василеостровский;переулок Тучков;3;Василеостровская;
Светлана Вовк;realtor;https://spb.cian.ru/sale/flat/297488821/;Санкт-Петербург;sale;flat;9;16;3;98.9;25800000;Красносельский;Петергофское шоссе;53;Ленинский проспект;
Николай Орлов;realtor;https://spb.cian.ru/sale/flat/292405508/;Санкт-Петербург;sale;flat;6;9;3;94.0;25950000;Выборгский;Большой Сампсониевский проспект;69к4;Лесная;Кантемировская 11
Строительный трест;developer;https://spb.cian.ru/sale/flat/290580261/;Санкт-Петербург;sale;flat;6;13;3;95.4;25997000;Выборгский;Лиственная ;20к2;Озерки;Листва
PLEADA;representative_developer;https://spb.cian.ru/sale/flat/298198024/;Санкт-Петербург;sale;flat;6;6;3;83.8;26145600;Выборгский;Зеленогорская ;3;Удельная;Дом Аура у Светлановской
ПИК;developer;https://spb.cian.ru/sale/flat/290945731/;Санкт-Петербург;sale;flat;1;9;3;97.5;25973610;Адмиралтейский;Измайловское;к 2.2;Балтийская;Лермонтовский 54 ЖК
Петербургская Недвижимость;representative_developer;https://spb.cian.ru/sale/flat/296780011/;Санкт-Петербург;sale;flat;2;6;3;101.08;26150002;Василеостровский;Уральская ;;Василеостровская;Amber Club
ЛСР Санкт-Петербург;developer;https://spb.cian.ru/sale/flat/298049992/;Санкт-Петербург;sale;flat;16;16;3;90.73;26402430;Василеостровский;Гавань;;Приморская;Морская Набережная ЖК
LEGENDA Intelligent Development;developer;https://spb.cian.ru/sale/flat/299465305/;Санкт-Петербург;sale;flat;2;12;3;83.96;26304668;Выборгский;Сампсониевское;;Выборгская;Сампсониевский 32
Петербургская Недвижимость;representative_developer;https://spb.cian.ru/sale/flat/298674049/;Санкт-Петербург;sale;flat;2;10;3;107.09;26250222;Выборгский;Светлановский проспект;12к1;Удельная;Панорама парк Сосновка
ID 2434894;realtor;https://spb.cian.ru/sale/flat/289196048/;Санкт-Петербург;sale;flat;7;10;3;122.5;26400000;Выборгский;Выборгское шоссе;5к1Д;Озерки;
ПИК;developer;https://spb.cian.ru/sale/flat/278054314/;Санкт-Петербург;sale;flat;8;12;3;79.1;26409117;Василеостровский;Гавань;1;Приморская;Шкиперский 19 ЖК
Петербургская Недвижимость;representative_developer;https://spb.cian.ru/sale/flat/295387748/;Санкт-Петербург;sale;flat;2;12;3;89.31;26300232;Василеостровский;Уральская ;;Василеостровская;Amber Club
Euroinvest Development;developer;https://spb.cian.ru/sale/flat/275655546/;Санкт-Петербург;sale;flat;2;11;3;84.39;26603948;Московский;Благодатная ;50;Электросила;iD Park Pobedy
Строительный трест;developer;https://spb.cian.ru/sale/flat/298534317/;Санкт-Петербург;sale;flat;3;11;3;104.59;26671000;Калининский; Академика Константинова;1к1;Академическая;Наука
Строительный трест;developer;https://spb.cian.ru/sale/flat/293207360/;Санкт-Петербург;sale;flat;8;13;3;107.5;26607000;Выборгский;Лиственная ;20к2;Озерки;Листва
Мир Квартир Элит;real_estate_agent;https://spb.cian.ru/sale/flat/297246872/;Санкт-Петербург;sale;flat;7;25;3;85.3;26500000;Московский;Дунайский проспект;14к1;Звездная;Viva
PLEADA;representative_developer;https://spb.cian.ru/sale/flat/299315537/;Санкт-Петербург;sale;flat;4;4;3;145.6;26500000;Курортный; Тарховская;84Б;Зенит;Петербургское Садовое кольцо
PLEADA;representative_developer;https://spb.cian.ru/sale/flat/296569922/;Санкт-Петербург;sale;flat;1;4;3;105.9;26686800;Красносельский;проспект Патриотов;33;;Riviera club
ПИК;developer;https://spb.cian.ru/sale/flat/298768008/;Санкт-Петербург;sale;flat;8;9;3;78.3;26658644;Адмиралтейский;Измайловское;к 2.2;Балтийская;Лермонтовский 54 ЖК
ПИК;developer;https://spb.cian.ru/sale/flat/290945805/;Санкт-Петербург;sale;flat;1;9;3;97.5;26468520;Адмиралтейский;Измайловское;к 2.1;Балтийская;Лермонтовский 54 ЖК
Петербургская Недвижимость;representative_developer;https://spb.cian.ru/sale/flat/295387750/;Санкт-Петербург;sale;flat;2;12;3;90.49;26500041;Василеостровский;Уральская ;;Василеостровская;Amber Club
Петербургская Недвижимость;representative_developer;https://spb.cian.ru/sale/flat/296780009/;Санкт-Петербург;sale;flat;3;6;3;100.37;26500389;Василеостровский;Уральская ;;Василеостровская;Amber Club
Арсенал-Недвижимость;developer;https://spb.cian.ru/sale/flat/266867241/;Санкт-Петербург;sale;flat;6;12;3;95.91;26499933;Приморский;проспект Авиаконструкторов;54;Комендантский проспект;Modum
Балтийская жемчужина;developer;https://spb.cian.ru/sale/flat/297300154/;Санкт-Петербург;sale;flat;1;8;3;105.9;26695272;Красносельский;проспект Патриотов;33;;Riviera club
АБСОЛЮТ СТРОЙ СЕРВИС;developer;https://spb.cian.ru/sale/flat/299273049/;Санкт-Петербург;sale;flat;2;17;3;105.35;26600875;Выборгский;Большой Сампсониевский проспект;77;Лесная;Георг Ландрин
РСТИ;developer;https://spb.cian.ru/sale/flat/278767295/;Санкт-Петербург;sale;flat;8;13;3;99.9;26463809;Приморский;Студенческая ;14к1;Лесная;Terra
БФА-Девелопмент;developer;https://spb.cian.ru/sale/flat/298609102/;Санкт-Петербург;sale;flat;7;7;3;114.97;26520000;Выборгский;Шувалово-Озерки;;;БФА в Озерках
АЛЕКСАНДР-НЕДВИЖИМОСТЬ;real_estate_agent;https://spb.cian.ru/sale/flat/298721635/;Санкт-Петербург;sale;flat;6;11;3;85.2;26838000;Адмиралтейский;набережная Обводного Канала;108;Фрунзенская;
Строительный трест;developer;https://spb.cian.ru/sale/flat/289350401/;Санкт-Петербург;sale;flat;11;11;3;101.96;26714000;Калининский;Академическое;;Академическая;Наука ЖК
Петербургская Недвижимость;representative_developer;https://spb.cian.ru/sale/flat/295387801/;Санкт-Петербург;sale;flat;2;12;3;91.96;26800776;Василеостровский;Уральская ;;Василеостровская;Amber Club
GloraX;developer;https://spb.cian.ru/sale/flat/294180871/;Санкт-Петербург;sale;flat;11;18;3;79.04;26989999;Василеостровский;Морской;;;Глоракс Василеостровский ЖК
Лидер Групп;developer;https://spb.cian.ru/sale/flat/295884221/;Санкт-Петербург;sale;flat;7;19;3;96.12;26913600;Московский;Гагаринское;;;Дефанс ЖК
Лидер Групп;developer;https://spb.cian.ru/sale/flat/298345098/;Санкт-Петербург;sale;flat;10;18;3;127.7;26817000;Василеостровский;бульвар Александра Грина;2к2;Приморская;Нахимов (Гавань Капитанов)
Euroinvest Development;developer;https://spb.cian.ru/sale/flat/289060872/;Санкт-Петербург;sale;flat;4;11;3;85.26;26878215;Московский;Благодатная ;50;Электросила;iD Park Pobedy
ПИК;developer;https://spb.cian.ru/sale/flat/290945730/;Санкт-Петербург;sale;flat;1;9;3;99.1;26968083;Адмиралтейский;Измайловское;к 2.2;Балтийская;Лермонтовский 54 ЖК
Петербургская Недвижимость;representative_developer;https://spb.cian.ru/sale/flat/296753871/;Санкт-Петербург;sale;flat;1;9;3;117.0;26700921;Выборгский; Александра Матросова;3;Лесная;Притяжение
Арсенал-Недвижимость;developer;https://spb.cian.ru/sale/flat/275720094/;Санкт-Петербург;sale;flat;12;12;3;90.06;26747820;Приморский; Плесецкая;6;Комендантский проспект;Ariosto!
МИР КВАРТИР;real_estate_agent;https://spb.cian.ru/sale/flat/298923197/;Санкт-Петербург;sale;flat;5;8;3;96.2;26936000;Адмиралтейский;Подъездной переулок;12;Пушкинская;Наследие на Марата
Петербургская Недвижимость;representative_developer;https://spb.cian.ru/sale/flat/295028929/;Санкт-Петербург;sale;flat;2;12;3;90.91;26800768;Василеостровский;Уральская ;;Василеостровская;Amber Club
Балтийская жемчужина;developer;https://spb.cian.ru/sale/flat/297687695/;Санкт-Петербург;sale;flat;2;8;3;102.8;26941824;Красносельский;проспект Патриотов;33;;Riviera club
;;https://spb.cian.ru/sale/flat/293980696/;Санкт-Петербург;sale;flat;2;6;3;80.2;26949800;Курортный;дорога Таможенная;11к1с4;Беговая;е.квартал 
ПИК;developer;https://spb.cian.ru/sale/flat/274416466/;Санкт-Петербург;sale;flat;5;7;3;86.7;27130684;Адмиралтейский;Измайловское;к1;Балтийская;Лермонтовский 54 ЖК
Петербургская Недвижимость;representative_developer;https://spb.cian.ru/sale/flat/296054884/;Санкт-Петербург;sale;flat;3;7;3;107.91;27000646;Выборгский;Светлановское;;Удельная;Панорама парк Сосновка
Строительный трест;developer;https://spb.cian.ru/sale/flat/291308879/;Санкт-Петербург;sale;flat;3;13;3;109.4;27077000;Выборгский;Лиственная ;20к2;Озерки;Листва
PLEADA;representative_developer;https://spb.cian.ru/sale/flat/299315551/;Санкт-Петербург;sale;flat;1;4;3;179.3;27050000;Курортный; Тарховская;84Б;Зенит;Петербургское Садовое кольцо
ПИК;developer;https://spb.cian.ru/sale/flat/282740893/;Санкт-Петербург;sale;flat;12;12;3;88.5;27061884;Василеостровский;Гавань;1;Приморская;Шкиперский 19 ЖК
ПИК;developer;https://spb.cian.ru/sale/flat/283176999/;Санкт-Петербург;sale;flat;6;9;3;80.0;27072000;Адмиралтейский;Измайловское;к1;Балтийская;Лермонтовский 54 ЖК
Балтийская жемчужина;developer;https://spb.cian.ru/sale/flat/296258470/;Санкт-Петербург;sale;flat;5;8;3;104.3;27126344;Красносельский;проспект Патриотов;35;Проспект Ветеранов;Lotos Сlub
Красная Стрела;developer;https://spb.cian.ru/sale/flat/291703854/;Санкт-Петербург;sale;flat;4;9;3;82.07;27160110;Василеостровский;7-я Васильевского острова линия;84;Василеостровская;Регенбоген
Арсенал-Недвижимость;developer;https://spb.cian.ru/sale/flat/266867533/;Санкт-Петербург;sale;flat;3;12;3;101.22;27511596;Приморский;проспект Авиаконструкторов;54;Комендантский проспект;Modum
LEGENDA Intelligent Development;developer;https://spb.cian.ru/sale/flat/299465245/;Санкт-Петербург;sale;flat;3;12;3;85.74;27488244;Выборгский;Сампсониевское;;Выборгская;Сампсониевский 32
PLEADA;representative_developer;https://spb.cian.ru/sale/flat/298198007/;Санкт-Петербург;sale;flat;1;6;3;106.7;27528600;Выборгский;Зеленогорская ;3;Удельная;Дом Аура у Светлановской
GloraX;developer;https://spb.cian.ru/sale/flat/299505990/;Санкт-Петербург;sale;flat;2;19;3;96.21;27389999;Василеостровский;Морской;;;Глоракс Премиум Василеостровский ЖК
ПИК;developer;https://spb.cian.ru/sale/flat/276272572/;Санкт-Петербург;sale;flat;8;9;3;79.0;27461348;Адмиралтейский;Измайловское;к1;Балтийская;Лермонтовский 54 ЖК
Петербургская Недвижимость;representative_developer;https://spb.cian.ru/sale/flat/295387774/;Санкт-Петербург;sale;flat;5;12;3;88.32;27500375;Василеостровский;Уральская ;;Василеостровская;Amber Club
Арсенал-Недвижимость;developer;https://spb.cian.ru/sale/flat/275720126/;Санкт-Петербург;sale;flat;12;12;3;92.64;27514080;Приморский; Плесецкая;6;Комендантский проспект;Ariosto!
Балтийская жемчужина;developer;https://spb.cian.ru/sale/flat/297300116/;Санкт-Петербург;sale;flat;2;8;3;97.4;27475566;Красносельский;проспект Патриотов;33;;Riviera club
ID 53928485;unknown;https://spb.cian.ru/sale/flat/299121813/;Санкт-Петербург;sale;flat;19;27;3;123.1;27360000;Приморский;Планерная ;63к1;Комендантский проспект;Юнтоловская перспектива
RBI;developer;https://spb.cian.ru/sale/flat/295748204/;Санкт-Петербург;sale;flat;23;23;3;93.9;27704829;Выборгский; Шостаковича;8к2Б2;Проспект Просвещения;Струны
RBI;developer;https://spb.cian.ru/sale/flat/295748724/;Санкт-Петербург;sale;flat;23;23;3;94.0;27734333;Выборгский;Шувалово-Озерки;;Проспект Просвещения;Струны
Yard Group;developer;https://spb.cian.ru/sale/flat/299370272/;Санкт-Петербург;sale;flat;7;8;3;83.5;27555000;Центральный;Херсонская ;43/12;Площадь Александра Невского;Апарт-отель Yard Residence
LEGENDA Intelligent Development;developer;https://spb.cian.ru/sale/flat/299465321/;Санкт-Петербург;sale;flat;9;12;3;82.8;27580680;Выборгский;Сампсониевское;;Выборгская;Сампсониевский 32
Петербургская Недвижимость;representative_developer;https://spb.cian.ru/sale/flat/296753826/;Санкт-Петербург;sale;flat;3;9;3;105.4;27700068;Выборгский; Александра Матросова;1;Лесная;Притяжение
Красная Стрела;developer;https://spb.cian.ru/sale/flat/291703893/;Санкт-Петербург;sale;flat;2;9;3;84.99;27710110;Василеостровский;7-я Васильевского острова линия;84;Василеостровская;Регенбоген
Строительный трест;developer;https://spb.cian.ru/sale/flat/293207227/;Санкт-Петербург;sale;flat;11;13;3;107.5;28058000;Калининский;Академическое;;Академическая;Наука ЖК
ЛСР Санкт-Петербург;developer;https://spb.cian.ru/sale/flat/294544969/;Санкт-Петербург;sale;flat;6;8;3;70.31;28018535;Петроградский;Ремесленная ;;Спортивная;Neva Residence
ЛСР Санкт-Петербург;developer;https://spb.cian.ru/sale/flat/294545255/;Санкт-Петербург;sale;flat;1;8;3;83.77;27920541;Петроградский;Петровский;;Чкаловская;Нева Резиденс ЖК
RBI;developer;https://spb.cian.ru/sale/flat/295748206/;Санкт-Петербург;sale;flat;23;23;3;99.9;28034208;Выборгский; Шостаковича;8к2Б2;Проспект Просвещения;Струны
LEGENDA Intelligent Development;developer;https://spb.cian.ru/sale/flat/299465467/;Санкт-Петербург;sale;flat;3;12;3;88.4;28075840;Выборгский;Сампсониевское;;Выборгская;Сампсониевский 32
LEGENDA Intelligent Development;developer;https://spb.cian.ru/sale/flat/299465252/;Санкт-Петербург;sale;flat;5;12;3;86.69;28052884;Выборгский;Сампсониевское;;Выборгская;Сампсониевский 32
Лидер Групп;developer;https://spb.cian.ru/sale/flat/294573333/;Санкт-Петербург;sale;flat;18;18;3;127.4;28028000;Василеостровский;бульвар Александра Грина;2к2;Приморская;Нахимов (Гавань Капитанов)
Красная Стрела;developer;https://spb.cian.ru/sale/flat/291703853/;Санкт-Петербург;sale;flat;3;9;3;86.06;27919376;Василеостровский;7-я Васильевского острова линия;84;Василеостровская;Регенбоген
Петербургская Недвижимость;representative_developer;https://spb.cian.ru/sale/flat/296753836/;Санкт-Петербург;sale;flat;8;9;3;99.2;28050883;Выборгский; Александра Матросова;1;Лесная;Притяжение
Арсенал-Недвижимость;developer;https://spb.cian.ru/sale/flat/276977337/;Санкт-Петербург;sale;flat;12;12;3;94.57;28087290;Приморский; Плесецкая;6;Комендантский проспект;Ariosto!
Балтийская жемчужина;developer;https://spb.cian.ru/sale/flat/296258464/;Санкт-Петербург;sale;flat;2;8;3;98.9;28052856;Красносельский;проспект Патриотов;35;Проспект Ветеранов;Lotos Сlub
Строительный трест;developer;https://spb.cian.ru/sale/flat/298534331/;Санкт-Петербург;sale;flat;5;11;3;108.62;28242000;Калининский; Академика Константинова;1к1;Академическая;Наука
RBI;developer;https://spb.cian.ru/sale/flat/295748726/;Санкт-Петербург;sale;flat;23;23;3;100.3;28146457;Выборгский;Шувалово-Озерки;;Проспект Просвещения;Струны
Петербургская Недвижимость;representative_developer;https://spb.cian.ru/sale/flat/299266560/;Санкт-Петербург;sale;flat;8;9;3;99.8;28250186;Выборгский; Александра Матросова;3;Лесная;Притяжение
Красная Стрела;developer;https://spb.cian.ru/sale/flat/291703907/;Санкт-Петербург;sale;flat;4;9;3;84.2;28343365;Василеостровский;7-я Васильевского острова линия;84;Василеостровская;Регенбоген
ЛСР Санкт-Петербург;developer;https://spb.cian.ru/sale/flat/294544960/;Санкт-Петербург;sale;flat;3;8;3;81.49;28440010;Петроградский;Ремесленная ;;Спортивная;Neva Residence
ЛСР Санкт-Петербург;developer;https://spb.cian.ru/sale/flat/294660795/;Санкт-Петербург;sale;flat;14;14;3;103.2;28627680;Василеостровский;набережная Миклухо-Маклая;1к1;Горный институт;Морская набережная. SeaView
GloraX;developer;https://spb.cian.ru/sale/flat/299606317/;Санкт-Петербург;sale;flat;16;18;3;75.94;28619999;Василеостровский;Морской;;;Глоракс Василеостровский ЖК
LEGENDA Intelligent Development;developer;https://spb.cian.ru/sale/flat/299465385/;Санкт-Петербург;sale;flat;1;12;3;90.72;28594944;Выборгский;Сампсониевское;;Выборгская;Сампсониевский 32
Эталон СПБ;developer;https://spb.cian.ru/sale/flat/298657315/;Санкт-Петербург;sale;flat;2;10;3;95.0;28364888;Приморский;Белоостровская ;28;Черная речка;Domino
Петербургская Недвижимость;representative_developer;https://spb.cian.ru/sale/flat/296753864/;Санкт-Петербург;sale;flat;3;9;3;114.4;28600228;Выборгский; Александра Матросова;1;Лесная;Притяжение
Euroinvest Development;developer;https://spb.cian.ru/sale/flat/267475714/;Санкт-Петербург;sale;flat;2;11;3;95.8;28435356;Московский;Благодатная ;50;Электросила;iD Park Pobedy
Element Development;developer;https://spb.cian.ru/sale/flat/299233997/;Санкт-Петербург;sale;flat;3;5;3;96.31;28893000;Курортный; Инструментальщиков;18;Беговая;BEREG.Курортный
Строительный трест;developer;https://spb.cian.ru/sale/flat/295197974/;Санкт-Петербург;sale;flat;2;6;3;85.7;28710000;Василеостровский;Гавань;;Приморская;Парусная 1
Строительный трест;developer;https://spb.cian.ru/sale/flat/293207361/;Санкт-Петербург;sale;flat;9;13;3;109.5;28744000;Выборгский;Лиственная ;20к2;Озерки;Листва
ЛСР Санкт-Петербург;developer;https://spb.cian.ru/sale/flat/298050001/;Санкт-Петербург;sale;flat;16;16;3;104.47;28885955;Василеостровский;Гавань;;Приморская;Морская Набережная ЖК
Унистрой;developer;https://spb.cian.ru/sale/flat/277296493/;Санкт-Петербург;sale;flat;3;10;3;92.6;28890000;Красногвардейский;Большая Охта;;Площадь Ленина;Юпоинт ЖК
Унистрой;developer;https://spb.cian.ru/sale/flat/277296387/;Санкт-Петербург;sale;flat;3;10;3;107.1;28920000;Красногвардейский;Большая Охта;;Площадь Ленина;Юпоинт ЖК
PLEADA;representative_developer;https://spb.cian.ru/sale/flat/298198119/;Санкт-Петербург;sale;flat;11;12;3;90.1;28832000;Приморский;Белоостровская ;7;Лесная;Белый остров
PLEADA;representative_developer;https://spb.cian.ru/sale/flat/296569893/;Санкт-Петербург;sale;flat;2;4;3;101.9;28735800;Красносельский;проспект Патриотов;33;;Riviera club
Базис;developer;https://spb.cian.ru/sale/flat/295734465/;Санкт-Петербург;sale;flat;8;12;3;86.8;28795000;Приморский;Белоостровская ;7;Лесная;Белый остров
;;https://spb.cian.ru/sale/flat/299252965/;Санкт-Петербург;sale;flat;4;9;3;110.8;28697200;Выборгский;Светлановский проспект;45;Политехническая;Дом-бутик Светлановский, 45
Арсенал-Недвижимость;developer;https://spb.cian.ru/sale/flat/266867439/;Санкт-Петербург;sale;flat;12;12;3;93.28;28711584;Приморский;проспект Авиаконструкторов;54;Комендантский проспект;Modum
Балтийская жемчужина;developer;https://spb.cian.ru/sale/flat/297300139/;Санкт-Петербург;sale;flat;2;8;3;102.1;28800368;Красносельский;проспект Патриотов;33;;Riviera club
Красная Стрела;developer;https://spb.cian.ru/sale/flat/291720445/;Санкт-Петербург;sale;flat;3;9;3;87.1;28848816;Василеостровский;7-я Васильевского острова линия;84;Василеостровская;Регенбоген
ЛСР Санкт-Петербург;developer;https://spb.cian.ru/sale/flat/295135140/;Санкт-Петербург;sale;flat;4;8;3;92.05;29179850;Петроградский;Ремесленная ;;Спортивная;Neva Residence
ЛСР Санкт-Петербург;developer;https://spb.cian.ru/sale/flat/298050000/;Санкт-Петербург;sale;flat;16;16;3;105.55;29079025;Василеостровский;Гавань;;Приморская;Морская Набережная ЖК
PLEADA;representative_developer;https://spb.cian.ru/sale/flat/298198046/;Санкт-Петербург;sale;flat;5;6;3;92.8;29139200;Выборгский;Зеленогорская ;3;Удельная;Дом Аура у Светлановской
Арсенал-Недвижимость;developer;https://spb.cian.ru/sale/flat/266866827/;Санкт-Петербург;sale;flat;3;12;3;106.87;29047266;Приморский;проспект Авиаконструкторов;54;Комендантский проспект;Modum
Базис;developer;https://spb.cian.ru/sale/flat/299247046/;Санкт-Петербург;sale;flat;11;12;3;83.0;29050000;Приморский;Белоостровская ;7;Лесная;Белый остров
;;https://spb.cian.ru/sale/flat/299252945/;Санкт-Петербург;sale;flat;2;9;3;118.7;29437600;Выборгский;Светлановский проспект;45;Политехническая;Дом-бутик Светлановский, 45
PLEADA;representative_developer;https://spb.cian.ru/sale/flat/299315553/;Санкт-Петербург;sale;flat;1;4;3;199.9;29350000;Курортный; Тарховская;84Б;Зенит;Петербургское Садовое кольцо
PLEADA;representative_developer;https://spb.cian.ru/sale/flat/299315550/;Санкт-Петербург;sale;flat;1;4;3;200.7;29350000;Курортный; Тарховская;84Б;Зенит;Петербургское Садовое кольцо
Лидер Групп;developer;https://spb.cian.ru/sale/flat/295179775/;Санкт-Петербург;sale;flat;4;23;3;112.97;29372200;Московский;Гагаринское;;;Дефанс ЖК
Эталон СПБ;developer;https://spb.cian.ru/sale/flat/298658280/;Санкт-Петербург;sale;flat;9;9;3;93.11;29252328;Калининский;Лесной проспект;;Выборгская;iLona
Эталон СПБ;developer;https://spb.cian.ru/sale/flat/298657363/;Санкт-Петербург;sale;flat;5;10;3;109.6;29301869;Приморский;Белоостровская ;28;Черная речка;Domino
Эталон СПБ;developer;https://spb.cian.ru/sale/flat/298657461/;Санкт-Петербург;sale;flat;4;10;3;109.4;29428007;Приморский;Белоостровская ;28;Черная речка;Domino
ПИК;developer;https://spb.cian.ru/sale/flat/295870055/;Санкт-Петербург;sale;flat;8;9;3;79.0;29317848;Адмиралтейский;Измайловское;к 2.1;Балтийская;Лермонтовский 54 ЖК
Базис;developer;https://spb.cian.ru/sale/flat/299335942/;Санкт-Петербург;sale;flat;10;12;3;94.7;29357000;Приморский;Белоостровская ;7;Лесная;Белый остров
Euroinvest Development;developer;https://spb.cian.ru/sale/flat/267975655/;Санкт-Петербург;sale;flat;10;11;3;103.03;29363550;Московский; Решетникова;29;Электросила;iD Park Pobedy
GloraX;developer;https://spb.cian.ru/sale/flat/291004607/;Санкт-Петербург;sale;flat;8;14;3;113.03;29519999;Красногвардейский;проспект Энергетиков;2;;GloraX Заневский
;;https://spb.cian.ru/sale/flat/293980695/;Санкт-Петербург;sale;flat;2;6;3;87.73;29439170;Курортный;дорога Таможенная;11к1с4;Беговая;е.квартал 
Роман Корякин;realtor;https://spb.cian.ru/sale/flat/296056515/;Санкт-Петербург;sale;flat;5;19;3;96.21;29500000;Василеостровский;Морской;;Приморская;GloraX Premium Василеостровский
Строительный трест;developer;https://spb.cian.ru/sale/flat/293207239/;Санкт-Петербург;sale;flat;9;13;3;110.79;29581000;Калининский;Академическое;;Академическая;Наука ЖК
LEGENDA Intelligent Development;developer;https://spb.cian.ru/sale/flat/299636478/;Санкт-Петербург;sale;flat;2;11;3;91.68;29722656;Красногвардейский; Стахановцев;1;Новочеркасская;Малоохтинский, 68
LEGENDA Intelligent Development;developer;https://spb.cian.ru/sale/flat/299465304/;Санкт-Петербург;sale;flat;1;12;3;94.36;29591296;Выборгский;Сампсониевское;;Выборгская;Сампсониевский 32
PLEADA;representative_developer;https://spb.cian.ru/sale/flat/298198058/;Санкт-Петербург;sale;flat;6;6;3;94.5;29607795;Выборгский;Зеленогорская ;3;Удельная;Дом Аура у Светлановской
;;https://spb.cian.ru/sale/flat/299252979/;Санкт-Петербург;sale;flat;5;9;3;112.3;29647200;Выборгский;Светлановский проспект;45;Политехническая;Дом-бутик Светлановский, 45
Арсенал-Недвижимость;developer;https://spb.cian.ru/sale/flat/275720401/;Санкт-Петербург;sale;flat;12;12;3;101.18;29595151;Приморский; Плесецкая;2;Комендантский проспект;Ariosto!
Балтийская коммерция;developer;https://spb.cian.ru/sale/flat/258156108/;Санкт-Петербург;sale;flat;1;9;3;98.46;29606922;Петроградский;Петроградская набережная;38;Горьковская;Мануфактура James Beck
RBI;developer;https://spb.cian.ru/sale/flat/295748212/;Санкт-Петербург;sale;flat;22;23;3;102.1;30052073;Выборгский; Шостаковича;8к2Б2;Проспект Просвещения;Струны
Базис;developer;https://spb.cian.ru/sale/flat/299592383/;Санкт-Петербург;sale;flat;12;12;3;90.8;29964000;Приморский;Белоостровская ;7;Лесная;Белый остров
Петербургская Недвижимость;representative_developer;https://spb.cian.ru/sale/flat/296753842/;Санкт-Петербург;sale;flat;3;9;3;115.7;29850947;Выборгский; Александра Матросова;1;Лесная;Притяжение
ТН-Брокер;real_estate_agent;https://spb.cian.ru/sale/flat/297234011/;Санкт-Петербург;sale;flat;7;8;3;111.3;30000000;Василеостровский;15-я Васильевского острова линия;84;Василеостровская;Халькон
PLEADA;representative_developer;https://spb.cian.ru/sale/flat/298198027/;Санкт-Петербург;sale;flat;1;6;3;117.3;29970150;Выборгский;Зеленогорская ;3;Удельная;Дом Аура у Светлановской
Лидер Групп;developer;https://spb.cian.ru/sale/flat/286949899/;Санкт-Петербург;sale;flat;5;23;3;119.85;29962500;Московский;Гагаринское;;;Дефанс ЖК
Эталон СПБ;developer;https://spb.cian.ru/sale/flat/298657183/;Санкт-Петербург;sale;flat;2;10;3;101.9;29839229;Приморский;Белоостровская ;28;Черная речка;Domino
ПИК;developer;https://spb.cian.ru/sale/flat/287651417/;Санкт-Петербург;sale;flat;8;9;3;78.3;29911852;Адмиралтейский;Измайловское;к1;Балтийская;Лермонтовский 54 ЖК
Петербургская Недвижимость;representative_developer;https://spb.cian.ru/sale/flat/292970851/;Санкт-Петербург;sale;flat;3;9;3;87.65;29800254;Невский;Невская застава;;Елизаровская;Астра Марин ЖК
Балтийская жемчужина;developer;https://spb.cian.ru/sale/flat/296258453/;Санкт-Петербург;sale;flat;4;8;3;97.9;29898820;Красносельский;проспект Патриотов;35;Проспект Ветеранов;Lotos Сlub
Балтийская коммерция;developer;https://spb.cian.ru/sale/flat/258156439/;Санкт-Петербург;sale;flat;2;9;3;89.63;29994680;Петроградский;Петроградская набережная;38;Горьковская;Мануфактура James Beck
ЛСР Санкт-Петербург;developer;https://spb.cian.ru/sale/flat/295135143/;Санкт-Петербург;sale;flat;6;8;3;89.49;30158130;Петроградский;Ремесленная ;;Спортивная;Neva Residence
Петербургская Недвижимость;representative_developer;https://spb.cian.ru/sale/flat/297392291/;Санкт-Петербург;sale;flat;4;12;3;100.39;30300362;Выборгский;Светлановское;;Удельная;Панорама парк Сосновка
Петербургская Недвижимость;representative_developer;https://spb.cian.ru/sale/flat/296753762/;Санкт-Петербург;sale;flat;4;10;3;97.1;30149550;Выборгский;Светлановское;;Удельная;Svetlana Park
Euroinvest Development;developer;https://spb.cian.ru/sale/flat/267475755/;Санкт-Петербург;sale;flat;2;11;3;105.72;30130200;Московский;Благодатная ;50;Электросила;iD Park Pobedy
Балтийская коммерция;developer;https://spb.cian.ru/sale/flat/258155972/;Санкт-Петербург;sale;flat;2;9;3;92.11;30377878;Петроградский;Петроградская набережная;38;Горьковская;Мануфактура James Beck
Балтийская коммерция;developer;https://spb.cian.ru/sale/flat/258155777/;Санкт-Петербург;sale;flat;2;9;3;90.63;30329330;Петроградский;Петроградская набережная;38;Горьковская;Мануфактура James Beck
PLEADA;representative_developer;https://spb.cian.ru/sale/flat/299315296/;Санкт-Петербург;sale;flat;10;12;3;87.0;30450000;Приморский;Белоостровская ;7;Лесная;Белый остров
Лидер Групп;developer;https://spb.cian.ru/sale/flat/295853487/;Санкт-Петербург;sale;flat;7;19;3;115.26;30543900;Московский;Гагаринское;;;Дефанс ЖК
Эталон СПБ;developer;https://spb.cian.ru/sale/flat/298657365/;Санкт-Петербург;sale;flat;10;10;3;98.0;30664872;Приморский;Белоостровская ;28;Черная речка;Domino
ПИК;developer;https://spb.cian.ru/sale/flat/279628266/;Санкт-Петербург;sale;flat;1;9;3;97.5;30611100;Адмиралтейский;Измайловское;к1;Балтийская;Лермонтовский 54 ЖК
Петербургская Недвижимость;representative_developer;https://spb.cian.ru/sale/flat/296753862/;Санкт-Петербург;sale;flat;2;9;3;111.6;30700490;Выборгский; Александра Матросова;1;Лесная;Притяжение
Euroinvest Development;developer;https://spb.cian.ru/sale/flat/294662303/;Санкт-Петербург;sale;flat;7;11;3;107.72;30700200;Московский;Благодатная ;50;Электросила;iD Park Pobedy
Euroinvest Development;developer;https://spb.cian.ru/sale/flat/294555796/;Санкт-Петербург;sale;flat;11;11;3;106.96;30483600;Московский;Благодатная ;50;Электросила;iD Park Pobedy
ID 86745089;homeowner;https://spb.cian.ru/sale/flat/298681503/;Санкт-Петербург;sale;flat;3;5;3;86.1;30500000;Центральный;проспект Чернышевского;13;Чернышевская;
LEGENDA Intelligent Development;developer;https://spb.cian.ru/sale/flat/299465507/;Санкт-Петербург;sale;flat;3;12;3;97.59;30994584;Выборгский;Сампсониевское;;Выборгская;Сампсониевский 32
LEGENDA Intelligent Development;developer;https://spb.cian.ru/sale/flat/299465498/;Санкт-Петербург;sale;flat;2;12;3;98.85;30969705;Выборгский;Сампсониевское;;Выборгская;Сампсониевский 32
Element Development;developer;https://spb.cian.ru/sale/flat/291779588/;Санкт-Петербург;sale;flat;3;5;3;76.77;31008938;Курортный; Инструментальщиков;18;Беговая;BEREG.Курортный
Лидер Групп;developer;https://spb.cian.ru/sale/flat/286949973/;Санкт-Петербург;sale;flat;15;23;3;114.34;30871800;Московский;Гагаринское;;;Дефанс ЖК
Лидер Групп;developer;https://spb.cian.ru/sale/flat/286949966/;Санкт-Петербург;sale;flat;13;23;3;114.56;30931200;Московский;Гагаринское;;;Дефанс ЖК
;;https://spb.cian.ru/sale/flat/299252995/;Санкт-Петербург;sale;flat;6;9;3;114.3;30861000;Выборгский;Светлановский проспект;45;Политехническая;Дом-бутик Светлановский, 45
City Solutions;developer;https://spb.cian.ru/sale/flat/298474370/;Санкт-Петербург;sale;flat;4;10;3;91.8;30915248;Приморский;набережная Черной речки;1;Черная речка;Министр
ПИК;developer;https://spb.cian.ru/sale/flat/275536764/;Санкт-Петербург;sale;flat;1;7;3;89.1;31005730;Адмиралтейский;Измайловское;к1;Балтийская;Лермонтовский 54 ЖК
Балтийская коммерция;developer;https://spb.cian.ru/sale/flat/258155921/;Санкт-Петербург;sale;flat;1;9;3;102.29;30758603;Петроградский;Петроградская набережная;38;Горьковская;Мануфактура James Beck
Балтийская коммерция;developer;https://spb.cian.ru/sale/flat/258156119/;Санкт-Петербург;sale;flat;2;9;3;93.51;30839598;Петроградский;Петроградская набережная;38;Горьковская;Мануфактура James Beck
Балтийская коммерция;developer;https://spb.cian.ru/sale/flat/258156508/;Санкт-Петербург;sale;flat;6;9;3;86.37;30998193;Петроградский;Петроградская набережная;38;Горьковская;Мануфактура James Beck
Строительный трест;developer;https://spb.cian.ru/sale/flat/274971647/;Санкт-Петербург;sale;flat;13;13;3;100.3;31344000;Выборгский;Лиственная ;20к2;Озерки;Листва
PLEADA;representative_developer;https://spb.cian.ru/sale/flat/299315542/;Санкт-Петербург;sale;flat;4;4;3;194.0;31300000;Курортный; Тарховская;84Б;Зенит;Петербургское Садовое кольцо
Петербургская Недвижимость;representative_developer;https://spb.cian.ru/sale/flat/296753869/;Санкт-Петербург;sale;flat;8;9;3;115.8;31050264;Выборгский; Александра Матросова;3;Лесная;Притяжение
Балтийская коммерция;developer;https://spb.cian.ru/sale/flat/258156473/;Санкт-Петербург;sale;flat;4;9;3;89.43;31228956;Петроградский;Петроградская набережная;38;Горьковская;Мануфактура James Beck
Петербургская Недвижимость;representative_developer;https://spb.cian.ru/sale/flat/291085421/;Санкт-Петербург;sale;flat;9;12;3;100.61;31400682;Выборгский;Светлановское;;Удельная;Панорама парк Сосновка
Строительный трест;developer;https://spb.cian.ru/sale/flat/275565760/;Санкт-Петербург;sale;flat;12;13;3;100.5;31407000;Выборгский;Лиственная ;20к2;Озерки;Листва
Унистрой;developer;https://spb.cian.ru/sale/flat/277296377/;Санкт-Петербург;sale;flat;4;10;3;108.5;31620000;Красногвардейский;Большая Охта;;Площадь Ленина;Юпоинт ЖК
GloraX;developer;https://spb.cian.ru/sale/flat/292728302/;Санкт-Петербург;sale;flat;19;20;3;96.2;31509999;Василеостровский; Челюскина;8;;Golden City
;;https://spb.cian.ru/sale/flat/293980723/;Санкт-Петербург;sale;flat;4;6;3;91.97;31591695;Курортный;Приморское шоссе;;Беговая;е.квартал 
Euroinvest Development;developer;https://spb.cian.ru/sale/flat/267475626/;Санкт-Петербург;sale;flat;10;11;3;99.43;31538202;Московский;Благодатная ;50;Электросила;iD Park Pobedy
LEGENDA Intelligent Development;developer;https://spb.cian.ru/sale/flat/299636590/;Санкт-Петербург;sale;flat;7;11;3;92.57;31895480;Красногвардейский; Стахановцев;1;Новочеркасская;Малоохтинский, 68
PLEADA;representative_developer;https://spb.cian.ru/sale/flat/299315540/;Санкт-Петербург;sale;flat;4;4;3;189.5;31900000;Курортный; Тарховская;84Б;Зенит;Петербургское Садовое кольцо
PLEADA;representative_developer;https://spb.cian.ru/sale/flat/296569866/;Санкт-Петербург;sale;flat;1;4;3;108.6;31711200;Красносельский;проспект Патриотов;33;;Riviera club
Аквилон;developer;https://spb.cian.ru/sale/flat/292149689/;Санкт-Петербург;sale;flat;8;16;3;113.8;31896342;Адмиралтейский;Московский проспект;71к3;Фрунзенская;Promenade
RBG Недвижимость  Realty Broker Group;real_estate_agent;https://spb.cian.ru/sale/flat/294815486/;Санкт-Петербург;sale;flat;11;26;3;143.0;31990000;Выборгский;проспект Энгельса;93;Удельная;Живой Родник
Арсенал-Недвижимость;developer;https://spb.cian.ru/sale/flat/275720460/;Санкт-Петербург;sale;flat;12;12;3;103.71;31735260;Приморский; Плесецкая;2;Комендантский проспект;Ariosto!
Арсенал-Недвижимость;developer;https://spb.cian.ru/sale/flat/275720208/;Санкт-Петербург;sale;flat;12;12;3;105.21;31720815;Приморский; Плесецкая;4;Комендантский проспект;Ariosto!
Балтийская жемчужина;developer;https://spb.cian.ru/sale/flat/297300167/;Санкт-Петербург;sale;flat;1;8;3;108.6;31719888;Красносельский;проспект Патриотов;33;;Riviera club
Балтийская коммерция;developer;https://spb.cian.ru/sale/flat/258156111/;Санкт-Петербург;sale;flat;2;9;3;96.12;31700376;Петроградский;Петроградская набережная;38;Горьковская;Мануфактура James Beck
Балтийская коммерция;developer;https://spb.cian.ru/sale/flat/258156106/;Санкт-Петербург;sale;flat;1;9;3;105.55;31738885;Петроградский;Петроградская набережная;38;Горьковская;Мануфактура James Beck
Балтийская коммерция;developer;https://spb.cian.ru/sale/flat/258155966/;Санкт-Петербург;sale;flat;1;9;3;105.42;31699794;Петроградский;Петроградская набережная;38;Горьковская;Мануфактура James Beck
ID 22855475;realtor;https://spb.cian.ru/sale/flat/299105627/;Санкт-Петербург;sale;flat;10;14;3;92.0;31900000;Василеостровский;Уральская ;21;Василеостровская;Эмеральд на Малой Неве
LEGENDA Development;developer;https://spb.cian.ru/sale/flat/297998319/;Санкт-Петербург;sale;flat;2;9;3;97.28;32102400;Приморский;Чёрная речка;;Черная речка;Черная речка, 41
City Solutions;developer;https://spb.cian.ru/sale/flat/298474355/;Санкт-Петербург;sale;flat;6;10;3;94.9;32247742;Приморский;набережная Черной речки;1;Черная речка;Министр
Арсенал-Недвижимость;developer;https://spb.cian.ru/sale/flat/275720195/;Санкт-Петербург;sale;flat;12;12;3;106.29;32046435;Приморский; Плесецкая;4;Комендантский проспект;Ariosto!
Балтийская жемчужина;developer;https://spb.cian.ru/sale/flat/296258560/;Санкт-Петербург;sale;flat;2;8;3;112.6;32042992;Красносельский;проспект Патриотов;35;Проспект Ветеранов;Lotos Сlub
LEGENDA Development;developer;https://spb.cian.ru/sale/flat/297998303/;Санкт-Петербург;sale;flat;2;7;3;92.25;32638050;Приморский;Чёрная речка;;Черная речка;Черная речка, 41
PLEADA;representative_developer;https://spb.cian.ru/sale/flat/296569899/;Санкт-Петербург;sale;flat;4;4;3;101.3;32618600;Красносельский;проспект Патриотов;33;;Riviera club
Лидер Групп;developer;https://spb.cian.ru/sale/flat/286949941/;Санкт-Петербург;sale;flat;17;23;3;117.8;32336100;Московский;Гагаринское;;;Дефанс ЖК
Лидер Групп;developer;https://spb.cian.ru/sale/flat/286949883/;Санкт-Петербург;sale;flat;17;23;3;116.89;32612310;Московский;Гагаринское;;;Дефанс ЖК
Базис;developer;https://spb.cian.ru/sale/flat/291806251/;Санкт-Петербург;sale;flat;4;12;3;118.0;32312500;Приморский;Белоостровская ;7;Лесная;Белый остров
Арсенал-Недвижимость;developer;https://spb.cian.ru/sale/flat/275720482/;Санкт-Петербург;sale;flat;12;12;3;106.31;32530860;Приморский; Плесецкая;2;Комендантский проспект;Ariosto!
;;https://spb.cian.ru/sale/flat/294213908/;Санкт-Петербург;sale;flat;2;11;3;118.97;32478810;Московский;Московский проспект;114Б;Московские ворота;е.квартал 
ЛСР Санкт-Петербург;developer;https://spb.cian.ru/sale/flat/294545216/;Санкт-Петербург;sale;flat;2;8;3;93.59;32803295;Петроградский;Петровский;;Чкаловская;Нева Резиденс ЖК
LEGENDA Intelligent Development;developer;https://spb.cian.ru/sale/flat/299464031/;Санкт-Петербург;sale;flat;6;11;3;102.34;32902500;Красногвардейский; Стахановцев;1;Новочеркасская;Малоохтинский, 68
Унистрой;developer;https://spb.cian.ru/sale/flat/277296396/;Санкт-Петербург;sale;flat;2;10;3;114.5;32910000;Красногвардейский;Большая Охта;;Площадь Ленина;Юпоинт ЖК
Element Development;developer;https://spb.cian.ru/sale/flat/293123142/;Санкт-Петербург;sale;flat;1;5;3;93.73;32732625;Курортный; Инструментальщиков;18;Беговая;BEREG.Курортный
Эталон СПБ;developer;https://spb.cian.ru/sale/flat/298657145/;Санкт-Петербург;sale;flat;3;10;3;108.1;32705436;Приморский;Белоостровская ;28;Черная речка;Domino
Арсенал-Недвижимость;developer;https://spb.cian.ru/sale/flat/275720163/;Санкт-Петербург;sale;flat;12;12;3;108.81;32806215;Приморский; Плесецкая;4;Комендантский проспект;Ariosto!
Строительный трест;developer;https://spb.cian.ru/sale/flat/295198991/;Санкт-Петербург;sale;flat;4;6;3;73.3;32985000;Василеостровский;Гавань;;Приморская;Парусная 1
PLEADA;representative_developer;https://spb.cian.ru/sale/flat/296569906/;Санкт-Петербург;sale;flat;1;4;3;130.8;32961600;Красносельский;проспект Патриотов;33;;Riviera club
LEGENDA Intelligent Development;developer;https://spb.cian.ru/sale/flat/299465564/;Санкт-Петербург;sale;flat;4;12;3;105.73;33537556;Выборгский;Сампсониевское;;Выборгская;Сампсониевский 32
LEGENDA Intelligent Development;developer;https://spb.cian.ru/sale/flat/299465552/;Санкт-Петербург;sale;flat;2;12;3;106.76;33501288;Выборгский;Сампсониевское;;Выборгская;Сампсониевский 32
City Solutions;developer;https://spb.cian.ru/sale/flat/298474327/;Санкт-Петербург;sale;flat;6;10;3;84.1;33486543;Приморский;набережная Черной речки;1;Черная речка;Министр
Арсенал-Недвижимость;developer;https://spb.cian.ru/sale/flat/266866819/;Санкт-Петербург;sale;flat;12;12;3;108.99;33547122;Приморский;проспект Авиаконструкторов;54;Комендантский проспект;Modum
;;https://spb.cian.ru/sale/flat/294213901/;Санкт-Петербург;sale;flat;2;11;3;122.92;33557160;Московский;Московская застава;;Московские ворота;Е.волюция ЖК
Петербургская Строительная Компания;developer;https://spb.cian.ru/sale/flat/284740226/;Санкт-Петербург;sale;flat;1;7;3;99.6;33864000;Петроградский;набережная Реки Карповки;31к2;Петроградская;Северная Корона
Строительный трест;developer;https://spb.cian.ru/sale/flat/295198053/;Санкт-Петербург;sale;flat;12;13;3;74.8;33660000;Василеостровский;Гавань;;Приморская;Шкиперский 19 ЖК
ЛСР Санкт-Петербург;developer;https://spb.cian.ru/sale/flat/294575852/;Санкт-Петербург;sale;flat;2;9;3;112.8;33727200;Петроградский;Петровский проспект;11к3;Спортивная;Neva Haus
ЛСР Санкт-Петербург;developer;https://spb.cian.ru/sale/flat/294545266/;Санкт-Петербург;sale;flat;2;8;3;92.47;33612845;Петроградский;Петровский;;Чкаловская;Нева Резиденс ЖК
Yard Group;developer;https://spb.cian.ru/sale/flat/299099161/;Санкт-Петербург;sale;flat;4;9;3;74.99;33745500;Петроградский;проспект Добролюбова;18а;Спортивная;Zen Garden
Аквилон;developer;https://spb.cian.ru/sale/flat/292149741/;Санкт-Петербург;sale;flat;4;16;3;127.1;33733859;Адмиралтейский; Парфеновская;6к1;Фрунзенская;Promenade
Арсенал-Недвижимость;developer;https://spb.cian.ru/sale/flat/275720336/;Санкт-Петербург;sale;flat;12;12;3;109.83;33607980;Приморский; Плесецкая;2;Комендантский проспект;Ariosto!
Петербургская Строительная Компания;developer;https://spb.cian.ru/sale/flat/284740222/;Санкт-Петербург;sale;flat;1;7;3;100.6;34204000;Петроградский;набережная Реки Карповки;31к2;Петроградская;Северная Корона
LEGENDA Development;developer;https://spb.cian.ru/sale/flat/297998304/;Санкт-Петербург;sale;flat;5;7;3;90.84;34201260;Приморский;Чёрная речка;;Черная речка;Черная речка, 41
LEGENDA Development;developer;https://spb.cian.ru/sale/flat/297998391/;Санкт-Петербург;sale;flat;3;9;3;85.48;34029588;Приморский;Чёрная речка;;Черная речка;Черная речка, 41
ЛСР Санкт-Петербург;developer;https://spb.cian.ru/sale/flat/294545269/;Санкт-Петербург;sale;flat;4;8;3;82.73;33960665;Петроградский;Петровский;;Чкаловская;Нева Резиденс ЖК
Аквилон;developer;https://spb.cian.ru/sale/flat/292149739/;Санкт-Петербург;sale;flat;5;16;3;127.5;34110860;Адмиралтейский; Парфеновская;6к1;Фрунзенская;Promenade
РСТИ;developer;https://spb.cian.ru/sale/flat/293496549/;Санкт-Петербург;sale;flat;1;8;3;96.8;34066425;Петроградский;Петровский проспект;22к2;Крестовский остров;Familia
Петербургская Строительная Компания;developer;https://spb.cian.ru/sale/flat/284740273/;Санкт-Петербург;sale;flat;5;7;3;93.6;34631991;Петроградский;набережная Реки Карповки;31к2;Горьковская;Северная Корона
Euroinvest Development;developer;https://spb.cian.ru/sale/flat/299555565/;Санкт-Петербург;sale;flat;9;11;3;116.31;34523134;Московский;Благодатная ;50;Электросила;iD Park Pobedy
ПИА Недвижимость;representative_developer;https://spb.cian.ru/sale/flat/298740043/;Санкт-Петербург;sale;flat;14;18;3;116.85;34578327;Василеостровский;Морской;;;Глоракс Василеостровский ЖК
;;https://spb.cian.ru/sale/flat/294213914/;Санкт-Петербург;sale;flat;4;11;3;126.38;34501740;Московский;Московский проспект;114Б;Московские ворота;е.квартал 
Петербургская Строительная Компания;developer;https://spb.cian.ru/sale/flat/297863455/;Санкт-Петербург;sale;flat;2;8;3;77.2;34836036;Петроградский;набережная Реки Карповки;31к1;Петроградская;Северная Корона
Euroinvest Development;developer;https://spb.cian.ru/sale/flat/267475892/;Санкт-Петербург;sale;flat;3;10;3;94.12;34824400;Московский;Московский проспект;72к2;Фрунзенская;ID Moskovskiy
Унистрой;developer;https://spb.cian.ru/sale/flat/277296389/;Санкт-Петербург;sale;flat;3;10;3;114.0;34860000;Красногвардейский;Большая Охта;;Площадь Ленина;Юпоинт ЖК
Эталон СПБ;developer;https://spb.cian.ru/sale/flat/298657382/;Санкт-Петербург;sale;flat;9;10;3;97.1;34846342;Приморский;Белоостровская ;28;Черная речка;Domino
;;https://spb.cian.ru/sale/flat/299252943/;Санкт-Петербург;sale;flat;2;9;3;142.9;34867600;Выборгский;Светлановский проспект;45;Политехническая;Дом-бутик Светлановский, 45
GloraX;developer;https://spb.cian.ru/sale/flat/279508171/;Санкт-Петербург;sale;flat;3;19;3;101.96;34999999;Василеостровский;Морской;;;Глоракс Премиум Василеостровский ЖК
LEGENDA Development;developer;https://spb.cian.ru/sale/flat/297998243/;Санкт-Петербург;sale;flat;4;9;3;89.22;35009928;Приморский;Чёрная речка;;Черная речка;Черная речка, 41
ЛСР Санкт-Петербург;developer;https://spb.cian.ru/sale/flat/298085143/;Санкт-Петербург;sale;flat;2;9;3;113.2;35103320;Петроградский;Петровский проспект;9к2;Спортивная;Neva Haus
ЛСР Санкт-Петербург;developer;https://spb.cian.ru/sale/flat/294545219/;Санкт-Петербург;sale;flat;3;8;3;92.54;35026390;Петроградский;Петровский;;Чкаловская;Нева Резиденс ЖК
;;https://spb.cian.ru/sale/flat/299252944/;Санкт-Петербург;sale;flat;2;9;3;144.2;35184800;Выборгский;Светлановский проспект;45;Политехническая;Дом-бутик Светлановский, 45
Арсенал-Недвижимость;developer;https://spb.cian.ru/sale/flat/292252117/;Санкт-Петербург;sale;flat;12;12;3;117.23;35344845;Приморский; Плесецкая;4;Комендантский проспект;Ariosto!
GloraX;developer;https://spb.cian.ru/sale/flat/279508172/;Санкт-Петербург;sale;flat;4;19;3;93.8;35119999;Василеостровский;Морской;;;Глоракс Премиум Василеостровский ЖК
Петербургская Строительная Компания;developer;https://spb.cian.ru/sale/flat/293263696/;Санкт-Петербург;sale;flat;3;9;3;96.78;35524289;Центральный;проспект Бакунина;;Площадь Александра Невского;Bakunina 33
Петербургская Строительная Компания;developer;https://spb.cian.ru/sale/flat/284740257/;Санкт-Петербург;sale;flat;3;7;3;101.5;35525000;Петроградский;набережная Реки Карповки;31к2;Чкаловская;Северная Корона
LEGENDA Development;developer;https://spb.cian.ru/sale/flat/297998321/;Санкт-Петербург;sale;flat;4;9;3;96.19;35676871;Приморский;Чёрная речка;;Черная речка;Черная речка, 41
GloraX;developer;https://spb.cian.ru/sale/flat/290481176/;Санкт-Петербург;sale;flat;3;19;3;94.93;35369999;Василеостровский;Морской;;;Глоракс Премиум Василеостровский ЖК
PLEADA;representative_developer;https://spb.cian.ru/sale/flat/298198102/;Санкт-Петербург;sale;flat;10;12;3;113.0;36000000;Приморский;Белоостровская ;7;Лесная;Белый остров
Euroinvest Development;developer;https://spb.cian.ru/sale/flat/283504964/;Санкт-Петербург;sale;flat;8;10;3;89.63;35852000;Московский;Московский проспект;72к2;Фрунзенская;ID Moskovskiy
Арсенал-Недвижимость;developer;https://spb.cian.ru/sale/flat/294834091/;Санкт-Петербург;sale;flat;12;12;3;117.26;35881560;Приморский; Плесецкая;2;Комендантский проспект;Ariosto!
ЛСР Санкт-Петербург;developer;https://spb.cian.ru/sale/flat/294545948/;Санкт-Петербург;sale;flat;2;9;3;109.9;36376900;Петроградский;Петровский проспект;11к2;Крестовский остров;Neva Haus
LEGENDA Intelligent Development;developer;https://spb.cian.ru/sale/flat/299464044/;Санкт-Петербург;sale;flat;2;11;3;113.62;36119798;Красногвардейский; Стахановцев;1;Новочеркасская;Малоохтинский, 68
Петербургская Недвижимость;representative_developer;https://spb.cian.ru/sale/flat/296754102/;Санкт-Петербург;sale;flat;5;8;3;92.6;36252900;Василеостровский;;;Горный институт;Империал Клаб ЖК
Петербургская Строительная Компания;developer;https://spb.cian.ru/sale/flat/293263706/;Санкт-Петербург;sale;flat;3;9;3;103.22;36463656;Центральный;проспект Бакунина;;Площадь Александра Невского;Bakunina 33
ЛСР Санкт-Петербург;developer;https://spb.cian.ru/sale/flat/294545972/;Санкт-Петербург;sale;flat;7;9;3;118.7;36797000;Петроградский;Петровский проспект;11к2;Крестовский остров;Neva Haus
LEGENDA Intelligent Development;developer;https://spb.cian.ru/sale/flat/299464125/;Санкт-Петербург;sale;flat;4;11;3;109.63;36638346;Красногвардейский; Стахановцев;1;Новочеркасская;Малоохтинский, 68
Петербургская Строительная Компания;developer;https://spb.cian.ru/sale/flat/297863464/;Санкт-Петербург;sale;flat;4;8;3;76.1;36900694;Петроградский;набережная Реки Карповки;31к1;Петроградская;Северная Корона
LEGENDA Development;developer;https://spb.cian.ru/sale/flat/297998136/;Санкт-Петербург;sale;flat;4;9;3;101.2;36958240;Приморский;Чёрная речка;;Черная речка;Черная речка, 41
ЛСР Санкт-Петербург;developer;https://spb.cian.ru/sale/flat/298085181/;Санкт-Петербург;sale;flat;1;9;3;140.7;37004100;Петроградский;Петровский проспект;9к2;Спортивная;Neva Haus
Унистрой;developer;https://spb.cian.ru/sale/flat/277296502/;Санкт-Петербург;sale;flat;2;10;3;128.7;37110000;Красногвардейский;Большая Охта;;Площадь Ленина;Юпоинт ЖК
Element Development;developer;https://spb.cian.ru/sale/flat/298007307/;Санкт-Петербург;sale;flat;2;5;3;86.03;36921065;Курортный; Инструментальщиков;18;Беговая;BEREG.Курортный
Лидер Групп;developer;https://spb.cian.ru/sale/flat/297419292/;Санкт-Петербург;sale;flat;14;23;3;128.38;36973440;Московский;Гагаринское;;;Дефанс ЖК
Первое Агентство Недвижимости;real_estate_agent;https://spb.cian.ru/sale/flat/294066254/;Санкт-Петербург;sale;flat;3;7;3;136.3;36900000;Московский;Московский проспект;;Московская;Граф Орлов
;;https://spb.cian.ru/sale/flat/294213905/;Санкт-Петербург;sale;flat;6;11;3;135.51;36994230;Московский;Московская застава;;Московские ворота;Е.волюция ЖК
Петербургская Строительная Компания;developer;https://spb.cian.ru/sale/flat/293263667/;Санкт-Петербург;sale;flat;2;9;3;111.11;37204851;Центральный;проспект Бакунина;;Площадь Александра Невского;Bakunina 33
LEGENDA Development;developer;https://spb.cian.ru/sale/flat/297998024/;Санкт-Петербург;sale;flat;5;9;3;98.73;37171845;Приморский;Чёрная речка;;Черная речка;Черная речка, 41
Master-Group Real Estate;representative_developer;https://spb.cian.ru/sale/flat/298804861/;Санкт-Петербург;sale;flat;8;9;3;109.3;37200000;Выборгский;Нейшлотский переулок;3;Выборгская;Наследие
ЛСР Санкт-Петербург;developer;https://spb.cian.ru/sale/flat/294545277/;Санкт-Петербург;sale;flat;5;8;3;80.94;37272870;Петроградский;Петровский;;Чкаловская;Нева Резиденс ЖК
ЛСР Санкт-Петербург;developer;https://spb.cian.ru/sale/flat/294545249/;Санкт-Петербург;sale;flat;1;8;3;100.12;37334748;Петроградский;Петровский;;Чкаловская;Нева Резиденс ЖК
Element Development;developer;https://spb.cian.ru/sale/flat/293123144/;Санкт-Петербург;sale;flat;1;5;3;104.87;37505445;Курортный; Инструментальщиков;18;Беговая;BEREG.Курортный
AAG;developer;https://spb.cian.ru/sale/flat/298529956/;Санкт-Петербург;sale;flat;2;8;3;93.21;37545375;Петроградский;Пионерская ;53;Чкаловская;Avant
Петербургская Недвижимость;representative_developer;https://spb.cian.ru/sale/flat/296795621/;Санкт-Петербург;sale;flat;6;8;3;92.47;37450350;Василеостровский;;;Горный институт;Империал Клаб ЖК
Петербургская Строительная Компания;developer;https://spb.cian.ru/sale/flat/297863365/;Санкт-Петербург;sale;flat;3;7;3;85.8;37754247;Петроградский;набережная Реки Карповки;31к1;Петроградская;Северная Корона
ЛСР Санкт-Петербург;developer;https://spb.cian.ru/sale/flat/294545881/;Санкт-Петербург;sale;flat;2;9;3;108.8;37851520;Петроградский;Петровский проспект;11к3;Спортивная;Neva Haus
ЛСР Санкт-Петербург;developer;https://spb.cian.ru/sale/flat/294545251/;Санкт-Петербург;sale;flat;1;8;3;112.05;37850490;Петроградский;Петровский;;Чкаловская;Нева Резиденс ЖК
RBI;developer;https://spb.cian.ru/sale/flat/299131544/;Санкт-Петербург;sale;flat;6;9;3;89.7;37674811;Центральный;Лиговка-Ямская;;Площадь Восстания;Миръ
МИР КВАРТИР;real_estate_agent;https://spb.cian.ru/sale/flat/279090664/;Санкт-Петербург;sale;flat;6;6;3;116.7;38000000;Центральный; Маяковского;14;Маяковская;
GloraX;developer;https://spb.cian.ru/sale/flat/299481367/;Санкт-Петербург;sale;flat;2;9;3;108.92;38259999;Адмиралтейский; Шкапина;43-45;Балтийская;GloraX Балтийская
Петербургская Недвижимость;representative_developer;https://spb.cian.ru/sale/flat/296753454/;Санкт-Петербург;sale;flat;1;8;3;106.3;38268000;Петроградский;Петровский проспект;26к2;Чкаловская;The One
Euroinvest Development;developer;https://spb.cian.ru/sale/flat/267475840/;Санкт-Петербург;sale;flat;9;10;3;88.84;38201200;Московский;Московский проспект;72к2;Фрунзенская;ID Moskovskiy
ЛСР Санкт-Петербург;developer;https://spb.cian.ru/sale/flat/298085160/;Санкт-Петербург;sale;flat;6;9;3;101.1;38377560;Петроградский;Петровский проспект;9к2;Спортивная;Neva Haus
ЛСР Санкт-Петербург;developer;https://spb.cian.ru/sale/flat/298085156/;Санкт-Петербург;sale;flat;2;9;3;147.1;38334260;Петроградский;Петровский проспект;9к2;Спортивная;Neva Haus
PLEADA;representative_developer;https://spb.cian.ru/sale/flat/298980279/;Санкт-Петербург;sale;flat;3;8;3;110.4;38353197;Петроградский;Петровский проспект;22к2;Крестовский остров;Familia
;;https://spb.cian.ru/sale/flat/298575201/;Санкт-Петербург;sale;flat;2;9;3;103.6;38435288;Петроградский;Аптекарский проспект;5;Петроградская;BOTANICA
Аквилон;developer;https://spb.cian.ru/sale/flat/292149732/;Санкт-Петербург;sale;flat;3;16;3;144.6;38547396;Адмиралтейский; Парфеновская;6к1;Фрунзенская;Promenade
Базис;developer;https://spb.cian.ru/sale/flat/291806209/;Санкт-Петербург;sale;flat;11;12;3;110.0;38430000;Приморский;Белоостровская ;7;Лесная;Белый остров
Sun Development;developer;https://spb.cian.ru/sale/flat/293435888/;Санкт-Петербург;sale;flat;2;7;3;124.02;38569227;Василеостровский;11-я Васильевского острова линия;56;Василеостровская;Клубный дом Monodom Line
Петербургская Строительная Компания;developer;https://spb.cian.ru/sale/flat/293263862/;Санкт-Петербург;sale;flat;7;9;3;91.78;38953174;Центральный;проспект Бакунина;;Владимирская;Bakunina 33
Петербургская Строительная Компания;developer;https://spb.cian.ru/sale/flat/297863368/;Санкт-Петербург;sale;flat;4;7;3;84.9;38786811;Петроградский;набережная Реки Карповки;31к1;Петроградская;Северная Корона
Master-Group Real Estate;representative_developer;https://spb.cian.ru/sale/flat/298804867/;Санкт-Петербург;sale;flat;8;9;3;105.29;39000000;Выборгский;Нейшлотский переулок;3;Выборгская;Наследие
LEGENDA Intelligent Development;developer;https://spb.cian.ru/sale/flat/299636428/;Санкт-Петербург;sale;flat;7;11;3;103.88;38937600;Красногвардейский; Стахановцев;1;Новочеркасская;Малоохтинский, 68
Лидер Групп;developer;https://spb.cian.ru/sale/flat/297419270/;Санкт-Петербург;sale;flat;12;23;3;128.63;38781945;Московский;Гагаринское;;;Дефанс ЖК
AAG;developer;https://spb.cian.ru/sale/flat/298529960/;Санкт-Петербург;sale;flat;4;8;3;88.04;38787523;Петроградский;Пионерская ;53;Чкаловская;Avant
RBI;developer;https://spb.cian.ru/sale/flat/299131547/;Санкт-Петербург;sale;flat;5;9;3;93.4;38863254;Центральный;Лиговка-Ямская;;Площадь Восстания;Миръ
Балтийская коммерция;developer;https://spb.cian.ru/sale/flat/258156361/;Санкт-Петербург;sale;flat;6;9;3;106.86;38870325;Петроградский;Петроградская набережная;38;Горьковская;Мануфактура James Beck
Euroinvest Development;developer;https://spb.cian.ru/sale/flat/267475848/;Санкт-Петербург;sale;flat;7;10;3;97.07;38828000;Московский;Московский проспект;72к2;Фрунзенская;ID Moskovskiy
ЛСР Санкт-Петербург;developer;https://spb.cian.ru/sale/flat/298085148/;Санкт-Петербург;sale;flat;2;9;3;151.0;39229800;Петроградский;Петровский проспект;9к2;Спортивная;Neva Haus
ЛСР Санкт-Петербург;developer;https://spb.cian.ru/sale/flat/294545924/;Санкт-Петербург;sale;flat;2;9;3;121.0;39385500;Петроградский;Петровский проспект;11к3;Спортивная;Neva Haus
ЛСР Санкт-Петербург;developer;https://spb.cian.ru/sale/flat/294544985/;Санкт-Петербург;sale;flat;7;8;3;82.43;39401540;Петроградский;Ремесленная ;;Спортивная;Neva Residence
Yard Group;developer;https://spb.cian.ru/sale/flat/299107642/;Санкт-Петербург;sale;flat;5;9;3;67.67;39079425;Петроградский;проспект Добролюбова;18а;Спортивная;Zen Garden
LEGENDA Intelligent Development;developer;https://spb.cian.ru/sale/flat/299465236/;Санкт-Петербург;sale;flat;10;12;3;108.25;39403000;Выборгский;Сампсониевское;;Выборгская;Сампсониевский 32
AAG;developer;https://spb.cian.ru/sale/flat/299021186/;Санкт-Петербург;sale;flat;4;8;3;88.83;39055320;Петроградский;Пионерская ;53;Чкаловская;Avant
Петербургская Недвижимость;representative_developer;https://spb.cian.ru/sale/flat/297783640/;Санкт-Петербург;sale;flat;5;7;3;100.93;39059910;Василеостровский;;;Горный институт;Империал Клаб ЖК
РСТИ;developer;https://spb.cian.ru/sale/flat/293496494/;Санкт-Петербург;sale;flat;7;8;3;103.7;39342526;Петроградский;Петровский проспект;22к2;Крестовский остров;Familia
Эталон СПБ;developer;https://spb.cian.ru/sale/flat/298658059/;Санкт-Петербург;sale;flat;2;9;3;116.5;39813749;Петроградский;проезд Петровская коса;6к1;Крестовский остров;Петровская Доминанта
ЛСР Санкт-Петербург;developer;https://spb.cian.ru/sale/flat/298085163/;Санкт-Петербург;sale;flat;8;9;3;100.3;39839160;Петроградский;Петровский проспект;9к2;Спортивная;Neva Haus
Мир Квартир Элит;real_estate_agent;https://spb.cian.ru/sale/flat/297945686/;Санкт-Петербург;sale;flat;6;8;3;107.0;39590000;Петроградский;Петровский проспект;28к2;Крестовский остров;Grand View
Петербургская Строительная Компания;developer;https://spb.cian.ru/sale/flat/293263717/;Санкт-Петербург;sale;flat;3;9;3;114.14;40249481;Центральный;проспект Бакунина;;Владимирская;Bakunina 33
LEGENDA Development;developer;https://spb.cian.ru/sale/flat/297998044/;Санкт-Петербург;sale;flat;9;9;3;82.32;39982824;Приморский;Чёрная речка;;Черная речка;Черная речка, 41
LEGENDA Intelligent Development;developer;https://spb.cian.ru/sale/flat/299464123/;Санкт-Петербург;sale;flat;7;11;3;108.83;39853546;Красногвардейский; Стахановцев;1;Новочеркасская;Малоохтинский, 68
Петербургская Строительная Компания;developer;https://spb.cian.ru/sale/flat/293263877/;Санкт-Петербург;sale;flat;7;9;3;98.37;40309133;Центральный;проспект Бакунина;;Площадь Александра Невского;Bakunina 33
GloraX;developer;https://spb.cian.ru/sale/flat/279508163/;Санкт-Петербург;sale;flat;14;19;3;90.39;40409999;Василеостровский;Морской;;;Глоракс Премиум Василеостровский ЖК
ЛСР Санкт-Петербург;developer;https://spb.cian.ru/sale/flat/294640046/;Санкт-Петербург;sale;flat;4;8;3;121.2;40359600;Петроградский;Петровский проспект;11к2;Крестовский остров;Neva Haus
Петербургская Недвижимость;representative_developer;https://spb.cian.ru/sale/flat/296754103/;Санкт-Петербург;sale;flat;2;8;3;95.29;40307670;Василеостровский;;;Горный институт;Империал Клаб ЖК
ЛСР Санкт-Петербург;developer;https://spb.cian.ru/sale/flat/298085145/;Санкт-Петербург;sale;flat;3;9;3;155.9;40705490;Петроградский;Петровский проспект;9к2;Спортивная;Neva Haus
ЛСР Санкт-Петербург;developer;https://spb.cian.ru/sale/flat/294545323/;Санкт-Петербург;sale;flat;5;8;3;86.37;40766640;Петроградский;Петровский;;Чкаловская;Нева Резиденс ЖК
ЛСР Санкт-Петербург;developer;https://spb.cian.ru/sale/flat/294545221/;Санкт-Петербург;sale;flat;3;8;3;111.03;40748010;Петроградский;Петровский;;Чкаловская;Нева Резиденс ЖК
Мир Квартир Элит;real_estate_agent;https://spb.cian.ru/sale/flat/294115501/;Санкт-Петербург;sale;flat;2;6;3;132.0;41000000;Петроградский;Аптекарский проспект;8;Петроградская;
Euroinvest Development;developer;https://spb.cian.ru/sale/flat/267475895/;Санкт-Петербург;sale;flat;2;10;3;127.56;40819200;Московский;Московский проспект;72к2;Фрунзенская;ID Moskovskiy
Красная Стрела;developer;https://spb.cian.ru/sale/flat/293425184/;Санкт-Петербург;sale;flat;8;9;3;109.89;40954904;Василеостровский;7-я Васильевского острова линия;84;Василеостровская;Регенбоген
ЛСР Санкт-Петербург;developer;https://spb.cian.ru/sale/flat/294546013/;Санкт-Петербург;sale;flat;6;9;3;112.5;41062500;Петроградский;Петровский проспект;11к2;Крестовский остров;Neva Haus
Балтийская коммерция;developer;https://spb.cian.ru/sale/flat/273852790/;Санкт-Петербург;sale;flat;3;9;4;139.87;48842604;Петроградский; Малая Зеленина;;Чкаловская;Квадрия
Балтийская коммерция;developer;https://spb.cian.ru/sale/flat/291971004/;Санкт-Петербург;sale;flat;7;9;3;120.36;43197204;Петроградский;Петроградская набережная;38;Горьковская;Мануфактура James Beck
Мир квартир элит Крестовский;real_estate_agent;https://spb.cian.ru/sale/flat/299064807/;Санкт-Петербург;sale;flat;5;8;4;120.0;39900000;Петроградский;Петровский проспект;11к2;Крестовский остров;Neva Haus
Балтийская коммерция;developer;https://spb.cian.ru/sale/flat/291933628/;Санкт-Петербург;sale;flat;6;9;4;132.69;49553081;Петроградский; Малая Зеленина;;Чкаловская;Квадрия
Балтийская коммерция;developer;https://spb.cian.ru/sale/flat/258155755/;Санкт-Петербург;sale;flat;7;9;4;168.96;60639744;Петроградский;Петроградская набережная;38;Горьковская;Мануфактура James Beck
ХочуКвартиру;real_estate_agent;https://spb.cian.ru/sale/flat/297352031/;Санкт-Петербург;sale;flat;6;7;3;109.0;41500000;Петроградский;Петровский;;Крестовский остров;Гранд Вью ЖК
