author;author_type;url;location;deal_type;accommodation_type;floor;floors_count;rooms_count;total_meters;price;district;street;house_number;underground;residential_complex
Петербургская Недвижимость;representative_developer;https://spb.cian.ru/sale/flat/299493945/;Санкт-Петербург;sale;flat;2;4;1;22.28;4500047;Петродворцовый;;;Автово;Дворцовый фасад ЖК
СМАРТ-МЕТРЫ ДЕВЕЛОПМЕНТ;real_estate_agent;https://spb.cian.ru/sale/flat/277896720/;Санкт-Петербург;sale;flat;2;8;1;32.9;5990000;Василеостровский;11-я Васильевского острова линия;20;Василеостровская;
GloraX;developer;https://spb.cian.ru/sale/flat/297849093/;Санкт-Петербург;sale;flat;11;15;-1;21.39;6389999;Красногвардейский;переулок Уткин;;;Апарт-отель GloraX Заневский
Orange Life;real_estate_agent;https://spb.cian.ru/sale/flat/297045565/;Санкт-Петербург;sale;flat;5;5;1;32.1;6965700;Василеостровский;4-я Васильевского острова линия;51;Спортивная;
GloraX;developer;https://spb.cian.ru/sale/flat/279352025/;Санкт-Петербург;sale;flat;13;14;1;25.85;9939999;Красногвардейский;проспект Энергетиков;2;;GloraX Заневский
Orange Life;real_estate_agent;https://spb.cian.ru/sale/flat/295938212/;Санкт-Петербург;sale;flat;4;5;-1;20.9;7294933;Василеостровский;7-я Васильевского острова линия;62к2;Василеостровская;
Петербургская Недвижимость;representative_developer;https://spb.cian.ru/sale/flat/298292426/;Санкт-Петербург;sale;flat;8;12;1;24.56;6000179;Приморский;Коломяги;;Озерки;Прайм Приморский ЖК
Orange Life;real_estate_agent;https://spb.cian.ru/sale/flat/297045544/;Санкт-Петербург;sale;flat;5;5;1;20.0;5825500;Василеостровский;4-я Васильевского острова линия;51;Спортивная;
Петербургская Строительная Компания;developer;https://spb.cian.ru/sale/flat/295852661/;Санкт-Петербург;sale;flat;3;5;1;23.53;4151706;Московский;Пулковский меридиан;;Купчино;Плюс Пулковский ЖК
Orange Life;real_estate_agent;https://spb.cian.ru/sale/flat/293687544/;Санкт-Петербург;sale;flat;1;5;-1;25.3;7099344;Василеостровский;7-я Васильевского острова линия;62к2;Василеостровская;
Петербургская Строительная Компания;developer;https://spb.cian.ru/sale/flat/295852663/;Санкт-Петербург;sale;flat;4;5;1;23.23;4155049;Московский;Пулковский меридиан;;Звездная;Плюс Пулковский ЖК
ХочуКвартиру;real_estate_agent;https://spb.cian.ru/sale/flat/297725660/;Санкт-Петербург;sale;flat;4;12;1;27.53;8800000;Выборгский;Светлановское;;Удельная;Айди Светлановский ЖК
Петербургская Строительная Компания;developer;https://spb.cian.ru/sale/flat/295852705/;Санкт-Петербург;sale;flat;2;5;1;25.49;4367600;Московский;Пулковский меридиан;;Купчино;Плюс Пулковский ЖК
VALO;real_estate_agent;https://spb.cian.ru/sale/flat/290539872/;Санкт-Петербург;sale;flat;9;18;-1;35.58;9318402;Фрунзенский; Салова;61;Бухарестская;Комплекс апартаментов Valo City
GloraX;developer;https://spb.cian.ru/sale/flat/299481346/;Санкт-Петербург;sale;flat;3;9;1;23.71;8909999;Адмиралтейский; Шкапина;43-45;Балтийская;GloraX Балтийская
VALO;real_estate_agent;https://spb.cian.ru/sale/flat/296846414/;Санкт-Петербург;sale;flat;9;18;-1;35.38;9234180;Фрунзенский; Салова;61;Бухарестская;Комплекс апартаментов Valo City
Сенатор;developer;https://spb.cian.ru/sale/flat/289388363/;Санкт-Петербург;sale;flat;5;12;-1;22.8;8525376;Курортный;Приморское шоссе;570Л;;МФК Морская ривьера
Travelto Development;real_estate_agent;https://spb.cian.ru/sale/flat/299506288/;Санкт-Петербург;sale;flat;2;6;-1;23.7;5273365;Фрунзенский;Прилукская ;35;Обводный канал;
РСТИ;developer;https://spb.cian.ru/sale/flat/295859159/;Санкт-Петербург;sale;flat;2;9;1;18.62;4973572;Красносельский; Тамбасова;5;Проспект Ветеранов;Кинопарк
ЦН КВАДРАТ;real_estate_agent;https://spb.cian.ru/sale/flat/293135775/;Санкт-Петербург;sale;flat;2;19;1;25.1;8400000;Приморский;переулок Ипподромный;1к2;Пионерская;Приморский квартал
RBI;developer;https://spb.cian.ru/sale/flat/297692860/;Санкт-Петербург;sale;flat;7;16;-1;24.4;8500000;Московский;Московский проспект;103к6Й;Московские ворота;Апарт-отель ARTSTUDIO М103
VALO;real_estate_agent;https://spb.cian.ru/sale/flat/290539857/;Санкт-Петербург;sale;flat;8;18;-1;39.49;9880398;Фрунзенский; Салова;61;Бухарестская;Комплекс апартаментов Valo City
GloraX;developer;https://spb.cian.ru/sale/flat/279507404/;Санкт-Петербург;sale;flat;2;19;1;31.39;9709999;Василеостровский;Морской;;;Глоракс Премиум Василеостровский ЖК
VALO;real_estate_agent;https://spb.cian.ru/sale/flat/296846408/;Санкт-Петербург;sale;flat;8;18;-1;40.86;10076076;Фрунзенский; Салова;61;Бухарестская;Комплекс апартаментов Valo City
RBI;developer;https://spb.cian.ru/sale/flat/299131636/;Санкт-Петербург;sale;flat;4;14;1;21.9;7531112;Фрунзенский;Волковское;;Волковская;Аэронавт ЖК
МетрУМ;real_estate_agent;https://spb.cian.ru/sale/flat/293955405/;Санкт-Петербург;sale;flat;6;8;1;28.1;10500000;Выборгский; Александра Матросова;3;Лесная;Притяжение
RBI;developer;https://spb.cian.ru/sale/flat/299131345/;Санкт-Петербург;sale;flat;4;9;1;27.9;15898967;Центральный;Лиговка-Ямская;;Площадь Восстания;Миръ
Вторичка Групп;real_estate_agent;https://spb.cian.ru/sale/flat/299521411/;Санкт-Петербург;sale;flat;3;4;1;28.98;4745000;Центральный;Разъезжая ;36;Лиговский проспект;
ГлавстройСПб;developer;https://spb.cian.ru/sale/flat/298977395/;Санкт-Петербург;sale;flat;3;23;1;25.09;5206765;Приморский; Ивинская;1к2;Зенит;ПАРК-КВАРТАЛ Юнтолово
Travelto Development;real_estate_agent;https://spb.cian.ru/sale/flat/299503783/;Санкт-Петербург;sale;flat;1;5;-1;18.7;3450000;Адмиралтейский;набережная Обводного Канала;142/16;Нарвская;
ГлавстройСПб;developer;https://spb.cian.ru/sale/flat/297361025/;Санкт-Петербург;sale;flat;12;27;1;20.12;5030000;Выборгский;Заречная ;54;Проспект Просвещения;Северная долина
ХочуКвартиру;real_estate_agent;https://spb.cian.ru/sale/flat/298128045/;Санкт-Петербург;sale;flat;12;24;-1;21.29;3650000;Невский;проспект Большевиков;;Улица Дыбенко;Про.Молодость
GloraX;developer;https://spb.cian.ru/sale/flat/282487163/;Санкт-Петербург;sale;flat;2;18;1;27.34;8659999;Василеостровский;Морской;;;Глоракс Василеостровский ЖК
СМАРТ-МЕТРЫ ДЕВЕЛОПМЕНТ;real_estate_agent;https://spb.cian.ru/sale/flat/288345392/;Санкт-Петербург;sale;flat;3;5;1;26.68;7050000;Петроградский;проспект Малый Петроградской стороны;23;Чкаловская;
Петербургская Недвижимость;representative_developer;https://spb.cian.ru/sale/flat/298034331/;Санкт-Петербург;sale;flat;1;7;1;24.8;5250184;Красносельский;проспект Буденного;21к1;Автово;Солнечный город
СМАРТ-МЕТРЫ ДЕВЕЛОПМЕНТ;real_estate_agent;https://spb.cian.ru/sale/flat/296521881/;Санкт-Петербург;sale;flat;3;6;1;26.68;7040000;Петроградский;Мончегорская ;10;Чкаловская;
Петербургская Недвижимость;representative_developer;https://spb.cian.ru/sale/flat/297657362/;Санкт-Петербург;sale;flat;2;12;1;27.06;9550015;Василеостровский;Уральская ;;Василеостровская;Amber Club
YES INVEST;real_estate_agent;https://spb.cian.ru/sale/flat/287128743/;Санкт-Петербург;sale;flat;2;4;1;30.0;7300000;Петроградский; Чапаева;11/4;Горьковская;
ФСК;developer;https://spb.cian.ru/sale/flat/295183000/;Санкт-Петербург;sale;flat;3;5;1;24.2;4994986;Пушкинский; Камероновская;20;;UP-квартал Пушкинский
ХочуКвартиру;real_estate_agent;https://spb.cian.ru/sale/flat/297664728/;Санкт-Петербург;sale;flat;4;21;1;28.1;6990000;Калининский;Пискарёвка;7к6;Лесная;ЦДС Кантемировский
Петербургская Недвижимость;representative_developer;https://spb.cian.ru/sale/flat/299266593/;Санкт-Петербург;sale;flat;2;7;1;25.46;7650093;Невский;Невская застава;;Елизаровская;Астра Марин ЖК
Orange Life;real_estate_agent;https://spb.cian.ru/sale/flat/295363973/;Санкт-Петербург;sale;flat;1;5;-1;32.0;8334033;Василеостровский;7-я Васильевского острова линия;62;Василеостровская;
LEGENDA Development;developer;https://spb.cian.ru/sale/flat/297998447/;Санкт-Петербург;sale;flat;7;10;1;28.41;13753281;Приморский;Лисичанская ;22;Черная речка;Лисичанская, 22
Наталья Алабугина;realtor;https://spb.cian.ru/sale/flat/299649242/;Санкт-Петербург;sale;flat;6;14;1;26.0;8560000;Василеостровский;Уральская ;21;Василеостровская;Эмеральд на Малой Неве
ПИК;developer;https://spb.cian.ru/sale/flat/298767278/;Санкт-Петербург;sale;flat;3;13;1;21.9;7834013;Выборгский;Сампсониевское;;Лесная;Кантемировская 11 ЖК
House Estate;real_estate_agent;https://spb.cian.ru/sale/flat/277270307/;Санкт-Петербург;sale;flat;3;11;-1;29.1;6690000;Московский;Детский переулок;2;Московские ворота;Апарт-комплекс М97
ПИК;developer;https://spb.cian.ru/sale/flat/298767309/;Санкт-Петербург;sale;flat;5;15;-1;21.57;5095891;Красногвардейский;проспект Энергетиков;6;Ладожская;Вольта
YES INVEST;real_estate_agent;https://spb.cian.ru/sale/flat/297954435/;Санкт-Петербург;sale;flat;2;5;1;20.0;4100000;Василеостровский;15-я Васильевского острова линия;68;Василеостровская;
Петербургская Недвижимость;representative_developer;https://spb.cian.ru/sale/flat/298355549/;Санкт-Петербург;sale;flat;5;10;1;26.6;9576000;Выборгский;Манчестерская ;5к1;Удельная;Svetlana Park
СМАРТ-МЕТРЫ ДЕВЕЛОПМЕНТ;real_estate_agent;https://spb.cian.ru/sale/flat/296321928/;Санкт-Петербург;sale;flat;2;4;1;26.84;4950000;Адмиралтейский;набережная Крюкова Канала;8;Спасская;
ЛСР Санкт-Петербург;developer;https://spb.cian.ru/sale/flat/294546137/;Санкт-Петербург;sale;flat;4;9;1;23.0;9177000;Петроградский;Петровский проспект;9к2;Спортивная;Neva Haus
YES INVEST;real_estate_agent;https://spb.cian.ru/sale/flat/297264030/;Санкт-Петербург;sale;flat;2;6;1;29.7;7500000;Петроградский;Введенская ;17;Горьковская;
ЛСР Санкт-Петербург;developer;https://spb.cian.ru/sale/flat/294544903/;Санкт-Петербург;sale;flat;6;8;1;21.62;10042490;Петроградский;Петровский;;Крестовский остров;Нева Резиденс ЖК
YES INVEST;real_estate_agent;https://spb.cian.ru/sale/flat/287171076/;Санкт-Петербург;sale;flat;2;4;1;32.0;7600000;Петроградский; Чапаева;11/4;Горьковская;
Петербургская Недвижимость;representative_developer;https://spb.cian.ru/sale/flat/299613706/;Санкт-Петербург;sale;flat;4;12;1;21.28;6700156;Невский;Невская застава;;Елизаровская;Астра Континенталь ЖК
ID 113800974;homeowner;https://spb.cian.ru/sale/flat/299646341/;Санкт-Петербург;sale;flat;2;4;1;20.0;4999000;Адмиралтейский;набережная Реки Фонтанки;93;Садовая;
Петербургская Недвижимость;representative_developer;https://spb.cian.ru/sale/flat/296659502/;Санкт-Петербург;sale;flat;3;10;1;24.5;8000132;Выборгский;Светлановский проспект;12к1;Удельная;Панорама парк Сосновка
Orange Life;real_estate_agent;https://spb.cian.ru/sale/flat/292492730/;Санкт-Петербург;sale;flat;2;5;-1;31.9;14838358;Адмиралтейский;Гороховая ;47В;Сенная площадь;Апарт-комплекс на Гороховой, 47
Петербургская Недвижимость;representative_developer;https://spb.cian.ru/sale/flat/296729906/;Санкт-Петербург;sale;flat;2;17;1;50.5;14150226;Невский;Фарфоровская ;7к2;Ломоносовская;Стрижи в Невском 2
Вторичка Групп;real_estate_agent;https://spb.cian.ru/sale/flat/299392821/;Санкт-Петербург;sale;flat;1;5;1;29.01;4990000;Адмиралтейский;набережная Реки Фонтанки;137;Технологический институт;
ЛСР Санкт-Петербург;developer;https://spb.cian.ru/sale/flat/296205664/;Санкт-Петербург;sale;flat;2;25;1;20.4;4702200;Невский;Октябрьская набережная ЖК;;Ломоносовская;Октябрьская набережная ЖК
Вторичка Групп;real_estate_agent;https://spb.cian.ru/sale/flat/299180814/;Санкт-Петербург;sale;flat;1;5;1;20.81;3720000;Адмиралтейский;набережная Реки Фонтанки;137;Садовая;
ПИК;developer;https://spb.cian.ru/sale/flat/290735446/;Санкт-Петербург;sale;flat;2;14;1;22.6;7192450;Фрунзенский;Волковское;1;Обводный канал;Аэронавт ЖК
Вторичка Групп;real_estate_agent;https://spb.cian.ru/sale/flat/299171718/;Санкт-Петербург;sale;flat;1;5;1;32.61;5390000;Адмиралтейский;набережная Реки Фонтанки;137;Садовая;
ПИК;developer;https://spb.cian.ru/sale/flat/293795738/;Санкт-Петербург;sale;flat;2;14;1;20.0;6616320;Фрунзенский;Волковское;5;Обводный канал;Витебский Парк ЖК
Вторичка Групп;real_estate_agent;https://spb.cian.ru/sale/flat/293481854/;Санкт-Петербург;sale;flat;2;5;1;26.33;4685000;Адмиралтейский;Лермонтовский проспект;23;Балтийская;
Петербургская Недвижимость;representative_developer;https://spb.cian.ru/sale/flat/299312171/;Санкт-Петербург;sale;flat;2;4;1;28.48;5900215;Красносельский;проспект Буденного;15;Проспект Ветеранов;Солнечный город. Резиденции
Вторичка Групп;real_estate_agent;https://spb.cian.ru/sale/flat/298811369/;Санкт-Петербург;sale;flat;2;5;1;18.73;3355000;Адмиралтейский;Лермонтовский проспект;23;Балтийская;
PLEADA;representative_developer;https://spb.cian.ru/sale/flat/296317334/;Санкт-Петербург;sale;flat;6;11;1;22.0;12409348;Московский; Коли Томчака;;Московские ворота;Коллекционный Дом 1919
СМАРТ-МЕТРЫ ДЕВЕЛОПМЕНТ;real_estate_agent;https://spb.cian.ru/sale/flat/296972364/;Санкт-Петербург;sale;flat;5;6;1;28.8;7290000;Адмиралтейский;Загородный проспект;45;Пушкинская;
Группа Аквилон;developer;https://spb.cian.ru/sale/flat/298644014/;Санкт-Петербург;sale;flat;3;13;1;28.35;7415169;Василеостровский;Гавань;;Горный институт;Аквилон Залив ЖК
YES INVEST;real_estate_agent;https://spb.cian.ru/sale/flat/287446022/;Санкт-Петербург;sale;flat;2;2;1;11.0;3690000;Адмиралтейский;Московский проспект;54;Фрунзенская;
ЛСР Санкт-Петербург;developer;https://spb.cian.ru/sale/flat/298050453/;Санкт-Петербург;sale;flat;14;17;1;19.71;6218505;Василеостровский;Гавань;12;Горный институт;Морская Набережная ЖК
Orange Life;real_estate_agent;https://spb.cian.ru/sale/flat/295664681/;Санкт-Петербург;sale;flat;4;5;-1;35.2;9921008;Василеостровский;7-я Васильевского острова линия;62;Василеостровская;
GloraX;developer;https://spb.cian.ru/sale/flat/297535095/;Санкт-Петербург;sale;flat;2;15;1;28.71;5039999;Выборгский;;;;Глоракс Парголово ЖК
Orange Life;real_estate_agent;https://spb.cian.ru/sale/flat/295664671/;Санкт-Петербург;sale;flat;4;5;-1;35.9;9618890;Василеостровский;7-я Васильевского острова линия;62к2;Василеостровская;
Мегалит–Охта Групп;developer;https://spb.cian.ru/sale/flat/297024827/;Санкт-Петербург;sale;flat;13;25;1;24.25;8244091;Приморский;Богатырский проспект;2А;Пионерская;Приморский квартал
Северо-Западный Региональный Центр Недвижимости;real_estate_agent;https://spb.cian.ru/sale/flat/294974843/;Санкт-Петербург;sale;flat;3;5;1;31.0;7150000;Пушкинский;Гусарская ;4к5;Купчино;
PLEADA;representative_developer;https://spb.cian.ru/sale/flat/298008222/;Санкт-Петербург;sale;flat;4;8;-1;20.18;11088900;Петроградский;Петровский;;Чкаловская;17/33 Петровский остров
Orange Life;real_estate_agent;https://spb.cian.ru/sale/flat/291165334/;Санкт-Петербург;sale;flat;1;5;-1;34.9;9302020;Василеостровский;7-я Васильевского острова линия;62к2;Василеостровская;
Группа Аквилон;developer;https://spb.cian.ru/sale/flat/297182842/;Санкт-Петербург;sale;flat;3;13;1;27.1;6352219;Приморский;Планерная ;87к1;Комендантский проспект;FoRest Аквилон
Реновация Консалт;real_estate_agent;https://spb.cian.ru/sale/flat/294651891/;Санкт-Петербург;sale;flat;4;4;-1;50.0;7295000;Центральный;Социалистическая ;7/11В;Звенигородская;
Петербургская Недвижимость;representative_developer;https://spb.cian.ru/sale/flat/298405647/;Санкт-Петербург;sale;flat;2;10;1;24.01;6750111;Московский;м. Ленинский проспект;;Ленинский проспект;Сенат
Огни Города;real_estate_agent;https://spb.cian.ru/sale/flat/291984646/;Санкт-Петербург;sale;flat;7;21;1;29.4;6000000;Невский; Крыленко;1к1с7;Улица Дыбенко;О Юность
Петербургская Строительная Компания;developer;https://spb.cian.ru/sale/flat/299100880/;Санкт-Петербург;sale;flat;8;25;1;22.2;4907670;Приморский;набережная Реки Каменки;15к3;Озерки;Friends
СМАРТ-МЕТРЫ ДЕВЕЛОПМЕНТ;real_estate_agent;https://spb.cian.ru/sale/flat/286202332/;Санкт-Петербург;sale;flat;5;5;1;44.42;10950000;Адмиралтейский;Спасский переулок;6-8;Сенная площадь;
ЛСР Санкт-Петербург;developer;https://spb.cian.ru/sale/flat/298050048/;Санкт-Петербург;sale;flat;16;17;1;20.34;6763050;Василеостровский;Гавань;;Приморская;Морская Набережная ЖК
KARTES;real_estate_agent;https://spb.cian.ru/sale/flat/297640572/;Санкт-Петербург;sale;flat;15;21;1;26.7;5450000;Выборгский;Заречная ;13к1;Парнас;
Арсенал-Недвижимость;developer;https://spb.cian.ru/sale/flat/292252113/;Санкт-Петербург;sale;flat;12;12;1;47.84;14208481;Приморский; Плесецкая;6;Комендантский проспект;Ariosto!
СМАРТ-МЕТРЫ ДЕВЕЛОПМЕНТ;real_estate_agent;https://spb.cian.ru/sale/flat/286192505/;Санкт-Петербург;sale;flat;5;5;1;33.65;9590000;Адмиралтейский;Спасский переулок;6-8;Сенная площадь;
ГлавстройСПб;developer;https://spb.cian.ru/sale/flat/297362003/;Санкт-Петербург;sale;flat;4;23;1;25.0;5463250;Приморский; Ивинская;5к1;Зенит;ПАРК-КВАРТАЛ Юнтолово
KARTES;real_estate_agent;https://spb.cian.ru/sale/flat/293261939/;Санкт-Петербург;sale;flat;2;12;1;23.6;4800000;Приморский;Глухарская ;;Беговая;Тайм Сквер
Полис;developer;https://spb.cian.ru/sale/flat/294365879/;Санкт-Петербург;sale;flat;5;13;1;20.59;4293361;Приморский;аллея Арцеуловская;9;Старая Деревня;Полис Приморский 2
ЦН КВАДРАТ;real_estate_agent;https://spb.cian.ru/sale/flat/299152850/;Санкт-Петербург;sale;flat;8;25;1;24.5;5100000;Приморский; Плесецкая;20к1;Комендантский проспект;Чистое небо
ЛСР Санкт-Петербург;developer;https://spb.cian.ru/sale/flat/299364751/;Санкт-Петербург;sale;flat;4;25;1;18.3;3257400;Красногвардейский;Полюстрово;;Академическая;Цветной Город
Реновация Консалт;real_estate_agent;https://spb.cian.ru/sale/flat/296171651/;Санкт-Петербург;sale;flat;2;3;1;21.0;4100000;Выборгский; Первомайская;26;Проспект Просвещения;
ФСК;developer;https://spb.cian.ru/sale/flat/295182799/;Санкт-Петербург;sale;flat;2;14;-1;24.49;3998871;Невский;Невский;;;Зум на Неве ЖК
ЦН КВАДРАТ;real_estate_agent;https://spb.cian.ru/sale/flat/297882983/;Санкт-Петербург;sale;flat;6;24;1;22.0;4800000;Приморский; Плесецкая;10;Комендантский проспект;Полис на Комендантском
Петербургская Строительная Компания;developer;https://spb.cian.ru/sale/flat/299495896/;Санкт-Петербург;sale;flat;3;10;1;28.7;7690000;Московский;Киевская ;5к6;Обводный канал;Апарт-отель Moskovsky AVENIR
ID 70820121;homeowner;https://spb.cian.ru/sale/flat/298987559/;Санкт-Петербург;sale;flat;10;12;1;25.81;3100000;Пушкинский;Ленсоветовский тер.;;;Полет
Петербургская Строительная Компания;developer;https://spb.cian.ru/sale/flat/299196210/;Санкт-Петербург;sale;flat;5;14;-1;24.55;5350000;Красногвардейский;Магнитогорская ;51;Новочеркасская;Ladozhsky AVENIR
BR Group;real_estate_agent;https://spb.cian.ru/sale/flat/298270946/;Санкт-Петербург;sale;flat;1;8;1;21.3;2850000;Выборгский; Центральная;13;Озерки;Чистый ручей
Петербургская Недвижимость;representative_developer;https://spb.cian.ru/sale/flat/298861001/;Санкт-Петербург;sale;flat;12;18;1;24.33;6000033;Невский;Невский;;Проспект Большевиков;Пульс Премьер ЖК
BR Group;real_estate_agent;https://spb.cian.ru/sale/flat/299372091/;Санкт-Петербург;sale;flat;5;8;1;24.8;4500000;Красносельский; Генерала Кравченко;7к3;Проспект Ветеранов;Солнечный город
Петербургская Недвижимость;representative_developer;https://spb.cian.ru/sale/flat/298769375/;Санкт-Петербург;sale;flat;3;12;1;21.4;4750136;Приморский;Коломяги;;Проспект Просвещения;Бионика Заповедная
BR Group;real_estate_agent;https://spb.cian.ru/sale/flat/293907097/;Санкт-Петербург;sale;flat;10;13;1;23.93;4500000;Приморский;Планерная ;87к1;Комендантский проспект;FoRest Аквилон
ЛСР Санкт-Петербург;developer;https://spb.cian.ru/sale/flat/299403354/;Санкт-Петербург;sale;flat;2;12;1;21.1;5422700;Красногвардейский;Партизанская ;5Б;Ладожская;ЛСР. Большая Охта
МЕТРЫ;real_estate_agent;https://spb.cian.ru/sale/flat/295934090/;Санкт-Петербург;sale;flat;2;5;1;27.9;7550000;Василеостровский;Кадетская линия;7/2;Спортивная;
ЛСР Санкт-Петербург;developer;https://spb.cian.ru/sale/flat/296181332/;Санкт-Петербург;sale;flat;2;23;1;21.7;5370750;Красносельский;Юго-Запад;;Автово;Морская миля ЖК
BR Group;real_estate_agent;https://spb.cian.ru/sale/flat/293373578/;Санкт-Петербург;sale;flat;1;5;1;20.9;6990000;Василеостровский;16-я Васильевского острова линия;97;Василеостровская;
Группа Аквилон;developer;https://spb.cian.ru/sale/flat/298641868/;Санкт-Петербург;sale;flat;5;12;1;25.31;6616287;Московский;Звёздное;;Звездная;Аквилон Ливз 2 ЖК
ID 110240852;homeowner;https://spb.cian.ru/sale/flat/295373197/;Санкт-Петербург;sale;flat;8;15;-1;24.5;5150000;Василеостровский;бульвар Александра Грина;3;Приморская;"Светлый мир ""Я-романтик"""
Группа Аквилон;developer;https://spb.cian.ru/sale/flat/294872835/;Санкт-Петербург;sale;flat;10;13;1;22.39;4218218;Пушкинский;;;Купчино;Аквилон All In 3.0
Orange Life;real_estate_agent;https://spb.cian.ru/sale/flat/299249964/;Санкт-Петербург;sale;flat;3;5;-1;28.2;12897164;Адмиралтейский;Гороховая ;47В;Сенная площадь;Апарт-комплекс на Гороховой, 47
Euroinvest Development;developer;https://spb.cian.ru/sale/flat/299037490/;Санкт-Петербург;sale;flat;8;10;-1;20.46;6751800;Выборгский; Курчатова;;Политехническая;iD Polytech
МетрУМ;real_estate_agent;https://spb.cian.ru/sale/flat/293885557/;Санкт-Петербург;sale;flat;3;8;1;19.4;9199000;Петроградский;Петровский;;Спортивная;17/33 Петровский остров
Петербургская Недвижимость;representative_developer;https://spb.cian.ru/sale/flat/299664522/;Санкт-Петербург;sale;flat;5;9;1;21.42;6050004;Московский;Новоизмайловское;;;Титул в Московском
House Estate;real_estate_agent;https://spb.cian.ru/sale/flat/289518002/;Санкт-Петербург;sale;flat;5;5;1;26.9;4990000;Московский;Пулковское шоссе;71к14;Звездная;Зеленый квартал
Ленстройтрест;developer;https://spb.cian.ru/sale/flat/298650663/;Санкт-Петербург;sale;flat;6;24;1;32.03;6949987;Приморский;шоссе Суздальское;18к2;Проспект Просвещения;Окла
Виктория Кирьянова;realtor;https://spb.cian.ru/sale/flat/297064199/;Санкт-Петербург;sale;flat;1;4;-1;12.0;2200000;Адмиралтейский;набережная Реки Фонтанки;189;Балтийская;
Петербургская Недвижимость;representative_developer;https://spb.cian.ru/sale/flat/295774768/;Санкт-Петербург;sale;flat;4;25;1;24.7;6500052;Приморский;проспект Авиаконструкторов;69;Комендантский проспект;Чистое небо
House Estate;real_estate_agent;https://spb.cian.ru/sale/flat/299599046/;Санкт-Петербург;sale;flat;3;16;1;26.88;5500000;Московский;Пулковское шоссе;42к6;Звездная;ЦДС Московский
К-25;developer;https://spb.cian.ru/sale/flat/294911280/;Санкт-Петербург;sale;flat;3;12;-1;20.82;4996800;Приморский;м. Комендантский проспект;;Комендантский проспект;YE'S Primorsky Комплекс Апартаментов
Реновация Консалт;real_estate_agent;https://spb.cian.ru/sale/flat/296170916/;Санкт-Петербург;sale;flat;3;4;-1;20.0;4845000;Центральный;Социалистическая ;7/11В;Звенигородская;
ЛСР Санкт-Петербург;developer;https://spb.cian.ru/sale/flat/299096353/;Санкт-Петербург;sale;flat;6;25;1;20.56;3690520;Красногвардейский;м. Гражданский проспект;;Гражданский проспект;Ручьи ЖК
СМАРТ-МЕТРЫ ДЕВЕЛОПМЕНТ;real_estate_agent;https://spb.cian.ru/sale/flat/296837352/;Санкт-Петербург;sale;flat;4;4;1;33.65;9580000;Адмиралтейский;Спасский переулок;6-8;Спасская;
Петербургская Недвижимость;representative_developer;https://spb.cian.ru/sale/flat/299582455/;Санкт-Петербург;sale;flat;4;5;1;24.3;4750030;Московский; Струве;8к2;Звездная;Зеленый квартал
МЕТРЫ;real_estate_agent;https://spb.cian.ru/sale/flat/294733087/;Санкт-Петербург;sale;flat;3;6;1;26.8;7000000;Центральный; Марата;40;Владимирская;
Петербургская Строительная Компания;developer;https://spb.cian.ru/sale/flat/295852629/;Санкт-Петербург;sale;flat;2;5;1;21.99;3988748;Московский;Пулковский меридиан;;Звездная;Плюс Пулковский ЖК
Экотон;real_estate_agent;https://spb.cian.ru/sale/flat/294779923/;Санкт-Петербург;sale;flat;10;12;1;26.0;8600000;Адмиралтейский;Малая Митрофаньевская ;5к1;Московские ворота;Галактика. Премиум
Петербургская Строительная Компания;developer;https://spb.cian.ru/sale/flat/279676825/;Санкт-Петербург;sale;flat;9;12;-1;35.62;6040000;Кировский;Автово;5к1;Автово;Апарт-отель Kirovsky AVENIR
МЕТРЫ;real_estate_agent;https://spb.cian.ru/sale/flat/297265866/;Санкт-Петербург;sale;flat;2;5;1;18.2;5650000;Центральный;Гончарная ;17;Площадь Восстания;
Петербургская Недвижимость;representative_developer;https://spb.cian.ru/sale/flat/299044016/;Санкт-Петербург;sale;flat;2;5;1;24.66;4350036;Московский;Пулковский меридиан;;Звездная;Парадный ансамбль
КВС;real_estate_agent;https://spb.cian.ru/sale/flat/299292815/;Санкт-Петербург;sale;flat;8;20;1;23.0;6190000;Приморский;Комендантский проспект;60к3;Комендантский проспект;Ultra City
Монолит;developer;https://spb.cian.ru/sale/flat/296210650/;Санкт-Петербург;sale;flat;2;15;-1;26.9;5454366;Невский; Евдокима Огнева;3;Улица Дыбенко;WINGS апартаменты на Крыленко
АБСОЛЮТ Сити;real_estate_agent;https://spb.cian.ru/sale/flat/298022675/;Санкт-Петербург;sale;flat;6;12;-1;27.6;6699000;Приморский;Озеро Долгое;15к3;Старая Деревня;ArtLine
Ленстройтрест;developer;https://spb.cian.ru/sale/flat/298794440/;Санкт-Петербург;sale;flat;3;5;1;35.97;6109150;Колпинский;проезд Понтонный;6;Рыбацкое;Юттери
Экотон;real_estate_agent;https://spb.cian.ru/sale/flat/296710066/;Санкт-Петербург;sale;flat;1;19;1;23.7;4900000;Василеостровский; Вадима Шефнера;10к1;Приморская;"Светлый мир ""Я-романтик"""
Петербургская Недвижимость;representative_developer;https://spb.cian.ru/sale/flat/296659668/;Санкт-Петербург;sale;flat;2;4;1;23.26;4250171;Пушкинский;;;Купчино;Универ Сити ЖК
4ROOMS;real_estate_agent;https://spb.cian.ru/sale/flat/299485491/;Санкт-Петербург;sale;flat;12;23;1;25.0;7000000;Невский; Крыленко;2;;Полис на Неве
Стоун;developer;https://spb.cian.ru/sale/flat/294087620/;Санкт-Петербург;sale;flat;5;11;1;23.77;3125100;Пушкинский;;;Шушары;Полет ЖК
Экотон;real_estate_agent;https://spb.cian.ru/sale/flat/299419043/;Санкт-Петербург;sale;flat;1;25;1;22.3;4100000;Пушкинский;проспект Новгородский;7к2;Купчино;Nordica
Стоун;developer;https://spb.cian.ru/sale/flat/297264470/;Санкт-Петербург;sale;flat;2;6;1;23.07;3726200;Московский;Пулковский меридиан;;Звездная;Перспектива ЖК
ПетербургНедвижимость;real_estate_agent;https://spb.cian.ru/sale/flat/268687421/;Санкт-Петербург;sale;flat;9;12;1;24.5;3800000;Колпинский; Севастьянова;28к2;;Новое Колпино
GloraX;developer;https://spb.cian.ru/sale/flat/279351281/;Санкт-Петербург;sale;flat;6;15;-1;32.92;7909999;Красногвардейский;Малая Охта;;;Глоракс Заневский ЖК
ПетербургНедвижимость;real_estate_agent;https://spb.cian.ru/sale/flat/296231955/;Санкт-Петербург;sale;flat;12;16;1;22.7;4900000;Невский; Крыленко;1к1с6;Ломоносовская;О Юность
КВС;developer;https://spb.cian.ru/sale/flat/279689456/;Санкт-Петербург;sale;flat;5;5;1;25.3;5108300;Пушкинский;Пулковское тер.;;Звездная;ЮгТаун. Олимпийские кварталы
Андрей Сурмай;realtor;https://spb.cian.ru/sale/flat/299606187/;Санкт-Петербург;sale;flat;21;27;1;25.5;5500000;Выборгский;Заречная ;36;Парнас;Северная долина
GloraX;developer;https://spb.cian.ru/sale/flat/297849144/;Санкт-Петербург;sale;flat;11;15;-1;28.8;8129999;Красногвардейский;переулок Уткин;;;Апарт-отель GloraX Заневский
ЦН КВАДРАТ;real_estate_agent;https://spb.cian.ru/sale/flat/297700502/;Санкт-Петербург;sale;flat;9;11;1;24.0;6560000;Невский;Октябрьская набережная;86К2;Елизаровская;Панорама Невы
GloraX;developer;https://spb.cian.ru/sale/flat/297849086/;Санкт-Петербург;sale;flat;11;15;-1;22.07;6559999;Красногвардейский;переулок Уткин;;;Апарт-отель GloraX Заневский
I AM ESTATE;real_estate_agent;https://spb.cian.ru/sale/flat/297461092/;Санкт-Петербург;sale;flat;24;25;1;22.36;5850000;Красносельский; Маршала Казакова;21к2;Автово;Морская миля
GloraX;developer;https://spb.cian.ru/sale/flat/297849176/;Санкт-Петербург;sale;flat;11;15;-1;39.67;10559999;Красногвардейский;переулок Уткин;;;Апарт-отель GloraX Заневский
IVA;real_estate_agent;https://spb.cian.ru/sale/flat/294315502/;Санкт-Петербург;sale;flat;2;8;-1;25.47;11111111;Петроградский;Ремесленная ;;Спортивная;17/33 Петровский остров
КВС;developer;https://spb.cian.ru/sale/flat/279690642/;Санкт-Петербург;sale;flat;1;5;1;26.45;5537500;Пушкинский; Нины Петровой;6к1;Купчино;ЮгТаун. Олимпийские кварталы
ВСЯ НЕДВИЖИМОСТЬ ПЕТЕРБУРГА;real_estate_agent;https://spb.cian.ru/sale/flat/293294520/;Санкт-Петербург;sale;flat;14;26;1;26.1;5600000;Выборгский; Михаила Дудина;10;Парнас;Бумеранг
КВС;developer;https://spb.cian.ru/sale/flat/279688837/;Санкт-Петербург;sale;flat;1;5;1;26.0;5392320;Пушкинский; Нины Петровой;8к1;Купчино;ЮгТаун. Олимпийские кварталы
Агентство недвижимости Сергея Галлера;real_estate_agent;https://spb.cian.ru/sale/flat/299005882/;Санкт-Петербург;sale;flat;4;7;-1;16.5;4100000;Приморский;Приморский проспект;6;Черная речка;
КВС;developer;https://spb.cian.ru/sale/flat/294621944/;Санкт-Петербург;sale;flat;7;17;1;24.75;7012499;Калининский;Финляндский;;;Квартал бизнес-класса Б15
CENTURY 21 Capital Petersburg;real_estate_agent;https://spb.cian.ru/sale/flat/298339220/;Санкт-Петербург;sale;flat;13;19;1;28.2;5990000;Московский; Федора Котанова;13к1;Звездная;"Светлый мир ""Жизнь"""
РСТИ;developer;https://spb.cian.ru/sale/flat/295858095/;Санкт-Петербург;sale;flat;7;9;1;21.62;6110532;Красносельский; Тамбасова;5;Проспект Ветеранов;Кинопарк
ПИА Недвижимость;real_estate_agent;https://spb.cian.ru/sale/flat/296358032/;Санкт-Петербург;sale;flat;12;26;1;28.9;6640000;Невский;проспект Александровской фермы;8с1;Пролетарская;Green City
ГлавстройСПб;developer;https://spb.cian.ru/sale/flat/297361746/;Санкт-Петербург;sale;flat;7;23;1;24.63;5486279;Приморский; Ивинская;1к1;Зенит;ПАРК-КВАРТАЛ Юнтолово
Владис Центральный;real_estate_agent;https://spb.cian.ru/sale/flat/297728488/;Санкт-Петербург;sale;flat;25;25;1;25.9;6600000;Кировский;проспект Народного ополчения;10;Ленинский проспект;
КВС;developer;https://spb.cian.ru/sale/flat/298150986/;Санкт-Петербург;sale;flat;16;17;1;22.05;6578460;Калининский;Финляндский;;;Квартал бизнес-класса Б15
Самолет Плюс СПБ Приморский;real_estate_agent;https://spb.cian.ru/sale/flat/281081916/;Санкт-Петербург;sale;flat;2;12;1;34.6;7980000;Приморский; Плесецкая;6;;Ariosto!
КВС;developer;https://spb.cian.ru/sale/flat/294621976/;Санкт-Петербург;sale;flat;2;17;1;27.42;7423680;Калининский;Финляндский;;;Квартал бизнес-класса Б15
Петербургская Недвижимость;real_estate_agent;https://spb.cian.ru/sale/flat/298512415/;Санкт-Петербург;sale;flat;15;26;1;26.0;5750000;Выборгский; Михаила Дудина;10;Парнас;Бумеранг
Сенатор;developer;https://spb.cian.ru/sale/flat/295923677/;Санкт-Петербург;sale;flat;6;12;-1;22.2;8940411;Курортный;Приморское шоссе;570Л;;МФК Морская ривьера
Century 21 Гарант;real_estate_agent;https://spb.cian.ru/sale/flat/297557069/;Санкт-Петербург;sale;flat;17;28;1;28.6;5200000;Выборгский; Федора Абрамова;16к1;Парнас;Северная долина
GloraX;developer;https://spb.cian.ru/sale/flat/297535460/;Санкт-Петербург;sale;flat;6;15;1;29.74;5209999;Выборгский;;;;Глоракс Парголово ЖК
Владис Центральный;real_estate_agent;https://spb.cian.ru/sale/flat/299519154/;Санкт-Петербург;sale;flat;8;19;1;25.97;6490000;Приморский;Комендантский проспект;55к1;Комендантский проспект;YOGA 1
SENATOR;developer;https://spb.cian.ru/sale/flat/294777969/;Санкт-Петербург;sale;flat;7;11;1;21.7;6777000;Невский;Октябрьская набережная;86К2;Пролетарская;Панорама Невы
Петербургская Недвижимость;real_estate_agent;https://spb.cian.ru/sale/flat/297845395/;Санкт-Петербург;sale;flat;16;16;1;32.5;7800000;Приморский;Туристская ;24/42;Беговая;Якорь
РСТИ;developer;https://spb.cian.ru/sale/flat/295858961/;Санкт-Петербург;sale;flat;8;9;1;24.43;6712419;Красносельский; Тамбасова;5;Проспект Ветеранов;Кинопарк
Гарантия;real_estate_agent;https://spb.cian.ru/sale/flat/298745940/;Санкт-Петербург;sale;flat;3;7;1;29.0;7200000;Адмиралтейский;Можайская ;37-39;Пушкинская;
RBI;developer;https://spb.cian.ru/sale/flat/299131639/;Санкт-Петербург;sale;flat;4;14;1;23.0;7909387;Фрунзенский;Волковское;;Волковская;Аэронавт ЖК
Городское Жилищное Агентство;real_estate_agent;https://spb.cian.ru/sale/flat/292149743/;Санкт-Петербург;sale;flat;10;12;1;24.6;6800000;Выборгский;Светлановский проспект;8;Удельная;Панорама парк Сосновка
Сенатор;developer;https://spb.cian.ru/sale/flat/295094653/;Санкт-Петербург;sale;flat;1;8;-1;22.8;5631600;Курортный; Правды;;;Мариоки
Lighthome Real Estate;real_estate_agent;https://spb.cian.ru/sale/flat/298969216/;Санкт-Петербург;sale;flat;22;27;1;28.3;5300000;Выборгский; Архитектора Белова;6к5;Парнас;Парнас
GloraX;developer;https://spb.cian.ru/sale/flat/279352022/;Санкт-Петербург;sale;flat;13;14;1;30.71;11049999;Красногвардейский;проспект Энергетиков;2;;GloraX Заневский
ПИА Недвижимость;real_estate_agent;https://spb.cian.ru/sale/flat/299380619/;Санкт-Петербург;sale;flat;3;13;1;24.4;4890000;Приморский; Плесецкая;20к2;Комендантский проспект;Чистое небо
GloraX;developer;https://spb.cian.ru/sale/flat/299481528/;Санкт-Петербург;sale;flat;3;9;1;34.72;12729999;Адмиралтейский; Шкапина;43-45;Балтийская;GloraX Балтийская
CENTURY 21 Capital Petersburg;real_estate_agent;https://spb.cian.ru/sale/flat/299152054/;Санкт-Петербург;sale;flat;17;17;1;34.0;7300000;Московский; Федора Котанова;5к1;Звездная;Звезды Столиц
RBI;developer;https://spb.cian.ru/sale/flat/299131745/;Санкт-Петербург;sale;flat;13;14;1;31.2;12035930;Фрунзенский;Волковское;;Волковская;Аэронавт ЖК
Владис Центральный;real_estate_agent;https://spb.cian.ru/sale/flat/294303916/;Санкт-Петербург;sale;flat;5;6;1;25.55;5450000;Фрунзенский;Днепропетровская ;59;Обводный канал;
Element Development;developer;https://spb.cian.ru/sale/flat/296065119/;Санкт-Петербург;sale;flat;14;25;1;30.08;17338939;Московский;Алтайская ;39;Московская;Шепилевский
Квадратный метр;real_estate_agent;https://spb.cian.ru/sale/flat/293252681/;Санкт-Петербург;sale;flat;5;12;1;23.8;6990000;Невский;Железнодорожный проспект;14к3;Ломоносовская;Стрижи в Невском
Сенатор;developer;https://spb.cian.ru/sale/flat/294787262/;Санкт-Петербург;sale;flat;1;8;-1;35.0;8645000;Курортный; Правды;;;Мариоки
Самолет Плюс СПБ Приморский;real_estate_agent;https://spb.cian.ru/sale/flat/289912623/;Санкт-Петербург;sale;flat;6;8;1;27.2;4770000;Красносельский;проспект Буденного;23к3;;Солнечный город
GloraX;developer;https://spb.cian.ru/sale/flat/279351911/;Санкт-Петербург;sale;flat;11;14;1;31.78;11599999;Красногвардейский;проспект Энергетиков;2;;GloraX Заневский
ПИА Недвижимость;real_estate_agent;https://spb.cian.ru/sale/flat/299382380/;Санкт-Петербург;sale;flat;11;18;1;27.6;5750000;Московский; Среднерогатская;20;Звездная;Две столицы
Сенатор;developer;https://spb.cian.ru/sale/flat/295094655/;Санкт-Петербург;sale;flat;1;8;-1;25.9;6526800;Курортный; Правды;;;Мариоки
Владис Центральный;real_estate_agent;https://spb.cian.ru/sale/flat/298052502/;Санкт-Петербург;sale;flat;20;25;1;24.0;5880000;Московский; Орджоникидзе;52;Звездная;Звездный
SENATOR;developer;https://spb.cian.ru/sale/flat/293297434/;Санкт-Петербург;sale;flat;11;11;1;21.1;6591000;Невский;Октябрьская набережная;86К2;Пролетарская;Панорама Невы
Владис Центральный;real_estate_agent;https://spb.cian.ru/sale/flat/293806551/;Санкт-Петербург;sale;flat;16;19;1;29.0;6700000;Приморский;Комендантский проспект;57к1;Комендантский проспект;YOGA 2
RBI;developer;https://spb.cian.ru/sale/flat/299131359/;Санкт-Петербург;sale;flat;4;9;1;39.6;19811541;Центральный;Лиговка-Ямская;;Площадь Восстания;Миръ
Светлана Белопухова;realtor;https://spb.cian.ru/sale/flat/299105786/;Санкт-Петербург;sale;flat;6;24;1;24.5;4900000;Приморский; Верхне-Каменская;9к1;Комендантский проспект;Чистое небо
Element Development;developer;https://spb.cian.ru/sale/flat/287028872/;Санкт-Петербург;sale;flat;6;11;1;29.1;15437822;Московский; Коли Томчака;;Московские ворота;Коллекционный Дом 1919
Петербургская Недвижимость;real_estate_agent;https://spb.cian.ru/sale/flat/299017413/;Санкт-Петербург;sale;flat;8;24;1;27.06;4000000;Невский; Русановская;20к1;Ломоносовская;Аквилон SKY
RBI;developer;https://spb.cian.ru/sale/flat/299131348/;Санкт-Петербург;sale;flat;4;9;1;34.0;18629868;Центральный;Лиговка-Ямская;;Площадь Восстания;Миръ
Century 21 Гарант;real_estate_agent;https://spb.cian.ru/sale/flat/297459200/;Санкт-Петербург;sale;flat;9;12;1;24.5;4350000;Красносельский; Летчика Лихолетова;14к2;Проспект Ветеранов;Солнечный город
К-25;developer;https://spb.cian.ru/sale/flat/294909935/;Санкт-Петербург;sale;flat;5;12;-1;21.91;5258400;Приморский;м. Комендантский проспект;;Комендантский проспект;YE'S Primorsky Комплекс Апартаментов
GLENDELS;real_estate_agent;https://spb.cian.ru/sale/flat/298229584/;Санкт-Петербург;sale;flat;5;10;1;22.0;7950000;Центральный;Синопская набережная;24;;
Стоун;developer;https://spb.cian.ru/sale/flat/294086742/;Санкт-Петербург;sale;flat;3;10;1;26.3;3322500;Пушкинский;;;Шушары;Полет ЖК
MARINOVA estate;real_estate_agent;https://spb.cian.ru/sale/flat/296685262/;Санкт-Петербург;sale;flat;13;17;1;24.08;7150000;Невский;Фарфоровская ;7к2;Ломоносовская;Стрижи в Невском 2
RBI;developer;https://spb.cian.ru/sale/flat/271710016/;Санкт-Петербург;sale;flat;4;16;-1;26.7;9450000;Московский;Московский проспект;103к6Й;Московские ворота;Апарт-отель ARTSTUDIO М103
4ROOMS;real_estate_agent;https://spb.cian.ru/sale/flat/298392350/;Санкт-Петербург;sale;flat;3;6;1;28.7;8100000;Центральный;Тележная ;21;Площадь Александра Невского;
Петербургская Недвижимость;representative_developer;https://spb.cian.ru/sale/flat/288949935/;Санкт-Петербург;sale;flat;10;10;1;24.54;7450313;Московский;м. Ленинский проспект;;Ленинский проспект;Сенат
Петербургская Недвижимость;real_estate_agent;https://spb.cian.ru/sale/flat/298373909/;Санкт-Петербург;sale;flat;18;21;1;19.1;3560000;Красногвардейский; Чарушинская;26к1;Девяткино;Цветной Город
Стоун;developer;https://spb.cian.ru/sale/flat/297264481/;Санкт-Петербург;sale;flat;2;6;1;27.01;4383610;Московский;Пулковский меридиан;;Звездная;Перспектива ЖК
ТРЕНД;real_estate_agent;https://spb.cian.ru/sale/flat/299111836/;Санкт-Петербург;sale;flat;11;18;1;23.2;6750000;Московский; Среднерогатская;16к2;Звездная;4YOU
Шельф;developer;https://spb.cian.ru/sale/flat/268906987/;Санкт-Петербург;sale;flat;3;26;1;28.5;5671500;Пушкинский;проспект Новгородский;2к3;Купчино;Simple
Гранит Инвест;real_estate_agent;https://spb.cian.ru/sale/flat/299191256/;Санкт-Петербург;sale;flat;6;10;1;32.0;13600000;Петроградский;Аптекарский проспект;18;Петроградская;Skandi Klubb
Стоун;developer;https://spb.cian.ru/sale/flat/294087606/;Санкт-Петербург;sale;flat;4;11;1;25.24;3190000;Пушкинский;;;Шушары;Полет ЖК
Владис Центральный;real_estate_agent;https://spb.cian.ru/sale/flat/296745318/;Санкт-Петербург;sale;flat;2;19;1;25.05;5600000;Приморский;Комендантский проспект;59к1;Комендантский проспект;YOGA 3
Шельф;developer;https://spb.cian.ru/sale/flat/296746313/;Санкт-Петербург;sale;flat;9;26;1;25.0;4650000;Пушкинский;проспект Новгородский;2к3;Купчино;Simple
ТРЕНД;real_estate_agent;https://spb.cian.ru/sale/flat/298524132/;Санкт-Петербург;sale;flat;3;12;1;30.5;7980000;Выборгский;Манчестерская ;3к2;Удельная;Панорама парк Сосновка
Петербургская Недвижимость;representative_developer;https://spb.cian.ru/sale/flat/280678084/;Санкт-Петербург;sale;flat;3;4;1;24.9;4700111;Пушкинский;шоссе Колпинское;127;Купчино;Univer City. Город возможностей
Петербургская Недвижимость;real_estate_agent;https://spb.cian.ru/sale/flat/297999208/;Санкт-Петербург;sale;flat;4;13;1;24.3;7650000;Фрунзенский; Тосина;6;Обводный канал;Автограф в центре
Петербургская Недвижимость;representative_developer;https://spb.cian.ru/sale/flat/295505145/;Санкт-Петербург;sale;flat;2;4;1;24.92;4400136;Пушкинский;;;Шушары;Универ Сити ЖК
КВС;real_estate_agent;https://spb.cian.ru/sale/flat/296056538/;Санкт-Петербург;sale;flat;23;25;1;18.06;4800000;Выборгский; Брюлловская;3;Парнас;Континенты
Эталон СПБ;developer;https://spb.cian.ru/sale/flat/299526589/;Санкт-Петербург;sale;flat;4;12;1;24.7;4742543;Пушкинский;;;Звездная;Монография ЖК
ТВОЁ ПРОСТРАНСТВО;real_estate_agent;https://spb.cian.ru/sale/flat/271759366/;Санкт-Петербург;sale;flat;22;22;-1;23.4;5500000;Красногвардейский;Бокситогорская ;27;Новочеркасская;Охта Хаус
GloraX;developer;https://spb.cian.ru/sale/flat/282487072/;Санкт-Петербург;sale;flat;2;18;1;31.07;9599999;Василеостровский;Морской;;;Глоракс Василеостровский ЖК
Гарантия;real_estate_agent;https://spb.cian.ru/sale/flat/299103814/;Санкт-Петербург;sale;flat;4;6;1;33.7;4690000;Петродворцовый; Войкова;68;;
Эталон СПБ;developer;https://spb.cian.ru/sale/flat/298655478/;Санкт-Петербург;sale;flat;10;18;1;34.5;10964837;Адмиралтейский;бульвар Измайловский;9;Фрунзенская;Квартал Галактика
Первое Агентство Недвижимости;real_estate_agent;https://spb.cian.ru/sale/flat/299241170/;Санкт-Петербург;sale;flat;3;22;1;25.0;6699999;Красногвардейский;проспект Энергетиков;11к5;Ладожская;ЗимаЛето
Группа Аквилон;developer;https://spb.cian.ru/sale/flat/294872611/;Санкт-Петербург;sale;flat;8;13;1;26.89;4720243;Пушкинский;;;Купчино;Аквилон All In 3.0
Единый Центр Инвестиций;real_estate_agent;https://spb.cian.ru/sale/flat/299650835/;Санкт-Петербург;sale;flat;17;18;-1;19.1;5385000;Фрунзенский; Салова;61;;Комплекс апартаментов Valo City
Петербургская Недвижимость;representative_developer;https://spb.cian.ru/sale/flat/295966224/;Санкт-Петербург;sale;flat;3;12;1;25.62;7100085;Московский;м. Ленинский проспект;;Ленинский проспект;Сенат
BR Group;real_estate_agent;https://spb.cian.ru/sale/flat/297086444/;Санкт-Петербург;sale;flat;1;10;1;23.1;7000000;Центральный;Днепропетровская ;37;Лиговский проспект;Днепропетровская, 37
Мегалит–Охта Групп;developer;https://spb.cian.ru/sale/flat/297024574/;Санкт-Петербург;sale;flat;12;25;1;26.12;9248965;Приморский;Коломяжский проспект;13к2;Пионерская;Приморский квартал
Константин Михайловер;realtor;https://spb.cian.ru/sale/flat/298957965/;Санкт-Петербург;sale;flat;2;6;-1;24.8;5209866;Красносельский; Отважных;10;Ленинский проспект;
Эталон СПБ;developer;https://spb.cian.ru/sale/flat/298655448/;Санкт-Петербург;sale;flat;11;18;1;33.0;10242168;Адмиралтейский;бульвар Измайловский;9;Фрунзенская;Квартал Галактика
Владис Центральный;real_estate_agent;https://spb.cian.ru/sale/flat/294029303/;Санкт-Петербург;sale;flat;25;27;1;29.0;4400000;Выборгский; Архитектора Белова;6к5;Парнас;Парнас
Мегалит–Охта Групп;developer;https://spb.cian.ru/sale/flat/297024728/;Санкт-Петербург;sale;flat;20;25;1;23.91;8972771;Приморский;Коломяжский проспект;13к2;Пионерская;Приморский квартал
Петербургская Недвижимость;real_estate_agent;https://spb.cian.ru/sale/flat/297836906/;Санкт-Петербург;sale;flat;15;25;1;23.01;3600000;Невский; Русановская;24;Улица Дыбенко;Аквилон SKY
Эталон СПБ;developer;https://spb.cian.ru/sale/flat/298658242/;Санкт-Петербург;sale;flat;1;4;1;29.7;5659303;Пушкинский; Соколиная;;Купчино;Пулковский дом
Century 21 Гарант;real_estate_agent;https://spb.cian.ru/sale/flat/297949535/;Санкт-Петербург;sale;flat;15;26;1;23.2;4000000;Пушкинский;проспект Новгородский;4;Звездная;Шушары
Эталон СПБ;developer;https://spb.cian.ru/sale/flat/298658219/;Санкт-Петербург;sale;flat;2;4;1;27.2;5365801;Пушкинский; Соколиная;;Купчино;Пулковский дом
Владис Центральный;real_estate_agent;https://spb.cian.ru/sale/flat/296323850/;Санкт-Петербург;sale;flat;9;27;1;24.4;4700000;Выборгский; Архитектора Белова;6к5;Парнас;Парнас
ФСК;developer;https://spb.cian.ru/sale/flat/295182404/;Санкт-Петербург;sale;flat;9;17;-1;28.96;5075851;Невский;Невский;;;Зум на Неве ЖК
ХочуКвартиру;real_estate_agent;https://spb.cian.ru/sale/flat/298841118/;Санкт-Петербург;sale;flat;3;5;-1;15.0;5100000;Приморский;Сердобольская ;7;Лесная;
Стоун;developer;https://spb.cian.ru/sale/flat/297264617/;Санкт-Петербург;sale;flat;4;6;1;25.41;4176830;Московский;Пулковский меридиан;;Звездная;Перспектива ЖК
4ROOMS;real_estate_agent;https://spb.cian.ru/sale/flat/299288903/;Санкт-Петербург;sale;flat;3;6;1;25.0;9000000;Центральный;Тележная ;21;Площадь Александра Невского;
Петербургская Недвижимость;representative_developer;https://spb.cian.ru/sale/flat/297868837/;Санкт-Петербург;sale;flat;7;7;1;25.82;9100104;Невский;Невская застава;;Елизаровская;Астра Марин ЖК
Владис Центральный;real_estate_agent;https://spb.cian.ru/sale/flat/298578317/;Санкт-Петербург;sale;flat;2;6;1;25.0;5450000;Петроградский;проспект Большой Петроградской стороны;7/4;Спортивная;
Петербургская Недвижимость;representative_developer;https://spb.cian.ru/sale/flat/296753534/;Санкт-Петербург;sale;flat;1;10;1;32.1;9822600;Выборгский;Манчестерская ;3;Удельная;Svetlana Park
ВСЯ НЕДВИЖИМОСТЬ ПЕТЕРБУРГА;real_estate_agent;https://spb.cian.ru/sale/flat/296990964/;Санкт-Петербург;sale;flat;10;23;1;24.0;5350000;Приморский;Комендантский проспект;67;Комендантский проспект;Чистое небо
ГлавстройСПб;developer;https://spb.cian.ru/sale/flat/297361267/;Санкт-Петербург;sale;flat;1;27;1;23.24;5619432;Выборгский;проезд Толубеевский;34к2;;Северная долина
4ROOMS;real_estate_agent;https://spb.cian.ru/sale/flat/298392347/;Санкт-Петербург;sale;flat;4;6;1;23.0;7100000;Центральный;Тележная ;23;Площадь Александра Невского;
RBI;developer;https://spb.cian.ru/sale/flat/286004823/;Санкт-Петербург;sale;flat;9;13;-1;29.2;9200000;Московский;Заозерная ;3к3с2;Фрунзенская;Апарт-отель ARTSTUDIO Moskovsky
ХочуКвартиру;real_estate_agent;https://spb.cian.ru/sale/flat/292678988/;Санкт-Петербург;sale;flat;10;15;1;31.0;6350000;Приморский; Верхне-Каменская;9к1;Комендантский проспект;Чистое небо
ГлавстройСПб;developer;https://spb.cian.ru/sale/flat/297360993/;Санкт-Петербург;sale;flat;7;27;1;21.26;5042872;Выборгский;Заречная ;54;Проспект Просвещения;Северная долина
МИР КВАРТИР;real_estate_agent;https://spb.cian.ru/sale/flat/299336779/;Санкт-Петербург;sale;flat;6;11;-1;40.0;10000000;Василеостровский;проспект Средний Васильевского острова;87к3;Приморская;Клубные апартаменты Next
Эталон СПБ;developer;https://spb.cian.ru/sale/flat/299278130/;Санкт-Петербург;sale;flat;11;25;1;23.6;6080697;Приморский;Коломяги;;Проспект Просвещения;Новоорловский ЖК
Арина Николаева;realtor;https://spb.cian.ru/sale/flat/299480551/;Санкт-Петербург;sale;flat;4;22;1;20.3;3499000;Красногвардейский; Пейзажная;24к1;Гражданский проспект;Цветной Город
RBI;developer;https://spb.cian.ru/sale/flat/286004817/;Санкт-Петербург;sale;flat;2;13;-1;28.2;8900000;Московский;Заозерная ;3к3с2;Фрунзенская;Апарт-отель ARTSTUDIO Moskovsky
Петербургская Недвижимость;real_estate_agent;https://spb.cian.ru/sale/flat/297990909/;Санкт-Петербург;sale;flat;1;8;1;24.7;4250000;Красносельский;проспект Буденного;23к4;Проспект Ветеранов;Солнечный город
Эталон СПБ;developer;https://spb.cian.ru/sale/flat/298657078/;Санкт-Петербург;sale;flat;18;19;1;39.2;12052700;Московский; Парфеновская;17;Московские ворота;Московские ворота II
Петербургская Недвижимость;real_estate_agent;https://spb.cian.ru/sale/flat/299316588/;Санкт-Петербург;sale;flat;21;22;1;25.2;8290000;Приморский; Оптиков;34К1;Старая Деревня;LEGENDA на Оптиков, 34
ФСК;developer;https://spb.cian.ru/sale/flat/295182913/;Санкт-Петербург;sale;flat;2;5;1;24.5;5118319;Пушкинский; Архитектора Данини;23к1;;UP-квартал Пушкинский
Петербургская Недвижимость;real_estate_agent;https://spb.cian.ru/sale/flat/296561861/;Санкт-Петербург;sale;flat;3;13;1;23.2;4450000;Приморский;Планерная ;87к1;Комендантский проспект;FoRest Аквилон
Петербургская Недвижимость;representative_developer;https://spb.cian.ru/sale/flat/296753644/;Санкт-Петербург;sale;flat;2;10;1;30.4;9576000;Выборгский;Манчестерская ;5к1;Удельная;Svetlana Park
GLENDELS;real_estate_agent;https://spb.cian.ru/sale/flat/298229587/;Санкт-Петербург;sale;flat;5;10;1;26.0;9200000;Центральный;Синопская набережная;24;;
LEGENDA Development;developer;https://spb.cian.ru/sale/flat/297998455/;Санкт-Петербург;sale;flat;10;10;1;27.19;13638504;Приморский;Лисичанская ;22;Черная речка;Лисичанская, 22
Петербургская Недвижимость;real_estate_agent;https://spb.cian.ru/sale/flat/298658426/;Санкт-Петербург;sale;flat;3;12;1;23.1;5200000;Красносельский;проспект Ветеранов;169к3;Проспект Ветеранов;Солнечный город
Петербургская Строительная Компания;developer;https://spb.cian.ru/sale/flat/279676543/;Санкт-Петербург;sale;flat;10;14;-1;43.33;9150675;Красногвардейский;Магнитогорская ;51;Площадь Александра Невского;Ladozhsky AVENIR
Петербургская Недвижимость;real_estate_agent;https://spb.cian.ru/sale/flat/298067302/;Санкт-Петербург;sale;flat;13;20;-1;22.1;4500000;Выборгский;проезд Толубеевский;8к2;Парнас;Комплекс апартаментов START
РосСтройИнвест;developer;https://spb.cian.ru/sale/flat/297294750/;Санкт-Петербург;sale;flat;13;13;1;22.9;6215385;Приморский;Юнтолово;;Беговая;Тайм Сквер
ХочуКвартиру;real_estate_agent;https://spb.cian.ru/sale/flat/269178147/;Санкт-Петербург;sale;flat;9;24;-1;22.86;4000000;Невский;проспект Большевиков;;Улица Дыбенко;Про.Молодость
АМ;developer;https://spb.cian.ru/sale/flat/296920364/;Санкт-Петербург;sale;flat;9;10;-1;24.4;11104733;Центральный;Херсонский проезд;6;Площадь Александра Невского;Апартаменты VIDI
Петербургская Недвижимость;real_estate_agent;https://spb.cian.ru/sale/flat/295841542/;Санкт-Петербург;sale;flat;10;13;1;26.3;4840000;Красносельский;проспект Ветеранов;171к4;Проспект Ветеранов;Солнечный город
ФСК;developer;https://spb.cian.ru/sale/flat/297553051/;Санкт-Петербург;sale;flat;9;13;-1;28.13;6700847;Приморский;Коломяжский проспект;4;Черная речка;Апартаменты Zoom Черная Речка
Агентство недвижимости Марии Тарасовой;real_estate_agent;https://spb.cian.ru/sale/flat/295342768/;Санкт-Петербург;sale;flat;8;13;1;23.0;5000000;Приморский;Планерная ;87к1;;FoRest Аквилон
Полис;developer;https://spb.cian.ru/sale/flat/298731457/;Санкт-Петербург;sale;flat;10;13;1;25.14;6376888;Приморский;аллея Арцеуловская;9;Старая Деревня;Полис Приморский 2
Петербургская Недвижимость;real_estate_agent;https://spb.cian.ru/sale/flat/297659928/;Санкт-Петербург;sale;flat;8;24;1;24.8;5400000;Приморский; Верхне-Каменская;11к1;Комендантский проспект;Чистое небо
ЛСР Санкт-Петербург;developer;https://spb.cian.ru/sale/flat/299403377/;Санкт-Петербург;sale;flat;8;12;1;23.0;6210000;Красногвардейский;Партизанская ;5Б;Ладожская;ЛСР. Большая Охта
СЕЗАН;real_estate_agent;https://spb.cian.ru/sale/flat/298819695/;Санкт-Петербург;sale;flat;2;25;1;24.7;4350000;Пушкинский; Вишерская;24;Купчино;Шушары
Петербургская Недвижимость;representative_developer;https://spb.cian.ru/sale/flat/296659889/;Санкт-Петербург;sale;flat;5;12;1;27.87;6400192;Приморский;Коломяги;;Озерки;Прайм Приморский ЖК
Euroinvest Development;developer;https://spb.cian.ru/sale/flat/299037449/;Санкт-Петербург;sale;flat;4;10;-1;23.19;7652700;Выборгский; Курчатова;;Политехническая;iD Polytech
Первое Красносельское;real_estate_agent;https://spb.cian.ru/sale/flat/293839639/;Санкт-Петербург;sale;flat;11;17;1;23.1;4550000;Красносельский; Коммунаров;190;;Дудергофская линия 3
ЛСР Санкт-Петербург;developer;https://spb.cian.ru/sale/flat/298366853/;Санкт-Петербург;sale;flat;8;9;1;25.9;10774400;Петроградский;Петровский проспект;9к2;Спортивная;Neva Haus
Century 21 Гарант;real_estate_agent;https://spb.cian.ru/sale/flat/299237873/;Санкт-Петербург;sale;flat;10;13;1;21.1;5150959;Приморский;Планерная ;97к1;Комендантский проспект;New Time
ЛСР Санкт-Петербург;developer;https://spb.cian.ru/sale/flat/294540357/;Санкт-Петербург;sale;flat;19;24;1;25.9;4553220;Красногвардейский;Полюстрово;;Академическая;Цветной Город
ХочуКвартиру;real_estate_agent;https://spb.cian.ru/sale/flat/293079499/;Санкт-Петербург;sale;flat;13;25;1;25.13;5300000;Приморский;проспект Авиаконструкторов;69;Комендантский проспект;Чистое небо
VEREN GROUP;developer;https://spb.cian.ru/sale/flat/292425369/;Санкт-Петербург;sale;flat;8;10;1;24.4;6191633;Приморский;Парашютная ;79к1;Озерки;Veren Next Шуваловский
MARINOVA estate;real_estate_agent;https://spb.cian.ru/sale/flat/294945071/;Санкт-Петербург;sale;flat;4;5;1;25.7;5050000;Красносельский; Ивана Куликова;4;Проспект Ветеранов;Солнечный город. Резиденции
PLEADA;representative_developer;https://spb.cian.ru/sale/flat/298137325/;Санкт-Петербург;sale;flat;4;8;-1;24.55;12498590;Петроградский;Петровский;;Чкаловская;17/33 Петровский остров
ХочуКвартиру;real_estate_agent;https://spb.cian.ru/sale/flat/295974746/;Санкт-Петербург;sale;flat;9;25;1;25.13;5600000;Приморский;Комендантский проспект;69к2;Комендантский проспект;Чистое небо
ПИК;developer;https://spb.cian.ru/sale/flat/293227163/;Санкт-Петербург;sale;flat;14;14;1;29.3;9040808;Фрунзенский;Волковское;1;Обводный канал;Аэронавт ЖК
Century 21 Гарант;real_estate_agent;https://spb.cian.ru/sale/flat/295557253/;Санкт-Петербург;sale;flat;10;12;1;24.5;4450000;Красносельский;проспект Ветеранов;171к5;Проспект Ветеранов;Солнечный город
Группа Аквилон;developer;https://spb.cian.ru/sale/flat/283801175/;Санкт-Петербург;sale;flat;12;13;1;32.08;8597568;Василеостровский;Гавань;;Горный институт;Аквилон Залив ЖК
Вам к нам;real_estate_agent;https://spb.cian.ru/sale/flat/296195906/;Санкт-Петербург;sale;flat;9;13;1;25.03;6850000;Невский;Дальневосточный проспект;19к1;Проспект Большевиков;Pulse Premier
Группа Аквилон;developer;https://spb.cian.ru/sale/flat/295358734/;Санкт-Петербург;sale;flat;1;12;1;24.21;6968258;Московский;Звёздное;;Звездная;Аквилон Ливз 2 ЖК
Россита Габриелян;realtor;https://spb.cian.ru/sale/flat/287683336/;Санкт-Петербург;sale;flat;8;13;1;21.0;5150000;Приморский;Глухарская ;;Беговая;Тайм Сквер
Петербургская Недвижимость;representative_developer;https://spb.cian.ru/sale/flat/298896658/;Санкт-Петербург;sale;flat;23;23;1;25.63;6850014;Невский;Невский;;Проспект Большевиков;Пульс Премьер ЖК
Петербургская Недвижимость;real_estate_agent;https://spb.cian.ru/sale/flat/299249983/;Санкт-Петербург;sale;flat;12;24;1;22.2;3700000;Невский; Русановская;20к3;Ломоносовская;Аквилон SKY
ЛСР Санкт-Петербург;developer;https://spb.cian.ru/sale/flat/294725067/;Санкт-Петербург;sale;flat;3;23;1;21.45;5437575;Красносельский;Юго-Запад;;Автово;Морская миля ЖК
Агентство недвижимости Романа Чиковани;real_estate_agent;https://spb.cian.ru/sale/flat/288352140/;Санкт-Петербург;sale;flat;4;5;1;26.0;4550000;Московский;Пулковское шоссе;;Звездная;ЮгТаун. Олимпийские кварталы
ЛСР Санкт-Петербург;developer;https://spb.cian.ru/sale/flat/296206247/;Санкт-Петербург;sale;flat;15;25;1;21.2;5035000;Невский;Октябрьская набережная ЖК;;Елизаровская;Октябрьская набережная ЖК
Реал Лидер;real_estate_agent;https://spb.cian.ru/sale/flat/299570154/;Санкт-Петербург;sale;flat;23;25;1;19.4;4600000;Красногвардейский;м. Гражданский проспект;;Гражданский проспект;Цветной Город
Петербургская Недвижимость;representative_developer;https://spb.cian.ru/sale/flat/298634621/;Санкт-Петербург;sale;flat;4;5;1;24.22;4600165;Московский;Пулковское шоссе;95к3;Звездная;Парадный ансамбль
Петербургская Недвижимость;real_estate_agent;https://spb.cian.ru/sale/flat/293972421/;Санкт-Петербург;sale;flat;3;24;1;25.4;4700000;Пушкинский; Вишерская;2;Купчино;UP-квартал Московский
Петербургская Недвижимость;representative_developer;https://spb.cian.ru/sale/flat/298769435/;Санкт-Петербург;sale;flat;7;12;1;24.2;5600203;Приморский;Коломяги;;Проспект Просвещения;Бионика Заповедная
Петербургская Недвижимость;real_estate_agent;https://spb.cian.ru/sale/flat/298975152/;Санкт-Петербург;sale;flat;2;24;1;29.2;5700000;Пушкинский; Вишерская;2;Купчино;UP-квартал Московский
Петербургская Строительная Компания;developer;https://spb.cian.ru/sale/flat/299495901/;Санкт-Петербург;sale;flat;7;10;1;35.3;8490000;Московский;Киевская ;5к6;Обводный канал;Апарт-отель Moskovsky AVENIR
CENTURY 21 Capital Petersburg;real_estate_agent;https://spb.cian.ru/sale/flat/297039438/;Санкт-Петербург;sale;flat;1;3;-1;18.9;3994000;Кировский;переулок Майков;4а;Нарвская;
Лидер Групп;developer;https://spb.cian.ru/sale/flat/292856901/;Санкт-Петербург;sale;flat;3;18;1;28.5;8550000;Василеостровский;бульвар Головнина;3к1;Горный институт;Колумб (Гавань Капитанов)
ДомИн;real_estate_agent;https://spb.cian.ru/sale/flat/297456206/;Санкт-Петербург;sale;flat;9;17;1;18.97;3600000;Красногвардейский;Полюстрово;31к3;Гражданский проспект;Цветной Город
ЛСР Санкт-Петербург;developer;https://spb.cian.ru/sale/flat/299459535/;Санкт-Петербург;sale;flat;17;17;1;20.55;7552125;Василеостровский;Гавань;;Приморская;Морская Набережная ЖК
КАПИТАЛ;real_estate_agent;https://spb.cian.ru/sale/flat/295367989/;Санкт-Петербург;sale;flat;5;13;1;21.35;6500000;Василеостровский;Гавань;;Горьковская;Аквилон Залив ЖК
ПИК;developer;https://spb.cian.ru/sale/flat/292688313/;Санкт-Петербург;sale;flat;4;9;1;24.8;10275929;Адмиралтейский;Измайловское;к 2.2;Балтийская;Лермонтовский 54 ЖК
ТВОЁ ПРОСТРАНСТВО;real_estate_agent;https://spb.cian.ru/sale/flat/299054228/;Санкт-Петербург;sale;flat;3;8;1;22.52;9900000;Петроградский;Петровский;;Василеостровская;Нева Резиденс ЖК
Петербургская Недвижимость;representative_developer;https://spb.cian.ru/sale/flat/295922911/;Санкт-Петербург;sale;flat;3;4;1;26.22;5550131;Петродворцовый;;;Автово;Дворцовый фасад ЖК
Александр Санкин;realtor;https://spb.cian.ru/sale/flat/299543950/;Санкт-Петербург;sale;flat;1;4;-1;43.4;3900000;Центральный;набережная Реки Фонтанки;8;Гостиный двор;
РСТИ;developer;https://spb.cian.ru/sale/flat/286344107/;Санкт-Петербург;sale;flat;12;19;1;22.02;7056238;Калининский;Финляндский;;Выборгская;Master Place
МЕТРЫ;real_estate_agent;https://spb.cian.ru/sale/flat/292454066/;Санкт-Петербург;sale;flat;2;7;1;15.3;4260000;Центральный;3-я Советская ;12;Площадь Восстания;
Петербургская Строительная Компания;developer;https://spb.cian.ru/sale/flat/298056593/;Санкт-Петербург;sale;flat;23;25;1;26.19;6525866;Приморский;Коломяги;;Удельная;Френдс ЖК
МЕТРЫ;real_estate_agent;https://spb.cian.ru/sale/flat/296301502/;Санкт-Петербург;sale;flat;2;4;1;20.1;4960000;Василеостровский;проспект Малый Васильевского острова;16;Василеостровская;
Bonava;developer;https://spb.cian.ru/sale/flat/298804748/;Санкт-Петербург;sale;flat;12;14;1;31.3;13027617;Красногвардейский;Магнитогорская ;5к3;Ладожская;Magnifika Residence
Мария Калимуллина;realtor;https://spb.cian.ru/sale/flat/298917733/;Санкт-Петербург;sale;flat;4;13;-1;26.3;5200000;Невский;Варфоломеевская ;6;Ломоносовская;Апарт-отель Начало
ПИК;developer;https://spb.cian.ru/sale/flat/287469451/;Санкт-Петербург;sale;flat;10;13;1;26.8;8171212;Фрунзенский;Волковское;3;Обводный канал;Витебский Парк ЖК
МЕТРЫ;real_estate_agent;https://spb.cian.ru/sale/flat/293907607/;Санкт-Петербург;sale;flat;2;6;1;18.9;5950000;Петроградский;Лахтинская ;9;Чкаловская;
Петербургская Недвижимость;representative_developer;https://spb.cian.ru/sale/flat/297783679/;Санкт-Петербург;sale;flat;6;12;1;25.93;8100104;Невский;Невская застава;;Елизаровская;Астра Континенталь ЖК
МЕТРЫ;real_estate_agent;https://spb.cian.ru/sale/flat/296305399/;Санкт-Петербург;sale;flat;2;5;1;15.2;4390000;Центральный;Пушкинская ;3;Площадь Восстания;
ЛСР Санкт-Петербург;developer;https://spb.cian.ru/sale/flat/294544910/;Санкт-Петербург;sale;flat;6;8;1;27.56;11037780;Петроградский;Петровский;;Крестовский остров;Нева Резиденс ЖК
Елена Бортникова;realtor;https://spb.cian.ru/sale/flat/297328704/;Санкт-Петербург;sale;flat;18;25;1;25.2;5500000;Приморский;проспект Авиаконструкторов;69;Комендантский проспект;Чистое небо
ПИК;developer;https://spb.cian.ru/sale/flat/277117606/;Санкт-Петербург;sale;flat;12;12;1;22.4;8414044;Василеостровский;Гавань;1;Приморская;Шкиперский 19 ЖК
МЕТРЫ;real_estate_agent;https://spb.cian.ru/sale/flat/296304223/;Санкт-Петербург;sale;flat;2;7;1;20.6;5300000;Центральный;Моховая ;18;Гостиный двор;
Петербургская Недвижимость;representative_developer;https://spb.cian.ru/sale/flat/296659918/;Санкт-Петербург;sale;flat;3;12;1;25.25;6650155;Московский;Новоизмайловское;;;Титул в Московском
МЕТРЫ;real_estate_agent;https://spb.cian.ru/sale/flat/298269103/;Санкт-Петербург;sale;flat;2;3;1;23.5;7200000;Петроградский;Малая Посадская ;20;Горьковская;
Ленстройтрест;developer;https://spb.cian.ru/sale/flat/298649533/;Санкт-Петербург;sale;flat;5;5;1;36.55;7468950;Колпинский;шоссе Рубежное;14;Рыбацкое;Юттери
Петербургская Недвижимость;real_estate_agent;https://spb.cian.ru/sale/flat/279140428/;Санкт-Петербург;sale;flat;5;13;1;25.4;8490000;Выборгский;Большой Сампсониевский проспект;69к5;Лесная;Кантемировская 11
Эталон СПБ;developer;https://spb.cian.ru/sale/flat/298658295/;Санкт-Петербург;sale;flat;7;9;1;28.2;9358979;Калининский;Лесной проспект;;Выборгская;iLona
Петербургская Недвижимость;real_estate_agent;https://spb.cian.ru/sale/flat/279986932/;Санкт-Петербург;sale;flat;10;13;1;26.1;6340000;Василеостровский;Гавань;;Приморская;Аквилон Залив ЖК
Ленстройтрест;developer;https://spb.cian.ru/sale/flat/298651622/;Санкт-Петербург;sale;flat;20;25;1;31.6;6950000;Приморский;шоссе Суздальское;20к4;Проспект Просвещения;Окла
Travelto Development;real_estate_agent;https://spb.cian.ru/sale/flat/285292728/;Санкт-Петербург;sale;flat;1;4;-1;24.03;5594000;Адмиралтейский;набережная Обводного Канала;142/16Б;Нарвская;
VEREN GROUP;developer;https://spb.cian.ru/sale/flat/298402701/;Санкт-Петербург;sale;flat;3;3;1;31.8;6753231;Петродворцовый;Красносельское шоссе;22;Ленинский проспект;Veren Village Стрельна
Петербургская Недвижимость;real_estate_agent;https://spb.cian.ru/sale/flat/289133460/;Санкт-Петербург;sale;flat;2;5;1;29.28;5500000;Московский;Пулковский меридиан;;Московская;Зеленый квартал ЖК
Elba;developer;https://spb.cian.ru/sale/flat/297024644/;Санкт-Петербург;sale;flat;10;10;1;27.42;10400000;Фрунзенский;Прилукская ;28к2;Обводный канал;Дом на Прилукской
МЕТРЫ;real_estate_agent;https://spb.cian.ru/sale/flat/294035439/;Санкт-Петербург;sale;flat;2;5;1;16.8;4400000;Центральный;Загородный проспект;12;Достоевская;
ПИК;developer;https://spb.cian.ru/sale/flat/292512765/;Санкт-Петербург;sale;flat;2;13;1;25.4;8215198;Выборгский;Сампсониевское;;Лесная;Кантемировская 11 ЖК
МЕТРЫ;real_estate_agent;https://spb.cian.ru/sale/flat/297297225/;Санкт-Петербург;sale;flat;2;5;1;16.7;4560000;Центральный;Суворовский проспект;2;Площадь Восстания;
Петербургская Строительная Компания;developer;https://spb.cian.ru/sale/flat/279676941/;Санкт-Петербург;sale;flat;12;12;-1;25.22;5100000;Кировский;Автово;5к1;Автово;Апарт-отель Kirovsky AVENIR
Петербургская Недвижимость;real_estate_agent;https://spb.cian.ru/sale/flat/287702899/;Санкт-Петербург;sale;flat;4;5;1;24.18;4290000;Московский;Пулковское шоссе;99к4;Московская;Парадный ансамбль
Лидер Групп;developer;https://spb.cian.ru/sale/flat/294573102/;Санкт-Петербург;sale;flat;4;18;1;28.4;8946000;Василеостровский;бульвар Головнина;3к1;Горный институт;Колумб (Гавань Капитанов)
Петербургская Недвижимость;real_estate_agent;https://spb.cian.ru/sale/flat/298817673/;Санкт-Петербург;sale;flat;13;18;1;25.4;6450000;Невский;Октябрьская набережная ЖК;;Ломоносовская;Октябрьская набережная ЖК
ФСК;representative_developer;https://spb.cian.ru/sale/flat/299059197/;Санкт-Петербург;sale;flat;8;16;1;20.9;5092337;Московский;Московское шоссе;13Ж;Звездная;Апартаменты AVENUE-APART ПУЛКОВО
Петербургская Недвижимость;real_estate_agent;https://spb.cian.ru/sale/flat/292307082/;Санкт-Петербург;sale;flat;9;15;1;21.2;6350000;Невский;Дальневосточный проспект;19к1;Проспект Большевиков;Pulse Premier
Петербургская Недвижимость;representative_developer;https://spb.cian.ru/sale/flat/293113210/;Санкт-Петербург;sale;flat;3;14;1;50.2;15000211;Невский;Фарфоровская ;7к1;Ломоносовская;Стрижи в Невском 2
Петербургская Недвижимость;real_estate_agent;https://spb.cian.ru/sale/flat/297782842/;Санкт-Петербург;sale;flat;9;16;1;24.08;7550000;Невский;Фарфоровская ;7к2;Ломоносовская;Стрижи в Невском 2
PLEADA;representative_developer;https://spb.cian.ru/sale/flat/293372895/;Санкт-Петербург;sale;flat;4;11;1;32.9;16872664;Московский; Коли Томчака;;Московские ворота;Коллекционный Дом 1919
ID 62136997;real_estate_agent;https://spb.cian.ru/sale/flat/299210804/;Санкт-Петербург;sale;flat;2;4;1;32.0;7690000;Центральный; Маяковского;20;Маяковская;
Петербургская Недвижимость;representative_developer;https://spb.cian.ru/sale/flat/297741413/;Санкт-Петербург;sale;flat;4;12;1;29.59;9350070;Выборгский;Светлановское;;Удельная;Панорама парк Сосновка
ID 113482517;homeowner;https://spb.cian.ru/sale/flat/298770295/;Санкт-Петербург;sale;flat;21;25;1;24.3;3800000;Невский; Русановская;18к6;Ломоносовская;ЦДС Приневский
Петербургская Недвижимость;representative_developer;https://spb.cian.ru/sale/flat/299582534/;Санкт-Петербург;sale;flat;5;5;1;21.1;4550109;Московский; Струве;12;Звездная;Зеленый квартал
ID 62136997;real_estate_agent;https://spb.cian.ru/sale/flat/299521738/;Санкт-Петербург;sale;flat;3;6;1;28.2;7600000;Центральный;Моховая ;31;Гостиный двор;
Петербургская Недвижимость;representative_developer;https://spb.cian.ru/sale/flat/297483166/;Санкт-Петербург;sale;flat;5;25;1;25.5;6550185;Приморский;проспект Авиаконструкторов;69;Комендантский проспект;Чистое небо
ID 62136997;real_estate_agent;https://spb.cian.ru/sale/flat/299294035/;Санкт-Петербург;sale;flat;3;4;1;18.2;5200000;Центральный;Дмитровский переулок;11;Владимирская;
ПИА Недвижимость;representative_developer;https://spb.cian.ru/sale/flat/298740027/;Санкт-Петербург;sale;flat;3;18;1;26.94;8898225;Василеостровский;Морской;;Горный институт;Глоракс Василеостровский ЖК
Мария Юрьевна Колмакова;realtor;https://spb.cian.ru/sale/flat/299160663/;Санкт-Петербург;sale;flat;10;25;1;32.5;6300000;Приморский;Туристская ;28к3;Комендантский проспект;
Петербургская Недвижимость;representative_developer;https://spb.cian.ru/sale/flat/299394146/;Санкт-Петербург;sale;flat;1;4;1;24.85;5350118;Красносельский;проспект Буденного;13;Ленинский проспект;Солнечный город. Резиденции
СМАРТ-МЕТРЫ ДЕВЕЛОПМЕНТ;real_estate_agent;https://spb.cian.ru/sale/flat/299296270/;Санкт-Петербург;sale;flat;5;5;1;35.79;7290000;Адмиралтейский;Загородный проспект;45;Пушкинская;
РосСтройИнвест;developer;https://spb.cian.ru/sale/flat/297291596/;Санкт-Петербург;sale;flat;13;13;1;22.9;6159678;Приморский;Юнтолово;;Беговая;Тайм Сквер ЖК
ID 62136997;real_estate_agent;https://spb.cian.ru/sale/flat/299093564/;Санкт-Петербург;sale;flat;2;5;1;22.0;6120000;Центральный;4-я Советская ;7;Площадь Восстания;
Лидер Групп;developer;https://spb.cian.ru/sale/flat/295883172/;Санкт-Петербург;sale;flat;6;24;-1;27.68;6366400;Московский;Новоизмайловское;;;YE'S Leader
Маргарита Трофимова;realtor;https://spb.cian.ru/sale/flat/298104540/;Санкт-Петербург;sale;flat;3;25;1;26.8;7100000;Выборгский;Новолитовская ;4;Лесная;
Лидер Групп;developer;https://spb.cian.ru/sale/flat/295883212/;Санкт-Петербург;sale;flat;20;24;-1;24.45;6846000;Московский;Новоизмайловское;;;YE'S Leader
ID 62136997;real_estate_agent;https://spb.cian.ru/sale/flat/299553176/;Санкт-Петербург;sale;flat;2;4;1;25.0;6600000;Василеостровский;2-я Васильевского острова линия;35;Василеостровская;
Лидер Групп;developer;https://spb.cian.ru/sale/flat/299555737/;Санкт-Петербург;sale;flat;4;18;1;23.63;5954760;Невский; Тельмана;37;Ломоносовская;ИСКРА-Сити
ID 62136997;real_estate_agent;https://spb.cian.ru/sale/flat/298965940/;Санкт-Петербург;sale;flat;2;5;1;28.5;6980000;Центральный;Загородный проспект;10;Достоевская;
Лидер Групп;developer;https://spb.cian.ru/sale/flat/295883231/;Санкт-Петербург;sale;flat;20;24;-1;26.37;6856200;Московский;Новоизмайловское;;;YE'S Leader
Алексей Евдокимов;realtor;https://spb.cian.ru/sale/flat/299422603/;Санкт-Петербург;sale;flat;14;25;1;28.8;7750000;Кировский;проспект Народного ополчения;10;Ленинский проспект;
Самолет;developer;https://spb.cian.ru/sale/flat/299037745/;Санкт-Петербург;sale;flat;17;23;1;24.35;6390666;Невский;Рыбацкое;4;Рыбацкое;Живи в Рыбацком ЖК
Виктория Кирьянова;realtor;https://spb.cian.ru/sale/flat/297040877/;Санкт-Петербург;sale;flat;1;4;-1;12.0;2200000;Адмиралтейский;набережная Реки Фонтанки;189;Балтийская;
ДВА Групп;developer;https://spb.cian.ru/sale/flat/298635371/;Санкт-Петербург;sale;flat;11;16;-1;28.4;6868533;Московский;Московское шоссе;13Ж;Звездная;Апартаменты AVENUE-APART ПУЛКОВО
СМАРТ-МЕТРЫ ДЕВЕЛОПМЕНТ;real_estate_agent;https://spb.cian.ru/sale/flat/299119492/;Санкт-Петербург;sale;flat;2;4;1;32.0;7350000;Адмиралтейский;проспект Римского-Корсакова;107;Нарвская;
Петербургская Строительная Компания;developer;https://spb.cian.ru/sale/flat/292504237/;Санкт-Петербург;sale;flat;9;14;-1;60.83;12815124;Красногвардейский;Магнитогорская ;51;Ладожская;Ladozhsky AVENIR
ID 50847811;homeowner;https://spb.cian.ru/sale/flat/298906901/;Санкт-Петербург;sale;flat;16;18;1;25.0;6750000;Московский; Среднерогатская;16к2;Звездная;4YOU
Петербургская Строительная Компания;developer;https://spb.cian.ru/sale/flat/296045786/;Санкт-Петербург;sale;flat;4;14;-1;39.23;8163579;Красногвардейский;Магнитогорская ;51;Ладожская;Ladozhsky AVENIR
ID 75692385;homeowner;https://spb.cian.ru/sale/flat/298831476/;Санкт-Петербург;sale;flat;11;12;1;23.8;4300000;Красносельский;проспект Ветеранов;171к4;Проспект Ветеранов;Солнечный город
Петербургская Строительная Компания;developer;https://spb.cian.ru/sale/flat/279676521/;Санкт-Петербург;sale;flat;10;14;-1;34.97;7475239;Красногвардейский;Магнитогорская ;51;Ладожская;Ladozhsky AVENIR
ID 62136997;real_estate_agent;https://spb.cian.ru/sale/flat/299184032/;Санкт-Петербург;sale;flat;3;5;1;21.0;5700000;Центральный; Марата;37;Владимирская;
Петербургская Строительная Компания;developer;https://spb.cian.ru/sale/flat/279676556/;Санкт-Петербург;sale;flat;13;14;-1;51.26;11089450;Красногвардейский;Магнитогорская ;51;Новочеркасская;Ladozhsky AVENIR
ID 62136997;real_estate_agent;https://spb.cian.ru/sale/flat/298976329/;Санкт-Петербург;sale;flat;2;5;1;14.8;4470000;Адмиралтейский;переулок Гривцова;24;Спасская;
ЛСР Санкт-Петербург;developer;https://spb.cian.ru/sale/flat/299010048/;Санкт-Петербург;sale;flat;8;12;1;22.2;6293700;Красногвардейский;Партизанская ;5;;ЛСР. Большая Охта
СМАРТ-МЕТРЫ ДЕВЕЛОПМЕНТ;real_estate_agent;https://spb.cian.ru/sale/flat/299296465/;Санкт-Петербург;sale;flat;1;4;1;16.73;4890000;Василеостровский;набережная Лейтенанта Шмидта;35;Василеостровская;
РосСтройИнвест;developer;https://spb.cian.ru/sale/flat/297293455/;Санкт-Петербург;sale;flat;13;13;1;20.1;5424054;Приморский;Юнтолово;;Беговая;Тайм Сквер ЖК
ID 65290407;real_estate_agent;https://spb.cian.ru/sale/flat/298071569/;Санкт-Петербург;sale;flat;2;4;1;20.2;5850000;Кировский; Калинина;10;Нарвская;Калинина,10
РосСтройИнвест;developer;https://spb.cian.ru/sale/flat/297293704/;Санкт-Петербург;sale;flat;2;13;1;26.5;6033582;Приморский;Юнтолово;;Беговая;Тайм Сквер ЖК
СМАРТ-МЕТРЫ ДЕВЕЛОПМЕНТ;real_estate_agent;https://spb.cian.ru/sale/flat/297585826/;Санкт-Петербург;sale;flat;2;7;1;70.7;13490000;Адмиралтейский;11-я Красноармейская ;15Б;Балтийская;
Полис;developer;https://spb.cian.ru/sale/flat/297252241/;Санкт-Петербург;sale;flat;10;12;1;20.39;5237888;Приморский;аллея Арцеуловская;7к2;Пионерская;Полис Приморский 2
ID 15717964;realtor;https://spb.cian.ru/sale/flat/298977056/;Санкт-Петербург;sale;flat;4;10;1;32.0;13440000;Петроградский;Аптекарский проспект;18;;Skandi Klubb
Полис;developer;https://spb.cian.ru/sale/flat/273772782/;Санкт-Петербург;sale;flat;9;13;1;20.48;4857888;Приморский;аллея Арцеуловская;9;Старая Деревня;Полис Приморский 2
ID 89410543;unknown;https://spb.cian.ru/sale/flat/298391858/;Санкт-Петербург;sale;flat;13;18;-1;26.0;6787878;Фрунзенский; Салова;61;Бухарестская;Комплекс апартаментов Valo City
GloraX;developer;https://spb.cian.ru/sale/flat/279350915/;Санкт-Петербург;sale;flat;12;15;-1;38.97;10379999;Красногвардейский;Малая Охта;;;Глоракс Заневский ЖК
ID 15055055;homeowner;https://spb.cian.ru/sale/flat/298236748/;Санкт-Петербург;sale;flat;9;23;1;27.0;4900000;Пушкинский;Школьная ;17;Звездная;UP-квартал Московский
GloraX;developer;https://spb.cian.ru/sale/flat/279350868/;Санкт-Петербург;sale;flat;10;15;-1;28.38;7999999;Красногвардейский;Малая Охта;;;Глоракс Заневский ЖК
ID 91941683;realtor;https://spb.cian.ru/sale/flat/296788313/;Санкт-Петербург;sale;flat;4;5;1;17.7;6195000;Кировский; Швецова;4;Нарвская;
GloraX;developer;https://spb.cian.ru/sale/flat/297849132/;Санкт-Петербург;sale;flat;11;15;-1;29.64;8149999;Красногвардейский;переулок Уткин;;;Апарт-отель GloraX Заневский
ID 97857447;realtor;https://spb.cian.ru/sale/flat/289434570/;Санкт-Петербург;sale;flat;6;6;-1;25.6;11520000;Адмиралтейский;Мастерская ;9;Балтийская;
Лидер Групп;developer;https://spb.cian.ru/sale/flat/296280879/;Санкт-Петербург;sale;flat;9;12;1;26.8;4958000;Пушкинский;проспект Старорусский;9;;Аэросити 2
Новый Адрес;real_estate_agent;https://spb.cian.ru/sale/flat/298391928/;Санкт-Петербург;sale;flat;10;25;1;19.3;4900000;Приморский;набережная Реки Каменки;21к1;;
GloraX;developer;https://spb.cian.ru/sale/flat/287678877/;Санкт-Петербург;sale;flat;2;15;-1;22.52;8015623;Красногвардейский;переулок Уткин;;;Апарт-отель GloraX Заневский
ТРЕНД;real_estate_agent;https://spb.cian.ru/sale/flat/299113755/;Санкт-Петербург;sale;flat;8;11;1;29.0;8050000;Приморский;Озеро Долгое;15к1;Старая Деревня;ArtLine
Лидер Групп;developer;https://spb.cian.ru/sale/flat/295883225/;Санкт-Петербург;sale;flat;20;24;-1;30.93;7670640;Московский;Новоизмайловское;;;YE'S Leader
GLENDELS;real_estate_agent;https://spb.cian.ru/sale/flat/298701597/;Санкт-Петербург;sale;flat;3;6;1;20.0;4900000;Центральный;Садовая ;34;;
Лидер Групп;developer;https://spb.cian.ru/sale/flat/291891055/;Санкт-Петербург;sale;flat;11;24;-1;26.61;6705720;Московский;Новоизмайловское;;;YE'S Leader
ВАРИАНТ;real_estate_agent;https://spb.cian.ru/sale/flat/298959021/;Санкт-Петербург;sale;flat;15;26;1;28.1;5400000;Выборгский; Михаила Дудина;23к1;Парнас;Северная долина
Euroinvest Development;developer;https://spb.cian.ru/sale/flat/299037463/;Санкт-Петербург;sale;flat;3;10;-1;21.0;6930000;Выборгский; Курчатова;;Политехническая;iD Polytech
Константин Михайловер;realtor;https://spb.cian.ru/sale/flat/292548624/;Санкт-Петербург;sale;flat;3;6;-1;36.5;6083351;Красносельский; Отважных;10;Ленинский проспект;
Росстройинвест;developer;https://spb.cian.ru/sale/flat/299507940/;Санкт-Петербург;sale;flat;10;23;1;27.68;9271742;Калининский;Финляндский;;Выборгская;Беларт ЖК
Агентство недвижимости Марии Тарасовой;real_estate_agent;https://spb.cian.ru/sale/flat/295291853/;Санкт-Петербург;sale;flat;16;16;1;31.8;6750000;Приморский;Туристская ;24/42;Беговая;Якорь
ДВА Групп;developer;https://spb.cian.ru/sale/flat/298146287/;Санкт-Петербург;sale;flat;13;16;-1;20.7;5246760;Московский;Московское шоссе;13Ж;Звездная;Апартаменты AVENUE-APART ПУЛКОВО
ТРЕНД;real_estate_agent;https://spb.cian.ru/sale/flat/297129083/;Санкт-Петербург;sale;flat;2;5;1;23.7;4500000;Петроградский;Петроградская набережная;26-28;Горьковская;
ДВА Групп;developer;https://spb.cian.ru/sale/flat/298146183/;Санкт-Петербург;sale;flat;5;16;-1;21.9;5435284;Московский;Московское шоссе;13Ж;Звездная;Апартаменты AVENUE-APART ПУЛКОВО
Константин Михайловер;realtor;https://spb.cian.ru/sale/flat/294785316/;Санкт-Петербург;sale;flat;5;6;-1;23.6;3762850;Красносельский; Отважных;10;Ленинский проспект;
Стоун;developer;https://spb.cian.ru/sale/flat/297264703/;Санкт-Петербург;sale;flat;6;6;1;27.61;4314550;Московский;Пулковский меридиан;;Звездная;Перспектива ЖК
Стоун;developer;https://spb.cian.ru/sale/flat/297264639/;Санкт-Петербург;sale;flat;4;6;1;27.01;4302580;Московский;Пулковский меридиан;;Звездная;Перспектива ЖК
Единый Центр Инвестиций;real_estate_agent;https://spb.cian.ru/sale/flat/294480862/;Санкт-Петербург;sale;flat;5;17;1;20.83;4380000;Красногвардейский;м. Гражданский проспект;;Гражданский проспект;Цветной Город
Петербургская Недвижимость;representative_developer;https://spb.cian.ru/sale/flat/299044010/;Санкт-Петербург;sale;flat;2;5;1;24.28;4350077;Московский;Пулковский меридиан;;Звездная;Парадный ансамбль
Петербургская Недвижимость;representative_developer;https://spb.cian.ru/sale/flat/298999822/;Санкт-Петербург;sale;flat;1;5;1;25.89;4350024;Московский;Пулковский меридиан;;Звездная;Парадный ансамбль
ЛСР Санкт-Петербург;developer;https://spb.cian.ru/sale/flat/296626744/;Санкт-Петербург;sale;flat;24;25;1;27.3;4381650;Красногвардейский;Полюстрово;;Академическая;Цветной Город
Самолет;developer;https://spb.cian.ru/sale/flat/293180990/;Санкт-Петербург;sale;flat;11;11;1;21.34;4350733;Колпинский;;к32;Рыбацкое;Новое Колпино ЖК
Самолет;developer;https://spb.cian.ru/sale/flat/284769162/;Санкт-Петербург;sale;flat;4;11;1;21.34;4397340;Колпинский;;к36;Рыбацкое;Новое Колпино ЖК
ФСК;developer;https://spb.cian.ru/sale/flat/295183197/;Санкт-Петербург;sale;flat;8;14;-1;25.38;4351269;Невский;Невский;;;Зум на Неве ЖК
Технополис;developer;https://spb.cian.ru/sale/flat/293979162/;Санкт-Петербург;sale;flat;4;8;1;26.51;4360895;Красносельский; Лермонтова;15к2Ж;Проспект Ветеранов;Новикола
Самолет Плюс Санкт-Петербург;real_estate_agent;https://spb.cian.ru/sale/flat/298729595/;Санкт-Петербург;sale;flat;7;13;1;19.2;4350000;Приморский;Планерная ;93;Комендантский проспект;
КВС;developer;https://spb.cian.ru/sale/flat/295854354/;Санкт-Петербург;sale;flat;1;4;1;24.1;4390078;Петродворцовый;;;Проспект Ветеранов;Любоград ЖК
КВС;developer;https://spb.cian.ru/sale/flat/295854240/;Санкт-Петербург;sale;flat;1;4;1;24.59;4396824;Петродворцовый;;;Проспект Ветеранов;Любоград ЖК
ID 62537474;homeowner;https://spb.cian.ru/sale/flat/299131032/;Санкт-Петербург;sale;flat;19;19;1;30.7;4370000;Выборгский;Заречная ;13к1;Парнас;
ID 78365218;unknown;https://spb.cian.ru/sale/flat/296961931/;Санкт-Петербург;sale;flat;5;13;1;24.5;4390000;Красносельский; Летчика Лихолетова;14к2;Проспект Ветеранов;Солнечный город
Самолет;developer;https://spb.cian.ru/sale/flat/299406009/;Санкт-Петербург;sale;flat;7;11;1;24.29;4404927;Колпинский;;к38;Рыбацкое;Новое Колпино ЖК
Технополис;developer;https://spb.cian.ru/sale/flat/299599907/;Санкт-Петербург;sale;flat;7;8;1;27.2;4433600;Красносельский; Лермонтова;15к2Б;Проспект Ветеранов;Новикола
Полис;developer;https://spb.cian.ru/sale/flat/286068854/;Санкт-Петербург;sale;flat;10;13;1;20.62;4437000;Приморский;аллея Арцеуловская;9;Старая Деревня;Полис Приморский 2
Петербургская Недвижимость;representative_developer;https://spb.cian.ru/sale/flat/297392395/;Санкт-Петербург;sale;flat;3;4;1;21.9;4450101;Пушкинский;шоссе Колпинское;127;Купчино;Univer City. Город возможностей
ЛСР Санкт-Петербург;developer;https://spb.cian.ru/sale/flat/297353379/;Санкт-Петербург;sale;flat;16;23;1;25.5;4482900;Красногвардейский;Полюстрово;;Академическая;Цветной Город
Лидер Групп;developer;https://spb.cian.ru/sale/flat/294605911/;Санкт-Петербург;sale;flat;4;25;1;20.81;4474150;Красносельский; Маршала Казакова;64к1;;Южный Форт
Лидер Групп;developer;https://spb.cian.ru/sale/flat/296280970/;Санкт-Петербург;sale;flat;12;12;1;26.3;4471000;Пушкинский;проспект Старорусский;9;;Аэросити 2
Колвэй;real_estate_agent;https://spb.cian.ru/sale/flat/298875151/;Санкт-Петербург;sale;flat;3;20;1;25.4;4490000;Пушкинский;Первомайская ;5к1;Звездная;Шушары
Шельф;developer;https://spb.cian.ru/sale/flat/296842494/;Санкт-Петербург;sale;flat;16;26;1;23.4;4492800;Пушкинский;проспект Новгородский;2к3;Шушары;Simple
ID 64402380;realtor;https://spb.cian.ru/sale/flat/299034153/;Санкт-Петербург;sale;flat;13;18;1;17.0;4450000;Фрунзенский; Салова;61;Бухарестская;Комплекс апартаментов Valo City
Петербургская Недвижимость;representative_developer;https://spb.cian.ru/sale/flat/295774761/;Санкт-Петербург;sale;flat;2;5;1;24.44;4500063;Московский;Пулковское шоссе;95к3;Звездная;Парадный ансамбль
Петербургская Недвижимость;representative_developer;https://spb.cian.ru/sale/flat/289807852/;Санкт-Петербург;sale;flat;1;5;1;24.62;4500142;Московский;Пулковское шоссе;95к3;Звездная;Парадный ансамбль
Петербургская Недвижимость;representative_developer;https://spb.cian.ru/sale/flat/298355540/;Санкт-Петербург;sale;flat;5;5;1;24.04;4500179;Московский;Пулковское шоссе;103В;Звездная;Парадный ансамбль
;;https://spb.cian.ru/sale/flat/298270720/;Санкт-Петербург;sale;flat;2;9;1;27.59;4524760;Колпинский;Заречье тер.;;Рыбацкое;Квартал Заречье
Самолет;developer;https://spb.cian.ru/sale/flat/288561381/;Санкт-Петербург;sale;flat;1;9;1;22.6;4504300;Курортный;;2;Проспект Просвещения;Курортный квартал ЖК
Стоун;developer;https://spb.cian.ru/sale/flat/297264797/;Санкт-Петербург;sale;flat;6;6;1;28.56;4547480;Московский;Пулковский меридиан;;Звездная;Перспектива ЖК
Диалог;real_estate_agent;https://spb.cian.ru/sale/flat/298222203/;Санкт-Петербург;sale;flat;22;25;1;25.5;4500000;Невский; Русановская;16к1;Ломоносовская;ЦДС Приневский
Группа Аквилон;developer;https://spb.cian.ru/sale/flat/294872748/;Санкт-Петербург;sale;flat;8;13;1;23.61;4531319;Пушкинский;;;Купчино;Аквилон All In 3.0
КВС;developer;https://spb.cian.ru/sale/flat/295853939/;Санкт-Петербург;sale;flat;1;4;1;25.72;4541108;Петродворцовый;;;Проспект Ветеранов;Любоград ЖК
Единый Центр Инвестиций;real_estate_agent;https://spb.cian.ru/sale/flat/289902337/;Санкт-Петербург;sale;flat;9;20;-1;22.1;4570000;Выборгский;проезд Толубеевский;8к2;;Комплекс апартаментов START
Петербургская Недвижимость;representative_developer;https://spb.cian.ru/sale/flat/297392410/;Санкт-Петербург;sale;flat;1;4;1;24.6;4550016;Пушкинский;шоссе Колпинское;127;Купчино;Univer City. Город возможностей
Петербургская Недвижимость;representative_developer;https://spb.cian.ru/sale/flat/295505168/;Санкт-Петербург;sale;flat;1;4;1;26.01;4550150;Пушкинский;;;Шушары;Универ Сити ЖК
Шельф;developer;https://spb.cian.ru/sale/flat/296746332/;Санкт-Петербург;sale;flat;20;26;1;24.6;4575600;Пушкинский;проспект Новгородский;2к3;Купчино;Simple
Группа Аквилон;developer;https://spb.cian.ru/sale/flat/294872482/;Санкт-Петербург;sale;flat;2;13;1;26.25;4595957;Пушкинский;;;Купчино;Аквилон All In 3.0
Стоун;developer;https://spb.cian.ru/sale/flat/297264523/;Санкт-Петербург;sale;flat;2;6;1;29.93;4584360;Московский;Пулковский меридиан;;Звездная;Перспектива ЖК
Реновация Консалт;real_estate_agent;https://spb.cian.ru/sale/flat/299531114/;Санкт-Петербург;sale;flat;4;4;-1;32.0;4595000;Центральный;Социалистическая ;7/11В;Звенигородская;
Петербургская Недвижимость;representative_developer;https://spb.cian.ru/sale/flat/297741478/;Санкт-Петербург;sale;flat;4;5;1;24.22;4600165;Московский;Пулковское шоссе;99к6;Звездная;Парадный ансамбль
Петербургская Недвижимость;representative_developer;https://spb.cian.ru/sale/flat/292871095/;Санкт-Петербург;sale;flat;1;5;1;26.32;4600130;Московский;Пулковское шоссе;95к3;Звездная;Парадный ансамбль
СОЮЗ;real_estate_agent;https://spb.cian.ru/sale/flat/295271261/;Санкт-Петербург;sale;flat;3;4;-1;13.1;4612031;Центральный; Константина Заслонова;8Б;Лиговский проспект;
Единый Центр Инвестиций;real_estate_agent;https://spb.cian.ru/sale/flat/290579134/;Санкт-Петербург;sale;flat;2;5;1;23.55;4660000;Пушкинский;;;Купчино;ЮгТаун ЖК
Петербургская Недвижимость;representative_developer;https://spb.cian.ru/sale/flat/299633260/;Санкт-Петербург;sale;flat;4;4;1;21.56;4650039;Петродворцовый;;;Автово;Дворцовый фасад ЖК
Петербургская Недвижимость;representative_developer;https://spb.cian.ru/sale/flat/281018155/;Санкт-Петербург;sale;flat;1;4;1;25.6;4650112;Пушкинский;шоссе Колпинское;127;Купчино;Univer City. Город возможностей
Петербургская Недвижимость;representative_developer;https://spb.cian.ru/sale/flat/299178315/;Санкт-Петербург;sale;flat;5;5;1;24.18;4650116;Московский;Пулковское шоссе;95к4;Звездная;Парадный ансамбль
Петербургская Недвижимость;representative_developer;https://spb.cian.ru/sale/flat/297904400/;Санкт-Петербург;sale;flat;5;5;1;25.38;4650060;Московский;Пулковское шоссе;103В;Звездная;Парадный ансамбль
Петербургская Недвижимость;representative_developer;https://spb.cian.ru/sale/flat/295920928/;Санкт-Петербург;sale;flat;5;5;1;25.53;4650200;Московский;Пулковское шоссе;103В;Звездная;Парадный ансамбль
ТРЕНД;real_estate_agent;https://spb.cian.ru/sale/flat/295154125/;Санкт-Петербург;sale;flat;2;26;1;21.7;4650000;Приморский;набережная Реки Каменки;21к1;Проспект Просвещения;
Эталон СПБ;developer;https://spb.cian.ru/sale/flat/298655267/;Санкт-Петербург;sale;flat;5;12;1;24.7;4694493;Пушкинский;;;Звездная;Монография ЖК
Самолет;developer;https://spb.cian.ru/sale/flat/296760139/;Санкт-Петербург;sale;flat;1;10;1;23.1;4691087;Курортный;;;Парнас;Курортный квартал ЖК
Петербургская Недвижимость;representative_developer;https://spb.cian.ru/sale/flat/299582528/;Санкт-Петербург;sale;flat;1;5;1;24.5;4650014;Московский; Струве;12;Звездная;Зеленый квартал
Петербургская Недвижимость;representative_developer;https://spb.cian.ru/sale/flat/299582544/;Санкт-Петербург;sale;flat;1;5;1;25.9;4650008;Московский; Струве;12;Звездная;Зеленый квартал
Лидер Групп;developer;https://spb.cian.ru/sale/flat/295100680/;Санкт-Петербург;sale;flat;2;12;1;25.9;4662000;Пушкинский;;;;Аэросити 6 ЖК
ЦАН - Центральное Агентство Недвижимости;real_estate_agent;https://spb.cian.ru/sale/flat/298618769/;Санкт-Петербург;sale;flat;17;21;-1;25.7;4650000;Выборгский;проезд Толубеевский;8к2;Парнас;Комплекс апартаментов START
Группа Аквилон;developer;https://spb.cian.ru/sale/flat/294872771/;Санкт-Петербург;sale;flat;2;13;1;26.51;4652527;Пушкинский;;;Купчино;Аквилон All In 3.0
Capital-Estate;real_estate_agent;https://spb.cian.ru/sale/flat/297715920/;Санкт-Петербург;sale;flat;13;23;1;25.6;4699900;Красногвардейский;Полюстрово;8к4;Девяткино;Цветной Город
КВС;developer;https://spb.cian.ru/sale/flat/292309981/;Санкт-Петербург;sale;flat;1;5;1;26.88;4691201;Пушкинский;;;Звездная;ЮгТаун ЖК
ДВА Групп;developer;https://spb.cian.ru/sale/flat/299081841/;Санкт-Петербург;sale;flat;2;16;-1;17.69;4670659;Московский;Московское шоссе;13Ж;Звездная;Апартаменты AVENUE-APART ПУЛКОВО
Петербургская Недвижимость;representative_developer;https://spb.cian.ru/sale/flat/296729847/;Санкт-Петербург;sale;flat;3;4;1;24.4;4700098;Пушкинский;шоссе Колпинское;127;Купчино;Univer City. Город возможностей
Петербургская Недвижимость;representative_developer;https://spb.cian.ru/sale/flat/295216804/;Санкт-Петербург;sale;flat;1;4;1;26.73;4700189;Пушкинский;;;Шушары;Универ Сити ЖК
Лидер Групп;developer;https://spb.cian.ru/sale/flat/296280971/;Санкт-Петербург;sale;flat;12;12;1;27.7;4709000;Пушкинский;проспект Старорусский;9;;Аэросити 2
Лидер Групп;developer;https://spb.cian.ru/sale/flat/286945695/;Санкт-Петербург;sale;flat;4;12;1;24.15;4709250;Пушкинский;;;;Аэросити 3 ЖК
Лидер Групп;developer;https://spb.cian.ru/sale/flat/295100670/;Санкт-Петербург;sale;flat;10;12;1;24.9;4731000;Пушкинский;;;;Аэросити 6 ЖК
Группа Аквилон;developer;https://spb.cian.ru/sale/flat/294872776/;Санкт-Петербург;sale;flat;3;13;1;27.79;4719961;Пушкинский;;;Купчино;Аквилон All In 3.0
КВС;developer;https://spb.cian.ru/sale/flat/292309795/;Санкт-Петербург;sale;flat;2;5;1;24.79;4701940;Пушкинский;;;Звездная;ЮгТаун ЖК
Самолет;developer;https://spb.cian.ru/sale/flat/287034699/;Санкт-Петербург;sale;flat;1;8;1;23.76;4784300;Колпинский;;10;Шушары;Астрид ЖК
Единый Центр Инвестиций;real_estate_agent;https://spb.cian.ru/sale/flat/297211538/;Санкт-Петербург;sale;flat;3;7;-1;19.2;4760000;Приморский;Приморский проспект;6;;
Петербургская Недвижимость;representative_developer;https://spb.cian.ru/sale/flat/299582478/;Санкт-Петербург;sale;flat;1;5;1;26.6;4750134;Московский;Пулковский меридиан;;Звездная;Зеленый квартал ЖК
Лидер Групп;developer;https://spb.cian.ru/sale/flat/299556202/;Санкт-Петербург;sale;flat;2;18;1;21.31;4794750;Невский; Тельмана;37;Ломоносовская;ИСКРА-Сити
Полис;developer;https://spb.cian.ru/sale/flat/298558864/;Санкт-Петербург;sale;flat;7;13;1;20.39;4785888;Приморский;аллея Арцеуловская;9;Пионерская;Полис Приморский 2
ЛСР Санкт-Петербург;developer;https://spb.cian.ru/sale/flat/296206060/;Санкт-Петербург;sale;flat;2;25;1;20.6;4789500;Невский;Октябрьская набережная ЖК;;Елизаровская;Октябрьская набережная ЖК
Петербургская Недвижимость;representative_developer;https://spb.cian.ru/sale/flat/295923059/;Санкт-Петербург;sale;flat;1;4;1;25.77;4750209;Петродворцовый;;;Автово;Дворцовый фасад ЖК
Лидер Групп;developer;https://spb.cian.ru/sale/flat/294605926/;Санкт-Петербург;sale;flat;2;25;1;22.77;4781700;Красносельский; Маршала Казакова;64к1;;Южный Форт
ТРЕНД;real_estate_agent;https://spb.cian.ru/sale/flat/295773953/;Санкт-Петербург;sale;flat;3;14;-1;22.8;4750000;Выборгский;Большой Сампсониевский проспект;74к2;Лесная;Апартаменты Vertiсal We&I
ТРЕНД;real_estate_agent;https://spb.cian.ru/sale/flat/295730791/;Санкт-Петербург;sale;flat;6;13;1;22.1;4790000;Приморский;Планерная ;87к1;Комендантский проспект;FoRest Аквилон
КВС;developer;https://spb.cian.ru/sale/flat/279689546/;Санкт-Петербург;sale;flat;1;5;1;25.05;4761820;Пушкинский;Пулковское тер.;;Звездная;ЮгТаун. Олимпийские кварталы
;;https://spb.cian.ru/sale/flat/298279653/;Санкт-Петербург;sale;flat;10;13;-1;30.8;4774000;Невский;Варфоломеевская ;6;Ломоносовская;Апарт-отель Начало
;;https://spb.cian.ru/sale/flat/292413282/;Санкт-Петербург;sale;flat;1;6;1;25.2;4788000;Курортный; Строителей;3к1;;Granholm Village
ID 82272770;homeowner;https://spb.cian.ru/sale/flat/299026636/;Санкт-Петербург;sale;flat;8;26;1;25.0;4770000;Пушкинский;проспект Новгородский;2к1;Звездная;Шушары
ТРЕНД;real_estate_agent;https://spb.cian.ru/sale/flat/296205419/;Санкт-Петербург;sale;flat;20;24;1;21.0;4800000;Приморский; Плесецкая;10с1;Комендантский проспект;Полис на Комендантском
Петербургская Недвижимость;representative_developer;https://spb.cian.ru/sale/flat/294535252/;Санкт-Петербург;sale;flat;5;5;1;24.67;4800128;Московский;Пулковское шоссе;99к6;Звездная;Парадный ансамбль
Самолет;developer;https://spb.cian.ru/sale/flat/284756176/;Санкт-Петербург;sale;flat;1;16;1;21.68;4832815;Невский; Гудиловская;9;Рыбацкое;Живи! в Рыбацком
КВС;developer;https://spb.cian.ru/sale/flat/295854211/;Санкт-Петербург;sale;flat;1;4;1;28.28;4834260;Петродворцовый;;;Проспект Ветеранов;Любоград ЖК
Лидер Групп;developer;https://spb.cian.ru/sale/flat/294606171/;Санкт-Петербург;sale;flat;4;25;1;23.61;4840050;Красносельский; Маршала Казакова;64к1;;Южный Форт
КВС;developer;https://spb.cian.ru/sale/flat/295838385/;Санкт-Петербург;sale;flat;1;5;1;27.77;4821076;Пушкинский;;;Звездная;ЮгТаун ЖК
;;https://spb.cian.ru/sale/flat/292413418/;Санкт-Петербург;sale;flat;1;6;1;25.3;4807000;Курортный; Строителей;3к2;;Granholm Village
;;https://spb.cian.ru/sale/flat/292413226/;Санкт-Петербург;sale;flat;1;6;1;25.5;4845000;Курортный; Строителей;3к1;;Granholm Village
Самолет;developer;https://spb.cian.ru/sale/flat/299577812/;Санкт-Петербург;sale;flat;5;8;1;22.0;4887920;Курортный;;6;Проспект Просвещения;Курортный квартал ЖК
ФСК;developer;https://spb.cian.ru/sale/flat/295182105/;Санкт-Петербург;sale;flat;2;17;-1;29.36;4853533;Невский;Невский;;;Зум на Неве ЖК
Петербургская Недвижимость;representative_developer;https://spb.cian.ru/sale/flat/299582520/;Санкт-Петербург;sale;flat;2;5;1;26.2;4850183;Московский; Струве;10к2;Звездная;Зеленый квартал
Петербургская Недвижимость;representative_developer;https://spb.cian.ru/sale/flat/299582527/;Санкт-Петербург;sale;flat;3;5;1;24.8;4850086;Московский; Струве;10к2;Звездная;Зеленый квартал
Петербургская Недвижимость;representative_developer;https://spb.cian.ru/sale/flat/299582507/;Санкт-Петербург;sale;flat;4;5;1;24.2;4850200;Московский; Струве;12;Звездная;Зеленый квартал
ТРЕНД;real_estate_agent;https://spb.cian.ru/sale/flat/298986472/;Санкт-Петербург;sale;flat;2;12;1;23.6;4850000;Красносельский;проспект Ветеранов;171к4;Проспект Ветеранов;Солнечный город
ID 70763998;unknown;https://spb.cian.ru/sale/flat/296440950/;Санкт-Петербург;sale;flat;8;24;1;22.0;4870000;Приморский; Плесецкая;10;Комендантский проспект;Полис на Комендантском
Лидер Групп;developer;https://spb.cian.ru/sale/flat/299556128/;Санкт-Петербург;sale;flat;4;18;1;20.18;4903740;Невский; Тельмана;37;Ломоносовская;ИСКРА-Сити
Лидер Групп;developer;https://spb.cian.ru/sale/flat/299556182/;Санкт-Петербург;sale;flat;2;18;1;21.9;4927500;Невский; Тельмана;37;Ломоносовская;ИСКРА-Сити
Петербургская Недвижимость;representative_developer;https://spb.cian.ru/sale/flat/298769482/;Санкт-Петербург;sale;flat;9;12;1;21.6;4900100;Приморский;Коломяги;;Проспект Просвещения;Бионика Заповедная
Технополис;developer;https://spb.cian.ru/sale/flat/293979034/;Санкт-Петербург;sale;flat;4;8;1;30.33;4943790;Красносельский; Лермонтова;15к2Ж;Проспект Ветеранов;Новикола
Самолет;developer;https://spb.cian.ru/sale/flat/296287945/;Санкт-Петербург;sale;flat;3;9;1;18.28;4938214;Курортный;;581;Проспект Просвещения;Курортный квартал ЖК
Самолет;developer;https://spb.cian.ru/sale/flat/296759890/;Санкт-Петербург;sale;flat;2;9;1;24.2;4921631;Курортный;;;Беговая;Курортный квартал ЖК
Лидер Групп;developer;https://spb.cian.ru/sale/flat/296280875/;Санкт-Петербург;sale;flat;9;12;1;26.7;4939500;Пушкинский;проспект Старорусский;9;;Аэросити 2
ДВА Групп;developer;https://spb.cian.ru/sale/flat/298635450/;Санкт-Петербург;sale;flat;13;16;-1;19.4;4937749;Московский;Московское шоссе;13Ж;Звездная;Апартаменты AVENUE-APART ПУЛКОВО
ID 17866970;homeowner;https://spb.cian.ru/sale/flat/298983185/;Санкт-Петербург;sale;flat;16;24;1;23.9;4900000;Приморский; Плесецкая;10;Комендантский проспект;Полис на Комендантском
ID 32123062;realtor;https://spb.cian.ru/sale/flat/298727010/;Санкт-Петербург;sale;flat;11;13;-1;18.4;4900000;Приморский; Матроса Железняка;2;Черная речка;Апартаменты Best Western Zoom Hotel
Петербургская Недвижимость;representative_developer;https://spb.cian.ru/sale/flat/295216813/;Санкт-Петербург;sale;flat;1;4;1;28.3;4950278;Пушкинский;;;Шушары;Универ Сити ЖК
Лидер Групп;developer;https://spb.cian.ru/sale/flat/286945298/;Санкт-Петербург;sale;flat;11;12;1;25.7;4972950;Пушкинский;;;;Аэросити 3 ЖК
ЛСР Санкт-Петербург;developer;https://spb.cian.ru/sale/flat/296206058/;Санкт-Петербург;sale;flat;2;25;1;21.5;4966500;Невский;Октябрьская набережная ЖК;;Елизаровская;Октябрьская набережная ЖК
Технополис;developer;https://spb.cian.ru/sale/flat/299600120/;Санкт-Петербург;sale;flat;3;8;1;30.43;4960090;Красносельский; Лермонтова;15к2Б;Проспект Ветеранов;Новикола
Сергей Тарасов;realtor;https://spb.cian.ru/sale/flat/298756071/;Санкт-Петербург;sale;flat;13;20;1;25.5;4980000;Приморский;аллея Арцеуловская;23к1;Комендантский проспект;Чистое небо
Аквилон;developer;https://spb.cian.ru/sale/flat/295861398/;Санкт-Петербург;sale;flat;24;25;1;23.4;4952310;Невский; Русановская;24;Пролетарская;Аквилон SKY
Аквилон;developer;https://spb.cian.ru/sale/flat/293293223/;Санкт-Петербург;sale;flat;15;25;1;25.2;4994769;Невский; Русановская;24;Пролетарская;Аквилон SKY
КВС;developer;https://spb.cian.ru/sale/flat/279688759/;Санкт-Петербург;sale;flat;1;5;1;26.65;4999680;Пушкинский;Пулковское тер.;;Звездная;ЮгТаун. Олимпийские кварталы
КВС;developer;https://spb.cian.ru/sale/flat/295838324/;Санкт-Петербург;sale;flat;3;5;1;26.44;4983810;Пушкинский;;;Звездная;ЮгТаун ЖК
КВС;developer;https://spb.cian.ru/sale/flat/279689007/;Санкт-Петербург;sale;flat;1;5;1;22.3;4988510;Пушкинский; Нины Петровой;8к1;Купчино;ЮгТаун. Олимпийские кварталы
КВС;developer;https://spb.cian.ru/sale/flat/279690477/;Санкт-Петербург;sale;flat;1;5;1;22.3;4988510;Пушкинский; Нины Петровой;10к1;Купчино;ЮгТаун. Олимпийские кварталы
КВС;developer;https://spb.cian.ru/sale/flat/279690634/;Санкт-Петербург;sale;flat;1;5;1;22.3;4988510;Пушкинский; Нины Петровой;6к1;Купчино;ЮгТаун. Олимпийские кварталы
Петербургская Строительная Компания;developer;https://spb.cian.ru/sale/flat/299100878/;Санкт-Петербург;sale;flat;3;25;1;21.95;5038169;Приморский;Коломяги;;Проспект Просвещения;Френдс ЖК
Петербургская Недвижимость;representative_developer;https://spb.cian.ru/sale/flat/296145557/;Санкт-Петербург;sale;flat;4;4;1;24.3;5000162;Пушкинский;шоссе Колпинское;129;Купчино;Univer City. Город возможностей
ЛСР Санкт-Петербург;developer;https://spb.cian.ru/sale/flat/296594271/;Санкт-Петербург;sale;flat;2;25;1;25.2;5002200;Невский;Октябрьская набережная ЖК;;Елизаровская;Октябрьская набережная ЖК
ФСК;developer;https://spb.cian.ru/sale/flat/295182755/;Санкт-Петербург;sale;flat;1;5;1;24.8;5036904;Пушкинский; Архитектора Данини;23к2;;UP-квартал Пушкинский
Самолет;developer;https://spb.cian.ru/sale/flat/299577821/;Санкт-Петербург;sale;flat;3;9;1;21.1;5005938;Курортный;;10;Проспект Просвещения;Курортный квартал ЖК
Лидер Групп;developer;https://spb.cian.ru/sale/flat/294606353/;Санкт-Петербург;sale;flat;2;25;1;25.11;5022000;Красносельский; Маршала Казакова;64к1;;Южный Форт
Лидер Групп;developer;https://spb.cian.ru/sale/flat/297649609/;Санкт-Петербург;sale;flat;6;24;-1;21.01;5042400;Московский;Новоизмайловское;;;YE'S Leader
РосСтройИнвест;developer;https://spb.cian.ru/sale/flat/297293274/;Санкт-Петербург;sale;flat;2;13;1;21.1;5049348;Приморский;Юнтолово;;Беговая;Тайм Сквер ЖК
СОЮЗ;real_estate_agent;https://spb.cian.ru/sale/flat/297540681/;Санкт-Петербург;sale;flat;1;5;-1;20.6;5047000;Василеостровский;27-я Васильевского острова линия;10к2;Василеостровская;
Самолет;developer;https://spb.cian.ru/sale/flat/294577165/;Санкт-Петербург;sale;flat;1;23;1;20.95;5063168;Невский;Рыбацкое;4;Рыбацкое;Живи в Рыбацком ЖК
ФСК;developer;https://spb.cian.ru/sale/flat/297552969/;Санкт-Петербург;sale;flat;7;13;-1;22.79;5069407;Приморский;Коломяжский проспект;4;Черная речка;Апартаменты Zoom Черная Речка
ДВА Групп;developer;https://spb.cian.ru/sale/flat/298635461/;Санкт-Петербург;sale;flat;3;16;-1;20.0;5090466;Московский;Московское шоссе;13Ж;Звездная;Апартаменты AVENUE-APART ПУЛКОВО
Самолет;developer;https://spb.cian.ru/sale/flat/299389557/;Санкт-Петербург;sale;flat;1;23;1;21.45;5055102;Невский;Рыбацкое;5;Рыбацкое;Живи в Рыбацком ЖК
Петербургская Недвижимость;representative_developer;https://spb.cian.ru/sale/flat/295922915/;Санкт-Петербург;sale;flat;1;4;1;26.81;5050159;Петродворцовый;;;Автово;Дворцовый фасад ЖК
GloraX;developer;https://spb.cian.ru/sale/flat/297535229/;Санкт-Петербург;sale;flat;1;15;1;30.64;5099999;Выборгский;;;;Глоракс Парголово ЖК
Группа Аквилон;developer;https://spb.cian.ru/sale/flat/284845900/;Санкт-Петербург;sale;flat;2;13;1;28.76;5053960;Пушкинский;;;Купчино;Аквилон All In 3.0
ГлавстройСПб;developer;https://spb.cian.ru/sale/flat/297361478/;Санкт-Петербург;sale;flat;3;27;1;21.26;5081140;Выборгский;Заречная ;50;Парнас;Северная долина
;;https://spb.cian.ru/sale/flat/298270725/;Санкт-Петербург;sale;flat;3;9;1;31.5;5071500;Колпинский;Заречье тер.;;Рыбацкое;Квартал Заречье
;;https://spb.cian.ru/sale/flat/292227802/;Санкт-Петербург;sale;flat;7;12;1;22.9;5088888;Пушкинский;проспект Старорусский;5к1;Шушары;Chkalov
;;https://spb.cian.ru/sale/flat/292413399/;Санкт-Петербург;sale;flat;1;6;1;26.8;5092000;Курортный; Строителей;3к2;;Granholm Village
Петербургская Строительная Компания;developer;https://spb.cian.ru/sale/flat/279676946/;Санкт-Петербург;sale;flat;12;12;-1;25.22;5100000;Кировский;Автово;5к1;Кировский завод;Апарт-отель Kirovsky AVENIR
ПИК;developer;https://spb.cian.ru/sale/flat/289280605/;Санкт-Петербург;sale;flat;2;15;-1;23.25;5123937;Красногвардейский;проспект Энергетиков;6;Ладожская;Вольта
Петербургская Недвижимость;representative_developer;https://spb.cian.ru/sale/flat/296375852/;Санкт-Петербург;sale;flat;4;4;1;24.6;5100158;Пушкинский;шоссе Колпинское;129;Купчино;Univer City. Город возможностей
GloraX;developer;https://spb.cian.ru/sale/flat/297535259/;Санкт-Петербург;sale;flat;2;15;1;29.74;5149999;Выборгский;;;;Глоракс Парголово ЖК
Технополис;developer;https://spb.cian.ru/sale/flat/299599940/;Санкт-Петербург;sale;flat;1;8;1;32.11;5137600;Красносельский; Лермонтова;15к2Б;Проспект Ветеранов;Новикола
Росстройинвест;developer;https://spb.cian.ru/sale/flat/294544943/;Санкт-Петербург;sale;flat;1;12;1;22.33;5114222;Красногвардейский;Полюстрово;;Академическая;Академик
Самолет;developer;https://spb.cian.ru/sale/flat/299577845/;Санкт-Петербург;sale;flat;7;8;1;20.31;5149798;Курортный;;581;Проспект Просвещения;Курортный квартал ЖК
Самолет;developer;https://spb.cian.ru/sale/flat/298629851/;Санкт-Петербург;sale;flat;1;9;1;25.21;5137998;Курортный;;582;Парнас;Курортный квартал ЖК
Самолет;developer;https://spb.cian.ru/sale/flat/299577810/;Санкт-Петербург;sale;flat;5;8;1;24.9;5104643;Курортный;;6;Проспект Просвещения;Курортный квартал ЖК
Полис;developer;https://spb.cian.ru/sale/flat/298845876/;Санкт-Петербург;sale;flat;10;13;1;21.58;5136888;Приморский;аллея Арцеуловская;9;Пионерская;Полис Приморский 2
ТРЕНД;real_estate_agent;https://spb.cian.ru/sale/flat/298864355/;Санкт-Петербург;sale;flat;6;25;1;24.9;5100000;Невский;проспект Советский;34к2;Рыбацкое;Невские паруса
К-25;developer;https://spb.cian.ru/sale/flat/294911353/;Санкт-Петербург;sale;flat;3;12;-1;21.64;5193600;Приморский;м. Комендантский проспект;;Комендантский проспект;YE'S Primorsky Комплекс Апартаментов
ДВА Групп;developer;https://spb.cian.ru/sale/flat/298635487/;Санкт-Петербург;sale;flat;13;16;-1;20.5;5196077;Московский;Московское шоссе;13Ж;Звездная;Апартаменты AVENUE-APART ПУЛКОВО
Самолет;developer;https://spb.cian.ru/sale/flat/298583461/;Санкт-Петербург;sale;flat;9;9;1;21.54;5181990;Курортный;;582;Парнас;Курортный квартал ЖК
Лидер Групп;developer;https://spb.cian.ru/sale/flat/287741909/;Санкт-Петербург;sale;flat;6;24;-1;21.54;5169600;Московский;Новоизмайловское;;;YE'S Leader
ФСК;representative_developer;https://spb.cian.ru/sale/flat/299059195/;Санкт-Петербург;sale;flat;9;16;1;21.55;5185684;Московский;Московское шоссе;13Ж;Звездная;Апартаменты AVENUE-APART ПУЛКОВО
ID 57782045;homeowner;https://spb.cian.ru/sale/flat/299372531/;Санкт-Петербург;sale;flat;5;13;-1;18.4;5150000;Приморский; Матроса Железняка;2;Черная речка;Апартаменты Best Western Zoom Hotel
Самолет;developer;https://spb.cian.ru/sale/flat/295660146/;Санкт-Петербург;sale;flat;2;10;1;23.28;5204300;Красносельский;Константиновское;;Проспект Ветеранов;Сандэй ЖК
Петербургская Строительная Компания;developer;https://spb.cian.ru/sale/flat/299571908/;Санкт-Петербург;sale;flat;6;25;1;26.18;5226102;Приморский;набережная Реки Каменки;15к3;Озерки;Friends
Самолет;developer;https://spb.cian.ru/sale/flat/298629850/;Санкт-Петербург;sale;flat;1;9;1;26.01;5221276;Курортный;;582;Парнас;Курортный квартал ЖК
Самолет;developer;https://spb.cian.ru/sale/flat/296759960/;Санкт-Петербург;sale;flat;2;7;1;27.1;5234902;Курортный;;;Проспект Просвещения;Курортный квартал ЖК
Группа Аквилон;developer;https://spb.cian.ru/sale/flat/264975565/;Санкт-Петербург;sale;flat;1;13;1;19.9;5237193;Приморский;Планерная ;87к1;Комендантский проспект;FoRest Аквилон
ТРЕНД;real_estate_agent;https://spb.cian.ru/sale/flat/297997189/;Санкт-Петербург;sale;flat;11;20;1;24.6;5200000;Приморский;аллея Арцеуловская;23к1;Комендантский проспект;Чистое небо
Группа Аквилон;developer;https://spb.cian.ru/sale/flat/294872683/;Санкт-Петербург;sale;flat;2;13;1;29.75;5227630;Пушкинский;;;Купчино;Аквилон All In 3.0
ФСК;developer;https://spb.cian.ru/sale/flat/298730007/;Санкт-Петербург;sale;flat;3;13;-1;19.23;5249540;Приморский;Коломяжский проспект;4;Черная речка;Апартаменты Zoom Черная Речка
КВС;developer;https://spb.cian.ru/sale/flat/279689117/;Санкт-Петербург;sale;flat;2;5;1;26.45;5240000;Пушкинский;Пулковское тер.;;Звездная;ЮгТаун. Олимпийские кварталы
;;https://spb.cian.ru/sale/flat/292413420/;Санкт-Петербург;sale;flat;1;6;1;27.5;5225000;Курортный; Строителей;3к2;;Granholm Village
Самолет;developer;https://spb.cian.ru/sale/flat/299405979/;Санкт-Петербург;sale;flat;5;8;1;23.37;5287677;Колпинский;;10;Шушары;Астрид ЖК
Самолет;developer;https://spb.cian.ru/sale/flat/287034636/;Санкт-Петербург;sale;flat;1;8;1;24.75;5250719;Колпинский;;10;Шушары;Астрид ЖК
Петербургская Недвижимость;representative_developer;https://spb.cian.ru/sale/flat/298861116/;Санкт-Петербург;sale;flat;4;12;1;24.1;5250100;Приморский;Коломяги;;Проспект Просвещения;Бионика Заповедная
КВС;developer;https://spb.cian.ru/sale/flat/294622899/;Санкт-Петербург;sale;flat;1;4;1;27.24;5272444;Петродворцовый;;;Проспект Ветеранов;Любоград ЖК
Самолет;developer;https://spb.cian.ru/sale/flat/294049878/;Санкт-Петербург;sale;flat;1;23;1;19.78;5272986;Невский;Рыбацкое;4;Рыбацкое;Живи в Рыбацком ЖК
ПИК;developer;https://spb.cian.ru/sale/flat/290733281/;Санкт-Петербург;sale;flat;6;15;-1;24.65;5274637;Красногвардейский;проспект Энергетиков;6;Ладожская;Вольта
КВС;developer;https://spb.cian.ru/sale/flat/279688899/;Санкт-Петербург;sale;flat;1;5;1;26.4;5296240;Пушкинский; Нины Петровой;8к1;Купчино;ЮгТаун. Олимпийские кварталы
КВС;developer;https://spb.cian.ru/sale/flat/279690599/;Санкт-Петербург;sale;flat;1;5;1;26.4;5296240;Пушкинский; Нины Петровой;10к1;Купчино;ЮгТаун. Олимпийские кварталы
;;https://spb.cian.ru/sale/flat/292227395/;Санкт-Петербург;sale;flat;2;12;1;24.56;5250000;Пушкинский;проспект Старорусский;5к1;Шушары;Chkalov
Петербургская Недвижимость;representative_developer;https://spb.cian.ru/sale/flat/298861203/;Санкт-Петербург;sale;flat;3;12;1;24.7;5300187;Приморский;Коломяги;;Проспект Просвещения;Бионика Заповедная
Самолет;developer;https://spb.cian.ru/sale/flat/297298438/;Санкт-Петербург;sale;flat;10;24;1;21.07;5318051;Невский; Славянская;;Рыбацкое;Живи! в Рыбацком
ДВА Групп;developer;https://spb.cian.ru/sale/flat/298635494/;Санкт-Петербург;sale;flat;15;16;-1;21.55;5348420;Московский;Московское шоссе;13Ж;Звездная;Апартаменты AVENUE-APART ПУЛКОВО
ТРЕНД;real_estate_agent;https://spb.cian.ru/sale/flat/298743664/;Санкт-Петербург;sale;flat;15;19;1;26.7;5300000;Выборгский;Заречная ;13к1;Парнас;
Лидер Групп;developer;https://spb.cian.ru/sale/flat/286950381/;Санкт-Петербург;sale;flat;7;24;-1;19.94;5343920;Московский;Новоизмайловское;;;YE'S Leader
РосСтройИнвест;developer;https://spb.cian.ru/sale/flat/297293974/;Санкт-Петербург;sale;flat;3;13;1;22.8;5332493;Приморский;Юнтолово;;Беговая;Тайм Сквер ЖК
Первое Агентство Недвижимости;real_estate_agent;https://spb.cian.ru/sale/flat/293240446/;Санкт-Петербург;sale;flat;4;25;1;25.39;5300000;Приморский;проспект Авиаконструкторов;69;Комендантский проспект;Чистое небо
Группа Аквилон;developer;https://spb.cian.ru/sale/flat/294664570/;Санкт-Петербург;sale;flat;1;11;1;26.0;5304646;Пушкинский;проспект Старорусский;13к2;Звездная;All Inclusive
ID 112431174;homeowner;https://spb.cian.ru/sale/flat/297517318/;Санкт-Петербург;sale;flat;15;25;1;24.0;5300000;Приморский;Комендантский проспект;67;Комендантский проспект;Чистое небо
Петербургская Строительная Компания;developer;https://spb.cian.ru/sale/flat/298075661/;Санкт-Петербург;sale;flat;8;25;1;24.49;5368654;Приморский;Коломяги;;Проспект Просвещения;Френдс ЖК
Петербургская Строительная Компания;developer;https://spb.cian.ru/sale/flat/299196212/;Санкт-Петербург;sale;flat;5;14;-1;24.3;5350000;Красногвардейский;Магнитогорская ;51;Новочеркасская;Ladozhsky AVENIR
ЛСР Санкт-Петербург;developer;https://spb.cian.ru/sale/flat/296181350/;Санкт-Петербург;sale;flat;3;23;1;21.08;5385940;Красносельский;Юго-Запад;;Автово;Морская миля ЖК
Самолет;developer;https://spb.cian.ru/sale/flat/284755001/;Санкт-Петербург;sale;flat;1;9;1;25.04;5353889;Курортный;;581;Проспект Просвещения;Курортный квартал ЖК
Самолет;developer;https://spb.cian.ru/sale/flat/296291015/;Санкт-Петербург;sale;flat;5;8;1;25.6;5389023;Курортный;;5;Парнас;Курортный квартал ЖК
Владис Центральный;real_estate_agent;https://spb.cian.ru/sale/flat/299502431/;Санкт-Петербург;sale;flat;6;18;-1;19.1;5350000;Фрунзенский; Салова;61;Бухарестская;Комплекс апартаментов Valo City
Первое Агентство Недвижимости;real_estate_agent;https://spb.cian.ru/sale/flat/293139010/;Санкт-Петербург;sale;flat;5;25;1;25.2;5350000;Приморский; Верхне-Каменская;9к2;;
КВС;developer;https://spb.cian.ru/sale/flat/279690651/;Санкт-Петербург;sale;flat;1;5;1;26.0;5392320;Пушкинский; Нины Петровой;6к1;Купчино;ЮгТаун. Олимпийские кварталы
;;https://spb.cian.ru/sale/flat/292781828/;Санкт-Петербург;sale;flat;13;13;-1;23.3;5399728;Невский;Варфоломеевская ;6;Ломоносовская;Апарт-отель Начало
ID 48317463;unknown;https://spb.cian.ru/sale/flat/298704570/;Санкт-Петербург;sale;flat;4;17;1;27.0;5350000;Приморский; Верхне-Каменская;11к1;Комендантский проспект;Чистое небо
Самолет;developer;https://spb.cian.ru/sale/flat/296091910/;Санкт-Петербург;sale;flat;2;8;1;25.93;5441998;Колпинский;;10;Шушары;Астрид ЖК
К-25;developer;https://spb.cian.ru/sale/flat/294910818/;Санкт-Петербург;sale;flat;5;12;-1;22.57;5416800;Приморский;м. Комендантский проспект;;Комендантский проспект;YE'S Primorsky Комплекс Апартаментов
ЛСР Санкт-Петербург;developer;https://spb.cian.ru/sale/flat/299403355/;Санкт-Петербург;sale;flat;2;12;1;21.1;5443800;Красногвардейский;Партизанская ;5Б;Ладожская;ЛСР. Большая Охта
РосСтройИнвест;developer;https://spb.cian.ru/sale/flat/297294221/;Санкт-Петербург;sale;flat;3;13;1;23.6;5438187;Приморский;Юнтолово;;Беговая;Тайм Сквер ЖК
РосСтройИнвест;developer;https://spb.cian.ru/sale/flat/297291741/;Санкт-Петербург;sale;flat;5;13;1;22.8;5409377;Приморский;Юнтолово;;Беговая;Тайм Сквер
Петербургская Недвижимость;representative_developer;https://spb.cian.ru/sale/flat/298769483/;Санкт-Петербург;sale;flat;12;12;1;22.5;5400135;Приморский;Коломяги;;Проспект Просвещения;Бионика Заповедная
;;https://spb.cian.ru/sale/flat/292781689/;Санкт-Петербург;sale;flat;9;13;-1;24.5;5429886;Невский;Варфоломеевская ;6;Ломоносовская;Апарт-отель Начало
Технополис;developer;https://spb.cian.ru/sale/flat/299599939/;Санкт-Петербург;sale;flat;1;8;1;34.23;5476800;Красносельский; Лермонтова;15к2Б;Проспект Ветеранов;Новикола
Росстройинвест;developer;https://spb.cian.ru/sale/flat/294545019/;Санкт-Петербург;sale;flat;2;12;1;22.77;5499717;Красногвардейский;Полюстрово;;Академическая;Академик
Самолет;developer;https://spb.cian.ru/sale/flat/298629849/;Санкт-Петербург;sale;flat;1;9;1;26.58;5460575;Курортный;;582;Парнас;Курортный квартал ЖК
ГлавстройСПб;developer;https://spb.cian.ru/sale/flat/297884772/;Санкт-Петербург;sale;flat;19;23;1;25.0;5489900;Приморский; Ивинская;5к1;Зенит;ПАРК-КВАРТАЛ Юнтолово
РосСтройИнвест;developer;https://spb.cian.ru/sale/flat/297292350/;Санкт-Петербург;sale;flat;4;13;1;24.3;5467266;Приморский;Юнтолово;;Беговая;Тайм Сквер
Эталон СПБ;developer;https://spb.cian.ru/sale/flat/298658201/;Санкт-Петербург;sale;flat;1;4;1;28.2;5466495;Пушкинский; Соколиная;;Купчино;Пулковский дом
РосСтройИнвест;developer;https://spb.cian.ru/sale/flat/297294422/;Санкт-Петербург;sale;flat;3;13;1;22.2;5489180;Приморский;Юнтолово;;Беговая;Тайм Сквер ЖК
Петербургская Строительная Компания;developer;https://spb.cian.ru/sale/flat/296045811/;Санкт-Петербург;sale;flat;4;14;-1;26.08;5574266;Красногвардейский;Магнитогорская ;51;Ладожская;Ladozhsky AVENIR
Лидер Групп;developer;https://spb.cian.ru/sale/flat/299556029/;Санкт-Петербург;sale;flat;2;18;1;25.29;5563800;Невский; Тельмана;37;Ломоносовская;ИСКРА-Сити
Лидер Групп;developer;https://spb.cian.ru/sale/flat/299556066/;Санкт-Петербург;sale;flat;3;18;1;24.48;5508000;Невский; Тельмана;37;Ломоносовская;ИСКРА-Сити
Самолет;developer;https://spb.cian.ru/sale/flat/299577804/;Санкт-Петербург;sale;flat;3;8;1;28.3;5528334;Курортный;;6;Проспект Просвещения;Курортный квартал ЖК
Росстройинвест;developer;https://spb.cian.ru/sale/flat/294545374/;Санкт-Петербург;sale;flat;9;12;1;21.32;5500983;Красногвардейский;Полюстрово;;Академическая;Академик
Самолет;developer;https://spb.cian.ru/sale/flat/284755000/;Санкт-Петербург;sale;flat;1;8;1;25.8;5537128;Курортный;;581;Проспект Просвещения;Курортный квартал ЖК
Самолет;developer;https://spb.cian.ru/sale/flat/284755002/;Санкт-Петербург;sale;flat;8;8;1;23.02;5539007;Курортный;;581;Проспект Просвещения;Курортный квартал ЖК
;;https://spb.cian.ru/sale/flat/294571657/;Санкт-Петербург;sale;flat;14;14;-1;19.92;5505000;Кировский;проспект Стачек;64;Кировский завод;Апарт-отель Putilov AVENIR
ПИК;developer;https://spb.cian.ru/sale/flat/298767301/;Санкт-Петербург;sale;flat;3;15;-1;24.29;5580634;Красногвардейский;проспект Энергетиков;6;Ладожская;Вольта
РосСтройИнвест;developer;https://spb.cian.ru/sale/flat/297292245/;Санкт-Петербург;sale;flat;2;13;1;27.6;5571588;Приморский;Юнтолово;;Беговая;Тайм Сквер
РосСтройИнвест;developer;https://spb.cian.ru/sale/flat/297292356/;Санкт-Петербург;sale;flat;4;13;1;25.0;5596776;Приморский;Юнтолово;;Беговая;Тайм Сквер
ПИК;developer;https://spb.cian.ru/sale/flat/299174642/;Санкт-Петербург;sale;flat;7;15;-1;19.94;5591223;Красногвардейский;проспект Энергетиков;6;Ладожская;Вольта
Группа Аквилон;developer;https://spb.cian.ru/sale/flat/294664586/;Санкт-Петербург;sale;flat;9;11;1;25.3;5551652;Пушкинский;проспект Старорусский;13к2;Звездная;All Inclusive
ФСК;representative_developer;https://spb.cian.ru/sale/flat/299059198/;Санкт-Петербург;sale;flat;15;16;1;23.38;5579345;Московский;Московское шоссе;13Ж;Звездная;Апартаменты AVENUE-APART ПУЛКОВО
Самолет;developer;https://spb.cian.ru/sale/flat/298690310/;Санкт-Петербург;sale;flat;2;10;1;23.72;5636193;Красносельский;Константиновское;;Проспект Ветеранов;Сандэй ЖК
Петербургская Строительная Компания;developer;https://spb.cian.ru/sale/flat/298382707/;Санкт-Петербург;sale;flat;5;25;1;26.24;5601288;Приморский;Коломяги;;Проспект Просвещения;Френдс ЖК
Петербургская Строительная Компания;developer;https://spb.cian.ru/sale/flat/292504050/;Санкт-Петербург;sale;flat;3;14;-1;26.63;5637599;Красногвардейский;Магнитогорская ;51;Ладожская;Ladozhsky AVENIR
Группа Аквилон;developer;https://spb.cian.ru/sale/flat/283215680/;Санкт-Петербург;sale;flat;13;13;1;21.9;5603154;Приморский;Планерная ;87к1;Комендантский проспект;FoRest Аквилон
Шельф;developer;https://spb.cian.ru/sale/flat/296746324/;Санкт-Петербург;sale;flat;18;26;1;28.1;5620000;Пушкинский;проспект Новгородский;2к3;Купчино;Simple
ДВА Групп;developer;https://spb.cian.ru/sale/flat/298635410/;Санкт-Петербург;sale;flat;9;16;-1;22.6;5609022;Московский;Московское шоссе;13Ж;Звездная;Апартаменты AVENUE-APART ПУЛКОВО
ЛСР Санкт-Петербург;developer;https://spb.cian.ru/sale/flat/299403291/;Санкт-Петербург;sale;flat;2;12;1;22.2;5616600;Красногвардейский;Партизанская ;5Б;Ладожская;ЛСР. Большая Охта
Полис;developer;https://spb.cian.ru/sale/flat/298845874/;Санкт-Петербург;sale;flat;1;13;1;26.39;5636888;Приморский;аллея Арцеуловская;9;Пионерская;Полис Приморский 2
Шельф;developer;https://spb.cian.ru/sale/flat/268906967/;Санкт-Петербург;sale;flat;2;26;1;28.5;5614500;Пушкинский;проспект Новгородский;2к3;Купчино;Simple
Полис;developer;https://spb.cian.ru/sale/flat/297252112/;Санкт-Петербург;sale;flat;6;12;1;21.56;5631888;Приморский;аллея Арцеуловская;7к2;Пионерская;Полис Приморский 2
Петербургская Недвижимость;representative_developer;https://spb.cian.ru/sale/flat/299540744/;Санкт-Петербург;sale;flat;4;12;1;25.75;5600135;Приморский;Коломяги;;Проспект Просвещения;Бионика Заповедная
Лидер Групп;developer;https://spb.cian.ru/sale/flat/295883059/;Санкт-Петербург;sale;flat;13;24;-1;19.19;5603480;Московский;Новоизмайловское;;;YE'S Leader
ФСК;developer;https://spb.cian.ru/sale/flat/297552888/;Санкт-Петербург;sale;flat;4;13;-1;27.0;5649561;Приморский;Коломяжский проспект;4;Черная речка;Апартаменты Zoom Черная Речка
СОЮЗ;real_estate_agent;https://spb.cian.ru/sale/flat/291187128/;Санкт-Петербург;sale;flat;2;5;1;21.2;5618000;Василеостровский;27-я Васильевского острова линия;10;Василеостровская;
Самолет;developer;https://spb.cian.ru/sale/flat/299405963/;Санкт-Петербург;sale;flat;3;8;1;26.58;5691316;Колпинский;;10;Шушары;Астрид ЖК
;;https://spb.cian.ru/sale/flat/298862103/;Санкт-Петербург;sale;flat;10;18;1;18.8;5650000;Фрунзенский; Салова;61;Бухарестская;Комплекс апартаментов Valo City
ЛСР Санкт-Петербург;developer;https://spb.cian.ru/sale/flat/299403391/;Санкт-Петербург;sale;flat;2;12;1;22.8;5654400;Красногвардейский;Партизанская ;5Б;Ладожская;ЛСР. Большая Охта
Первое Агентство Недвижимости;real_estate_agent;https://spb.cian.ru/sale/flat/295434978/;Санкт-Петербург;sale;flat;10;16;1;26.6;5660000;Красногвардейский;Ленская ;6к5;Проспект Большевиков;
КВС;developer;https://spb.cian.ru/sale/flat/299153204/;Санкт-Петербург;sale;flat;1;4;1;25.75;5660460;Пушкинский;;;Купчино;Дубровский ЖК
РСТИ;developer;https://spb.cian.ru/sale/flat/295858745/;Санкт-Петербург;sale;flat;3;9;1;20.9;5692472;Красносельский; Тамбасова;5;Проспект Ветеранов;Кинопарк
;;https://spb.cian.ru/sale/flat/292413303/;Санкт-Петербург;sale;flat;1;6;1;29.8;5662000;Курортный; Строителей;3к2;;Granholm Village
Самолет;developer;https://spb.cian.ru/sale/flat/299037754/;Санкт-Петербург;sale;flat;18;23;1;22.3;5709941;Невский;Рыбацкое;4;Рыбацкое;Живи в Рыбацком ЖК
Самолет;developer;https://spb.cian.ru/sale/flat/298422049/;Санкт-Петербург;sale;flat;11;23;1;22.64;5731687;Невский;Рыбацкое;4;Рыбацкое;Живи в Рыбацком ЖК
Лидер Групп;developer;https://spb.cian.ru/sale/flat/299556089/;Санкт-Петербург;sale;flat;3;18;1;25.92;5702400;Невский; Тельмана;37;Ломоносовская;ИСКРА-Сити
Самолет;developer;https://spb.cian.ru/sale/flat/299260994/;Санкт-Петербург;sale;flat;2;23;1;23.76;5726023;Невский;Рыбацкое;5;Рыбацкое;Живи в Рыбацком ЖК
ГлавстройСПб;developer;https://spb.cian.ru/sale/flat/297361324/;Санкт-Петербург;sale;flat;19;27;1;22.34;5749610;Выборгский;проезд Толубеевский;34к2;;Северная долина
Эталон СПБ;developer;https://spb.cian.ru/sale/flat/298658212/;Санкт-Петербург;sale;flat;3;4;1;29.4;5700298;Пушкинский; Соколиная;;Купчино;Пулковский дом
Монолит;developer;https://spb.cian.ru/sale/flat/296835115/;Санкт-Петербург;sale;flat;10;15;-1;27.5;5744616;Невский; Евдокима Огнева;3;Улица Дыбенко;WINGS апартаменты на Крыленко
Петербургская Недвижимость;representative_developer;https://spb.cian.ru/sale/flat/294799861/;Санкт-Петербург;sale;flat;1;4;1;28.76;5750285;Красносельский;проспект Буденного;15;Проспект Ветеранов;Солнечный город. Резиденции
Петербургская Недвижимость;representative_developer;https://spb.cian.ru/sale/flat/297980411/;Санкт-Петербург;sale;flat;1;4;1;27.08;5750195;Красносельский;проспект Буденного;15;Проспект Ветеранов;Солнечный город. Резиденции
Петербургская Недвижимость;representative_developer;https://spb.cian.ru/sale/flat/298674056/;Санкт-Петербург;sale;flat;4;4;1;24.39;5750088;Красносельский;проспект Буденного;13;Ленинский проспект;Солнечный город. Резиденции
Сенатор;developer;https://spb.cian.ru/sale/flat/294929582/;Санкт-Петербург;sale;flat;1;8;-1;22.4;5756800;Курортный; Правды;;;Мариоки
CityRealty;real_estate_agent;https://spb.cian.ru/sale/flat/297535851/;Санкт-Петербург;sale;flat;2;3;-1;26.3;5786000;Невский;Рыбацкий проспект;18;Рыбацкое;
ID 62959847;unknown;https://spb.cian.ru/sale/flat/299634595/;Санкт-Петербург;sale;flat;11;13;1;22.4;5750000;Василеостровский; Чирикова;5;Приморская;Аквилон ZALIVE
Петербургская Строительная Компания;developer;https://spb.cian.ru/sale/flat/296045828/;Санкт-Петербург;sale;flat;4;14;-1;27.61;5846070;Красногвардейский;Магнитогорская ;51;Ладожская;Ladozhsky AVENIR
ФСК;developer;https://spb.cian.ru/sale/flat/297552896/;Санкт-Петербург;sale;flat;4;13;-1;25.1;5812407;Приморский;Коломяжский проспект;4;Черная речка;Апартаменты Zoom Черная Речка
КВС;developer;https://spb.cian.ru/sale/flat/299153364/;Санкт-Петербург;sale;flat;1;4;1;26.7;5826760;Пушкинский;;;Купчино;Дубровский ЖК
CityRealty;real_estate_agent;https://spb.cian.ru/sale/flat/299333323/;Санкт-Петербург;sale;flat;2;3;-1;26.5;5830000;Невский;Рыбацкий проспект;18;Рыбацкое;
РосСтройИнвест;developer;https://spb.cian.ru/sale/flat/297292386/;Санкт-Петербург;sale;flat;4;13;1;26.1;5843035;Приморский;Юнтолово;;Беговая;Тайм Сквер
Группа Аквилон;developer;https://spb.cian.ru/sale/flat/294458085/;Санкт-Петербург;sale;flat;1;13;1;23.8;5808894;Приморский;Планерная ;87к1;Комендантский проспект;FoRest Аквилон
ФСК;developer;https://spb.cian.ru/sale/flat/297553081/;Санкт-Петербург;sale;flat;9;13;-1;25.68;5831619;Приморский;Коломяжский проспект;4;Черная речка;Апартаменты Zoom Черная Речка
Петербургская Строительная Компания;developer;https://spb.cian.ru/sale/flat/298093789/;Санкт-Петербург;sale;flat;3;25;1;22.2;5888922;Приморский;набережная Реки Каменки;15к1;Озерки;Friends
ЛСР Санкт-Петербург;developer;https://spb.cian.ru/sale/flat/299634321/;Санкт-Петербург;sale;flat;2;12;1;23.5;5898500;Красногвардейский;Партизанская ;5Б;Ладожская;ЛСР. Большая Охта
Самолет;developer;https://spb.cian.ru/sale/flat/296091929/;Санкт-Петербург;sale;flat;5;16;1;20.75;5881543;Невский; Гудиловская;9;Рыбацкое;Живи! в Рыбацком
ID 440100;realtor;https://spb.cian.ru/sale/flat/299643318/;Санкт-Петербург;sale;flat;4;6;1;22.9;5850000;Курортный; Строителей;3к2;Площадь Ленина;
Петербургская Недвижимость;representative_developer;https://spb.cian.ru/sale/flat/298861213/;Санкт-Петербург;sale;flat;4;12;1;27.1;5850198;Приморский;Коломяги;;Проспект Просвещения;Бионика Заповедная
РосСтройИнвест;developer;https://spb.cian.ru/sale/flat/297293709/;Санкт-Петербург;sale;flat;2;13;1;25.3;5888081;Приморский;Юнтолово;;Беговая;Тайм Сквер ЖК
ПИК;developer;https://spb.cian.ru/sale/flat/291240186/;Санкт-Петербург;sale;flat;3;15;-1;25.66;5851250;Красногвардейский;проспект Энергетиков;6;Ладожская;Вольта
Группа Аквилон;developer;https://spb.cian.ru/sale/flat/264976099/;Санкт-Петербург;sale;flat;1;13;1;25.2;5860297;Приморский;Планерная ;87к1;Комендантский проспект;FoRest Аквилон
РСТИ;developer;https://spb.cian.ru/sale/flat/295859177/;Санкт-Петербург;sale;flat;4;9;1;21.62;5888577;Красносельский; Тамбасова;5;Проспект Ветеранов;Кинопарк
ID 98920552;homeowner;https://spb.cian.ru/sale/flat/298235003/;Санкт-Петербург;sale;flat;18;19;1;29.1;5850000;Выборгский; Михаила Дудина;12;Парнас;Паркола
Самолет;developer;https://spb.cian.ru/sale/flat/295660193/;Санкт-Петербург;sale;flat;2;7;1;24.04;5943382;Красносельский;Константиновское;;Проспект Ветеранов;Сандэй
Петербургская Недвижимость;representative_developer;https://spb.cian.ru/sale/flat/298405638/;Санкт-Петербург;sale;flat;1;12;1;25.78;5950036;Приморский;Коломяги;;Озерки;Прайм Приморский ЖК
;;https://spb.cian.ru/sale/flat/298862110/;Санкт-Петербург;sale;flat;9;18;1;16.7;5980000;Фрунзенский; Салова;61;Бухарестская;Комплекс апартаментов Valo City
Самолет;developer;https://spb.cian.ru/sale/flat/289396699/;Санкт-Петербург;sale;flat;1;11;1;24.66;5982590;Невский; Гудиловская;6к1;Обухово;Живи! в Рыбацком
ГлавстройСПб;developer;https://spb.cian.ru/sale/flat/297885123/;Санкт-Петербург;sale;flat;4;23;1;25.09;5991126;Приморский; Ивинская;5к2;Зенит;ПАРК-КВАРТАЛ Юнтолово
ФСК;developer;https://spb.cian.ru/sale/flat/299482184/;Санкт-Петербург;sale;flat;6;13;-1;23.74;5960520;Приморский;Коломяжский проспект;4;Черная речка;Апартаменты Zoom Черная Речка
Самолет;developer;https://spb.cian.ru/sale/flat/295478512/;Санкт-Петербург;sale;flat;5;11;1;22.69;5934433;Невский; Гудиловская;6к1;Обухово;Живи! в Рыбацком
Полис;developer;https://spb.cian.ru/sale/flat/299112472/;Санкт-Петербург;sale;flat;9;13;1;24.85;5981888;Приморский;аллея Арцеуловская;9;Старая Деревня;Полис Приморский 2
Самолет;developer;https://spb.cian.ru/sale/flat/299037751/;Санкт-Петербург;sale;flat;4;23;1;23.76;5989474;Невский;Рыбацкое;4;Рыбацкое;Живи в Рыбацком ЖК
Самолет;developer;https://spb.cian.ru/sale/flat/295426169/;Санкт-Петербург;sale;flat;3;11;1;20.34;5986213;Невский; Гудиловская;5к1;Рыбацкое;Живи! в Рыбацком
ПИК;developer;https://spb.cian.ru/sale/flat/289280496/;Санкт-Петербург;sale;flat;4;15;-1;32.16;5999532;Красногвардейский;проспект Энергетиков;6;Ладожская;Вольта
Лидер Групп;developer;https://spb.cian.ru/sale/flat/287299948/;Санкт-Петербург;sale;flat;9;24;-1;22.94;5964400;Московский;Новоизмайловское;;;YE'S Leader
РосСтройИнвест;developer;https://spb.cian.ru/sale/flat/297292562/;Санкт-Петербург;sale;flat;7;13;1;27.3;5990801;Приморский;Юнтолово;;Беговая;Тайм Сквер
VEREN GROUP;developer;https://spb.cian.ru/sale/flat/292425354/;Санкт-Петербург;sale;flat;7;10;1;24.5;6040920;Приморский;Парашютная ;79к1;Комендантский проспект;Veren Next Шуваловский
Петербургская Недвижимость;representative_developer;https://spb.cian.ru/sale/flat/297694522/;Санкт-Петербург;sale;flat;13;18;1;24.33;6000033;Невский;Невский;;Проспект Большевиков;Пульс Премьер ЖК
Петербургская Недвижимость;representative_developer;https://spb.cian.ru/sale/flat/296627103/;Санкт-Петербург;sale;flat;10;18;1;24.5;6000099;Невский;Невский;;Проспект Большевиков;Пульс Премьер ЖК
Самолет;developer;https://spb.cian.ru/sale/flat/299037736/;Санкт-Петербург;sale;flat;8;9;1;28.44;6047045;Курортный;;582;Парнас;Курортный квартал ЖК
ТРЕНД;real_estate_agent;https://spb.cian.ru/sale/flat/299335569/;Санкт-Петербург;sale;flat;3;17;1;30.0;6000000;Московский;проезд Дизельный;11к2;Звездная;Две столицы
ФСК;developer;https://spb.cian.ru/sale/flat/298730036/;Санкт-Петербург;sale;flat;3;13;-1;21.4;6046184;Приморский;Коломяжский проспект;4;Черная речка;Апартаменты Zoom Черная Речка
Петербургская Строительная Компания;developer;https://spb.cian.ru/sale/flat/279903524/;Санкт-Петербург;sale;flat;2;12;-1;28.38;6067060;Кировский;Автово;5к1;Автово;Апарт-отель Kirovsky AVENIR
ЛСР Санкт-Петербург;developer;https://spb.cian.ru/sale/flat/299096701/;Санкт-Петербург;sale;flat;3;23;1;25.65;6091875;Красносельский;Юго-Запад;;Автово;Морская миля ЖК
ЛСР Санкт-Петербург;developer;https://spb.cian.ru/sale/flat/299095615/;Санкт-Петербург;sale;flat;4;12;1;22.5;6066000;Красногвардейский;Большая Охта;;;ЛСР Большая Охта ЖК
Лидер Групп;developer;https://spb.cian.ru/sale/flat/287299946/;Санкт-Петербург;sale;flat;9;24;-1;23.66;6056960;Московский;Новоизмайловское;;;YE'S Leader
Росстройинвест;developer;https://spb.cian.ru/sale/flat/280432163/;Санкт-Петербург;sale;flat;5;12;1;23.64;6069277;Красногвардейский;Полюстрово;;Академическая;Академик
ПИК;developer;https://spb.cian.ru/sale/flat/289280484/;Санкт-Петербург;sale;flat;2;15;-1;32.76;6092679;Красногвардейский;проспект Энергетиков;6;Ладожская;Вольта
;;https://spb.cian.ru/sale/flat/294504961/;Санкт-Петербург;sale;flat;5;13;1;21.7;6087600;Приморский;Планерная ;91к2;Старая Деревня;New Time
РосСтройИнвест;developer;https://spb.cian.ru/sale/flat/297291636/;Санкт-Петербург;sale;flat;2;13;1;30.2;6096449;Приморский;Юнтолово;;Беговая;Тайм Сквер
ТРЕНД;real_estate_agent;https://spb.cian.ru/sale/flat/299114639/;Санкт-Петербург;sale;flat;14;19;1;24.6;6090000;Приморский;Комендантский проспект;60к1;Комендантский проспект;Ultra City
ФСК;developer;https://spb.cian.ru/sale/flat/297552923/;Санкт-Петербург;sale;flat;5;13;-1;28.47;6051668;Приморский;Коломяжский проспект;4;Черная речка;Апартаменты Zoom Черная Речка
ГлавстройСПб;developer;https://spb.cian.ru/sale/flat/297885110/;Санкт-Петербург;sale;flat;2;23;1;25.5;6069294;Приморский; Ивинская;5к2;Зенит;ПАРК-КВАРТАЛ Юнтолово
Петербургская Недвижимость;representative_developer;https://spb.cian.ru/sale/flat/299354067/;Санкт-Петербург;sale;flat;1;23;1;26.42;6100219;Невский;Невский;;Проспект Большевиков;Пульс Премьер ЖК
Самолет;developer;https://spb.cian.ru/sale/flat/293431278/;Санкт-Петербург;sale;flat;5;16;1;24.53;6102450;Невский; Гудиловская;9;Рыбацкое;Живи! в Рыбацком
ЛСР Санкт-Петербург;developer;https://spb.cian.ru/sale/flat/299095700/;Санкт-Петербург;sale;flat;4;12;1;21.9;6134190;Красногвардейский;Большая Охта;;;ЛСР Большая Охта ЖК
ЛСР Санкт-Петербург;developer;https://spb.cian.ru/sale/flat/299403253/;Санкт-Петербург;sale;flat;2;12;1;24.5;6149500;Красногвардейский;Партизанская ;5Б;Ладожская;ЛСР. Большая Охта
Петербургская Недвижимость;representative_developer;https://spb.cian.ru/sale/flat/298589187/;Санкт-Петербург;sale;flat;5;12;1;24.17;6100072;Приморский;Коломяги;;Озерки;Прайм Приморский ЖК
РосСтройИнвест;developer;https://spb.cian.ru/sale/flat/297292870/;Санкт-Петербург;sale;flat;3;13;1;26.1;6140691;Приморский;Юнтолово;;Беговая;Тайм Сквер ЖК
Петербургская Недвижимость;representative_developer;https://spb.cian.ru/sale/flat/295387979/;Санкт-Петербург;sale;flat;1;12;1;26.58;6100110;Приморский;Коломяги;;Озерки;Прайм Приморский ЖК
ЛСР Санкт-Петербург;developer;https://spb.cian.ru/sale/flat/299634308/;Санкт-Петербург;sale;flat;2;12;1;23.3;6186150;Красногвардейский;Партизанская ;5;;ЛСР. Большая Охта
ЛСР Санкт-Петербург;developer;https://spb.cian.ru/sale/flat/296463083/;Санкт-Петербург;sale;flat;2;12;1;23.6;6171400;Красногвардейский;Партизанская ;5;;ЛСР. Большая Охта
КВС;developer;https://spb.cian.ru/sale/flat/294621196/;Санкт-Петербург;sale;flat;1;4;1;28.6;6186920;Пушкинский;;;Купчино;Дубровский ЖК
ЛСР Санкт-Петербург;developer;https://spb.cian.ru/sale/flat/294538766/;Санкт-Петербург;sale;flat;5;12;1;22.2;6182700;Красногвардейский;Партизанская ;5;;ЛСР. Большая Охта
ФСК;developer;https://spb.cian.ru/sale/flat/297553055/;Санкт-Петербург;sale;flat;9;13;-1;28.6;6174253;Приморский;Коломяжский проспект;4;Черная речка;Апартаменты Zoom Черная Речка
Лидер Групп;developer;https://spb.cian.ru/sale/flat/299556081/;Санкт-Петербург;sale;flat;2;18;1;28.7;6170500;Невский; Тельмана;37;Ломоносовская;ИСКРА-Сити
Ленстройтрест;developer;https://spb.cian.ru/sale/flat/298649421/;Санкт-Петербург;sale;flat;5;5;1;31.39;6154740;Колпинский;шоссе Рубежное;14;Рыбацкое;Юттери
ТРЕНД;real_estate_agent;https://spb.cian.ru/sale/flat/299184875/;Санкт-Петербург;sale;flat;18;21;-1;27.0;6150000;Московский;Витебский проспект;101к1;Купчино;IN2IT
К-25;developer;https://spb.cian.ru/sale/flat/294911231/;Санкт-Петербург;sale;flat;3;12;-1;25.7;6168000;Приморский;м. Комендантский проспект;;Комендантский проспект;YE'S Primorsky Комплекс Апартаментов
Группа Аквилон;developer;https://spb.cian.ru/sale/flat/294664706/;Санкт-Петербург;sale;flat;6;18;1;25.3;6194000;Московский; Среднерогатская;12к1;;4YOU
РСТИ;developer;https://spb.cian.ru/sale/flat/295858619/;Санкт-Петербург;sale;flat;2;9;1;23.97;6166592;Красносельский; Тамбасова;5;Проспект Ветеранов;Кинопарк
Петербургская Строительная Компания;developer;https://spb.cian.ru/sale/flat/298056517/;Санкт-Петербург;sale;flat;2;25;1;24.95;6294793;Приморский;набережная Реки Каменки;15к1;Озерки;Friends
КВС;developer;https://spb.cian.ru/sale/flat/299153252/;Санкт-Петербург;sale;flat;2;4;1;27.85;6285700;Пушкинский;;;Купчино;Дубровский ЖК
ЛСР Санкт-Петербург;developer;https://spb.cian.ru/sale/flat/298678473/;Санкт-Петербург;sale;flat;6;18;1;21.3;6228120;Невский;проспект Большевиков;68к1;Ломоносовская;Октябрьская набережная
ЛСР Санкт-Петербург;developer;https://spb.cian.ru/sale/flat/298050451/;Санкт-Петербург;sale;flat;14;17;1;19.71;6218505;Василеостровский;Гавань;12;Горный институт;Морская Набережная ЖК
ЦАН - Центральное Агентство Недвижимости;real_estate_agent;https://spb.cian.ru/sale/flat/289199838/;Санкт-Петербург;sale;flat;3;3;1;33.9;6200000;Петродворцовый;Красносельское шоссе;22;;Veren Village Стрельна
Самолет;developer;https://spb.cian.ru/sale/flat/295426174/;Санкт-Петербург;sale;flat;3;11;1;22.0;6279633;Невский; Гудиловская;5к1;Рыбацкое;Живи! в Рыбацком
Самолет;developer;https://spb.cian.ru/sale/flat/295114187/;Санкт-Петербург;sale;flat;4;16;1;23.9;6243230;Невский;проспект Советский;43к2;Рыбацкое;Живи! в Рыбацком
Петербургская Недвижимость;representative_developer;https://spb.cian.ru/sale/flat/298589132/;Санкт-Петербург;sale;flat;14;15;1;24.53;6250145;Невский;Октябрьская набережная;36к3;Проспект Большевиков;Pulse Premier
Лидер Групп;developer;https://spb.cian.ru/sale/flat/295883233/;Санкт-Петербург;sale;flat;6;24;-1;27.65;6221250;Московский;Новоизмайловское;;;YE'S Leader
РСТИ;developer;https://spb.cian.ru/sale/flat/295858754/;Санкт-Петербург;sale;flat;4;9;1;23.46;6271633;Красносельский; Тамбасова;5;Проспект Ветеранов;Кинопарк
ID 90122070;realtor;https://spb.cian.ru/sale/flat/299029615/;Санкт-Петербург;sale;flat;8;16;1;21.7;6250000;Московский;м. Ленинский проспект;;Ленинский проспект;Cube
ID 112930098;homeowner;https://spb.cian.ru/sale/flat/298233075/;Санкт-Петербург;sale;flat;16;21;1;27.55;6200000;Приморский;Полевая Сабировская ;45к1;Комендантский проспект;Богатырь 3
Петербургская Недвижимость;representative_developer;https://spb.cian.ru/sale/flat/296780094/;Санкт-Петербург;sale;flat;1;12;1;24.64;6300164;Московский;Новоизмайловское;;;Титул в Московском
Петербургская Недвижимость;representative_developer;https://spb.cian.ru/sale/flat/298769287/;Санкт-Петербург;sale;flat;1;10;1;24.61;6300024;Московский;м. Ленинский проспект;;Ленинский проспект;Сенат
VEREN GROUP;developer;https://spb.cian.ru/sale/flat/298402698/;Санкт-Петербург;sale;flat;8;10;1;25.6;6312145;Приморский;Парашютная ;79к1;Озерки;Veren Next Шуваловский
Лидер Групп;developer;https://spb.cian.ru/sale/flat/299556164/;Санкт-Петербург;sale;flat;5;18;1;27.57;6327315;Невский; Тельмана;37;Ломоносовская;ИСКРА-Сити
РосСтройИнвест;developer;https://spb.cian.ru/sale/flat/297359547/;Санкт-Петербург;sale;flat;4;17;1;24.42;6341380;Невский;Октябрьская набережная;11Б;Пролетарская;Лайнеръ
Самолет;developer;https://spb.cian.ru/sale/flat/284754959/;Санкт-Петербург;sale;flat;1;9;1;30.15;6347488;Курортный;;581;Проспект Просвещения;Курортный квартал ЖК
Самолет;developer;https://spb.cian.ru/sale/flat/295426167/;Санкт-Петербург;sale;flat;1;11;1;24.63;6314806;Невский; Гудиловская;5к1;Рыбацкое;Живи! в Рыбацком
Самолет;developer;https://spb.cian.ru/sale/flat/292207756/;Санкт-Петербург;sale;flat;7;16;1;26.81;6340719;Невский; Гудиловская;9;Обухово;Живи! в Рыбацком
Лидер Групп;developer;https://spb.cian.ru/sale/flat/286950370/;Санкт-Петербург;sale;flat;6;24;-1;28.66;6305200;Московский;Новоизмайловское;;;YE'S Leader
СОЮЗ;real_estate_agent;https://spb.cian.ru/sale/flat/295288046/;Санкт-Петербург;sale;flat;3;4;-1;18.5;6319248;Центральный; Константина Заслонова;8Б;Лиговский проспект;
Владис Центральный;real_estate_agent;https://spb.cian.ru/sale/flat/298092711/;Санкт-Петербург;sale;flat;15;19;1;23.4;6350000;Московский; Среднерогатская;14к1;Звездная;4YOU
Самолет;developer;https://spb.cian.ru/sale/flat/298009600/;Санкт-Петербург;sale;flat;3;24;1;21.98;6384597;Невский; Славянская;8;Рыбацкое;Живи! в Рыбацком
Самолет;developer;https://spb.cian.ru/sale/flat/299173189/;Санкт-Петербург;sale;flat;10;23;1;24.58;6374815;Невский;Рыбацкое;4;Рыбацкое;Живи в Рыбацком ЖК
Лидер Групп;developer;https://spb.cian.ru/sale/flat/286950311/;Санкт-Петербург;sale;flat;5;24;-1;29.58;6359700;Московский;Новоизмайловское;;;YE'S Leader
Satanovskiy Group;real_estate_agent;https://spb.cian.ru/sale/flat/299092493/;Санкт-Петербург;sale;flat;7;14;1;24.8;6399999;Приморский;аллея Арцеуловская;17;Комендантский проспект;Чистое небо
Группа Аквилон;developer;https://spb.cian.ru/sale/flat/264975822/;Санкт-Петербург;sale;flat;1;13;1;29.0;6368864;Приморский;Планерная ;87к1;Комендантский проспект;FoRest Аквилон
Самолет;developer;https://spb.cian.ru/sale/flat/295660109/;Санкт-Петербург;sale;flat;2;17;1;27.03;6453778;Красносельский;Константиновское;;Проспект Ветеранов;Сандэй ЖК
Петербургская Строительная Компания;developer;https://spb.cian.ru/sale/flat/298056522/;Санкт-Петербург;sale;flat;22;25;1;26.12;6492520;Приморский;набережная Реки Каменки;15к1;Проспект Просвещения;Friends
Петербургская Строительная Компания;developer;https://spb.cian.ru/sale/flat/296045834/;Санкт-Петербург;sale;flat;4;14;-1;31.15;6498228;Красногвардейский;Магнитогорская ;51;Новочеркасская;Ladozhsky AVENIR
VEREN GROUP;developer;https://spb.cian.ru/sale/flat/292425333/;Санкт-Петербург;sale;flat;4;10;1;26.9;6450289;Приморский;Парашютная ;79к1;Комендантский проспект;Veren Next Шуваловский
VEREN GROUP;developer;https://spb.cian.ru/sale/flat/292425319/;Санкт-Петербург;sale;flat;2;10;1;27.8;6402541;Приморский;Парашютная ;79к1;Комендантский проспект;Veren Next Шуваловский
Петербургская Недвижимость;representative_developer;https://spb.cian.ru/sale/flat/297904437/;Санкт-Петербург;sale;flat;2;9;1;27.87;6400192;Приморский;Коломяги;;Озерки;Прайм Приморский ЖК
Лидер Групп;developer;https://spb.cian.ru/sale/flat/299555720/;Санкт-Петербург;sale;flat;3;18;1;27.03;6487200;Невский; Тельмана;37;Ломоносовская;ИСКРА-Сити
Лидер Групп;developer;https://spb.cian.ru/sale/flat/297667973/;Санкт-Петербург;sale;flat;16;18;1;23.1;6468000;Василеостровский; Вадима Шефнера;4;Василеостровская;Магеллан (Гавань Капитанов)
GloraX;developer;https://spb.cian.ru/sale/flat/297849161/;Санкт-Петербург;sale;flat;11;15;-1;22.07;6479999;Красногвардейский;переулок Уткин;;;Апарт-отель GloraX Заневский
ЛСР Санкт-Петербург;developer;https://spb.cian.ru/sale/flat/298050440/;Санкт-Петербург;sale;flat;15;15;1;19.02;6409740;Василеостровский;Гавань;12;Горный институт;Морская Набережная ЖК
ЛСР Санкт-Петербург;developer;https://spb.cian.ru/sale/flat/294539329/;Санкт-Петербург;sale;flat;12;12;1;20.6;6472520;Красногвардейский;Партизанская ;;;ЛСР. Большая Охта
Самолет;developer;https://spb.cian.ru/sale/flat/296759925/;Санкт-Петербург;sale;flat;2;9;1;34.5;6444466;Курортный;;;Проспект Просвещения;Курортный квартал ЖК
Лидер Групп;developer;https://spb.cian.ru/sale/flat/296306138/;Санкт-Петербург;sale;flat;11;18;1;23.9;6453000;Василеостровский; Вадима Шефнера;4;Василеостровская;Магеллан (Гавань Капитанов)
РосСтройИнвест;developer;https://spb.cian.ru/sale/flat/299561115/;Санкт-Петербург;sale;flat;11;16;1;21.63;6449140;Московский;м. Ленинский проспект;;Ленинский проспект;Cube
Лидер Групп;developer;https://spb.cian.ru/sale/flat/298343518/;Санкт-Петербург;sale;flat;8;24;-1;26.37;6434280;Московский;Новоизмайловское;;;YE'S Leader
РосСтройИнвест;developer;https://spb.cian.ru/sale/flat/297293999/;Санкт-Петербург;sale;flat;4;13;1;28.4;6413738;Приморский;Юнтолово;;Беговая;Тайм Сквер ЖК
РосСтройИнвест;developer;https://spb.cian.ru/sale/flat/274433604/;Санкт-Петербург;sale;flat;12;16;1;21.47;6463275;Московский;Кубинская ;82к1;Ленинский проспект;Cube
Первое Агентство Недвижимости;real_estate_agent;https://spb.cian.ru/sale/flat/293945331/;Санкт-Петербург;sale;flat;7;25;1;25.0;6400000;Выборгский;проспект Просвещения;43;Проспект Просвещения;Байрон
Ленстройтрест;developer;https://spb.cian.ru/sale/flat/298649536/;Санкт-Петербург;sale;flat;5;5;1;36.55;6459900;Колпинский;шоссе Рубежное;14;Рыбацкое;Юттери
;;https://spb.cian.ru/sale/flat/297034999/;Санкт-Петербург;sale;flat;1;17;1;26.9;6464070;Московский;Московское шоссе;13ВГ;Звездная;Звезды Столиц
Петербургская Недвижимость;representative_developer;https://spb.cian.ru/sale/flat/296375888/;Санкт-Петербург;sale;flat;3;12;1;24.29;6500137;Московский;Новоизмайловское;;;Титул в Московском
GloraX;developer;https://spb.cian.ru/sale/flat/296634758/;Санкт-Петербург;sale;flat;2;15;-1;22.34;6539999;Красногвардейский;Малая Охта;;;Глоракс Заневский ЖК
ЛСР Санкт-Петербург;developer;https://spb.cian.ru/sale/flat/299095555/;Санкт-Петербург;sale;flat;4;12;1;24.5;6519450;Красногвардейский;Большая Охта;;;ЛСР Большая Охта ЖК
РосСтройИнвест;developer;https://spb.cian.ru/sale/flat/276767084/;Санкт-Петербург;sale;flat;10;16;1;22.22;6546242;Московский;Кубинская ;82к1;Ленинский проспект;Cube
РосСтройИнвест;developer;https://spb.cian.ru/sale/flat/297293470/;Санкт-Петербург;sale;flat;2;13;1;28.9;6514498;Приморский;Юнтолово;;Беговая;Тайм Сквер ЖК
ID 90959959;homeowner;https://spb.cian.ru/sale/flat/299631743/;Санкт-Петербург;sale;flat;17;25;1;25.3;6500000;Калининский;Лабораторный проспект;20к3;Лесная;Иван-да-Марья
Петербургский Риэлтор;real_estate_agent;https://spb.cian.ru/sale/flat/297212645/;Санкт-Петербург;sale;flat;4;5;-1;23.73;6550000;Курортный; Инструментальщиков;9Б;;
РосСтройИнвест;developer;https://spb.cian.ru/sale/flat/273646351/;Санкт-Петербург;sale;flat;12;16;1;20.43;6558638;Московский;м. Ленинский проспект;;Ленинский проспект;Cube
Самолет;developer;https://spb.cian.ru/sale/flat/295660187/;Санкт-Петербург;sale;flat;2;7;1;26.82;6603456;Красносельский;Константиновское;;Проспект Ветеранов;Сандэй
Самолет;developer;https://spb.cian.ru/sale/flat/299405962/;Санкт-Петербург;sale;flat;3;8;1;29.27;6643280;Колпинский;;10;Шушары;Астрид ЖК
;;https://spb.cian.ru/sale/flat/299649659/;Санкт-Петербург;sale;flat;17;18;1;25.9;6690000;Фрунзенский; Салова;61;Бухарестская;Комплекс апартаментов Valo City
ПИК;developer;https://spb.cian.ru/sale/flat/293795736/;Санкт-Петербург;sale;flat;10;14;1;20.0;6712320;Фрунзенский;Волковское;5;Обводный канал;Витебский Парк ЖК
VEREN GROUP;developer;https://spb.cian.ru/sale/flat/298402690/;Санкт-Петербург;sale;flat;4;10;1;28.9;6733909;Приморский;Парашютная ;79к1;Комендантский проспект;Veren Next Шуваловский
Петербургская Недвижимость;representative_developer;https://spb.cian.ru/sale/flat/298355601/;Санкт-Петербург;sale;flat;1;12;1;26.34;6700132;Московский;м. Ленинский проспект;;Ленинский проспект;Сенат
Петербургская Недвижимость;representative_developer;https://spb.cian.ru/sale/flat/299394251/;Санкт-Петербург;sale;flat;2;6;1;25.92;6650138;Московский;Новоизмайловское;;;Титул в Московском
Лидер Групп;developer;https://spb.cian.ru/sale/flat/296306235/;Санкт-Петербург;sale;flat;17;18;1;26.1;6655500;Василеостровский; Вадима Шефнера;4;Василеостровская;Магеллан (Гавань Капитанов)
Самолет;developer;https://spb.cian.ru/sale/flat/296759953/;Санкт-Петербург;sale;flat;2;8;1;36.2;6679987;Курортный;;;Проспект Просвещения;Курортный квартал ЖК
Самолет;developer;https://spb.cian.ru/sale/flat/295426177/;Санкт-Петербург;sale;flat;4;11;1;27.27;6730550;Невский; Гудиловская;5к1;Рыбацкое;Живи! в Рыбацком
Самолет;developer;https://spb.cian.ru/sale/flat/295426168/;Санкт-Петербург;sale;flat;2;11;1;23.35;6680169;Невский; Гудиловская;5к1;Рыбацкое;Живи! в Рыбацком
Самолет;developer;https://spb.cian.ru/sale/flat/285024177/;Санкт-Петербург;sale;flat;2;11;1;25.97;6682237;Невский; Гудиловская;6к1;Обухово;Живи! в Рыбацком
РосСтройИнвест;developer;https://spb.cian.ru/sale/flat/299561114/;Санкт-Петербург;sale;flat;6;16;1;24.73;6722158;Московский;м. Ленинский проспект;;Ленинский проспект;Cube
ВАРИАНТ;real_estate_agent;https://spb.cian.ru/sale/flat/299320588/;Санкт-Петербург;sale;flat;1;12;1;27.5;6650000;Выборгский;Манчестерская ;3к2;Удельная;Панорама парк Сосновка
Лидер Групп;developer;https://spb.cian.ru/sale/flat/286950371/;Санкт-Петербург;sale;flat;6;24;-1;30.53;6716600;Московский;Новоизмайловское;;;YE'S Leader
Лидер Групп;developer;https://spb.cian.ru/sale/flat/295883063/;Санкт-Петербург;sale;flat;13;24;-1;25.14;6737520;Московский;Новоизмайловское;;;YE'S Leader
Группа Аквилон;developer;https://spb.cian.ru/sale/flat/294664538/;Санкт-Петербург;sale;flat;1;11;1;39.0;6743100;Пушкинский;проспект Старорусский;13к2;Звездная;All Inclusive
ФСК;developer;https://spb.cian.ru/sale/flat/297552904/;Санкт-Петербург;sale;flat;4;13;-1;31.07;6653329;Приморский;Коломяжский проспект;4;Черная речка;Апартаменты Zoom Черная Речка
SENATOR;developer;https://spb.cian.ru/sale/flat/293297444/;Санкт-Петербург;sale;flat;11;11;1;21.6;6746000;Невский;Октябрьская набережная;86К2;Пролетарская;Панорама Невы
РСТИ;developer;https://spb.cian.ru/sale/flat/295858749/;Санкт-Петербург;sale;flat;3;9;1;25.2;6672730;Красносельский; Тамбасова;5;Проспект Ветеранов;Кинопарк
КВС;developer;https://spb.cian.ru/sale/flat/294621678/;Санкт-Петербург;sale;flat;2;17;1;23.06;6684480;Калининский;Финляндский;;;Квартал бизнес-класса Б15
;;https://spb.cian.ru/sale/flat/292227372/;Санкт-Петербург;sale;flat;1;17;1;27.9;6696000;Московский; Федора Котанова;5к2;Звездная;Звезды Столиц
Master-Group Real Estate;representative_developer;https://spb.cian.ru/sale/flat/298863697/;Санкт-Петербург;sale;flat;6;23;1;30.2;6782803;Выборгский;дорога Ольгинская;;Парнас;Прагма city
Euroinvest Development;developer;https://spb.cian.ru/sale/flat/299037531/;Санкт-Петербург;sale;flat;6;10;-1;20.59;6794700;Выборгский; Курчатова;;Политехническая;iD Polytech
РосСтройИнвест;developer;https://spb.cian.ru/sale/flat/269631908/;Санкт-Петербург;sale;flat;12;16;1;23.86;6775403;Московский;м. Ленинский проспект;;Ленинский проспект;Cube
Петербургская Недвижимость;representative_developer;https://spb.cian.ru/sale/flat/293794644/;Санкт-Петербург;sale;flat;1;12;1;26.61;6800025;Московский;м. Ленинский проспект;;Ленинский проспект;Сенат
Группа Аквилон;developer;https://spb.cian.ru/sale/flat/298641692/;Санкт-Петербург;sale;flat;2;12;1;27.88;6885987;Московский;Звёздное;;Звездная;Аквилон Ливз 2 ЖК
ДВА Групп;developer;https://spb.cian.ru/sale/flat/298146063/;Санкт-Петербург;sale;flat;13;16;-1;28.41;6870948;Московский;Московское шоссе;13Ж;Звездная;Апартаменты AVENUE-APART ПУЛКОВО
Master-Group Real Estate;representative_developer;https://spb.cian.ru/sale/flat/298863621/;Санкт-Петербург;sale;flat;12;23;1;30.7;6895101;Выборгский;дорога Ольгинская;;Парнас;Прагма city
GloraX;developer;https://spb.cian.ru/sale/flat/297849168/;Санкт-Петербург;sale;flat;11;15;-1;23.43;6839999;Красногвардейский;переулок Уткин;;;Апарт-отель GloraX Заневский
ЛСР Санкт-Петербург;developer;https://spb.cian.ru/sale/flat/298050045/;Санкт-Петербург;sale;flat;16;17;1;20.55;6812325;Василеостровский;Гавань;;Приморская;Морская Набережная ЖК
Самолет;developer;https://spb.cian.ru/sale/flat/295426202/;Санкт-Петербург;sale;flat;3;11;1;25.97;6872404;Невский; Гудиловская;5к1;Рыбацкое;Живи! в Рыбацком
GloraX;developer;https://spb.cian.ru/sale/flat/291246485/;Санкт-Петербург;sale;flat;9;15;-1;23.1;6899999;Красногвардейский;Малая Охта;;;Глоракс Заневский ЖК
РосСтройИнвест;developer;https://spb.cian.ru/sale/flat/297359522/;Санкт-Петербург;sale;flat;3;17;1;23.33;6810458;Невский;Октябрьская набережная;11Б;Пролетарская;Лайнеръ
РосСтройИнвест;developer;https://spb.cian.ru/sale/flat/297293992/;Санкт-Петербург;sale;flat;3;13;1;30.2;6887314;Приморский;Юнтолово;;Беговая;Тайм Сквер ЖК
ПИК;developer;https://spb.cian.ru/sale/flat/289280458/;Санкт-Петербург;sale;flat;4;15;-1;30.07;6871231;Красногвардейский;проспект Энергетиков;6;Ладожская;Вольта
ПИК;developer;https://spb.cian.ru/sale/flat/289280468/;Санкт-Петербург;sale;flat;2;15;-1;27.59;6826613;Красногвардейский;проспект Энергетиков;6;Ладожская;Вольта
Группа Аквилон;developer;https://spb.cian.ru/sale/flat/297548220/;Санкт-Петербург;sale;flat;4;13;1;30.7;6823896;Приморский;Планерная ;87к1;Комендантский проспект;FoRest Аквилон
КВС;developer;https://spb.cian.ru/sale/flat/294621621/;Санкт-Петербург;sale;flat;3;17;1;23.77;6886080;Калининский;Финляндский;;;Квартал бизнес-класса Б15
Самолет;developer;https://spb.cian.ru/sale/flat/298422070/;Санкт-Петербург;sale;flat;8;8;1;29.49;6935916;Красносельский;Константиновское;;Проспект Ветеранов;Сандэй ЖК
VEREN GROUP;developer;https://spb.cian.ru/sale/flat/298402712/;Санкт-Петербург;sale;flat;1;3;1;35.8;6937377;Петродворцовый;Красносельское шоссе;22;Ленинский проспект;Veren Village Стрельна
Ленстройтрест;developer;https://spb.cian.ru/sale/flat/298651636/;Санкт-Петербург;sale;flat;8;25;1;31.6;6949991;Приморский;шоссе Суздальское;20к4;Проспект Просвещения;Окла
Луч;real_estate_agent;https://spb.cian.ru/sale/flat/298339302/;Санкт-Петербург;sale;flat;11;23;1;29.0;6949000;Красногвардейский;проспект Энергетиков;11к2;Новочеркасская;ЗимаЛето
Лидер Групп;developer;https://spb.cian.ru/sale/flat/286950372/;Санкт-Петербург;sale;flat;6;24;-1;31.59;6949800;Московский;Новоизмайловское;;;YE'S Leader
Группа Аквилон;developer;https://spb.cian.ru/sale/flat/298641833/;Санкт-Петербург;sale;flat;12;12;1;24.23;6924837;Московский;Звёздное;;Звездная;Аквилон Ливз 2 ЖК
Мир квартир элит Крестовский;real_estate_agent;https://spb.cian.ru/sale/flat/293441590/;Санкт-Петербург;sale;flat;1;4;-1;30.0;6900000;Приморский; Новая;51к41;Беговая;Квартал Лахта Парк
РСТИ;developer;https://spb.cian.ru/sale/flat/292590519/;Санкт-Петербург;sale;flat;10;19;1;22.55;6939976;Калининский;Финляндский;;Выборгская;Master Place
ЛСР Санкт-Петербург;developer;https://spb.cian.ru/sale/flat/296662623/;Санкт-Петербург;sale;flat;15;15;1;22.81;6984422;Василеостровский;Гавань;12;Горный институт;Морская Набережная ЖК
;;https://spb.cian.ru/sale/flat/294571658/;Санкт-Петербург;sale;flat;14;14;-1;36.54;6990000;Кировский;проспект Стачек;64;Кировский завод;Апарт-отель Putilov AVENIR
ПИК;developer;https://spb.cian.ru/sale/flat/290733274/;Санкт-Петербург;sale;flat;2;15;-1;36.89;6955964;Красногвардейский;проспект Энергетиков;6;Ладожская;Вольта
КВС;developer;https://spb.cian.ru/sale/flat/294621777/;Санкт-Петербург;sale;flat;2;17;1;25.09;6982968;Калининский;Финляндский;;;Квартал бизнес-класса Б15
ID 16076588;unknown;https://spb.cian.ru/sale/flat/299189228/;Санкт-Петербург;sale;flat;16;24;1;25.0;6990000;Приморский; Плесецкая;10;Комендантский проспект;Полис на Комендантском
Самолет;developer;https://spb.cian.ru/sale/flat/299405961/;Санкт-Петербург;sale;flat;5;8;1;34.66;7043110;Колпинский;;10;Шушары;Астрид ЖК
Euroinvest Development;developer;https://spb.cian.ru/sale/flat/299037544/;Санкт-Петербург;sale;flat;6;10;-1;21.74;7065500;Выборгский; Курчатова;;Политехническая;iD Polytech
Единый Центр Инвестиций;real_estate_agent;https://spb.cian.ru/sale/flat/297211543/;Санкт-Петербург;sale;flat;3;7;-1;26.4;7000000;Приморский;Приморский проспект;6;;
VEREN GROUP;developer;https://spb.cian.ru/sale/flat/293828734/;Санкт-Петербург;sale;flat;3;3;1;33.1;7029306;Петродворцовый;Красносельское шоссе;22;Ленинский проспект;Veren Village Стрельна
ЛСР Санкт-Петербург;developer;https://spb.cian.ru/sale/flat/298050046/;Санкт-Петербург;sale;flat;16;17;1;21.52;7026280;Василеостровский;Гавань;;Приморская;Морская Набережная ЖК
Лидер Групп;developer;https://spb.cian.ru/sale/flat/296306156/;Санкт-Петербург;sale;flat;8;18;1;26.5;7022500;Василеостровский; Вадима Шефнера;4;Василеостровская;Магеллан (Гавань Капитанов)
ПИК;developer;https://spb.cian.ru/sale/flat/287469471/;Санкт-Петербург;sale;flat;2;11;1;21.8;7073664;Фрунзенский;Волковское;3;Обводный канал;Витебский Парк ЖК
ПИК;developer;https://spb.cian.ru/sale/flat/292512706/;Санкт-Петербург;sale;flat;12;14;1;20.6;7036300;Фрунзенский;Волковское;5;Обводный канал;Витебский Парк ЖК
ПИК;developer;https://spb.cian.ru/sale/flat/290223466/;Санкт-Петербург;sale;flat;12;12;1;21.8;7079942;Фрунзенский;Волковское;5;Обводный канал;Витебский Парк ЖК
Euroinvest Development;developer;https://spb.cian.ru/sale/flat/299037571/;Санкт-Петербург;sale;flat;7;10;-1;22.62;7125300;Выборгский; Курчатова;;Политехническая;iD Polytech
Лидер Групп;developer;https://spb.cian.ru/sale/flat/292855629/;Санкт-Петербург;sale;flat;10;18;1;24.6;7134000;Василеостровский;бульвар Головнина;3к1;Горный институт;Колумб (Гавань Капитанов)
Александр Бекренев;realtor;https://spb.cian.ru/sale/flat/299137228/;Санкт-Петербург;sale;flat;14;18;-1;25.0;7100000;Московский;5-й Предпортовый проезд;2;Московская;Москва
Единый Центр Инвестиций;real_estate_agent;https://spb.cian.ru/sale/flat/289902310/;Санкт-Петербург;sale;flat;4;7;-1;26.6;7185000;Приморский;Приморский проспект;6;;
VEREN GROUP;developer;https://spb.cian.ru/sale/flat/298402725/;Санкт-Петербург;sale;flat;2;3;1;34.0;7220435;Петродворцовый;Красносельское шоссе;22;Проспект Ветеранов;Veren Village Стрельна
Петербургская Недвижимость;representative_developer;https://spb.cian.ru/sale/flat/298769336/;Санкт-Петербург;sale;flat;2;12;1;24.12;7200097;Невский;Невская застава;;Елизаровская;Астра Континенталь ЖК
Группа Аквилон;developer;https://spb.cian.ru/sale/flat/283800939/;Санкт-Петербург;sale;flat;1;13;1;28.88;7153027;Василеостровский;Гавань;;Горный институт;Аквилон Залив ЖК
Лидер Групп;developer;https://spb.cian.ru/sale/flat/296306223/;Санкт-Петербург;sale;flat;17;18;1;28.4;7242000;Василеостровский; Вадима Шефнера;4;Василеостровская;Магеллан (Гавань Капитанов)
City Solutions;developer;https://spb.cian.ru/sale/flat/298163681/;Санкт-Петербург;sale;flat;4;6;1;19.6;7173169;Адмиралтейский;набережная Обводного Канала;118бБ;Балтийская;Обводный, 118
ПИК;developer;https://spb.cian.ru/sale/flat/294724133/;Санкт-Петербург;sale;flat;11;14;1;23.6;7238592;Фрунзенский;Волковское;5;Обводный канал;Витебский Парк ЖК
ПИК;developer;https://spb.cian.ru/sale/flat/277372984/;Санкт-Петербург;sale;flat;2;12;1;22.1;7203384;Фрунзенский;Волковское;4;Обводный канал;Аэронавт ЖК
Группа Аквилон;developer;https://spb.cian.ru/sale/flat/298644027/;Санкт-Петербург;sale;flat;1;13;1;29.83;7249853;Василеостровский;Гавань;;Горный институт;Аквилон Залив ЖК
КВС;developer;https://spb.cian.ru/sale/flat/294622094/;Санкт-Петербург;sale;flat;10;17;1;26.05;7246800;Калининский;Финляндский;;;Квартал бизнес-класса Б15
ВЕРШИНА;real_estate_agent;https://spb.cian.ru/sale/flat/299059285/;Санкт-Петербург;sale;flat;2;5;1;29.3;7200000;Петроградский; Ленина;41;Чкаловская;
Петербургская Недвижимость;representative_developer;https://spb.cian.ru/sale/flat/298634666/;Санкт-Петербург;sale;flat;2;23;1;31.06;7250242;Невский;Невский;;Проспект Большевиков;Пульс Премьер ЖК
Лидер Групп;developer;https://spb.cian.ru/sale/flat/296306218/;Санкт-Петербург;sale;flat;17;18;1;28.6;7293000;Василеостровский; Вадима Шефнера;4;Василеостровская;Магеллан (Гавань Капитанов)
ТРЕНД;real_estate_agent;https://spb.cian.ru/sale/flat/299166705/;Санкт-Петербург;sale;flat;21;25;1;30.1;7250000;Калининский; Богословская;4к3;Лесная;Калейдоскоп
Группа Аквилон;developer;https://spb.cian.ru/sale/flat/298641839/;Санкт-Петербург;sale;flat;2;12;1;30.27;7261591;Московский;Звёздное;;Звездная;Аквилон Ливз 2 ЖК
;;https://spb.cian.ru/sale/flat/294213911/;Санкт-Петербург;sale;flat;2;11;1;23.8;7259000;Московский;Московский проспект;114Б;Московские ворота;е.квартал 
РСТИ;developer;https://spb.cian.ru/sale/flat/284358975/;Санкт-Петербург;sale;flat;4;7;1;21.34;7287625;Калининский;Финляндский;;Выборгская;Master Place
Петербургская Строительная Компания;developer;https://spb.cian.ru/sale/flat/292504134/;Санкт-Петербург;sale;flat;3;14;-1;34.97;7349140;Красногвардейский;Магнитогорская ;51;Ладожская;Ladozhsky AVENIR
;;https://spb.cian.ru/sale/flat/298967970/;Санкт-Петербург;sale;flat;12;18;1;28.5;7300000;Фрунзенский; Салова;61;Бухарестская;Комплекс апартаментов Valo City
Петербургская Недвижимость;representative_developer;https://spb.cian.ru/sale/flat/299626010/;Санкт-Петербург;sale;flat;2;12;1;24.59;7300057;Невский;Невская застава;;Елизаровская;Астра Континенталь ЖК
Группа Аквилон;developer;https://spb.cian.ru/sale/flat/289467124/;Санкт-Петербург;sale;flat;10;12;1;23.53;7334301;Московский;Звёздное;;Звездная;Аквилон Leaves
Сенатор;developer;https://spb.cian.ru/sale/flat/295094651/;Санкт-Петербург;sale;flat;1;8;-1;28.5;7324500;Курортный; Правды;;;Мариоки
;;https://spb.cian.ru/sale/flat/294213907/;Санкт-Петербург;sale;flat;2;11;1;23.61;7319100;Московский;Московская застава;;Московские ворота;Е.волюция ЖК
ПИК;developer;https://spb.cian.ru/sale/flat/288160763/;Санкт-Петербург;sale;flat;2;14;1;24.3;7403359;Фрунзенский;Волковское;1;Обводный канал;Аэронавт ЖК
ПИК;developer;https://spb.cian.ru/sale/flat/299174636/;Санкт-Петербург;sale;flat;12;14;1;25.4;7412736;Фрунзенский;Волковское;5;Обводный канал;Витебский Парк ЖК
ПИК;developer;https://spb.cian.ru/sale/flat/293354156/;Санкт-Петербург;sale;flat;13;13;1;23.6;7403980;Фрунзенский;Волковское;3;Обводный канал;Витебский Парк ЖК
Группа Аквилон;developer;https://spb.cian.ru/sale/flat/298641958/;Санкт-Петербург;sale;flat;9;12;1;28.72;7409186;Московский;Звёздное;;Звездная;Аквилон Ливз 2 ЖК
КВС;developer;https://spb.cian.ru/sale/flat/294621990/;Санкт-Петербург;sale;flat;3;17;1;27.09;7427475;Калининский;Финляндский;;;Квартал бизнес-класса Б15
Euroinvest Development;developer;https://spb.cian.ru/sale/flat/299037552/;Санкт-Петербург;sale;flat;5;10;-1;24.15;7486500;Выборгский; Курчатова;;Политехническая;iD Polytech
GloraX;developer;https://spb.cian.ru/sale/flat/297849115/;Санкт-Петербург;sale;flat;11;15;-1;25.87;7489999;Красногвардейский;переулок Уткин;;;Апарт-отель GloraX Заневский
Группа Аквилон;developer;https://spb.cian.ru/sale/flat/277319794/;Санкт-Петербург;sale;flat;6;12;1;25.37;7471820;Московский;Звёздное;;Звездная;Аквилон Leaves
GloraX;developer;https://spb.cian.ru/sale/flat/279351097/;Санкт-Петербург;sale;flat;2;15;-1;30.1;7489999;Красногвардейский;Малая Охта;;;Глоракс Заневский ЖК
Сенатор;developer;https://spb.cian.ru/sale/flat/295094650/;Санкт-Петербург;sale;flat;1;8;-1;26.6;7498000;Курортный; Правды;;;Мариоки
GloraX;developer;https://spb.cian.ru/sale/flat/288175711/;Санкт-Петербург;sale;flat;2;15;-1;28.96;7579999;Красногвардейский;Малая Охта;;;Глоракс Заневский ЖК
Группа Аквилон;developer;https://spb.cian.ru/sale/flat/298641684/;Санкт-Петербург;sale;flat;1;12;1;27.4;7567291;Московский;Звёздное;;Звездная;Аквилон Ливз 2 ЖК
КВС;developer;https://spb.cian.ru/sale/flat/294622064/;Санкт-Петербург;sale;flat;2;17;1;28.03;7594600;Калининский;Финляндский;;;Квартал бизнес-класса Б15
;;https://spb.cian.ru/sale/flat/295026147/;Санкт-Петербург;sale;flat;2;10;-1;35.2;7585600;Василеостровский; Одоевского;17;Василеостровская;ODOEVSKIJ Apart
Группа Аквилон;developer;https://spb.cian.ru/sale/flat/298641976/;Санкт-Петербург;sale;flat;2;12;1;28.43;7638999;Московский;Звёздное;;Звездная;Аквилон Leaves
ТРЕНД;real_estate_agent;https://spb.cian.ru/sale/flat/298216616/;Санкт-Петербург;sale;flat;8;17;1;25.6;7600000;Приморский;переулок Ипподромный;1к2;Пионерская;Приморский квартал
ПИК;developer;https://spb.cian.ru/sale/flat/275298194/;Санкт-Петербург;sale;flat;2;11;1;26.0;7600320;Фрунзенский;Волковское;3;Обводный канал;Витебский Парк ЖК
Группа Аквилон;developer;https://spb.cian.ru/sale/flat/295360212/;Санкт-Петербург;sale;flat;12;13;1;26.29;7611560;Василеостровский;Гавань;;Горный институт;Аквилон Залив ЖК
ID 100093525;realtor;https://spb.cian.ru/sale/flat/298677646/;Санкт-Петербург;sale;flat;5;7;1;25.0;7625000;Петроградский;Каменноостровский проспект;45;Петроградская;
Петербургская Недвижимость;representative_developer;https://spb.cian.ru/sale/flat/297392471/;Санкт-Петербург;sale;flat;4;12;1;28.91;7650222;Московский;Новоизмайловское;;;Титул в Московском
;;https://spb.cian.ru/sale/flat/295026160/;Санкт-Петербург;sale;flat;4;10;-1;35.9;7736450;Василеостровский; Одоевского;17;Василеостровская;ODOEVSKIJ Apart
Группа Аквилон;developer;https://spb.cian.ru/sale/flat/283801203/;Санкт-Петербург;sale;flat;1;13;1;32.98;7711694;Василеостровский;Гавань;;Горный институт;Аквилон Залив ЖК
Самолет;developer;https://spb.cian.ru/sale/flat/285020664/;Санкт-Петербург;sale;flat;1;11;1;33.34;7711409;Невский; Гудиловская;6к1;Обухово;Живи! в Рыбацком
GloraX;developer;https://spb.cian.ru/sale/flat/279351173/;Санкт-Петербург;sale;flat;4;15;-1;28.38;7749999;Красногвардейский;Малая Охта;;;Глоракс Заневский ЖК
Euroinvest Development;developer;https://spb.cian.ru/sale/flat/299037459/;Санкт-Петербург;sale;flat;3;10;-1;24.75;7672500;Выборгский; Курчатова;;Политехническая;iD Polytech
Группа Аквилон;developer;https://spb.cian.ru/sale/flat/283800943/;Санкт-Петербург;sale;flat;1;13;1;32.19;7673999;Василеостровский;Гавань;;Горный институт;Аквилон Залив ЖК
КВС;developer;https://spb.cian.ru/sale/flat/294621963/;Санкт-Петербург;sale;flat;3;17;1;28.56;7741260;Калининский;Финляндский;;;Квартал бизнес-класса Б15
;;https://spb.cian.ru/sale/flat/297982363/;Санкт-Петербург;sale;flat;10;18;-1;23.2;7830000;Фрунзенский; Салова;61;Бухарестская;Комплекс апартаментов Valo City
Группа Аквилон;developer;https://spb.cian.ru/sale/flat/298642031/;Санкт-Петербург;sale;flat;2;12;1;29.04;7806533;Московский;Звёздное;;Звездная;Аквилон Leaves
Росстройинвест;developer;https://spb.cian.ru/sale/flat/299507651/;Санкт-Петербург;sale;flat;7;22;1;25.37;7821659;Калининский;Финляндский;;Лесная;Беларт ЖК
Росстройинвест;developer;https://spb.cian.ru/sale/flat/299508454/;Санкт-Петербург;sale;flat;13;22;1;25.05;7755582;Калининский;Финляндский;;Лесная;БелАрт
GloraX;developer;https://spb.cian.ru/sale/flat/279351152/;Санкт-Петербург;sale;flat;4;15;-1;32.92;7849999;Красногвардейский;Малая Охта;;;Глоракс Заневский ЖК
GloraX;developer;https://spb.cian.ru/sale/flat/294615775/;Санкт-Петербург;sale;flat;3;15;-1;18.68;7849999;Красногвардейский;переулок Уткин;;;Апарт-отель GloraX Заневский
Группа Аквилон;developer;https://spb.cian.ru/sale/flat/283800936/;Санкт-Петербург;sale;flat;1;13;1;33.53;7773630;Василеостровский;Гавань;;Горный институт;Аквилон Залив ЖК
ПИТЕР ДОМ;real_estate_agent;https://spb.cian.ru/sale/flat/298648611/;Санкт-Петербург;sale;flat;10;19;-1;23.1;7750000;Фрунзенский; Салова;61;Бухарестская;Комплекс апартаментов Valo City
;;https://spb.cian.ru/sale/flat/297982362/;Санкт-Петербург;sale;flat;12;18;1;26.52;7876440;Фрунзенский; Салова;61;Бухарестская;Комплекс апартаментов Valo City
Петербургская Недвижимость;representative_developer;https://spb.cian.ru/sale/flat/298674208/;Санкт-Петербург;sale;flat;4;12;1;25.67;7850001;Невский;Невская застава;;Елизаровская;Астра Континенталь ЖК
Петербургская Строительная Компания;developer;https://spb.cian.ru/sale/flat/279676716/;Санкт-Петербург;sale;flat;9;10;1;27.7;7990000;Московский;Киевская ;5к6;Технологический институт;Апарт-отель Moskovsky AVENIR
Петербургская Строительная Компания;developer;https://spb.cian.ru/sale/flat/279676710/;Санкт-Петербург;sale;flat;9;10;1;27.3;7990000;Московский;Киевская ;5к6;Технологический институт;Апарт-отель Moskovsky AVENIR
Петербургская Недвижимость;representative_developer;https://spb.cian.ru/sale/flat/299493923/;Санкт-Петербург;sale;flat;1;9;1;26.25;7900186;Невский;Невская застава;;Елизаровская;Астра Марин ЖК
;;https://spb.cian.ru/sale/flat/293340260/;Санкт-Петербург;sale;flat;8;18;-1;23.56;7951500;Фрунзенский; Салова;61;Бухарестская;Комплекс апартаментов Valo City
Master-Group Real Estate;representative_developer;https://spb.cian.ru/sale/flat/298864209/;Санкт-Петербург;sale;flat;2;23;1;38.3;7984603;Выборгский;дорога Ольгинская;;Парнас;Прагма city
Росстройинвест;developer;https://spb.cian.ru/sale/flat/299508123/;Санкт-Петербург;sale;flat;12;23;1;23.29;7961000;Калининский;Финляндский;;Выборгская;Беларт ЖК
РосСтройИнвест;developer;https://spb.cian.ru/sale/flat/273646309/;Санкт-Петербург;sale;flat;13;16;1;25.51;7913755;Московский;м. Ленинский проспект;;Ленинский проспект;Cube
;;https://spb.cian.ru/sale/flat/295026151/;Санкт-Петербург;sale;flat;2;10;-1;36.8;7930400;Василеостровский; Одоевского;17;Василеостровская;ODOEVSKIJ Apart
;;https://spb.cian.ru/sale/flat/298022254/;Санкт-Петербург;sale;flat;4;13;1;26.91;8022032;Калининский;Полюстровский проспект;;Лесная;Respect
;;https://spb.cian.ru/sale/flat/298022068/;Санкт-Петербург;sale;flat;3;13;1;23.26;8049742;Калининский;Полюстровский проспект;;Лесная;Respect
GloraX;developer;https://spb.cian.ru/sale/flat/297849119/;Санкт-Петербург;sale;flat;11;15;-1;28.83;8039999;Красногвардейский;переулок Уткин;;;Апарт-отель GloraX Заневский
ПИК;developer;https://spb.cian.ru/sale/flat/292390971/;Санкт-Петербург;sale;flat;4;13;1;22.8;8037054;Выборгский;Сампсониевское;;Лесная;Кантемировская 11 ЖК
ПИК;developer;https://spb.cian.ru/sale/flat/299174610/;Санкт-Петербург;sale;flat;1;13;1;24.7;8031733;Выборгский;Сампсониевское;;Лесная;Кантемировская 11 ЖК
Петербургская Строительная Компания;developer;https://spb.cian.ru/sale/flat/292504048/;Санкт-Петербург;sale;flat;3;14;-1;39.23;8143392;Красногвардейский;Магнитогорская ;51;Площадь Александра Невского;Ladozhsky AVENIR
Росстройинвест;developer;https://spb.cian.ru/sale/flat/299507645/;Санкт-Петербург;sale;flat;5;22;1;28.29;8145841;Калининский;Финляндский;;Лесная;Беларт ЖК
RBI;developer;https://spb.cian.ru/sale/flat/299131648/;Санкт-Петербург;sale;flat;5;14;1;23.6;8115719;Фрунзенский;Волковское;;Волковская;Аэронавт ЖК
ПИК;developer;https://spb.cian.ru/sale/flat/293227169/;Санкт-Петербург;sale;flat;2;14;1;24.9;8063989;Фрунзенский;Волковское;1;Обводный канал;Аэронавт ЖК
Группа Аквилон;developer;https://spb.cian.ru/sale/flat/283801224/;Санкт-Петербург;sale;flat;1;13;1;36.23;8088118;Василеостровский;Гавань;;Горный институт;Аквилон Залив ЖК
Агентство недвижимости Сергея Галлера;real_estate_agent;https://spb.cian.ru/sale/flat/298095241/;Санкт-Петербург;sale;flat;5;14;1;26.0;8100000;Василеостровский;Уральская ;21;Василеостровская;Эмеральд на Малой Неве
ФСК;developer;https://spb.cian.ru/sale/flat/298730064/;Санкт-Петербург;sale;flat;3;13;-1;30.0;8144790;Приморский;Коломяжский проспект;4;Черная речка;Апартаменты Zoom Черная Речка
;;https://spb.cian.ru/sale/flat/298022067/;Санкт-Петербург;sale;flat;3;13;1;23.77;8244782;Калининский;Полюстровский проспект;;Лесная;Respect
Росстройинвест;developer;https://spb.cian.ru/sale/flat/299507519/;Санкт-Петербург;sale;flat;15;23;1;27.19;8239183;Калининский;Финляндский;;Выборгская;Беларт ЖК
ПИК;developer;https://spb.cian.ru/sale/flat/292512764/;Санкт-Петербург;sale;flat;1;13;1;28.3;8191103;Выборгский;Сампсониевское;;Лесная;Кантемировская 11 ЖК
ПИК;developer;https://spb.cian.ru/sale/flat/299174525/;Санкт-Петербург;sale;flat;8;12;1;24.8;8156472;Фрунзенский;Волковское;4;Обводный канал;Аэронавт ЖК
Петербургская Строительная Компания;developer;https://spb.cian.ru/sale/flat/291029374/;Санкт-Петербург;sale;flat;5;10;-1;35.3;8290000;Московский;Киевская ;5к6;Фрунзенская;Апарт-отель Moskovsky AVENIR
Петербургская Строительная Компания;developer;https://spb.cian.ru/sale/flat/293722066/;Санкт-Петербург;sale;flat;5;10;1;36.0;8290000;Московский;Киевская ;5к6;Обводный канал;Апарт-отель Moskovsky AVENIR
ПИК;developer;https://spb.cian.ru/sale/flat/294143903/;Санкт-Петербург;sale;flat;3;13;1;27.4;8274612;Выборгский;Сампсониевское;;Лесная;Кантемировская 11 ЖК
Master-Group Real Estate;representative_developer;https://spb.cian.ru/sale/flat/298864198/;Санкт-Петербург;sale;flat;11;23;1;38.6;8290848;Выборгский;дорога Ольгинская;;Парнас;Прагма city
Росстройинвест;developer;https://spb.cian.ru/sale/flat/299508582/;Санкт-Петербург;sale;flat;6;22;1;27.35;8285686;Калининский;Финляндский;;Лесная;БелАрт
Росстройинвест;developer;https://spb.cian.ru/sale/flat/299508205/;Санкт-Петербург;sale;flat;3;22;1;28.61;8273633;Калининский;Финляндский;;Лесная;БелАрт
Петербургская Строительная Компания;developer;https://spb.cian.ru/sale/flat/279676742/;Санкт-Петербург;sale;flat;9;10;1;30.0;8390000;Московский;Киевская ;5к6;Обводный канал;Апарт-отель Moskovsky AVENIR
Петербургская Строительная Компания;developer;https://spb.cian.ru/sale/flat/296045830/;Санкт-Петербург;sale;flat;4;14;-1;39.9;8303002;Красногвардейский;Магнитогорская ;51;Ладожская;Ladozhsky AVENIR
;;https://spb.cian.ru/sale/flat/298022252/;Санкт-Петербург;sale;flat;4;13;1;30.77;8373022;Калининский;Полюстровский проспект;;Лесная;Respect
Росстройинвест;developer;https://spb.cian.ru/sale/flat/299508349/;Санкт-Петербург;sale;flat;9;22;1;28.29;8339951;Калининский;Финляндский;;Лесная;БелАрт
Росстройинвест;developer;https://spb.cian.ru/sale/flat/299507407/;Санкт-Петербург;sale;flat;14;23;1;24.9;8395999;Калининский;Полюстровский проспект;75;Лесная;БелАрт
Петербургская Недвижимость;representative_developer;https://spb.cian.ru/sale/flat/299178327/;Санкт-Петербург;sale;flat;1;19;1;36.5;8300118;Невский;Дальневосточный проспект;19к1;Проспект Большевиков;Pulse Premier
Лидер Групп;developer;https://spb.cian.ru/sale/flat/294573254/;Санкт-Петербург;sale;flat;12;18;1;28.3;8348500;Василеостровский;бульвар Головнина;3к1;Горный институт;Колумб (Гавань Капитанов)
ПИК;developer;https://spb.cian.ru/sale/flat/287469096/;Санкт-Петербург;sale;flat;11;12;1;23.2;8302468;Фрунзенский;Волковское;4;Обводный канал;Аэронавт ЖК
Петербургская Недвижимость;representative_developer;https://spb.cian.ru/sale/flat/296754152/;Санкт-Петербург;sale;flat;1;9;1;27.83;8350154;Невский;Невская застава;;Елизаровская;Астра Марин ЖК
;;https://spb.cian.ru/sale/flat/298022177/;Санкт-Петербург;sale;flat;5;13;1;26.22;8435630;Калининский;Полюстровский проспект;;Лесная;Respect
Лидер Групп;developer;https://spb.cian.ru/sale/flat/294573248/;Санкт-Петербург;sale;flat;12;18;1;28.5;8407500;Василеостровский;бульвар Головнина;3к1;Горный институт;Колумб (Гавань Капитанов)
Мегалит–Охта Групп;developer;https://spb.cian.ru/sale/flat/297024769/;Санкт-Петербург;sale;flat;3;25;1;23.24;8499966;Приморский;Коломяжский проспект;13к2;Пионерская;Приморский квартал
ПИК;developer;https://spb.cian.ru/sale/flat/277780807/;Санкт-Петербург;sale;flat;8;12;1;24.6;8487738;Василеостровский;Гавань;1;Приморская;Шкиперский 19 ЖК
ПИК;developer;https://spb.cian.ru/sale/flat/293227164/;Санкт-Петербург;sale;flat;2;14;1;29.3;8492458;Фрунзенский;Волковское;1;Обводный канал;Аэронавт ЖК
Росстройинвест;developer;https://spb.cian.ru/sale/flat/299507595/;Санкт-Петербург;sale;flat;6;23;1;29.72;8524325;Калининский;Финляндский;;Выборгская;Беларт ЖК
Петербургская Недвижимость;representative_developer;https://spb.cian.ru/sale/flat/299582558/;Санкт-Петербург;sale;flat;6;19;1;36.0;8500068;Невский;Дальневосточный проспект;19к1;Проспект Большевиков;Pulse Premier
Element Development;developer;https://spb.cian.ru/sale/flat/293123129/;Санкт-Петербург;sale;flat;4;5;-1;24.56;8514903;Курортный; Инструментальщиков;18;Беговая;BEREG.Курортный
ПИК;developer;https://spb.cian.ru/sale/flat/298242940/;Санкт-Петербург;sale;flat;11;12;1;24.0;8530704;Василеостровский;Гавань;1;Приморская;Шкиперский 19 ЖК
Эталон СПБ;developer;https://spb.cian.ru/sale/flat/298657601/;Санкт-Петербург;sale;flat;2;8;1;32.0;8629453;Московский;Черниговская ;11к1;Московские ворота;Квартал Che
Element Development;developer;https://spb.cian.ru/sale/flat/293123103/;Санкт-Петербург;sale;flat;5;5;-1;23.74;8630155;Курортный; Инструментальщиков;18;Беговая;BEREG.Курортный
Лидер Групп;developer;https://spb.cian.ru/sale/flat/295853451/;Санкт-Петербург;sale;flat;12;19;1;26.99;8636800;Московский;Гагаринское;;;Дефанс ЖК
Группа Аквилон;developer;https://spb.cian.ru/sale/flat/298644044/;Санкт-Петербург;sale;flat;2;13;1;36.74;8626793;Василеостровский;Гавань;;Горный институт;Аквилон Залив ЖК
ID 99507323;homeowner;https://spb.cian.ru/sale/flat/299518634/;Санкт-Петербург;sale;flat;6;10;-1;21.5;8550000;Центральный;Херсонский проезд;6;Площадь Александра Невского;Апартаменты VIDI
ПИК;developer;https://spb.cian.ru/sale/flat/296296095/;Санкт-Петербург;sale;flat;4;13;1;29.1;8740224;Выборгский;Сампсониевское;;Лесная;Кантемировская 11 ЖК
;;https://spb.cian.ru/sale/flat/297673108/;Санкт-Петербург;sale;flat;5;13;1;27.95;8697901;Калининский;Полюстровский проспект;;Лесная;Respect
GloraX;developer;https://spb.cian.ru/sale/flat/299606364/;Санкт-Петербург;sale;flat;6;18;1;26.28;8719999;Василеостровский;Морской;;;Глоракс Василеостровский ЖК
Мегалит–Охта Групп;developer;https://spb.cian.ru/sale/flat/297024826/;Санкт-Петербург;sale;flat;20;25;1;29.0;8706118;Приморский;Богатырский проспект;2А;Пионерская;Приморский квартал
ПИК;developer;https://spb.cian.ru/sale/flat/299174524/;Санкт-Петербург;sale;flat;11;12;1;29.6;8714388;Фрунзенский;Волковское;4;Обводный канал;Аэронавт ЖК
Мегалит–Охта Групп;developer;https://spb.cian.ru/sale/flat/297024811/;Санкт-Петербург;sale;flat;19;25;1;30.26;8719832;Приморский;Богатырский проспект;2А;Пионерская;Приморский квартал
;;https://spb.cian.ru/sale/flat/292192711/;Санкт-Петербург;sale;flat;9;10;-1;26.1;8748000;Василеостровский;проспект Малый Васильевского острова;54к2;Горный институт;Авеню на Малом
;;https://spb.cian.ru/sale/flat/295026152/;Санкт-Петербург;sale;flat;2;10;-1;40.4;8706200;Василеостровский; Одоевского;17;Василеостровская;ODOEVSKIJ Apart
Эталон СПБ;developer;https://spb.cian.ru/sale/flat/299132636/;Санкт-Петербург;sale;flat;2;12;1;28.8;8797460;Московский;Черниговская ;17;Московские ворота;Квартал Che
Росстройинвест;developer;https://spb.cian.ru/sale/flat/299507768/;Санкт-Петербург;sale;flat;4;22;1;31.11;8795558;Калининский;Финляндский;;Лесная;Беларт ЖК
Мегалит–Охта Групп;developer;https://spb.cian.ru/sale/flat/297024761/;Санкт-Петербург;sale;flat;2;25;1;28.06;8776159;Приморский;Коломяжский проспект;13к2;Пионерская;Приморский квартал
Мегалит–Охта Групп;developer;https://spb.cian.ru/sale/flat/297024731/;Санкт-Петербург;sale;flat;3;25;1;23.76;8785522;Приморский;Коломяжский проспект;13к2;Пионерская;Приморский квартал
ПИК;developer;https://spb.cian.ru/sale/flat/294724109/;Санкт-Петербург;sale;flat;6;12;1;26.2;8758791;Фрунзенский;Волковское;4;Обводный канал;Аэронавт ЖК
Группа Аквилон;developer;https://spb.cian.ru/sale/flat/295358735/;Санкт-Петербург;sale;flat;1;12;1;31.44;8773862;Московский;Звёздное;;Звездная;Аквилон Ливз 2 ЖК
К-25;developer;https://spb.cian.ru/sale/flat/294913951/;Санкт-Петербург;sale;flat;5;12;-1;39.12;8802000;Приморский;м. Комендантский проспект;;Комендантский проспект;YE'S Primorsky Комплекс Апартаментов
Мегалит–Охта Групп;developer;https://spb.cian.ru/sale/flat/297025118/;Санкт-Петербург;sale;flat;2;19;1;30.92;8804246;Приморский;Коломяжский проспект;13;Пионерская;Приморский квартал
Element Development;developer;https://spb.cian.ru/sale/flat/291779585/;Санкт-Петербург;sale;flat;5;5;-1;22.33;8850418;Курортный; Инструментальщиков;18;Беговая;BEREG.Курортный
Мегалит–Охта Групп;developer;https://spb.cian.ru/sale/flat/297024439/;Санкт-Петербург;sale;flat;14;25;1;29.43;8862762;Приморский;Коломяжский проспект;13к2;Пионерская;Приморский квартал
ПИК;developer;https://spb.cian.ru/sale/flat/294144813/;Санкт-Петербург;sale;flat;4;14;1;29.9;8899286;Фрунзенский;Волковское;1;Обводный канал;Аэронавт ЖК
Петербургская Недвижимость;representative_developer;https://spb.cian.ru/sale/flat/299178342/;Санкт-Петербург;sale;flat;2;9;1;27.03;8800076;Невский;Невская застава;;Елизаровская;Астра Марин ЖК
;;https://spb.cian.ru/sale/flat/295026157/;Санкт-Петербург;sale;flat;3;10;-1;40.9;8813950;Василеостровский; Одоевского;17;Василеостровская;ODOEVSKIJ Apart
;;https://spb.cian.ru/sale/flat/268140002/;Санкт-Петербург;sale;flat;10;10;-1;25.2;8850000;Василеостровский;проспект Малый Васильевского острова;54к2;Горный институт;Авеню на Малом
ID 56180583;unknown;https://spb.cian.ru/sale/flat/298432660/;Санкт-Петербург;sale;flat;10;11;-1;29.8;8870000;Василеостровский;набережная Макарова;60;Приморская;Docklands
Петербургская Строительная Компания;developer;https://spb.cian.ru/sale/flat/292504059/;Санкт-Петербург;sale;flat;3;14;-1;43.33;8994473;Красногвардейский;Магнитогорская ;51;Ладожская;Ladozhsky AVENIR
;;https://spb.cian.ru/sale/flat/298022178/;Санкт-Петербург;sale;flat;5;13;1;30.48;8982792;Калининский;Полюстровский проспект;;Лесная;Respect
Мегалит–Охта Групп;developer;https://spb.cian.ru/sale/flat/297024763/;Санкт-Петербург;sale;flat;2;25;1;26.12;8984475;Приморский;Коломяжский проспект;13к2;Пионерская;Приморский квартал
ПИК;developer;https://spb.cian.ru/sale/flat/299176053/;Санкт-Петербург;sale;flat;9;9;1;20.0;8992040;Адмиралтейский;Измайловское;к 2.1;Балтийская;Лермонтовский 54 ЖК
ПИК;developer;https://spb.cian.ru/sale/flat/277167918/;Санкт-Петербург;sale;flat;2;12;1;28.7;8922801;Василеостровский;Гавань;1;Приморская;Шкиперский 19 ЖК
ТРЕНД;real_estate_agent;https://spb.cian.ru/sale/flat/299341908/;Санкт-Петербург;sale;flat;4;12;1;26.0;8980000;Выборгский;Новолитовская ;12;Лесная;Облака на Лесной
МИР КВАРТИР;real_estate_agent;https://spb.cian.ru/sale/flat/294174720/;Санкт-Петербург;sale;flat;4;10;1;27.8;8990000;Василеостровский;проспект Малый Васильевского острова;63/14;Василеостровская;
Мегалит–Охта Групп;developer;https://spb.cian.ru/sale/flat/297024804/;Санкт-Петербург;sale;flat;24;25;1;31.38;8904617;Приморский;Богатырский проспект;2А;Пионерская;Приморский квартал
;;https://spb.cian.ru/sale/flat/294996567/;Санкт-Петербург;sale;flat;7;18;-1;30.15;9090225;Фрунзенский; Салова;61;Бухарестская;Комплекс апартаментов Valo City
RBI;developer;https://spb.cian.ru/sale/flat/286942198/;Санкт-Петербург;sale;flat;2;16;-1;27.3;9000000;Московский;Московский проспект;103к6Й;Московские ворота;Апарт-отель ARTSTUDIO М103
К-25;developer;https://spb.cian.ru/sale/flat/294913997/;Санкт-Петербург;sale;flat;3;12;-1;39.54;9094200;Приморский;м. Комендантский проспект;;Комендантский проспект;YE'S Primorsky Комплекс Апартаментов
Росстройинвест;developer;https://spb.cian.ru/sale/flat/299507405/;Санкт-Петербург;sale;flat;13;23;1;27.9;9008756;Калининский;Полюстровский проспект;75;Лесная;БелАрт
ПИК;developer;https://spb.cian.ru/sale/flat/295870052/;Санкт-Петербург;sale;flat;9;9;1;20.0;9074760;Адмиралтейский;Измайловское;к 2.2;Балтийская;Лермонтовский 54 ЖК
Эталон СПБ;developer;https://spb.cian.ru/sale/flat/298657656/;Санкт-Петербург;sale;flat;7;12;1;27.1;9124593;Московский;Черниговская ;17;Московские ворота;Квартал Che
Росстройинвест;developer;https://spb.cian.ru/sale/flat/299507873/;Санкт-Петербург;sale;flat;1;23;1;33.3;9127536;Калининский;Финляндский;;Выборгская;Беларт ЖК
Мегалит–Охта Групп;developer;https://spb.cian.ru/sale/flat/297024755/;Санкт-Петербург;sale;flat;2;25;1;25.41;9171724;Приморский;Коломяжский проспект;13к2;Пионерская;Приморский квартал
ПИК;developer;https://spb.cian.ru/sale/flat/299176051/;Санкт-Петербург;sale;flat;2;7;1;23.2;9150636;Адмиралтейский;Измайловское;к 2.1;Балтийская;Лермонтовский 54 ЖК
ПИК;developer;https://spb.cian.ru/sale/flat/298768024/;Санкт-Петербург;sale;flat;6;9;1;21.2;9101117;Адмиралтейский;Измайловское;к 2.2;Балтийская;Лермонтовский 54 ЖК
ПИК;developer;https://spb.cian.ru/sale/flat/292688315/;Санкт-Петербург;sale;flat;2;7;1;24.3;9191620;Адмиралтейский;Измайловское;к 2.2;Балтийская;Лермонтовский 54 ЖК
Росстройинвест;developer;https://spb.cian.ru/sale/flat/299508214/;Санкт-Петербург;sale;flat;4;22;1;30.73;9222496;Калининский;Финляндский;;Лесная;БелАрт
RBI;developer;https://spb.cian.ru/sale/flat/295869994/;Санкт-Петербург;sale;flat;12;16;-1;24.5;9200000;Московский;Московский проспект;103к6Й;Московские ворота;Апарт-отель ARTSTUDIO М103
Лидер Групп;developer;https://spb.cian.ru/sale/flat/295853510/;Санкт-Петербург;sale;flat;13;19;1;29.72;9228060;Московский;Гагаринское;;;Дефанс ЖК
Эталон СПБ;developer;https://spb.cian.ru/sale/flat/298657566/;Санкт-Петербург;sale;flat;7;8;1;27.2;9208761;Московский;Черниговская ;13к2;Московские ворота;Квартал Che
;;https://spb.cian.ru/sale/flat/295026158/;Санкт-Петербург;sale;flat;4;10;-1;42.9;9244950;Василеостровский; Одоевского;17;Василеостровская;ODOEVSKIJ Apart
GloraX;developer;https://spb.cian.ru/sale/flat/299606358/;Санкт-Петербург;sale;flat;3;18;1;29.74;9349999;Василеостровский;Морской;;;Глоракс Василеостровский ЖК
Эталон СПБ;developer;https://spb.cian.ru/sale/flat/298657617/;Санкт-Петербург;sale;flat;4;8;1;24.6;9342997;Московский;Черниговская ;11к1;Московские ворота;Квартал Che
ПИК;developer;https://spb.cian.ru/sale/flat/299176018/;Санкт-Петербург;sale;flat;4;7;1;23.2;9314196;Адмиралтейский;Измайловское;к 2.2;Балтийская;Лермонтовский 54 ЖК
ПРИОРИТЕТ;real_estate_agent;https://spb.cian.ru/sale/flat/295914224/;Санкт-Петербург;sale;flat;18;18;1;30.4;9300000;Калининский; Обручевых;5;Политехническая;Дом на Обручевых
ТРЕНД;real_estate_agent;https://spb.cian.ru/sale/flat/299186864/;Санкт-Петербург;sale;flat;6;11;1;23.4;9250000;Фрунзенский;Лиговский проспект;271;Обводный канал;Ligovsky city-Первый квартал
ПИК;developer;https://spb.cian.ru/sale/flat/277372926/;Санкт-Петербург;sale;flat;9;12;1;27.4;9321343;Фрунзенский;Волковское;4;Обводный канал;Аэронавт ЖК
GloraX;developer;https://spb.cian.ru/sale/flat/299606463/;Санкт-Петербург;sale;flat;6;18;1;29.47;9429999;Василеостровский;Морской;;;Глоракс Василеостровский ЖК
Петербургская Недвижимость;representative_developer;https://spb.cian.ru/sale/flat/292692425/;Санкт-Петербург;sale;flat;3;12;1;29.59;9350070;Выборгский;Светлановское;;Удельная;Панорама парк Сосновка
Element Development;developer;https://spb.cian.ru/sale/flat/293598990/;Санкт-Петербург;sale;flat;4;5;-1;23.32;9380167;Курортный; Инструментальщиков;18;Беговая;BEREG.Курортный
ПИК;developer;https://spb.cian.ru/sale/flat/299176050/;Санкт-Петербург;sale;flat;2;9;1;24.8;9378417;Адмиралтейский;Измайловское;к 2.1;Балтийская;Лермонтовский 54 ЖК
ПИК;developer;https://spb.cian.ru/sale/flat/292688314/;Санкт-Петербург;sale;flat;2;9;1;24.8;9436697;Адмиралтейский;Измайловское;к 2.2;Балтийская;Лермонтовский 54 ЖК
;;https://spb.cian.ru/sale/flat/295026163/;Санкт-Петербург;sale;flat;2;10;-1;43.8;9438900;Василеостровский; Одоевского;17;Василеостровская;ODOEVSKIJ Apart
ЛСР Санкт-Петербург;developer;https://spb.cian.ru/sale/flat/298085164/;Санкт-Петербург;sale;flat;3;9;1;24.1;9505040;Петроградский;Петровский проспект;9к2;Спортивная;Neva Haus
Сенатор;developer;https://spb.cian.ru/sale/flat/289388411/;Санкт-Петербург;sale;flat;6;12;-1;23.7;9544492;Курортный;Приморское шоссе;570Л;;МФК Морская ривьера
АМ;developer;https://spb.cian.ru/sale/flat/296920323/;Санкт-Петербург;sale;flat;2;10;-1;22.7;9534000;Центральный;Херсонский проезд;6;Площадь Александра Невского;Апартаменты VIDI
RBI;developer;https://spb.cian.ru/sale/flat/271710044/;Санкт-Петербург;sale;flat;3;16;-1;26.4;9450000;Московский;Московский проспект;103к6Й;Московские ворота;Апарт-отель ARTSTUDIO М103
АМ;developer;https://spb.cian.ru/sale/flat/299635046/;Санкт-Петербург;sale;flat;9;10;-1;21.2;9648374;Центральный;Херсонский проезд;6;Площадь Александра Невского;Апартаменты VIDI
Петербургская Недвижимость;representative_developer;https://spb.cian.ru/sale/flat/297657365/;Санкт-Петербург;sale;flat;2;12;1;27.46;9550203;Василеостровский;Уральская ;;Василеостровская;Amber Club
PLEADA;representative_developer;https://spb.cian.ru/sale/flat/299640628/;Санкт-Петербург;sale;flat;9;10;-1;20.9;9608900;Центральный;Херсонский проезд;6;Площадь Александра Невского;Апартаменты VIDI
PLEADA;representative_developer;https://spb.cian.ru/sale/flat/299338004/;Санкт-Петербург;sale;flat;2;10;-1;22.9;9618000;Центральный;Херсонский проезд;6;Площадь Александра Невского;Апартаменты VIDI
Эталон СПБ;developer;https://spb.cian.ru/sale/flat/298657620/;Санкт-Петербург;sale;flat;2;8;1;30.4;9625596;Московский;Черниговская ;11к1;Московские ворота;Квартал Che
Эталон СПБ;developer;https://spb.cian.ru/sale/flat/298657816/;Санкт-Петербург;sale;flat;4;12;1;27.8;9582139;Московский;Черниговская ;17;Московские ворота;Квартал Che
;;https://spb.cian.ru/sale/flat/294213912/;Санкт-Петербург;sale;flat;3;11;1;30.43;9646310;Московский;Московский проспект;114Б;Московские ворота;е.квартал 
GloraX;developer;https://spb.cian.ru/sale/flat/279351114/;Санкт-Петербург;sale;flat;3;15;-1;38.97;9739999;Красногвардейский;Малая Охта;;;Глоракс Заневский ЖК
ПИК;developer;https://spb.cian.ru/sale/flat/293408463/;Санкт-Петербург;sale;flat;3;7;1;24.3;9728407;Адмиралтейский;Измайловское;к 2.1;Балтийская;Лермонтовский 54 ЖК
ЛСР Санкт-Петербург;developer;https://spb.cian.ru/sale/flat/298085139/;Санкт-Петербург;sale;flat;5;9;1;26.1;9761400;Петроградский;Петровский проспект;9к2;Спортивная;Neva Haus
Эталон СПБ;developer;https://spb.cian.ru/sale/flat/298657608/;Санкт-Петербург;sale;flat;5;8;1;24.3;9785260;Московский;Черниговская ;11к1;Московские ворота;Квартал Che
АМ;developer;https://spb.cian.ru/sale/flat/296920317/;Санкт-Петербург;sale;flat;2;10;-1;23.6;9912000;Центральный;Херсонский проезд;6;Площадь Александра Невского;Апартаменты VIDI
GloraX;developer;https://spb.cian.ru/sale/flat/299481419/;Санкт-Петербург;sale;flat;3;9;1;26.57;9949999;Адмиралтейский; Шкапина;43-45;Балтийская;GloraX Балтийская
Эталон СПБ;developer;https://spb.cian.ru/sale/flat/298657562/;Санкт-Петербург;sale;flat;6;8;1;27.7;9892327;Московский;Черниговская ;13к2;Московские ворота;Квартал Che
Element Development;developer;https://spb.cian.ru/sale/flat/293123107/;Санкт-Петербург;sale;flat;5;5;-1;29.02;9987915;Курортный; Инструментальщиков;18;Беговая;BEREG.Курортный
Мегалит–Охта Групп;developer;https://spb.cian.ru/sale/flat/297024719/;Санкт-Петербург;sale;flat;16;25;1;27.26;10002645;Приморский;Коломяжский проспект;13к2;Пионерская;Приморский квартал
ПИК;developer;https://spb.cian.ru/sale/flat/290945795/;Санкт-Петербург;sale;flat;3;9;1;27.6;10004006;Адмиралтейский;Измайловское;к 2.2;Балтийская;Лермонтовский 54 ЖК
ФСК;developer;https://spb.cian.ru/sale/flat/298729987/;Санкт-Петербург;sale;flat;3;13;-1;39.13;9990202;Приморский;Коломяжский проспект;4;Черная речка;Апартаменты Zoom Черная Речка
Артур Михалевич;realtor;https://spb.cian.ru/sale/flat/299601643/;Санкт-Петербург;sale;flat;2;8;-1;22.5;9970000;Петроградский;Ремесленная ;17литЗ;Спортивная;17/33 Петровский остров
RBI;developer;https://spb.cian.ru/sale/flat/297604371/;Санкт-Петербург;sale;flat;5;16;-1;34.9;10100000;Московский;Московский проспект;103к6Й;Московские ворота;Апарт-отель ARTSTUDIO М103
RBI;developer;https://spb.cian.ru/sale/flat/297604362/;Санкт-Петербург;sale;flat;5;16;-1;30.4;10100000;Московский;Московский проспект;103к6Й;Московские ворота;Апарт-отель ARTSTUDIO М103
GloraX;developer;https://spb.cian.ru/sale/flat/295950292/;Санкт-Петербург;sale;flat;2;15;-1;30.78;10066873;Красногвардейский;переулок Уткин;;;Апарт-отель GloraX Заневский
Эталон СПБ;developer;https://spb.cian.ru/sale/flat/298657535/;Санкт-Петербург;sale;flat;4;8;1;31.9;10104619;Московский;Черниговская ;13к2;Московские ворота;Квартал Che
PLEADA;representative_developer;https://spb.cian.ru/sale/flat/299640627/;Санкт-Петербург;sale;flat;9;10;-1;22.4;10194509;Центральный;Херсонский проезд;6;Площадь Александра Невского;Апартаменты VIDI
Element Development;developer;https://spb.cian.ru/sale/flat/293123118/;Санкт-Петербург;sale;flat;1;5;-1;25.58;10160069;Курортный; Инструментальщиков;18;Беговая;BEREG.Курортный
К-25;developer;https://spb.cian.ru/sale/flat/294913966/;Санкт-Петербург;sale;flat;5;12;-1;44.16;10156800;Приморский;м. Комендантский проспект;;Комендантский проспект;YE'S Primorsky Комплекс Апартаментов
Эталон СПБ;developer;https://spb.cian.ru/sale/flat/298657818/;Санкт-Петербург;sale;flat;6;12;1;26.0;10204434;Московский;Черниговская ;17;Московские ворота;Квартал Che
ПИК;developer;https://spb.cian.ru/sale/flat/290945865/;Санкт-Петербург;sale;flat;4;9;1;27.6;10177831;Адмиралтейский;Измайловское;к 2.1;Балтийская;Лермонтовский 54 ЖК
Эталон СПБ;developer;https://spb.cian.ru/sale/flat/298655450/;Санкт-Петербург;sale;flat;9;18;1;33.8;10263337;Адмиралтейский;бульвар Измайловский;9;Фрунзенская;Квартал Галактика
RBI;developer;https://spb.cian.ru/sale/flat/299131695/;Санкт-Петербург;sale;flat;9;14;1;25.9;10257029;Фрунзенский;Волковское;;Волковская;Аэронавт ЖК
Эталон СПБ;developer;https://spb.cian.ru/sale/flat/298657541/;Санкт-Петербург;sale;flat;7;8;1;31.4;10371200;Московский;Черниговская ;13к2;Московские ворота;Квартал Che
Эталон СПБ;developer;https://spb.cian.ru/sale/flat/298655458/;Санкт-Петербург;sale;flat;6;18;1;32.0;10529309;Адмиралтейский;бульвар Измайловский;9;Фрунзенская;Квартал Галактика
ЛСР Санкт-Петербург;developer;https://spb.cian.ru/sale/flat/294544841/;Санкт-Петербург;sale;flat;5;8;1;25.19;10542015;Петроградский;Петровский;;Крестовский остров;Нева Резиденс ЖК
Element Development;developer;https://spb.cian.ru/sale/flat/293598859/;Санкт-Петербург;sale;flat;2;5;-1;29.98;10545375;Курортный; Инструментальщиков;18;Беговая;BEREG.Курортный
Эталон СПБ;developer;https://spb.cian.ru/sale/flat/298657963/;Санкт-Петербург;sale;flat;5;8;1;35.9;10536106;Московский;Черниговская ;13к2;Московские ворота;Квартал Che
Петербургская Недвижимость;representative_developer;https://spb.cian.ru/sale/flat/297188064/;Санкт-Петербург;sale;flat;2;10;1;32.1;10544850;Выборгский;Светлановское;;Удельная;Svetlana Park
ТРЕНД;real_estate_agent;https://spb.cian.ru/sale/flat/299376579/;Санкт-Петербург;sale;flat;7;8;1;38.0;10500000;Красносельский;Петергофское шоссе;84к19;;Английская миля
АМ;developer;https://spb.cian.ru/sale/flat/296920318/;Санкт-Петербург;sale;flat;2;10;-1;25.0;10500000;Центральный;Херсонский проезд;6;Площадь Александра Невского;Апартаменты VIDI
АБСОЛЮТ СТРОЙ СЕРВИС;developer;https://spb.cian.ru/sale/flat/299273050/;Санкт-Петербург;sale;flat;10;17;1;34.88;10495392;Выборгский;Большой Сампсониевский проспект;77;Лесная;Георг Ландрин
Петербургская Недвижимость;representative_developer;https://spb.cian.ru/sale/flat/296753822/;Санкт-Петербург;sale;flat;1;10;1;29.7;10558350;Выборгский;Манчестерская ;3к1;Удельная;Svetlana Park
GloraX;developer;https://spb.cian.ru/sale/flat/299481477/;Санкт-Петербург;sale;flat;4;9;1;28.95;10639999;Адмиралтейский; Шкапина;43-45;Балтийская;GloraX Балтийская
Element Development;developer;https://spb.cian.ru/sale/flat/289559413/;Санкт-Петербург;sale;flat;1;5;-1;35.26;10578000;Курортный; Инструментальщиков;18;Беговая;BEREG.Курортный
ПИК;developer;https://spb.cian.ru/sale/flat/274325237/;Санкт-Петербург;sale;flat;2;7;1;23.2;10592145;Адмиралтейский;Измайловское;к1;Балтийская;Лермонтовский 54 ЖК
;;https://spb.cian.ru/sale/flat/293980708/;Санкт-Петербург;sale;flat;4;6;-1;26.57;10588145;Курортный;дорога Таможенная;11к1с4;Беговая;е.квартал 
ID 114153673;homeowner;https://spb.cian.ru/sale/flat/299468449/;Санкт-Петербург;sale;flat;7;14;1;30.9;10550000;Выборгский; Грибалевой;7к3;Лесная;Life Лесная
GloraX;developer;https://spb.cian.ru/sale/flat/299481546/;Санкт-Петербург;sale;flat;6;9;1;29.83;10679999;Адмиралтейский; Шкапина;43-45;Балтийская;GloraX Балтийская
ПИК;developer;https://spb.cian.ru/sale/flat/284669843/;Санкт-Петербург;sale;flat;5;9;1;24.8;10788793;Адмиралтейский;Измайловское;к1;Балтийская;Лермонтовский 54 ЖК
Петербургская Строительная Компания;developer;https://spb.cian.ru/sale/flat/296045824/;Санкт-Петербург;sale;flat;4;14;-1;50.87;10795469;Красногвардейский;Магнитогорская ;51;Ладожская;Ladozhsky AVENIR
ЛСР Санкт-Петербург;developer;https://spb.cian.ru/sale/flat/294544899/;Санкт-Петербург;sale;flat;5;8;1;27.56;10899980;Петроградский;Петровский;;Крестовский остров;Нева Резиденс ЖК
PLEADA;representative_developer;https://spb.cian.ru/sale/flat/299337999/;Санкт-Петербург;sale;flat;2;10;-1;26.4;10824000;Центральный;Херсонский проезд;6;Площадь Александра Невского;Апартаменты VIDI
ПИК;developer;https://spb.cian.ru/sale/flat/289084223/;Санкт-Петербург;sale;flat;11;12;1;28.0;10777956;Василеостровский;Гавань;1;Приморская;Шкиперский 19 ЖК
ПИК;developer;https://spb.cian.ru/sale/flat/275860537/;Санкт-Петербург;sale;flat;2;7;1;24.3;10811118;Адмиралтейский;Измайловское;к1;Балтийская;Лермонтовский 54 ЖК
АМ;developer;https://spb.cian.ru/sale/flat/296920293/;Санкт-Петербург;sale;flat;6;10;-1;26.8;10827950;Центральный;Херсонский проезд;6;Площадь Александра Невского;Апартаменты VIDI
PLEADA;representative_developer;https://spb.cian.ru/sale/flat/299338015/;Санкт-Петербург;sale;flat;2;10;-1;26.7;10947000;Центральный;Херсонский проезд;6;Площадь Александра Невского;Апартаменты VIDI
Эталон СПБ;developer;https://spb.cian.ru/sale/flat/298655486/;Санкт-Петербург;sale;flat;7;18;1;34.7;10984019;Адмиралтейский;бульвар Измайловский;9;Фрунзенская;Квартал Галактика
АМ;developer;https://spb.cian.ru/sale/flat/296920358/;Санкт-Петербург;sale;flat;8;10;-1;25.9;10945444;Центральный;Херсонский проезд;6;Площадь Александра Невского;Апартаменты VIDI
GloraX;developer;https://spb.cian.ru/sale/flat/279352009/;Санкт-Петербург;sale;flat;12;14;1;30.71;10949999;Красногвардейский;проспект Энергетиков;2;;GloraX Заневский
Element Development;developer;https://spb.cian.ru/sale/flat/298008373/;Санкт-Петербург;sale;flat;4;8;-1;20.18;11088900;Петроградский;Петровский;;Чкаловская;17/33 Петровский остров
8 ЭТАЖ;real_estate_agent;https://spb.cian.ru/sale/flat/299046054/;Санкт-Петербург;sale;flat;4;16;-1;39.9;11000000;Московский;Московский проспект;103к6Й;Московские ворота;Апарт-отель ARTSTUDIO М103
ПИК;developer;https://spb.cian.ru/sale/flat/298894723/;Санкт-Петербург;sale;flat;8;9;1;27.4;11098260;Адмиралтейский;Измайловское;к 2.1;Балтийская;Лермонтовский 54 ЖК
ЛСР Санкт-Петербург;developer;https://spb.cian.ru/sale/flat/298366920/;Санкт-Петербург;sale;flat;5;9;1;29.8;11210760;Петроградский;Петровский проспект;9к2;Спортивная;Neva Haus
RBI;developer;https://spb.cian.ru/sale/flat/297604380/;Санкт-Петербург;sale;flat;5;16;-1;39.9;11200008;Московский;Московский проспект;103к6Й;Московские ворота;Апарт-отель ARTSTUDIO М103
RBI;developer;https://spb.cian.ru/sale/flat/273024315/;Санкт-Петербург;sale;flat;3;16;-1;38.7;11200000;Московский;Московский проспект;103к6Й;Московские ворота;Апарт-отель ARTSTUDIO М103
RBI;developer;https://spb.cian.ru/sale/flat/299131719/;Санкт-Петербург;sale;flat;6;14;1;31.2;11265191;Фрунзенский;Волковское;;Волковская;Аэронавт ЖК
GloraX;developer;https://spb.cian.ru/sale/flat/299481550/;Санкт-Петербург;sale;flat;6;9;1;31.62;11269999;Адмиралтейский; Шкапина;43-45;Балтийская;GloraX Балтийская
АМ;developer;https://spb.cian.ru/sale/flat/296920344/;Санкт-Петербург;sale;flat;2;10;-1;27.5;11275000;Центральный;Херсонский проезд;6;Площадь Александра Невского;Апартаменты VIDI
Единый Центр Инвестиций;real_estate_agent;https://spb.cian.ru/sale/flat/289707281/;Санкт-Петербург;sale;flat;6;6;1;31.4;11405000;Василеостровский;Морской;7;Горный институт;GloraX Василеостровский
ЛСР Санкт-Петербург;developer;https://spb.cian.ru/sale/flat/298366965/;Санкт-Петербург;sale;flat;7;9;1;29.1;11316990;Петроградский;Петровский проспект;9к2;Спортивная;Neva Haus
PLEADA;representative_developer;https://spb.cian.ru/sale/flat/299337997/;Санкт-Петербург;sale;flat;2;10;-1;27.7;11357000;Центральный;Херсонский проезд;6;Площадь Александра Невского;Апартаменты VIDI
PLEADA;representative_developer;https://spb.cian.ru/sale/flat/293603725/;Санкт-Петербург;sale;flat;2;8;-1;24.62;11456905;Петроградский;Петровский;;Чкаловская;17/33 Петровский остров
PLEADA;representative_developer;https://spb.cian.ru/sale/flat/293816972/;Санкт-Петербург;sale;flat;2;8;-1;25.59;11520682;Петроградский;Петровский;;Чкаловская;17/33 Петровский остров
PLEADA;representative_developer;https://spb.cian.ru/sale/flat/298008239/;Санкт-Петербург;sale;flat;5;8;-1;21.77;11486299;Петроградский;Петровский;;Чкаловская;17/33 Петровский остров
ПИК;developer;https://spb.cian.ru/sale/flat/296296604/;Санкт-Петербург;sale;flat;6;9;1;27.6;11495786;Адмиралтейский;Измайловское;к1;Балтийская;Лермонтовский 54 ЖК
ФСК;developer;https://spb.cian.ru/sale/flat/298220727/;Санкт-Петербург;sale;flat;1;13;1;36.1;11552902;Приморский;Коломяжский проспект;4;Черная речка;Апартаменты Zoom Черная Речка
ID 95934346;realtor;https://spb.cian.ru/sale/flat/297116332/;Санкт-Петербург;sale;flat;6;11;-1;28.7;11600000;Центральный;Херсонский проезд;6;Площадь Александра Невского;Апартаменты VIDI
PLEADA;representative_developer;https://spb.cian.ru/sale/flat/294555492/;Санкт-Петербург;sale;flat;3;8;-1;27.53;11724119;Петроградский;Петровский;;Чкаловская;17/33 Петровский остров
Element Development;developer;https://spb.cian.ru/sale/flat/285763039/;Санкт-Петербург;sale;flat;3;5;-1;38.85;11654994;Курортный; Инструментальщиков;18;Беговая;BEREG.Курортный
МИР КВАРТИР;real_estate_agent;https://spb.cian.ru/sale/flat/299517776/;Санкт-Петербург;sale;flat;2;4;1;24.5;11900000;Василеостровский;проспект Средний Васильевского острова;83с2;Василеостровская;LOFT NA SREDNEM
PLEADA;representative_developer;https://spb.cian.ru/sale/flat/298137334/;Санкт-Петербург;sale;flat;5;8;-1;24.46;12123440;Петроградский;Петровский;;Чкаловская;17/33 Петровский остров
ЛСР Санкт-Петербург;developer;https://spb.cian.ru/sale/flat/294544916/;Санкт-Петербург;sale;flat;7;8;1;26.94;12001770;Петроградский;Петровский;;Крестовский остров;Нева Резиденс ЖК
Element Development;developer;https://spb.cian.ru/sale/flat/294069340/;Санкт-Петербург;sale;flat;8;8;-1;21.47;12122961;Петроградский;Петровский;;Чкаловская;17/33 Петровский остров
ПИК;developer;https://spb.cian.ru/sale/flat/298894717/;Санкт-Петербург;sale;flat;8;9;1;27.4;12015174;Адмиралтейский;Измайловское;к1;Балтийская;Лермонтовский 54 ЖК
GloraX;developer;https://spb.cian.ru/sale/flat/295839396/;Санкт-Петербург;sale;flat;3;18;1;31.8;12109999;Василеостровский;Морской;;;Глоракс Василеостровский ЖК
PLEADA;representative_developer;https://spb.cian.ru/sale/flat/293816975/;Санкт-Петербург;sale;flat;3;8;-1;22.94;12167980;Петроградский;Петровский;;Чкаловская;17/33 Петровский остров
Element Development;developer;https://spb.cian.ru/sale/flat/298135177/;Санкт-Петербург;sale;flat;4;8;-1;24.65;12176127;Петроградский;Петровский;;Чкаловская;17/33 Петровский остров
GloraX;developer;https://spb.cian.ru/sale/flat/279352033/;Санкт-Петербург;sale;flat;12;14;1;33.79;12219999;Красногвардейский;проспект Энергетиков;2;;GloraX Заневский
GloraX;developer;https://spb.cian.ru/sale/flat/299481516/;Санкт-Петербург;sale;flat;2;9;1;34.34;12369999;Адмиралтейский; Шкапина;43-45;Балтийская;GloraX Балтийская
Element Development;developer;https://spb.cian.ru/sale/flat/293381309/;Санкт-Петербург;sale;flat;5;8;-1;25.69;12343956;Петроградский;Петровский;;Чкаловская;17/33 Петровский остров
GloraX;developer;https://spb.cian.ru/sale/flat/299481518/;Санкт-Петербург;sale;flat;2;9;1;34.72;12439999;Адмиралтейский; Шкапина;43-45;Балтийская;GloraX Балтийская
GloraX;developer;https://spb.cian.ru/sale/flat/295950286/;Санкт-Петербург;sale;flat;2;15;-1;40.59;12425623;Красногвардейский;переулок Уткин;;;Апарт-отель GloraX Заневский
Петербургская Строительная Компания;developer;https://spb.cian.ru/sale/flat/292504112/;Санкт-Петербург;sale;flat;3;14;-1;60.83;12627136;Красногвардейский;Магнитогорская ;51;Ладожская;Ladozhsky AVENIR
GloraX;developer;https://spb.cian.ru/sale/flat/297849130/;Санкт-Петербург;sale;flat;11;15;-1;48.89;12509999;Красногвардейский;переулок Уткин;;;Апарт-отель GloraX Заневский
АМ;developer;https://spb.cian.ru/sale/flat/296920308/;Санкт-Петербург;sale;flat;2;10;-1;30.7;12587000;Центральный;Херсонский проезд;6;Площадь Александра Невского;Апартаменты VIDI
ЛСР Санкт-Петербург;developer;https://spb.cian.ru/sale/flat/294545338/;Санкт-Петербург;sale;flat;7;8;1;26.49;12701955;Петроградский;Петровский;;Чкаловская;Нева Резиденс ЖК
Element Development;developer;https://spb.cian.ru/sale/flat/293292812/;Санкт-Петербург;sale;flat;6;8;-1;21.53;12809069;Петроградский;Петровский;;Чкаловская;17/33 Петровский остров
ЛСР Санкт-Петербург;developer;https://spb.cian.ru/sale/flat/294544861/;Санкт-Петербург;sale;flat;7;8;1;28.87;12803845;Петроградский;Петровский;;Крестовский остров;Нева Резиденс ЖК
Element Development;developer;https://spb.cian.ru/sale/flat/293292807/;Санкт-Петербург;sale;flat;5;8;-1;22.86;13369500;Петроградский;Петровский;;Чкаловская;17/33 Петровский остров
Element Development;developer;https://spb.cian.ru/sale/flat/293381359/;Санкт-Петербург;sale;flat;6;8;-1;27.5;13398784;Петроградский;Петровский;;Чкаловская;17/33 Петровский остров
GloraX;developer;https://spb.cian.ru/sale/flat/295950274/;Санкт-Петербург;sale;flat;2;15;-1;45.25;13358748;Красногвардейский;переулок Уткин;;;Апарт-отель GloraX Заневский
Element Development;developer;https://spb.cian.ru/sale/flat/298008386/;Санкт-Петербург;sale;flat;5;8;-1;24.3;13414183;Петроградский;Петровский;;Чкаловская;17/33 Петровский остров
АМ;developer;https://spb.cian.ru/sale/flat/296920286/;Санкт-Петербург;sale;flat;3;10;-1;34.3;13603298;Центральный;Херсонский проезд;6;Площадь Александра Невского;Апартаменты VIDI
Element Development;developer;https://spb.cian.ru/sale/flat/298135168/;Санкт-Петербург;sale;flat;2;8;-1;33.42;13723990;Петроградский;Петровский;;Чкаловская;17/33 Петровский остров
Element Development;developer;https://spb.cian.ru/sale/flat/294555449/;Санкт-Петербург;sale;flat;4;8;-1;30.07;13942452;Петроградский;Петровский;;Чкаловская;17/33 Петровский остров
PLEADA;representative_developer;https://spb.cian.ru/sale/flat/294555486/;Санкт-Петербург;sale;flat;3;8;-1;31.88;13984194;Петроградский;Петровский;;Чкаловская;17/33 Петровский остров
ЛСР Санкт-Петербург;developer;https://spb.cian.ru/sale/flat/294544980/;Санкт-Петербург;sale;flat;7;8;1;30.79;14024845;Петроградский;Ремесленная ;;Спортивная;Neva Residence
Петербургская Недвижимость;representative_developer;https://spb.cian.ru/sale/flat/299582555/;Санкт-Петербург;sale;flat;2;14;1;51.0;14150307;Невский;Фарфоровская ;7к1;Ломоносовская;Стрижи в Невском 2
Element Development;developer;https://spb.cian.ru/sale/flat/293292767/;Санкт-Петербург;sale;flat;2;8;-1;31.88;14191494;Петроградский;Петровский;;Чкаловская;17/33 Петровский остров
АМ;developer;https://spb.cian.ru/sale/flat/296920311/;Санкт-Петербург;sale;flat;2;10;-1;34.7;14227000;Центральный;Херсонский проезд;6;Площадь Александра Невского;Апартаменты VIDI
Elba;developer;https://spb.cian.ru/sale/flat/297024661/;Санкт-Петербург;sale;flat;10;10;1;36.25;14300000;Фрунзенский;Прилукская ;28к2;Обводный канал;Дом на Прилукской
PLEADA;representative_developer;https://spb.cian.ru/sale/flat/299338034/;Санкт-Петербург;sale;flat;4;10;-1;37.6;14842224;Центральный;Херсонский проезд;6;Площадь Александра Невского;Апартаменты VIDI
АМ;developer;https://spb.cian.ru/sale/flat/296920310/;Санкт-Петербург;sale;flat;2;10;-1;36.4;14924000;Центральный;Херсонский проезд;6;Площадь Александра Невского;Апартаменты VIDI
АМ;developer;https://spb.cian.ru/sale/flat/296920285/;Санкт-Петербург;sale;flat;3;10;-1;38.6;15165261;Центральный;Херсонский проезд;6;Площадь Александра Невского;Апартаменты VIDI
PLEADA;representative_developer;https://spb.cian.ru/sale/flat/293518530/;Санкт-Петербург;sale;flat;8;8;-1;27.29;15317345;Петроградский;Петровский;;Чкаловская;17/33 Петровский остров
PLEADA;representative_developer;https://spb.cian.ru/sale/flat/297319719/;Санкт-Петербург;sale;flat;7;25;1;30.32;15691282;Московский;Алтайская ;39;Московская;Шепилевский
PLEADA;representative_developer;https://spb.cian.ru/sale/flat/294711295/;Санкт-Петербург;sale;flat;2;8;-1;29.82;15633269;Петроградский;Петровский;;Чкаловская;17/33 Петровский остров
Сенатор;developer;https://spb.cian.ru/sale/flat/289388271/;Санкт-Петербург;sale;flat;2;12;-1;48.2;16154712;Курортный;Приморское шоссе;570Л;;МФК Морская ривьера
RBI;developer;https://spb.cian.ru/sale/flat/299131346/;Санкт-Петербург;sale;flat;3;9;1;34.3;16750000;Центральный;Лиговка-Ямская;;Площадь Восстания;Миръ
Сенатор;developer;https://spb.cian.ru/sale/flat/296606507/;Санкт-Петербург;sale;flat;5;12;-1;46.3;17158055;Курортный;Приморское шоссе;570Л;;МФК Морская ривьера
Сенатор;developer;https://spb.cian.ru/sale/flat/290705960/;Санкт-Петербург;sale;flat;10;12;-1;24.7;17331496;Курортный;Приморское шоссе;570Л;;МФК Морская ривьера
Сенатор;developer;https://spb.cian.ru/sale/flat/289388327/;Санкт-Петербург;sale;flat;5;12;-1;46.6;17271684;Курортный;Приморское шоссе;570Л;;МФК Морская ривьера
АМ;developer;https://spb.cian.ru/sale/flat/296920381/;Санкт-Петербург;sale;flat;9;10;-1;38.4;17832960;Центральный;Херсонский проезд;6;Площадь Александра Невского;Апартаменты VIDI
PLEADA;representative_developer;https://spb.cian.ru/sale/flat/293518496/;Санкт-Петербург;sale;flat;8;8;-1;33.87;17956011;Петроградский;Петровский;;Чкаловская;17/33 Петровский остров
ЛСР Санкт-Петербург;developer;https://spb.cian.ru/sale/flat/294545208/;Санкт-Петербург;sale;flat;7;8;1;37.91;18045160;Петроградский;Петровский;;Чкаловская;Нева Резиденс ЖК
ФСК;developer;https://spb.cian.ru/sale/flat/298220731/;Санкт-Петербург;sale;flat;1;13;1;59.36;18406348;Приморский;Коломяжский проспект;4;Черная речка;Апартаменты Zoom Черная Речка
PLEADA;representative_developer;https://spb.cian.ru/sale/flat/298137364/;Санкт-Петербург;sale;flat;4;8;-1;29.33;18955158;Петроградский;Петровский;;Чкаловская;17/33 Петровский остров
Сенатор;developer;https://spb.cian.ru/sale/flat/289388395/;Санкт-Петербург;sale;flat;6;12;-1;49.3;19089995;Курортный;Приморское шоссе;570Л;;МФК Морская ривьера
Element Development;developer;https://spb.cian.ru/sale/flat/298135203/;Санкт-Петербург;sale;flat;5;8;-1;29.07;19227450;Петроградский;Петровский;;Чкаловская;17/33 Петровский остров
PLEADA;representative_developer;https://spb.cian.ru/sale/flat/293518501/;Санкт-Петербург;sale;flat;8;8;-1;32.95;20656932;Петроградский;Петровский;;Чкаловская;17/33 Петровский остров
Element Development;developer;https://spb.cian.ru/sale/flat/293515561/;Санкт-Петербург;sale;flat;3;8;-1;33.58;21786586;Петроградский;Петровский;;Чкаловская;17/33 Петровский остров
Сенатор;developer;https://spb.cian.ru/sale/flat/289388278/;Санкт-Петербург;sale;flat;3;12;-1;64.5;22205633;Курортный;Приморское шоссе;570Л;;МФК Морская ривьера
Сенатор;developer;https://spb.cian.ru/sale/flat/290705992/;Санкт-Петербург;sale;flat;12;12;-1;50.7;35505680;Курортный;Приморское шоссе;570Л;;МФК Морская ривьера
Сенатор;developer;https://spb.cian.ru/sale/flat/290705973/;Санкт-Петербург;sale;flat;11;12;-1;51.5;36077200;Курортный;Приморское шоссе;570Л;;МФК Морская ривьера
Сенатор;developer;https://spb.cian.ru/sale/flat/290705980/;Санкт-Петербург;sale;flat;11;12;-1;96.6;68296640;Курортный;Приморское шоссе;570Л;;МФК Морская ривьера
Сенатор;developer;https://spb.cian.ru/sale/flat/290705979/;Санкт-Петербург;sale;flat;11;12;-1;107.2;75869280;Курортный;Приморское шоссе;570Л;;МФК Морская ривьера
Владис Аврора;real_estate_agent;https://spb.cian.ru/sale/flat/288362894/;Санкт-Петербург;sale;flat;1;5;1;14.0;2660000;Красносельский;Авангардная ;23;Проспект Ветеранов;
Вероника Ревенко;realtor;https://spb.cian.ru/sale/flat/294452552/;Санкт-Петербург;sale;flat;4;4;-1;15.3;2677500;Кировский;Морские ворота;17;Балтийская;
Владис Аврора;real_estate_agent;https://spb.cian.ru/sale/flat/298226514/;Санкт-Петербург;sale;flat;1;3;-1;10.35;2990000;Центральный; Черняховского;32;Лиговский проспект;
Владис Аврора;real_estate_agent;https://spb.cian.ru/sale/flat/284009922/;Санкт-Петербург;sale;flat;1;3;-1;13.2;2990000;Кировский;проспект Стачек;38;Кировский завод;
ТРЕНД;real_estate_agent;https://spb.cian.ru/sale/flat/297048095/;Санкт-Петербург;sale;flat;9;9;1;15.0;3100000;Калининский; Руставели;37;Академическая;
Владис Центральный;real_estate_agent;https://spb.cian.ru/sale/flat/296154760/;Санкт-Петербург;sale;flat;1;4;1;16.5;3200000;Невский; Ткачей;54;Елизаровская;
Экотон;real_estate_agent;https://spb.cian.ru/sale/flat/299136434/;Санкт-Петербург;sale;flat;1;10;1;11.3;3200000;Приморский;проспект Авиаконструкторов;3К1;Комендантский проспект;
ИП Куликов;real_estate_agent;https://spb.cian.ru/sale/flat/299104924/;Санкт-Петербург;sale;flat;1;5;-1;24.5;3280550;Красногвардейский;Челябинская ;37;Гражданский проспект;
ИП Куликов;real_estate_agent;https://spb.cian.ru/sale/flat/299234396/;Санкт-Петербург;sale;flat;1;5;-1;24.3;3253770;Красногвардейский;Челябинская ;37;Гражданский проспект;
Владис Центральный;real_estate_agent;https://spb.cian.ru/sale/flat/296708598/;Санкт-Петербург;sale;flat;2;4;-1;12.0;3260000;Центральный;переулок Апраксин;10;Сенная площадь;
Владис Центральный;real_estate_agent;https://spb.cian.ru/sale/flat/297461156/;Санкт-Петербург;sale;flat;1;9;1;11.1;3300000;Выборгский;Поэтический бульвар;11К1;Проспект Просвещения;
ИП Куликов;real_estate_agent;https://spb.cian.ru/sale/flat/298784529/;Санкт-Петербург;sale;flat;1;5;-1;24.8;3320720;Красногвардейский;Челябинская ;37;Гражданский проспект;
ТРЕНД;real_estate_agent;https://spb.cian.ru/sale/flat/297590968/;Санкт-Петербург;sale;flat;4;4;1;18.74;3350000;Василеостровский;4-я Васильевского острова линия;5;Василеостровская;
Владис Центральный;real_estate_agent;https://spb.cian.ru/sale/flat/296914920/;Санкт-Петербург;sale;flat;1;3;-1;16.0;3350000;Невский;проспект Обуховской обороны;123А;Елизаровская;
ТРЕНД;real_estate_agent;https://spb.cian.ru/sale/flat/295277584/;Санкт-Петербург;sale;flat;15;23;-1;28.5;3400000;Невский;проспект Большевиков;54к2;Ломоносовская;Про.Молодость
Прайд Групп;real_estate_agent;https://spb.cian.ru/sale/flat/298141465/;Санкт-Петербург;sale;flat;16;23;1;20.6;3400000;Красногвардейский;м. Гражданский проспект;;Гражданский проспект;
ТРЕНД;real_estate_agent;https://spb.cian.ru/sale/flat/297590975/;Санкт-Петербург;sale;flat;4;4;1;21.54;3400000;Василеостровский;4-я Васильевского острова линия;5;Василеостровская;
ID 423351;unknown;https://spb.cian.ru/sale/flat/298883384/;Санкт-Петербург;sale;flat;9;9;1;25.19;3430000;Петродворцовый;Михайловская ;51;;Ломоносов
Владис Аврора;real_estate_agent;https://spb.cian.ru/sale/flat/285510881/;Санкт-Петербург;sale;flat;19;24;1;20.8;3490000;Красногвардейский;Полюстрово;25к3;Гражданский проспект;Цветной Город
Владис Северо-Запад;real_estate_agent;https://spb.cian.ru/sale/flat/299009967/;Санкт-Петербург;sale;flat;2;4;1;12.6;3498000;Адмиралтейский;Верейская ;42/8;Пушкинская;
ТРЕНД;real_estate_agent;https://spb.cian.ru/sale/flat/297902679/;Санкт-Петербург;sale;flat;7;26;-1;15.85;3499000;Московский; Орджоникидзе;44;Звездная;Гостиничный комплекс на Орджоникидзе
Владис Центральный;real_estate_agent;https://spb.cian.ru/sale/flat/296781160/;Санкт-Петербург;sale;flat;2;4;1;16.0;3490000;Центральный;Шпалерная ;13;Площадь Ленина;
ТРЕНД;real_estate_agent;https://spb.cian.ru/sale/flat/292846465/;Санкт-Петербург;sale;flat;1;3;1;18.7;3500000;Кировский;переулок Майков;4а;;
Экотон;real_estate_agent;https://spb.cian.ru/sale/flat/296924716/;Санкт-Петербург;sale;flat;3;5;1;18.0;3500000;Невский;бульвар Красных Зорь;10;Ломоносовская;
ТРЕНД;real_estate_agent;https://spb.cian.ru/sale/flat/296647096/;Санкт-Петербург;sale;flat;4;7;1;17.2;3500000;Московский;Московский проспект;186;Парк Победы;
Владис Центральный;real_estate_agent;https://spb.cian.ru/sale/flat/295691390/;Санкт-Петербург;sale;flat;17;22;1;20.7;3550000;Красногвардейский; Пейзажная;26;Гражданский проспект;Цветной Город
ТРЕНД;real_estate_agent;https://spb.cian.ru/sale/flat/297590970/;Санкт-Петербург;sale;flat;4;4;1;19.94;3570000;Василеостровский;4-я Васильевского острова линия;5;Василеостровская;
ТРЕНД;real_estate_agent;https://spb.cian.ru/sale/flat/294769913/;Санкт-Петербург;sale;flat;19;25;1;22.56;3600000;Невский; Русановская;24;Ломоносовская;Аквилон SKY
ТРЕНД;real_estate_agent;https://spb.cian.ru/sale/flat/294089684/;Санкт-Петербург;sale;flat;13;19;1;20.4;3600000;Красногвардейский;Полюстрово;25к2;Гражданский проспект;Цветной Город
Колвэй;real_estate_agent;https://spb.cian.ru/sale/flat/286331204/;Санкт-Петербург;sale;flat;1;9;-1;19.6;3600000;Красногвардейский;Хасанская ;26К1;Проспект Большевиков;
Иван Мальцев;realtor;https://spb.cian.ru/sale/flat/298406704/;Санкт-Петербург;sale;flat;19;24;1;19.0;3600000;Красногвардейский; Пахомовская;26;Девяткино;Цветной Город
Владис Аврора;real_estate_agent;https://spb.cian.ru/sale/flat/297193896/;Санкт-Петербург;sale;flat;2;5;1;17.0;3699000;Центральный;Гороховая ;32;Сенная площадь;
ID 102346125;homeowner;https://spb.cian.ru/sale/flat/292390889/;Санкт-Петербург;sale;flat;9;19;1;20.4;3690000;Красногвардейский;Полюстрово;27к1;;Цветной Город
ТРЕНД;real_estate_agent;https://spb.cian.ru/sale/flat/296395763/;Санкт-Петербург;sale;flat;22;23;1;20.2;3748000;Красногвардейский; Пейзажная;20;Девяткино;Цветной Город
Экотон;real_estate_agent;https://spb.cian.ru/sale/flat/297051641/;Санкт-Петербург;sale;flat;9;26;-1;13.24;3700000;Московский; Орджоникидзе;44;Звездная;Гостиничный комплекс на Орджоникидзе
АЛЕКСАНДР-НЕДВИЖИМОСТЬ;real_estate_agent;https://spb.cian.ru/sale/flat/286669192/;Санкт-Петербург;sale;flat;3;19;1;19.0;3700000;Красногвардейский;м. Гражданский проспект;;Гражданский проспект;Цветной Город
Екатерина Владыка;realtor;https://spb.cian.ru/sale/flat/280815498/;Санкт-Петербург;sale;flat;17;17;1;20.21;3700000;Красногвардейский; Пейзажная;;Девяткино;Цветной Город
Сергей Васильев;realtor;https://spb.cian.ru/sale/flat/298678147/;Санкт-Петербург;sale;flat;6;22;-1;19.5;3700000;Выборгский;проезд Толубеевский;8к2;Парнас;Комплекс апартаментов START
КВС;real_estate_agent;https://spb.cian.ru/sale/flat/292565971/;Санкт-Петербург;sale;flat;16;18;1;20.6;3750000;Красногвардейский;Полюстрово;27к2;Академическая;Цветной Город
ТРЕНД;real_estate_agent;https://spb.cian.ru/sale/flat/294453489/;Санкт-Петербург;sale;flat;1;4;-1;21.9;3750000;Адмиралтейский;набережная Обводного Канала;142/16Б;Нарвская;
Владис Аврора;real_estate_agent;https://spb.cian.ru/sale/flat/299504832/;Санкт-Петербург;sale;flat;21;24;1;24.3;3800000;Невский; Русановская;18к6;Обухово;ЦДС Приневский
ТРЕНД;real_estate_agent;https://spb.cian.ru/sale/flat/296113075/;Санкт-Петербург;sale;flat;15;24;1;20.7;3800000;Красногвардейский; Пейзажная;24к2;Гражданский проспект;Цветной Город
ID 22103284;homeowner;https://spb.cian.ru/sale/flat/297913344/;Санкт-Петербург;sale;flat;3;18;1;19.7;3800000;Красногвардейский;Полюстрово;27к3;Гражданский проспект;Цветной Город
Владис Аврора;real_estate_agent;https://spb.cian.ru/sale/flat/293144046/;Санкт-Петербург;sale;flat;5;18;1;20.0;3850000;Красногвардейский;Полюстрово;27к3;Гражданский проспект;Цветной Город
ТРЕНД;real_estate_agent;https://spb.cian.ru/sale/flat/299644293/;Санкт-Петербург;sale;flat;1;5;1;13.1;3899999;Центральный; Чехова;9;Маяковская;
Колвэй;real_estate_agent;https://spb.cian.ru/sale/flat/298736263/;Санкт-Петербург;sale;flat;3;12;1;29.0;3890000;Колпинский; Севастьянова;28к2;Рыбацкое;Новое Колпино
АЛЕКСАНДР-НЕДВИЖИМОСТЬ;real_estate_agent;https://spb.cian.ru/sale/flat/287827148/;Санкт-Петербург;sale;flat;12;21;1;20.2;3850000;Красногвардейский;Полюстрово;12к1;Девяткино;Цветной Город
ТРЕНД;real_estate_agent;https://spb.cian.ru/sale/flat/297543571/;Санкт-Петербург;sale;flat;13;24;1;21.8;3850000;Красногвардейский;Полюстрово;25к3;Девяткино;Цветной Город
ТРЕНД;real_estate_agent;https://spb.cian.ru/sale/flat/298878358/;Санкт-Петербург;sale;flat;4;16;1;23.1;3900000;Фрунзенский;Загребский бульвар;21;;
ИП Куликов;real_estate_agent;https://spb.cian.ru/sale/flat/299610358/;Санкт-Петербург;sale;flat;1;5;-1;28.8;3915648;Красногвардейский;Челябинская ;37;Ладожская;
ID 57644710;unknown;https://spb.cian.ru/sale/flat/280428734/;Санкт-Петербург;sale;flat;16;24;1;18.6;3900000;Красногвардейский; Пахомовская;26;Гражданский проспект;Цветной Город
Владис Аврора;real_estate_agent;https://spb.cian.ru/sale/flat/298226517/;Санкт-Петербург;sale;flat;1;5;1;11.2;3990000;Центральный; Чайковского;60;Чернышевская;
Владис Аврора;real_estate_agent;https://spb.cian.ru/sale/flat/279883263/;Санкт-Петербург;sale;flat;13;19;-1;24.4;3950000;Невский;Товарищеский проспект;19;Улица Дыбенко;AVENUE APART на Дыбенко
Городское Жилищное Агентство;real_estate_agent;https://spb.cian.ru/sale/flat/295292418/;Санкт-Петербург;sale;flat;16;24;1;27.0;3950000;Невский; Русановская;20к1;Ломоносовская;Аквилон SKY
Владис Северо-Запад;real_estate_agent;https://spb.cian.ru/sale/flat/295933544/;Санкт-Петербург;sale;flat;8;12;1;23.35;3950000;Пушкинский;проспект Старорусский;5к1;Шушары;Chkalov
Владис Северо-Запад;real_estate_agent;https://spb.cian.ru/sale/flat/294573849/;Санкт-Петербург;sale;flat;2;5;1;15.0;3980000;Центральный;Шпалерная ;34;Чернышевская;
АЛЕКСАНДР-НЕДВИЖИМОСТЬ;real_estate_agent;https://spb.cian.ru/sale/flat/279491290/;Санкт-Петербург;sale;flat;5;5;1;16.3;3990000;Центральный;Суворовский проспект;47;Чернышевская;
Владис Аврора;real_estate_agent;https://spb.cian.ru/sale/flat/285798856/;Санкт-Петербург;sale;flat;19;25;1;22.2;4000000;Красногвардейский;Полюстрово;10к1;Академическая;Цветной Город
ТРЕНД;real_estate_agent;https://spb.cian.ru/sale/flat/292271572/;Санкт-Петербург;sale;flat;2;18;-1;30.7;4000000;Невский;Товарищеский проспект;19;Улица Дыбенко;AVENUE APART на Дыбенко
ТРЕНД;real_estate_agent;https://spb.cian.ru/sale/flat/294573455/;Санкт-Петербург;sale;flat;10;23;1;25.5;4000000;Красногвардейский; Чарушинская;24к1;Гражданский проспект;Цветной Город
ТРЕНД;real_estate_agent;https://spb.cian.ru/sale/flat/295141833/;Санкт-Петербург;sale;flat;15;26;-1;14.17;4040835;Московский; Орджоникидзе;44а;Московская;Гостиничный комплекс на Орджоникидзе
ID 12037129;homeowner;https://spb.cian.ru/sale/flat/299036229/;Санкт-Петербург;sale;flat;1;7;-1;12.0;4000000;Адмиралтейский;набережная Обводного Канала;132;Балтийская;
Сергей Васильев;realtor;https://spb.cian.ru/sale/flat/298678644/;Санкт-Петербург;sale;flat;6;22;-1;22.5;4050000;Выборгский;проезд Толубеевский;8к2;Парнас;Комплекс апартаментов START
Антон Смолев;realtor;https://spb.cian.ru/sale/flat/299120023/;Санкт-Петербург;sale;flat;23;24;1;24.8;4100000;Невский; Русановская;20к3;Ломоносовская;Аквилон SKY
АЛЕКСАНДР-НЕДВИЖИМОСТЬ;real_estate_agent;https://spb.cian.ru/sale/flat/284892762/;Санкт-Петербург;sale;flat;2;3;1;20.71;4100000;Выборгский; Первомайская;26;Озерки;
Экотон;real_estate_agent;https://spb.cian.ru/sale/flat/293859883/;Санкт-Петербург;sale;flat;8;11;1;22.0;4100000;Пушкинский;проспект Старорусский;13к1;Купчино;All Inclusive
ТРЕНД;real_estate_agent;https://spb.cian.ru/sale/flat/297670832/;Санкт-Петербург;sale;flat;7;12;1;22.96;4128000;Пушкинский;проспект Старорусский;5к1;Звездная;Chkalov
ID 112231033;homeowner;https://spb.cian.ru/sale/flat/297311083/;Санкт-Петербург;sale;flat;7;23;1;23.0;4100000;Красногвардейский; Чарушинская;24к1;Гражданский проспект;Цветной Город
Этажи Санкт-Петербург;real_estate_agent;https://spb.cian.ru/sale/flat/298727158/;Санкт-Петербург;sale;flat;1;3;1;19.3;4190000;Кировский;переулок Майков;4а;;
CENTURY 21 Capital Petersburg;real_estate_agent;https://spb.cian.ru/sale/flat/298795756/;Санкт-Петербург;sale;flat;18;25;1;19.8;4190000;Приморский;набережная Реки Каменки;21к1;Проспект Просвещения;Заповедный парк
ТРЕНД;real_estate_agent;https://spb.cian.ru/sale/flat/297954250/;Санкт-Петербург;sale;flat;20;20;-1;23.0;4150000;Выборгский;проезд Толубеевский;8к2;Парнас;Комплекс апартаментов START
Никита Кузьменко;realtor;https://spb.cian.ru/sale/flat/298700826/;Санкт-Петербург;sale;flat;5;12;1;23.88;4150000;Пушкинский;Школьная ;;Купчино;Chkalov
Владис Аврора;real_estate_agent;https://spb.cian.ru/sale/flat/296021394/;Санкт-Петербург;sale;flat;17;24;1;21.1;4200000;Красногвардейский; Пейзажная;24к2;Лесная;Цветной Город
АЛЕКСАНДР-НЕДВИЖИМОСТЬ;real_estate_agent;https://spb.cian.ru/sale/flat/287715396/;Санкт-Петербург;sale;flat;3;3;1;23.16;4200000;Выборгский; Первомайская;26;Озерки;
АЛЕКСАНДР-НЕДВИЖИМОСТЬ;real_estate_agent;https://spb.cian.ru/sale/flat/290453206/;Санкт-Петербург;sale;flat;1;6;1;27.0;4200000;Красносельский; Первого Мая;3;Проспект Ветеранов;
ID 77602356;unknown;https://spb.cian.ru/sale/flat/298783339/;Санкт-Петербург;sale;flat;18;23;1;26.7;4200000;Красногвардейский;Полюстрово;8к4;Девяткино;Цветной Город
Владис Центральный;real_estate_agent;https://spb.cian.ru/sale/flat/296738869/;Санкт-Петербург;sale;flat;8;15;1;23.0;4299000;Невский; Русановская;24;Пролетарская;Аквилон SKY
TOP GRADE ESTATE;real_estate_agent;https://spb.cian.ru/sale/flat/298690810/;Санкт-Петербург;sale;flat;19;23;1;21.0;4290000;Красногвардейский; Чарушинская;24к1;Девяткино;Цветной Город
Владис Аврора;real_estate_agent;https://spb.cian.ru/sale/flat/292859314/;Санкт-Петербург;sale;flat;16;25;1;19.4;4300000;Приморский;набережная Реки Каменки;21к1;Проспект Просвещения;
Озерки;real_estate_agent;https://spb.cian.ru/sale/flat/297459991/;Санкт-Петербург;sale;flat;10;15;1;17.0;4300000;Красногвардейский;проспект Энергетиков;24;Новочеркасская;
ТРЕНД;real_estate_agent;https://spb.cian.ru/sale/flat/297590952/;Санкт-Петербург;sale;flat;4;4;1;23.64;4340000;Василеостровский;4-я Васильевского острова линия;5;Василеостровская;
ТРЕНД;real_estate_agent;https://spb.cian.ru/sale/flat/295048650/;Санкт-Петербург;sale;flat;19;24;1;26.6;4300000;Пушкинский;проспект Новгородский;2к1;Купчино;Шушары
Прайд Групп;real_estate_agent;https://spb.cian.ru/sale/flat/295810917/;Санкт-Петербург;sale;flat;16;25;1;22.2;4300000;Красногвардейский;м. Гражданский проспект;;Гражданский проспект;
Владис Центральный;real_estate_agent;https://spb.cian.ru/sale/flat/297470500/;Санкт-Петербург;sale;flat;1;5;1;13.7;4300000;Центральный;Полтавская ;10;Площадь Восстания;
ID 87201643;realtor;https://spb.cian.ru/sale/flat/299666392/;Санкт-Петербург;sale;flat;6;13;1;24.0;4300000;Красносельский;проспект Ветеранов;171к5;Ленинский проспект;Солнечный город
ID 82638420;homeowner;https://spb.cian.ru/sale/flat/298106423/;Санкт-Петербург;sale;flat;21;25;1;24.2;4300000;Невский;проспект Советский;34к2;Рыбацкое;Невские паруса
ID 96229915;realtor;https://spb.cian.ru/sale/flat/299096396/;Санкт-Петербург;sale;flat;10;12;1;23.6;4300000;Красносельский;проспект Ветеранов;171к5;Ленинский проспект;Солнечный город
Владис Центральный;real_estate_agent;https://spb.cian.ru/sale/flat/297415593/;Санкт-Петербург;sale;flat;9;13;1;23.33;4350000;Приморский;Планерная ;87к1;Комендантский проспект;FoRest Аквилон
Иван Мальцев;realtor;https://spb.cian.ru/sale/flat/299422671/;Санкт-Петербург;sale;flat;11;25;1;29.1;4380000;Красногвардейский; Чарушинская;2;Девяткино;Цветной Город
ID 93327170;homeowner;https://spb.cian.ru/sale/flat/299111248/;Санкт-Петербург;sale;flat;2;24;1;27.1;4390000;Невский; Русановская;9;Ломоносовская;Ласточкино гнездо
ТРЕНД;real_estate_agent;https://spb.cian.ru/sale/flat/295219232/;Санкт-Петербург;sale;flat;14;26;-1;15.67;4449134;Московский; Орджоникидзе;44а;Московская;Гостиничный комплекс на Орджоникидзе
НАШ ГОРОД;real_estate_agent;https://spb.cian.ru/sale/flat/297410237/;Санкт-Петербург;sale;flat;3;25;1;19.1;4450000;Приморский;набережная Реки Каменки;19к1;Озерки;
ТРЕНД;real_estate_agent;https://spb.cian.ru/sale/flat/296022724/;Санкт-Петербург;sale;flat;6;12;1;22.2;4450000;Невский;проспект Советский;;Рыбацкое;Живи! в Рыбацком
Самолет Плюс Центр;real_estate_agent;https://spb.cian.ru/sale/flat/294174097/;Санкт-Петербург;sale;flat;16;26;1;29.7;4499000;Выборгский; Архитектора Белова;6к1;;Парнас
ТРЕНД;real_estate_agent;https://spb.cian.ru/sale/flat/298092139/;Санкт-Петербург;sale;flat;3;14;-1;15.0;4500000;Выборгский;Большой Сампсониевский проспект;74к2;Лесная;Апартаменты Vertiсal We&I
Владис Центральный;real_estate_agent;https://spb.cian.ru/sale/flat/296598369/;Санкт-Петербург;sale;flat;4;16;1;24.2;4535000;Невский; Славянская;28;Обухово;Живи! в Рыбацком
Городское Жилищное Агентство;real_estate_agent;https://spb.cian.ru/sale/flat/298804288/;Санкт-Петербург;sale;flat;9;13;1;24.6;4500000;Красносельский;проспект Ветеранов;175;Проспект Ветеранов;Солнечный город
АЛЕКСАНДР-НЕДВИЖИМОСТЬ;real_estate_agent;https://spb.cian.ru/sale/flat/296301804/;Санкт-Петербург;sale;flat;2;5;1;16.45;4524000;Центральный;Манежный переулок;15-17;Чернышевская;
Владис Центральный;real_estate_agent;https://spb.cian.ru/sale/flat/299563800/;Санкт-Петербург;sale;flat;17;27;1;28.7;4549999;Выборгский; Архитектора Белова;6к3;Парнас;Парнас
Владис Аврора;real_estate_agent;https://spb.cian.ru/sale/flat/280186617/;Санкт-Петербург;sale;flat;3;5;1;26.0;4500000;Центральный;Кирочная ;11;Чернышевская;
Экотон;real_estate_agent;https://spb.cian.ru/sale/flat/299044444/;Санкт-Петербург;sale;flat;1;5;1;15.0;4500000;Адмиралтейский;Рузовская ;29;Пушкинская;
АЛЕКСАНДР-НЕДВИЖИМОСТЬ;real_estate_agent;https://spb.cian.ru/sale/flat/275136349/;Санкт-Петербург;sale;flat;14;14;1;26.0;4500000;Выборгский; Тихоокеанская;18к2;Комендантский проспект;в Парголово
Владис Центральный;real_estate_agent;https://spb.cian.ru/sale/flat/298340784/;Санкт-Петербург;sale;flat;7;24;1;23.0;4500000;Пушкинский;переулок Вилеровский;6;;Юнион
ТРЕНД;real_estate_agent;https://spb.cian.ru/sale/flat/292996297/;Санкт-Петербург;sale;flat;5;5;1;26.0;4500000;Адмиралтейский;Садовая ;112-114;Сенная площадь;
Владис Центральный;real_estate_agent;https://spb.cian.ru/sale/flat/297328644/;Санкт-Петербург;sale;flat;9;12;1;23.27;4500000;Приморский;проспект Авиаконструкторов;61;Комендантский проспект;Полис Приморский 2
Владис Центральный;real_estate_agent;https://spb.cian.ru/sale/flat/296570095/;Санкт-Петербург;sale;flat;6;12;1;22.69;4550000;Невский; Гудиловская;6к1;Обухово;Живи! в Рыбацком
Владис Центральный;real_estate_agent;https://spb.cian.ru/sale/flat/299070061/;Санкт-Петербург;sale;flat;1;21;1;27.0;4580000;Приморский;Парашютная ;58;Комендантский проспект;Каменка
Владис Северо-Запад;real_estate_agent;https://spb.cian.ru/sale/flat/298751778/;Санкт-Петербург;sale;flat;1;4;1;21.56;4550000;Центральный;Синопская набережная;32/35;Площадь Восстания;
ТРЕНД;real_estate_agent;https://spb.cian.ru/sale/flat/295326135/;Санкт-Петербург;sale;flat;25;25;1;26.9;4550000;Невский;проспект Советский;36к1;Рыбацкое;Невские паруса
ID 84738749;homeowner;https://spb.cian.ru/sale/flat/280239713/;Санкт-Петербург;sale;flat;2;8;1;24.5;4550000;Красносельский; Генерала Кравченко;7к3;Проспект Ветеранов;Солнечный город
Евгения Морошкина;realtor;https://spb.cian.ru/sale/flat/299385634/;Санкт-Петербург;sale;flat;11;11;1;20.1;4550000;Пушкинский;проспект Старорусский;13к2;Купчино;All Inclusive
СОЮЗ;real_estate_agent;https://spb.cian.ru/sale/flat/288741608/;Санкт-Петербург;sale;flat;2;5;-1;15.7;4580000;Василеостровский;27-я Васильевского острова линия;10к2;Горный институт;
ID 99562123;homeowner;https://spb.cian.ru/sale/flat/299127798/;Санкт-Петербург;sale;flat;12;12;1;23.95;4550000;Красносельский;проспект Ветеранов;171к5;Ленинский проспект;Солнечный город
Владис Аврора;real_estate_agent;https://spb.cian.ru/sale/flat/281157676/;Санкт-Петербург;sale;flat;3;16;1;25.0;4600000;Невский; Славянская;;Ломоносовская;Живи! в Рыбацком
НАШ ГОРОД;real_estate_agent;https://spb.cian.ru/sale/flat/298213132/;Санкт-Петербург;sale;flat;25;27;1;28.2;4600000;Выборгский; Архитектора Белова;6к3;Парнас;Парнас
ТРЕНД;real_estate_agent;https://spb.cian.ru/sale/flat/287733598/;Санкт-Петербург;sale;flat;21;24;1;25.46;4600000;Приморский;шоссе Суздальское;18к4;Проспект Просвещения;Окла
Владис Северо-Запад;real_estate_agent;https://spb.cian.ru/sale/flat/297850837/;Санкт-Петербург;sale;flat;10;12;1;27.5;4600000;Красносельский; Летчика Лихолетова;14к2;Проспект Ветеранов;Солнечный город
ТРЕНД;real_estate_agent;https://spb.cian.ru/sale/flat/297324722/;Санкт-Петербург;sale;flat;3;13;1;24.05;4600000;Приморский;Планерная ;87к1;Комендантский проспект;FoRest Аквилон
ID 83314166;unknown;https://spb.cian.ru/sale/flat/298090734/;Санкт-Петербург;sale;flat;4;5;1;24.3;4600000;Пушкинский; Нины Петровой;6к1;Московская;ЮгТаун. Олимпийские кварталы
Владис Центральный;real_estate_agent;https://spb.cian.ru/sale/flat/298260224/;Санкт-Петербург;sale;flat;2;26;1;21.7;4650000;Приморский;набережная Реки Каменки;21к1;Озерки;
Владис Центральный;real_estate_agent;https://spb.cian.ru/sale/flat/298153934/;Санкт-Петербург;sale;flat;3;25;1;26.2;4690000;Пушкинский; Валдайская;6к2;Купчино;Шушары
ТРЕНД;real_estate_agent;https://spb.cian.ru/sale/flat/296710892/;Санкт-Петербург;sale;flat;3;8;1;21.0;4650000;Василеостровский;12-я Васильевского острова линия;53;Василеостровская;
ТРЕНД;real_estate_agent;https://spb.cian.ru/sale/flat/296513351/;Санкт-Петербург;sale;flat;3;8;1;26.2;4650000;Красносельский;проспект Буденного;21к1;Проспект Ветеранов;Солнечный город
Наталья Терентьева;realtor;https://spb.cian.ru/sale/flat/299436792/;Санкт-Петербург;sale;flat;2;5;1;25.6;4690000;Московский;Пулковское шоссе;99к4;Звездная;Парадный ансамбль
Семейный Риэлтор;real_estate_agent;https://spb.cian.ru/sale/flat/293953297/;Санкт-Петербург;sale;flat;4;6;1;18.6;4700000;Адмиралтейский;набережная Обводного Канала;113;;
ТРЕНД;real_estate_agent;https://spb.cian.ru/sale/flat/297885084/;Санкт-Петербург;sale;flat;2;3;-1;26.5;4716000;Невский;Рыбацкий проспект;18;Рыбацкое;
ТРЕНД;real_estate_agent;https://spb.cian.ru/sale/flat/295676672/;Санкт-Петербург;sale;flat;2;4;1;18.0;4700000;Центральный;Загородный проспект;24;Достоевская;
Владис Аврора;real_estate_agent;https://spb.cian.ru/sale/flat/296705193/;Санкт-Петербург;sale;flat;11;13;1;21.9;4799000;Приморский;проспект Авиаконструкторов;61;Комендантский проспект;Полис Приморский
Владис Центральный;real_estate_agent;https://spb.cian.ru/sale/flat/288276065/;Санкт-Петербург;sale;flat;3;4;1;24.0;4750000;Пушкинский;шоссе Колпинское;129;Шушары;Univer City. Город возможностей
Владис Центральный;real_estate_agent;https://spb.cian.ru/sale/flat/297108112/;Санкт-Петербург;sale;flat;14;19;1;26.0;4750000;Выборгский;Заречная ;13к3;Парнас;На Заречной
ТРЕНД;real_estate_agent;https://spb.cian.ru/sale/flat/297137320/;Санкт-Петербург;sale;flat;21;21;1;21.56;4790000;Невский; Русановская;24;Ломоносовская;Аквилон SKY
ТРЕНД;real_estate_agent;https://spb.cian.ru/sale/flat/296266051/;Санкт-Петербург;sale;flat;16;21;1;22.09;4790000;Невский; Русановская;24;Ломоносовская;Аквилон SKY
ТРЕНД;real_estate_agent;https://spb.cian.ru/sale/flat/290404279/;Санкт-Петербург;sale;flat;17;18;1;21.4;4790000;Невский;Октябрьская набережная;102;Улица Дыбенко;Октябрьская набережная
АЛЕКСАНДР-НЕДВИЖИМОСТЬ;real_estate_agent;https://spb.cian.ru/sale/flat/290510567/;Санкт-Петербург;sale;flat;3;5;1;25.05;4750000;Пушкинский; Архитектора Данини;19к1;Московская;UP-квартал Пушкинский
Владис Центральный;real_estate_agent;https://spb.cian.ru/sale/flat/292048587/;Санкт-Петербург;sale;flat;13;14;1;23.95;4800000;Приморский;Планерная ;87к1;Комендантский проспект;FoRest Аквилон
Владис Центральный;real_estate_agent;https://spb.cian.ru/sale/flat/294248520/;Санкт-Петербург;sale;flat;2;4;1;27.0;4800000;Петродворцовый;;;Проспект Ветеранов;Дворцовый фасад ЖК
Владис Центральный;real_estate_agent;https://spb.cian.ru/sale/flat/297496263/;Санкт-Петербург;sale;flat;10;25;1;19.9;4800000;Приморский;набережная Реки Каменки;19к3;Проспект Просвещения;
Екатерина Лихоносова;realtor;https://spb.cian.ru/sale/flat/297208637/;Санкт-Петербург;sale;flat;4;14;1;24.3;4849999;Приморский;аллея Арцеуловская;19;Комендантский проспект;Чистое небо
Владис Аврора;real_estate_agent;https://spb.cian.ru/sale/flat/284056829/;Санкт-Петербург;sale;flat;3;25;1;25.8;4890000;Приморский;шоссе Суздальское;30к2;Парнас;Орловский парк
Владис Аврора;real_estate_agent;https://spb.cian.ru/sale/flat/296779531/;Санкт-Петербург;sale;flat;2;4;1;24.4;4900000;Пушкинский;шоссе Колпинское;129;Шушары;Univer City. Город возможностей
Владис Центральный;real_estate_agent;https://spb.cian.ru/sale/flat/299611479/;Санкт-Петербург;sale;flat;9;23;1;27.0;4900000;Пушкинский;Школьная ;17;;UP-квартал Московский
Владис Север;real_estate_agent;https://spb.cian.ru/sale/flat/299269825/;Санкт-Петербург;sale;flat;8;16;1;22.1;4900000;Невский; Крыленко;1к1с7;Елизаровская;О Юность
Первое Агентство Недвижимости;real_estate_agent;https://spb.cian.ru/sale/flat/298526498/;Санкт-Петербург;sale;flat;10;14;1;21.35;4900000;Приморский;проспект Авиаконструкторов;61;;Полис Приморский
Владис Центральный;real_estate_agent;https://spb.cian.ru/sale/flat/294629236/;Санкт-Петербург;sale;flat;23;25;1;23.6;4930000;Приморский; Плесецкая;20к2;Комендантский проспект;Полис на Комендантском
ТРЕНД;real_estate_agent;https://spb.cian.ru/sale/flat/290974377/;Санкт-Петербург;sale;flat;4;5;1;32.1;4900000;Московский;Пулковское шоссе;71к3;Звездная;Зеленый квартал
ТРЕНД;real_estate_agent;https://spb.cian.ru/sale/flat/298063471/;Санкт-Петербург;sale;flat;9;25;1;24.5;4900000;Приморский; Верхне-Каменская;11к1;Комендантский проспект;Чистое небо
Владис Центральный;real_estate_agent;https://spb.cian.ru/sale/flat/293952418/;Санкт-Петербург;sale;flat;6;20;1;23.2;4950000;Красносельский; Маршала Казакова;70к1с1;Автово;
Владис Центральный;real_estate_agent;https://spb.cian.ru/sale/flat/298851049/;Санкт-Петербург;sale;flat;4;4;1;25.8;4990000;Пушкинский;шоссе Колпинское;129;Шушары;Univer City. Город возможностей
CityRealty;real_estate_agent;https://spb.cian.ru/sale/flat/298832401/;Санкт-Петербург;sale;flat;2;3;-1;27.7;4999850;Невский;Рыбацкий проспект;18;Рыбацкое;
Самолет Плюс Центр;real_estate_agent;https://spb.cian.ru/sale/flat/297936140/;Санкт-Петербург;sale;flat;15;15;1;23.8;4990000;Московский;Пулковское шоссе;42к6;;ЦДС Московский
Владис Аврора;real_estate_agent;https://spb.cian.ru/sale/flat/289120002/;Санкт-Петербург;sale;flat;5;23;1;30.6;4950000;Невский; Русановская;15к1;Обухово;Ласточкино гнездо
CENTURY 21 Capital Petersburg;real_estate_agent;https://spb.cian.ru/sale/flat/298067338/;Санкт-Петербург;sale;flat;1;3;1;25.9;4990000;Невский;проспект Обуховской обороны;123А;Елизаровская;
Владис Центральный;real_estate_agent;https://spb.cian.ru/sale/flat/296062824/;Санкт-Петербург;sale;flat;1;18;1;27.05;4999000;Приморский;аллея Арцеуловская;15;Комендантский проспект;Чистое небо
Владис Центральный;real_estate_agent;https://spb.cian.ru/sale/flat/295807228/;Санкт-Петербург;sale;flat;13;19;-1;28.4;4950000;Василеостровский;бульвар Александра Грина;1;Василеостровская;
Владис Центральный;real_estate_agent;https://spb.cian.ru/sale/flat/299163627/;Санкт-Петербург;sale;flat;16;16;1;28.0;4950000;Приморский; Плесецкая;10;Комендантский проспект;Полис на Комендантском
СОЮЗ;real_estate_agent;https://spb.cian.ru/sale/flat/299026979/;Санкт-Петербург;sale;flat;1;4;-1;12.4;4990000;Адмиралтейский;Английский проспект;30Б;Балтийская;
ID 51050110;homeowner;https://spb.cian.ru/sale/flat/291271448/;Санкт-Петербург;sale;flat;5;5;1;25.17;4950000;Пушкинский; Архитектора Данини;19к2;Купчино;UP-квартал Пушкинский
Владис Центральный;real_estate_agent;https://spb.cian.ru/sale/flat/299054999/;Санкт-Петербург;sale;flat;18;25;1;29.2;5015000;Приморский;аллея Арцеуловская;21;Комендантский проспект;Чистое небо
Владис Центральный;real_estate_agent;https://spb.cian.ru/sale/flat/297409782/;Санкт-Петербург;sale;flat;20;25;1;21.0;5000000;Выборгский; Шишкина;311;Парнас;Северная долина
ТРЕНД;real_estate_agent;https://spb.cian.ru/sale/flat/293719803/;Санкт-Петербург;sale;flat;6;24;1;26.7;5000000;Выборгский; Архитектора Белова;6к1;Парнас;Парнас
Владис Аврора;real_estate_agent;https://spb.cian.ru/sale/flat/299103462/;Санкт-Петербург;sale;flat;11;19;-1;22.9;5000000;Василеостровский;бульвар Александра Грина;3;Василеостровская;"Светлый мир ""Я-романтик"""
CENTURY 21 Capital Petersburg;real_estate_agent;https://spb.cian.ru/sale/flat/294422779/;Санкт-Петербург;sale;flat;20;20;1;24.0;5000000;Красносельский; Маршала Казакова;70к1с1;Ленинский проспект;
ТРЕНД;real_estate_agent;https://spb.cian.ru/sale/flat/292798336/;Санкт-Петербург;sale;flat;6;14;-1;20.9;5000000;Выборгский;Большой Сампсониевский проспект;74к2;Лесная;Апартаменты Vertiсal We&I
Владис Центральный;real_estate_agent;https://spb.cian.ru/sale/flat/298056111/;Санкт-Петербург;sale;flat;12;12;1;27.0;5000000;Красносельский;проспект Ветеранов;175;Проспект Ветеранов;Солнечный город
Владис Север;real_estate_agent;https://spb.cian.ru/sale/flat/298224865/;Санкт-Петербург;sale;flat;13;16;1;24.9;5050000;Приморский;Комендантский проспект;66к1;Комендантский проспект;Чистое небо
ID 113725108;unknown;https://spb.cian.ru/sale/flat/293803882/;Санкт-Петербург;sale;flat;4;14;1;24.0;5050000;Приморский;аллея Арцеуловская;19;Комендантский проспект;Чистое небо
ТРЕНД;real_estate_agent;https://spb.cian.ru/sale/flat/297452972/;Санкт-Петербург;sale;flat;13;19;1;28.4;5090000;Василеостровский;бульвар Александра Грина;1;;
Владис Центральный;real_estate_agent;https://spb.cian.ru/sale/flat/299558859/;Санкт-Петербург;sale;flat;13;13;1;21.3;5100000;Приморский;проспект Авиаконструкторов;61;Комендантский проспект;Полис Приморский
Владис Аврора;real_estate_agent;https://spb.cian.ru/sale/flat/299134820/;Санкт-Петербург;sale;flat;2;5;1;27.57;5100000;Московский;Пулковское шоссе;71к16;Звездная;Зеленый квартал
АЛЕКСАНДР-НЕДВИЖИМОСТЬ;real_estate_agent;https://spb.cian.ru/sale/flat/279154958/;Санкт-Петербург;sale;flat;3;4;1;24.3;5100000;Красносельский; Владимира Пчелинцева;4;Проспект Ветеранов;Солнечный город. Резиденции
Владис Центральный;real_estate_agent;https://spb.cian.ru/sale/flat/298746009/;Санкт-Петербург;sale;flat;8;12;1;24.7;5100000;Красносельский; Генерала Кравченко;8;Проспект Ветеранов;Солнечный город
Владис Центральный;real_estate_agent;https://spb.cian.ru/sale/flat/298343462/;Санкт-Петербург;sale;flat;9;25;1;28.46;5110000;Приморский;проспект Авиаконструкторов;69;Комендантский проспект;Чистое небо
Владис Центральный;real_estate_agent;https://spb.cian.ru/sale/flat/297885353/;Санкт-Петербург;sale;flat;10;25;1;26.62;5110000;Приморский;проспект Авиаконструкторов;69;Комендантский проспект;Чистое небо
ТРЕНД;real_estate_agent;https://spb.cian.ru/sale/flat/294824502/;Санкт-Петербург;sale;flat;6;15;-1;26.0;5100000;Невский; Крыленко;14с2;Улица Дыбенко;WINGS апартаменты на Крыленко
ТРЕНД;real_estate_agent;https://spb.cian.ru/sale/flat/297806607/;Санкт-Петербург;sale;flat;18;24;1;23.9;5100000;Приморский; Плесецкая;10;Комендантский проспект;Полис на Комендантском
СОЮЗ;real_estate_agent;https://spb.cian.ru/sale/flat/295103684/;Санкт-Петербург;sale;flat;3;5;-1;16.7;5100000;Василеостровский;27-я Васильевского острова линия;10к2;Василеостровская;
THE KEYS;real_estate_agent;https://spb.cian.ru/sale/flat/293755356/;Санкт-Петербург;sale;flat;5;18;1;23.43;5190000;Василеостровский; Вадима Шефнера;4;Приморская;Магеллан (Гавань Капитанов)
NEWдвижимость;real_estate_agent;https://spb.cian.ru/sale/flat/296027142/;Санкт-Петербург;sale;flat;25;26;1;24.57;5150000;Приморский; Верхне-Каменская;11к1с1;Комендантский проспект;Чистое небо
Владис Центральный;real_estate_agent;https://spb.cian.ru/sale/flat/293424624/;Санкт-Петербург;sale;flat;17;25;1;24.1;5150000;Приморский; Верхне-Каменская;7к1;Комендантский проспект;Чистое небо
ТРЕНД;real_estate_agent;https://spb.cian.ru/sale/flat/292571474/;Санкт-Петербург;sale;flat;15;18;-1;29.0;5150000;Василеостровский;бульвар Александра Грина;1;Приморская;
Владис Центральный;real_estate_agent;https://spb.cian.ru/sale/flat/297370259/;Санкт-Петербург;sale;flat;5;5;1;22.5;5155000;Московский; Орбитальная;7к1;Звездная;
Владис Северо-Запад;real_estate_agent;https://spb.cian.ru/sale/flat/297850832/;Санкт-Петербург;sale;flat;20;24;1;27.0;5200000;Приморский; Верхне-Каменская;11к1;Комендантский проспект;Чистое небо
ТРЕНД;real_estate_agent;https://spb.cian.ru/sale/flat/298070903/;Санкт-Петербург;sale;flat;3;4;1;24.3;5200000;Красносельский; Владимира Пчелинцева;4;Проспект Ветеранов;Солнечный город. Резиденции
TOP GRADE ESTATE;real_estate_agent;https://spb.cian.ru/sale/flat/298689217/;Санкт-Петербург;sale;flat;4;5;1;25.4;5200000;Московский;Пулковское шоссе;95к3;Звездная;Парадный ансамбль
Владис Аврора;real_estate_agent;https://spb.cian.ru/sale/flat/282723850/;Санкт-Петербург;sale;flat;7;26;-1;16.75;5250000;Московский; Орджоникидзе;44а;Московская;Гостиничный комплекс на Орджоникидзе
ID 113076269;homeowner;https://spb.cian.ru/sale/flat/298491576/;Санкт-Петербург;sale;flat;10;18;1;24.3;5250000;Невский; Крыленко;1к1с1;Улица Дыбенко;О Юность
Петербургская Недвижимость;real_estate_agent;https://spb.cian.ru/sale/flat/299176522/;Санкт-Петербург;sale;flat;4;4;1;24.34;5300000;Красносельский;Сосновая поляна;;Проспект Ветеранов;Солнечный Город. Резиденции ЖК
Владис Центральный;real_estate_agent;https://spb.cian.ru/sale/flat/297472819/;Санкт-Петербург;sale;flat;3;25;1;25.18;5300000;Приморский;Комендантский проспект;71;Комендантский проспект;Чистое небо
Монополист Недвижимости;real_estate_agent;https://spb.cian.ru/sale/flat/298068179/;Санкт-Петербург;sale;flat;12;18;-1;17.0;5300000;Фрунзенский; Салова;61;Бухарестская;Комплекс апартаментов Valo City
Владис Центральный;real_estate_agent;https://spb.cian.ru/sale/flat/299068214/;Санкт-Петербург;sale;flat;6;25;1;25.62;5300000;Приморский;проспект Авиаконструкторов;69;Комендантский проспект;Чистое небо
АЛЕКСАНДР-НЕДВИЖИМОСТЬ;real_estate_agent;https://spb.cian.ru/sale/flat/280249213/;Санкт-Петербург;sale;flat;7;8;1;23.8;5300000;Красносельский;проспект Ветеранов;185к2;Проспект Ветеранов;Солнечный город
ТРЕНД;real_estate_agent;https://spb.cian.ru/sale/flat/289509495/;Санкт-Петербург;sale;flat;3;25;1;24.69;5300000;Приморский;Коломяги;;Озерки;Френдс ЖК
Владис Центральный;real_estate_agent;https://spb.cian.ru/sale/flat/297048239/;Санкт-Петербург;sale;flat;9;28;1;33.2;5300000;Выборгский; Прокофьева;7к2;Проспект Просвещения;Шуваловский Park
Владис Северо-Запад;real_estate_agent;https://spb.cian.ru/sale/flat/296699218/;Санкт-Петербург;sale;flat;5;14;-1;23.0;5300000;Выборгский;Большой Сампсониевский проспект;74к2;Лесная;Апартаменты Vertiсal We&I
Владис Центральный;real_estate_agent;https://spb.cian.ru/sale/flat/299166160/;Санкт-Петербург;sale;flat;10;25;1;26.0;5300000;Приморский;аллея Арцеуловская;21;Комендантский проспект;Чистое небо
Никита Кузьменко;realtor;https://spb.cian.ru/sale/flat/299541963/;Санкт-Петербург;sale;flat;4;4;1;25.59;5300000;Красносельский;проспект Ветеранов;;Проспект Ветеранов;Солнечный город. Резиденции
ID 84302669;homeowner;https://spb.cian.ru/sale/flat/299416299/;Санкт-Петербург;sale;flat;19;25;1;24.1;5300000;Приморский;Комендантский проспект;66к3;Комендантский проспект;Чистое небо
ТРЕНД;real_estate_agent;https://spb.cian.ru/sale/flat/293901878/;Санкт-Петербург;sale;flat;5;5;1;28.0;5350000;Московский; Орбитальная;11;Звездная;
ТРЕНД;real_estate_agent;https://spb.cian.ru/sale/flat/289226777/;Санкт-Петербург;sale;flat;11;18;1;20.74;5350000;Невский;проспект Советский;;;Живи! в Рыбацком
Владис Центральный;real_estate_agent;https://spb.cian.ru/sale/flat/296087423/;Санкт-Петербург;sale;flat;4;4;1;25.59;5350000;Красносельский;проспект Буденного;13;Проспект Ветеранов;Солнечный город. Резиденции
ТРЕНД;real_estate_agent;https://spb.cian.ru/sale/flat/298136850/;Санкт-Петербург;sale;flat;4;14;-1;23.7;5390000;Выборгский;Политехническая ;6;Площадь Мужества;Like
ТРЕНД;real_estate_agent;https://spb.cian.ru/sale/flat/299294558/;Санкт-Петербург;sale;flat;2;25;1;26.0;5350000;Приморский;проспект Авиаконструкторов;69;Комендантский проспект;Чистое небо
Владис Центральный;real_estate_agent;https://spb.cian.ru/sale/flat/295443052/;Санкт-Петербург;sale;flat;9;28;1;30.0;5390000;Выборгский; Федора Абрамова;23к1;Парнас;Северная долина
TOP GRADE ESTATE;real_estate_agent;https://spb.cian.ru/sale/flat/298689118/;Санкт-Петербург;sale;flat;4;5;1;26.3;5350000;Московский;Пулковское шоссе;95к4;Проспект Ветеранов;Парадный ансамбль
ID 1082032;unknown;https://spb.cian.ru/sale/flat/297988869/;Санкт-Петербург;sale;flat;21;22;-1;25.0;5350000;Московский;Пулковское шоссе;14с6;Звездная;Инвест-отель Salut!
ТРЕНД;real_estate_agent;https://spb.cian.ru/sale/flat/298662192/;Санкт-Петербург;sale;flat;15;18;1;27.0;5400000;Приморский;аллея Арцеуловская;15;Комендантский проспект;Чистое небо
ТРЕНД;real_estate_agent;https://spb.cian.ru/sale/flat/293529072/;Санкт-Петербург;sale;flat;3;26;1;30.0;5400000;Выборгский; Архитектора Белова;9;Парнас;Континенты
Владис Аврора;real_estate_agent;https://spb.cian.ru/sale/flat/294881712/;Санкт-Петербург;sale;flat;11;25;1;26.0;5400000;Приморский; Верхне-Каменская;5;Комендантский проспект;Чистое небо
Владис Центральный;real_estate_agent;https://spb.cian.ru/sale/flat/298367188/;Санкт-Петербург;sale;flat;27;27;1;28.35;5400000;Выборгский;проезд Толубеевский;24;Парнас;Северная долина
ТРЕНД;real_estate_agent;https://spb.cian.ru/sale/flat/292982453/;Санкт-Петербург;sale;flat;16;27;1;24.2;5400000;Выборгский; Николая Рубцова;5к1;Парнас;
Владис Аврора;real_estate_agent;https://spb.cian.ru/sale/flat/285802245/;Санкт-Петербург;sale;flat;13;25;1;25.13;5499000;Приморский;проспект Авиаконструкторов;69;Комендантский проспект;Чистое небо
Владис Центральный;real_estate_agent;https://spb.cian.ru/sale/flat/298804377/;Санкт-Петербург;sale;flat;2;4;1;26.0;5490000;Адмиралтейский;Троицкий проспект;14;Балтийская;
Владис Аврора;real_estate_agent;https://spb.cian.ru/sale/flat/298980162/;Санкт-Петербург;sale;flat;4;11;-1;23.7;5450000;Выборгский;Политехническая ;6;Площадь Мужества;Like
Владис Центральный;real_estate_agent;https://spb.cian.ru/sale/flat/296521395/;Санкт-Петербург;sale;flat;13;25;1;26.37;5550000;Приморский; Верхне-Каменская;11к1с1;Комендантский проспект;Чистое небо
Владис Центральный;real_estate_agent;https://spb.cian.ru/sale/flat/294773914/;Санкт-Петербург;sale;flat;2;6;1;26.0;5550000;Петроградский;проспект Большой Петроградской стороны;7/4;Крестовский остров;
Первое Агентство Недвижимости;real_estate_agent;https://spb.cian.ru/sale/flat/299584211/;Санкт-Петербург;sale;flat;5;6;1;25.0;5500000;Курортный; Строителей;3к2;;Granholm Village
Владис Центральный;real_estate_agent;https://spb.cian.ru/sale/flat/294866919/;Санкт-Петербург;sale;flat;12;25;1;24.2;5550000;Приморский;Комендантский проспект;69;Комендантский проспект;Чистое небо
Владис Аврора;real_estate_agent;https://spb.cian.ru/sale/flat/284906036/;Санкт-Петербург;sale;flat;19;30;-1;26.36;5500000;Московский;Витебский проспект;101к1;Купчино;IN2IT
CityRealty;real_estate_agent;https://spb.cian.ru/sale/flat/296663301/;Санкт-Петербург;sale;flat;2;3;-1;30.7;5526000;Невский;Рыбацкий проспект;18;Рыбацкое;
ТРЕНД;real_estate_agent;https://spb.cian.ru/sale/flat/289530582/;Санкт-Петербург;sale;flat;3;3;-1;27.9;5580000;Невский;Рыбацкий проспект;18;Рыбацкое;
Владис Аврора;real_estate_agent;https://spb.cian.ru/sale/flat/289004645/;Санкт-Петербург;sale;flat;7;26;1;27.0;5500000;Выборгский;Заречная ;11к2;Парнас;Три апельсина
ТРЕНД;real_estate_agent;https://spb.cian.ru/sale/flat/295936665/;Санкт-Петербург;sale;flat;5;18;1;22.0;5500000;Московский; Среднерогатская;16к4;Звездная;4YOU
Владис Центральный;real_estate_agent;https://spb.cian.ru/sale/flat/297119803/;Санкт-Петербург;sale;flat;1;5;1;30.0;5500000;Колпинский;Понтонная ;9к1;;Юттери
АЛЕКСАНДР-НЕДВИЖИМОСТЬ;real_estate_agent;https://spb.cian.ru/sale/flat/286934792/;Санкт-Петербург;sale;flat;9;14;-1;20.7;5500000;Кировский;проспект Стачек;64;Кировский завод;Апарт-отель Putilov AVENIR
ТРЕНД;real_estate_agent;https://spb.cian.ru/sale/flat/291963671/;Санкт-Петербург;sale;flat;6;18;1;26.0;5500000;Василеостровский; Вадима Шефнера;4;Приморская;Магеллан (Гавань Капитанов)
Владис Центральный;real_estate_agent;https://spb.cian.ru/sale/flat/297445703/;Санкт-Петербург;sale;flat;2;27;1;29.85;5540000;Выборгский;Заречная ;45к2;Парнас;Северная долина
ID 96073390;realtor;https://spb.cian.ru/sale/flat/296979347/;Санкт-Петербург;sale;flat;3;3;1;18.44;5500000;Центральный;Суворовский проспект;1/8;Площадь Восстания;
Владис Аврора;real_estate_agent;https://spb.cian.ru/sale/flat/293887671/;Санкт-Петербург;sale;flat;14;25;1;21.14;5649000;Выборгский;Парнас;;Парнас;Континенты ЖК
Владис Центральный;real_estate_agent;https://spb.cian.ru/sale/flat/297743667/;Санкт-Петербург;sale;flat;8;25;1;24.3;5600000;Приморский;аллея Арцеуловская;21;Комендантский проспект;Чистое небо
ТРЕНД;real_estate_agent;https://spb.cian.ru/sale/flat/299641512/;Санкт-Петербург;sale;flat;4;4;1;24.7;5600000;Красносельский;проспект Ветеранов;210;Проспект Ветеранов;Солнечный город. Резиденции
Владис Центральный;real_estate_agent;https://spb.cian.ru/sale/flat/299628126/;Санкт-Петербург;sale;flat;12;25;1;24.3;5600000;Приморский;Комендантский проспект;69;Комендантский проспект;Чистое небо
Владис Центральный;real_estate_agent;https://spb.cian.ru/sale/flat/298057461/;Санкт-Петербург;sale;flat;11;13;1;25.65;5600000;Приморский;Планерная ;97к1;Комендантский проспект;New Time
ТРЕНД;real_estate_agent;https://spb.cian.ru/sale/flat/297590963/;Санкт-Петербург;sale;flat;4;4;1;30.92;5640000;Василеостровский;4-я Васильевского острова линия;5;Василеостровская;
ТРЕНД;real_estate_agent;https://spb.cian.ru/sale/flat/292799558/;Санкт-Петербург;sale;flat;7;11;-1;22.37;5600000;Выборгский;Политехническая ;6;Площадь Мужества;Like
TOP GRADE ESTATE;real_estate_agent;https://spb.cian.ru/sale/flat/298689188/;Санкт-Петербург;sale;flat;3;5;1;28.4;5600000;Московский;Пулковское шоссе;95к4;Проспект Ветеранов;Парадный ансамбль
Владис Центральный;real_estate_agent;https://spb.cian.ru/sale/flat/296612017/;Санкт-Петербург;sale;flat;10;13;-1;24.5;5650000;Невский;Варфоломеевская ;6;Ломоносовская;Апарт-отель Начало
Владис Аврора;real_estate_agent;https://spb.cian.ru/sale/flat/283509182/;Санкт-Петербург;sale;flat;3;6;1;28.0;5650000;Фрунзенский;Днепропетровская ;59;Обводный канал;
Самолет Плюс Центр;real_estate_agent;https://spb.cian.ru/sale/flat/290456237/;Санкт-Петербург;sale;flat;22;24;1;22.0;5650000;Выборгский; Архитектора Белова;9;;Континенты
Никита Кузьменко;realtor;https://spb.cian.ru/sale/flat/298701832/;Санкт-Петербург;sale;flat;8;24;1;22.8;5650000;Кировский;проспект Народного ополчения;149;Проспект Ветеранов;Трилогия
ID 15626602;homeowner;https://spb.cian.ru/sale/flat/298925072/;Санкт-Петербург;sale;flat;6;13;1;29.4;5650000;Приморский;м. Комендантский проспект;;Комендантский проспект;ЦДС Dreamline
Владис Центральный;real_estate_agent;https://spb.cian.ru/sale/flat/295333461/;Санкт-Петербург;sale;flat;5;24;1;30.0;5700000;Выборгский; Михаила Дудина;10;Парнас;Бумеранг
ТРЕНД;real_estate_agent;https://spb.cian.ru/sale/flat/297170185/;Санкт-Петербург;sale;flat;9;12;-1;25.6;5700000;Кировский;Автово;5к1;;Апарт-отель Kirovsky AVENIR
ТРЕНД;real_estate_agent;https://spb.cian.ru/sale/flat/295895938/;Санкт-Петербург;sale;flat;11;24;1;24.4;5700000;Приморский; Плесецкая;10с1;Комендантский проспект;Полис на Комендантском
Светлана Стрижак;realtor;https://spb.cian.ru/sale/flat/293236944/;Санкт-Петербург;sale;flat;8;25;1;27.7;5799000;Приморский;аллея Арцеуловская;19;Комендантский проспект;Чистое небо
Петербургская Недвижимость;real_estate_agent;https://spb.cian.ru/sale/flat/284670522/;Санкт-Петербург;sale;flat;10;12;1;21.36;5800000;Московский;Звёздное;;Звездная;Триумф Парк ЖК
Владис Центральный;real_estate_agent;https://spb.cian.ru/sale/flat/293806538/;Санкт-Петербург;sale;flat;21;23;1;26.9;5810000;Невский;Октябрьская набережная;44;;Полис на Неве
ТРЕНД;real_estate_agent;https://spb.cian.ru/sale/flat/298161714/;Санкт-Петербург;sale;flat;8;21;-1;23.7;5800000;Московский;Витебский проспект;101к2;Купчино;Квартет
Мир Квартир Элит;real_estate_agent;https://spb.cian.ru/sale/flat/284112644/;Санкт-Петербург;sale;flat;12;13;1;29.25;5800000;Приморский;м. Комендантский проспект;;Комендантский проспект;Полис Приморский 2 ЖК
TOP GRADE ESTATE;real_estate_agent;https://spb.cian.ru/sale/flat/298699780/;Санкт-Петербург;sale;flat;13;18;1;23.8;5800000;Василеостровский; Вадима Шефнера;4;Приморская;Магеллан (Гавань Капитанов)
ID 109171592;homeowner;https://spb.cian.ru/sale/flat/294252786/;Санкт-Петербург;sale;flat;10;19;1;22.0;5800000;Василеостровский; Вадима Шефнера;10к1;Приморская;"Светлый мир ""Я-романтик"""
Владис Центральный;real_estate_agent;https://spb.cian.ru/sale/flat/297878632/;Санкт-Петербург;sale;flat;8;13;1;24.0;5880000;Приморский;Планерная ;87к1;Комендантский проспект;FoRest Аквилон
Первое Агентство Недвижимости;real_estate_agent;https://spb.cian.ru/sale/flat/295813264/;Санкт-Петербург;sale;flat;15;18;1;27.0;5870000;Приморский; Верхне-Каменская;11к1с1;;Чистое небо
Владис Центральный;real_estate_agent;https://spb.cian.ru/sale/flat/297697529/;Санкт-Петербург;sale;flat;20;24;1;25.2;5850000;Приморский;проспект Королева;57к1;Комендантский проспект;Граффити
Первое Агентство Недвижимости;real_estate_agent;https://spb.cian.ru/sale/flat/299591762/;Санкт-Петербург;sale;flat;5;24;1;21.98;5850000;Красносельский;Юго-Запад;;;Морская миля ЖК
Владис Центральный;real_estate_agent;https://spb.cian.ru/sale/flat/299519152/;Санкт-Петербург;sale;flat;18;19;1;29.1;5850000;Выборгский; Михаила Дудина;12;Парнас;Паркола
Самолет Плюс Центр;real_estate_agent;https://spb.cian.ru/sale/flat/296126120/;Санкт-Петербург;sale;flat;13;20;1;19.8;5850000;Василеостровский;бульвар Головнина;10;;"Светлый мир ""Я-романтик"""
Владис Центральный;real_estate_agent;https://spb.cian.ru/sale/flat/297316966/;Санкт-Петербург;sale;flat;14;25;1;27.0;5890000;Приморский;аллея Арцеуловская;21;Комендантский проспект;Чистое небо
ТРЕНД;real_estate_agent;https://spb.cian.ru/sale/flat/295935724/;Санкт-Петербург;sale;flat;16;17;1;26.7;5850000;Приморский; Верхне-Каменская;11к1;Комендантский проспект;Чистое небо
Владис Центральный;real_estate_agent;https://spb.cian.ru/sale/flat/298783399/;Санкт-Петербург;sale;flat;6;19;1;25.6;5850000;Приморский;проспект Королева;69;Комендантский проспект;Каменка
ID 97757833;homeowner;https://spb.cian.ru/sale/flat/295995211/;Санкт-Петербург;sale;flat;21;21;1;28.6;5850000;Красносельский;проспект Героев;27к1;Ленинский проспект;Огни Залива
ID 13866355;homeowner;https://spb.cian.ru/sale/flat/285914634/;Санкт-Петербург;sale;flat;15;15;1;26.0;5850000;Выборгский;Сиреневый бульвар;9;Проспект Просвещения;
Владис Аврора;real_estate_agent;https://spb.cian.ru/sale/flat/298755288/;Санкт-Петербург;sale;flat;9;18;-1;24.6;5950000;Фрунзенский; Салова;61;Бухарестская;Комплекс апартаментов Valo City
Петербургская Недвижимость;real_estate_agent;https://spb.cian.ru/sale/flat/291895364/;Санкт-Петербург;sale;flat;6;13;1;21.35;5900000;Василеостровский;Гавань;;Приморская;Аквилон Залив ЖК
Владис Центральный;real_estate_agent;https://spb.cian.ru/sale/flat/296565925/;Санкт-Петербург;sale;flat;16;18;1;26.75;5980000;Приморский; Верхне-Каменская;11к1;Комендантский проспект;Чистое небо
Жилфонд - Калининский;real_estate_agent;https://spb.cian.ru/sale/flat/292050811/;Санкт-Петербург;sale;flat;1;4;1;24.6;5900000;Красносельский;проспект Ветеранов;196;Проспект Ветеранов;Солнечный город. Резиденции
CENTURY 21 Capital Petersburg;real_estate_agent;https://spb.cian.ru/sale/flat/293304958/;Санкт-Петербург;sale;flat;7;16;1;22.15;5900000;Калининский;проспект Маршала Блюхера;7к1;Лесная;Медалист
Константин Михайловер;realtor;https://spb.cian.ru/sale/flat/294392962/;Санкт-Петербург;sale;flat;3;15;1;19.73;5900000;Московский;м. Ленинский проспект;;Ленинский проспект;Cube
ID 84751803;realtor;https://spb.cian.ru/sale/flat/299188543/;Санкт-Петербург;sale;flat;5;18;-1;19.3;5990000;Фрунзенский; Салова;61;Бухарестская;Комплекс апартаментов Valo City
ТРЕНД;real_estate_agent;https://spb.cian.ru/sale/flat/289345663/;Санкт-Петербург;sale;flat;10;22;-1;26.2;6000000;Московский;Пулковское шоссе;14с6;Звездная;Инвест-отель Salut!
ТРЕНД;real_estate_agent;https://spb.cian.ru/sale/flat/291883006/;Санкт-Петербург;sale;flat;5;11;1;25.0;6000000;Приморский; Плесецкая;16;Комендантский проспект;Чистое небо
Татьяна Афанасьева;realtor;https://spb.cian.ru/sale/flat/298964435/;Санкт-Петербург;sale;flat;4;18;1;22.9;6000000;Невский;Октябрьская набережная;40;;Цивилизация на Неве
ID 10176892;unknown;https://spb.cian.ru/sale/flat/298684136/;Санкт-Петербург;sale;flat;6;23;1;25.0;6090000;Калининский;Кондратьевский проспект;68к4;Лесная;Полюстрово Парк
ID 24594776;homeowner;https://spb.cian.ru/sale/flat/298924485/;Санкт-Петербург;sale;flat;2;25;1;22.52;6090000;Красносельский; Маршала Казакова;21к3;Автово;Морская миля
Владис Центральный;real_estate_agent;https://spb.cian.ru/sale/flat/287614607/;Санкт-Петербург;sale;flat;3;15;1;28.83;6100000;Приморский; Плесецкая;26;Комендантский проспект;ЦДС Dreamline
ТРЕНД;real_estate_agent;https://spb.cian.ru/sale/flat/294175360/;Санкт-Петербург;sale;flat;8;18;1;28.29;6100000;Василеостровский; Вадима Шефнера;4;Приморская;Магеллан (Гавань Капитанов)
Никита Кузьменко;realtor;https://spb.cian.ru/sale/flat/297215984/;Санкт-Петербург;sale;flat;5;19;1;26.2;6100000;Московский;5-й Предпортовый проезд;12к2;Звездная;Парус
ID 100926401;homeowner;https://spb.cian.ru/sale/flat/298527434/;Санкт-Петербург;sale;flat;15;25;1;26.0;6150000;Приморский;Парашютная ;36к1;Комендантский проспект;UP-квартал Комендантский
ID 90335842;homeowner;https://spb.cian.ru/sale/flat/296719458/;Санкт-Петербург;sale;flat;4;17;1;27.2;6150000;Приморский;Богатырский проспект;58к3;Комендантский проспект;
Владис Центральный;real_estate_agent;https://spb.cian.ru/sale/flat/297129863/;Санкт-Петербург;sale;flat;7;25;1;26.7;6200000;Приморский;Камышовая ;38к1;Комендантский проспект;
Вадим Слободов;realtor;https://spb.cian.ru/sale/flat/292334931/;Санкт-Петербург;sale;flat;11;15;1;26.26;6200000;Невский;Октябрьская набережная;34к4;Проспект Большевиков;Pulse на набережной
CityRealty;real_estate_agent;https://spb.cian.ru/sale/flat/298832417/;Санкт-Петербург;sale;flat;2;3;-1;28.4;6248000;Невский;Рыбацкий проспект;18;Рыбацкое;
Владис Центральный;real_estate_agent;https://spb.cian.ru/sale/flat/297090351/;Санкт-Петербург;sale;flat;4;24;1;25.0;6230000;Приморский;проспект Королева;59к2;Комендантский проспект;Граффити
ТВОЁ ПРОСТРАНСТВО;real_estate_agent;https://spb.cian.ru/sale/flat/270914954/;Санкт-Петербург;sale;flat;10;13;1;23.55;6200000;Василеостровский;бульвар Головнина;;Горный институт;Аквилон ZALIVE
PRO.Flat;real_estate_agent;https://spb.cian.ru/sale/flat/294164416/;Санкт-Петербург;sale;flat;8;16;-1;28.5;6150000;Выборгский; Хошимина;16;Проспект Просвещения;YES
МАКРОМИР НЕДВИЖИМОСТЬ;real_estate_agent;https://spb.cian.ru/sale/flat/298100864/;Санкт-Петербург;sale;flat;12;25;1;31.2;6200000;Приморский;Полевая Сабировская ;47к1;Пионерская;Богатырь
ID 77021873;homeowner;https://spb.cian.ru/sale/flat/299127926/;Санкт-Петербург;sale;flat;13;15;1;23.9;5950000;Невский;Союзный проспект;4;Проспект Большевиков;RIO
Этажи Санкт-Петербург;real_estate_agent;https://spb.cian.ru/sale/flat/298806561/;Санкт-Петербург;sale;flat;6;23;1;30.4;6150000;Невский; Русановская;16к3;Ломоносовская;ЦДС Приневский
ЮСОН;real_estate_agent;https://spb.cian.ru/sale/flat/293101780/;Санкт-Петербург;sale;flat;9;18;1;42.6;6150000;Красносельский;шоссе Красносельское;54к1;Проспект Ветеранов;Дудергофская линия 3
Запстрой недвижимость;real_estate_agent;https://spb.cian.ru/sale/flat/286917962/;Санкт-Петербург;sale;flat;7;13;1;29.5;6150000;Приморский;Планерная ;97к2;;New Time
